date,open,high,low,close,volume
2015-12-21,23.08528017677429,23.286916455738208,22.96667139936799,23.12086296081543,3729200.0
2015-12-22,23.16039767446529,23.52017844761293,23.12481489434333,23.437150955200195,3435600.0
2015-12-23,23.642736532438576,23.887861475314168,23.58738588484009,23.84832572937012,2371000.0
2015-12-24,23.804842527084432,23.93531324193837,23.721816531191457,23.79298210144043,1767400.0
2015-12-28,23.709947519033047,23.887859872032365,23.64668942485304,23.875999450683597,2805200.0
2015-12-29,24.026243280928583,24.18043482518601,23.923447912628788,24.093454360961918,2389000.0
2015-12-30,24.05786784954893,24.140895328972796,23.88786142758354,23.927398681640625,1866400.0
2015-12-31,23.7811166534337,23.93926115866076,23.662506389273204,23.682275772094727,2051600.0
2016-01-04,23.24342767632008,23.397619247436523,23.01016307924346,23.397619247436523,4948400.0
2016-01-05,23.3936650182134,23.57553343233541,23.22366004663067,23.365989685058597,4100000.0
2016-01-06,23.06155239856129,23.17225368979372,22.91131385460871,23.010154724121094,3727400.0
2016-01-07,22.583166836681084,22.93108720274066,22.50804830086273,22.618749618530277,4706000.0
2016-01-08,22.800614925569217,22.848059636887086,22.381530532940364,22.421066284179688,4460600.0
2016-01-11,22.543629938828666,22.65037827895972,22.24710727452869,22.567352294921875,4023600.0
2016-01-12,22.784803457195768,22.90736520131965,22.543631432937044,22.852014541625977,4745000.0
2016-01-13,23.057605682564272,23.263194941353856,22.40525512086285,22.50014305114746,5607400.0
2016-01-14,22.5436303086796,22.88759618261684,22.341994049059902,22.66223907470703,5418800.0
2016-01-15,22.148268094830904,22.547584649951467,22.092917434536208,22.381532669067383,6893600.0
2016-01-19,22.567349996968705,22.642468521326432,22.183846907569983,22.33408546447754,5529800.0
2016-01-20,21.922906650853594,22.211521828480592,21.57498634420797,21.96244239807129,5915800.0
2016-01-21,22.037568396350093,22.32222917141746,21.883375320789344,22.069196701049805,4844800.0
2016-01-22,22.42501787856005,22.66223537185522,22.35780530027146,22.642467498779297,4387200.0
2016-01-25,22.630612819652026,22.784804380243028,22.314320737402102,22.357810974121094,6298600.0
2016-01-26,22.54757943783893,22.855963986782456,22.51199666327591,22.741308212280277,3178800.0
2016-01-27,22.69782149424542,23.037834390789293,22.5001397179471,22.71363639831543,5026800.0
2016-01-28,22.8875926343972,23.12481163786874,22.6978183365352,23.053646087646484,4236800.0
2016-01-29,22.923179211279564,22.9666694445384,22.35780919529932,22.915271759033203,10378400.0
2016-02-01,22.67805131505253,22.757124319179592,22.2629199286256,22.341991424560547,11286200.0
2016-02-02,22.428979359172704,23.17621640555613,22.03757019592072,22.64642906188965,10005600.0
2016-02-03,23.08923244223653,23.259238893213016,22.171989106275703,22.66223907470703,5113400.0
2016-02-04,22.59107122771917,22.9745743236581,22.519905673664685,22.93899154663086,4558400.0
2016-02-05,22.919231761147508,23.1248210445083,22.796668484088386,23.01411819458008,4573000.0
2016-02-08,22.689915470322315,23.010160511031152,22.55153882148092,22.931087493896484,5247000.0
2016-02-09,22.73735270003924,23.07341255746871,22.55548586417404,22.90340614318848,5561200.0
2016-02-10,23.049691788800367,23.271095892137943,22.70572596549068,22.729448318481445,4456800.0
2016-02-11,22.14409480849999,22.53831538600245,21.996759952596847,22.140111923217773,6858400.0
2016-02-12,22.50646000552102,22.84891522818269,22.40292625405204,22.82104110717773,5266200.0
2016-02-16,23.135614893093337,23.23914861862156,22.836962369418163,23.14756202697754,5149000.0
2016-02-17,23.39445799945314,23.641343769183933,23.37454812623752,23.521883010864254,4410400.0
2016-02-18,23.58956764542148,23.657261487290345,23.41834007960285,23.557710647583008,4157200.0
2016-02-19,23.486030722295418,23.633365519665823,23.31082181512588,23.62141990661621,5427200.0
2016-02-22,23.816543931170525,23.91609477293746,23.6652262263577,23.772741317749023,4279000.0
2016-02-23,23.748855377954488,23.804603622283608,23.59355626331602,23.641340255737305,3166400.0
2016-02-24,23.38648556358877,23.820527331535217,23.27897046301208,23.74486923217773,3366200.0
2016-02-25,23.78070864765579,24.031575707704715,23.55373282054933,24.02361297607422,3433400.0
2016-02-26,24.12316092790977,24.19881902149921,23.90016649345228,23.959896087646484,4168000.0
2016-02-29,23.96388501572477,24.067417249854177,23.70107078552246,23.70107078552246,4156400.0
2016-03-01,23.86034666255058,24.35411953996192,23.86034666255058,24.31828117370605,4925600.0
2016-03-02,24.298375210694527,24.46960281930633,24.20280571231966,24.45367431640625,4220200.0
2016-03-03,24.39394621838085,24.441731733013345,24.190863097783176,24.28244972229004,5213600.0
2016-03-04,24.38199006151758,24.437738285469013,24.16695989568333,24.30234909057617,4131400.0
2016-03-07,24.12316081808673,24.2824412542381,24.03953695615506,24.11121368408203,5011600.0
2016-03-08,23.93600941686364,24.12316552284361,23.621428329500667,23.916099548339844,5889800.0
2016-03-09,24.063425064086918,24.198814244167327,23.756808346874656,24.063425064086918,5052800.0
2016-03-10,24.103253734137954,24.290409837003047,23.8404395245314,24.03954124450684,3811600.0
2016-03-11,24.33819277551872,24.82798280326577,24.274480288633544,24.796127319335938,4915000.0
2016-03-14,24.624900124357872,24.72046961574436,24.493492263579643,24.54924201965332,4130000.0
2016-03-15,24.38199542099164,24.55322301449487,24.310318683291428,24.50942039489746,3628800.0
2016-03-16,24.46960131767422,24.935498606218548,24.389960327086783,24.87178611755371,5395000.0
2016-03-17,24.82002411077757,25.397417952566204,24.63286798552082,25.24211883544922,5627600.0
2016-03-18,25.34963251939581,25.465111888804028,25.09079965955334,25.29388427734375,7765000.0
2016-03-21,25.18636904893953,25.35759665964805,25.134602173393176,25.198314666748047,3012400.0
2016-03-22,25.11070394112864,25.377499458018843,25.027080082692315,25.22220039367676,3564000.0
2016-03-23,25.269986888689488,25.35360923643325,25.16247179057948,25.246095657348636,3846800.0
2016-03-24,25.050978085100223,25.062923702085897,24.824002248219134,24.96735572814941,3489000.0
2016-03-28,25.003198802509274,25.2500845538268,25.003198802509274,25.15053367614746,3133200.0
2016-03-29,25.05893838404637,25.226183071571786,24.947441925696104,25.15848922729492,3275200.0
2016-03-30,25.285912040969595,25.616421541660817,25.246092314656885,25.377498626708984,3131600.0
2016-03-31,25.377504862191927,25.47307435545999,25.118673539511725,25.14256477355957,4653000.0
2016-04-01,25.08681181513783,25.5527090197154,25.019117972705303,25.53280067443848,4427000.0
2016-04-04,25.5407679472399,25.54475083222384,25.26998949130262,25.32175636291504,3706000.0
2016-04-05,25.170435322704417,25.524836088387943,25.170435322704417,25.373519897460938,4477000.0
2016-04-06,25.36953831473249,25.457143549046112,25.17840086452357,25.349628448486328,3248000.0
2016-04-07,25.15848970303884,25.33768152807978,24.923549647768567,25.08681297302246,3537800.0
2016-04-08,25.27794732674234,25.52085008322033,25.266001712873383,25.449174880981445,4624600.0
2016-04-11,25.492982182383617,25.72792378522991,25.45316244710235,25.500947952270508,4294000.0
2016-04-12,25.59253539623721,26.122146734594104,25.516878803651476,26.09427261352539,7111000.0
2016-04-13,26.25753550078538,26.460617065429688,26.181875875887823,26.460617065429688,4878800.0
2016-04-14,26.599988797660423,26.81103611724134,26.548220410407893,26.66768264770508,5067000.0
2016-04-15,26.643788405017634,26.771213359313297,26.54025468026161,26.631839752197266,4408200.0
2016-04-18,26.57211820627516,26.79909405681415,26.448673067875845,26.76325416564941,4058200.0
2016-04-19,26.77918203283169,26.93049825024814,26.747325027675213,26.902624130249023,5338200.0
2016-04-20,26.986244478302208,27.20127469000016,26.930496242460254,27.09774398803711,5629200.0
2016-04-21,26.89863644221669,27.10968372326865,26.81501106854484,26.838905334472656,3930600.0
2016-04-22,26.88271860152189,27.141551478989467,26.854844478597787,27.04598045349121,5285200.0
2016-04-25,26.93447580687447,27.077829263667347,26.7632482355969,27.026063919067383,3827800.0
2016-04-26,27.093765494328714,27.34861548178207,26.97828611906837,27.077836990356445,5450200.0
2016-04-27,27.038014066029533,27.66319334258876,27.006157061835797,27.60346221923828,6161600.0
2016-04-28,27.49992696371157,27.714957173128244,27.380467761625177,27.480018615722656,5512000.0
2016-04-29,27.40435922671507,27.563641202231324,27.28489698556513,27.46409034729004,6065400.0
2016-05-02,27.264981277958068,27.59549075628322,27.21321290300945,27.527793884277344,4545800.0
2016-05-03,27.38444784050641,27.49196446515156,27.181366283822907,27.46409034729004,5691200.0
2016-05-04,27.3247231230706,27.380471365659137,27.085798611346743,27.24906349182129,4295200.0
2016-05-05,27.26897762006105,27.468079374466125,27.24110349596641,27.340654373168945,3943200.0
2016-05-06,27.24507984104333,27.44020172267273,27.15349474710007,27.41630744934082,3201600.0
2016-05-09,27.336656910107948,27.468064727074257,27.23312320237237,27.332674026489254,2941400.0
2016-05-10,27.245080653281317,27.57160737673995,27.1694240599534,27.54771614074707,3834200.0
2016-05-11,27.372510225892285,27.595506272024565,27.29685361989465,27.380475997924805,3017800.0
2016-05-12,27.55965434554393,27.651242455632875,27.384443893921883,27.57159996032715,5062000.0
2016-05-13,27.52381765634094,27.75079345265321,27.39639270118406,27.424266815185547,3847000.0
2016-05-16,27.464325607413947,27.752749596143328,27.424267399256063,27.648595809936523,6213400.0
2016-05-17,27.65260535714109,27.70067704556188,27.344153761116655,27.416259765625,4350200.0
2016-05-18,27.40424316406057,27.796817930608874,27.34014757819797,27.640588760375977,6059800.0
2016-05-19,27.576486980641864,27.62455865924158,27.248004817489804,27.4803466796875,4867000.0
2016-05-20,27.512398108658108,27.580497370175056,27.41225105716419,27.53242874145508,5036200.0
2016-05-23,27.42827520110937,27.500381201089287,27.32812814870645,27.44029235839844,3666000.0
2016-05-24,27.55245579144564,27.961057465229395,27.55245579144564,27.86091041564941,6480000.0
2016-05-25,28.021144941958745,28.07722704861026,27.925004624305515,27.98108673095703,3288600.0
2016-05-26,27.949039759304025,28.001118185754564,27.70067701006245,27.71269416809082,4594600.0
2016-05-27,27.74072118455677,27.86490249633789,27.7086734085345,27.86490249633789,3820600.0
2016-05-31,27.904979103293787,27.98509553120113,27.6005311760034,27.824859619140625,5246800.0
2016-06-01,27.644596544025493,27.8408839347229,27.540442741182723,27.804832458496094,3584600.0
2016-06-02,27.73272525371074,27.87693420864424,27.628571455360024,27.8729305267334,5340200.0
2016-06-03,27.62856701556188,27.77678268483429,27.45230723994578,27.688655853271484,3917000.0
2016-06-06,27.78479706662296,27.961056847991337,27.58850970952793,27.78079032897949,3224400.0
2016-06-07,27.85690714965683,27.937023576807373,27.728719032468494,27.7647705078125,3398000.0
2016-06-08,27.73272999464134,28.02515774890137,27.67664481959874,28.001123428344727,3619400.0
2016-06-09,27.860909928579044,27.953043501084498,27.740732248685877,27.920995712280277,3085400.0
2016-06-10,27.62456261553729,27.78079177305464,27.56047009113695,27.620555877685547,3019200.0
2016-06-13,27.55246134589617,27.668632313577938,27.356173944897478,27.388221740722656,3708800.0
2016-06-14,27.35617681892573,27.480358220487226,27.280064059906053,27.364187240600582,3077400.0
2016-06-15,27.444297662014467,27.53242755252268,27.28406177529457,27.30409240722656,2997400.0
2016-06-16,27.09578662761924,27.56848084373512,27.00765673128899,27.56447410583496,2840200.0
2016-06-17,27.552450782527742,27.67663212343276,27.45631048815757,27.55645751953125,4496600.0
2016-06-20,27.94102964054814,28.12529986354277,27.91298858609778,27.95304679870605,3710000.0
2016-06-21,28.0612090878036,28.28954427580678,27.993106760244405,28.26150321960449,4021800.0
2016-06-22,28.31759210855808,28.465807845562164,28.26150998273275,28.37767791748047,4025600.0
2016-06-23,28.682114362892083,28.83033309638669,28.545915842582502,28.750213623046875,4539200.0
2016-06-24,27.51240520893865,28.23746907087734,27.46433351156707,27.744747161865234,7990200.0
2016-06-27,27.42026214656209,27.47634425226944,26.89148582400315,26.97160530090332,7116600.0
2016-06-28,27.36818080067315,27.684645788750245,27.16788673654169,27.58049201965332,4928000.0
2016-06-29,27.72871511731777,28.08924510108181,27.6686262773162,28.07322120666504,3987600.0
2016-06-30,28.117281635031294,28.91044441564024,28.041168912840934,28.90644073486328,5148400.0
2016-07-01,28.9184669351141,29.16682969574528,28.84636092739148,29.042648315429688,3694800.0
2016-07-05,28.818321049879337,28.84235536802065,28.553931325341093,28.642061233520508,4164000.0
2016-07-06,28.54991784822465,28.93047844769823,28.51386637952196,28.92647171020508,4582600.0
2016-07-07,28.902433187194124,28.90643992410357,28.44976666001495,28.610002517700195,3914800.0
2016-07-08,28.94649978606513,29.14679385560787,28.80629454863421,29.038633346557617,3451600.0
2016-07-11,29.042641564321904,29.266969955647888,29.042641564321904,29.10673713684082,3766000.0
2016-07-12,29.258966550394877,29.455253939853957,29.24294265342432,29.32305908203125,2976600.0
2016-07-13,29.387152237699823,29.483292555320308,29.28700518210686,29.355104446411133,3799800.0
2016-07-14,29.6435274470844,29.68759239454592,29.523349761962887,29.52334976196289,4770800.0
2016-07-15,29.615483034267783,29.69960618180924,29.32705906769988,29.387147903442383,5128000.0
2016-07-18,29.391156276153225,29.495307003907044,29.31905028049925,29.32706069946289,3004600.0
2016-07-19,29.26296817901787,29.45124205899377,29.20287933993201,29.32706069946289,2849200.0
2016-07-20,29.50330668927448,29.54737161359181,29.363101501102904,29.42318725585937,2679800.0
2016-07-21,29.447243336899035,29.491308289233373,29.307038059583345,29.37513732910156,2023000.0
2016-07-22,29.43121382437981,29.44323098067881,29.31103614889935,29.439224243164062,2770400.0
2016-07-25,29.48728099158439,29.48728099158439,29.294997419441422,29.34306907653809,2049600.0
2016-07-26,29.39916285267212,29.535364407214992,29.347087495601407,29.51934051513672,3068400.0
2016-07-27,29.479281469501768,29.62349345278572,29.379134428679308,29.387147903442383,3068800.0
2016-07-28,29.29101166100786,29.44724082185144,29.17484071079805,29.37112808227539,3945400.0
2016-07-29,28.79027967263764,29.595459883863164,28.48983847423369,28.954519271850582,6794800.0
2016-08-01,28.80629378439569,28.93848554404065,28.573951936391417,28.67409896850586,5343200.0
2016-08-02,28.698133022120043,28.762228589098854,28.50184569667592,28.69012260437012,3501400.0
2016-08-03,28.7582277102997,28.94249791853329,28.654073920864896,28.8303337097168,3633000.0
2016-08-04,28.75822140152896,28.870385585739687,28.64605721731824,28.82632064819336,2952600.0
2016-08-05,29.01059599280486,29.371125975134756,28.92647283963544,29.270978927612305,3658800.0
2016-08-08,29.331068370355712,29.379136998157648,29.21489742609201,29.274986267089844,2539200.0
2016-08-09,29.24294333189254,29.323059762358263,29.13077910674216,29.28700828552246,2850200.0
2016-08-10,29.266975927259445,29.315047616457143,29.210893817985,29.3110408782959,3553600.0
2016-08-11,29.323054292075653,29.58744396453269,29.26296850855846,29.270978927612305,4521200.0
2016-08-12,29.198883228441705,29.3030370503447,29.082712245597293,29.11876678466797,2486600.0
2016-08-15,29.22691794256913,29.30303068699829,29.098729826620197,29.11475372314453,3791400.0
2016-08-16,29.09471740440514,29.10273087922466,28.918460689562945,28.92246437072754,2840800.0
2016-08-17,29.006595642778688,29.118759859886524,28.94250005800524,29.110746383666992,2743000.0
2016-08-18,29.142790037611668,29.142790037611668,28.83033174682621,28.946502685546875,3338600.0
2016-08-19,28.85437060045167,29.258965580875557,28.71015858874109,29.194869995117188,3559000.0
2016-08-22,29.106234632767112,29.279462172900093,29.05386465962388,29.263347625732425,2223200.0
2016-08-23,29.287526450465307,29.40435464634836,29.28350011765094,29.31975555419922,2420600.0
2016-08-24,29.287527084350582,29.35198529321351,29.231127688363813,29.287527084350582,2663600.0
2016-08-25,29.21501385155693,29.428529368491446,29.21098751855683,29.404356002807617,4307800.0
2016-08-26,29.388244104751664,29.64204448936875,29.17473164206784,29.307674407958984,4100800.0
2016-08-29,29.38823728591356,29.80720637380496,29.37615214155242,29.690378189086918,2736800.0
2016-08-30,29.690372075284568,29.96028689575977,29.690372075284568,29.924028396606445,2761200.0
2016-08-31,29.96029426425972,30.012664249766093,29.65815334899361,29.883750915527344,3474000.0
2016-09-01,29.924032198231416,29.956261296343158,29.557436196202246,29.75886344909668,2831200.0
2016-09-02,29.84346370538732,29.956262479698317,29.670236138113705,29.807205200195312,2372200.0
2016-09-06,29.79109192677245,29.79109192677245,29.53729467369988,29.674266815185547,2494600.0
2016-09-07,29.597716923570538,29.722600819498258,29.513117857922516,29.62188720703125,2300200.0
2016-09-08,29.62592076832258,29.629950173976496,29.36809413011953,29.38420867919922,3216000.0
2016-09-09,29.331834775471545,29.545347165896047,29.16666603088379,29.16666603088379,4522200.0
2016-09-12,29.03373959161189,29.678306529884605,28.892741054104988,29.577592849731445,5435800.0
2016-09-13,29.263357286675564,29.307671537632576,28.88064665408676,28.93704605102539,4282800.0
2016-09-14,28.95316078873761,29.110273834577,28.84438832713395,28.92496109008789,3446200.0
2016-09-15,28.93703682371623,29.190834029010382,28.928978013273827,29.14249038696289,3013000.0
2016-09-16,29.01358239763177,29.01358239763177,28.723529712809693,28.739641189575195,4827800.0
2016-09-19,28.87257996105229,29.134435988821476,28.84438027027935,29.013578414916992,4001600.0
2016-09-20,29.223068045821563,29.376151661119412,29.065955024623825,29.18680953979492,2870600.0
2016-09-21,29.376153495284683,29.62189502040634,29.323783509460988,29.60980987548828,3492600.0
2016-09-22,29.686356040387423,29.791096021969235,29.589668724799637,29.617868423461918,2954800.0
2016-09-23,29.55341322741243,29.609812624624023,29.30364227294922,29.30364227294922,2668200.0
2016-09-26,29.13040658341512,29.162635679594413,28.904809057231585,29.013578414916992,3075800.0
2016-09-27,28.95315264382436,29.251264099049568,28.804095379443872,29.17472076416016,2677400.0
2016-09-28,29.182788663391545,29.271417168541863,28.96927621382217,29.194873809814453,2117800.0
2016-09-29,29.174725109495597,29.235153905327827,28.711441772830103,28.828269958496094,2560600.0
2016-09-30,28.945094799163844,29.1183223546448,28.82826662699893,28.95315361022949,3092000.0
2016-10-03,28.852442234506224,28.98135555977716,28.70338495353766,28.832298278808597,3111800.0
2016-10-04,28.88467354176752,28.93704660674248,28.679219909061164,28.80410385131836,5331000.0
2016-10-05,28.89272273713785,29.03775059049887,28.868552452756237,28.96523666381836,3237200.0
2016-10-06,29.02970205390309,29.08610145311092,28.8645332629478,29.03373146057129,2395200.0
2016-10-07,28.872588395497814,29.01358689055191,28.699360794849454,28.755760192871094,2492600.0
2016-10-10,28.860504785334456,29.01358843474984,28.82424934476377,28.876619338989254,2072200.0
2016-10-11,28.84035629604881,28.860500253338294,28.493904204253205,28.59461784362793,2701200.0
2016-10-12,28.61072094312694,28.896750299905055,28.60669461167716,28.852436065673828,3223800.0
2016-10-13,28.602667732685727,28.70741075680388,28.264271448891947,28.445554733276367,3181400.0
2016-10-14,28.65906559086854,28.912862790231458,28.56641078769573,28.58655166625977,2429400.0
2016-10-17,28.594620490338286,28.602676229877904,28.42541922463989,28.44959259033203,2593600.0
2016-10-18,28.651013560726422,28.691298396601702,28.248159054901716,28.3206729888916,3821200.0
2016-10-19,28.40528088067293,28.60267878919109,28.364996032296943,28.41736602783203,4306200.0
2016-10-20,28.328735564151877,28.417364068590675,28.062853124372165,28.103137969970703,3443200.0
2016-10-21,27.865456963635733,28.018543706274063,27.664029627353496,27.950056076049805,3532800.0
2016-10-24,28.091049183061426,28.25621795067066,28.05076126914747,28.207874298095703,2755400.0
2016-10-25,28.19981262846667,28.19981262846667,27.925871468562995,28.054784774780277,2626200.0
2016-10-26,27.89364302552172,28.20384269286444,27.89364302552172,28.11924362182617,2413800.0
2016-10-27,28.26830164869687,28.356930137113583,28.02256013937275,28.28441619873047,4541000.0
2016-10-28,28.393185520321364,28.598639095197125,27.48273352154175,27.59956169128418,5452800.0
2016-10-31,27.74056326072437,27.86947658775024,27.684163872246565,27.744592666625977,4274000.0
2016-11-01,27.86947730414621,27.881562448625512,27.361879721261783,27.55122184753418,3595600.0
2016-11-02,27.55122184753418,27.720420017316908,27.462593356637637,27.55122184753418,2294600.0
2016-11-03,27.684161411265208,27.88558865893328,27.62776202780102,27.732501983642575,3370400.0
2016-11-04,27.796964093993783,27.821134383587378,27.543166832652137,27.619707107543945,3952800.0
2016-11-07,27.99032819721326,28.08701240344493,27.941984557329672,28.034639358520508,3338800.0
2016-11-08,28.03464716896919,28.373046595361338,27.93393352963787,28.23607444763184,3097400.0
2016-11-09,28.377071714733315,29.033723437503134,28.139385963578565,28.84438133239746,5037000.0
2016-11-10,29.094137640573788,29.79107384887999,28.892710493323666,29.509077072143555,5817800.0
2016-11-11,29.339894964253325,29.533263409608512,29.118323752350484,29.251266479492188,3691800.0
2016-11-14,29.470114462736536,29.810526836366535,29.25127661175417,29.29180145263672,5028200.0
2016-11-15,29.206693267007964,29.380952835083008,29.008119417012043,29.380952835083008,4026000.0
2016-11-16,29.2107458480464,29.3161097946078,29.07701111758784,29.109432220458984,3617800.0
2016-11-17,29.085109695812573,29.429578442074533,29.03648114196552,29.336368560791016,3173600.0
2016-11-18,29.32421744936989,29.49037019557356,29.239114370800213,29.380952835083008,4987800.0
2016-11-21,29.38904931825253,29.52278401953381,28.995955126126933,29.03647994995117,4193800.0
2016-11-22,29.089156475434034,29.097263293791368,28.7527946260464,28.846004486083984,4370600.0
2016-11-23,28.955423103309105,29.13373601305823,28.817638103481464,29.02431869506836,3158800.0
2016-11-25,29.024322828226357,29.14184698167451,28.910848992870772,29.06890106201172,1188800.0
2016-11-28,28.89869949893761,29.02027709448289,28.7041790562812,28.769018173217773,2885200.0
2016-11-29,28.817646938194105,29.02027418253981,28.80143638762488,28.88653945922852,2286200.0
2016-11-30,29.081069335848223,29.149961871953234,28.874388635686135,28.92707061767578,4299200.0
2016-12-01,28.9837978895299,29.01621898867583,28.420494432215687,28.562335968017575,5945600.0
2016-12-02,28.36781428965802,28.4731813227366,27.618094101800622,27.674829483032227,9390600.0
2016-12-05,27.816669173853484,27.9585076332438,27.630252471248134,27.836933135986328,6072600.0
2016-12-06,27.8612451951948,27.901770024382188,27.61809312822417,27.7923526763916,6587800.0
2016-12-07,27.77614576272336,28.20166116266768,27.7234637870674,28.14897918701172,4724600.0
2016-12-08,28.270552975454866,28.428601972986723,28.13276484651776,28.213817596435547,4618600.0
2016-12-09,27.873414263775377,28.04767388652085,27.35468880774632,27.98688507080078,8920600.0
2016-12-12,27.94229477984569,28.05576862985578,27.768035232138025,27.946348190307617,6688400.0
2016-12-13,28.096298434614845,28.42455362769874,28.092245023435083,28.35971450805664,5739200.0
2016-12-14,28.242178266937685,28.692010868684484,28.13275785470441,28.254335403442383,6377400.0
2016-12-15,28.26649537241459,28.509647402410284,28.04765761786472,28.071971893310547,6695800.0
2016-12-16,28.12061060073621,28.21382049977184,27.97066531684292,28.12871742248535,5982400.0
2016-12-19,28.04765890146943,28.29081094259301,27.87745278186752,28.28270721435547,3606800.0
2016-12-20,28.307019893409663,28.493436550812195,28.18544542563189,28.311073303222656,3486000.0
2016-12-21,28.31107646998796,28.643384999371158,28.31107646998796,28.489389419555664,2568600.0
2016-12-22,28.42859802491694,28.55422590503489,28.24218136376436,28.521804809570312,2709400.0
2016-12-23,28.51776252504548,28.53397307734432,28.347553271830986,28.428606033325195,2147000.0
2016-12-27,28.432656551255825,28.655544666030305,28.37997148868377,28.529916763305664,1766600.0
2016-12-28,28.456966448031874,28.485334134337155,28.246232413896152,28.286760330200195,3138600.0
2016-12-29,28.31107872500439,28.420496076143195,28.286764445161623,28.298921585083008,2776600.0
2016-12-30,28.375915586501257,28.42454723417925,28.13681694207156,28.20570945739746,2387800.0
2017-01-03,28.404295692763725,28.501559030642287,28.092250986317215,28.274614334106445,4649400.0
2017-01-04,28.367808366869728,28.671749170800474,28.2908090404833,28.53396415710449,3893400.0
2017-01-05,28.48533565184107,28.61907036233868,28.20976250226088,28.34754753112793,4480400.0
2017-01-06,28.444812774658203,28.627176052855862,28.278656954741244,28.444812774658203,4468000.0
2017-01-09,28.323235524220397,28.42860255534884,28.116554872504,28.173290252685547,3623600.0
2017-01-10,28.169235212628895,28.40833383305561,28.01928996622593,28.13681411743164,5388400.0
2017-01-11,28.1692348782257,28.33133726044184,28.07197159378856,28.311073303222656,4322400.0
2017-01-12,28.14492037005352,28.408336381430864,27.98282106321769,28.193552017211918,5566200.0
2017-01-13,28.274600068631248,28.448859596267944,27.905820147074376,28.2219181060791,4018600.0
2017-01-17,28.015244361458333,28.41239515865711,27.999033809343416,28.319185256958008,6434600.0
2017-01-18,28.396182408742074,28.465074931013337,28.116555817133904,28.35565757751465,4774000.0
2017-01-19,28.392131285815143,28.46507722464084,27.897720266201727,28.14897918701172,4587200.0
2017-01-20,28.3353920226173,28.44481246180948,28.213817535771422,28.40023422241211,4812600.0
2017-01-23,28.367812843412143,28.38402339320136,28.01929375255967,28.10439682006836,3542800.0
2017-01-24,28.23408158040265,28.351605761866463,28.1003468471666,28.294870376586918,5017600.0
2017-01-25,28.412398880943325,28.6028690284386,28.351610075510163,28.554237365722656,7166000.0
2017-01-26,28.59069913281589,28.679852503590904,28.5218035350708,28.594749450683597,5971800.0
2017-01-27,28.533968541972413,28.590703920077125,28.36781272620417,28.477230072021484,2401600.0
2017-01-30,28.469126355681624,28.57854370154735,28.31107736062767,28.50965118408203,4785200.0
2017-01-31,28.49345088388743,28.675817315058627,28.209773891195344,28.36376953125,7581400.0
2017-02-01,27.962561564123614,28.34755211703596,26.989950108741304,27.20878791809082,9219000.0
2017-02-02,27.058837239205303,27.609983517637,26.94941990226997,27.4884090423584,5373600.0
2017-02-03,27.922043863836706,27.930147595802808,27.63836377546519,27.804519653320312,4278400.0
2017-02-06,27.71941016101187,27.9828262209414,27.626200259739576,27.934194564819336,3652400.0
2017-02-07,28.051709180921765,28.07602345476685,27.81260748467789,27.950395584106445,3710600.0
2017-02-08,27.94229156149219,28.270549750482104,27.881505870795834,28.2219181060791,4222000.0
2017-02-09,28.327293395996094,28.396185926802595,28.169244370335623,28.327293395996094,4838000.0
2017-02-10,28.367818238569345,28.408343074826508,28.331346813491944,28.35971450805664,4264000.0
2017-02-13,28.465724678327955,29.05290007535881,28.465724678327955,28.942806243896484,6010800.0
2017-02-14,28.89387678027332,29.04067064404308,28.82863368039244,28.967273712158203,4334200.0
2017-02-15,28.897960094381887,29.04067551058432,28.83271698356777,28.95096778869629,4529200.0
2017-02-16,28.82863011794494,29.089596263295583,28.80416551399389,29.02843475341797,4797600.0
2017-02-17,28.92241510202404,29.003965852500723,28.681835099482896,28.99173355102539,4163800.0
2017-02-21,28.99988915094061,29.252698332298888,28.99988915094061,29.122215270996094,3643800.0
2017-02-22,28.975418724096077,29.146680253670574,28.94280029504685,29.016197204589844,3516200.0
2017-02-23,29.032506166935956,29.244543075561523,29.032506166935956,29.244543075561523,2797200.0
2017-02-24,29.04882696729458,29.248631644593505,29.003973110020333,29.24047470092773,3142800.0
2017-02-27,29.350557445978765,29.550358915529397,29.256771305028312,29.49327278137207,3663000.0
2017-02-28,29.419883573463675,29.59522049165193,29.379108197109577,29.501434326171875,6384400.0
2017-03-01,29.766483223539264,29.901044784742368,29.689007819641308,29.75832939147949,5367200.0
2017-03-02,29.71347807371189,29.742021154800543,29.41989031910718,29.43620109558105,3806200.0
2017-03-03,29.46881675720215,29.578913710272595,29.41580907188518,29.46881675720215,2685400.0
2017-03-06,29.30163952289348,29.534062643461784,29.2853287464196,29.43620109558105,2443200.0
2017-03-07,29.42395782279617,29.460654722961245,29.285317829929387,29.33832550048828,2692000.0
2017-03-08,29.521827970977306,29.5952249037415,29.31386947631836,29.31386947631836,3447200.0
2017-03-09,29.4973581714851,29.55036896477365,29.31794587924661,29.395418167114254,3340600.0
2017-03-10,29.50959127117289,29.65230664390839,29.220082054777503,29.366872787475582,3030800.0
2017-03-13,29.39134073086166,29.46473765326297,29.277168431784467,29.37910842895508,3217800.0
2017-03-14,29.32611101678281,29.35873257738887,29.18339557783538,29.29348945617676,3209800.0
2017-03-15,29.29755433343957,29.521823569829827,29.187460506187325,29.501434326171875,3896200.0
2017-03-16,29.485121961297786,29.70123424417049,29.460657358998727,29.521821975708008,4006400.0
2017-03-17,29.570754445105752,29.73793754183842,29.33833136471881,29.57483291625977,6158200.0
2017-03-20,29.497354582969404,29.57890844312183,29.36279615790082,29.456579208374023,2299400.0
2017-03-21,29.538135383743864,29.603375366017687,29.06921076173824,29.11814308166504,4650400.0
2017-03-22,29.02843285965722,29.26900974537931,28.804163634864047,29.211923599243164,3248200.0
2017-03-23,29.19153388874434,29.582986185920163,29.114061612207983,29.35871696472168,3103200.0
2017-03-24,29.3750244786631,29.57482596477913,29.269006030312017,29.35463523864746,3418000.0
2017-03-27,29.032523193254807,29.35873257738887,28.979515490492403,29.29348945617676,5465200.0
2017-03-28,29.23639263053317,29.627844993283336,29.228238798833512,29.485126495361328,4729400.0
2017-03-29,29.354638000535036,29.411724144796388,29.07328574980737,29.18745803833008,3445800.0
2017-03-30,29.134453955181478,29.574835550175347,29.134453955181478,29.489206314086918,4730000.0
2017-03-31,29.419883969726783,29.615607023247424,29.4158054987479,29.529977798461918,4269800.0
2017-04-03,29.6686135057491,29.74201041790392,29.391336627715507,29.627838134765625,4812200.0
2017-04-04,29.58298397774409,29.66045624849765,29.52181936644081,29.60744857788086,3038800.0
2017-04-05,29.67677804890504,29.8235719262074,29.42396879096628,29.43620109558105,6065200.0
2017-04-06,29.615599267411845,29.884722284226164,29.44841933260137,29.746082305908203,6797600.0
2017-04-07,29.631921828307448,29.83988032306229,29.623767996202005,29.7257080078125,5847000.0
2017-04-10,29.76240921410788,30.129393931062165,29.73386613117603,29.99075698852539,7509000.0
2017-04-11,29.8888073062102,30.07229804992676,29.81948574637438,30.07229804992676,3798000.0
2017-04-12,29.83580182824556,30.03560649073904,29.77056183856613,29.909198760986328,4409400.0
2017-04-13,29.827647935872186,30.01929565491705,29.762404835362336,29.76648330688477,3011800.0
2017-04-17,29.82764205496214,29.982589721679688,29.81133128305056,29.982589721679688,3990600.0
2017-04-18,30.02336518425537,30.24763440999697,29.97851133910705,30.12530517578125,5379800.0
2017-04-19,30.247637125062877,30.32103404998817,29.937738651938066,29.998903274536133,3537400.0
2017-04-20,30.113068209770784,30.37403429877414,29.949963626403395,30.24355125427246,3082200.0
2017-04-21,30.23132682448247,30.455596073862512,30.157929898409183,30.17016220092773,3537600.0
2017-04-24,30.57385257519277,30.618703322505723,30.34142945092988,30.43929100036621,3761000.0
2017-04-25,30.590154003929264,30.671707870966973,30.52083555016866,30.586078643798828,3652200.0
2017-04-26,30.524920466118907,30.720643566409407,30.40666966716888,30.50045585632324,4431400.0
2017-04-27,30.58607951543428,30.675787216251265,30.47598256953633,30.60239028930664,3557800.0
2017-04-28,30.675782359596987,31.348583787281,30.488210045242667,30.533063888549805,4598000.0
2017-05-01,30.606465989221054,30.66763061418071,30.34957829754497,30.353656768798828,3803800.0
2017-05-02,30.341423903271863,30.610543892756237,30.341423903271863,30.59015464782715,2811200.0
2017-05-03,30.545293555119358,30.59830121862077,30.390342812489,30.484128952026367,2655800.0
2017-05-04,30.60646759936457,30.71656455227634,30.210939862907896,30.33326911926269,4312800.0
2017-05-05,30.3862701967872,30.40665943873329,30.190547162335584,30.316951751708984,2378400.0
2017-05-08,30.35773086015384,30.37404163352544,30.174240103906744,30.308801651000977,2926600.0
2017-05-09,30.312883900135173,30.39443778552738,30.068228465883816,30.11716079711914,2830000.0
2017-05-10,30.068229112994104,30.361816884799204,30.055996807662677,30.349584579467773,3771200.0
2017-05-11,30.223175381364577,30.268029234784944,30.039681496200647,30.15793228149414,2647800.0
2017-05-12,30.035604410240197,30.14569824624426,29.909196689243466,29.941818237304688,2323400.0
2017-05-15,30.01521753061893,30.1334683184393,29.974442147809704,30.064149856567383,2348600.0
2017-05-16,30.0845328194943,30.125308198002976,29.99890359133749,30.06822204589844,2297200.0
2017-05-17,30.068222041238936,30.149775909205616,29.689005110339288,30.0192928314209,5104200.0
2017-05-18,30.019294656859937,30.235406975929735,29.93366542350938,30.0600700378418,3443000.0
2017-05-19,30.088603817965677,30.174233024856004,29.986663841530348,30.121225357055664,4560800.0
2017-05-22,30.28119580116719,30.482167234012497,30.248383244611084,30.30990600585937,3278600.0
2017-05-23,30.33040535246427,30.46575477391116,30.297595931743164,30.404232025146484,2473000.0
2017-05-24,30.42063760495865,30.46575407774333,30.215563866547157,30.28118896484375,2764200.0
2017-05-25,30.2975941801497,30.674929094631963,30.27298320456047,30.64211654663086,2618200.0
2017-05-26,30.597007660478425,30.71184847777473,30.535484900018957,30.69544219970703,1912000.0
2017-05-30,30.63801365631255,30.90050777734533,30.58879796435437,30.818479537963867,3069600.0
2017-05-31,30.818479473319424,30.925118687633045,30.703638686755564,30.91691398620605,5348600.0
2017-06-01,31.023558672796828,31.154805756188725,30.863601387699745,31.142501831054688,2923800.0
2017-06-02,31.09328300134124,31.269646563009477,31.01125474766279,31.142501831054688,2829800.0
2017-06-05,31.13019910740877,31.281951695488612,31.027662221764597,31.072778701782227,2045600.0
2017-06-06,30.949734407916825,31.01945874190204,30.642123738852906,30.674936294555664,2342800.0
2017-06-07,30.724144009685745,30.8389847839094,30.576490691633506,30.732345581054688,2513800.0
2017-06-08,30.732347810690715,30.998944272580896,30.732347810690715,30.84308624267578,4054200.0
2017-06-09,30.916918947078766,32.05302933040534,30.88820874583101,31.99150657653809,7028600.0
2017-06-12,31.954592638667755,32.03251853439259,31.716706342045136,31.835649490356445,4277600.0
2017-06-13,31.85615184604245,32.007907529787055,31.806936154475245,31.95048713684082,2704000.0
2017-06-14,31.72900823072005,32.098141576079044,31.72490587988917,32.03251647949219,3789000.0
2017-06-15,31.864355043915197,31.96689190207769,31.802832303182377,31.90947151184082,3356000.0
2017-06-16,31.970986813845773,32.1473503112793,31.852046828085257,32.1473503112793,5550800.0
2017-06-19,32.24579899067768,32.7543810368125,32.204781735537146,32.50829315185547,5491600.0
2017-06-20,32.42215898230437,32.56570997197464,32.27040329083757,32.28270721435547,2343800.0
2017-06-21,32.30322110978942,32.3606415150254,31.954596326806,31.979204177856445,3187600.0
2017-06-22,31.98739874849825,31.98739874849825,31.69209208383766,31.71260070800781,2813400.0
2017-06-23,31.79873006661952,32.00790613418992,31.712599480955603,31.82744026184082,4426600.0
2017-06-26,31.93819599468072,32.02022426623587,31.696207273990456,31.790542602539062,2683200.0
2017-06-27,31.888975167580337,32.040730902598874,31.798742196984332,31.89717674255371,2693400.0
2017-06-28,32.114549307212705,32.34423089733333,32.0284155817405,32.118648529052734,2828400.0
2017-06-29,32.3360222039796,32.41805356830946,31.667483012868328,31.82744026184082,3345800.0
2017-06-30,31.95868880031199,32.08993586016059,31.75771742442624,31.860254287719727,3041800.0
2017-07-03,32.036612635637795,32.53699294823878,31.94227735982932,32.16375732421875,1875600.0
2017-07-05,32.16376342257047,32.28680891361982,32.04072106069793,32.11454772949219,2282800.0
2017-07-06,32.12684813024182,32.15145597408286,31.77822344939572,31.798728942871094,3788000.0
2017-07-07,31.88487492555005,32.130962870347744,31.835659214097312,31.983312606811523,2864200.0
2017-07-10,31.91767238536352,32.028410812918594,31.815135529444312,31.84794807434082,2528000.0
2017-07-11,31.90947236776934,31.950486486299173,31.687992372696247,31.843847274780277,1992000.0
2017-07-12,31.81103317903812,31.96689120270828,31.75771514046368,31.84794807434082,1989000.0
2017-07-13,31.84795027384016,32.00380517909754,31.80283380378573,31.95048713684082,1631600.0
2017-07-14,31.831537915459236,32.089929634324065,31.66337599027854,31.93817710876465,2327000.0
2017-07-17,31.913571544588983,32.04892095180724,31.76591821474665,31.88896369934082,2332000.0
2017-07-18,31.73720264269365,31.98739279092397,31.66747834018386,31.93817710876465,1580000.0
2017-07-19,31.979195067420694,32.03661545629839,31.84794801724646,31.946382522583008,1900800.0
2017-07-20,31.88076291204912,32.122748407416914,31.79052997168257,31.860254287719727,2587200.0
2017-07-21,31.8028301269926,31.90536697813875,31.71259719731576,31.815134048461918,2654400.0
2017-07-24,31.81924321515726,31.880765964859943,31.790533015852947,31.835649490356445,2119400.0
2017-07-25,32.06533210841877,32.14326113580839,31.92588032936248,32.01611328125,2209800.0
2017-07-26,31.98739528860739,32.073525868287696,31.630569048385592,31.72490119934082,3396200.0
2017-07-27,31.72490734929547,31.737211273181178,31.42550143748661,31.63057518005371,5014400.0
2017-07-28,31.77413765292817,32.74618554119074,31.77413765292817,32.557518005371094,5300000.0
2017-07-31,32.63953852449357,32.77488794934944,32.50418909963769,32.70926284790039,5907800.0
2017-08-01,32.8487186012655,33.19734655207655,32.6559518647038,33.17683792114258,3710000.0
2017-08-02,33.08250100472202,33.320384192026765,33.02097824988324,33.287574768066406,2521400.0
2017-08-03,33.25475697408943,33.40650953237511,33.14401540699668,33.20964050292969,2531200.0
2017-08-04,33.340892820032124,33.35729909660095,33.11531042868238,33.287574768066406,2283800.0
2017-08-07,33.27936480058478,33.44752676193,33.18503263670846,33.26295852661133,2554200.0
2017-08-08,33.25475538623065,33.459829107464174,33.234246762436634,33.32037734985352,2385000.0
2017-08-09,33.26707351715677,33.55007637466568,33.111218548957446,33.53776931762695,3084600.0
2017-08-10,33.32448443058823,33.44752993246431,33.144018528950525,33.14812088012695,3332800.0
2017-08-11,33.08660272758558,33.31628748773087,33.08660272758558,33.119415283203125,2744400.0
2017-08-14,33.21783514067638,33.431113528757216,33.14811083768602,33.3244743347168,2360800.0
2017-08-15,33.43111580004772,33.586970687175366,33.26295386228316,33.32857894897461,2276800.0
2017-08-16,33.42702130575927,33.50495033222593,33.123513031422576,33.14812088012695,2546400.0
2017-08-17,33.12351804703776,33.22195258593749,32.72977676226129,32.74208068847656,2993000.0
2017-08-18,32.6928672372969,32.91844968564408,32.56982482570779,32.746185302734375,2794600.0
2017-08-21,32.78740065477879,33.034820977187515,32.64307239555038,32.869873046875,3461000.0
2017-08-22,32.94823224078416,33.0884359715464,32.89462234104023,33.0595703125,2299000.0
2017-08-23,32.8368950216706,33.10493511466828,32.8368950216706,33.01421356201172,1799600.0
2017-08-24,33.12142578418278,33.24925896607089,32.98122205515981,33.150291442871094,2787400.0
2017-08-25,33.23690208378852,33.44308634379481,33.22453153156769,33.36473846435547,2742000.0
2017-08-28,33.34411136871802,33.459574025278826,33.249265245902244,33.31937026977539,4063800.0
2017-08-29,33.1338007565599,33.71111715355139,32.989472443842345,33.69462203979492,4450400.0
2017-08-30,33.686380608382926,33.96679128789537,33.48844236267698,33.83895492553711,4131200.0
2017-08-31,33.90492568725651,34.10286073019974,33.83894524219491,34.04100799560547,7708800.0
2017-09-01,34.04100877243549,34.387396678551255,34.00389398471117,34.18533706665039,3141200.0
2017-09-05,34.0987454116431,34.27606395681436,33.55029466191325,33.61627197265625,4619200.0
2017-09-06,33.69463297345549,33.89257125664142,33.64102619594289,33.6822624206543,3171800.0
2017-09-07,33.785349253271384,33.7894738189319,33.02246820440787,33.21628189086914,3458200.0
2017-09-08,32.948235544652896,33.56678814006145,32.88637965588781,33.47606658935547,3525000.0
2017-09-11,33.89255205672309,34.03688033451308,33.71110899543254,34.00801467895508,2878400.0
2017-09-12,34.06575110417528,34.1441021007896,33.805960165152314,33.91317367553711,2527600.0
2017-09-13,33.83895353464187,33.896684865157795,33.77297621953289,33.83070755004883,2064800.0
2017-09-14,33.81833333881661,33.867815533260845,33.56266379841027,33.85956954956055,2747000.0
2017-09-15,33.785348390532995,34.17709717299062,33.727617057247066,34.148231506347656,4877200.0
2017-09-18,34.18121641008186,34.33379385062199,34.10698997226791,34.28843307495117,2653800.0
2017-09-19,34.276063584178814,34.5564742305611,34.25956847014206,34.49049377441406,2691400.0
2017-09-20,34.55646721591094,34.737907141242005,34.478116226671204,34.60594940185547,3048200.0
2017-09-21,34.61008570041365,34.61421026601433,34.358540682841785,34.48637390136719,3385200.0
2017-09-22,34.43689345969668,34.65957282169475,34.39977865963604,34.61421203613281,2281400.0
2017-09-25,34.568832490252625,34.84924303694826,34.420379662818455,34.746150970458984,2758200.0
2017-09-26,34.284324091640244,34.577105411047604,34.25545841637819,34.44927215576172,2929000.0
2017-09-27,34.54823303222656,34.63483004120991,34.24720578377808,34.54823303222656,4127400.0
2017-09-28,34.531727956509165,34.53585252130622,33.61214821239654,33.93791961669922,6290000.0
2017-09-29,33.92966008933071,33.92966008933071,33.44306541439259,33.562652587890625,3329800.0
2017-10-02,33.61626646152773,33.86781140637185,33.57090883752121,33.80183410644531,6282200.0
2017-10-03,33.79770877414794,33.937915645752646,33.6698755954866,33.90904998779297,2239000.0
2017-10-04,33.8760714177769,34.01627519148634,33.834835198810694,33.86370086669922,2591000.0
2017-10-05,33.84307570454896,34.23482444048173,33.84307570454896,34.01626968383789,2365800.0
2017-10-06,34.10698783005661,34.21007992353863,33.81833122675536,33.92554473876953,1753800.0
2017-10-09,33.90906595984613,34.10700109448205,33.834839497827105,34.05339431762695,1931400.0
2017-10-10,34.11111421337902,34.48224639892578,34.08224855150989,34.48224639892578,3557200.0
2017-10-11,34.432763411722,34.62245250926997,34.26369084770581,34.58946228027344,3081200.0
2017-10-12,34.55235613344637,34.68843849013217,34.38328354251153,34.61421203613281,2195000.0
2017-10-13,34.65131238906201,34.919352449204744,34.62244673003868,34.64306640625,2480200.0
2017-10-16,34.663687570747015,34.849255243095946,34.52348382135214,34.713172912597656,2296800.0
2017-10-17,34.70492218347397,34.78327003137335,34.41213788354173,34.539974212646484,1813600.0
2017-10-18,34.55646932434132,34.647187719481614,34.31317035949359,34.539974212646484,2046800.0
2017-10-19,34.47399617085673,34.84100377983776,34.47399617085673,34.82450866699219,1918400.0
2017-10-20,35.109039106978976,35.150275310452365,34.506981727129656,34.577083587646484,3119800.0
2017-10-23,34.63069319176922,34.787392022095545,34.506981436271154,34.770896911621094,2982000.0
2017-10-24,34.9482202311952,34.95646621450812,34.6471899292763,34.869869232177734,2814200.0
2017-10-25,34.79564554865507,34.861626004858735,34.436887042941905,34.66781234741211,4657200.0
2017-10-26,35.04719527043348,35.33997650564692,34.31317989959953,34.48637390136719,4407400.0
2017-10-27,34.49874936238312,34.655448255883144,34.366788425387014,34.61421203613281,3347400.0
2017-10-30,34.51936611925826,34.71730437989237,34.48637588479892,34.568851470947266,2113000.0
2017-10-31,34.56472411642229,34.68018678159251,34.494622233443465,34.593589782714844,2942000.0
2017-11-01,34.6966890111029,34.906997849279136,34.63483310033079,34.758544921875,2830200.0
2017-11-02,34.81213914945548,34.9317263615353,34.605954951963625,34.80801773071289,5814400.0
2017-11-03,34.72141756177173,34.770902901720085,34.515233364502016,34.630699157714844,2417400.0
2017-11-06,34.58533253629024,35.001822279164024,34.56883742576247,34.87398910522461,3066600.0
2017-11-07,34.94822378978373,35.059561879510866,34.37915649961573,34.56059646606445,3040800.0
2017-11-08,34.523480953498215,34.72966514156629,34.449254519948866,34.63481903076172,2221800.0
2017-11-09,34.56059100221293,34.79564083991796,34.45337749457266,34.671932220458984,1862000.0
2017-11-10,34.61421189294644,34.64307756126445,34.2265845074286,34.40802764892578,2363400.0
2017-11-13,34.33791196775264,34.85337241797549,34.267810101591344,34.803890228271484,2697800.0
2017-11-14,34.62562363697467,35.04434915478227,34.52197892604109,34.93655776977539,2387000.0
2017-11-15,34.79560202329672,35.085805944897984,34.696103987745644,35.00703811645508,3033400.0
2017-11-16,35.12311909787474,35.22261713176231,34.88680929052584,34.95314025878906,2670000.0
2017-11-17,34.81632554663165,34.88680317649284,34.517828334296134,34.762428283691406,3557200.0
2017-11-20,34.866084163599865,35.2184755889904,34.853647302925104,35.10654067993164,2789600.0
2017-11-21,35.24334136861196,35.5128181959382,35.23919469536496,35.272361755371094,2541800.0
2017-11-22,35.27237033145964,35.38430523246493,35.168725615979085,35.25993347167969,2460400.0
2017-11-24,35.34284912558163,35.44234717003522,35.106539293138226,35.23920440673828,1243800.0
2017-11-27,35.27651048234707,35.63304852267582,35.23505323270114,35.42161560058594,3535400.0
2017-11-28,35.446488444345434,35.81961000793561,35.38844766367422,35.76571273803711,3410200.0
2017-11-29,35.81131427775956,36.30051737014366,35.753273500950016,36.14712524414063,3096200.0
2017-11-30,36.31711092248827,36.5244003720036,36.04763400552115,36.33369445800781,7070600.0
2017-12-01,36.44976177945848,36.52023940559644,35.33454712832307,36.31709671020508,3563400.0
2017-12-04,36.66948824573022,36.78971645975044,36.24661932312873,36.54096984863281,3898200.0
2017-12-05,36.6404721990918,36.710952997025,36.304664392469135,36.41659927368164,3238800.0
2017-12-06,36.47051103587879,36.65292678752645,36.259074884013216,36.32126235961914,3055000.0
2017-12-07,36.1927386092837,36.56171357086384,36.13055114276196,36.45806884765625,2159000.0
2017-12-08,36.50780259636834,36.55340651051248,36.27563951562347,36.54926300048828,2852800.0
2017-12-11,36.59902430937205,36.74827296446758,36.43733879351621,36.681941986083984,2338600.0
2017-12-12,36.64047362437013,36.95970107529275,36.61974658192421,36.79801559448242,2391000.0
2017-12-13,36.7524150657324,36.90995388740268,36.65706054012568,36.68608093261719,2772800.0
2017-12-14,36.70682841255346,36.938991661731215,36.57830992289965,36.65707778930664,3064400.0
2017-12-15,36.84361695960762,37.1752780825969,36.64461775542601,37.00530242919922,6039000.0
2017-12-18,37.2001553133855,37.23331921190995,36.50366283661079,36.6031608581543,3198200.0
2017-12-19,36.62803200608687,36.71094965405024,36.4373261602484,36.474639892578125,4008400.0
2017-12-20,36.58658048373645,36.59901734212918,36.19687538484219,36.21760559082031,4538200.0
2017-12-21,36.28394359817116,36.44977578922304,36.03519689308633,36.11396789550781,5847400.0
2017-12-22,36.15126409365405,36.27563897820177,35.98543513157004,36.15541076660156,3048000.0
2017-12-26,36.20102933683744,36.42904899649869,36.15957207953157,36.33369445800781,1741000.0
2017-12-27,36.2797907380452,36.52853737903342,36.23418681818242,36.36270523071289,2760200.0
2017-12-28,36.4829383207187,36.603166565197526,36.30881596512272,36.57829284667969,1653400.0
2017-12-29,36.61145754853296,36.70266540240085,36.39173126220703,36.39173126220703,1995200.0
2018-01-02,36.63218644009699,36.75656135689959,36.34612602924232,36.47050094604492,4227200.0
2018-01-03,36.37100342440288,36.61560342445644,36.30881596512272,36.57829284667969,3575600.0
2018-01-04,36.71924137608618,37.245755020031694,36.6736374585415,36.95555114746094,3323200.0
2018-01-05,37.05091614307374,37.20845498091971,36.8809372817522,37.20016479492188,2737800.0
2018-01-08,37.25820257462255,37.35355393932777,37.18772176590079,37.29551315307617,2866400.0
2018-01-09,37.39500632181492,37.85104553009344,37.29136162229439,37.31209182739258,3404800.0
2018-01-10,37.2747794291929,37.772272697345024,37.196008449257874,37.61887741088867,3336600.0
2018-01-11,37.809587557963646,38.02931699202352,37.681069134426224,38.012733459472656,2754400.0
2018-01-12,37.726679688314,37.726679688314,34.70025247010102,35.214332580566406,27589200.0
2018-01-16,35.23505679184523,36.10567177429351,35.206036397863144,35.815467834472656,10066200.0
2018-01-17,36.08079608672262,36.59487296478967,35.87350666587464,36.4083137512207,6480000.0
2018-01-18,36.40417177623807,36.62804475920981,35.711825780353934,35.83620071411133,6981600.0
2018-01-19,35.82376058033606,36.23833943766857,35.78230016421427,35.993736267089844,3745200.0
2018-01-22,36.48293813726193,36.56585264056149,36.20102439786367,36.35441970825195,4787800.0
2018-01-23,36.205171516188415,36.6073135043955,36.18029463450485,36.51610565185547,5023000.0
2018-01-24,36.68608282615458,36.901665606920666,36.49952360236361,36.66120910644531,5099600.0
2018-01-25,36.82288575899805,37.13796650584745,36.64047009035077,37.07163238525391,4557400.0
2018-01-26,37.06749440807148,37.74325675681912,37.06749440807148,37.72252655029297,4072200.0
2018-01-29,37.63545649336134,37.73081099269601,37.08406602495604,37.125526428222656,4216000.0
2018-01-30,36.938964503817786,36.9845684175188,36.669487694580326,36.71923828125,4528000.0
2018-01-31,36.75241166407912,36.85190969155724,36.39172696536619,36.56584930419922,5071800.0
2018-02-01,36.72339570944256,37.60230085711967,36.644624714892,37.18357849121094,7420600.0
2018-02-02,37.14211931585567,37.548407998756005,36.82289497877994,36.87678909301758,4697000.0
2018-02-05,36.75654526087656,36.94310439139901,35.67449471268442,35.74082565307617,4887200.0
2018-02-06,35.131407332848866,35.64963084327023,34.56757990047161,35.496238708496094,7481800.0
2018-02-07,35.42162220682781,36.1139682102943,35.3511413900009,35.48795318603516,4643600.0
2018-02-08,35.5832973270161,35.707669062807376,34.50539313523307,34.5136833190918,5560200.0
2018-02-09,34.94485613161532,35.33870482447589,34.33542463781038,35.14385223388672,5242600.0
2018-02-12,35.284808263930266,35.57915888528529,34.92827017879921,35.29309844970703,3779200.0
2018-02-13,35.201890487894254,35.81961206798432,35.16872342189312,35.68280029296875,3533800.0
2018-02-14,35.86522134336318,36.43733908379658,35.832054272414176,36.33784103393555,4493400.0
2018-02-15,36.55343302978271,36.744139007748295,36.26322896831053,36.65707778930664,3425400.0
2018-02-16,36.51609981273962,37.3286738444564,36.51609981273962,37.166988372802734,4285000.0
2018-02-20,37.012696426645846,37.50475356981476,36.954317035205314,37.07941436767578,4555000.0
2018-02-21,37.025208263466176,37.81750414668728,36.97099973399383,37.06273651123047,4553400.0
2018-02-22,37.20035229395332,37.34630080503135,36.833395583037294,36.91679382324219,4205000.0
2018-02-23,37.02522147024723,37.39634912167578,37.02522147024723,37.35047912597656,3153400.0
2018-02-26,37.47140788113549,37.85921581044912,37.25039964275752,37.84670639038086,3636400.0
2018-02-27,37.7841438441491,38.05519285625913,37.46722485238483,37.52560424804688,4519400.0
2018-02-28,37.66738479275324,37.90924410536235,37.05439796109566,37.06273651123047,4329200.0
2018-03-01,37.11694294631079,37.446371304983145,36.22039781592879,36.55399703979492,4533600.0
2018-03-02,36.44975596102762,36.6040430124318,35.99105612864029,36.491455078125,5099400.0
2018-03-05,36.324656619669256,37.079421162634304,36.26627721753045,36.80003356933594,3981400.0
2018-03-06,36.95433153230847,37.06691949384372,36.49980245613846,37.02104949951172,3276200.0
2018-03-07,36.57902310250702,37.091928272451526,36.54983340325359,37.016868591308594,6128800.0
2018-03-08,37.1586475922514,37.542284529870095,37.06690763294292,37.52560424804688,3290200.0
2018-03-09,37.56314354481752,38.2386776022318,37.52978297418397,38.23033905029297,3613800.0
2018-03-12,38.16361113142421,38.17612372926897,37.75495534877464,37.875885009765625,3446000.0
2018-03-13,38.05936279585143,38.26369387421471,37.73827610068413,37.84252548217773,5045600.0
2018-03-14,37.88422973024197,37.9676311555975,37.5214438696224,37.61735153198242,4053200.0
2018-03-15,37.69240668733581,37.8341875026556,37.5089267550768,37.538116455078125,3513200.0
2018-03-16,37.63402564392252,37.82167325267413,37.47139686795417,37.73410415649414,8094200.0
2018-03-19,37.88839128692148,37.96345096057822,36.954317822533895,37.27957534790039,4998900.0
2018-03-20,37.43803910437126,37.97179545327327,37.37965970255003,37.88839721679688,4794300.0
2018-03-21,37.94677626963966,38.14693648935653,37.72993894793192,37.838356018066406,4883100.0
2018-03-22,37.504751415026846,37.72158868771382,36.98767228992138,37.00435256958008,5500500.0
2018-03-23,37.09609796860615,37.20451821160204,36.05360419751862,36.15368270874024,4228200.0
2018-03-26,36.62907028672623,36.88760996260643,36.32883466557948,36.77085113525391,3450300.0
2018-03-27,36.537323925298736,36.72080067111007,36.028586440788345,36.26210403442383,8107100.0
2018-03-28,36.295472951821466,36.63741087037548,35.99523415866393,36.32049179077149,4722300.0
2018-03-29,36.50397009049493,36.720807441501705,36.412230109955416,36.4956283569336,2898800.0
2018-04-02,36.57068636631416,36.7625080521138,35.37807303714425,35.83677291870117,3210900.0
2018-04-03,36.14535497400567,36.50397319308247,36.003574124365336,36.43725204467773,5217300.0
2018-04-04,35.97854621725865,36.95432208741014,35.96186593436117,36.89594268798828,3697400.0
2018-04-05,37.10445182985104,37.10445182985104,36.41223421247202,36.445594787597656,7055800.0
2018-04-06,36.270449901638685,36.79586454722101,35.920170289811495,36.17036819458008,3570800.0
2018-04-09,36.403895996208064,36.870931326529664,36.17871688418604,36.35385513305664,3285800.0
2018-04-10,36.84590708530718,37.18784497979305,36.72080653648394,37.0127067565918,2355200.0
2018-04-11,36.7708497964994,37.06274685425333,36.56235098912107,36.854248046875,2319200.0
2018-04-12,37.11278017519413,37.42969918884132,37.06273932626921,37.23788070678711,2354800.0
2018-04-13,37.45473126918096,37.58817039873544,37.03773359164323,37.16283416748047,2078500.0
2018-04-16,37.43803015629589,37.62984859949603,37.27123054177114,37.33795166015625,2940800.0
2018-04-17,37.52978554106473,37.76330318859299,37.35464730541854,37.67990493774414,4372900.0
2018-04-18,37.78831853677004,37.830017654831714,37.53811746552245,37.54645919799805,3726500.0
2018-04-19,37.52978867015503,37.7633063371531,37.488089541253885,37.72160720825195,2520200.0
2018-04-20,37.82167743858243,37.96345826340247,37.52978041901013,37.76329803466797,4331600.0
2018-04-23,37.8300091009411,38.021827545803,37.62151037633841,37.77996826171875,1884500.0
2018-04-24,37.8717109406179,37.99681145697612,37.36297350687067,37.67155075073242,2191000.0
2018-04-25,37.69658494071969,37.97180171160272,37.29626761306481,37.87172317504883,3403500.0
2018-04-26,37.96345423270448,38.52222937696995,37.73827519232571,38.09689331054688,4254100.0
2018-04-27,37.99681696950371,38.355435108224256,37.92175728508688,38.27203369140625,2220200.0
2018-04-30,38.37211032768663,38.52222968915572,37.97179309091526,38.00515365600586,3460800.0
2018-05-01,37.73827988920237,37.94677867312062,37.52978110528413,37.863380432128906,2918300.0
2018-05-02,37.78832798519842,37.95512449915019,37.52144974514811,37.57148742675781,6848600.0
2018-05-03,37.32961567408232,37.36297623840854,36.74582170556601,37.07107925415039,4142700.0
2018-05-04,36.89594566592447,37.45472087161591,36.77918367621802,37.37132263183594,3109400.0
2018-05-07,37.37132327113529,37.38800355566441,36.95432570222414,37.18784332275391,3184100.0
2018-05-08,37.2879253918474,37.52978476834438,37.15448628437308,37.37966537475586,2775500.0
2018-05-09,37.47140463851015,37.51310376227572,36.971008790444905,37.321285247802734,2518300.0
2018-05-10,37.42970638607017,37.91342195960176,37.27958699186813,37.82168197631836,2878400.0
2018-05-11,37.81334720069823,37.95512487525002,37.58816808690455,37.72160720825195,2567100.0
2018-05-14,37.7382885045991,37.96346762441036,37.59651082625851,37.72994995117188,1905000.0
2018-05-15,37.72994406772264,37.98014199024043,37.47974296376565,37.61318206787109,2832500.0
2018-05-16,37.58816467028005,38.08022198204237,37.47974439984039,37.87172317504883,2576800.0
2018-05-17,37.86338086487469,38.02183879714557,37.77997944149081,37.971797943115234,2900000.0
2018-05-18,38.10523558694791,38.10523558694791,37.76329771770231,37.85503768920898,3051600.0
2018-05-21,38.03851844286012,38.20531810538702,37.9551170208772,38.15527725219727,2406900.0
2018-05-22,38.17206145030615,38.33142829575901,38.07980030774605,38.23077774047852,2512700.0
2018-05-23,38.08817788897033,38.18882842144052,37.83654995798348,38.004302978515625,3770500.0
2018-05-24,38.029464811727486,38.1217291330013,37.70234818148231,38.004302978515625,2453500.0
2018-05-25,37.88688113548521,38.08818543995693,37.86171929728501,38.02947235107422,2825000.0
2018-05-29,37.76943939674588,37.85331748889448,37.12359248550096,37.38360977172852,4602100.0
2018-05-30,37.744285259636776,38.4572315902475,37.635245317436805,38.213993072509766,3901400.0
2018-05-31,37.99590628146513,38.079784375457805,37.63523847635192,37.79460525512695,5031200.0
2018-06-01,38.163663110819975,38.2391518031999,37.96235886459936,38.07978820800781,2646200.0
2018-06-04,38.26432120729935,38.3314237025278,38.07979574466728,38.104957580566406,1949000.0
2018-06-05,37.96235639062011,38.2223736917886,37.87848149327401,38.12172317504883,3482700.0
2018-06-06,38.23077036258088,38.3985201891343,37.95397738944661,38.3314208984375,2336800.0
2018-06-07,38.4907792587744,38.49916866873046,38.205600113094086,38.314640045166016,2919300.0
2018-06-08,38.33142007973513,38.50755931362786,38.222380135106064,38.49078369140625,2287000.0
2018-06-11,38.56626687932231,38.5746562890454,38.306249571485765,38.37335205078125,3490200.0
2018-06-12,38.4236804180678,38.58304401321483,38.13011185906336,38.364967346191406,2389600.0
2018-06-13,38.43206618757161,38.55788173993325,38.289478214542655,38.314640045166016,3143400.0
2018-06-14,38.289478214542655,38.36496690603516,37.99590965890628,38.314640045166016,2464200.0
2018-06-15,38.1720478125171,38.38173826088202,37.75266691578725,38.37335205078125,4431000.0
2018-06-18,38.07978171137152,38.18043221749903,37.60168780773845,37.886863708496094,3707600.0
2018-06-19,37.73588793076245,37.9875157851008,37.6352342293297,37.7442741394043,3159900.0
2018-06-20,37.73589600891141,37.89525960419569,37.40038999822377,37.50942993164063,2995300.0
2018-06-21,37.40877755511514,37.47588003951686,37.17392525895422,37.26618957519531,2251400.0
2018-06-22,37.46750104939572,37.55137917822557,37.03134757797433,37.06489562988281,3291100.0
2018-06-25,36.91390183905509,37.22424597875998,36.762927673313136,36.972618103027344,2880500.0
2018-06-26,36.99777805977581,37.12359039146891,36.89712755449695,36.90551376342773,2112100.0
2018-06-27,36.830033090022894,37.02294793358223,36.4022659498909,36.41065216064453,2441600.0
2018-06-28,36.41903241260417,36.55323735968462,36.07514023476562,36.24289321899414,3349900.0
2018-06-29,36.444202082894456,36.528076985883146,36.07514483065031,36.083534240722656,4264100.0
2018-07-02,35.94094369245286,35.99965676549265,35.69770518969764,35.97449493408203,2289000.0
2018-07-03,36.10030959654127,36.31000005209792,35.95771842295909,35.98288345336914,1478000.0
2018-07-05,36.360321566376086,36.360321566376086,35.6222135101346,36.10030746459961,3091600.0
2018-07-06,35.97449635118084,36.15902498778768,35.73964404977042,35.99127197265625,2610400.0
2018-07-09,36.04160055826805,36.44420589403653,35.85707191284895,36.36871719360352,3045200.0
2018-07-10,36.33515280500258,36.35192842121063,36.07513555321032,36.251277923583984,2323400.0
2018-07-11,36.04159761243212,36.08353506488433,35.454463679233534,35.63899230957031,3894000.0
2018-07-12,35.815136259687634,35.9157867987902,35.33704219942175,35.63060760498047,3002700.0
2018-07-13,35.57189477101246,35.81513650852134,35.46285481978038,35.731258392333984,2321700.0
2018-07-16,35.73964847993118,36.041603304672485,35.60544669111538,35.88223648071289,3541000.0
2018-07-17,35.932562614087345,36.075150611943336,35.756423369810086,36.01643753051758,2616100.0
2018-07-18,35.95771920954514,36.36032450906632,35.94094358877894,36.28483581542969,2868200.0
2018-07-19,36.242898467870376,36.435813307804345,35.857068788002444,35.97449493408203,2741900.0
2018-07-20,35.81512595839536,36.192569370996864,35.722861657579216,36.11708068847656,2756100.0
2018-07-23,36.0835382647851,36.662282839042994,36.04160080861386,36.46936798095703,2853000.0
2018-07-24,36.48614189835334,36.83842035327719,36.419039411916806,36.63711929321289,2665200.0
2018-07-25,36.67905939944573,36.746161890734,36.3519427534726,36.72099685668945,2272600.0
2018-07-26,36.89714166302633,37.3249088737452,36.830039167434215,37.249420166015625,2637800.0
2018-07-27,38.58304223374695,38.99403691754893,38.16366133990187,38.84305953979492,5349000.0
2018-07-30,38.87660899906772,39.15340193493055,38.73402102577288,38.85983657836914,3707500.0
2018-07-31,39.0863038916639,39.17018200279275,38.71724980156532,39.035980224609375,5180600.0
2018-08-01,39.11986193365103,39.38826553665606,38.99404954453056,39.195350646972656,3958700.0
2018-08-02,39.01081067422393,39.1114643959234,38.79273400978656,38.8849983215332,2520200.0
2018-08-03,38.85983851584936,39.07791519165039,38.69208550389795,39.07791519165039,3059200.0
2018-08-06,39.10307072553866,39.25404809201589,38.93531774060596,39.11984634399414,2051000.0
2018-08-07,39.2456699732149,39.48891169153125,39.1198544086726,39.17018127441406,2137300.0
2018-08-08,39.17018285093357,39.37148392275596,39.08630473798853,39.31277084350586,1884900.0
2018-08-09,39.30437904707131,39.33793028748186,39.128239834349486,39.22050094604492,2060200.0
2018-08-10,39.07790577381075,39.12823262515409,38.76756485624798,38.98564147949219,2491500.0
2018-08-13,38.93532536602813,39.04436530753299,38.71724868264108,38.83467483520508,4607100.0
2018-08-14,38.85145105718091,39.111468398748826,38.84306484599222,39.01081466674805,2392200.0
2018-08-15,38.77595945368704,38.943712461500965,38.599820235312535,38.82628631591797,2603500.0
2018-08-16,39.0443636001681,39.19534098961195,38.92693745273901,39.00242614746094,3037700.0
2018-08-17,38.98564866241584,39.29598963715748,38.98564866241584,39.22050094604492,2895400.0
2018-08-20,39.20371850831122,39.31275521235138,39.08628919687927,39.237266540527344,2003100.0
2018-08-21,39.27101447266892,39.70117235229167,39.06015207299985,39.57465362548828,2982800.0
2018-08-22,39.532484141146206,39.549353520224,39.24571113183375,39.30475234985352,2404700.0
2018-08-23,39.38911039396292,39.38911039396292,39.01799038421942,39.12763977050781,1775600.0
2018-08-24,39.17824708014712,39.37224016402335,39.11076954618709,39.36380386352539,1624700.0
2018-08-27,39.55779151260605,39.76865393385127,39.43970585400435,39.6168327331543,1814400.0
2018-08-28,39.67586836061438,39.70960711545873,39.34692354464386,39.45656967163086,2271100.0
2018-08-29,39.56621975894096,39.743343398942,39.34692428334513,39.59152221679688,2369700.0
2018-08-30,39.5324822481178,39.54091854600525,39.15292928080502,39.22883987426758,1776400.0
2018-08-31,39.22041322475636,39.30475691243108,38.975812025992056,39.00111770629883,4738400.0
2018-09-04,38.874597797319744,39.2878895766069,38.62999660585399,39.27945327758789,2545700.0
2018-09-05,39.27101956575499,39.76865502221288,39.17823958306712,39.70961380004883,2444700.0
2018-09-06,39.70961204989502,39.76021697094511,39.34692843401199,39.549354553222656,2346800.0
2018-09-07,39.58309446494309,39.6758744462436,39.389101421089855,39.49031448364258,2546700.0
2018-09-10,39.58309482918496,39.61683358951474,39.355363023216825,39.44814300537109,3073400.0
2018-09-11,39.3300666809082,39.54936222216045,39.10233483950831,39.3300666809082,2390500.0
2018-09-12,39.23728144526024,39.30475574990322,38.967377791677634,39.060157775878906,2249100.0
2018-09-13,39.195106088568096,39.42283787914301,39.13606487073442,39.38909912109375,1965900.0
2018-09-14,39.43127355298858,39.87830086527104,39.397534792720585,39.81925964355469,2480800.0
2018-09-17,39.86985172884555,40.03010594932817,39.66742246625871,39.68429183959961,2724600.0
2018-09-18,39.76021425443867,39.97107665775454,39.53248247275695,39.861427307128906,2830600.0
2018-09-19,39.97950671406465,40.32532087281375,39.94576796260024,40.21567153930664,3455300.0
2018-09-20,40.4012471214229,40.544632044490974,40.28316144550688,40.3928108215332,2464400.0
2018-09-21,40.48558649540021,40.5614970987793,40.26629098425247,40.519325256347656,4231500.0
2018-09-24,40.5699256795404,40.64583627449816,40.22411146195613,40.232547760009766,2243300.0
2018-09-25,40.41810448962487,40.47714892348533,40.18193962420293,40.232547760009766,1853600.0
2018-09-26,40.2747212894974,40.367501266954655,39.63370096320975,39.675872802734375,3656800.0
2018-09-27,39.65055309291781,39.93732600470519,39.5409069924579,39.68429183959961,1893900.0
2018-09-28,39.48188019130891,39.810825047644016,39.33005899338423,39.70117568969727,2587700.0
2018-10-01,39.84456950760399,39.95421566373381,39.524057686403474,39.77709197998047,1867800.0
2018-10-02,39.734906027528346,39.86985781736004,39.5493461099456,39.71803665161133,2137300.0
2018-10-03,39.80238960457981,39.912038964883145,39.50718350088453,39.53248596191406,2230800.0
2018-10-04,39.57465598008817,39.67587225455497,39.13606499408566,39.30475234985352,4248000.0
2018-10-05,39.304753072745726,39.49874932695586,39.203540013922485,39.22040939331055,2855000.0
2018-10-08,39.13606362755545,39.88673327402821,39.06015303310849,39.75178146362305,2797700.0
2018-10-09,39.73492269087291,40.080736998432265,39.43128023203917,39.98795700073242,2502700.0
2018-10-10,39.94577073450688,40.18193557613676,38.984238773579904,39.07701873779297,5452500.0
2018-10-11,39.07702536555262,39.07702536555262,37.35638723968968,37.52507781982422,6241100.0
2018-10-12,37.84559361123409,38.00585114084801,36.698501308233816,37.15396499633789,4444400.0
2018-10-15,37.12865533184434,37.3985589722776,36.95153167109225,36.95996475219727,3796700.0
2018-10-16,37.06117389278394,37.28890566859306,36.83344211697482,37.26360321044922,2307500.0
2018-10-17,37.263618144508655,38.02272436809774,37.10336381619813,37.71908187866211,3328800.0
2018-10-18,37.66003246050056,37.955238584712816,37.17083006322832,37.28047943115234,2941100.0
2018-10-19,37.14552937754051,37.73594487171687,37.10335753170769,37.50821304321289,3048700.0
2018-10-22,37.58411807481338,37.83715232976285,37.22986754388005,37.34794998168945,3740100.0
2018-10-23,36.749098514734186,37.41542446549827,36.470761822107896,37.3310775756836,4169200.0
2018-10-24,37.32265892613683,37.40700263105786,35.93096527239709,36.01531219482422,4830700.0
2018-10-25,36.32737683479474,36.66475798798853,35.44175532954246,35.585140228271484,4449700.0
2018-10-26,35.35740885252271,35.526099431123576,34.96098969294162,35.171852111816406,4573700.0
2018-10-29,35.50922770022293,36.099643077478255,35.28993221481636,35.66104888916016,3727000.0
2018-10-30,35.812875124040346,36.3948575028012,35.720095138005696,36.38642120361328,4293800.0
2018-10-31,36.622587264885695,36.909360313787616,36.28520928926935,36.3273811340332,4087100.0
2018-11-01,36.27677386142814,36.51294198929001,36.04904525073064,36.15869140625,3257400.0
2018-11-02,36.5382454834324,36.76597731805628,35.939396890998694,36.18399810791016,3519100.0
2018-11-05,36.217742054180775,36.90937080083793,36.19243958363438,36.8671989440918,3075200.0
2018-11-06,36.79126912268146,37.18769144781448,36.79126912268146,37.10334777832031,2302100.0
2018-11-07,37.39856306472684,38.02271731246941,37.11179001319736,38.0058479309082,2974300.0
2018-11-08,37.82028685961176,38.36009418396751,37.81185377782733,38.132362365722656,2895200.0
2018-11-09,38.031158823491104,38.22515192818215,37.83716571880007,37.98898696899414,2256100.0
2018-11-12,37.99739961104688,38.16609015578885,37.39011815448216,37.48289489746094,3852100.0
2018-11-13,37.31421250886273,37.828714073039855,37.280473751948016,37.423858642578125,3894700.0
2018-11-14,37.54194031291031,37.75280271309349,36.95152816640133,37.069610595703125,4685400.0
2018-11-15,36.77441027203872,37.3479563977912,36.57198412030589,37.33952331542969,3102000.0
2018-11-16,37.12864419916134,37.71062314606228,37.07803607519004,37.5925407409668,3513700.0
2018-11-19,37.67689192060995,38.309479117806255,37.48289889957033,38.26730728149414,3476900.0
2018-11-20,38.21640833001543,38.21640833001543,37.46141208885482,37.57169342041016,4743000.0
2018-11-21,37.61411356594203,38.31821008239079,37.5292837520253,37.65652847290039,3737200.0
2018-11-23,37.47838475565279,38.08916978479844,37.35962171910781,37.724395751953125,1347900.0
2018-11-26,38.0891658782955,38.28427702347269,37.537762423975416,37.84315490722656,2222500.0
2018-11-27,37.69046278943691,37.96192208512812,37.478385012425015,37.792259216308594,2559300.0
2018-11-28,37.60562612923826,38.48786706165144,37.60562612923826,38.47938537597656,3527300.0
2018-11-29,38.29276204220636,38.72540250981275,38.258828821992125,38.51332473754883,2626800.0
2018-11-30,38.53029144862816,38.95444702989117,38.45394655060907,38.801753997802734,5432100.0
2018-12-03,39.13259157243144,39.34466934539014,38.58118806831885,39.08169174194336,5199900.0
2018-12-04,39.10713419614819,39.1410674114036,37.57169342041016,37.57169342041016,4680700.0
2018-12-06,37.12209138829348,37.223891047716045,36.18895049593624,36.943946838378906,5326700.0
2018-12-07,36.977886702483815,37.351142479284434,36.55373108682608,36.68946075439453,3814800.0
2018-12-10,36.672492353202166,36.74035880170233,35.84962946341477,36.51131439208984,3516400.0
2018-12-11,36.7318708357804,37.00333013520024,36.1550190155007,36.1719856262207,3246800.0
2018-12-12,36.58765493760634,36.85062928085794,36.35012565318752,36.39254379272461,2859600.0
2018-12-13,37.69046364079199,38.85264897897465,37.53776737901031,38.81023406982422,7666400.0
2018-12-14,38.43697326509826,38.632084410275446,37.7328735691526,37.84315490722656,4709000.0
2018-12-17,37.70742642199719,38.24186328395426,37.4105156159989,37.597145080566406,5062500.0
2018-12-18,37.80921980854728,38.25882358871119,37.55472716385166,37.78377151489258,4482100.0
2018-12-19,37.7413600832118,38.27579371539101,37.03726035757117,37.308719635009766,5454300.0
2018-12-20,37.16450737440831,37.402033427177344,36.57068900643594,36.81669998168945,4935300.0
2018-12-21,36.82519308722669,37.56322300579273,36.536767118262254,36.6724967956543,8134500.0
2018-12-24,36.41799335782387,36.68097094629753,35.90900802612305,35.90900802612305,2204300.0
2018-12-26,36.09563563808028,37.46141698826466,35.52726877044079,37.44445037841797,3960100.0
2018-12-27,37.05421714215071,38.16550548929591,36.81669114638339,38.157020568847656,3986600.0
2018-12-28,38.26731381252664,38.57270632289302,37.95343961511674,38.13158416748047,3314600.0
2018-12-31,38.28427766471663,38.65753335269227,38.09764820270392,38.649051666259766,2702200.0
2019-01-02,37.82619412422697,38.66602358251017,37.7752942904961,38.6151237487793,4022100.0
2019-01-03,38.48786785593667,38.666015619280245,37.56320876791825,37.639556884765625,4239700.0
2019-01-04,38.1909617345371,38.38607287685593,37.91101755030813,38.10612869262695,4761500.0
2019-01-07,38.08068234429905,38.69994901966896,37.91101948785733,38.30972671508789,3414400.0
2019-01-08,38.60663039544654,38.74236001970901,38.02978191936818,38.42848587036133,3017000.0
2019-01-09,38.58967325693964,38.8526476261458,38.30124735428932,38.34366226196289,4501100.0
2019-01-10,38.39455757105158,38.92051276395154,38.36062758767893,38.82719802856445,3734400.0
2019-01-11,38.784778464349664,38.895056560153975,38.470901076461786,38.75932693481445,2381800.0
2019-01-14,38.54724736441616,39.29376188639613,38.53028075754737,38.962921142578125,3603200.0
2019-01-15,38.8950634123802,39.47191523071076,38.88658172507392,39.36163711547852,4011900.0
2019-01-16,39.658546119574495,39.98938694911414,39.49736816663345,39.70944595336914,3544700.0
2019-01-17,39.53128965492872,40.19297440781346,39.51432628336073,40.14207458496094,3449600.0
2019-01-18,40.345672554484935,40.57471691411381,40.108143272619984,40.46443557739258,5387900.0
2019-01-22,40.37111699457379,40.76133924288435,40.04027625204748,40.201454162597656,5943600.0
2019-01-23,40.5068469773088,40.68499149626396,39.989376791349095,40.41353225708008,2933100.0
2019-01-24,40.26085186497522,40.55776274939048,40.11664050321261,40.15057373046875,2730100.0
2019-01-25,40.4898861330502,40.61713408529973,40.22690854189109,40.35415649414063,2891300.0
2019-01-28,40.20994438574111,40.32022249042391,39.88758528608805,40.16752624511719,3255800.0
2019-01-29,40.15904701386032,40.30325834543911,39.904554334806576,39.96393585205078,2645500.0
2019-01-30,40.00634464430614,40.51532992461596,39.8366818055197,40.19297409057617,4422100.0
2019-01-31,39.92999873825852,41.02432071113551,39.870617226804704,40.46443557739258,7986900.0
2019-02-01,40.5492705617793,41.21943711782675,40.20146313482621,40.66803359985352,5461700.0
2019-02-04,40.85466009360102,40.85466009360102,40.362641366684045,40.73589706420898,4140900.0
2019-02-05,40.69348177898893,40.95645613131648,40.557752141515095,40.90555953979492,3358600.0
2019-02-06,40.84617269412199,41.19398004700354,40.76982458075533,41.058250427246094,3702200.0
2019-02-07,40.80376284722154,41.19398841483486,40.625618291862224,41.10067367553711,2789400.0
2019-02-08,40.88859823370542,41.058261111564825,40.44747604569106,40.87163162231445,2641300.0
2019-02-11,40.981900741947015,41.024315639735065,40.57471189829311,40.94796752929688,3303300.0
2019-02-12,41.13459721520756,41.62661585745638,41.06673078949088,41.516334533691406,2554300.0
2019-02-13,41.618146479729134,41.864154255579166,41.42303530216864,41.58421325683594,2104900.0
2019-02-14,41.25337588425383,41.507868605200166,41.10916129288557,41.22792434692383,2429800.0
2019-02-15,41.55027494024269,41.88960065547577,41.52482664421766,41.80476760864258,3380400.0
2019-02-19,41.736528045734055,41.95830256383817,41.7109395543044,41.7877082824707,2902700.0
2019-02-20,41.79624429377736,41.98390194205159,41.70241546964025,41.89860153198242,2967700.0
2019-02-21,41.92419509768352,42.00096384313167,41.54035137044281,41.7109489440918,3898800.0
2019-02-22,41.81329491326424,41.84741506957037,41.47209985795735,41.58298873901367,2923200.0
2019-02-25,41.76211929321289,42.04360573302484,41.6427019868239,41.76211929321289,3081600.0
2019-02-26,41.69387867214925,42.03507048218838,41.65975851498216,41.71946716308594,2347200.0
2019-02-27,41.642699238655545,42.17154866942485,41.40386464163922,41.7877082824707,2783000.0
2019-02-28,41.79623593243033,42.26537670538623,41.702407127063694,41.915653228759766,4440300.0
2019-03-01,42.14596757641808,42.29097664568855,41.85595269175507,41.94124984741211,3062300.0
2019-03-04,41.97536163201704,42.40185383292079,41.574461175804046,41.847415924072266,2672600.0
2019-03-05,41.898606397703055,42.077735652711766,41.65124331447083,41.924198150634766,2434000.0
2019-03-06,41.87301075854835,42.11184538599661,41.73653336373823,41.75359344482422,2187500.0
2019-03-07,41.62564622593032,41.7621236265185,41.301511179329175,41.48064041137695,2957500.0
2019-03-08,41.241797932068046,41.48063579693669,41.09679213364559,41.41239547729492,2542300.0
2019-03-11,41.61712616047652,41.87302093117783,41.489177148186585,41.85596084594727,2236200.0
2019-03-12,41.941248598086666,42.094786076798165,41.77918270561467,41.93272018432617,2530600.0
2019-03-13,42.026537599172656,42.31655239648748,41.95829729209767,42.1288948059082,2381400.0
2019-03-14,42.0947793099934,42.39332580566406,42.03507066163473,42.39332580566406,2376800.0
2019-03-15,42.214195377021504,42.77716489737983,42.214195377021504,42.6065673828125,6845500.0
2019-03-18,42.743055220874055,43.00747834208575,42.60657782654222,42.86247253417969,2897600.0
2019-03-19,43.07571888771648,43.21219628275017,42.640698207883375,42.73452377319336,2448600.0
2019-03-20,42.70041428167643,42.9051287828459,42.12891285366514,42.188621520996094,3006100.0
2019-03-21,42.00948448837406,42.69187140289196,41.91565567752583,42.623634338378906,3080700.0
2019-03-22,42.35069069279012,42.64070561434548,42.15450135284174,42.188621520996094,3596700.0
2019-03-25,42.22272416372662,42.41891016836557,42.02653815908767,42.239784240722656,2244100.0
2019-03-26,42.572459943753394,42.76864600524154,42.22273639868706,42.50422286987305,2212700.0
2019-03-27,42.48715716449055,42.66628312033068,42.32508803445448,42.49568557739258,2318900.0
2019-03-28,42.56392333835054,42.7515776958161,42.15448795835207,42.39332580566406,1983300.0
2019-03-29,42.64923095703125,42.683351122727615,42.38480455370154,42.64923095703125,4071100.0
2019-04-01,42.91365096246327,43.04159668393236,42.45303855586823,42.54686737060547,4066200.0
2019-04-02,42.46156790153109,42.51274814356921,41.99242707142024,42.00948715209961,3630100.0
2019-04-03,42.26538074346821,42.26538074346821,41.19062171994233,41.59152221679688,5489300.0
2019-04-04,41.66828255541324,41.838880069472005,41.506216706689735,41.60857391357422,2525200.0
2019-04-05,41.77064564099953,41.8474143644562,41.64269668394604,41.796234130859375,3149900.0
2019-04-08,41.89860153198242,42.0265505201472,41.71947555165408,41.89860153198242,3303600.0
2019-04-09,41.84741286045559,41.96683014734583,41.65122685286776,41.830352783203125,3082000.0
2019-04-10,41.736522490437565,42.00947720894696,41.62563361920658,41.97535705566406,2493300.0
2019-04-11,42.10331850991257,42.2739160731245,41.92419253278509,42.111846923828125,3147200.0
2019-04-12,42.47010008557088,42.47862849907549,41.85595018915144,42.23126220703125,3611500.0
2019-04-15,42.27391452937458,42.34215159984076,41.6171160500141,41.75359344482422,4309000.0
2019-04-16,41.83035870938153,42.325088004284105,41.65976116656503,42.29949951171875,3326600.0
2019-04-17,42.4444992949068,42.4444992949068,41.73652398525307,41.830352783203125,3103300.0
2019-04-18,41.779177063456565,42.01801166303039,41.58299103468131,41.72799682617188,4271900.0
2019-04-22,41.52327471276638,41.68534055340785,41.327088720239296,41.42091751098633,2234000.0
2019-04-23,41.49769264925437,42.02654206983525,41.3697436868164,41.71946716308594,3495000.0
2019-04-24,41.63418220059198,41.8047765285658,41.52329328430641,41.70241928100586,2436800.0
2019-04-25,41.48917840109063,41.97537945626914,41.44652981366559,41.94979095458984,2939300.0
2019-04-26,42.145975719953206,42.66629693008129,41.51476558294245,42.24833297729492,2853600.0
2019-04-29,42.39334030613329,42.73453223433226,42.35922013714987,42.410400390625,2563200.0
2019-04-30,42.47010096102708,42.99042205023276,42.4103923036308,42.97336196899414,4202800.0
2019-05-01,43.08424658225095,43.26337580401866,42.76011480812935,42.83688354492188,3472900.0
2019-05-02,42.82835237212729,43.13542732284335,42.62363790756842,42.86247253417969,2559200.0
2019-05-03,42.91364699357715,43.23777872775685,42.8795268361233,43.06718444824219,2249700.0
2019-05-06,42.57245241888494,43.22925081501564,42.41038654992179,43.0927734375,2306300.0
2019-05-07,42.85393468219333,43.10982933347099,42.57244828807398,42.743045806884766,2950300.0
2019-05-08,42.61510499756864,43.20366638723937,42.5809848365111,42.85394287109375,2641700.0
2019-05-09,42.56392351436841,43.14395317557471,42.56392351436841,43.06718444824219,3091500.0
2019-05-10,42.94776978283555,43.80928598028476,42.80276397460064,43.73251724243164,3742000.0
2019-05-13,43.14395392976997,43.39131694094127,42.78569877799649,43.05012512207031,4021300.0
2019-05-14,43.126889698304126,43.86898516812065,43.07570946615652,43.61309051513672,3154600.0
2019-05-15,43.280434989770335,43.94576185896091,43.26337490929396,43.76663589477539,3574900.0
2019-05-16,43.894578903782815,44.58549747791126,43.83487025274575,44.29548263549805,2456800.0
2019-05-17,43.97135446010724,44.73051021589192,43.868997221565394,44.50873565673828,2905700.0
2019-05-20,44.47460099526843,44.73902730034124,44.25282650840635,44.491661071777344,3161300.0
2019-05-21,44.5859765562441,44.791759425659095,44.41449137686622,44.54310607910156,2556100.0
2019-05-22,44.49167336746753,44.84321662255205,44.27731764434748,44.76604843139648,2177200.0
2019-05-23,44.48309979163842,44.49167258125588,43.90862476300768,44.1744270324707,2607800.0
2019-05-24,44.24302306532634,44.6717345418152,44.24302306532634,44.59456634521485,2540200.0
2019-05-28,44.50882255913604,44.834644176603575,43.98579406738281,43.98579406738281,4302100.0
2019-05-29,43.98578221472513,44.16584019001322,43.76285376019814,44.09724807739258,2603800.0
2019-05-30,44.14870447240602,44.517393292827,44.07153628422288,44.2172966003418,1907300.0
2019-05-31,43.96007242706996,44.32018847468503,43.82288489405344,43.98579406738281,2448700.0
2019-06-03,43.95149493640887,44.98897909632478,43.84860510769633,44.954681396484375,4181400.0
2019-06-04,45.35766037832012,45.52914229501973,44.98039231164203,45.44340133666992,3319600.0
2019-06-05,45.52058284146862,46.20652052161668,45.45198743804938,46.09505462646485,3046600.0
2019-06-06,46.22367164572363,46.3094126334055,45.88927721463168,46.14650344848633,3297700.0
2019-06-07,46.30083325437038,46.9267515336454,46.266535555854574,46.77241516113281,2343700.0
2019-06-10,47.063934518445656,47.14110269726049,46.54948217355224,46.60092544555664,2942900.0
2019-06-11,46.78956952463459,46.96962755684995,46.23224330590063,46.33513641357422,2685200.0
2019-06-12,46.463746944885806,46.858163974643965,46.463746944885806,46.62665939331055,2571000.0
2019-06-13,46.75527018552408,46.935331482245786,46.56663936967628,46.70382690429688,2890900.0
2019-06-14,46.78956090538317,47.25256999219512,46.58378126956119,47.19255065917969,2923600.0
2019-06-17,47.26972197718638,47.35546295266735,46.72954467339233,46.77241516113281,1769600.0
2019-06-18,46.90960263373053,47.42405829848644,46.84958329679695,47.08966064453125,2554900.0
2019-06-19,47.31259512476038,47.544099696544045,47.175407593793246,47.278297424316406,2619300.0
2019-06-20,47.56124157048951,47.5783904181961,46.8410063208539,47.44977569580078,3248600.0
2019-06-21,47.44120856656631,47.73272919992882,47.0810892633861,47.11538696289063,4826900.0
2019-06-24,47.12396085920281,47.43263362037629,47.01249823940807,47.17540740966797,3910700.0
2019-06-25,47.24399842981962,47.466930205790376,47.04679156388158,47.11538696289063,2674500.0
2019-06-26,47.11538023094546,47.14967792554946,46.446588269400245,46.50661087036133,2779200.0
2019-06-27,46.60950599939555,47.09823675541589,46.60950599939555,46.77241516113281,2979300.0
2019-06-28,46.98677763746216,47.123965180473945,46.82386845226346,46.99535369873047,3337200.0
2019-07-01,47.57839175102734,47.87848841727879,47.295440662154526,47.8613395690918,2890000.0
2019-07-02,47.989948689411776,48.22145320668171,47.76701695982978,48.19572830200195,2560800.0
2019-07-03,48.384364162052805,48.81307552037628,48.35006646839298,48.74448013305664,1599400.0
2019-07-05,48.795923147086405,48.8387936256589,48.46152883508992,48.710182189941406,2153500.0
2019-07-08,48.598727315066,48.82165581652215,48.49583748907152,48.57300567626953,1855700.0
2019-07-09,48.29863369766216,48.65874974694649,48.23003829543154,48.47011566162109,2536200.0
2019-07-10,48.52155636197613,48.94169497295125,48.332922299398525,48.45296096801758,2202900.0
2019-07-11,48.48725760056968,48.56442578167479,48.07569505827851,48.32434844970703,2830900.0
2019-07-12,48.56441859798013,48.838793585588434,48.307192455948325,48.77877426147461,2209100.0
2019-07-15,49.00172046096308,49.02744210152349,48.46154311353271,48.50441360473633,3026600.0
2019-07-16,48.21288662216756,48.5387082220696,47.84419453378571,48.1099967956543,3330500.0
2019-07-17,48.118559407537255,48.178578732876105,47.578385479487615,47.70699691772461,2843700.0
2019-07-18,47.83562376147327,48.19573980485881,47.61269197868423,48.12714767456055,2136500.0
2019-07-19,48.332921004256455,48.435814092437134,47.12395502000423,47.15825271606445,3987600.0
2019-07-22,47.20111785024433,47.47549284600767,46.9781893927396,47.209693908691406,3105700.0
2019-07-23,47.20113211880248,47.338319658154944,46.78099671051448,47.321170806884766,2388900.0
2019-07-24,47.26114684964667,47.32974224803172,45.83782504124307,46.23223876953125,6052000.0
2019-07-25,46.180794437237815,46.36942850768154,45.85497284396461,46.1036262512207,3158300.0
2019-07-26,46.12934427120789,46.30082947899545,45.323368046657095,46.20651245117188,4372900.0
2019-07-29,46.07789916493042,46.163640130008304,45.22904921910351,45.40910720825195,3568100.0
2019-07-30,45.29764084304559,45.67490563716454,45.15187728955807,45.34051132202149,2697700.0
2019-07-31,45.2805025094466,45.73493557954482,44.79177173988208,45.13473892211914,5368700.0
2019-08-01,45.08329211419896,45.76922969578031,44.67172629444175,44.85178756713867,4429000.0
2019-08-02,44.83463328868444,45.33193674854778,44.40592194326762,45.04041290283203,3600900.0
2019-08-05,44.53453878012544,44.88608199512719,43.85717725811315,44.037235260009766,4235700.0
2019-08-06,44.08867359581181,44.63742687044169,43.71998484452552,44.61170196533203,3750200.0
2019-08-07,44.14869668825799,44.937524009883525,43.67711158206004,44.6802978515625,3378200.0
2019-08-08,44.98039210284658,45.46054997147716,44.91179999064672,45.34051132202149,2968600.0
2019-08-09,45.35766016777343,45.503420450453056,44.92894883639866,45.34051132202149,2279800.0
2019-08-12,45.10043652151639,45.60631608808266,44.81748870743467,44.86035919189453,1999100.0
2019-08-13,44.73174973942185,45.54630212338883,44.61171106046415,45.37481689453125,2745600.0
2019-08-14,44.75748168630825,45.177617128711645,43.94292917428168,43.96865081787109,3354900.0
2019-08-15,44.14013169698268,44.78319888942848,44.14013169698268,44.64601135253906,2790500.0
2019-08-16,44.9461004297248,45.297646908500525,44.7917673389076,45.143310546875,2738300.0
2019-08-19,45.64060722403706,45.75207308425832,45.15187657566178,45.16902542114258,2677700.0
2019-08-20,44.927712106625286,45.29830350353425,44.64330337928013,44.69501495361328,2558100.0
2019-08-21,43.95383826851684,43.95383826851684,42.2043041894874,42.212921142578125,8496800.0
2019-08-22,42.2732511982519,42.79897412248377,41.72167412615901,42.66969680786133,5260500.0
2019-08-23,42.53179706935405,42.73864008861386,41.48897159607907,41.6785774230957,4366800.0
2019-08-26,41.954379330448255,42.2818795124067,41.79924783834475,42.18707656860352,3295100.0
2019-08-27,42.33357821179966,42.66969527253354,41.98884419797506,42.212921142578125,3849300.0
2019-08-28,42.057791479205896,42.40252879539018,42.02331709005573,42.33358001708984,3194700.0
2019-08-29,42.72141071279457,43.023053413093805,42.574899483408906,42.74726486206055,3264000.0
2019-08-30,43.023043517301424,43.3677807706289,42.88514927350205,43.24712371826172,3867900.0
2019-09-03,42.87653457703466,43.46258596592438,42.747257278322,43.41949462890625,3775100.0
2019-09-04,43.77284622192383,43.85902889078044,43.6263317396779,43.77284622192383,2916100.0
2019-09-05,44.11758429815165,44.496795966854535,43.97107308990436,44.06587600708008,2922100.0
2019-09-06,44.21237885994808,44.67777311759099,44.14343338899603,44.44507598876953,3388800.0
2019-09-09,44.4020012673887,44.47094676413035,43.79009560029841,44.02279281616211,3046700.0
2019-09-10,44.074497367920486,44.1951544426998,43.55739467953525,43.92798614501953,3967200.0
2019-09-11,43.95384661741007,44.33305509094414,43.61772949283181,44.298583984375,3255400.0
2019-09-12,44.22101912960638,44.54851601837749,44.108978989942976,44.35891342163086,3090000.0
2019-09-13,44.66054586870232,44.96218853561693,44.54850575485183,44.617454528808594,3827000.0
2019-09-16,44.4106170758815,44.78120856332679,44.3071971896076,44.73811721801758,2512600.0
2019-09-17,44.669169422650704,45.19488906860352,44.54850905927628,45.19488906860352,2531500.0
2019-09-18,45.19488944825416,45.393112258260594,45.03975798169977,45.34140396118164,2234200.0
2019-09-19,45.38449965072349,45.73785396112207,45.28107975900317,45.298316955566406,2449500.0
2019-09-20,45.49653009504352,45.58271277184606,44.77258443186368,44.78982162475586,6646200.0
2019-09-23,44.59159385500841,45.34139357990951,44.514028139490506,45.117313385009766,3216200.0
2019-09-24,45.143175539081874,45.59994964067429,45.065609815447466,45.17764663696289,3654900.0
2019-09-25,45.03113749494372,45.22074333644684,44.49679764521317,44.962188720703125,3659900.0
2019-09-26,45.02252601484444,45.16042029242928,44.72088002236211,44.73811721801758,3953000.0
2019-09-27,44.90185655794559,44.962185086700885,44.453702712237146,44.72087097167969,3625700.0
2019-09-30,44.81567268964011,45.4879067279341,44.77258135420093,45.09146118164063,4004700.0
2019-10-01,45.28968830994065,45.34139989003525,44.28995410838765,44.41923141479492,3412400.0
2019-10-02,44.14344643551309,44.27272046462654,43.49706642696961,43.59186935424805,4182300.0
2019-10-03,43.56601429939076,44.22963153895098,43.462594412915855,44.10897445678711,3125700.0
2019-10-04,44.13482601711129,45.06561480375301,44.13482601711129,44.90186309814453,3162300.0
2019-10-07,44.89324771651664,44.970813451452656,44.53127319092897,44.77259063720703,2777100.0
2019-10-08,44.38475735491408,44.50541442169819,43.97107457408632,43.988311767578125,3065500.0
2019-10-09,44.28134953824648,44.55713813388816,44.26411234006145,44.38476943969727,2682900.0
2019-10-10,44.514032085977966,45.04837190266437,44.33304320861821,44.87600326538086,2578200.0
2019-10-11,45.06561503933331,45.591337972944864,45.06561503933331,45.19488906860352,3663000.0
2019-10-14,45.03114154474249,45.418970215578256,44.98805020079603,45.255218505859375,2594900.0
2019-10-15,45.33278357703176,45.70337504733725,45.30692942857377,45.531009674072266,2781800.0
2019-10-16,45.57410063568812,45.61719197864346,45.32416624382492,45.38449478149414,3347900.0
2019-10-17,45.61719536365189,45.76370659810362,45.37588119506836,45.37588119506836,2067000.0
2019-10-18,45.37587349556347,45.556859091290974,45.28107057751808,45.427581787109375,3490100.0
2019-10-21,45.677514155843575,45.858499743649496,45.54823685732033,45.5913314819336,2819300.0
2019-10-22,45.56547525513491,45.64304097876932,45.11731810609817,45.17764663696289,2471800.0
2019-10-23,45.17765426833429,45.505154410962646,45.03114303653094,45.22074890136719,2764200.0
2019-10-24,45.246605365876704,45.37588269627141,45.04838253688814,45.298316955566406,2144700.0
2019-10-25,45.33277804437262,46.22909234165802,45.33277804437262,45.90159225463867,2749900.0
2019-10-28,46.168769384799695,46.40146658359184,46.04811230860942,46.11705780029297,2164700.0
2019-10-29,45.97054799548955,46.44455936130218,45.90159921401774,46.177391052246094,2248000.0
2019-10-30,46.10844624436767,46.18601198637858,45.78956632172689,45.987789154052734,1970500.0
2019-10-31,45.80680128923043,45.98778691589453,45.53962968249368,45.8154182434082,3395700.0
2019-11-01,46.099827181580494,46.2032470703125,45.84989277012407,46.2032470703125,2238700.0
2019-11-04,46.4273092740039,46.479020845748494,46.01362656302104,46.065338134765625,2171300.0
2019-11-05,46.02226531272964,46.03088226765725,45.32417360785939,45.62581634521485,3376500.0
2019-11-06,45.63442751135203,46.298044689203294,45.53962458770776,46.28080749511719,2784800.0
2019-11-07,46.36699414588557,46.78067697637841,46.28081145573832,46.66864013671875,2725300.0
2019-11-08,46.608306812483406,46.73758083443637,46.42731792149557,46.66001510620117,1849000.0
2019-11-11,46.28941993190663,46.823763033464566,46.24632859472506,46.565208435058594,1395200.0
2019-11-12,46.5910773989027,46.67726009459626,46.42732567436218,46.51351165771485,2033600.0
2019-11-13,46.24633231816629,46.71172668757749,46.09120086169589,46.66001510620117,1677800.0
2019-11-14,46.677251331956,46.789291445451816,46.54797402502556,46.69448852539063,2175300.0
2019-11-15,46.8926997449508,46.95302826325324,46.435925738473,46.88408279418945,2711700.0
2019-11-18,46.7634367171798,47.01337110495521,46.66001683824671,46.8754768371582,2934200.0
2019-11-19,46.996737674255925,47.22193584176712,46.80618919104724,46.84083557128906,2840100.0
2019-11-20,46.75421774598142,47.00539903657203,46.63295872405783,46.88414001464844,2053800.0
2019-11-21,46.962090204234,46.962090204234,46.55500353463185,46.658939361572266,1938900.0
2019-11-22,46.70225703553822,46.82351938452171,46.5463549092532,46.76288986206055,1856900.0
2019-11-25,46.87547430711528,47.074686018969096,46.82350804562495,47.03137969970703,2098000.0
2019-11-26,47.02272358631714,47.4124870995331,46.80618866831501,47.40382385253906,3997700.0
2019-11-27,47.61169181505734,47.62901500243332,47.23058830090611,47.48176956176758,2171200.0
2019-11-29,47.4904397885144,47.69831145946269,47.42980697175546,47.49909973144531,1270600.0
2019-12-02,47.39515649607415,47.49043237374177,45.59358467414847,45.628231048583984,5337100.0
2019-12-03,45.09989228259139,45.247137744374434,44.42430439833914,44.80540466308594,4934600.0
2019-12-04,44.744773229777614,45.48965384149482,44.744773229777614,45.32508850097656,3100000.0
2019-12-05,45.394375483239706,45.74949258065781,45.33374597666054,45.662879943847656,2861800.0
2019-12-06,46.1652372905509,46.191223723776,45.88807289925778,45.89673614501953,2685400.0
2019-12-09,45.70618194774807,46.00932945202783,45.62822926035327,45.94869995117188,2020000.0
2019-12-10,45.94004762706641,46.191228917437,45.84477173733546,46.043983459472656,2499700.0
2019-12-11,46.156574885578,46.156574885578,45.56759975949732,45.94869995117188,3552000.0
2019-12-12,46.01800472100842,46.80619174213496,45.8967456876137,46.68493270874024,2906400.0
2019-12-13,46.53768606236291,46.754220989121,45.82745176692121,46.05264663696289,3896600.0
2019-12-16,46.09594856211922,46.16523800899072,45.41169751493943,45.96602630615234,4308700.0
2019-12-17,46.07863554077744,46.46839909061189,45.983359639255575,46.00068283081055,2818500.0
2019-12-18,46.19124171295995,46.19124171295995,45.81013804846592,45.82746124267578,2706500.0
2019-12-19,45.71484432868453,45.93137921588605,45.61956844966624,45.89673614501953,3001100.0
2019-12-20,46.3817780469746,46.45107080559639,45.86209557355361,46.02666091918945,6487300.0
2019-12-23,46.078632969162825,46.10461610301471,45.42036494305522,45.506980895996094,2477900.0
2019-12-24,45.60225244136006,45.80146415802644,45.54162293211639,45.69752502441406,984700.0
2019-12-26,45.73216881527312,45.810121509042496,45.51563392192045,45.576263427734375,1830500.0
2019-12-27,45.73216881527312,45.84476788495338,45.506973979972855,45.576263427734375,1730900.0
2019-12-30,45.654223675262486,45.87075860444213,45.645563731882056,45.68021011352539,1593100.0
2019-12-31,45.68886435816675,45.99201189958256,45.61091166122262,45.81878662109375,2326700.0
2020-01-02,45.94004831974213,46.22587268918405,45.74949653740713,46.20854949951172,3363200.0
2020-01-03,45.749494574853415,46.09595174531651,45.70618825456064,45.88807678222656,2125400.0
2020-01-06,45.60225423496107,45.83610903463565,45.57626779850567,45.75815963745117,2760700.0
2020-01-07,45.68886556024656,45.78414144835836,45.25579574450962,45.32508850097656,3922100.0
2020-01-08,45.42037444447056,45.86210763672258,45.36840816589606,45.46368408203125,2854900.0
2020-01-09,45.55894082286063,45.69752302421756,45.34240592673665,45.47232818603516,3646500.0
2020-01-10,45.62823738186427,45.9313849401022,45.0825684729754,45.099891662597656,2842800.0
2020-01-13,45.16918065308571,45.48098812809359,45.1345342767314,45.47232818603516,3201000.0
2020-01-14,45.42902115984022,45.47232747757824,45.1431935154608,45.21248626708984,3212500.0
2020-01-15,45.17783615255289,45.532953215113146,45.14318977960556,45.299095153808594,4637100.0
2020-01-16,45.515643376994575,45.83611416059183,45.44635391483939,45.72351837158203,3048600.0
2020-01-17,45.810127322982986,46.30382667815956,45.72351467627367,46.26918029785156,3369800.0
2020-01-21,46.07862980127288,46.24319514445559,45.7581590575758,45.76681900024414,2968700.0
2020-01-22,45.922727628415664,45.95737400964519,45.44635145072233,45.49831771850586,2523400.0
2020-01-23,45.24713899894925,45.619576027062166,44.96997125755849,45.5243034362793,3005700.0
2020-01-24,45.67154373749999,45.73217324919219,45.04792212688236,45.37705612182617,2793800.0
2020-01-27,44.7967490923956,45.12587981968472,44.73611957399703,44.89202499389648,2619600.0
2020-01-28,45.09988854857443,45.63689417354311,45.03925904111314,45.3597297668457,2576700.0
2020-01-29,45.52429450806829,45.714842956324446,45.34240269719368,45.36838912963867,1566400.0
2020-01-30,44.987311290193006,46.00935677450243,44.987311290193006,45.940067291259766,2552000.0
2020-01-31,45.66287462430965,45.73216406487378,44.623506583368446,44.66681289672852,4313400.0
2020-02-03,44.90934182283788,45.42902762179654,44.90934182283788,45.04792404174805,4109800.0
2020-02-04,45.47232819822563,45.7494926010138,45.186500549316406,45.186500549316406,3685200.0
2020-02-05,45.60224934038713,46.14791488647461,45.403034333207,46.14791488647461,4929500.0
2020-02-06,46.11327997188469,46.23453900357556,45.437688746082834,45.68021011352539,3480500.0
2020-02-07,45.654216758063406,46.15657930359502,45.61957038166944,45.84476852416992,2341700.0
2020-02-10,45.758162820192496,45.82745227941837,45.42036555526117,45.68021011352539,2168600.0
2020-02-11,45.810136813425565,46.20856035732652,45.75817053625845,45.85344314575195,2026700.0
2020-02-12,45.9227249609384,45.98335447253795,45.36839610970788,45.385719299316406,2474400.0
2020-02-13,45.39438821900553,45.610923175841855,45.14320687610069,45.43769454956055,2568500.0
2020-02-14,45.47233261038766,45.74949704006899,45.38571996513498,45.74083709716797,2073500.0
2020-02-18,45.6276365597944,45.71471087087964,45.052937470284505,45.174842834472656,2210000.0
2020-02-19,45.20966823928928,45.23579318860802,44.887489318847656,44.887489318847656,2182600.0
2020-02-20,44.82653761594174,44.97456792639826,44.530480316700654,44.83524703979492,2623700.0
2020-02-21,44.65238613069732,45.035521064001045,44.513065242679225,44.87007522583008,2977600.0
2020-02-24,44.00801658042398,44.147337431437535,42.8324937859304,42.86732482910156,4080300.0
2020-02-25,42.9282927768895,43.03278262193174,41.36963791762342,41.53508377075195,4013900.0
2020-02-26,41.83984510306836,42.05753420695703,40.141869428402295,40.53371047973633,5292000.0
2020-02-27,39.85452607108283,40.39439418005624,38.644175047279504,38.66159057617188,6232300.0
2020-02-28,37.71247073920479,38.20009232481657,36.50211623656985,37.311920166015625,8935600.0
2020-03-02,37.5470146728772,39.44526387215504,37.372862730236,39.43655776977539,6569000.0
2020-03-03,39.21016073639053,39.750032111240806,37.51218836577612,37.72987747192383,7325900.0
2020-03-04,38.478725335781874,38.85315086534414,37.54701622408196,38.79219818115234,7922500.0
2020-03-05,37.625385305558055,37.625385305558055,35.8664568827136,36.2060546875,5574500.0
2020-03-06,34.586445525506136,35.6661816093171,34.1946044782876,35.50944519042969,6310800.0
2020-03-09,33.08874138635982,34.96086887241472,32.00029594601904,32.73173141479492,7871300.0
2020-03-10,33.994329414393974,34.19460298049504,32.40084366606054,34.151065826416016,6962000.0
2020-03-11,33.010371842469986,33.167108245253594,31.6345785889682,32.16573715209961,5903400.0
2020-03-12,29.091974223674598,30.2065414689218,27.350461242139637,27.359169006347656,6057800.0
2020-03-13,29.205171259413103,30.34586004903182,27.132770040136077,30.20653915405273,6242000.0
2020-03-16,26.209773049765385,28.31700401243098,25.095204043939862,25.24323272705078,5979300.0
2020-03-17,25.696021864124067,26.427457381553875,23.519130838639168,26.253305435180664,7086300.0
2020-03-18,24.259274212819403,24.89492599610629,20.088350194739583,22.00401496887207,7493400.0
2020-03-19,21.91693568887823,24.77301689232616,21.063594930943427,23.423343658447266,7171300.0
2020-03-20,23.78906650345733,25.556702736111568,22.83994181793969,23.275320053100582,6985900.0
2020-03-23,23.01409338829804,23.501716538422304,21.882108999464407,22.369733810424805,6925700.0
2020-03-24,23.945800864944257,25.443501266596165,23.23178088670513,25.347719192504883,6025300.0
2020-03-25,25.64377155338516,33.28901016467329,25.41737473503044,31.98287582397461,14431000.0
2020-03-26,32.39214330521622,35.8925849246864,30.284910793243988,31.146961212158203,10739400.0
2020-03-27,29.762455583669382,32.35730939359558,29.37932394331306,30.824779510498047,6083000.0
2020-03-30,31.025049550627863,32.00029572847518,30.04109394918078,31.57362365722656,4315900.0
2020-03-31,31.12083769237892,31.347232912992485,29.65796655737215,29.8147029876709,7315700.0
2020-04-01,27.91644885160755,28.865573374518974,27.036983107118164,27.77712631225586,5237000.0
2020-04-02,27.542023141710786,28.83944992849941,27.089231093364745,27.716175079345703,4892600.0
2020-04-03,27.26338378173737,28.438905312663508,27.25467601800179,28.221216201782227,4690300.0
2020-04-06,30.067211582168778,31.44300802103279,29.67537393570351,30.66803550720215,5275800.0
2020-04-07,32.38342644811673,33.28901382100162,31.04246423551724,31.094707489013672,4625500.0
2020-04-08,31.35592929479173,33.16710378486628,31.12953414436806,32.88846206665039,4296900.0
2020-04-09,33.52412525429644,34.67352356870995,32.679490386253015,33.158409118652344,7065600.0
2020-04-13,33.219364033739744,33.219364033739744,31.8087360174378,32.4618034362793,2828200.0
2020-04-14,33.11486776923028,33.48058721697083,32.55758415521834,32.897178649902344,3347800.0
2020-04-15,31.51267881095865,31.80873617516844,30.763830957178783,31.129547119140625,3689500.0
2020-04-16,31.09470810134197,31.120833050276413,30.267488914083604,30.511302947998047,2878000.0
2020-04-17,31.547512410385284,32.096090019163654,30.972813165556072,31.76520156860352,3858400.0
2020-04-20,30.92055736890248,31.8087292686872,30.49388860592093,31.47784423828125,3377900.0
2020-04-21,30.415512561156905,30.937964922074887,29.980134486501544,30.11945533752441,3383400.0
2020-04-22,30.86831902925658,31.13825142223318,30.47647793433774,30.88573455810547,2363900.0
2020-04-23,31.155660779402623,31.33852213525641,30.46776579533641,30.511302947998047,3206900.0
2020-04-24,30.97280671805276,31.83485706668297,30.67674939163829,31.59975242614746,3482700.0
2020-04-27,31.64329068843604,32.705614659400766,31.64329068843604,32.453094482421875,3279900.0
2020-04-28,33.55023774881773,34.072693499595154,32.80138683120683,32.905879974365234,2445300.0
2020-04-29,34.046570763223166,34.37745909469583,33.35867579529997,34.12493896484375,3001300.0
2020-04-30,32.348607028199375,33.87243098443566,32.0786713030068,32.42697525024414,5604200.0
2020-05-01,31.599757989421704,31.89581536795836,31.32111614158401,31.88710594177246,3425200.0
2020-05-04,31.39077342363804,31.43431058744216,30.6070945101458,31.129547119140625,3522700.0
2020-05-05,31.22532746229708,31.904516444148527,31.22532746229708,31.277570724487305,3421600.0
2020-05-06,30.93797282363626,31.32110775305518,29.84952735900879,29.84952735900879,4079500.0
2020-05-07,30.36328267890968,31.7477858498688,30.337161043013086,31.234039306640625,2977600.0
2020-05-08,31.913221422508613,32.10478555996943,30.87701924447848,31.57362365722656,2570700.0
2020-05-11,31.068589281280087,31.29498448857961,30.459059123927656,30.833484649658203,2938800.0
2020-05-12,30.937970466501252,31.007632565332457,29.29224158083857,29.30095100402832,3698600.0
2020-05-13,28.99618779244404,29.02231274348447,27.70746870407676,27.85549736022949,4405000.0
2020-05-14,27.36787563819369,28.552104948106862,26.401335441965376,28.52597999572754,5193200.0
2020-05-15,28.16026242190945,28.874282412113065,27.751007507260955,28.72625541687012,10064000.0
2020-05-18,30.250079145238367,30.58967361367423,29.97143403809725,30.25878524780273,3832400.0
2020-05-19,29.995439296997866,30.23245371827379,29.240508566474585,29.521413803100582,3141600.0
2020-05-20,29.890099206828584,30.811819678665618,29.784760585415484,30.548471450805664,4786800.0
2020-05-21,30.381680424546516,30.68891941912329,30.276341819070748,30.592357635498047,4426000.0
2020-05-22,30.6713648650287,30.6713648650287,30.17978243462687,30.4606876373291,2875000.0
2020-05-26,31.821325152985366,32.1812351793902,31.233180888546368,31.803768157958984,3783300.0
2020-05-27,33.33118780065038,33.33118780065038,32.18122992894863,32.62892150878906,4554000.0
2020-05-28,32.88348863092424,32.99760739093102,31.777425056611584,32.15489196777344,4103800.0
2020-05-29,31.680858751458874,32.251449121160654,31.29461507496491,32.014434814453125,17390300.0
2020-06-01,32.00566277614963,32.69037206344443,31.82131938476994,32.4533576965332,5017900.0
2020-06-02,32.7781540786902,33.0853930681162,32.47969191096759,32.690372467041016,2849800.0
2020-06-03,33.55064647323664,33.936890269728885,33.357522900663525,33.541866302490234,3641700.0
2020-06-04,33.35752101526616,34.533812679750646,32.9976110540476,34.5250358581543,4657100.0
2020-06-05,36.53526450808941,36.70205426378645,35.44675775400637,35.57843017578125,3948900.0
2020-06-08,36.23680310723691,37.0356278716123,36.0612398744411,36.95662307739258,4033600.0
2020-06-09,35.82422240044741,36.21046616738417,35.25363189713623,35.28874588012695,3220900.0
2020-06-10,35.02540480298046,35.13952024784547,34.08612733388121,34.314361572265625,3830800.0
2020-06-11,32.47969566931303,33.1644016956373,31.28584686027793,31.30340385437012,5382300.0
2020-06-12,32.6376982792106,32.7167030613821,31.320954142121376,32.16366958618164,3265200.0
2020-06-15,31.101498975344988,32.81326714379244,30.82059380755044,32.58502960205078,3271300.0
2020-06-16,34.0510146154351,34.0510146154351,32.30413205191629,32.78693771362305,3449800.0
2020-06-17,32.98005897656328,33.20829655592357,32.2602389468657,32.295352935791016,3432000.0
2020-06-18,31.926656706100907,32.82204316228629,31.7071993398394,32.57625198364258,2835300.0
2020-06-19,33.252187124040994,33.313634929882795,31.75109592070117,32.128562927246094,7694300.0
2020-06-22,31.935436395894133,32.35679413094328,31.59308344545755,32.00566101074219,3532600.0
2020-06-23,32.54114594644771,32.73426954747911,31.90910750573005,31.94422149658203,3159600.0
2020-06-24,31.566744624868697,31.66330639527894,30.70647220913273,30.87325859069824,4040100.0
2020-06-25,30.618696057834526,31.48774544890161,30.408015489562917,31.452634811401367,2801800.0
2020-06-26,31.040052938372902,31.18928235218531,30.10955242440886,30.44312858581543,4875400.0
2020-06-29,30.882044075647084,31.28584486809199,30.443129297253755,31.10150146484375,2739000.0
2020-06-30,30.943488892274555,31.78620438183408,30.90837490971282,31.62819480895996,3768800.0
2020-07-01,31.566747813050675,31.847652983349494,30.70647531042881,31.06638526916504,3154600.0
2020-07-02,31.7949894765552,32.23390428059973,30.84693189246499,30.9522705078125,3075400.0
2020-07-06,31.80376248984183,32.154895630481164,31.32973375457487,31.61941909790039,3332600.0
2020-07-07,31.27706292094606,31.48774010480755,30.35534270708177,30.390453338623047,3488400.0
2020-07-08,30.574800384775585,31.18927830143692,30.43434446250614,31.07516288757324,3085000.0
2020-07-09,30.94348477636015,31.048823361380173,29.68818853030633,29.81986427307129,3806900.0
2020-07-10,29.9603265363212,30.618698766002524,29.85498456854108,30.60991859436035,2782200.0
2020-07-13,30.80303194270206,31.1366080324289,30.451898864183995,30.618688583374023,3117300.0
2020-07-14,30.618698915694647,31.31218178937206,30.364127515296254,31.294628143310547,4162200.0
2020-07-15,31.97055951486485,32.16368314126386,31.45264315071279,31.84766387939453,3532800.0
2020-07-16,31.61942341653606,32.400691245078995,31.52286162223897,31.92666244506836,2194700.0
2020-07-17,31.89154850917103,31.96177313044037,31.36484878070837,31.79498672485352,2800800.0
2020-07-20,31.5579709963051,31.73353756493196,31.198061037514243,31.584304809570312,2485000.0
2020-07-21,31.707196181303576,32.42701600304364,31.707196181303576,32.0495491027832,2684000.0
2020-07-22,31.707207431318945,32.356802874633274,31.60186880625469,32.181236267089844,2154200.0
2020-07-23,32.06710884007404,32.65525631476568,32.005661046268685,32.47091293334961,2537300.0
2020-07-24,32.602586036418955,32.77815260045343,32.20756210450482,32.27779006958008,2226400.0
2020-07-27,32.111011577504655,32.19879320679668,31.628202570434997,31.97933578491211,3311000.0
2020-07-28,31.84765751166746,32.12856272190731,31.680871089542,31.85643768310547,3863800.0
2020-07-29,31.900326517353964,32.1461177239177,31.329735960797823,32.04077911376953,3904800.0
2020-07-30,31.268296903208284,31.39119254085741,30.68892936239455,30.978614807128903,4575900.0
2020-07-31,30.84693067483104,31.294625632530764,30.750368885968197,31.22439765930176,4404200.0
2020-08-03,31.233177899442392,31.426298128941635,30.934715709866374,31.040054321289062,2937700.0
2020-08-04,30.943487359436407,31.224392508707805,30.74158699268844,30.776700973510746,4122000.0
2020-08-05,30.98738122890258,31.70720116375473,30.952267244603973,31.20683860778809,2700900.0
2020-08-06,30.9786057119998,31.51408227481977,30.873263754666887,31.08394432067871,3285700.0
2020-08-07,30.855716193560664,32.10223279652848,30.82937902470813,32.05834197998047,2963000.0
2020-08-10,32.19878309546349,33.050278696551246,32.190002926098806,32.892269134521484,3102300.0
2020-08-11,33.58575429006549,34.024669028218554,33.26095832145525,33.38385391235352,3963200.0
2020-08-12,34.18268347547308,34.18268347547308,32.77815745259316,33.023948669433594,3217400.0
2020-08-13,32.57625871489984,33.13806915283203,32.435806105416795,33.13806915283203,3123000.0
2020-08-14,32.90105618213661,33.5682086177839,32.80449438103072,33.418975830078125,2660900.0
2020-08-17,33.29607630582912,33.52431052369111,32.75182290273197,32.88349533081055,2497400.0
2020-08-18,33.051538727346205,33.35224861580633,32.78620726667493,32.84811782836914,2195000.0
2020-08-19,32.71545273652404,33.078073175057334,32.5916282432313,32.75082778930664,2497400.0
2020-08-20,32.23785610836129,32.68007634750514,32.20247767950034,32.423587799072266,2409800.0
2020-08-21,32.503182082988204,32.697760034960815,32.14056168313969,32.2113151550293,2928400.0
2020-08-24,32.36167412264928,33.095757894603146,32.21131750138931,33.06038284301758,2709300.0
2020-08-25,33.41416788904111,33.52030320007864,32.65354836263943,32.812747955322266,2826300.0
2020-08-26,32.58277751707627,32.6004667261657,32.184778747243456,32.23784637451172,2802700.0
2020-08-27,32.24668978430126,32.989619708037964,32.16709002911977,32.61815643310547,2778900.0
2020-08-28,32.91887896073485,32.92772188189465,32.44128024515386,32.83927917480469,3101600.0
2020-08-31,32.901191528323665,32.901191528323665,32.07866148707508,32.12288284301758,3362200.0
2020-09-01,31.839848825733306,32.830420955627574,31.75140615076609,32.45895767211914,3889300.0
2020-09-02,32.40589641539049,33.13113728912895,32.28207529653842,32.6358528137207,3197800.0
2020-09-03,33.06038628901759,33.86522699577866,32.41474513953873,32.67123031616211,5241200.0
2020-09-04,33.28148820101606,33.67064070400885,32.591622498334104,33.48490905761719,5104300.0
2020-09-08,33.51144945206872,33.60873844528259,32.556255482248176,32.67123031616211,5122100.0
2020-09-09,32.945409587660485,33.21074107063888,32.70661024081807,32.75967788696289,3473800.0
2020-09-10,32.84811108069049,33.210731456355134,31.990202939341884,32.02558135986328,3335900.0
2020-09-11,32.087502563139765,32.54741206101018,31.85754950114105,32.184791564941406,3067000.0
2020-09-14,32.715448007839804,33.13997894472162,32.37051345861835,32.78620147705078,3441400.0
2020-09-15,32.83042868340192,32.936563966991315,32.290919467043175,32.45011901855469,3220600.0
2020-09-16,32.51202769459911,33.37878225760901,32.379363658616086,32.91002655029297,3813000.0
2020-09-17,32.688921059650696,33.290340887763406,32.36167900943058,33.27265167236328,3793300.0
2020-09-18,33.15767225250839,33.962512885728586,33.08691540068261,33.431846618652344,17653100.0
2020-09-21,32.79505335465367,33.07807402744241,31.77794549228172,32.202476501464844,5030700.0
2020-09-22,32.07865630143555,32.65354058350212,31.81332483479924,32.16709899902344,3618100.0
2020-09-23,32.2820774871918,32.688919297848884,31.486079706451694,31.50376892089844,3137600.0
2020-09-24,31.61875339280283,32.03444157998404,30.88466603023799,31.547996520996094,2932700.0
2020-09-25,31.13231032826496,31.795640789631943,31.11462111109706,31.601062774658203,2924000.0
2020-09-28,32.15826126475706,32.68008136197032,32.06097225739766,32.13172912597656,3502200.0
2020-09-29,31.92829742363721,32.14056460635616,31.486077219022444,31.8575439453125,2908100.0
2020-09-30,32.060967548940944,32.565098354973095,31.87523585700756,32.149410247802734,3922300.0
2020-10-01,32.175948643810806,32.45896935421214,31.786792636604225,32.184791564941406,2482900.0
2020-10-02,31.831005172906096,32.85695569864995,31.565670406386644,32.61815643310547,2973800.0
2020-10-05,33.016152518607804,33.37877284624741,32.8481067303229,33.10459518432617,3317300.0
2020-10-06,33.45838556686121,34.02442694420619,32.91887632474405,33.05154037475586,4076900.0
2020-10-07,33.369944703140646,33.96252168210719,33.24612355424792,33.529144287109375,3448400.0
2020-10-08,33.79446745351704,34.13939867560967,33.54682521691154,33.82100296020508,2320000.0
2020-10-09,34.04211247697998,34.095176741696164,33.55566755793243,33.69717788696289,2539600.0
2020-10-12,33.732564152575634,34.245541323203845,33.66181065855256,33.962520599365234,2163800.0
2020-10-13,33.84753459105267,33.88291301686377,32.80389464673207,32.91002655029297,2579300.0
2020-10-14,32.90118579951812,33.35224894978888,32.68891860453195,32.70660781860352,2626000.0
2020-10-15,32.37936650026721,33.06922899476478,32.19363480926751,32.94540786743164,2443800.0
2020-10-16,33.086915305476055,33.37878225760901,32.71545195607671,32.91002655029297,2630900.0
2020-10-19,32.98963387868671,33.14883345743364,32.22017149732531,32.2643928527832,3208400.0
2020-10-20,32.66239212851284,32.945412854940734,32.46781411389122,32.64470291137695,3219300.0
2020-10-21,32.494337461791574,32.74197966123913,32.33513794104046,32.414737701416016,2760300.0
2020-10-22,32.432427749908015,33.19304703141441,32.11403204092911,33.17535781860352,2311900.0
2020-10-23,33.40530930767299,33.63526229271477,33.12228869198838,33.4760627746582,2501500.0
2020-10-26,33.06922224959872,33.09575437893755,32.14056061014767,32.520870208740234,2998300.0
2020-10-27,32.4412762904384,32.450119210520214,31.26496886107489,31.273815155029297,3849200.0
2020-10-28,31.698351001745703,32.08750364823921,30.079823096398574,30.20364761352539,6813500.0
2020-10-29,30.25670622710484,30.60163745414772,29.70835410652058,30.265552520751957,4621200.0
2020-10-30,30.04444931880556,30.442444903711216,29.51378291580926,30.02676010131836,5321300.0
2020-11-02,30.592793419605734,31.530301453561734,30.26555141790893,31.41532325744629,4717900.0
2020-11-03,32.007906919836586,32.31746318143754,31.831021483348533,32.05213165283203,5029000.0
2020-11-04,31.530303831138667,32.901185872955,31.20305843089321,32.30860900878906,5122500.0
2020-11-05,32.582788770889955,33.20189780736796,32.370521562373305,32.90118789672852,5234000.0
2020-11-06,32.9277163976045,33.290336834473734,32.414742708949895,32.6358528137207,3970300.0
2020-11-09,35.616419879036,37.34992247554879,34.64353328998452,36.695438385009766,7856300.0
2020-11-10,36.695436359096576,37.41183097611166,36.38588017217701,37.01383209228516,4886900.0
2020-11-11,37.004991658731406,37.07574514623679,35.96135157051239,36.15592956542969,4186300.0
2020-11-12,35.64294432630204,36.05863235756657,35.14765990492006,35.651790618896484,3908300.0
2020-11-13,36.04095376526327,36.99615121457472,35.81984361946411,36.72197341918945,2908100.0
2020-11-16,37.80982496336858,38.26088805737518,37.35876186936199,38.23435592651367,5340800.0
2020-11-17,37.90498840277554,38.60824884564737,37.593414139551136,38.27887344360352,4739500.0
2020-11-18,38.36789108463631,39.13346906419243,38.14533950434058,38.15424346923828,5550900.0
2020-11-19,37.9494901967473,38.93761959448327,37.85156697414398,38.91981506347656,3475500.0
2020-11-20,38.67056467675484,39.15127694631204,38.56374085992032,39.03554916381836,4462100.0
2020-11-23,39.50735746008518,39.94355665550452,39.32931551678709,39.569671630859375,4779700.0
2020-11-24,40.41536965111009,41.332281104995104,39.83673416522344,41.06521987915039,5006300.0
2020-11-25,40.63792688401608,40.80706489151178,40.09490039170327,40.602317810058594,4127900.0
2020-11-27,40.20171653863884,41.06521773989217,40.20171653863884,40.30854034423828,2073600.0
2020-11-30,39.87233987221093,40.22842034469004,39.08895739936897,39.10676193237305,5918300.0
2020-12-01,40.00587250827939,40.17501388966436,39.52516365579159,39.7922248840332,4043100.0
2020-12-02,39.65869962968125,40.54890614615386,39.42724742958045,40.33525848388672,3684400.0
2020-12-03,40.29964928752859,40.71804743569556,40.1750209189346,40.67353439331055,2917800.0
2020-12-04,40.424255532604285,41.26104797510738,40.32633232633835,41.207637786865234,4836300.0
2020-12-07,40.94948604194022,40.94948604194022,40.09488888737743,40.21061325073242,3582200.0
2020-12-08,39.979152894315696,40.54888421335283,39.70318780096548,40.27292251586914,3426600.0
2020-12-09,40.53999173819279,40.655716100810345,40.02367050485095,40.16610336303711,3842800.0
2020-12-10,39.70320621754926,40.513293949294486,39.66760054049341,40.3708610534668,2881200.0
2020-12-11,39.78331493702687,40.11269368500563,39.631981508929,39.91684722900391,3314600.0
2020-12-14,40.49548529746932,40.56670003423998,39.33821441317205,39.34711837768555,3198200.0
2020-12-15,39.90794825502938,40.14830095680112,39.33821339625477,39.94355392456055,2957500.0
2020-12-16,40.05038305355277,40.26403066451973,39.63198500459677,39.77441787719727,3282400.0
2020-12-17,39.92575383633653,40.05928614851201,39.58747786499611,39.8901481628418,3037300.0
2020-12-18,39.91685224656436,40.19281743326776,38.741780154581605,39.0711555480957,10298600.0
2020-12-21,38.96433364191847,39.053352921529786,38.03851819214229,38.80409622192383,4155700.0
2020-12-22,38.81300524374745,38.94653758811126,38.27888265802935,38.30558776855469,4044500.0
2020-12-23,38.65275578011868,39.08005779098014,38.40349910367243,38.75067901611328,5450700.0
2020-12-24,38.87530501847717,39.1067605434422,38.617147788755545,39.026641845703125,1383500.0
2020-12-28,39.24029852326165,39.83673516272047,39.08896167411067,39.09786224365234,2282700.0
2020-12-29,39.3115100204153,39.45394289239309,38.90201593796257,38.94652557373047,2386700.0
2020-12-30,39.05335397715056,39.59638042671409,39.01774830186431,39.177982330322266,1954500.0
2020-12-31,39.17798112376924,39.73881209163812,39.08006127491274,39.58747863769531,2159000.0
2021-01-04,39.70319237979081,39.79221503107361,38.30556901538672,38.448001861572266,3111200.0
2021-01-05,38.57264777697393,38.90202321833888,38.24326893974081,38.51033020019531,2561700.0
2021-01-06,39.088960256010175,40.237327249690246,38.75958486103253,39.99697113037109,3842900.0
2021-01-07,40.219521028557246,40.29073576692372,39.569670835075776,39.77441787719727,4217400.0
2021-01-08,39.98807128600247,40.05038886042639,38.91982628454857,39.60528564453125,2915700.0
2021-01-11,39.36492016941205,39.89904254353103,39.16907371416372,39.623077392578125,2479000.0
2021-01-12,41.13643487083184,41.4302045981504,40.2907381539706,41.1097297668457,5828100.0
2021-01-13,40.88718060537806,41.448011593456805,40.62011936205845,41.02961349487305,4059800.0
2021-01-14,41.26106082040594,41.83969627618962,41.118627947640846,41.723968505859375,2868300.0
2021-01-15,41.421294910771024,41.67945553319933,40.95838726237562,41.37678527832031,4218800.0
2021-01-19,41.66166088298751,42.13347260730484,41.50142345146359,41.88421249389648,2665200.0
2021-01-20,41.81299347503557,42.02664109800806,41.58153792163635,41.89311218261719,2368300.0
2021-01-21,41.76847448900688,41.94651641335946,41.22545154373905,41.234352111816406,2926500.0
2021-01-22,40.82486941651037,41.492524271610215,40.74475069806367,41.3322868347168,3773800.0
2021-01-25,40.90498219710032,41.49251824846544,40.70023514542876,41.4569091796875,5031400.0
2021-01-26,41.60825206400395,41.83080368237056,41.30558172719063,41.3322868347168,3956600.0
2021-01-27,40.74474466902523,41.01180589237422,39.84563436218012,40.19281768798828,4463200.0
2021-01-28,40.61122074237792,41.40350400673225,40.32635492588802,41.05632400512695,4272600.0
2021-01-29,40.860477937136295,40.91388815146537,39.85454368489819,40.21952819824219,5236800.0
2021-02-01,40.40647129916068,40.86047850244799,39.93466295476284,40.602317810058594,3161700.0
2021-02-02,41.180943204736,41.55483162803519,40.985100121929406,41.22545623779297,3120300.0
2021-02-03,40.94948955043929,41.06521731957692,40.53109150531154,40.85156631469727,3327700.0
2021-02-04,41.002897662528255,41.519215478423135,40.53108608036409,40.726932525634766,4893100.0
2021-02-05,40.83376203014362,40.85156656364772,39.996969330656206,40.45987701416016,4651400.0
2021-02-08,40.69132464972884,41.376783832289725,40.55779575704327,41.1987419128418,4668700.0
2021-02-09,41.20765191496073,41.4658125661968,40.860471988889714,41.17204284667969,3708300.0
2021-02-10,41.350088325706295,41.71507281710685,41.03851404542371,41.56373596191406,4039900.0
2021-02-11,41.670560770026974,41.91091689378466,41.35898650773319,41.74177551269531,2767800.0
2021-02-12,41.55483078105346,42.160171342919554,41.35898430637103,41.76847839355469,2322700.0
2021-02-16,41.732624887870585,42.18088080163916,41.553321838378906,41.553321838378906,3853000.0
2021-02-17,41.46366054904068,42.26155530755389,41.3560801170857,42.171905517578125,3541500.0
2021-02-18,41.92985534541805,42.7456809086613,41.91192469986182,42.39604187011719,4195100.0
2021-02-19,42.68290569372764,43.49873088109285,42.6111831445477,43.10426712036133,4752900.0
2021-02-22,42.99669674123913,44.55662847448441,42.99669674123913,44.11733627319336,4837300.0
2021-02-23,44.61042246330536,44.76283123673197,43.71391072761261,44.16216659545898,3594400.0
2021-02-24,44.23388544702087,44.81661939406583,44.16216287264955,44.691104888916016,4483700.0
2021-02-25,44.82558483267006,44.96006295513635,43.606328378034114,43.61529541015625,5113200.0
2021-02-26,43.47184604832186,43.87527350509768,42.84428728678597,42.93393707275391,6661800.0
2021-03-01,43.63322267406321,44.09940916713554,43.4808173270561,43.67805099487305,3527400.0
2021-03-02,43.704951534364746,44.09941550678533,43.59737107278117,43.6063346862793,3894600.0
2021-03-03,43.6601137982573,44.32353043966384,43.60632187331074,43.875274658203125,3185300.0
2021-03-04,43.97389722715392,44.05458341516384,42.76360782692572,43.39116668701172,4515700.0
2021-03-05,43.91113302206652,44.915224948203736,43.58838833368527,44.7807502746582,4230400.0
2021-03-08,44.96902788612921,46.45723720942125,44.942133628815526,45.524864196777344,4898800.0
2021-03-09,45.20211686952987,45.892431267495525,44.68214187802676,45.00488662719727,3333700.0
2021-03-10,45.0138487747418,45.72209379350048,44.933162590074105,45.5517578125,3172400.0
2021-03-11,45.130398834370446,45.946224339504326,45.00488774433765,45.73106002807617,3046600.0
2021-03-12,46.215177108944175,46.5558525100004,45.85657448355089,46.47516632080078,5478300.0
2021-03-15,46.47517250638965,46.82481156614944,46.03588021340867,46.74412536621094,2790100.0
2021-03-16,46.34966145959358,46.45724191967664,45.47108029241937,45.81175231933594,3025800.0
2021-03-17,46.11655284568969,46.403436267753065,45.74001963670157,46.322750091552734,3373600.0
2021-03-18,46.690334429500055,47.31788992996028,46.25104215925691,46.41241455078125,4201500.0
2021-03-19,46.0358717178885,46.11655790293706,45.45314119913377,45.865535736083984,11172400.0
2021-03-22,45.542792469845374,45.71313187708331,45.193153463292646,45.31866455078125,3829100.0
2021-03-23,45.013841681389344,45.23796955682337,44.233877632456526,44.3773193359375,3661600.0
2021-03-24,44.66420501643575,45.43520549436214,44.58351884037554,44.73592758178711,3512100.0
2021-03-25,44.86145264653968,45.90140622912492,44.47595228731296,45.84761428833008,2682000.0
2021-03-26,46.03587772699544,46.26897270085987,45.65934442756657,46.22414779663086,2726900.0
2021-03-29,45.57866059850004,46.35862491632892,45.54279930528647,46.02691650390625,2386800.0
2021-03-30,46.24207386335398,46.69929331308897,45.991048268670646,46.46620178222656,2687200.0
2021-03-31,46.19724635187266,46.44827195094773,45.72209624992453,45.88346862792969,3652100.0
2021-04-01,45.68623444530272,46.15242092983691,45.61451528917781,46.098628997802734,2180800.0
2021-04-05,46.43034821476457,46.63654552402292,45.95519462220114,46.12553405761719,2619800.0
2021-04-06,46.161386234682105,46.5110252300209,46.00001386453797,46.26896667480469,1975500.0
2021-04-07,46.29585784523505,46.56481063758186,46.09862420155124,46.36758041381836,1893100.0
2021-04-08,46.01794666369332,46.27793245450914,45.85657428598933,46.1613883972168,2787900.0
2021-04-09,46.528959064718485,46.66343376911502,46.03587488883558,46.29586410522461,3644800.0
2021-04-12,46.62756887418268,47.12961662356615,46.394477352634944,47.01306915283203,2731200.0
2021-04-13,46.68136359263734,47.09375815073992,46.54688547068529,46.87859725952149,3074600.0
2021-04-14,46.81583671331546,47.425464873176416,46.744114143957546,47.39856719970703,2255700.0
2021-04-15,47.41650519023846,47.452366480474886,47.06686616023548,47.36271667480469,2164500.0
2021-04-16,47.766139824465725,48.04405966834059,47.64062874010951,47.918548583984375,2763400.0
2021-04-19,47.95440678485851,48.15163701047404,47.77510378163686,48.01716232299805,3330100.0
2021-04-20,47.82890377692584,47.86476507016794,46.824811505595015,47.14755630493164,2512600.0
2021-04-21,47.27306068451748,48.01716702376143,47.15651320802564,47.963375091552734,3037700.0
2021-04-22,47.64063344629135,47.837867124003736,47.37168060754231,47.46133041381836,3874600.0
2021-04-23,47.55098516922866,48.02613531362991,47.33582083935732,47.84683227539063,2803400.0
2021-04-26,47.96337976323431,48.4654275863201,47.75718246623149,47.84683227539063,3473500.0
2021-04-27,47.87372084682618,48.02612617738812,47.67648720029158,47.990264892578125,2466700.0
2021-04-28,48.28612210701932,48.41163320146541,47.96337733848888,47.98130798339844,2247400.0
2021-04-29,48.51025080665992,49.19159822440812,47.963378097981575,48.60886764526367,3253400.0
2021-04-30,48.59094019217155,48.61783445176812,47.89165866337084,48.169578552246094,4143000.0
2021-05-03,48.67162177743457,49.2364216949533,48.26819082212062,48.8778190612793,3071000.0
2021-05-04,48.80609133455417,49.28124481843647,48.42955809592485,49.20952224731445,2948400.0
2021-05-05,49.25435163245174,49.69364387080214,48.734376624117736,49.64881896972656,3682200.0
2021-05-06,49.962589312741855,50.38395084440096,49.47847224486803,50.36602020263672,3791500.0
2021-05-07,49.70260762741075,50.35706076079308,49.57709653606629,50.30327224731445,2597200.0
2021-05-10,50.53636401914126,51.41494508253443,50.23154990164398,50.679805755615234,3480900.0
2021-05-11,50.410850179347065,50.50946700903251,49.37986382336418,49.50537490844727,3021000.0
2021-05-12,49.78329045827446,49.90880154114968,48.77023476368416,48.815059661865234,3251700.0
2021-05-13,48.58196946343057,50.01639028473837,48.51025030332165,49.75640106201172,2979600.0
2021-05-14,49.99845078790763,50.7156593616251,49.72949800025361,50.61704254150391,2273900.0
2021-05-17,50.43774266358905,50.71566249931409,50.15085921635309,50.58118438720703,2444000.0
2021-05-18,50.42787773666298,51.04109256808515,50.35573663651738,50.41886138916016,2799000.0
2021-05-19,50.01306466616274,50.54511869197475,49.53511905383793,50.283599853515625,3415600.0
2021-05-20,50.27457970811432,50.43690149627656,49.79663413188178,50.18440246582031,2690900.0
2021-05-21,50.36475961130253,50.89681362504596,50.02208332044785,50.49101257324219,3058400.0
2021-05-24,50.68939737120295,50.97796865662909,50.40984587346948,50.833683013916016,2884100.0
2021-05-25,50.87877864170859,51.113244993444894,50.19342260441185,50.283599853515625,3361900.0
2021-05-26,50.50003255208333,50.78860389146333,50.13931665783748,50.72547912597656,3077300.0
2021-05-27,51.18538209977966,51.4649370541944,50.635295419221016,51.2394905090332,6550200.0
2021-05-28,51.4108269291899,51.52806009197282,50.59922145772035,51.11323928833008,3447300.0
2021-06-01,51.53708536496979,51.87976166181972,51.11324472828935,51.591190338134766,2645200.0
2021-06-02,51.77154557034673,51.8887787394812,51.27556384868122,51.53708267211914,2722500.0
2021-06-03,51.32967479848486,51.79860408960762,51.14030050015886,51.62726593017578,2180100.0
2021-06-04,51.65431309021243,51.87074329457517,51.34770564072271,51.83467102050781,1734900.0
2021-06-07,51.80762175064115,51.91583513951854,51.43788951860522,51.75351333618164,3181200.0
2021-06-08,51.473959610313614,51.74449479104618,50.90583332274621,51.663333892822266,3900700.0
2021-06-09,51.42887398547904,51.57315966260306,51.02307288359651,51.03208923339844,1940900.0
2021-06-10,51.54609564401522,51.65430901764405,50.626273368067366,50.68038177490234,1779800.0
2021-06-11,50.79762368084242,50.92387321181595,50.5631573175701,50.72547912597656,1881500.0
2021-06-14,50.536101661347296,50.72547594593549,49.70645653260997,49.98601150512695,2770400.0
2021-06-15,49.99502650627692,50.29261760835805,49.742527466965456,49.95895767211914,3019600.0
2021-06-16,49.82368482596464,49.98600660829325,49.27359472363338,49.68841552734375,2995800.0
2021-06-17,49.78761765513581,49.89583448113594,47.902884269485625,48.20949172973633,4110400.0
2021-06-18,47.47002878057105,47.71351148667704,46.91092225546192,46.965030670166016,6477200.0
2021-06-21,47.28966564873323,47.87582803689019,47.10029137811313,47.857791900634766,2700600.0
2021-06-22,47.749582251908485,47.85779563785018,47.15440346916692,47.6413688659668,3310100.0
2021-06-23,47.74958016993197,47.80368514052298,47.50609748214836,47.515113830566406,2711500.0
2021-06-24,47.6774421684854,48.14637147155867,47.46101537632348,47.938961029052734,4183600.0
2021-06-25,48.19145230895802,49.08422214240962,48.01109782466106,48.89484786987305,10797300.0
2021-06-28,48.75958128101737,48.78663376715964,48.02913319480257,48.12833023071289,3536400.0
2021-06-29,48.317712972451005,48.59726453173467,48.09226639107161,48.29065704345703,2765400.0
2021-06-30,48.11029563719483,48.434939241486326,47.91190499904904,48.38985061645508,3213500.0
2021-07-01,48.72351321235463,48.96699592877903,48.34476461350008,48.69646072387695,3563500.0
2021-07-02,48.66038828899841,48.885834865696935,48.42592536285033,48.831729888916016,2835900.0
2021-07-06,48.69645816067717,48.70547450968122,47.82172438549614,48.03815460205078,3857300.0
2021-07-07,47.71351683386352,48.516106155023685,47.65039206298859,48.48003387451172,3095200.0
2021-07-08,47.596276518745725,47.83074286694019,46.93797297811611,47.19047546386719,3404300.0
2021-07-09,47.938956195518166,48.30868841488752,47.72252598513639,48.110294342041016,4840100.0
2021-07-12,48.06521238491054,48.64235510592349,47.56923057404266,48.39887237548828,5018600.0
2021-07-13,48.35378106301839,48.6513721970556,47.63235270177303,47.87583541870117,3557700.0
2021-07-14,47.83976211199097,48.39886864992915,47.56922691234616,48.04717254638672,2663100.0
2021-07-15,47.704486204319785,48.47100301552565,47.59626939517654,48.32671737670898,2996200.0
2021-07-16,48.425926978317904,48.49806809644631,47.7586035754103,47.90288925170898,7477900.0
2021-07-19,47.01913894358045,47.32574643499792,46.31574670328702,46.6313705444336,4665300.0
2021-07-20,46.53216082076541,48.18243101501046,46.42394745328669,47.77662658691406,3507800.0
2021-07-21,48.32672275268844,49.08422330075236,48.06520392822845,48.58824157714844,2888000.0
2021-07-22,48.615293792374295,48.76859923484253,47.75859621634011,47.88484573364258,2717900.0
2021-07-23,48.11931388201262,48.48002631072841,47.93895594763399,48.12833023071289,2171800.0
2021-07-26,48.08323507960937,48.59725288678125,47.94796578717846,48.4259147644043,1829000.0
2021-07-27,48.056192341708986,48.66940729566908,47.73154872607815,48.5161018371582,2573000.0
2021-07-28,48.69644669359578,48.93992933986865,48.04715963686812,48.50707244873047,2784900.0
2021-07-29,50.18440677920839,50.68038853453799,49.48101115670087,50.14833450317383,4449000.0
2021-07-30,50.07618932471272,50.40985271379627,49.553155088920505,49.598243713378906,3435000.0
2021-08-02,49.87780483735299,50.59923323774001,49.273606187000006,49.33673095703125,3199000.0
2021-08-03,49.75154817730384,50.1753888361996,48.94895892623533,50.13931655883789,2726500.0
2021-08-04,49.58020832349076,50.11226235622546,49.381814244831226,49.54413604736328,3475300.0
2021-08-05,50.049137962162206,50.4819949587597,49.751546841978026,50.11226272583008,2106100.0
2021-08-06,50.50904351384878,50.8697593696187,50.40984992155133,50.71645736694336,3162900.0
2021-08-09,50.62628039242387,50.85172695878845,50.13931498346639,50.59922790527344,2191000.0
2021-08-10,50.5270879790944,51.36574955796212,50.22950027306755,51.13128662109375,3123200.0
2021-08-11,51.24851421336283,51.573154373567306,50.90583447532075,51.356727600097656,3142700.0
2021-08-12,51.52806542869232,51.78958426504676,51.266546592337896,51.72645950317383,1911600.0
2021-08-13,51.86172279488463,51.969939615602776,51.52806286444039,51.63627624511719,1681600.0
2021-08-16,51.40182112001288,51.97896382428703,51.11324976787581,51.870750427246094,2482800.0
2021-08-17,51.5532995983398,52.06121512429426,51.353760738162784,51.798187255859375,2408900.0
2021-08-18,51.462599038217455,51.88888186054351,51.09980176059958,51.12701034545898,2550500.0
2021-08-19,50.4921132089864,51.12700666922064,50.34699500035209,50.7188606262207,2414500.0
2021-08-20,50.65536854014772,51.24491317299693,50.33792355931556,51.11793518066406,1796700.0
2021-08-23,51.42631828278466,51.916093566404335,50.88212236991017,51.43538665771485,2334700.0
2021-08-24,51.56236466608485,51.72562309395808,51.25398802009001,51.43538665771485,1901100.0
2021-08-25,51.5532995983398,52.19726151632194,51.25399130807428,51.798187255859375,2609900.0
2021-08-26,51.888883894888735,51.90702410546996,51.1088721393532,51.15422439575195,1925700.0
2021-08-27,51.32654968425691,51.9886517813244,51.14515104371579,51.78004455566406,1667600.0
2021-08-30,51.76190754909084,51.78004776025674,51.108873786684,51.181434631347656,1908400.0
2021-08-31,51.099811161470825,51.73470478415834,50.91841248928984,51.40818786621094,3378600.0
2021-09-01,51.57143517157424,51.57143517157424,50.93654168619829,51.09980010986328,2359900.0
2021-09-02,51.32654485807195,51.32654485807195,50.63723424070045,50.782352447509766,2416800.0
2021-09-03,50.70979524291043,50.87305366973992,50.37421001437925,50.52839660644531,1832500.0
2021-09-07,50.51933693327326,50.70073560098338,50.08398220670405,50.11119079589844,2444700.0
2021-09-08,49.98420663809757,50.19281386942554,49.70303856462522,50.03862380981445,2490700.0
2021-09-09,50.011417388916016,50.72794016659818,49.90257958087934,50.011417388916016,2518300.0
2021-09-10,50.33793280256513,50.37421322414813,49.56699287332927,49.5760612487793,2126800.0
2021-09-13,50.074900257212015,50.28350747198604,49.72117482955644,50.093040466308594,2171600.0
2021-09-14,50.35607948825987,50.35607948825987,49.13164105157819,49.240482330322266,2553700.0
2021-09-15,49.322105217481166,49.98420734185947,49.21326395273216,49.5760612487793,2437600.0
2021-09-16,49.58512133002531,49.83908077873457,49.240467762312015,49.48535537719727,2216100.0
2021-09-17,49.34024180384871,49.80280503543309,48.93209574075005,48.96837615966797,7984600.0
2021-09-20,47.97975855763139,48.07045614753816,46.51043268992455,47.22695541381836,4414000.0
2021-09-21,47.544407725294406,47.61696857625391,46.51951165468,46.57392883300781,3548800.0
2021-09-22,47.17254028288325,47.42649979203078,46.8913756454619,47.05463409423828,4131600.0
2021-09-23,47.30858561154369,48.11580594211456,47.30858561154369,47.51719284057617,3059100.0
2021-09-24,47.53532826223874,48.088592512146185,47.435558845384485,47.73486709594727,2167300.0
2021-09-27,48.19743496839154,48.89581749407756,47.81650093250353,48.43325424194336,2519800.0
2021-09-28,48.42418326658492,48.72349155143197,47.84371036736913,47.9162712097168,3030900.0
2021-09-29,47.95254667823714,48.28813537381116,47.79836008288526,47.83464050292969,2210300.0
2021-09-30,48.09767233221697,48.09767233221697,47.19975428663385,47.2813835144043,3316800.0
2021-10-01,47.4174163456014,48.333477801642445,47.29951018582647,48.01602935791016,2284200.0
2021-10-04,48.02511300217329,48.886754047214616,47.67138751607747,47.861854553222656,3071400.0
2021-10-05,48.05232594754805,48.64187078442628,47.6713918387162,48.4604721069336,2225400.0
2021-10-06,47.98882921313872,48.36976672061045,47.53533432227182,48.36069488525391,2508600.0
2021-10-07,48.85046998180557,49.33117345683412,48.650931123541,49.12256622314453,2251100.0
2021-10-08,49.31302777069208,49.793734652237454,49.17698139507402,49.44907760620117,2265000.0
2021-10-11,49.62141854931048,50.24724381924332,49.34932226059239,49.41281127929688,2564300.0
2021-10-12,49.41279950811262,49.65768714758905,49.158843493792425,49.36745071411133,2822700.0
2021-10-13,49.29489137186538,49.38559242251189,48.24278340360504,48.941165924072266,2706500.0
2021-10-14,49.46722568248985,50.238165646613496,48.87768091470711,50.20188522338867,2750600.0
2021-10-15,50.61909715611603,50.7823555813377,50.310720515129645,50.383277893066406,7107800.0
2021-10-18,50.37422104255728,50.50119907791416,49.77560783309482,50.029563903808594,2669700.0
2021-10-19,50.5828233806898,50.78236225103264,50.32886733472009,50.6009635925293,2069700.0
2021-10-20,50.61910109391251,51.28120322108885,50.52840003957171,51.19050216674805,2119700.0
2021-10-21,51.00003034573847,51.16328876830544,50.51025507803755,50.90026092529297,1985000.0
2021-10-22,51.14515436940757,51.480739627300586,50.76422031340331,51.28120422363281,1895800.0
2021-10-25,51.41724710843876,51.78911276339537,51.13608250340528,51.680274963378906,2189400.0
2021-10-26,51.94330331283477,52.188190960121695,51.70748404068085,51.82539367675781,2677600.0
2021-10-27,51.698417391095845,52.29703050670235,50.79142761230469,50.79142761230469,3443200.0
2021-10-28,50.628171056861554,51.362834050546105,49.603271599968885,50.21095657348633,4788500.0
2021-10-29,50.10211583846303,50.10211583846303,48.50581192416146,48.67813873291016,5018100.0
2021-11-01,48.941168508191446,49.79374112982837,48.75070148161399,49.76652908325195,2405700.0
2021-11-02,49.79373169495867,50.11117667910527,49.35837363114215,49.99326705932617,2743300.0
2021-11-03,49.74838782511844,51.25399071474584,49.67583044218858,50.845848083496094,4279700.0
2021-11-04,50.682591327612094,50.78236075985388,49.62141145545766,50.51933288574219,2684000.0
2021-11-05,51.099795010528325,51.96143583613315,50.86397923315088,51.47166061401367,3228300.0
2021-11-08,51.68933964380816,51.95236400245086,51.33561078790577,51.47166061401367,1948000.0
2021-11-09,51.19050167904039,51.34469174000501,50.7914274234173,51.04538345336914,1719100.0
2021-11-10,51.163291948722446,51.44446001837492,50.610027644508,50.809566497802734,2497800.0
2021-11-11,50.79142430619646,51.2267789564912,50.52839645709405,51.09073257446289,3276600.0
2021-11-12,51.1088758604735,51.77098148527459,50.963757625149405,51.70748901367188,2439300.0
2021-11-15,51.916099664170005,52.38773133354197,51.67121199359708,52.21540451049805,3433600.0
2021-11-16,52.60765211557824,52.8630757244563,52.17891168180977,52.233642578125,3321200.0
2021-11-17,51.99646396585376,52.2610082141745,51.88699870028031,51.923484802246094,2959000.0
2021-11-18,51.83227402222333,51.86876361085213,50.68287981912551,50.99303436279297,2793700.0
2021-11-19,50.628140597194175,51.01127080166134,49.92573174249935,50.57340621948242,2646400.0
2021-11-22,50.86531519254201,51.61333775757666,50.58252961145457,50.956539154052734,3338000.0
2021-11-23,51.0568898618636,51.93261911779365,50.86532125975993,51.81402969360352,2950000.0
2021-11-24,51.70456195119044,52.14242655836185,51.33055238174161,52.005592346191406,3064800.0
2021-11-26,50.76498052127839,51.04776613838816,49.83451687437285,50.69200134277344,3429700.0
2021-11-29,51.12986019222944,51.30318398165887,50.41833068146382,50.810585021972656,2724400.0
2021-11-30,50.208525814171296,50.32711175794744,49.25981738492988,49.38752746582031,6793900.0
2021-12-01,50.40008566899144,51.00214990159039,48.949657725025126,48.958778381347656,3241100.0
2021-12-02,49.25981575115774,50.83795387523457,49.03176104860608,50.400089263916016,2960600.0
2021-12-03,49.88924163033168,50.32710620788502,49.12297774965375,49.51523208618164,3672000.0
2021-12-06,50.25413569403344,51.449143619072345,49.83451586564007,50.828834533691406,3209000.0
2021-12-07,51.157226868500274,52.04207664989632,50.91092739950193,51.7319221496582,2816300.0
2021-12-08,51.82314701499502,52.16066696885777,51.4582581330949,51.75016784667969,2309400.0
2021-12-09,51.38527959831859,52.47993922370776,51.28493498736236,52.333984375,2647300.0
2021-12-10,52.72624768580326,52.94518173616454,52.397848350180666,52.76273727416992,2994500.0
2021-12-13,52.65326710518792,52.72624279531389,51.95085825355391,52.01471328735352,3482200.0
2021-12-14,51.21195821352925,52.507310601132616,51.09336880596936,52.14242172241211,4002400.0
2021-12-15,52.37047305023537,52.42520742249223,51.69542971175292,52.31573867797852,3744300.0
2021-12-16,52.7718530147119,53.383041383475096,52.50731222329696,52.81746673583984,2991800.0
2021-12-17,52.72624261581236,52.72624261581236,51.67719314993428,51.85051345825195,5989200.0
2021-12-20,51.0933711663058,51.16635033735658,49.85275657698814,50.500431060791016,3199200.0
2021-12-21,51.1116150241513,52.3339882781854,51.056884126702734,51.85051345825195,3328500.0
2021-12-22,51.73192728481478,52.35223634686583,51.63158266009496,52.16067123413086,1660800.0
2021-12-23,52.52555151077478,53.00902628148226,52.52555151077478,52.62589263916016,2326600.0
2021-12-27,52.70799942470416,53.10025377424819,52.46169993918779,53.09113311767578,1670300.0
2021-12-28,53.01815130999929,53.57460528889069,52.92693082945636,53.35567474365234,1735600.0
2021-12-29,53.474262128536445,53.72056160851522,53.11849737295767,53.62934112548828,1577400.0
2021-12-30,53.68407740983269,54.02160088654264,53.383047001768816,53.41953659057617,1677900.0
2021-12-31,53.34656135830301,53.638471130673125,53.145872084858944,53.264461517333984,2045500.0
2022-01-03,53.48338280590821,53.839147538479246,52.99078387780762,53.15498352050781,3231000.0
2022-01-04,53.69319515970649,55.06152325865991,53.2735753778553,54.89732360839844,4813000.0
2022-01-05,55.06152671500587,56.01935574843086,54.72400673709847,54.80610656738281,4121300.0
2022-01-06,55.40816510689729,55.87339511056668,54.85171114575672,55.818660736083984,3607700.0
2022-01-07,55.98286425912884,56.9042071543239,55.60885470717477,56.70351791381836,3728000.0
2022-01-10,57.10489479111767,57.40592866176616,56.6670301900423,57.3876838684082,5676400.0
2022-01-11,57.43329236480615,57.68871598420921,56.931572742159126,57.67047119140625,2594100.0
2022-01-12,57.88027854553115,58.281653530044025,57.59748948926904,57.77993392944336,3007100.0
2022-01-13,58.0353579746435,58.58269133210647,57.66134841297113,57.862037658691406,2989900.0
2022-01-14,57.29645950211128,58.45497770311329,56.9680602035799,58.43672943115234,2791500.0
2022-01-18,58.36375956641274,58.509714438120085,57.62486107098508,58.07184982299805,2691300.0
2022-01-19,58.17218974327206,58.34551005195226,57.20523662154432,57.25084686279297,2939800.0
2022-01-20,57.4424128452149,57.78905344689407,56.393359944761016,56.466339111328125,3116800.0
2022-01-21,56.4845850223388,56.4845850223388,55.38080113692316,55.51763534545898,6141100.0
2022-01-24,54.879081484222006,56.27477509946069,54.2040380581242,56.08320999145508,5200700.0
2022-01-25,55.53587561662669,56.90420367121617,54.5689225386417,56.466339111328125,3705400.0
2022-01-26,56.895083018025424,57.67047105099057,56.1470639141173,56.70351791381836,3617300.0
2022-01-27,57.18698861393308,58.02623162104568,56.01934980039015,56.45721435546875,3478900.0
2022-01-28,56.24741276058949,56.89508729290868,55.545003845882135,56.8768424987793,2936000.0
2022-01-31,56.49370602908269,57.36943517164906,56.15618607452158,57.30558013916016,5175500.0
2022-02-01,57.13225902221961,57.59748903514972,56.71263576917566,57.36943435668945,4251400.0
2022-02-02,57.37855869004908,58.263408479230776,57.1961142506852,58.09920883178711,4037800.0
2022-02-03,58.09921535564217,58.38200444240197,57.104896703288965,58.15394973754883,3899000.0
2022-02-04,58.08096187888748,59.54051037981756,57.91676571739119,59.01142883300781,3633100.0
2022-02-07,59.16650603323491,60.078724742400205,58.96581680367032,59.54051208496094,3251600.0
2022-02-08,59.96014196367813,60.48922355341739,59.51314976175244,60.24292755126953,3520100.0
2022-02-09,60.40712720592703,60.7081610660786,60.15170706749909,60.24292755126953,2597400.0
2022-02-10,60.03311608729026,61.09129321983143,59.75033049069051,59.79594421386719,4416100.0
2022-02-11,59.73208977825612,60.70816361083602,59.21212534332434,59.57700729370117,4311200.0
2022-02-14,59.4036933551052,59.83243036369549,58.11746145030209,58.58269500732422,4035800.0
2022-02-15,59.20688514475524,59.70257153520005,59.06001199056532,59.26195907592773,2648700.0
2022-02-16,58.95904347278245,59.53734074058096,58.71119678422794,59.22523880004883,3022300.0
2022-02-17,58.61940277910171,58.90396074299249,57.802440170327486,58.01356506347656,3380600.0
2022-02-18,57.71065040704466,58.45418002176391,57.71065040704466,57.98603057861328,4966800.0
2022-02-22,58.0227413404626,58.1237148739884,57.16906046820609,57.61885070800781,2703200.0
2022-02-23,57.875872404840685,58.13289690284423,56.443894280406944,56.53568649291992,2649600.0
2022-02-24,55.00273612019107,55.06699487652215,53.69926838046519,54.72735595703125,4712800.0
2022-02-25,55.25058388994464,57.03138252894063,54.86505232994492,56.866153717041016,3774400.0
2022-02-28,55.34237295015679,56.47143402763695,54.846686574195175,56.07672119140625,3516500.0
2022-03-01,55.56268064885262,55.81970518254992,53.478964920270585,53.680912017822266,3746800.0
2022-03-02,54.23167128512592,55.49842069443961,53.79105883654444,55.204681396484375,2957000.0
2022-03-03,55.42499062695163,56.26031245737766,55.25976182518395,56.1409797668457,3214400.0
2022-03-04,55.01191746006896,55.62693304125917,54.59884546437842,55.167964935302734,2803700.0
2022-03-07,54.49786654879329,54.79160582751878,54.06643895284246,54.185768127441406,3528500.0
2022-03-08,54.78242618931373,56.00327936944878,54.27756203960904,54.36935424804688,3079300.0
2022-03-09,55.764623543258125,56.21441381708966,55.2414001950829,55.43416595458984,2940400.0
2022-03-10,54.828322901357645,55.17713960025533,54.387713993004525,55.03944778442383,2485100.0
2022-03-11,55.42498276776303,55.81969557138842,54.9843738594099,55.03944778442383,2228600.0
2022-03-14,55.75544441710744,56.39799693375806,55.268935866666624,55.84723663330078,2212300.0
2022-03-15,56.13180278158498,56.48061603349266,55.58103893360374,56.23277282714844,2168100.0
2022-03-16,56.884502829496064,57.499518352916674,56.26948380442702,57.48115921020508,3006600.0
2022-03-17,56.93958642580208,57.73819351196289,56.63666927373859,57.73819351196289,2120200.0
2022-03-18,57.59131475706047,57.91259100424484,56.82942608281115,57.78408050537109,6150500.0
2022-03-21,58.20632900452132,58.49089046121664,57.82079751640028,58.19715118408203,2013600.0
2022-03-22,58.74791999574856,59.49144611713945,58.63776862621823,59.170169830322266,2456900.0
2022-03-23,58.93150076210734,59.17934745594958,58.49089531151703,58.509254455566406,1865100.0
2022-03-24,58.65611775241973,59.25277761362122,58.57350336397104,59.197696685791016,1246200.0
2022-03-25,58.995757417727816,60.16154033185633,58.95904613205384,60.15235900878906,1921000.0
2022-03-28,59.950411416356005,59.959592739345965,59.252784941663386,59.9228744506836,1851800.0
2022-03-29,60.41855900120997,60.6847613334256,59.45472321226711,59.959590911865234,1678200.0
2022-03-30,60.01465822934068,60.4277336662182,59.68420068115727,60.124813079833984,1909700.0
2022-03-31,60.07892913912519,60.6021525596205,59.0875632393908,59.105918884277344,3032200.0
2022-04-01,59.54652208686687,59.82189873689568,58.94986217352525,59.51897811889648,2164000.0
2022-04-04,59.317044507444535,59.35376279877576,58.08700625939122,58.38992691040039,1882700.0
2022-04-05,58.38992310103282,59.06919393809991,58.07782464837669,58.53679275512695,1864500.0
2022-04-06,58.637767316036616,59.867802003530095,58.27059142360767,59.73011016845703,3471500.0
2022-04-07,59.564889798063625,60.16154983230192,58.64695343871199,59.8219108581543,2607500.0
2022-04-08,60.17989913806959,60.61133030204125,59.950415072407885,60.14318084716797,2412800.0
2022-04-11,60.35430539977136,60.84999179021841,59.748464143681375,59.84026336669922,1929600.0
2022-04-12,59.93205241917124,60.537886639947054,59.23441898022892,59.56487655639648,1880200.0
2022-04-13,59.32621582941495,59.82190223238725,58.84889207282919,59.65667343139648,1842300.0
2022-04-14,59.6383077126371,60.198249276767015,59.27113188321309,59.96876525878906,1723000.0
2022-04-18,59.76683062119768,60.48281978553453,59.76683062119768,60.14318084716797,1983100.0
2022-04-19,60.2533267377434,60.54706601786994,59.53733768014101,60.11563491821289,2393500.0
2022-04-20,60.21662080701584,61.40994081671898,59.81273359103647,61.15291976928711,3368200.0
2022-04-21,61.501717196166055,61.68530161035841,60.051376512838445,60.124813079833984,2495400.0
2022-04-22,59.87697818659266,59.99630736498672,58.10535763410975,58.16961288452149,2706000.0
2022-04-25,57.55460840824337,57.64640064029168,55.847246279610765,57.27922821044922,3654200.0
2022-04-26,56.61830752502473,57.19660833629515,55.755448720602125,55.78298568725586,2334400.0
2022-04-27,56.10425664068516,56.55404689597795,55.3882675625135,55.82887649536133,3204500.0
2022-04-28,55.535146552678064,55.535146552678064,53.01999953171546,54.39690399169922,4294300.0
2022-04-29,54.21330871640874,54.332637891281074,52.38661428985424,52.57938003540039,5062700.0
2022-05-02,53.03834910077486,53.41470277847863,51.70734449778613,52.59774017333984,3250500.0
2022-05-03,52.97410052899632,53.95629204344506,52.61610594917935,53.16686630249024,2758800.0
2022-05-04,53.01081541454727,54.87422477525831,52.95573798209446,54.78243255615234,2432400.0
2022-05-05,54.11234066447436,54.44279826268714,52.79969159471181,53.26783752441406,2423300.0
2022-05-06,53.13014738085285,53.69008901409934,52.71707539717523,53.45142364501953,3073900.0
2022-05-09,53.01080949053712,53.38716314945162,52.41414962807954,52.836402893066406,3130100.0
2022-05-10,53.29537947877871,54.01136862711405,52.102059562687984,52.634464263916016,2557200.0
2022-05-11,52.97409682779018,53.552397609516014,52.11123806744981,52.21221160888672,2353500.0
2022-05-12,52.147953800212335,52.31318258689467,50.596639469878006,51.50539779663086,2608500.0
2022-05-13,51.70734522668669,52.04698062314648,51.257554970578965,51.66144561767578,3062000.0
2022-05-16,51.66144893290464,51.8817551646895,50.95463762889117,51.578834533691406,2537500.0
2022-05-17,52.53108859997009,53.15976083634902,52.21675248178062,52.91938781738281,1911000.0
2022-05-18,52.61429022837703,52.66976254742288,51.92090211069849,52.068824768066406,2728000.0
2022-05-19,51.50486520624406,52.28145998892684,50.78374273902224,51.403167724609375,2512800.0
2022-05-20,51.467893333807616,51.73600428545112,50.09036407850992,50.93167495727539,4413400.0
2022-05-23,51.74524623619351,52.67900737083765,51.31996550066074,52.26297378540039,2348100.0
2022-05-24,52.05958633978389,52.87315927311391,51.42166695074107,52.77146530151367,2803500.0
2022-05-25,52.70674122800592,53.84390085881038,52.61429088852389,53.437110900878906,4087600.0
2022-05-26,53.927112124781225,54.9070985022863,53.49258773369596,54.65747833251953,2895500.0
2022-05-27,54.8331373871362,55.91482123227208,54.52804490153095,55.85010528564453,3038100.0
2022-05-31,55.38784258557997,56.35858524298962,54.91634021829677,55.998023986816406,8137000.0
2022-06-01,56.053495125096966,56.24764294713871,54.731434862472106,55.29539108276367,2281300.0
2022-06-02,55.16596128241721,55.36935627480569,54.39861353916411,55.184452056884766,2195700.0
2022-06-03,54.80539652931044,55.05501667869549,54.25068743740216,54.38011932373047,2239100.0
2022-06-06,54.91634760131466,55.22143657957223,54.31540974239896,54.694461822509766,1803100.0
2022-06-07,54.42635099640388,55.17521153403214,54.158243568442494,55.12898635864258,2309300.0
2022-06-08,54.574268310802815,54.95332035455628,54.16748186989199,54.28767013549805,1838100.0
2022-06-09,54.315409968694645,54.315409968694645,53.08579984592273,53.09504699707031,1865100.0
2022-06-10,52.05034094079476,52.24448879323135,51.42166868140075,51.43091583251953,2392000.0
2022-06-13,50.5711106778736,50.70978619428664,49.4524452890707,49.68357467651367,3068300.0
2022-06-14,49.97941743982887,50.45091981419088,49.25829138990163,49.65583419799805,2138700.0
2022-06-15,50.127345426060366,50.72827975031319,49.3969756752677,50.13658905029297,2650800.0
2022-06-16,49.22132059655351,49.23056422116091,48.139633126232354,49.0086784362793,3798200.0
2022-06-17,49.06413743842811,49.6003592156478,48.51867203911157,49.04564666748047,5257700.0
2022-06-21,50.06262433752505,50.30299733720232,49.40621422823428,50.09035873413086,2269000.0
2022-06-22,49.31376303458456,50.14583018589677,49.31376303458456,49.886962890625,2056900.0
2022-06-23,50.0533801291281,50.36771624056694,49.15659696745605,49.60036849975586,1954800.0
2022-06-24,49.933190910129234,51.708266425338586,49.65583635277749,51.578834533691406,3295600.0
2022-06-27,51.74524299634199,51.80071178642435,51.14430524091889,51.67127990722656,1927500.0
2022-06-28,52.346184625163374,52.87315936596919,51.65279643707629,51.68053436279297,2327900.0
2022-06-29,51.90241489436405,52.10580988471572,51.20902672917019,51.27374267578125,1987200.0
2022-06-30,50.728268512002415,51.73599261433461,50.35846366979351,51.15354919433594,2691300.0
2022-07-01,51.14430748903669,52.05958135992404,50.95015966170598,51.99486541748047,2294200.0
2022-07-05,50.996389113328966,51.32921600341797,50.04413714305015,51.32921600341797,2079200.0
2022-07-06,50.94091910154769,51.95789059261826,50.66356452280292,51.71751403808594,2242900.0
2022-07-07,52.24448792122019,52.66052154575087,51.97638049808242,52.09656524658203,2304900.0
2022-07-08,52.46637486775716,52.51260004334695,51.95789088275982,52.00411605834961,1814200.0
2022-07-11,51.893166124262784,52.39240287335869,51.49562333350296,51.80995941162109,2060500.0
2022-07-12,51.49562267310631,52.60504431851651,51.05185472029307,51.5326042175293,1948300.0
2022-07-13,51.19053632578927,51.19053632578927,49.98866420276264,50.46941375732422,2084200.0
2022-07-14,49.249056660697306,49.83150377977529,49.03641801999535,49.415470123291016,2175800.0
2022-07-15,49.96092824418582,50.46016855757198,49.69281731365387,50.210548400878906,2038500.0
2022-07-18,50.53412704039168,51.04261096639468,49.86847330351243,50.08111190795898,1893300.0
2022-07-19,50.78375437927923,51.236766049073424,50.50639979190963,50.82073593139648,3283400.0
2022-07-20,50.49715048534792,50.9224312630361,50.266021084611744,50.57111358642578,2495000.0
2022-07-21,50.571105076524006,50.93166631671788,49.9331857807156,50.87619400024414,1824900.0
2022-07-22,51.05186152499191,51.41242281428972,50.61733713698959,51.107330322265625,1802400.0
2022-07-25,51.49562998510468,52.02260472431905,51.29223498865186,51.82845687866211,1505800.0
2022-07-26,51.67128441280504,52.10580878236184,51.27374159103064,51.44015502929688,1969800.0
2022-07-27,51.56958855851345,52.08731966365537,51.12582055128664,51.77298355102539,1819700.0
2022-07-28,51.671284604700496,52.216750092875685,51.05185954744037,52.161277770996094,2181100.0
2022-07-29,52.32769054230407,53.19673927355812,52.0965611608862,52.974853515625,3758900.0
2022-08-01,52.549574400399365,52.651271888827246,51.81920473510306,52.429386138916016,2515400.0
2022-08-02,54.00107129592052,55.443319979380405,53.19674199493071,54.3061637878418,5509500.0
2022-08-03,54.287678688955005,54.69446519395829,53.53881810692676,54.5557861328125,3137300.0
2022-08-04,54.79615106797625,55.00878966363357,54.55577454992587,54.70369720458984,2642900.0
2022-08-05,54.94407653808594,55.23992186257359,54.69445638428302,54.94407653808594,2123000.0
2022-08-08,55.47105555320792,55.65595977706956,55.01804038108464,55.08275985717773,2257600.0
2022-08-09,55.27689723401241,56.0812263996774,54.99029556498049,55.85934066772461,1978300.0
2022-08-10,56.53424013657414,57.17215586973669,56.23839485220131,57.05196762084961,1995600.0
2022-08-11,57.49574390262048,58.20762282370261,57.366312012742725,57.91177749633789,2205000.0
2022-08-12,57.99498534569851,59.224591850262925,57.93026939949799,59.19685745239258,2090700.0
2022-08-15,58.62365570655056,59.538929601630265,58.54044898881604,59.23383712768555,1769700.0
2022-08-16,59.04893313521037,59.49270112250393,58.8732760756841,59.15987777709961,2543000.0
2022-08-17,58.57742750506906,59.34477869855591,58.512711564263455,59.07666778564453,1721800.0
2022-08-18,59.169121034694776,59.779305981049326,58.96572605257659,59.67760848999024,1703500.0
2022-08-19,59.57591876509368,59.63138756617163,58.62366320111497,58.87328338623047,2246600.0
2022-08-22,58.17989022067229,58.38328521204128,57.3570701581408,57.51423645019531,2354100.0
2022-08-23,57.59797712803208,57.9515647301573,57.20716510781816,57.30952072143555,2290200.0
2022-08-24,57.30952922364261,57.48632305093364,56.946634575763305,57.272308349609375,1694700.0
2022-08-25,57.43049173325539,57.93295930327872,57.28161179591927,57.91435241699219,1482800.0
2022-08-26,58.12836744582673,58.22141607611564,56.60234719179122,56.63956451416016,1999300.0
2022-08-29,56.10917599536771,57.01176256081998,55.98820994391243,56.59303665161133,2019400.0
2022-08-30,56.555819597854985,56.81636215315129,55.857944218613625,55.95099639892578,1819200.0
2022-08-31,56.03473982973608,56.31388926276578,55.26242273045704,55.29033660888672,2752000.0
2022-09-01,55.33686420560272,55.420609390065664,54.47149848267811,55.38338851928711,2716900.0
2022-09-02,55.82072777932877,56.58373792207304,55.04841064361716,55.271732330322266,2401600.0
2022-09-06,55.42060617747512,55.616010413369054,54.92743854219093,55.3926887512207,3117600.0
2022-09-07,55.1879891334968,56.741923354820514,55.14146126613623,56.63026428222656,2838500.0
2022-09-08,56.54651621237576,57.46770972615184,55.91377558391768,57.38396453857422,3072200.0
2022-09-09,57.69103147303966,57.97018091541301,57.45840634613224,57.57937240600586,2154300.0
2022-09-12,57.69103405761719,58.43543378715473,57.6072888661956,58.15628433227539,2099300.0
2022-09-13,57.34674118231603,57.59797671861542,56.42554421588492,56.56512069702149,3448200.0
2022-09-14,56.61165090604228,56.9094107838857,55.51366002540298,55.95099639892578,4152100.0
2022-09-15,56.04404212316764,56.19292205436832,55.35547377245612,55.42060852050781,3436300.0
2022-09-16,55.29033868131913,55.44852561403106,54.54593898214526,55.36478042602539,7803100.0
2022-09-19,54.85300734794389,56.18362339938052,54.685516967373,56.17431640625,1803800.0
2022-09-20,55.90447400882997,56.499993785025694,55.55088281062206,56.32319641113281,2580300.0
2022-09-21,56.76052920868799,56.94663001436971,55.63462448120117,55.63462448120117,2754100.0
2022-09-22,55.96960835645553,55.96960835645553,54.53663668689432,54.59246444702149,2441600.0
2022-09-23,54.07138429439059,54.294702425270174,53.10366292837188,53.773624420166016,2711100.0
2022-09-26,53.41072938460187,53.89458651431291,52.63841227643595,52.88034439086914,2511700.0
2022-09-27,53.3362878436196,53.50377821591389,52.13594135870306,52.63841247558594,2277200.0
2022-09-28,52.46161892964041,53.57822023414464,52.21038336990864,53.23393249511719,2526700.0
2022-09-29,52.88966040335664,53.13158902570742,52.1452605466098,52.64773178100586,2435600.0
2022-09-30,52.84312385083712,53.44794704155731,52.17316235999364,52.29412841796875,2931800.0
2022-10-03,52.92687029705408,54.01555419601188,52.21968791775728,53.83876037597656,2319600.0
2022-10-04,54.39706125392995,55.876557269130096,54.1179117990876,55.83933639526367,2381000.0
2022-10-05,55.19728312982932,55.84863411603705,55.08562407634658,55.52295684814453,1659400.0
2022-10-06,55.23451549504816,55.606713600659255,54.93675559072807,55.02980422973633,1811800.0
2022-10-07,54.7134286315939,54.88091900538107,53.32698487583958,53.680572509765625,2404300.0
2022-10-10,54.16443802829499,54.79717870804429,53.50378346694964,53.98764419555664,1946300.0
2022-10-11,53.782930929000536,54.89022885211983,53.6805753008556,54.06208038330078,2595700.0
2022-10-12,53.98764221810091,54.406368174594704,53.4014258790096,53.42003631591797,2034600.0
2022-10-13,52.6663295526163,55.69045633106955,52.34995922457961,55.54157638549805,2639200.0
2022-10-14,55.83933426475996,56.583737515374665,54.87161642820082,55.0204963684082,2437400.0
2022-10-17,55.8672495301729,56.248754584027445,55.150763736430925,55.48574447631836,2361500.0
2022-10-18,56.48138558892175,56.658179420250136,55.33687030809718,56.00682830810547,2283700.0
2022-10-19,55.78351042806949,56.29528503666905,55.32756358248709,55.96030426025391,1765300.0
2022-10-20,55.83003231432228,56.13709919584842,54.8250900288671,55.03910827636719,2243700.0
2022-10-21,55.206596177773264,56.81636161125388,55.06701968342514,56.73261642456055,2486000.0
2022-10-24,56.928021340749545,57.8678252916413,56.71400664994405,57.57937240600586,2352900.0
2022-10-25,57.14204100674628,57.821306010508245,57.01177149226838,57.64451217651367,2461900.0
2022-10-26,57.97948588982932,58.52848131220191,57.6072842799037,57.65380859375,2276300.0
2022-10-27,58.06323868383791,58.91929752944566,58.02601780805199,58.34238815307617,2345800.0
2022-10-28,58.63083884912968,60.315046144178325,58.5191797755728,60.2871322631836,2583400.0
2022-10-31,60.12894141250293,60.77098189320499,59.73812582958927,60.58488464355469,5193600.0
2022-11-01,60.454633915997896,62.23188662908526,59.8870278994601,62.166751861572266,3874700.0
2022-11-02,61.93411080575444,63.385696408433645,61.6270510371166,62.05508041381836,3970400.0
2022-11-03,61.36651021947378,61.74801886367589,60.84543216803288,61.38512420654297,2881100.0
2022-11-04,62.24117847560405,63.19959286395569,61.70148647661685,62.511024475097656,2906400.0
2022-11-07,62.70642899015552,63.21820711186178,62.11090922989125,63.106544494628906,2011900.0
2022-11-08,62.82739561771212,63.72068241579414,62.250489805430966,63.25543212890625,2100400.0
2022-11-09,63.48805805561101,64.11149174393474,62.77156862943688,62.827396392822266,3055100.0
2022-11-10,64.20452261602415,65.22807155673864,63.54386823520703,65.10710906982422,3500400.0
2022-11-11,65.36766433205034,65.79569373769958,64.4836916398202,65.41419219970703,3278900.0
2022-11-14,65.28392244918028,65.87013524405714,63.916085495311776,63.9346923828125,4359500.0
2022-11-15,64.69282322492981,66.22777962521388,64.69282322492981,65.73172760009766,3743500.0
2022-11-16,66.15288819849555,66.79869541646316,65.95633972796746,66.2745590209961,2649600.0
2022-11-17,65.52581176040306,66.16225756292226,65.32926326648591,66.06865692138672,1875100.0
2022-11-18,66.83613751216308,67.32282796671477,66.03122060827977,66.396240234375,3031500.0
2022-11-21,66.36814748038832,66.91099247722366,66.09672141160854,66.7986831665039,2484400.0
2022-11-22,67.11691030438021,67.79079481094743,66.4804646193695,67.37897491455078,3042100.0
2022-11-23,67.1449874126928,67.89374955988994,66.98587777714904,67.38833618164062,1882600.0
2022-11-25,67.56618884530175,68.04351789355759,67.48194968690373,67.85633087158203,1048100.0
2022-11-28,67.28538701414006,67.6784839620138,66.26520581979266,66.44303131103516,2792600.0
2022-11-29,65.94698329005277,66.73318437313425,65.94698329005277,66.34008026123047,3089100.0
2022-11-30,66.04993864209153,67.80016631966576,65.4228543549933,67.32283020019531,5708900.0
2022-12-01,67.809521616336,67.83760609258853,67.02332765869471,67.30411529541016,2177700.0
2022-12-02,66.90164852629343,67.7533585414288,66.43367395029752,67.70655822753906,1892300.0
2022-12-05,67.2105154494971,67.29475459779673,66.17161117840153,66.48983764648438,2384000.0
2022-12-06,66.49918941189894,66.84548602446074,65.92825986387918,66.53662109375,2414300.0
2022-12-07,66.30263749176804,67.40705782658952,65.8814632106544,66.63957977294922,2171500.0
2022-12-08,67.01396233852338,67.08883998946705,65.59132267422297,65.81594848632812,2381500.0
2022-12-09,65.56324304579496,66.14352696848567,65.31989425910741,65.47900390625,1734000.0
2022-12-12,65.42284876085728,66.37751377744114,64.92679684062175,66.28392028808594,2524700.0
2022-12-13,67.27602177517255,67.45385439723452,65.73171140301952,66.14352416992188,3011900.0
2022-12-14,66.23712788488484,66.97652867834364,65.57260474814431,65.8814697265625,2635400.0
2022-12-15,65.17014665316069,65.31990196747961,64.43074585534548,64.88936614990234,2698200.0
2022-12-16,64.03763697413366,64.85191527789144,63.91596615938943,64.59920501708984,7069500.0
2022-12-19,64.7957643334509,65.30117060260145,64.04700213939925,64.505615234375,2867700.0
2022-12-20,64.8051173089458,66.28391868342455,64.73024680370948,66.13417053222656,3429000.0
2022-12-21,66.64894725073792,67.57553503684991,66.19969559596144,66.8829345703125,2670900.0
2022-12-22,66.81741569907317,66.92037068677243,65.78787296280649,66.3681640625,2236900.0
2022-12-23,66.36817151688052,67.21052021524814,66.36817151688052,67.15436553955078,1471200.0
2022-12-27,67.38834263544261,67.9686337121313,67.15435533462511,67.61296844482422,1699400.0
2022-12-28,67.85632244828942,67.85632244828942,66.88293434524749,66.89229583740234,1618900.0
2022-12-29,67.173069587124,67.74399915886576,67.02332143132196,67.46321868896484,1588400.0
2022-12-30,67.07012681926713,67.53810144522106,66.85485534940882,67.33219146728516,1422300.0
2023-01-03,67.36963567541372,67.70657086354531,66.6208733577894,66.99525451660156,3314300.0
2023-01-04,67.59425656684398,67.8001665461554,67.07948161856542,67.31346893310547,3503700.0
2023-01-05,67.2011596432291,67.49130162844675,66.63958437532557,66.92037200927734,2819100.0
2023-01-06,67.5287320669023,69.27895239350445,66.92036369606573,69.11048126220703,3174600.0
2023-01-09,68.79227218648313,68.93266600684571,66.85485745951327,66.87357330322266,3401400.0
2023-01-10,67.1449874126928,67.6223234600491,66.77996782963358,67.38833618164062,2109900.0
2023-01-11,67.36963145854693,67.65977344662032,66.82677916928439,67.30411529541016,2491800.0
2023-01-12,67.51000676631489,67.77207851545074,66.96716170920315,67.2011489868164,2054800.0
2023-01-13,66.75189776848259,68.24006073440873,66.19032966728862,68.18389892578125,1981000.0
2023-01-17,68.2400682205272,68.39917789085385,67.51002175408858,67.8001708984375,3291900.0
2023-01-18,67.75336762505552,68.26814258395652,67.18243799453852,67.27603149414062,2548600.0
2023-01-19,67.01398011731202,67.20117429433371,66.1435468311623,66.15290832519531,2393700.0
2023-01-20,66.43368274988575,66.55535358509968,65.54452665328363,66.49919891357422,8969500.0
2023-01-23,66.48984240458144,67.425791750692,66.24649357518919,66.95781707763672,2487600.0
2023-01-24,67.50067719355714,68.15583895507011,66.26522419989864,68.13712310791016,2339600.0
2023-01-25,67.80950908059722,68.42723891088288,67.56616745720432,68.40851593017578,2451200.0
2023-01-26,68.51149108395585,68.670607903939,67.40707054082006,68.286865234375,2882000.0
2023-01-27,68.30558269334348,68.57700170506345,67.91247856247801,68.24006652832031,2350800.0
2023-01-30,67.99672044383647,68.88586945354587,67.49130694732816,68.36174011230469,1777000.0
2023-01-31,68.35237715566582,68.85779064134964,67.65977666375535,68.79227447509766,4730100.0
2023-02-01,68.65187327591387,69.02625438888008,67.98735019224361,68.58635711669922,3162800.0
2023-02-02,68.84841982222868,68.84841982222868,63.98148691237215,64.48690032958984,5568800.0
2023-02-03,64.21548675797482,65.38542346885363,64.19676377179363,64.94552612304688,3333400.0
2023-02-06,64.75832481937702,65.26373822386554,64.25291141488849,65.12334442138672,2183100.0
2023-02-07,64.64601746037611,65.75979940543097,64.61794012406826,65.46965026855469,2203500.0
2023-02-08,65.15143543993047,66.34944947672604,64.82385459248275,65.94699096679688,2220100.0
2023-02-09,66.36816415500027,66.58342848177985,65.09527261505887,65.1701431274414,1900700.0
2023-02-10,65.17949561136972,65.46028320135858,64.98294715466751,65.40412139892578,1674700.0
2023-02-13,65.33861053507924,66.57406317772048,65.14206206246877,66.46175384521484,2268700.0
2023-02-14,66.24520747058911,66.46175258934986,65.1247987449265,65.16246032714844,2497700.0
2023-02-15,64.81409533900967,65.26602713730081,64.59755022272127,65.21894836425781,1621400.0
2023-02-16,64.64462789862374,65.65205184902071,64.512808772983,65.0871353149414,1699600.0
2023-02-17,64.96473849500659,65.48257624035298,64.91765972426167,65.31310272216797,1770600.0
2023-02-21,64.92707623767991,65.08713256340373,63.863163552136434,64.14561462402344,1859200.0
2023-02-22,64.12678787191605,64.59754684488081,63.853746805611074,64.36216735839844,2030700.0
2023-02-23,64.61637762985671,65.07772662088288,63.64661524103448,64.02322387695312,1997900.0
2023-02-24,63.63719992109718,64.76702586207729,63.57129394661428,64.55989074707031,1814700.0
2023-02-27,64.6634414806672,65.09653879790348,64.12677663287327,64.23976135253906,1764700.0
2023-02-28,64.42807548349012,64.72936094894216,64.04204966479826,64.1644515991211,3066800.0
2023-03-01,64.20211355204037,65.17187592510528,63.95731686518902,64.1362075805664,2466500.0
2023-03-02,63.834921052655545,64.01380458184836,62.84632431376101,63.60895156860352,1984200.0
2023-03-03,63.3547527662128,64.58813915824506,63.27001240333946,64.4375,1850400.0
2023-03-06,64.37158343516978,64.76701924164608,64.15503115074034,64.23035430908203,2146800.0
2023-03-07,64.34333693342316,64.38099851556161,62.85574394662184,63.1381950378418,1876500.0
2023-03-08,63.23234180303608,63.279413385273735,61.7070803109566,62.2531623840332,2332200.0
2023-03-09,62.35673984282437,62.61094654034472,60.75615494464762,61.04802322387695,3232300.0
2023-03-10,60.58668588328681,61.255162845654816,60.012362882129615,60.285400390625,3614900.0
2023-03-13,58.98610661967833,59.93703825940135,58.09166376370529,58.52476119995117,5132800.0
2023-03-14,59.72049127852068,60.332479458727406,58.92020235819472,59.428619384765625,3372700.0
2023-03-15,57.7715428565946,58.05399752752668,56.679382161812825,57.65856170654297,3520700.0
2023-03-16,57.10306986546161,59.17440665488728,56.792367192084015,58.82604598999024,3083900.0
2023-03-17,58.58125478242568,58.58125478242568,57.14072970981093,57.70564270019531,7354500.0
2023-03-20,58.14815428203353,60.05943840179594,57.592658478414926,59.67341613769531,3125300.0
2023-03-21,60.89737916213541,61.349310922932624,60.69966126154026,60.91620635986328,2911600.0
2023-03-22,61.01978887132357,61.17043522294125,59.42862449423226,59.43804168701172,2015900.0
2023-03-23,59.14616426845355,59.80522762907103,58.53417609253596,58.87312316894531,2193900.0
2023-03-24,58.148152993796046,59.315636952209815,57.71505555422575,59.20265579223633,2163600.0
2023-03-27,60.031185435481845,60.351301695604185,59.24972737176344,59.4192008972168,2321100.0
2023-03-28,59.5698543795855,59.90880149164567,59.26856885588908,59.8428955078125,1667400.0
2023-03-29,60.577261101458255,60.70908022224375,59.99352457312124,60.53018951416016,1682800.0
2023-03-30,60.887963747115485,61.000948486412256,60.1724116895989,60.53018951416016,1905000.0
2023-03-31,60.73733605392711,60.88797521815741,60.25715980046744,60.74674606323242,2709800.0
2023-04-03,60.68083400552587,61.36814532628726,60.33247693256992,60.87855911254883,2457300.0
2023-04-04,61.29281795531837,61.29281795531837,59.74872907063869,60.17241287231445,1915400.0
2023-04-05,59.76756317284165,60.95387429166585,59.390958121732055,60.69025039672852,2229900.0
2023-04-06,60.83147971412366,61.010370436161296,60.37013789662978,60.784400939941406,2355700.0
2023-04-10,60.54902008907073,61.1798426063086,60.31364058981829,61.17042541503906,1784900.0
2023-04-11,61.19867618218172,62.13077708504146,61.08569142481178,61.86715316772461,1888800.0
2023-04-12,62.121360778808594,62.62036416931948,61.69767336902994,62.121360778808594,2309200.0
2023-04-13,61.933048406996,62.57328088797437,61.772992082554346,62.42264175415039,2643000.0
2023-04-14,62.658029573170325,62.98755945651215,61.97071823087504,62.33790969848633,2078700.0
2023-04-17,62.083706981118986,62.69568801106678,61.49054596969863,62.67686080932617,2283600.0
2023-04-18,62.75217186196542,63.22293082989733,62.50737518734153,62.97813415527344,2100400.0
2023-04-19,63.1852714796987,63.36416219245199,62.76159126689696,63.02521514892578,1862100.0
2023-04-20,62.98756080745626,63.15703434869728,62.31908383456472,62.59212493896485,1621800.0
2023-04-21,62.5544581966711,62.60152978672721,61.23633156049132,62.121360778808594,2276100.0
2023-04-24,62.05545498558583,62.460300830730496,61.95188743066574,62.21551132202149,1868900.0
2023-04-25,61.961295156133154,62.31907658111731,61.462291782562666,61.92363357543945,2350900.0
2023-04-26,61.462289386526535,62.07427747832049,61.09509796809252,61.56585693359375,2768900.0
2023-04-27,61.76358701227634,65.50141508448996,61.1421887905916,65.40726470947266,3767000.0
2023-04-28,65.36959407694658,66.25462328270744,64.52222645262367,65.76502990722656,4197900.0
2023-05-01,65.7650401108102,66.55591907728885,65.17188627336118,66.2452163696289,2877100.0
2023-05-02,65.50141319695953,65.54849197471812,64.13621484051613,64.62580108642578,3025700.0
2023-05-03,64.81408524603454,65.11537785345226,63.39239846664057,63.4206428527832,2025800.0
2023-05-04,62.97814123560125,62.98755842731792,61.35872905453893,62.912235260009766,3509700.0
2023-05-05,63.7313569502449,64.27743194155654,63.09112441054384,63.63719940185547,2460800.0
2023-05-08,64.07971241457611,64.28684752270442,63.61837060851629,63.68427658081055,1620500.0
2023-05-09,63.58070988945381,63.919656946769706,63.11936807713418,63.477142333984375,1440000.0
2023-05-10,63.61836975007751,63.82550485541082,62.27199874862307,62.81808090209961,2187900.0
2023-05-11,62.24375215586532,62.86515026666377,61.96129389800391,62.77099990844727,2324000.0
2023-05-12,62.893405056969705,63.16643895480382,61.7541619596612,62.24375534057617,1688600.0
2023-05-15,62.26257994576531,62.51679381689818,61.95188447902019,62.22491836547852,2010900.0
2023-05-16,62.17755130954946,62.338631306954326,61.599551573775805,61.74168395996094,1751300.0
2023-05-17,62.101760484293,63.19143271986027,61.98805310373773,62.7176628112793,2030400.0
2023-05-18,62.71764977237945,63.54200461526903,62.46181002660755,63.399879455566406,1755900.0
2023-05-19,63.91153428082004,64.03471903842531,63.11560459699729,63.37143707275391,2024000.0
2023-05-22,63.33355530212469,63.68414762253909,62.74608526632545,63.08720016479492,1995200.0
2023-05-23,63.2008842680472,63.41882154252868,62.55655709329485,62.57551193237305,1924100.0
2023-05-24,62.06385018189536,62.31021252739125,61.10683306332434,61.17316055297852,2457100.0
2023-05-25,61.15421541537573,61.6658877402008,60.96470313072508,61.22054290771485,1835700.0
2023-05-26,61.163687892299805,61.77011269584833,61.08788298456776,61.10683059692383,2149900.0
2023-05-30,61.13525232028301,61.87433928692673,60.80361490335195,61.817481994628906,2855500.0
2023-05-31,61.58059815230758,61.74168538257759,60.737288465105806,60.84151840209961,4414000.0
2023-06-01,61.27738228795015,61.50479698985568,60.926797273530575,61.29633712768555,2786000.0
2023-06-02,61.98805053895769,63.29566005919759,61.88382058505002,63.10614776611328,2642200.0
2023-06-05,63.39040351823488,64.05367837620989,63.35250106504292,63.60833358764648,1950900.0
2023-06-06,63.91154287873162,64.23371010063319,63.570428045731575,64.12000274658203,1865800.0
2023-06-07,64.17685678066896,65.02016640023807,63.90206944419149,64.81170654296875,1906800.0
2023-06-08,64.66010075175775,64.79275571839366,63.96840088703532,64.63167572021484,1925300.0
2023-06-09,64.72643459798384,65.45604421535882,64.47060205979464,65.35181427001953,1741300.0
2023-06-12,65.14334277592098,65.47498016604055,64.56534308350422,65.13386535644531,1569600.0
2023-06-13,65.11491963702547,66.195114155719,64.55586753817705,65.75924682617188,3324000.0
2023-06-14,65.99613406081444,66.5362313393517,64.97278956595859,65.15282440185547,2470700.0
2023-06-15,65.06755777969192,66.1667074421582,64.90647774510276,66.10037994384766,2095600.0
2023-06-16,66.21406387356296,66.59308115497497,65.68344401707817,65.78767395019531,5587600.0
2023-06-20,65.30442666246357,65.38023156449167,64.1673820486555,64.2431869506836,2914900.0
2023-06-21,63.674660648983206,64.40427021704583,63.08719070130825,63.98735046386719,2960500.0
2023-06-22,63.97787133133571,64.15790617069136,63.57990642985287,63.996826171875,1807300.0
2023-06-23,63.70309544013991,64.11053778897444,63.39988303373892,63.61781311035156,2967700.0
2023-06-26,63.63675651808196,64.3947837833073,63.504094336786,64.03472137451172,1627000.0
2023-06-27,64.22422639442689,65.10543842190098,63.5988540812387,64.90645599365234,1491000.0
2023-06-28,64.58430248782342,64.93488751252376,64.12000287968247,64.79275512695312,2125600.0
2023-06-29,64.8590852102916,65.58869477853737,64.75485527197077,65.49394226074219,1489300.0
2023-06-30,65.79716026998962,66.3277801982462,65.62660283174223,66.13827514648438,1890400.0
2023-07-03,65.9487527639776,66.85838988558001,65.81609780223265,66.50780487060547,952900.0
2023-07-05,65.81611070608827,66.47939287400878,65.57922576664978,66.24250793457031,2407700.0
2023-07-06,65.81610638399785,66.08141634208151,65.46551409415635,65.98666381835938,2383000.0
2023-07-07,65.86347445850933,66.9436689395233,65.39917488590554,66.36566925048828,2608400.0
2023-07-10,66.36567865920492,66.53623608718472,65.68344894728575,65.92033386230469,2174700.0
2023-07-11,65.96770437996,66.85838661827015,65.92980193143467,66.8015365600586,2255200.0
2023-07-12,67.26582871209929,67.32268599930195,66.33724402790571,66.56465148925781,2404500.0
2023-07-13,66.24250028353535,66.56466029396783,65.93928065608762,66.2803955078125,1826800.0
2023-07-14,66.41304957940649,66.51727951763941,65.48446478498165,65.9298095703125,1686100.0
2023-07-17,65.74977349596944,67.09527801814953,65.38023362338693,66.68783569335938,1525200.0
2023-07-18,66.78259274393653,67.41744252720426,66.25196566359271,67.21846008300781,1643000.0
2023-07-19,67.01000699852159,67.70170691321225,66.74469704608386,67.57852935791016,1883900.0
2023-07-20,67.90069965146049,68.62082463203892,67.60695742310058,68.59239959716797,1799300.0
2023-07-21,68.77242337487081,68.99983084634817,68.23232611189134,68.61134338378906,2199000.0
2023-07-24,68.66819171400934,69.21776638295472,68.48815688783513,68.6587142944336,1590100.0
2023-07-25,68.47869506030713,68.80086233686045,68.25128754278131,68.6966323852539,2013400.0
2023-07-26,68.77243361431398,69.41676090372727,68.35551383023648,68.95246124267578,1873900.0
2023-07-27,69.13250376773459,69.23673372531418,68.27024629857748,68.27971649169922,2160100.0
2023-07-28,68.65872708825162,68.88613459637352,68.19443465066604,68.59239959716797,1800100.0
2023-07-31,68.63977317414513,68.98088801959358,68.1944283909678,68.54501342773438,2987200.0
2023-08-01,68.63977723402529,68.86718473472364,68.30813256027899,68.32708740234375,2210100.0
2023-08-02,70.49695552205816,73.27324714782844,69.17039848877141,72.24042510986328,5006700.0
2023-08-03,72.55311234722969,73.27324452162998,71.7098026180474,73.0079345703125,2800600.0
2023-08-04,73.30167533420911,74.11656009416058,72.51521560997497,72.81842803955078,2607800.0
2023-08-07,73.0647727897566,74.31552466398149,73.01739292220945,73.86070251464844,2302500.0
2023-08-08,73.23534760002657,73.48170995735659,72.51521537122207,73.01741027832031,3302700.0
2023-08-09,73.2448115054667,73.2448115054667,71.60556487183356,71.7003173828125,2995800.0
2023-08-10,72.08881245940029,72.76156468883048,71.51081274145334,71.73822021484375,1850100.0
2023-08-11,71.61504489172405,72.51520462243488,71.46343508533087,72.43939971923828,1676400.0
2023-08-14,72.45833532852751,72.79945007322384,72.12669800150373,72.61941528320312,1817700.0
2023-08-15,72.10776429620466,72.20251681324126,71.66241951406364,71.7571792602539,1934500.0
2023-08-16,71.54872392906687,72.4015110948608,71.54872392906687,71.85193634033203,1608000.0
2023-08-17,72.18357574166767,72.67629321239268,71.58662832401258,71.64347839355469,1664700.0
2023-08-18,71.00861453102222,71.71926917691586,70.5632697962644,70.92333221435547,2864400.0
2023-08-21,70.98020139975844,71.07495392259638,70.28849424764873,70.54432678222656,2053300.0
2023-08-22,70.54432110452167,70.82066742416104,69.90586957475159,69.93445587158203,1522000.0
2023-08-23,70.11551415717823,70.11551415717823,69.3531789586809,69.72481536865234,2482700.0
2023-08-24,69.5628026193126,71.0588790423734,69.51515395602779,70.81111907958984,2029700.0
2023-08-25,71.02076711320642,71.18276094876367,70.25843933226089,70.75395202636719,1550100.0
2023-08-28,70.68727562519375,71.38290717394801,70.32517033429772,71.06844329833984,1419200.0
2023-08-29,71.27807615597354,71.32571756476057,70.46809223474955,71.14466857910156,1476400.0
2023-08-30,71.45912061156919,71.97369577695494,71.13513287975253,71.1637191772461,1918100.0
2023-08-31,71.31618287708169,71.86887553711053,70.96360884271321,71.05889892578125,2774400.0
2023-09-01,71.30666106883929,71.66876630328444,71.12560481653296,71.24948120117188,1758300.0
2023-09-05,71.09700518762908,71.9260440467765,70.6777201641293,70.70630645751953,2680200.0
2023-09-06,70.54432923589539,70.93502805805795,70.15363768390073,70.73491668701172,2240900.0
2023-09-07,70.31563160053419,71.7450047688791,70.31563160053419,71.13513946533203,3171100.0
2023-09-08,71.22088972360817,71.41147715169514,70.77301835531254,71.30665588378906,2035400.0
2023-09-11,71.59254350328429,72.3548788603926,71.47819828883618,72.0308837890625,1880600.0
2023-09-12,72.1071080979394,73.10767219716439,72.04040430933559,72.6788558959961,1894300.0
2023-09-13,72.91708164331004,72.99331661851319,72.51685892874461,72.79320526123047,2334700.0
2023-09-14,73.37447469579132,73.77469735838297,72.92660336234363,73.66987609863281,2855000.0
2023-09-15,73.18390860552252,73.46024768501782,72.56451211628912,72.90756225585938,5220700.0
2023-09-18,72.88850197910867,73.37449090255184,72.0785252868154,73.29825592041016,2089000.0
2023-09-19,73.46977481449753,73.87952872132846,72.82179206114087,73.72706604003906,2100300.0
2023-09-20,73.87953844361449,74.32740989724793,73.4030806878629,73.5174331665039,1668400.0
2023-09-21,73.36495756242338,73.50789633220847,72.44062842400328,72.57404327392578,2337000.0
2023-09-22,72.5549784767927,73.13625745643117,72.0975831529193,72.71697235107422,1456800.0
2023-09-25,72.51685590112905,73.36494997189538,72.44062092910876,73.17436981201172,1559200.0
2023-09-26,73.59364711196595,73.74610976973008,72.65978697880777,72.8408432006836,1793800.0
2023-09-27,72.96472835213764,73.53647611040363,72.3548631072983,73.40306854248047,2345900.0
2023-09-28,73.48883275512752,74.10822190255219,72.90755382309793,74.01293182373047,2008900.0
2023-09-29,74.04151231056255,74.04151231056255,72.74554698380977,73.13624572753906,2916900.0
2023-10-02,73.02189320194768,73.22200453260788,72.15474410242014,72.86943054199219,2333300.0
2023-10-03,72.08804524309635,72.83131802772779,71.61158758421293,71.87840270996094,2157600.0
2023-10-04,71.81169700612821,72.55496977086229,71.36382565554058,72.48826599121094,2019500.0
2023-10-05,72.36438558115043,73.31730082021676,72.09757047743847,72.8408432006836,1946200.0
2023-10-06,72.84084251157614,74.06057284281523,72.51684755287224,73.94622039794922,2842600.0
2023-10-09,73.94622953346526,74.58468107163576,73.76518056110127,74.50845336914062,1845000.0
2023-10-10,74.50845348385742,75.30889888754231,74.39410102468794,75.1087875366211,3145500.0
2023-10-11,75.28984431178385,76.09028972112847,74.99443560771573,76.04264831542969,3089800.0
2023-10-12,76.23323056993085,76.70968826099292,75.58524781927974,76.09982299804688,2704700.0
2023-10-13,76.48098199405908,77.19566845018679,76.20463569193637,76.47145080566406,1937900.0
2023-10-16,76.77639119735151,77.90083162662198,76.47145856925277,77.27190399169922,2096300.0
2023-10-17,77.08132526372866,78.16764822598583,76.90980020283713,77.56731414794922,1910600.0
2023-10-18,77.43390606099527,77.78648009981073,76.50004578674822,76.5667495727539,2047300.0
2023-10-19,76.42381733630741,76.93839255950017,75.68054443730722,75.80442810058594,2173000.0
2023-10-20,75.57570917701726,75.58524036554546,73.16483466121504,73.92716979980469,3527100.0
2023-10-23,74.08917123876603,74.27022748850405,73.51742346137495,73.5269546508789,1963700.0
2023-10-24,74.01294293351485,74.54658054131926,73.75565895505966,74.09870910644531,1636500.0
2023-10-25,74.29879563995837,75.2135933143855,73.82233806347554,74.57514190673828,2306800.0
2023-10-26,74.79432417471996,75.50901069093572,73.81282252234374,73.8699951171875,2494600.0
2023-10-27,73.67940249585249,73.91763129430909,72.35485095804702,72.88848114013672,2508100.0
2023-10-30,73.37447817751709,74.07010954612538,73.26965691279301,73.75564575195312,2081400.0
2023-10-31,73.90811409511723,74.66091811314125,73.46024270602483,74.43222045898438,6776100.0
2023-11-01,74.6132631233958,75.55664713644889,74.06057056214611,75.32794952392578,3770100.0
2023-11-02,75.32796884790481,77.9008376417676,74.97538751593545,77.88178253173828,3220400.0
2023-11-03,78.11047056998682,78.82515706571782,77.39578407425581,78.35823059082031,2707000.0
2023-11-06,78.35823566595833,78.59646451329837,76.88121390438312,77.56731414794922,2404400.0
2023-11-07,77.52919660004567,77.52919660004567,76.71921997374892,77.1670913696289,2258100.0
2023-11-08,77.14801979647616,77.58635995058398,76.37616075013048,76.53815460205078,2189300.0
2023-11-09,76.53816577442036,77.4529636995926,76.46193079644743,77.09085845947266,1601200.0
2023-11-10,77.40531061111817,77.84365076306888,77.31001326794781,77.64353942871094,1626400.0
2023-11-13,77.31001635925428,78.01517892204532,76.86215227121153,77.59589385986328,1831200.0
2023-11-14,78.06525155788563,78.69743992490028,77.65337325121673,78.37176513671875,2680600.0
2023-11-15,78.27598493521116,78.63038693945064,77.02119605085086,77.03076934814453,2900100.0
2023-11-16,77.15528402367288,78.14187428251648,77.04033870219092,77.69168090820312,2326000.0
2023-11-17,77.86410867767061,78.50587039071094,77.68211371420577,78.3238754272461,1831100.0
2023-11-20,77.80663708929434,78.18020030142527,77.39475876465505,77.74916076660156,2403200.0
2023-11-21,77.89282905881355,78.9464689190105,77.5863155120679,78.4483871459961,1924800.0
2023-11-22,78.56333029774223,79.23383374926186,78.2089283251763,78.9560546875,1621300.0
2023-11-24,79.16679335461859,79.93307370691895,79.01353289944208,79.44457244873047,895100.0
2023-11-27,79.37752062064206,79.59782338401013,78.99437680120916,79.47330474853516,2021500.0
2023-11-28,79.34877191685021,79.5307668595503,78.70701027703188,78.71659088134766,2181200.0
2023-11-29,78.77405854986782,79.03268370696941,78.17061202973036,78.18976593017578,2158200.0
2023-11-30,78.37175218544016,79.5307566922429,77.88324373782612,79.2242431640625,6219400.0
2023-12-01,78.79320050151799,79.58821506325117,78.55373661124533,79.12844848632812,2016200.0
2023-12-04,78.84110324029395,79.81812018277881,78.63037380925371,79.243408203125,2217300.0
2023-12-05,79.11886788451697,79.70316036141092,78.87940399424431,79.12844848632812,3017900.0
2023-12-06,79.31046605901828,79.58823782024398,78.06525055040764,78.28556060791016,1827900.0
2023-12-07,78.56332809453484,78.98478697750734,78.37175986110715,78.54417419433594,1798400.0
2023-12-08,78.54417553281453,79.12846815494352,78.37176119664761,79.07099914550781,1729300.0
2023-12-11,79.2146669951572,79.87558979611026,79.02309876976817,79.60739135742188,1571500.0
2023-12-12,79.59781574464411,80.82387000287098,79.43498201206769,80.79513549804688,2814600.0
2023-12-13,80.47905159669818,81.07292490098125,80.19169920393728,80.48863220214844,2512900.0
2023-12-14,80.52693352550304,80.6227176400199,77.30853758429207,77.8545150756836,3841600.0
2023-12-15,77.44264457665864,77.61505892323255,76.5997340533307,77.17444610595703,6747500.0
2023-12-18,77.54800343245867,78.11314214537362,77.03076043191031,77.86409759521484,2282800.0
2023-12-19,77.88324671308438,78.77405283024179,77.40431885026554,78.63995361328125,2032300.0
2023-12-20,78.15146046072935,78.53460428763303,77.26066147687975,77.31813049316406,2133700.0
2023-12-21,77.43306627746624,78.036520162373,77.21276351619906,77.7874755859375,1632400.0
2023-12-22,78.07482555848742,78.40049301126173,77.20317330336873,78.01734924316406,1135300.0
2023-12-26,77.79705018260846,78.51544204126414,77.54800562540707,78.2759780883789,878900.0
2023-12-27,78.03652596483545,78.5058733374368,77.86411160030788,78.4579849243164,1149900.0
2023-12-28,78.41007980173457,79.10931047391252,78.14188133526302,78.64954376220703,1411900.0
2023-12-29,78.76448396164076,79.15720103113827,78.5441739169034,79.02310180664062,1390600.0
2024-01-02,79.07100248377593,79.78939436349094,78.8219579192739,79.77023315429688,1888000.0
2024-01-03,79.85644296674673,80.392839891613,79.17636620618842,79.68402862548828,2042300.0
2024-01-04,79.24342129532458,80.00970162551087,78.68786312313365,78.83154296875,2470500.0
2024-01-05,78.98478875763169,79.33919803610607,78.74532480652033,79.23383331298828,1920600.0
2024-01-08,79.03268900617864,79.42540610844969,78.12272155502231,79.37751770019531,1416500.0
2024-01-09,79.09973482832862,79.09973482832862,76.78172551367358,77.15528869628906,2851800.0
2024-01-10,77.6820973605065,79.1955111506305,77.02118188364565,79.15719604492188,2058900.0
2024-01-11,79.13803615144812,79.31045046014727,78.39090260851277,79.20508575439453,1587000.0
2024-01-12,79.42540506740471,79.50203528903963,78.80279730537634,79.25299072265625,1086400.0
2024-01-16,78.99436509979444,79.26256354131115,78.63995584044196,79.05183410644531,1336100.0
2024-01-17,78.91774396265232,79.97138395030966,78.54418076073618,79.33920288085938,1175200.0
2024-01-18,78.99437153662011,80.17253011612168,78.54417812687917,80.0863265991211,1459100.0
2024-01-19,80.68976698218418,80.89091581435738,79.87559104971373,80.81429290771484,2250300.0
2024-01-22,80.93881225585938,81.40815953516605,80.76639792560351,80.93881225585938,1808700.0
2024-01-23,80.53652479431564,81.2836512174882,80.26832631500861,81.07292175292969,1200900.0
2024-01-24,81.5805735940141,81.88708714590928,81.13996081990601,81.41773986816406,1559100.0
2024-01-25,81.65720660084183,81.79130582763966,80.91966085345382,81.3123779296875,1372600.0
2024-01-26,81.49437316187323,81.78172551695984,80.89091933125772,81.71467590332031,1168000.0
2024-01-29,81.35069920946165,81.70510851166007,80.52694257786771,81.0250244140625,1737600.0
2024-01-30,81.05375344589655,82.13612777584514,80.66102909394809,82.11697387695312,1663600.0
2024-01-31,82.37559708110967,82.56716531396839,80.73766457423076,80.78555297851562,2820000.0
2024-02-01,75.54608986364802,76.43689605334446,71.91581549092214,72.98860931396484,9777500.0
2024-02-02,73.66869220533411,74.3487689382631,72.98860816454538,73.58248138427734,4071300.0
2024-02-05,72.94071434066518,73.38132709372054,72.26063765826282,73.11312866210938,3068700.0
2024-02-06,72.98861862614653,74.12846951641599,72.50011736562598,73.67827606201172,3157100.0
2024-02-07,74.10931325218942,75.68976963318862,73.99436791392053,75.50778198242188,3192400.0
2024-02-08,75.31620470253134,75.64187949960898,74.14762667546317,74.81812286376953,1924900.0
2024-02-09,74.45413939063636,75.0575859530443,74.2912983400746,74.93306732177734,1950900.0
2024-02-12,74.80853143923153,75.5843995538979,74.80853143923153,75.20125579833984,2333400.0
2024-02-13,75.54609373495146,75.96754534080385,73.76448126426119,74.77022552490234,2973800.0
2024-02-14,74.93306334131437,75.73765871511797,74.90432152837005,75.59397888183594,1927600.0
2024-02-15,75.85259578265988,77.15528012892565,75.69933536175375,76.79129028320312,1894700.0
2024-02-16,76.54226907376164,76.89667108249503,76.0058647962328,76.03459930419922,2185600.0
2024-02-20,75.60082877398669,76.55511487234482,75.55262946072123,75.93820190429688,2173300.0
2024-02-21,76.42015421617016,76.74789331826543,75.76468336616118,76.40087890625,2087800.0
2024-02-22,76.47799483300129,77.28769765673403,76.35268692105151,76.77681732177734,2073400.0
2024-02-23,76.8346534398094,77.65399027249772,76.67078754410824,77.50940704345703,1871000.0
2024-02-26,77.21059231242229,77.7021974031724,76.72862855597248,76.82501983642578,2056200.0
2024-02-27,76.69971446197215,77.4033848056674,76.54548987894661,77.3166275024414,1663000.0
2024-02-28,77.3069848300812,78.04921314523503,77.17203556445023,77.65399932861328,1759500.0
2024-02-29,78.04920593652709,78.32874577642508,77.4419269430932,77.82749938964844,4338000.0
2024-03-01,77.65399444673612,77.8757010001538,77.25878800914326,77.5286865234375,2197400.0
2024-03-04,76.9117704801389,76.92141181360476,75.78397715265953,76.86357116699219,2540300.0
2024-03-05,76.73826063430162,78.01064450369012,76.36232953794928,77.91425323486328,2033600.0
2024-03-06,78.22272020211373,79.24448102628773,77.73111510470515,79.1962890625,1914500.0
2024-03-07,79.37941989953404,79.9192242442446,79.10952140426997,79.32158660888672,1534200.0
2024-03-08,79.53365901349767,79.71680023518766,79.0420539359443,79.14808654785156,1904200.0
2024-03-11,78.955302268924,80.18912824871686,78.955302268924,80.16984558105469,1739100.0
2024-03-12,80.03488530596486,80.4397330209408,79.48544702015982,79.94813537597656,1844300.0
2024-03-13,80.32406783701461,81.19160392281334,80.13127795451375,80.77711486816406,2268500.0
2024-03-14,81.21089090823939,81.2205322422959,79.96742356554005,80.555419921875,2488000.0
2024-03-15,80.09272015651737,81.45186125299486,79.60112250195417,81.32655334472656,6153800.0
2024-03-18,81.4036722431448,82.09770120114112,80.8253172295422,81.44223022460938,2381800.0
2024-03-19,81.78924300015888,81.98203290346646,80.94098948815409,81.29763793945312,3025900.0
2024-03-20,81.06629754306108,82.04950766609046,80.93134828761514,81.91455841064453,2134000.0
2024-03-21,81.97238477764085,82.1555333320619,81.47113842475656,81.9531021118164,2063300.0
2024-03-22,82.03985830049537,82.1458908985625,81.11448891624039,81.12413024902344,1659700.0
2024-03-25,81.19160672303406,82.02057750674096,80.59396909794253,81.75067901611328,1585000.0
2024-03-26,81.52899451604618,82.26157416417409,81.28801262685535,81.8856430053711,1690200.0
2024-03-27,82.22300716047306,82.7628041314317,81.65428619105693,82.53146362304688,1819300.0
2024-03-28,82.89776664715926,83.14838986131038,82.57966880083475,82.7628173828125,2564000.0
2024-04-01,82.75316210824957,82.81100275049987,81.96274196986181,82.11697387695312,1360500.0
2024-04-02,82.19408768807278,82.70497539707054,81.66393202074003,81.8663558959961,1818000.0
2024-04-03,81.90492168649345,82.55075135307216,81.5964651775168,82.10734558105469,1397200.0
2024-04-04,82.4158018180677,82.94596488839524,81.0277438551616,81.31692504882812,1472100.0
2024-04-05,81.6253722383232,82.70497357002176,81.51933963636252,82.33867645263672,1888200.0
2024-04-08,82.30976849568098,82.58930835270415,81.86636272894245,82.06878662109375,1537100.0
2024-04-09,82.06878386571644,82.32904839987512,79.63968988727213,80.16984558105469,2500600.0
2024-04-10,79.69751538596017,80.4782942036953,79.52400816488768,79.9288558959961,2084200.0
2024-04-11,79.76499634911818,79.96742023076506,76.60331549527254,76.76718139648438,3399000.0
2024-04-12,76.59366647475112,77.84677497348949,76.44907590117637,77.38408660888672,2882700.0
2024-04-15,78.13594652258782,78.57935220908335,77.12382724499426,77.37444305419922,2437400.0
2024-04-16,77.55760317080004,77.89497631366784,76.81538225649086,77.5286865234375,2114300.0
2024-04-17,77.73110452078352,78.02991965980412,77.04671695304391,77.36481475830078,1961100.0
2024-04-18,78.04918892976717,78.39620332063488,77.22021092426996,78.05883026123047,2129900.0
2024-04-19,78.53116966839859,80.53614050745175,78.06848126162373,80.2276840209961,6558400.0
2024-04-22,80.68072464243497,81.03738044652525,80.01561970262176,80.50721740722656,1809300.0
2024-04-23,80.95063417173728,81.1241414148027,80.49758707294518,80.72892761230469,1764500.0
2024-04-24,80.46866955465221,81.41331437009545,80.25660433162285,81.23980712890625,2431500.0
2024-04-25,81.05666290855736,81.29764479236806,80.21805065957356,80.70965576171875,1849600.0
2024-04-26,80.42047163762878,80.83496075689126,80.1120151317253,80.59397888183594,1838800.0
2024-04-29,80.82530526845302,81.74104064580803,80.16020041061921,81.49041748046875,2001600.0
2024-04-30,81.0470192974707,81.45186704916094,80.61324754564609,80.63253021240234,2375300.0
2024-05-01,80.39154721396001,82.24228607038064,79.15772130967959,81.51934051513672,2334200.0
2024-05-02,80.72892116513309,81.50970001948133,77.68290699773058,81.00846099853516,4761600.0
2024-05-03,80.94099148327632,81.2301653140913,79.00349519382902,80.20840454101562,2938500.0
2024-05-06,80.77712352923284,82.03022480602895,80.26623580146381,81.67357635498047,1958000.0
2024-05-07,82.07841323055513,82.40614499119145,81.57716690299362,81.6253662109375,2293200.0
2024-05-08,81.77960010483257,82.17481388342918,81.33619436696642,81.76996612548828,1698700.0
2024-05-09,81.60608838785676,82.47361707068278,81.2590739730537,82.30010986328125,1314300.0
2024-05-10,82.65677098114473,83.05198472808823,82.3483145206302,82.97486877441406,1258600.0
2024-05-13,82.97487719139747,83.37008362424865,82.41579750181982,82.77245330810547,1759700.0
2024-05-14,82.7724463592846,83.45683391320247,82.45434856045196,83.18693542480469,1561100.0
2024-05-15,83.04234614380906,84.440037918048,82.6760490288244,84.32437133789062,1964500.0
2024-05-16,84.79669696677384,84.90272957212461,83.95807745741301,83.99663543701172,1646700.0
2024-05-17,84.36292206922114,85.2208242135139,83.57250190234923,85.18226623535156,2300200.0
2024-05-20,85.31720689148601,85.39431548586447,84.39183757130989,84.52678680419922,1996200.0
2024-05-21,84.57526584368263,85.04060757353815,84.40076361953129,84.9145736694336,1357400.0
2024-05-22,84.74008096780106,85.1666362181522,84.54618549368139,84.9824447631836,1690800.0
2024-05-23,84.82732714119778,85.18602821579728,84.01298835089314,84.12931823730469,1827100.0
2024-05-24,84.33289737553484,85.03090623341419,84.00328619062263,85.01152038574219,1311000.0
2024-05-28,84.82733271180203,84.82733271180203,84.26504690270112,84.59466552734375,2230900.0
2024-05-29,84.32321702000175,84.82733047241248,83.91604021250343,84.51710510253906,1509500.0
2024-05-30,84.49771824056371,85.69984060987757,84.31351938691057,85.29267120361328,1566000.0
2024-05-31,85.31205513062972,87.16371805928402,85.31205513062972,87.12493896484375,4671800.0
2024-06-03,86.96981931410527,87.08615659304792,85.86464105139503,86.19425964355469,2285800.0
2024-06-04,85.77740036741103,86.51418100277016,85.14725300066848,85.35083770751953,2182100.0
2024-06-05,85.4574798788387,85.96159334330488,85.0212205881626,85.68045043945312,2032100.0
2024-06-06,85.74831123020584,86.29121118279994,85.22481192032306,85.6513671875,1485600.0
2024-06-07,85.75800465004235,86.56265422752155,85.38961434297822,86.07792663574219,1683700.0
2024-06-10,85.96158636703508,86.03914455415295,85.25388824956299,85.69983673095703,2987000.0
2024-06-11,85.27327429555976,85.5931962708947,84.42015642435577,84.89518737792969,2193600.0
2024-06-12,85.0212080207264,85.5931903671478,84.45892969249265,85.49624633789062,1684400.0
2024-06-13,85.31205386696979,85.31205386696979,84.37168118070102,84.64312744140625,1584800.0
2024-06-14,84.04207794517227,84.64313546618821,83.81909998339253,84.38138580322266,1330700.0
2024-06-17,84.28442870635585,85.3120487448579,83.90634180930867,85.27326965332031,2632600.0
2024-06-18,85.1860273956786,86.29120568408403,85.00182854882573,86.27181243896484,2782800.0
2024-06-20,86.27181825355336,87.29944581981023,85.9906753512236,87.01830291748047,1652500.0
2024-06-21,87.02798957242378,87.48363469734244,86.79532239667924,86.93104553222656,5577500.0
2024-06-24,86.76623781589578,88.36584032752707,86.3493717964568,87.66783142089844,2108500.0
2024-06-25,87.66782764336361,88.15255520804075,87.0473769522853,87.26065826416016,1865800.0
2024-06-26,86.64021651661508,86.96013112109524,85.54472737369402,86.49479675292969,2686200.0
2024-06-27,86.62081406412211,86.63051068636565,86.00036337493778,86.4366226196289,1993800.0
2024-06-28,86.62081797376331,87.45455001180206,86.11670453968117,86.58203887939453,3455200.0
2024-07-01,87.07645621608177,87.51270804968358,86.18455930504606,86.33966827392578,1850600.0
2024-07-02,85.76769585731807,86.77593007212,85.50593883232567,86.69837188720703,1898600.0
2024-07-03,86.40754588317922,86.99891419185151,86.32029845879647,86.36876678466797,1292700.0
2024-07-05,86.28151085481602,86.33967579867073,85.8355623604325,86.32998657226562,1687200.0
2024-07-08,86.49478511649056,87.086153318591,85.75799717026854,85.816162109375,1585300.0
2024-07-09,85.81616577722801,86.9019581972073,85.31205235859647,86.2136459350586,1895500.0
2024-07-10,86.21365023849212,87.49333079189327,85.99067229066458,87.45455169677734,1413100.0
2024-07-11,87.99743588008916,89.7133755433442,87.6193489840544,89.59703826904297,2122100.0
2024-07-12,90.02360694163119,90.23688826070378,89.18017828794119,89.8103256225586,1526900.0
2024-07-15,90.0236116591267,90.99306687200004,89.77155123279987,90.51803588867188,1515000.0
2024-07-16,90.65374867934474,91.57472806790923,90.3823024341407,90.6925277709961,1944500.0
2024-07-17,90.93489005712696,91.95281345996956,89.99451743996141,91.18694305419922,2120700.0
2024-07-18,90.87671648997222,92.573262868057,90.43076804386686,91.40991973876952,1523500.0
2024-07-19,91.53595448662745,91.55534773179828,89.61643741064276,90.07208251953124,5323200.0
2024-07-22,90.30475470105556,91.67168270726071,90.15933493962363,91.61351776123048,1411300.0
2024-07-23,91.59412699634932,91.74923597622552,91.0900061699508,91.4390106201172,1040000.0
2024-07-24,91.7589276561664,91.93342987184992,90.85733410786092,91.2645034790039,1673100.0
2024-07-25,91.83649307237336,92.54419121656537,91.12878753182528,91.24512481689452,1264800.0
2024-07-26,91.24511335609458,92.34059491656386,91.1578585541632,91.9237289428711,1146700.0
2024-07-29,91.99159050825676,92.40845648197993,91.19663765096551,91.65228271484376,1204100.0
2024-07-30,92.10794251849946,93.29067907025636,92.01099847577564,92.44725036621094,1903000.0
2024-07-31,92.44723555203004,93.03860373314488,91.97220464135516,92.46662139892578,4508600.0
2024-08-01,101.19172873099016,101.70554618783274,97.7792497617257,98.5451202392578,7552800.0
2024-08-02,97.22666353016704,98.65176386688576,94.56066171276588,96.20873260498048,3471900.0
2024-08-05,96.16995052703965,96.16995052703965,93.03861444966,94.20195770263672,2901100.0
2024-08-06,94.29890255345292,96.01484237218722,93.213117480348,95.5882797241211,2200100.0
2024-08-07,95.8888118563554,96.98429350653656,95.64644807032236,96.2572021484375,2395700.0
2024-08-08,96.50926716600146,97.97313917817668,95.86942319006572,97.7792510986328,2004700.0
2024-08-09,97.9634441863856,98.34153109669452,97.26543530693654,98.1185531616211,1628600.0
2024-08-12,98.42878571875484,98.69054276590084,97.91497564384277,98.09917449951172,1460900.0
2024-08-13,98.38032447492007,98.73901819268644,97.70170134520252,98.62268829345705,1456600.0
2024-08-14,98.88441724715624,99.71814919996812,98.74869412891758,99.2431182861328,1787900.0
2024-08-15,99.52427338171007,100.11563424311728,99.00076669141026,99.4079360961914,2016900.0
2024-08-16,99.698767681747,101.6376780518753,99.0395452564052,101.56012725830078,2613000.0
2024-08-19,101.41470442348326,102.17087826146756,101.16264401203654,101.99637603759766,2732000.0
2024-08-20,101.98667597339497,102.42293521652556,101.42439762332748,101.5988998413086,1982900.0
2024-08-21,101.70606066938667,103.06006275056178,101.70606066938667,102.61196899414062,2161000.0
2024-08-22,102.5924896505476,103.87830483685958,102.52430276308458,103.84908294677734,2366900.0
2024-08-23,104.21923099504208,104.69654660117874,103.4886540737694,104.56016540527344,1526700.0
2024-08-26,104.69654715505328,105.5050466373612,104.5601659584265,104.72576904296876,1739000.0
2024-08-27,104.998523255662,105.45635268031208,104.33613317077082,104.92059326171876,1693000.0
2024-08-28,105.05696522051088,106.50837603152014,105.05696522051088,106.01158905029295,1397700.0
2024-08-29,106.01158543316647,107.02465300692386,105.31997349404432,106.79086303710938,1509900.0
2024-08-30,106.84932139596005,107.813680932589,106.5863095202709,107.50196838378906,3793500.0
2024-09-03,107.41428909019228,107.9305697044659,105.7485745568178,106.24536895751952,2239500.0
2024-09-04,107.11232785230142,108.26176929106234,106.1771901883319,107.62860107421876,1882300.0
2024-09-05,107.6675544090172,107.98901003638134,105.47582365631892,106.84931182861328,2746500.0
2024-09-06,106.91750213941204,107.93056972274604,105.70960957939094,106.07003021240234,2976000.0
2024-09-09,106.46941709311636,106.93698217903928,105.7972839213125,106.56682586669922,2621700.0
2024-09-10,106.9077707604798,107.39482210790796,105.43687361033892,105.63169860839844,2335500.0
2024-09-11,105.27126280100356,105.57323221481448,102.99186639001914,104.57965087890624,2896800.0
2024-09-12,104.6478423481035,105.29074619791936,104.16079104934695,105.17385864257812,1680900.0
2024-09-13,105.4466025797036,105.9823619627644,105.26152071431665,105.77779388427734,1716400.0
2024-09-16,106.4596641105176,107.41428040761316,106.0407997343354,107.3168716430664,2396900.0
2024-09-17,107.15127134294616,107.39479695963468,106.29406384765494,106.72266387939452,2590300.0
2024-09-18,106.87854182090288,107.68704878795408,106.05055607123708,106.13822174072266,2118900.0
2024-09-19,106.49864312125963,106.60579500590931,105.0180029507257,105.07645416259766,2679600.0
2024-09-20,104.7939612655546,105.3102344632038,104.29716685023736,105.12515258789062,8463000.0
2024-09-23,105.42713155942889,107.25844183957186,105.42713155942889,107.17076873779295,2129000.0
2024-09-24,106.42070641131389,106.77138393316392,105.9628770115756,106.27458953857422,1508200.0
2024-09-25,106.75189562748764,107.50195875800394,106.04080492287176,106.84931182861328,1773700.0
2024-09-26,106.36225959628251,107.99875217422552,106.36225959628251,107.21946716308594,1709500.0
2024-09-27,107.17076735613549,108.09616930745052,106.83957603145086,107.72600555419922,2301600.0
2024-09-30,107.8428950454276,109.19689702836224,107.17076189137632,108.90467071533205,3790700.0
2024-10-01,108.87545125615289,110.0346358020537,108.26176925457725,109.89826202392578,1894900.0
2024-10-02,110.13204563029927,111.35941707694816,109.51836362288164,111.2717514038086,2031900.0
2024-10-03,111.16459103490368,111.40811668413136,109.9079977930713,110.5898666381836,1631800.0
2024-10-04,111.15485068978673,112.50885273858918,110.80417315164084,112.27507019042967,1717700.0
2024-10-07,111.99257216347236,111.99257216347236,108.1643488173234,108.9436264038086,3066200.0
2024-10-08,109.37223777057174,110.00540594132852,109.10923334089804,109.55731964111328,1203100.0
2024-10-09,109.32353592911034,109.57679724924996,107.60911330574493,108.18383026123048,2563800.0
2024-10-10,109.26508429843808,109.83980868351588,108.36891171106927,108.71958923339844,1693200.0
2024-10-11,109.19689597857815,110.72623670735344,109.19689597857815,110.3268585205078,1478500.0
2024-10-14,110.65806106209854,111.2620073887842,110.31712661631369,111.11589050292967,1285800.0
2024-10-15,111.32044689110212,112.1484326366975,110.88210368220258,111.03795623779295,3009800.0
2024-10-16,110.89183800572704,111.53474929820976,110.59961168062748,111.41785430908205,1237600.0
2024-10-17,112.30428819230232,112.36273196936573,111.48603815434984,112.01205444335938,1859500.0
2024-10-18,112.45041074868551,112.45041074868551,110.96003490375908,111.53475189208984,1996800.0
2024-10-21,111.47629855919274,111.71982419747702,109.53782912754473,109.83006286621094,1256700.0
2024-10-22,109.5670607317983,109.8203220499904,108.2909813069444,109.2553482055664,1155600.0
2024-10-23,109.08001018366876,109.72291402195712,108.79751954363756,109.2358627319336,1256900.0
2024-10-24,109.54758088168796,109.77162775659338,108.69037324271174,109.10923767089844,1166400.0
2024-10-25,109.10923458258716,109.32353834421872,106.1577048862198,106.9077606201172,2136300.0
2024-10-28,107.15129223346544,107.726009233629,106.65449779765706,106.9467315673828,2162700.0
2024-10-29,106.6642319765958,107.50196078575152,106.3914844446498,107.15128326416016,2846600.0
2024-10-30,107.10258648572264,107.94031538344431,106.71295135992864,107.23896026611328,2268600.0
2024-10-31,104.41405769511232,105.4368609427396,101.39433375840828,102.07621002197266,4855600.0
2024-11-01,102.56325701192752,103.9270020500818,101.61837636195324,101.99827575683594,2823200.0
2024-11-04,102.3392187782596,102.50482187167458,101.35538048393376,101.803466796875,2578100.0
2024-11-05,101.68657276574218,102.85549294688548,101.30667333527995,102.8262710571289,2351300.0
2024-11-06,106.8493216795931,107.01491734587349,104.15105318680016,105.7485809326172,2815800.0
2024-11-07,105.47582775625266,105.54401464060346,104.50172516163369,104.65758514404295,1889900.0
2024-11-08,105.52453855211049,105.89469487206084,105.07645223896638,105.4660873413086,1727300.0
2024-11-11,106.04080395051136,108.02797403988694,105.41737891444993,107.57014465332033,1687800.0
2024-11-12,107.33637563849398,108.2617702027256,107.1902587515591,107.78446197509766,1684600.0
2024-11-13,107.56040880544472,108.21305577289344,107.41429192704838,107.57989501953124,1456900.0
2024-11-14,107.1512816137644,107.66755478154067,106.29407403630688,106.83956909179688,1638400.0
2024-11-15,107.03439312166375,109.01182768135212,106.05055482718258,108.43710327148438,2895300.0
2024-11-18,108.43709559728389,109.34301126629497,108.19356995971974,109.1384506225586,1850400.0
2024-11-19,108.02797473453153,108.6416566681533,107.21946783100486,108.25201416015624,1449300.0
2024-11-20,108.58471915842912,108.770637528372,107.42029562525325,107.8704071044922,1339600.0
2024-11-21,108.61407235053014,109.91548600012034,108.04653756817326,109.32838439941406,1331400.0
2024-11-22,109.75890982313544,110.71784805827777,109.73934300688406,109.97418212890624,1770200.0
2024-11-25,110.33623986053422,111.53001730614848,110.03289819565416,110.76677703857422,3663700.0
2024-11-26,110.30688777037378,111.8724945020513,109.91548422110397,111.56915283203124,1238600.0
2024-11-27,112.0388339530127,112.94884399465322,111.49087348592644,111.64743041992188,1208700.0
2024-11-29,111.55937820661347,112.59659131354726,111.45174203905596,111.54959106445312,1307200.0
2024-12-02,111.71593395318752,112.13669147673396,108.72171050889077,109.00547790527344,2491400.0
2024-12-03,109.82741390255894,109.82741390255894,104.44563567767662,104.4652099609375,3045100.0
2024-12-04,103.643261649612,104.9446752651088,102.74303872108554,104.69026184082033,2379600.0
2024-12-05,105.09145413546362,106.19716226249898,104.85661499082109,105.43392944335938,1897700.0
2024-12-06,105.45349893372682,106.02103372427948,104.78811511921036,105.00338745117188,1913400.0
2024-12-09,104.57284933235496,104.70005231584824,102.42013349708702,102.7430419921875,2367600.0
2024-12-10,102.12658989440752,102.6158424919301,100.5707627522766,101.97981262207033,1827500.0
2024-12-11,102.1852964433668,102.50820494508692,101.51991262106566,101.97002410888672,1803500.0
2024-12-12,102.73325655369736,103.27143738778852,102.07765987609692,102.13636779785156,1792600.0
2024-12-13,102.31250231028062,103.0463812173618,101.96023983764948,102.27336120605467,2078300.0
2024-12-16,102.09721979611236,102.38098717442226,101.51990536346229,101.57861328125,2386800.0
2024-12-17,100.78603101298756,101.47098163565292,100.13043435052188,100.5414047241211,2040600.0
2024-12-18,100.31634261768666,101.09914970765118,98.1440675005684,98.21256256103516,2958500.0
2024-12-19,98.74095077366556,99.89557959622256,98.42782198265196,99.07363891601562,2447800.0
2024-12-20,98.86816904475766,100.95238249099324,98.48655260341032,100.48270416259766,4847500.0
2024-12-23,99.86623241568088,100.71753457686856,99.592252170352,100.5316162109375,1655800.0
2024-12-24,100.5903292181612,101.1872179379762,99.94451225623612,101.02086639404295,901300.0
2024-12-26,100.54141091832118,101.78410925754676,100.3065717568538,101.43185424804688,2491000.0
2024-12-27,100.96216175824668,102.20486001498692,100.53161710296573,101.1578598022461,1104800.0
2024-12-30,100.08149720467442,101.36333645539084,99.5628907128701,100.75666809082033,1405700.0
2024-12-31,100.82517206747656,101.65689995614972,100.82517206747656,101.2165756225586,1689800.0
2025-01-02,101.38291378193784,101.80367127261476,99.77816601875188,100.15978240966795,1701800.0
2025-01-03,100.36527450601196,101.12850734048018,99.97387094681233,100.94259643554688,1368000.0
2025-01-06,100.83495404493304,101.5590457322382,99.30848100483377,99.60203552246094,1903000.0
2025-01-07,99.78796322437093,101.4709858914219,99.60204484810625,100.62947082519533,1670500.0
2025-01-08,100.79581242122129,101.3731268467135,99.84666127994625,101.3437728881836,1327700.0
2025-01-10,100.15979154924902,100.49247972947154,98.08535786504272,98.8192367553711,2176300.0
2025-01-13,98.78988318633422,100.7371064260884,97.85051909883369,100.28699493408205,1408400.0
2025-01-14,100.58055066345904,101.4514196964747,100.18914708936836,101.42206573486328,1610000.0
2025-01-15,102.9191682774381,102.9191682774381,102.16572262378835,102.5375518798828,2004800.0
2025-01-16,102.65498129191984,103.75090230791967,102.52777084156128,103.6530532836914,1442300.0
2025-01-17,103.66284589277038,104.543494622671,102.46906832418208,104.20101928710938,2080400.0
2025-01-21,104.03466960941384,104.90553861543737,103.48670910191191,104.10316467285156,1658400.0
2025-01-22,104.04444669364432,104.10315460937233,101.8819513679811,102.0580825805664,1915000.0
2025-01-23,102.19507993898084,102.74304043235816,101.76453528538332,102.22443389892578,1651600.0
2025-01-24,102.09721321707036,103.1148593637569,101.7645250838426,102.65496826171876,1237200.0
2025-01-27,103.64326288931484,105.86447374314504,103.33014154236892,105.82533264160156,1768300.0
2025-01-28,105.49263606737354,106.29500997833142,104.68048248016862,104.97402954101562,1420000.0
2025-01-29,104.95445450120306,106.49070714203414,104.5532638444517,105.30671691894533,1239100.0
2025-01-30,106.18736507662832,106.58855573178803,105.3947783725532,105.92317199707033,1237100.0
2025-01-31,105.5219879827796,106.52006738036938,104.96424036603293,105.0718765258789,2071300.0
2025-02-03,103.45735935600844,104.95447113599772,103.00724038890624,104.41629028320312,1942700.0
2025-02-04,104.31843269808763,105.79597753741326,104.03466531401835,104.4652099609375,1559400.0
2025-02-05,105.15016213739251,105.15016213739251,103.6628375996258,104.98381805419922,1566500.0
2025-02-06,104.04445291050403,104.07380687012198,99.3182713115675,100.86431121826172,4398000.0
2025-02-07,101.34377425992426,102.24399717223343,100.33591518794748,101.3535614013672,2761600.0
2025-02-10,101.25571346087662,101.58840161946176,100.24784691277088,100.40441131591795,1955600.0
2025-02-11,100.58053945525636,101.13828705992724,99.51396502134808,100.77623748779295,2278000.0
2025-02-12,99.9934389819466,100.81537968603932,99.74881270590927,100.7273178100586,1812000.0
2025-02-13,100.78602429531092,101.9308734592021,100.42397472437553,101.84281158447266,1647600.0
2025-02-14,102.06786451969744,102.62561212768593,101.08935942039128,101.11871337890624,1450300.0
2025-02-18,101.08937458240358,102.0581001511012,100.629475922287,102.01895904541016,1635700.0
2025-02-19,102.07798712077172,103.1013262594538,101.92055437252463,102.83565521240234,1579200.0
2025-02-20,102.3338239128698,102.76677710864,101.65487594807828,102.60933685302734,1431400.0
2025-02-21,102.47157442424331,102.7864474099942,100.32649986282654,100.52330017089844,3539600.0
2025-02-24,100.82832972894056,102.9242023046303,100.6610551,102.42237091064452,2475400.0
2025-02-25,103.23908099540104,105.13816087821186,102.50109670167402,105.02008819580078,2147200.0
2025-02-26,104.77408638849349,105.3841485590486,103.86882001026044,104.11481475830078,1586200.0
2025-02-27,104.71504143116114,106.16149173541142,103.90817896645086,105.7088623046875,1831100.0
2025-02-28,106.75188376275489,107.94249749823364,106.1319796712074,107.7161865234375,2704400.0
2025-03-03,108.23769367017935,108.9756779452033,107.45050744062144,108.37545013427734,2141100.0
2025-03-04,108.07042099653896,108.26721380391596,105.78758989800934,105.87614440917967,2395800.0
2025-03-05,105.72854569885344,106.88964127571542,105.33496008540682,106.42717742919922,1523700.0
2025-03-06,105.87614411279242,106.79124492814616,105.04960531552548,106.22053527832033,2320600.0
2025-03-07,105.9056620350516,107.14547773521254,105.00040311430872,106.67317199707033,2080200.0
2025-03-10,105.6990209211698,107.00771477484818,104.2427362252572,105.04959869384766,2579900.0
2025-03-11,104.86264054719295,105.60062478887082,103.88850345018407,104.56744384765624,2050300.0
2025-03-12,104.67569113577932,104.84297328371848,102.54045834801548,103.01277160644533,1956300.0
2025-03-13,103.47524257952632,104.89216733511054,102.55029985165814,103.41619873046876,1596300.0
2025-03-14,103.78027202508962,105.80726647400894,103.37683700951628,105.53175354003906,1395100.0
2025-03-17,105.03975563767555,107.0273898650912,104.41000969391035,106.66332244873048,1344200.0
2025-03-18,106.7420510025019,107.33243693303444,105.41367327484816,105.6399917602539,1534700.0
2025-03-19,105.51208385439354,107.02740508590352,104.79377579695202,106.72237396240234,1846800.0
2025-03-20,106.31893860965108,107.51938673621312,106.20085842190012,106.9585189819336,1754600.0
2025-03-21,106.82075523522576,107.07659187099873,105.51206890255402,106.5058822631836,5333600.0
2025-03-24,106.40749246948056,108.11961389199736,105.8958266733502,107.89330291748048,1553900.0
2025-03-25,108.23769404703523,108.77888552013614,106.95851829634094,107.9720230102539,1675600.0
2025-03-26,108.65097051084632,109.71366974145168,107.56859500137706,108.670654296875,1357800.0
2025-03-27,109.13312533436265,109.22167984972064,108.10978617184782,109.00520324707033,1804300.0
2025-03-28,109.20198903576777,109.63493467627713,107.48986022842251,108.0408935546875,1876400.0
2025-03-31,108.31642060421407,109.98918206323263,106.78140811078929,109.40863800048828,2930500.0
2025-04-01,109.57591152995084,110.91412368641438,108.65096878755745,110.64844512939452,2085800.0
2025-04-02,110.60908507514068,111.2388310464196,109.99901538107991,110.47132110595705,1817600.0
2025-04-03,108.7395314205916,111.63242484251938,107.00772611886865,109.95966339111328,2370300.0
2025-04-04,107.58825427846716,108.208165818607,100.18873591277033,100.34617614746094,3221800.0
2025-04-07,98.0239941118809,101.4383950553136,95.91827957878704,98.3979034423828,3676100.0
2025-04-08,101.89103214375854,103.22924423280696,96.74481848419032,98.1715850830078,2662200.0
2025-04-09,96.3709053182861,104.1640171687484,95.64275545572724,103.6129913330078,3031400.0
2025-04-10,103.19972249928304,104.2427454217939,100.61186023922976,103.0029296875,2695000.0
2025-04-11,103.00292802236208,105.54159579201196,102.06815092075736,105.11848449707033,2297500.0
2025-04-14,106.04341839972204,108.08025472303156,105.17751954251158,106.77156829833984,2004100.0
2025-04-15,107.26355814143848,107.74570577302866,106.08277877935323,106.29925537109376,1228500.0
2025-04-16,106.978196092309,107.31274534265066,105.07911635732832,105.62030029296876,2240200.0
2025-04-17,106.1024554260225,107.48002750219352,105.29559296110524,105.7187042236328,2294700.0
2025-04-21,105.14800414569407,105.79742642894008,101.82215758772206,103.2882843017578,1692500.0
2025-04-22,104.86265413525796,106.91917439227532,104.33130451153812,106.57477569580078,1545700.0
2025-04-23,106.81092839360748,108.54272610855696,106.13198044990897,106.6928482055664,1552300.0
2025-04-24,106.75188398513518,107.5784302827513,105.8367831773268,107.39147186279295,1613700.0
2025-04-25,107.0864340498136,107.28322684268105,104.98071963604396,106.210693359375,1829700.0
2025-04-28,106.56492593078936,107.43082472568568,105.69901962872925,106.75187683105467,1756300.0
2025-04-29,106.26972916843322,107.11595168645866,105.88597796923142,106.86011505126952,1275800.0
2025-04-30,105.9548637297022,107.16516125664891,104.2230585107221,106.9388427734375,2713200.0
2025-05-01,103.8097931153114,104.83313226109934,101.44824181789032,101.86151123046876,3391200.0
2025-05-02,102.68805598623317,104.34114111833183,102.30430475084997,103.8393096923828,1886200.0
2025-05-05,103.52443653680648,104.79377043162678,102.8258123014554,104.0557861328125,2002800.0
2025-05-06,103.87866950651107,104.9413686975584,103.07180697415984,104.20338439941406,1443300.0
2025-05-07,104.44937829273748,105.6990283906681,104.00658321325194,105.24639892578124,2028700.0
2025-05-08,105.07912487198602,106.24022046477124,104.29193861996862,104.59697723388672,1926200.0
2025-05-09,104.75440254773892,105.52190496006168,104.183692930876,104.27225494384766,1353100.0
2025-05-12,104.40016977511443,105.16767218938486,102.94388506782286,103.878662109375,2078200.0
2025-05-13,103.49491127833384,104.14433351309032,103.18988019133944,103.3473129272461,1975800.0
2025-05-14,103.2981193552732,103.8589870884188,102.04846181361422,102.23542022705078,1831900.0
2025-05-15,102.30430455548344,104.27226268483494,102.30430455548344,104.0853042602539,1521900.0
2025-05-16,104.02626711675828,105.28575910868788,103.6818759482095,105.108642578125,3427200.0
2025-05-19,105.1479952984916,105.63998479267988,104.32144904453006,104.72488403320312,1690000.0
2025-05-20,104.64616453649388,104.99055568304674,103.62282548161969,103.92786407470705,1868400.0
2025-05-21,103.65083266464372,103.8487121013846,102.37448991640012,102.4437484741211,2380700.0
2025-05-22,102.40417372202612,102.79004391766904,100.88047786419288,101.36528778076172,1700400.0
2025-05-23,100.92004784351474,101.82041659957213,100.59353999470603,101.4444351196289,1641500.0
2025-05-27,101.89957322770692,102.35470199132628,101.27624618052285,102.31513214111328,1683300.0
2025-05-28,102.0479818808936,102.780144853947,100.80132029539004,100.91015625,1745500.0
2025-05-29,101.13772407426418,101.89956820549656,100.84089737197714,101.72147369384766,1854700.0
2025-05-30,101.5235947509044,102.90877345394048,101.01899237401352,102.4437484741211,3415400.0
2025-06-02,101.5829557053949,102.74056624684822,101.09814580787126,102.70099639892578,1809900.0
2025-06-03,102.42395985400552,103.12644924267842,101.04867733565956,102.9681396484375,1757100.0
2025-06-04,103.1462279385262,103.25506389083986,101.74126434326172,101.74126434326172,1568900.0
2025-06-05,102.04798424839218,102.0578804850272,100.5836582683132,101.1278305053711,1774300.0
2025-06-06,101.94904449191436,102.691103718327,101.69179517981192,102.58226776123048,2035400.0
2025-06-09,102.31512463642656,102.4932115951736,100.0592583602842,101.42465209960938,2027600.0
2025-06-10,101.2564457501802,101.69178955448425,100.74195470305246,101.18718719482422,2903100.0
2025-06-11,101.1278269163062,101.31581766261591,99.92074274264348,100.27693176269533,2282500.0
2025-06-12,99.4656089620418,101.60274297398604,99.15889359034496,101.54337310791016,1800600.0
2025-06-13,101.16740308716452,101.96882459826352,99.94053400441445,101.09814453125,2259300.0
2025-06-16,101.68189711530832,102.1864994938107,101.24656084336476,101.63243103027344,2160800.0
2025-06-17,101.59285139833854,101.90946302034055,100.33630114656638,101.00909423828124,2056900.0
2025-06-18,101.1673991829716,102.58225895515244,101.06845947099998,101.54337310791016,2127300.0
2025-06-20,100.89037105910074,102.6317387796402,100.03947589728126,102.20629119873048,6258900.0
2025-06-23,102.1568185569237,103.8190314997946,101.79073329350342,103.72998046875,2156600.0
2025-06-24,103.68051697986024,104.07628341400016,102.52290638760988,103.05718994140624,1977800.0
2025-06-25,102.81972230472972,102.89887709878138,101.108043287908,101.3949737548828,2273200.0
2025-06-26,101.24656407093208,102.98792431145124,101.10804695063209,102.8098373413086,2149000.0
2025-06-27,102.96813774892549,104.16532572597367,102.64162987828956,103.95755004882812,11668000.0
2025-06-30,103.80913078925028,104.46214649337726,103.34410582696889,104.34341430664062,2628100.0
2025-07-01,104.08617322144416,105.35262733403472,103.69041433166517,104.6600341796875,2519000.0
2025-07-02,104.37310126063306,104.65013549644894,101.69179483739129,102.42395782470705,1968300.0
2025-07-03,103.11655205021138,103.61125820470396,102.5723722608228,103.4628448486328,994900.0
2025-07-07,103.26496307957788,103.45294628099008,101.56317273868844,101.79073333740234,1667600.0
2025-07-08,101.21687686240978,102.54268566282336,101.12782583404156,102.14691925048828,2434200.0
2025-07-09,101.9094646712106,101.95893830457533,100.52428597178152,100.8310089111328,1689100.0
2025-07-10,100.6529103176684,101.22676367889989,100.02957577646198,101.19708251953124,2123900.0
2025-07-11,100.4649172299966,100.94972710179712,100.0988319928972,100.49459838867188,1348200.0
2025-07-14,100.33630040047213,101.64232427509604,99.79212064078862,101.58295440673828,2048900.0
2025-07-15,100.9992133499328,101.5730743180683,99.5150948418274,99.55467224121094,1695800.0
2025-07-16,99.91085332196286,100.44512929950426,98.99069961834924,100.36598205566406,1606700.0
2025-07-17,99.93064006122772,100.5836557879341,99.58434727370916,100.34619140625,1955800.0
2025-07-18,100.60344059165035,101.42465459293732,100.12851937746736,100.7518539428711,4577800.0
2025-07-21,100.87057624563722,101.29602381667443,100.03947357586208,100.04936981201172,2102000.0
2025-07-22,100.20767672389611,101.75115749922944,99.67339317506146,101.61264038085938,1970100.0
2025-07-23,101.99850045400436,102.05787031928404,100.92994101097848,101.80062103271484,1687100.0
2025-07-24,101.4642350503045,102.12713948398677,101.03878745656785,101.36528778076172,2409400.0
2025-07-25,101.5433803147752,102.43385288295173,100.92005329135998,102.27555084228516,2023600.0
2025-07-28,101.9094693811924,102.19639986101232,99.67339541513796,99.8119125366211,1877600.0
2025-07-29,100.45503004799376,100.99920983480656,99.5249800663926,99.75254821777344,2002800.0
2025-07-30,99.653603133367,99.653603133367,97.07123655424152,97.54615020751952,2508700.0
2025-07-31,97.31859399110246,99.16879770122436,97.01187859504904,98.3080062866211,3106200.0
2025-08-01,98.35748416989613,98.35748416989613,95.9235231749902,97.05145263671876,2768300.0
2025-08-04,97.02176572298804,97.65498897804903,96.59631814081112,97.51647186279295,2033500.0
2025-08-05,98.05075228249156,98.54545840656932,97.58572731807982,97.8726577758789,2985500.0
2025-08-06,100.42534695811536,101.5136989622238,96.43801665612848,101.22676849365234,3640300.0
2025-08-07,101.3850732603543,102.68120087689304,100.41544594548677,101.19708251953124,3676000.0
2025-08-08,101.4840191605294,102.70099960913969,100.41545206642525,102.42395782470705,2014600.0
2025-08-11,102.84940572260768,103.24517215293538,102.18650129226344,103.06707763671876,2013000.0
2025-08-12,103.40347867424192,103.69040913899448,102.41406640210882,102.45364379882812,3231300.0
2025-08-13,102.98791725904658,104.72928492893732,102.70099434994226,104.58087158203124,2447500.0
2025-08-14,104.79854275783354,104.79854275783354,103.83881167625944,104.18511199951172,2575000.0
2025-08-15,104.66992963998943,105.03601491379776,104.03670636270044,104.26426696777344,2645900.0
2025-08-18,104.32363190660035,104.69960585076949,103.87839185703052,104.64024353027344,1771700.0
2025-08-19,104.59077110196084,105.8374326870504,104.4126765898052,105.7582778930664,2275400.0
2025-08-20,106.07662113477927,108.07619199267108,105.94729852618345,107.34003448486328,2684900.0
2025-08-21,107.30023557193886,107.97670685435556,106.98189659137805,107.62852478027344,3395500.0
2025-08-22,108.10603449833351,109.08095194103412,107.757852408012,107.89712524414062,2231000.0
2025-08-25,107.69816127823997,108.14582286100548,106.78293006734606,106.82272338867188,1719700.0
2025-08-26,106.38501643194756,107.65837240781804,105.827917500154,107.59868621826172,4624400.0
2025-08-27,107.23060238846772,107.84738750242832,106.85257720947266,106.85257720947266,3554800.0
2025-08-28,106.57402319208168,106.66356006450536,105.24098105213052,105.54936981201172,2439600.0
2025-08-29,105.8378655034398,106.62376653854508,105.74833622098735,106.30542755126952,2399000.0
2025-09-02,106.07661415426227,106.24573766489712,104.42523308706213,105.07186126708984,2980000.0
2025-09-03,104.54461188479398,106.26563706142922,104.2063800223364,106.18605041503906,2169100.0
2025-09-04,106.59392031435571,108.20550806957776,106.14625114583856,107.98665618896484,2429700.0
2025-09-05,107.94686306203762,108.3845744138502,105.74833330586554,106.37506103515624,2547800.0
2025-09-08,105.75828098972065,105.99704092733734,104.11685005995751,105.78812408447266,2971300.0
2025-09-09,105.66875314073997,106.40491065055645,104.93259563092346,105.72843933105467,1833300.0
2025-09-10,105.31061489971546,106.73319387738944,105.11165588331627,106.67350769042967,2093200.0
2025-09-11,106.62376515174536,108.18561697365811,106.37506258398984,108.1259307861328,1927200.0
2025-09-12,107.94686688575074,108.94167717752669,107.55889147914212,108.56364440917967,1800000.0
2025-09-15,108.47411698341357,108.72281956061605,107.63847237731704,107.8473892211914,1836500.0
2025-09-16,107.44945915083976,107.54893865966032,106.40490533372376,107.07142639160156,2874500.0
2025-09-17,107.42956148509676,109.41918207237784,106.54418093094073,108.6631317138672,2354400.0
2025-09-18,108.1259357071378,108.77255634089104,107.41962129334247,107.43951416015624,3167900.0
2025-09-19,107.80759066014588,108.00654967632116,107.2405491152664,107.47930145263672,6940700.0
2025-09-22,107.21070343508464,107.60862907580466,106.67351254838302,106.8426284790039,2673800.0
2025-09-23,106.79288180024211,108.85213877162616,106.295476661359,107.66831970214844,2539900.0
2025-09-24,107.62852367322556,108.79244984738534,107.34997801682496,108.74270629882812,2134300.0
2025-09-25,109.0013640004735,109.53856247193396,108.05629725370798,108.91183471679688,1913100.0
2025-09-26,109.72757750096152,110.86166061898284,109.3694451910811,110.78207397460938,1878500.0
2025-09-29,110.87160475605224,111.08052159780696,110.12549703201476,110.77212524414062,2286200.0
2025-09-30,110.79202629028713,111.26953098592531,110.02601810590872,111.12030792236328,2523100.0
2025-10-01,110.42394213536522,110.76217399069378,109.5982477735217,110.17523956298828,1708900.0
2025-10-02,109.72757770310152,110.61295825143692,109.09089972654124,110.02601623535156,1704200.0
2025-10-03,109.9961730632594,111.83657057513274,109.4888176920532,111.73709106445312,1621300.0
2025-10-06,111.8067287671186,112.80153906495916,110.7920256028333,112.4832000732422,1607000.0
2025-10-07,112.74185110692711,113.30889266420746,111.96590030115402,112.34392547607422,1719400.0
2025-10-08,112.41356472238924,112.70206062227584,111.16010161007516,111.31927490234376,1756700.0
2025-10-09,111.81667569483706,112.7716926417995,110.17523723388908,110.59305572509766,1622200.0
2025-10-10,111.55802559034905,111.74704197465432,110.06581015164474,110.37419891357422,1480800.0
2025-10-13,109.99617104197756,111.01087417594373,109.12074073836362,109.68778228759766,1961900.0
2025-10-14,109.66788398662828,110.99098349076972,109.31970190390687,110.9312973022461,1788000.0
2025-10-15,110.43388917147256,111.41874920447528,108.8222938167227,109.2401123046875,1548600.0
2025-10-16,108.4641607135034,108.4641607135034,105.90749866586518,106.17610168457033,2025000.0
2025-10-17,106.53423111855965,107.47930545508598,106.40490851220984,107.15101623535156,1501400.0
2025-10-20,107.27039647947468,108.53380222106765,106.99185080981955,108.20551300048828,1108900.0
2025-10-21,107.92696480688237,108.4741134950525,107.1311211393077,107.61857604980467,2172400.0
2025-10-22,107.62853028593028,108.2552580513379,106.51434000207188,107.29029083251952,1824600.0
2025-10-23,107.73795953865402,107.73795953865402,106.46459596725222,106.99185180664062,1513800.0
2025-10-24,106.9222101521954,107.32012818460808,106.1562020012211,106.62376403808594,1673000.0
2025-10-27,106.86252160895276,107.18086060435311,106.2158933899144,106.99185180664062,1715300.0
2025-10-28,106.30542418125496,106.80282930746716,105.62895290601436,106.12635803222656,1589700.0
2025-10-29,105.80802190885836,106.2855265926132,104.88284804555822,105.15144348144533,1668700.0
2025-10-30,105.4200499763695,106.94210853935222,105.23103358835452,106.28553009033205,1503000.0
2025-10-31,105.30067062534812,107.07143177673431,105.20119111152424,106.63372039794922,2608900.0
2025-11-03,106.48449237244444,107.46935241608828,104.93259077763597,106.41485595703124,1852700.0
2025-11-04,107.3101913875353,108.25525815065517,106.31538107275634,108.24530792236328,2365400.0
2025-11-05,110.16529168302326,113.24920212826817,108.58354693209648,110.6626968383789,2965900.0
2025-11-06,110.77212170703146,113.30889092367646,110.45378272519916,113.10992431640624,2769000.0
2025-11-07,113.40837263384442,114.1843234427606,112.71200846938125,113.4979019165039,2337700.0
2025-11-10,112.71200914212248,113.60733233326188,111.80672813311683,112.99055480957033,1784500.0
2025-11-11,113.52775210521114,114.48276906507976,112.45335517918387,113.199462890625,1985100.0
2025-11-12,113.16961817375272,114.28380081605604,113.11987462444988,114.01520538330078,1825100.0
2025-11-13,114.10473536792789,114.85084307327126,113.6869168744876,114.4131317138672,2911800.0
2025-11-14,114.5026628650038,115.23882035448524,112.72195153506615,113.7466049194336,1925900.0
2025-11-17,113.7466043994754,113.8460914998642,111.36900842434557,111.68734741210938,2633400.0
2025-11-18,111.27947981636753,112.03553776306512,110.9810336929921,111.18000030517578,2253600.0
2025-11-19,110.81999969482422,111.1500015258789,108.30999755859376,109.4000015258789,2596800.0
2025-11-20,109.86000061035156,110.91000366210938,109.37999725341795,110.5500030517578,2368700.0
2025-11-21,110.98999786376952,111.75,110.45999908447266,110.9800033569336,2411100.0
2025-11-24,110.88999938964844,111.0,109.41999816894533,110.37999725341795,6647200.0
2025-11-25,111.12000274658205,112.45999908447266,110.68000030517578,111.62999725341795,2085500.0
2025-11-26,111.45999908447266,111.62000274658205,110.54000091552734,110.5500030517578,1825300.0
2025-11-28,110.47000122070312,111.55999755859376,110.0999984741211,110.30999755859376,1140400.0
2025-12-01,110.30999755859376,110.9800033569336,109.33999633789062,109.5500030517578,2485600.0
2025-12-02,109.58999633789062,109.79000091552734,108.5500030517578,108.83000183105467,1623800.0
2025-12-03,108.83000183105467,109.51000213623048,108.29000091552734,109.04000091552734,1721200.0
2025-12-04,109.04000091552734,110.13999938964844,109.01000213623048,109.23999786376952,2192500.0
2025-12-05,108.94000244140624,109.45999908447266,108.5,109.27999877929688,2061500.0
2025-12-08,108.5199966430664,108.91999816894533,107.8499984741211,108.05999755859376,2170600.0
2025-12-09,108.61000061035156,109.43000030517578,107.58999633789062,108.0199966430664,2219600.0
2025-12-10,108.04000091552734,108.30999755859376,107.01000213623048,107.19000244140624,2751900.0
2025-12-11,107.6999969482422,109.91999816894533,107.66000366210938,108.8499984741211,2293900.0
2025-12-12,109.37999725341795,110.19000244140624,109.19000244140624,110.0500030517578,2185600.0
2025-12-15,110.97000122070312,111.9499969482422,110.0500030517578,111.5,4213700.0
2025-12-16,111.0,112.0,109.16000366210938,109.48999786376952,3608900.0
2025-12-17,108.9800033569336,110.80999755859376,108.88999938964844,110.5,3867900.0
2025-12-18,109.93000030517578,110.7699966430664,109.52999877929688,110.45999908447266,3268800.0
2025-12-19,110.29000091552734,111.27999877929688,108.87999725341795,110.36000061035156,6832600.0
