date,open,high,low,close,volume
2015-12-21,46.66479444055895,47.01507288648761,46.392354329573486,46.680362701416016,7421900.0
2015-12-22,46.94500620118493,47.45874681176405,46.64142963959328,47.27193069458008,7288200.0
2015-12-23,47.43540375328381,47.879088792216265,47.287509730087024,47.80125045776367,6075700.0
2015-12-24,47.83237496775869,48.33054730957684,47.80123845405971,48.026973724365234,2560500.0
2015-12-28,47.69225082216602,48.02696083122156,47.48986650679539,47.94911956787109,3574500.0
2015-12-29,48.3149738915593,48.8365000476112,48.244918227890864,48.68082046508789,4246300.0
2015-12-30,48.64968805954565,49.062236464101375,48.45508930730747,48.657470703125,4753700.0
2015-12-31,48.49401330475344,48.83650904326038,48.22935885651699,48.23714447021485,4909600.0
2016-01-04,47.21744068082426,47.53658251272379,46.56358876067141,47.03841018676758,10538700.0
2016-01-05,47.05397218821287,47.4431696372976,46.92164351146679,47.20186614990234,7863000.0
2016-01-06,46.602504615142216,46.6647776361454,46.28336280585359,46.50909805297852,9598800.0
2016-01-07,45.55945833086071,46.31450242990722,45.32594042508237,45.39599609375,8951400.0
2016-01-08,45.77741350904578,45.93309014204085,44.60203533227944,44.71879577636719,8282700.0
2016-01-11,45.06127342222557,45.146897323277976,44.24395949558603,44.90559387207031,9637600.0
2016-01-12,45.30259217918304,45.45048616866016,44.60203545146737,45.11577606201172,8550000.0
2016-01-13,46.04984966817681,46.19774365431061,43.97931901559671,44.11164474487305,12610000.0
2016-01-14,44.19726596231797,45.00679745320937,43.88590975228826,44.60203170776367,9118500.0
2016-01-15,43.15421361926072,43.83920198540991,43.05302441682785,43.66017150878906,11694000.0
2016-01-19,44.00267362672128,44.43857594746333,43.46558208188508,43.71466827392578,10187800.0
2016-01-20,42.43030915510843,43.372169339867895,41.63634888662345,42.85064315795898,16217200.0
2016-01-21,42.89734851431198,43.68352615027342,42.85064374579636,43.05302810668945,8286400.0
2016-01-22,43.86255645751953,44.31402697657881,43.32546498388741,43.86255645751953,9544500.0
2016-01-25,43.73022153822119,43.95595675027901,43.06080151313417,43.09193801879883,10235200.0
2016-01-26,43.76915531218884,44.08829717854925,43.27098293244006,43.52006912231445,11816800.0
2016-01-27,43.21648959550358,43.60568708504953,42.399175461325314,42.45366287231445,15174500.0
2016-01-28,42.81952032514518,43.04525565464205,42.17345382786017,42.58600234985352,12172600.0
2016-01-29,42.86621954737208,43.9637565612793,42.72610818650377,43.9637565612793,10818700.0
2016-02-01,43.45000653660678,44.22840149852284,43.10751382232653,43.81585311889648,12280800.0
2016-02-02,43.18535335221551,43.37216945486927,42.93626719490463,43.06859588623047,12799600.0
2016-02-03,43.107517762777945,43.107517762777945,40.84238833532076,42.274635314941406,17506100.0
2016-02-04,42.1656466032941,42.64046792567368,41.79201744043984,42.04888916015625,12286900.0
2016-02-05,41.96327993054507,42.04111825319482,40.86574295287022,41.542945861816406,13321500.0
2016-02-08,40.87351087583179,40.982488645368846,40.35977041109093,40.71004867553711,15839600.0
2016-02-09,40.01728309106815,41.15373897220902,39.93165917397626,40.67113494873047,11267500.0
2016-02-10,41.04477386924273,41.61300194426369,40.80347031573724,40.82682418823242,10241200.0
2016-02-11,39.73706470186327,40.06399215041061,39.21554146998471,39.32451629638672,18848100.0
2016-02-12,40.28192754061717,42.227914378328144,39.955003177165054,41.254920959472656,17512800.0
2016-02-16,41.25494091579258,41.6363558269961,40.32086618798176,40.523250579833984,13233000.0
2016-02-17,41.02141981918994,41.6285670093375,40.671141452050406,40.99806594848633,9892300.0
2016-02-18,40.44540500746449,40.70227679240261,40.12626316424346,40.41426849365234,8637600.0
2016-02-19,40.39869934175753,40.42205024021232,39.93166058727401,40.11069107055664,9108000.0
2016-02-22,40.51545554216405,40.67891776494136,40.33642506445448,40.55437469482422,7219900.0
2016-02-23,40.48432304046948,40.49989129694309,39.54246579387576,39.744850158691406,6899700.0
2016-02-24,39.24668571978485,39.79934858483471,39.09879169637271,39.63588333129883,7576700.0
2016-02-25,39.54246393824618,40.04842185720064,39.22332211886693,39.98614883422852,8151200.0
2016-02-26,40.38313654541174,40.406487447023146,39.67479715956442,39.76820373535156,8815800.0
2016-02-29,39.77597781592706,39.79933168185203,39.07542419433594,39.07542419433594,11746500.0
2016-03-01,39.41013919654134,40.45318860248205,39.22332309232962,40.38313293457031,11592200.0
2016-03-02,40.35976923197027,40.5699361844979,39.90051618074483,40.34420394897461,7627200.0
2016-03-03,40.3909118279572,40.76454103235057,40.11068918232692,40.68670272827149,9462300.0
2016-03-04,40.81902347573356,41.254925645859984,40.46874818062799,40.71004867553711,21713700.0
2016-03-07,40.39091189241335,41.03698110079649,40.07177009423424,40.99027633666992,7662100.0
2016-03-08,40.569948278040286,40.99806495221116,40.14183160386941,40.42205429077149,8138700.0
2016-03-09,40.64779176724658,40.6867109271288,40.00172242970377,40.15740203857422,5944300.0
2016-03-10,40.2200535650729,40.752666019038585,39.81276450062767,40.368873596191406,5359700.0
2016-03-11,40.72917452229373,41.47326580825668,40.65868160072093,41.42626953125,7275300.0
2016-03-14,41.19128879960443,41.66907376321009,41.167792158074334,41.41059875488281,6447500.0
2016-03-15,41.1521339753572,41.543760671762485,40.76050727895192,41.52809524536133,6866000.0
2016-03-16,41.32444728998584,41.73957361591159,41.20696107492631,41.44193649291992,6485900.0
2016-03-17,41.43410568600539,41.88839110026328,41.0189793559491,41.65341567993164,5787900.0
2016-03-18,41.80222481378661,42.23301350059845,41.763062749144446,42.06853103637695,9907100.0
2016-03-21,41.88839226602232,42.311349827114974,41.64558263179328,41.95888519287109,4562100.0
2016-03-22,41.943208012960845,42.3035037657282,41.67690180702979,42.07636260986328,6102800.0
2016-03-23,42.07637245653297,42.33484451778864,41.77873533604581,41.857059478759766,6417400.0
2016-03-24,41.48893773129238,41.55943066390471,41.15213849635293,41.496768951416016,5609900.0
2016-03-28,41.614250963612605,41.98237800318672,41.53592383656272,41.83356094360352,5145900.0
2016-03-29,41.70041918942636,42.06854631622009,41.50460580721956,41.81790542602539,7289500.0
2016-03-30,42.39749651305958,43.00060183504191,42.115524883262765,42.70296478271485,8375500.0
2016-03-31,42.69513080901808,42.9457745829873,42.256510927288126,42.33483505249024,8315000.0
2016-04-01,42.18602124352345,43.07109826774375,42.068532058867326,42.99277114868164,6461700.0
2016-04-04,42.98493562702141,43.0006010492654,42.546312767811166,42.60897445678711,5308800.0
2016-04-05,42.248677020911074,42.48365537392733,41.966708375464535,42.0450325012207,6605600.0
2016-04-06,41.95104722620971,42.45232885301108,41.88055431069863,42.3818359375,5577200.0
2016-04-07,42.03720315698912,42.17818898995255,41.36360782912124,41.59858322143555,5624800.0
2016-04-08,41.857054869311945,42.02937154975594,41.55158656334245,41.63774490356445,5001900.0
2016-04-11,41.85705758778128,42.10769841859215,41.74740259778583,41.83356094360352,5187100.0
2016-04-12,41.87271625790857,42.19384995731897,41.62990967291163,42.13119125366211,11796200.0
2016-04-13,42.35834807214064,43.19642902583658,42.35834807214064,43.188594818115234,6487500.0
2016-04-14,43.07893676113968,43.53322516480059,42.93795091089144,43.2825813293457,5946400.0
2016-04-15,43.541045979672944,43.541045979672944,42.9692714960175,43.03976440429688,6928800.0
2016-04-18,43.01626900081183,43.32174029193798,42.78129361276217,43.29824066162109,8691300.0
2016-04-19,43.38440822744596,43.90135538624174,43.29824986966753,43.64288330078125,3956200.0
2016-04-20,43.70552834127526,44.15981663539258,43.66636627851056,43.95616912841797,3668500.0
2016-04-21,43.78385838860569,44.05016461627405,43.47055588974618,43.48622131347656,5283500.0
2016-04-22,43.6115588412744,44.026682275585166,43.50190381997535,44.011016845703125,6006800.0
2016-04-25,43.71337356592034,43.92485234360841,43.400071009077,43.823028564453125,4265100.0
2016-04-26,43.82302178995545,44.3869621220708,43.68986717812496,44.29297256469727,4994100.0
2016-04-27,44.25381663384464,44.57495040494694,44.128496210679714,44.35564041137695,6291100.0
2016-04-28,44.01882963655532,44.38695660210223,43.65853388820142,43.7290267944336,6811400.0
2016-04-29,43.5645401757649,43.885673853716185,43.29823398030236,43.72119140625,7791000.0
2016-05-02,44.15982780479556,44.4887928006732,43.77603232173034,44.324310302734375,9166300.0
2016-05-03,43.12591733163924,43.90917044199168,43.0475902278799,43.81517791748047,11985000.0
2016-05-04,43.33742448265824,43.43141408100372,42.64816045641529,42.96146011352539,9138800.0
2016-05-05,42.93794596448336,43.10242844153323,42.72646721347313,42.93011474609375,7768300.0
2016-05-06,42.64031003565501,43.1494258932283,42.59331674828625,43.11026382446289,6887700.0
2016-05-09,43.06326718616264,43.41573177782842,42.88311928106109,43.27474594116211,5878800.0
2016-05-10,43.38440332434377,44.60627964698615,43.337410034775445,44.13632583618164,6104600.0
2016-05-11,44.0736659350189,44.33213798431403,43.77602882830461,43.83085632324219,6958300.0
2016-05-12,44.01883204108901,44.214645348222085,43.78385667010412,44.08932495117188,7792400.0
2016-05-13,44.04233274348042,44.41046275095981,43.5567165336108,43.59587860107422,5939700.0
2016-05-16,43.43139527383621,43.783859849847794,43.26691280098886,43.29824066162109,6419500.0
2016-05-17,43.40790105527506,43.72903781069121,43.17292563793051,43.39223861694336,8361200.0
2016-05-18,43.3217401948681,44.46528927192187,43.24341307377761,44.41829299926758,8409200.0
2016-05-19,44.13632320329094,44.3869640256186,43.72903410791421,44.14415740966797,7840000.0
2016-05-20,44.37129980056548,45.03706389781834,44.28514146113587,44.62194061279297,6300200.0
2016-05-23,44.551442731794495,44.71592518625874,44.4104569171469,44.56710815429688,5511100.0
2016-05-24,44.81775671487464,45.35036922087336,44.74726379531968,45.19371795654297,6558600.0
2016-05-25,45.28771324454176,45.71067081533506,45.28771324454176,45.46786117553711,5139800.0
2016-05-26,45.272030253450886,45.42085026018296,45.14670987234015,45.23286819458008,4548800.0
2016-05-27,45.31119515396541,45.68715930874938,45.25636767053312,45.679325103759766,5595300.0
2016-05-31,45.74982482819606,45.8908106602852,45.1937157059968,45.33470153808594,10544900.0
2016-06-01,45.334699228109336,45.35036465175149,44.6611009508668,45.22504425048828,5964700.0
2016-06-02,45.20937806235656,45.34252967925223,44.95873726406846,45.303367614746094,6295700.0
2016-06-03,44.70810390337355,45.06056553043796,44.40263257851017,44.84908676147461,6363500.0
2016-06-06,44.62194446277806,45.1153919237464,44.62194446277806,44.87258529663086,5741800.0
2016-06-07,44.88824955134368,45.09972830961712,44.684602011728806,44.69243621826172,5175800.0
2016-06-08,44.69244073277856,44.91175073186373,44.520124026140415,44.58278274536133,5734300.0
2016-06-09,44.354349737439776,44.43311669155463,44.102291878552215,44.18893432617188,7286700.0
2016-06-10,43.71632964394287,43.81085059643288,43.16495191234517,43.31461334228516,8105300.0
2016-06-13,43.01528114500232,43.43275131975346,42.82623628949714,42.84986877441406,5453000.0
2016-06-14,42.76323564650169,42.86563209313208,42.17247443460229,42.52693176269531,8392600.0
2016-06-15,42.73960521648021,42.85775866646641,42.15672247529154,42.19610595703125,6812000.0
2016-06-16,41.865271862247496,42.290617577808185,41.550198068353424,42.24335861206055,6381900.0
2016-06-17,42.24336111343925,42.30637407308944,41.86527434123834,42.07794570922852,9559800.0
2016-06-20,42.65294841233181,42.91288170819955,42.29849118636121,42.32212066650391,5208800.0
2016-06-21,42.56630512277541,42.58205911191938,42.18821839761857,42.369384765625,5382200.0
2016-06-22,42.48754507306483,42.7711109341709,42.25911968918885,42.28274917602539,4783000.0
2016-06-23,42.692335144121806,43.094051361083984,42.692335144121806,43.094051361083984,4283900.0
2016-06-24,41.01458285127426,41.53445261471125,39.88819786303295,39.95121383666992,14909000.0
2016-06-27,39.32894100553813,39.38407847502183,38.131664659325466,38.43098449707031,11881500.0
2016-06-28,39.26593143032459,39.28956392449844,38.4388662486533,39.24230194091797,9843400.0
2016-06-29,39.71489867654152,40.54984212489682,39.50222732168627,40.534088134765625,8569500.0
2016-06-30,40.88067737629837,41.68410998639788,40.5656035256487,41.66048049926758,10472500.0
2016-07-01,41.471430291286254,41.98342144014719,41.40053883931888,41.644718170166016,6172900.0
2016-07-05,41.25087618298402,41.30601364341812,40.195382932898646,40.33716583251953,9376900.0
2016-07-06,40.12449853171655,40.40018888708351,39.541615846228495,40.376556396484375,8320200.0
2016-07-07,40.60498309272486,41.07759382315433,40.42381669772856,40.817657470703125,7622900.0
2016-07-08,41.41629317071277,41.80225540867747,41.26663176823285,41.7549934387207,6558700.0
2016-07-11,41.95979379998,42.12520619357747,41.72348995130268,41.975547790527344,5272000.0
2016-07-12,42.27487620976203,42.75536253676572,42.25124671983309,42.424537658691406,7960400.0
2016-07-13,42.55055184696753,42.65295127573695,42.11732765492712,42.38513946533203,4396100.0
2016-07-14,42.87349825456494,43.07829409366002,42.60568646204613,42.84986877441406,5614800.0
2016-07-15,43.02317256083499,43.11769652595648,42.66871520354732,42.88138961791992,4694100.0
2016-07-18,42.79474757370219,43.14920192967376,42.73960709112755,42.97591400146485,3919000.0
2016-07-19,42.75535376820203,42.944398663164776,42.62144934637704,42.89713668823242,3503800.0
2016-07-20,42.991654589626265,43.22795842150925,42.78685573183244,42.9837760925293,3680600.0
2016-07-21,42.92864559348018,43.03892053259066,42.68446322490215,42.76323318481445,4112800.0
2016-07-22,42.85775044735208,43.06254631598376,42.80261298253715,43.02316284179688,2905100.0
2016-07-25,43.02316044701139,43.117684385518224,42.84199407202276,43.05466842651367,3396500.0
2016-07-26,43.05468624284168,43.25948218481985,42.84201180034461,43.07831573486328,2959200.0
2016-07-27,43.01528734886609,43.18069974331089,42.85775044735208,43.02316284179688,4784000.0
2016-07-28,42.857769289405006,43.24373471756242,42.80263180034935,43.15708923339844,3305400.0
2016-07-29,42.87351412321004,43.04680505449894,42.66871520354732,42.88138961791992,5937400.0
2016-08-01,42.89713476556173,43.14131711795118,42.65295541793881,42.70021438598633,6143900.0
2016-08-02,42.68446404473546,42.84200096281911,42.47966815456348,42.64508056640625,6059000.0
2016-08-03,44.82696124618271,45.86670075283373,44.74031578650063,45.76430130004883,15480200.0
2016-08-04,45.75642467089602,45.88245360782555,45.35470837342278,45.37833786010742,8257400.0
2016-08-05,45.88246221932767,46.599252496039774,45.780062749863816,46.5519905090332,5961900.0
2016-08-08,46.811914935168296,47.111234766642944,46.69376150031164,46.7804069519043,5383300.0
2016-08-09,46.7016441908001,46.90644009086677,46.55198275924472,46.68589019775391,3648000.0
2016-08-10,46.68589141501644,46.79616636444812,46.40232554232525,46.47321701049805,3563300.0
2016-08-11,46.630751856522494,46.90643921778212,46.58348987826361,46.61499786376953,3444400.0
2016-08-12,46.34718126950551,46.44958070957249,46.252660327394906,46.35505676269531,2637100.0
2016-08-15,46.48897413745982,46.7410320402266,46.43383665902754,46.64651107788086,3456000.0
2016-08-16,46.457463211192405,46.92219550343024,46.27629679283081,46.71739959716797,3836800.0
2016-08-17,46.67800782852343,46.788285770703055,46.42594997021765,46.49684143066406,4146100.0
2016-08-18,46.55987323363739,46.748915189280616,46.315690785766535,46.45747375488281,3756500.0
2016-08-19,46.3156797618978,46.45746269726748,46.0399923902162,46.36294174194336,3882800.0
2016-08-22,46.40232749885693,46.55198593585777,46.2290365682907,46.4653434753418,3593900.0
2016-08-23,46.67013047143569,46.74889742222347,46.465334596527526,46.48896408081055,4052500.0
2016-08-24,46.48108399521648,46.74889582542047,46.3156716013522,46.40231704711914,3870600.0
2016-08-25,46.284162375407256,46.67012762214329,46.26841139002458,46.42594528198242,4078400.0
2016-08-26,46.60711450699222,46.86705085317171,46.23690623256977,46.48896408081055,3951200.0
2016-08-29,46.59137406478101,47.05610639104264,46.59137406478101,46.81192398071289,3675900.0
2016-08-30,46.8119206436903,47.05610303661332,46.646508218532944,46.977333068847656,4218500.0
2016-08-31,47.02459182328613,47.174250244622726,46.74890146217116,47.126991271972656,6090000.0
2016-09-01,47.18999474046631,47.25301069767402,46.465329261174986,46.7961540222168,4677300.0
2016-09-02,47.04034076144804,47.23726113904316,46.90643334220478,47.15061569213867,4399200.0
2016-09-06,46.96945397737836,47.13486638986789,46.46533824135305,46.82767105102539,7066200.0
2016-09-07,46.72527258758159,46.87493101087753,46.425952736222825,46.76465606689453,4488200.0
2016-09-08,46.77253446061528,46.93007138228027,46.44958512334712,46.50472259521485,5279600.0
2016-09-09,46.36293732960807,46.70164064244954,46.20540041588257,46.21327590942383,6937300.0
2016-09-12,45.90608720072363,46.646509900585066,45.32320444207435,46.4653434753418,9222400.0
2016-09-13,45.958478503928525,46.22775112210438,45.70504580695784,46.11687469482422,7098500.0
2016-09-14,46.07726633074249,46.43365692706832,45.84759205520413,45.9980697631836,5978800.0
2016-09-15,45.93471053518594,46.64749173471135,45.8396740489677,46.4019775390625,6494500.0
2016-09-16,46.10102186873498,46.1406201500853,45.71295448188464,45.85551071166992,22310200.0
2016-09-19,46.05349753612328,46.362368309278295,45.665427192188304,45.8079833984375,6684700.0
2016-09-20,46.005977793655305,46.029736154311934,45.76046365596953,45.8079833984375,5092400.0
2016-09-21,46.02974362452216,46.219819604086936,45.57039812406969,46.005985260009766,8334300.0
2016-09-22,46.12478199133508,46.75836353905497,46.069340773576656,46.71876525878906,6619100.0
2016-09-23,46.66331874207839,46.82171486631013,46.44156598084681,46.51284408569336,6306900.0
2016-09-26,46.28318037907193,46.28318037907193,45.98223099788119,46.13270568847656,4895500.0
2016-09-27,46.04559208594188,46.67125531755122,45.85551909226041,46.338623046875,5388300.0
2016-09-28,46.55245189383008,47.14643521546073,46.44157549051055,47.122676849365234,6052700.0
2016-09-29,47.00387557877907,47.40778590013723,46.11686139518761,46.25149917602539,7291900.0
2016-09-30,46.56828018165842,47.201861628936186,46.56828018165842,46.99594879150391,6408500.0
2016-10-03,46.87715678025582,46.96427480656115,46.32277483314013,46.66332244873047,4412200.0
2016-10-04,46.58413458396143,46.93260373305551,46.42573841758936,46.7900505065918,5990100.0
2016-10-05,47.035558039865,47.74041775324209,46.995959756637525,47.43946838378906,5219900.0
2016-10-06,47.486979573968334,47.62161734661733,47.13058902419747,47.47906112670898,4921300.0
2016-10-07,47.51867667735684,47.86714588537459,47.209805762339,47.56619644165039,4733000.0
2016-10-10,47.78002669506954,48.09681603268212,47.78002669506954,47.86714172363281,3435900.0
2016-10-11,47.60578941642953,47.81962380012813,47.13060089004739,47.40779495239258,5170900.0
2016-10-12,47.58995067557733,48.20769245190432,47.43947596679804,47.86714172363281,5565500.0
2016-10-13,47.36026907098704,47.46322702490016,46.671249271133966,47.19395446777344,6131100.0
2016-10-14,47.62954778534412,48.06513500199426,47.336516824493046,47.40779495239258,5207800.0
2016-10-17,47.54242469408906,47.898815295777865,47.43946975894431,47.74834060668945,5158600.0
2016-10-18,48.08097517081677,48.31856792466118,47.81962404793463,47.90674209594727,4105600.0
2016-10-19,47.88296492027777,48.31063354890259,47.88296492027777,48.08095932006836,4546800.0
2016-10-20,47.90672886009342,48.065121971457735,47.368183822220935,47.5740966796875,4380800.0
2016-10-21,47.1464385868089,47.58994725295682,47.04348364559604,47.51866912841797,4218300.0
2016-10-24,47.7404301420864,47.91466625888868,47.66915200531784,47.77210998535156,3458600.0
2016-10-25,47.75625970466552,47.99385243530455,47.64538329844433,47.95425415039063,3493800.0
2016-10-26,47.7562629775517,48.60367902163881,47.64538656373181,48.39776611328125,6584600.0
2016-10-27,48.65910468570699,49.1263716100405,48.40567208483,48.64326477050781,9922400.0
2016-10-28,48.81751071295101,49.03134507975656,48.27896557162346,48.53239822387695,7016900.0
2016-10-31,48.74623050892168,49.070941269576565,48.65911247196336,48.865028381347656,5901500.0
2016-11-01,48.92046874675789,48.95214858362685,47.44738956506237,48.05721282958984,8322800.0
2016-11-02,48.01761382317729,48.40568124495144,47.708742971231,47.95425415039063,7359300.0
2016-11-03,46.04557966087702,46.21981570903184,45.4199165980983,46.05350112915039,13088100.0
2016-11-04,46.11686349565196,46.20398153054635,45.43576215501064,45.44368362426758,8737100.0
2016-11-07,46.09310614367613,46.972201938895765,46.02974647284877,46.94844055175781,9849100.0
2016-11-08,46.81380600550216,47.41570777544617,46.49701369217031,47.122676849365234,9238500.0
2016-11-09,47.58994559628221,48.437361591213445,47.28107474108463,48.25520706176758,13021000.0
2016-11-10,48.72246805710357,50.266825163356735,48.70662814069807,50.06090927124024,12562000.0
2016-11-11,49.83915091548769,50.27473799392934,49.6728363435444,50.14802169799805,9673700.0
2016-11-14,50.417289720398486,51.25678699450044,50.33017170822744,51.04294967651367,9557500.0
2016-11-15,50.631134811814405,51.16175842285156,50.472738666929146,51.16175842285156,8588100.0
2016-11-16,50.63905364585223,51.09839914625302,50.25098626013581,50.765769958496094,6185300.0
2016-11-17,50.64697283468551,51.05088011894307,50.64697283468551,50.86872863769531,6260700.0
2016-11-18,50.79744609279757,50.868727223446335,50.25098260078183,50.61529159545898,4462000.0
2016-11-21,50.70240746503658,50.8845649866402,50.41729804334859,50.62321090698242,4177700.0
2016-11-22,50.71033520938727,50.78161635007473,49.96587719961781,50.68657684326172,6626700.0
2016-11-23,50.797451678427095,51.07464267851866,50.544019043727566,50.94792938232422,4498200.0
2016-11-25,50.70242176254811,51.14593348887482,50.70242176254811,51.03505706787109,2074000.0
2016-11-28,50.67073363255921,51.08256240518616,50.12427009909635,50.14011001586914,6385300.0
2016-11-29,50.27474823877918,50.35394782809707,50.09259371508117,50.11635208129883,4841400.0
2016-11-30,50.441061906388256,50.73409282852538,50.15595245361328,50.15595245361328,7627200.0
2016-12-01,50.41730628758332,50.80537673627802,50.36978653228737,50.77369689941406,5942700.0
2016-12-02,50.757855986409325,50.844974030685776,50.441066668588014,50.48858642578125,5651000.0
2016-12-05,50.797457279327865,50.860816955566406,50.55194608679263,50.860816955566406,4706000.0
2016-12-06,51.10756288582786,51.22695569888087,50.7493874829542,51.09960174560547,4942600.0
2016-12-07,51.17122984218254,51.72838809723362,51.10755287801398,51.67267227172852,5113100.0
2016-12-08,51.72042915647762,52.611882297775686,51.57715903411628,52.38901901245117,5196500.0
2016-12-09,52.37312582170435,52.524351076012216,52.11046280319924,52.397003173828125,6553000.0
2016-12-12,52.59597662061115,52.707408285575006,51.72043950765073,52.22984313964844,6568400.0
2016-12-13,52.476580983093314,52.79495975404711,52.07064789831297,52.77903747558594,5225900.0
2016-12-14,52.325344455851656,53.32823535843417,52.070642679132064,52.54025268554688,6613400.0
2016-12-15,52.73925618666661,53.35213045337822,52.63577957032015,52.68354034423828,6148700.0
2016-12-16,52.7949611775527,53.07354033243484,52.52433708954567,52.77108383178711,14776700.0
2016-12-19,52.79495351399935,53.07353262844379,52.21391187024157,52.962100982666016,7628700.0
2016-12-20,53.12128118125507,53.31231204273993,52.78698628250938,53.00984954833984,4075700.0
2016-12-21,52.993951655762885,53.22477613871469,52.70741133710346,53.0576286315918,3091500.0
2016-12-22,52.715370178222656,53.15313570467077,52.49250077254118,52.715370178222656,3047500.0
2016-12-23,52.715368614595896,52.93027080155855,52.57209846576406,52.85863876342773,2061000.0
2016-12-27,52.96209917604064,53.26455562246743,52.86658373753105,53.089447021484375,3263700.0
2016-12-28,53.07352495268058,53.14515696921968,52.42881251355513,52.436767578125,2449800.0
2016-12-29,52.53229120851473,52.68352247491294,52.08656462027073,52.13431930541992,3336800.0
2016-12-30,52.05472754925496,52.309429331231655,51.83186424909655,51.98308944702149,4497200.0
2017-01-03,52.4924960177366,52.54025677948448,51.48961110957864,51.83186721801758,7321900.0
2017-01-04,52.126367087280826,52.69944769741815,51.95921958808583,52.5084228515625,4927500.0
2017-01-05,52.38106808985257,52.58801521197136,51.68063961758087,52.21392059326172,4107900.0
2017-01-06,52.985988549389454,53.39192166452168,52.68353203428195,53.1770133972168,5603700.0
2017-01-09,53.08150551960199,53.22477567769072,52.588018070058446,52.83475875854492,4345000.0
2017-01-10,52.85863643117399,53.70233500786308,52.73924363365366,53.4874267578125,4952500.0
2017-01-11,53.20089400799574,53.543150170659445,52.78700580021607,53.28844833374024,4762000.0
2017-01-12,52.97802576904168,53.017825394368046,52.33331313223209,52.73128509521485,5558700.0
2017-01-13,52.643731256397416,53.256611485604914,52.62781504966424,52.81087875366211,5391500.0
2017-01-17,52.29351872377483,52.858644311449815,52.10249386280589,52.58005905151367,5155000.0
2017-01-18,52.80290553853404,52.9063821126317,52.4208559386056,52.72331237792969,4953900.0
2017-01-19,52.89046277873548,53.04965518136736,52.50045201928356,52.76311492919922,4406400.0
2017-01-20,52.76311503341009,53.68640668022158,52.73923769111046,52.962100982666016,9070900.0
2017-01-23,52.94617530417731,52.95413644195542,52.08656067377649,52.1263542175293,5707100.0
2017-01-24,52.40493728469112,52.47657538498423,52.00696538159631,52.13431930541992,6524900.0
2017-01-25,52.30944061279297,52.58801979807208,52.07861612425577,52.30944061279297,6799000.0
2017-01-26,52.54025889193727,52.850676529215,52.17412542418842,52.54821395874024,4866900.0
2017-01-27,52.53229599617653,52.57209561914098,51.72839097833972,51.90349960327149,5612800.0
2017-01-30,51.69655076945091,51.69655076945091,50.956322744029485,51.64879608154297,5149900.0
2017-01-31,51.53737260449071,51.84779027027967,50.98021424860555,51.14736175537109,6201100.0
2017-02-01,51.53737117012269,51.73635715919652,50.98816789705637,51.15531539916992,4690400.0
2017-02-02,50.836930201034455,51.42592995531635,50.74141779416984,51.035919189453125,4532800.0
2017-02-03,51.71248361103871,51.87963112543132,51.33838895248675,51.68860626220703,4380500.0
2017-02-06,51.37022087494122,51.77615397090044,51.338382389712045,51.6567611694336,2871500.0
2017-02-07,51.8875853641523,51.93534005546363,51.54532924042422,51.64083862304688,3645700.0
2017-02-08,51.4975802836647,51.768204432473226,51.33839389441604,51.66473388671875,3181900.0
2017-02-09,51.664716907729336,52.19799781628462,51.664716907729336,51.99105072021485,5373100.0
2017-02-10,52.06268409986957,52.43677256498668,52.0149233450663,52.22187042236328,5076200.0
2017-02-13,52.32534759076045,52.77108028115144,52.25371555828335,52.64372634887695,4568700.0
2017-02-14,52.87454727254872,53.27251917552663,52.73923828295286,53.24068069458008,7933700.0
2017-02-15,49.77833272486024,50.136508090644085,48.082971351006734,48.43318557739258,38234900.0
2017-02-16,48.39339964184069,49.89773347298884,48.31380644805054,49.563438415527344,14253600.0
2017-02-17,49.42014604308224,49.762402087986935,49.19728277152917,49.74648284912109,7797900.0
2017-02-21,49.95343000919957,50.60610669842321,49.75444406534535,50.470794677734375,9402400.0
2017-02-22,50.22406155210535,51.29062959268298,50.16834571903885,50.80510330200195,10006600.0
2017-02-23,51.13143415967183,51.15531150493173,50.84489690769798,50.95632553100586,6081400.0
2017-02-24,50.6936706803902,50.709589924246224,50.31957907677212,50.64591598510742,6466500.0
2017-02-27,50.58223524462687,51.34634371141374,50.56631600195578,50.94041061401367,8548800.0
2017-02-28,50.74938097190743,51.17123329729596,50.70162628184135,50.876731872558594,8014700.0
2017-03-01,51.52145181840779,51.65676082530274,51.23491152582431,51.44185256958008,10137000.0
2017-03-02,51.41001412295311,51.52145185688109,50.82101733112283,50.860816955566406,6833700.0
2017-03-03,50.82897638157632,51.23490945845152,50.757341311320985,51.115516662597656,4639900.0
2017-03-06,50.78122380891124,50.948374347324936,50.43896766477093,50.76530456542969,5305700.0
2017-03-07,50.693660772175946,50.74937659663958,49.8738396096813,50.50263595581055,8144800.0
2017-03-08,50.82101536564954,50.980207784697065,50.375288737456216,50.49467849731445,5863800.0
2017-03-09,51.370214082599134,51.537361553523866,50.10466330678322,50.31160736083984,8564500.0
2017-03-10,50.37529264012329,50.462846959239954,50.04099460679467,50.20814514160156,5005600.0
2017-03-13,49.57612669565473,50.664129942981305,49.44812649313193,50.54412841796875,8328100.0
2017-03-14,50.20014085199151,50.416141824259846,49.92813996673875,50.304141998291016,5131200.0
2017-03-15,50.47214475960956,50.71214483702391,50.30414501059617,50.58414459228516,5862600.0
2017-03-16,50.52014213711554,50.776142607039965,50.224139114205286,50.32814025878906,5185800.0
2017-03-17,50.11213962172637,50.44014041672314,49.62413776902636,49.93613815307617,16458400.0
2017-03-20,49.7681408102783,50.27214309817433,49.50414164636756,49.896141052246094,4596600.0
2017-03-21,50.14414581338825,50.14414581338825,49.24814406677321,49.40814208984375,7307300.0
2017-03-22,49.26413111745913,49.46413164381757,48.880127421296976,48.992130279541016,7417700.0
2017-03-23,49.04813302260824,49.52013441421311,48.96013229763285,49.0721321105957,6894600.0
2017-03-24,49.20014026907275,49.41614125110017,48.352136752791,48.704139709472656,8466700.0
2017-03-27,48.11214936815113,48.89615144389624,47.91214874520287,48.7441520690918,6639300.0
2017-03-28,48.55213213604736,49.8001366594007,48.49613222651544,49.48813629150391,6491000.0
2017-03-29,49.28014714304005,49.51214857392982,49.20814680420416,49.4161491394043,5369800.0
2017-03-30,49.38413888273711,50.31214137736468,49.34413938030168,50.0561408996582,4706600.0
2017-03-31,49.92814860346115,50.27214987230974,49.80014834424541,49.944149017333984,5296000.0
2017-04-03,49.94414516238309,50.048146318645685,49.072142510104456,49.43214416503906,5158800.0
2017-04-04,49.3681310156118,49.80813157948352,49.2001312996952,49.74413299560547,4553200.0
2017-04-05,50.02413296116023,50.21613481801137,49.2401312282362,49.2961311340332,4605300.0
2017-04-06,49.2001441615053,49.65614525349498,49.11214341537277,49.472145080566406,3862600.0
2017-04-07,49.21613274205251,49.45613277722519,49.032132613361256,49.0721321105957,4847200.0
2017-04-10,49.12813171617602,49.51213238045357,49.01613190389915,49.18413162231445,4760900.0
2017-04-11,49.02413284494566,49.128133983330464,48.44813334783124,48.63213348388672,6147800.0
2017-04-12,48.15212406502797,48.3681249926984,47.79212557067635,48.13612365722656,7518300.0
2017-04-13,47.99213200080437,48.24013072285306,47.60012959080885,47.64012908935547,5956100.0
2017-04-17,47.68813708410615,48.04813872563075,47.49613519137084,47.94413757324219,5939400.0
2017-04-18,47.67213231024255,47.93613145536129,47.44013093451323,47.60013198852539,4841300.0
2017-04-19,47.85614136223428,47.98414161891687,46.96813824635083,47.18413925170898,6125700.0
2017-04-20,47.32013130271832,48.39213437170183,47.14412984233162,47.73612976074219,9397700.0
2017-04-21,47.64813558396952,47.7601354118042,47.26413486635073,47.30413436889648,6473200.0
2017-04-24,47.92013520484126,47.96813338591861,47.52813276603358,47.75213241577149,7930500.0
2017-04-25,48.00813203826898,48.24013341526052,47.9201343572615,48.05613327026367,8367500.0
2017-04-26,48.00813412184066,48.656137048944174,47.93613379660694,48.12813568115234,12413500.0
2017-04-27,48.16813523685786,49.12813855711213,48.09613491154463,48.92013931274414,6860400.0
2017-04-28,48.8401263286933,49.056127256306375,48.69612571028458,48.728126525878906,4822600.0
2017-05-01,48.95212923237423,49.50413265516281,48.85612983127592,49.28813171386719,5778700.0
2017-05-02,49.20013726214714,49.64813961064972,49.112136528355,49.22413635253906,5205000.0
2017-05-03,49.12013595377871,49.52813573011994,49.00813308308615,49.23213577270508,7526900.0
2017-05-04,50.3361471358452,50.78414955705577,50.08014662422968,50.13614654541016,8490500.0
2017-05-05,50.2081475490381,50.36014995292487,50.08814902423824,50.16814804077149,6056900.0
2017-05-08,50.20814635550371,50.24014718206303,49.400145321364846,49.5361442565918,6488100.0
2017-05-09,49.5201478946449,49.95214685484856,49.32814598318016,49.456146240234375,6299900.0
2017-05-10,49.32014070921391,49.44013921754214,48.97613949216005,49.09613800048828,3964100.0
2017-05-11,50.3041468173177,50.32014722995553,49.376144246689975,49.43214416503906,9098400.0
2017-05-12,49.26413858178865,49.448138727705576,48.73613418250578,48.792137145996094,14479100.0
2017-05-15,49.00014513374333,49.488147067439634,49.00014513374333,49.456146240234375,9583200.0
2017-05-16,49.86413934697808,49.896137116120975,49.46413824091254,49.66413879394531,7962500.0
2017-05-17,49.66413995397121,49.66413995397121,48.944136725529326,49.248138427734375,13252200.0
2017-05-18,49.18412952364096,49.50413158943419,48.928129091712734,49.11212921142578,9934800.0
2017-05-19,49.208127480296085,49.43213014191303,48.89612715178462,48.96012878417969,9709600.0
2017-05-22,49.28814139516755,49.52814147093769,48.93613843572258,49.10414123535156,9260300.0
2017-05-23,49.088137534154455,49.8241381241013,48.96813597842705,49.73613739013672,7968900.0
2017-05-24,49.784124016322096,50.27212572384522,49.73612279776123,50.08012390136719,11406200.0
2017-05-25,50.28013855966675,50.59214199052269,50.04013850281059,50.49613952636719,9920700.0
2017-05-26,50.40014824195878,51.12015158040776,50.32814790811389,50.84014892578125,8817100.0
2017-05-30,50.640135004815846,51.45613755629589,50.60813418669522,51.28013610839844,6358300.0
2017-05-31,51.35215049634857,51.35215049634857,50.81614735897103,50.90414810180664,7493000.0
2017-06-01,51.048143567367006,51.23214371467657,50.90414292133929,51.12014389038086,5146700.0
2017-06-02,50.84814074838913,51.480140164781645,50.76014001842194,51.39213943481445,5736900.0
2017-06-05,51.2001468745062,51.32014843944995,51.02414539305978,51.06414794921875,3251100.0
2017-06-06,50.85614301144575,50.92014465657437,50.440141473408936,50.64814376831055,4157900.0
2017-06-07,50.720139071641526,50.73613642957345,50.46413862000522,50.52813720703125,4203700.0
2017-06-08,50.52814521178336,51.36814701752483,50.44814620238573,50.92814636230469,4868400.0
2017-06-09,51.06413956259407,51.36813818746168,50.65613675020776,51.34413909912109,7128900.0
2017-06-12,51.45671872674466,51.77832444561059,51.31199645996094,51.31199645996094,5646900.0
2017-06-13,51.36021878648653,51.72202431642088,51.16725481483545,51.6416244506836,4715000.0
2017-06-14,51.48886563893179,51.738107088254765,51.15922124865093,51.65770721435547,3026200.0
2017-06-15,51.30394744873047,51.561227678545904,50.942141854045154,51.30394744873047,4895700.0
2017-06-16,51.432583091336106,51.456702439145744,51.11097747426805,51.28786087036133,7611900.0
2017-06-19,51.56120776237665,51.60141075396963,51.23156654095224,51.41648864746094,3090800.0
2017-06-20,51.29589956488434,51.39238002305774,50.918016492430816,50.96625518798828,3907500.0
2017-06-21,51.36826817377175,51.40846811495733,50.78134044469743,50.82958221435547,4468200.0
2017-06-22,50.65269785618851,50.877819976312736,50.51601744527276,50.69289779663086,2749400.0
2017-06-23,50.79741528860085,50.94213751414569,50.49993207700692,50.66877365112305,8461800.0
2017-06-26,50.82956641269383,51.17529132011843,50.725044144457605,50.79740524291992,3839800.0
2017-06-27,50.861731267828446,51.45670071940221,50.82153133380309,50.98233413696289,4986700.0
2017-06-28,51.19138810478477,51.577316153206986,51.19138810478477,51.32807159423828,3792400.0
2017-06-29,51.70594976019613,51.88283317640981,50.85369999202218,51.05470275878906,4376300.0
2017-06-30,51.191368588650256,51.207449173458905,50.07379401444212,50.26675796508789,7731600.0
2017-07-03,50.507978051907294,51.384350290858784,50.507978051907294,50.8858642578125,3229100.0
2017-07-05,50.97429234206626,51.09489213696205,50.21852013232997,50.47580337524414,7149000.0
2017-07-06,50.475800970931004,51.28785365968315,50.46776221181081,50.71700668334961,6088000.0
2017-07-07,50.83761682565805,51.00645840508949,50.63661406908007,50.93409729003906,3360700.0
2017-07-10,50.71701857366907,50.89389891930446,50.63661562832684,50.70897674560547,3140600.0
2017-07-11,50.76525970697631,50.86978200740155,50.43561528292032,50.58033752441406,2883400.0
2017-07-12,50.580335952214426,51.127063721516976,50.48385548323716,50.805458068847656,2686600.0
2017-07-13,50.94213255028405,51.68986295371983,50.797410338841104,51.56121826171875,5507900.0
2017-07-14,51.29591381074915,51.649677633670976,51.046672302327146,51.54515838623047,2767900.0
2017-07-17,51.45670708915444,51.633590501232206,51.07882091500967,51.49691009521485,3466300.0
2017-07-18,51.320018560383566,51.52102129063656,51.07077407072887,51.352176666259766,3980900.0
2017-07-19,51.39238015393904,51.609466552734375,51.23961917252058,51.609466552734375,2871700.0
2017-07-20,51.6335826238749,51.73810183592171,51.303938267058776,51.6416244506836,3488500.0
2017-07-21,51.585345265342525,51.68182265307572,51.34413952777611,51.61750030517578,3542700.0
2017-07-24,51.61750266217387,51.95519193701002,51.49690592200059,51.88282775878906,2928000.0
2017-07-25,52.21246720733879,52.59838898500439,52.1883478629992,52.49386978149414,4960000.0
2017-07-26,52.50996388855026,52.63860861115741,52.26876423483884,52.41348648071289,4458900.0
2017-07-27,52.39739608764648,53.088846047479095,52.333073734611546,52.39739608764648,4289300.0
2017-07-28,52.4617323805337,52.67881271206155,52.30896828501335,52.47780990600586,2838500.0
2017-07-31,52.59036540299756,52.783326336263634,52.373278985720425,52.622520446777344,3144500.0
2017-08-01,52.84764734844457,52.85568304212648,52.48583870688724,52.64664459228516,3261700.0
2017-08-02,52.49388577362463,53.01649421861937,52.34112170077994,52.98433303833008,3848500.0
2017-08-03,53.12905591691713,54.10995045803959,52.34112232571644,53.11297225952149,8492600.0
2017-08-04,53.20140798162552,53.249652814261424,52.09187497687673,52.32503890991211,5074100.0
2017-08-07,52.06775693916166,52.325040227937095,51.85871235011992,52.2446403503418,5301200.0
2017-08-08,52.2124795831042,52.32504063944634,51.770271051676126,51.91499328613281,3143600.0
2017-08-09,51.46474456787109,51.81046953477361,51.16725829687038,51.46474456787109,5601400.0
2017-08-10,51.23963010162328,51.33611058062109,50.588379967505006,50.65270233154297,4375100.0
2017-08-11,50.76525195576107,50.82153247807544,50.25872418787339,50.37128829956055,3676300.0
2017-08-14,50.78937040952603,50.98233438767841,50.52404839000719,50.55620956420898,3256300.0
2017-08-15,50.7813296821417,51.00645175871584,50.65268805737673,50.67680740356445,3065400.0
2017-08-16,50.813500364550784,50.89390024492842,50.49993653719564,50.62857818603516,2656900.0
2017-08-17,50.459730910326606,50.459730910326606,49.55923941519907,49.58335876464844,5174900.0
2017-08-18,49.41451558747063,49.71200186733951,49.17331289959583,49.31803512573242,4494700.0
2017-08-21,49.28587460659155,49.32607454393024,48.98034956211202,49.27783584594727,3000300.0
2017-08-22,49.32607302293619,49.45471465868843,48.99642863962992,49.22155380249024,4843600.0
2017-08-23,48.94819436266784,49.08487477115737,48.77131094739075,48.8597526550293,5306000.0
2017-08-24,48.87582630644763,48.99642610851484,48.37733730998302,48.42557907104492,5389700.0
2017-08-25,48.48990333228079,48.97230869369954,48.34518111044347,48.8677864074707,5877600.0
2017-08-28,48.77131271362305,48.81151265480763,48.45774887850086,48.77131271362305,6586400.0
2017-08-29,48.40146517588098,48.57834551891466,48.25674294345242,48.40950393676758,4870000.0
2017-08-30,48.37734776505282,48.514031250738384,48.32106723184671,48.40147018432617,4420100.0
2017-08-31,48.57031400767419,48.67483631715339,48.28891132875999,48.62659454345703,7299900.0
2017-09-01,48.70699776011723,49.0688003300679,48.59443362089035,48.8034782409668,3747100.0
2017-09-05,48.58637892424517,48.78738164921158,47.80648736991689,47.959251403808594,8071600.0
2017-09-06,48.01553597558046,48.20849689028811,47.77433023160825,47.81453323364258,5938100.0
2017-09-07,47.75020754873038,47.8145298938457,46.68087463118305,46.84971618652344,6648600.0
2017-09-08,46.65676233782048,48.42558734038294,46.55224310492579,48.06378173828125,10069200.0
2017-09-11,48.53010824195943,49.0929165993384,48.22458317931504,48.8597526550293,8147100.0
2017-09-12,48.91603418892581,49.22959801913385,48.81151188983685,49.20547866821289,4310400.0
2017-09-13,48.96427396900354,49.02859325786657,48.65070708447305,48.83563232421875,5493200.0
2017-09-14,48.90028349048682,48.948780749391766,48.1728400234232,48.34257888793945,5383300.0
2017-09-15,48.229431100741806,48.52849298311087,48.01120108743874,48.18901824951172,9334400.0
2017-09-18,48.22133820788204,48.334495397530056,47.8737822206476,48.00310516357422,7293400.0
2017-09-19,47.9626931738439,48.31024916725092,47.85761731731795,48.08393478393555,4093000.0
2017-09-20,48.04352770331715,48.76288999456745,48.04352770331715,48.5931510925293,6049700.0
2017-09-21,48.6739732340721,49.07002342375013,48.60931021672739,48.90028762817383,4354800.0
2017-09-22,48.79521472393949,49.31250656083883,48.66589176471465,49.07002639770508,4407200.0
2017-09-25,48.746721597589925,49.45799634708789,48.746721597589925,49.31250762939453,4405300.0
2017-09-26,49.1427724909292,49.183185338995294,48.5042390082557,48.87604522705078,7686500.0
2017-09-27,49.2235958116552,49.724721855367775,48.90836823177073,49.50648880004883,5967300.0
2017-09-28,49.49032289133519,49.563067242880905,49.07002253610467,49.28017425537109,4896300.0
2017-09-29,49.49841324951108,50.015705107773584,49.40950313325296,49.6196517944336,4337000.0
2017-10-02,49.88638121515388,50.06419836105944,49.6115695351515,49.99953842163086,3864100.0
2017-10-03,49.93487149828453,50.04802869592235,49.53073688769096,49.81363296508789,4423300.0
2017-10-04,49.789386549290526,49.87021532749063,49.64389783183297,49.773223876953125,2404300.0
2017-10-05,49.82171922858888,50.25010097153319,49.65198341534333,50.09653091430664,3652000.0
2017-10-06,50.322845458984375,50.46025284384143,50.11269679681222,50.322845458984375,3647100.0
2017-10-09,50.30667785994513,50.36325645896267,49.79746738548496,49.934871673583984,2594900.0
2017-10-10,49.30442266550156,50.05611329050864,49.30442266550156,49.934871673583984,4099700.0
2017-10-11,49.88638790022207,50.01571087971189,49.66815479421367,49.98337936401367,5740900.0
2017-10-12,49.910628533435805,50.71889782142667,49.83788417418452,50.55724334716797,6179700.0
2017-10-13,50.460249161097146,51.220021140641606,50.306679114691,51.05028533935547,7080400.0
2017-10-16,51.22001758829104,51.76964396618393,51.03411604501808,51.71306228637695,6550000.0
2017-10-17,51.60800058416045,51.801983515869296,51.30086042840426,51.43018341064453,5381800.0
2017-10-18,51.63224032577948,51.70498468129099,51.123029837198885,51.2765998840332,4442700.0
2017-10-19,51.114946990035264,52.658741081753135,50.97753961888635,52.59407806396485,7182000.0
2017-10-20,52.81230396325532,52.98204591349548,52.392006713290975,52.43242263793945,6871200.0
2017-10-23,52.66682263577489,52.8203895864127,52.37584523816032,52.505165100097656,4108700.0
2017-10-24,52.5536603907507,52.691070840638254,52.37584634764576,52.64257049560547,3823000.0
2017-10-25,52.682987296499135,52.8446386716794,52.424341396247904,52.61832427978516,4016400.0
2017-10-26,52.88504971420065,52.90121238358398,52.08486499773714,52.41625213623047,4041400.0
2017-10-27,52.34352197757917,52.44859476736991,51.7049884859152,52.17378616333008,4020200.0
2017-10-30,51.73731180736678,52.52941214846141,51.73731180736678,52.359676361083984,4030100.0
2017-10-31,52.278845741330194,52.49707568546976,52.08486288358348,52.222267150878906,3191500.0
2017-11-01,52.47283705815402,52.61024134760021,52.14144987968939,52.262691497802734,3027400.0
2017-11-02,52.19803047802316,52.77998533396748,52.05254176403707,52.52133941650391,4032100.0
2017-11-03,50.185434322634514,51.30892800770896,49.8863755845138,50.11268997192383,14417400.0
2017-11-06,49.95104688672724,50.70273765407353,49.78939239465115,50.50875473022461,7610700.0
2017-11-07,50.61381983068003,50.98562603089256,50.056115155315005,50.217769622802734,5968800.0
2017-11-08,50.20968429888191,50.32284149909359,49.74897107899013,49.84596252441406,4741300.0
2017-11-09,49.70855817869784,50.42791730779288,49.5549881333379,50.306678771972656,4575000.0
2017-11-10,50.17735197179272,50.37941926597687,50.039944608430346,50.16118621826172,4422300.0
2017-11-13,49.85404407679744,50.19351565791247,49.78938106136469,50.11268997192383,3605000.0
2017-11-14,49.79747683891547,50.04803837261556,49.51458070682112,49.67623519897461,6800100.0
2017-11-15,49.34483529769764,49.83788001555932,49.239759435701934,49.417579650878906,4100300.0
2017-11-16,49.58733158071521,49.63582885971571,48.45575615376731,48.5446662902832,5642200.0
2017-11-17,48.31834873825092,48.61741066713227,48.01928989267296,48.5446662902832,5569700.0
2017-11-20,48.496150951836974,48.512316705483855,47.93036190740509,48.24558639526367,6349100.0
2017-11-21,48.366829758110825,48.47190561897093,48.108183856995446,48.19709396362305,4372500.0
2017-11-22,48.14052492853262,48.22943196951917,47.87379455566406,47.87379455566406,3042100.0
2017-11-24,48.0596951996132,48.07586095674026,47.67172627847247,47.71213912963867,1744100.0
2017-11-27,47.76871197044635,47.84145632708368,47.43732169761018,47.493900299072266,4204700.0
2017-11-28,47.49389953544531,48.52040184779976,47.29991664306639,48.35066604614258,6705500.0
2017-11-29,48.60930925332449,49.3852469462682,48.52039914788884,48.73863220214844,7727400.0
2017-11-30,49.00537110336698,49.00537110336698,48.245595948037,48.463829040527344,6667200.0
2017-12-01,48.55272850918966,48.657804363995226,47.671714995748026,48.3991584777832,4537800.0
2017-12-04,48.835629213535846,48.8841264811152,47.72021980893483,47.89803695678711,5815800.0
2017-12-05,47.88995375136042,48.44765843189368,47.62322341503851,48.11626815795898,4877100.0
2017-12-06,48.294086602716845,48.95686712616525,48.26983951241829,48.52040100097656,4234400.0
2017-12-07,48.60979112874805,48.78043659323352,48.28474949178133,48.39038848876953,3591600.0
2017-12-08,48.45539398145793,48.4878956625601,48.09784759089543,48.35787963867188,3401100.0
2017-12-11,48.235999993215785,48.60979574131813,48.12223633943047,48.58541870117188,4163500.0
2017-12-12,48.552908364517776,48.87794999517328,48.47977415261163,48.69917678833008,3681200.0
2017-12-13,48.69104337038646,48.6991711151107,47.87844248823855,47.91907501220703,5373100.0
2017-12-14,47.94346364004698,48.06535504177455,47.00897115967455,47.22024917602539,6959100.0
2017-12-15,47.43152253164193,48.36601498126149,47.43152253164193,48.2603759765625,8447100.0
2017-12-18,48.47977468594435,48.78856392848143,48.20349022679576,48.41476821899414,5630800.0
2017-12-19,48.75606663225909,48.821076209019175,48.55291635462468,48.577293395996094,3995300.0
2017-12-20,48.62604551380428,48.86982520160867,48.422895257329465,48.75606155395508,4377300.0
2017-12-21,48.95920466167674,49.3004955548041,48.77230682498894,48.82106399536133,4941500.0
2017-12-22,48.97545048405636,49.04858467989421,48.03283368204957,48.19535446166992,4266300.0
2017-12-26,48.122224130487055,48.5854063747159,48.097843996699126,48.29286956787109,2358300.0
2017-12-27,48.17910913953413,48.39851175922465,48.09784718789329,48.38225936889648,2841400.0
2017-12-28,48.51228186615069,48.77231394645229,48.30100386351381,48.75606155395508,2373000.0
2017-12-29,48.73168210746496,48.92670460814235,48.41476821899414,48.41476821899414,2837600.0
2018-01-02,48.75605863683364,48.75605863683364,48.040968908875264,48.34975814819336,3769600.0
2018-01-03,48.25224630364652,48.98358531428142,48.162859701276034,48.88607406616211,4959200.0
2018-01-04,49.09735357159043,49.60929309706415,48.98358992144671,49.08110427856445,4170600.0
2018-01-05,49.27611679266305,49.39800816440915,49.05671418341589,49.28424453735352,3726100.0
2018-01-08,49.12985490536447,49.18673672643973,48.86982283764132,48.95920944213867,3229200.0
2018-01-09,49.04860270295997,49.796194224162015,48.95921608633208,49.26800537109375,6669100.0
2018-01-10,49.27612008948497,49.85306600805421,49.202985881509534,49.56865692138672,12261300.0
2018-01-11,49.763693611498645,49.94246374879029,49.60929741586787,49.69055938720703,6536500.0
2018-01-12,49.528024801403966,49.74742741339934,49.39800878316519,49.54427719116211,6240100.0
2018-01-16,49.68243430666077,49.81245036795425,49.47928401715049,49.61742782592773,6078900.0
2018-01-17,49.89370859165143,50.04810168413103,49.72306000542673,49.90995788574219,4935700.0
2018-01-18,50.02371637943876,50.20248648334952,49.5930357613283,49.99933624267578,5402100.0
2018-01-19,50.11309045285831,50.25935884660959,49.836809153357095,50.01557922363281,6498700.0
2018-01-22,49.86119375328846,49.86119375328846,49.11359928289216,49.56865692138672,7217600.0
2018-01-23,49.44676640688395,50.78755920995747,49.3330027702259,50.65754318237305,10001200.0
2018-01-24,50.76318417890351,52.445267958402646,50.7144270041982,52.26649475097656,10387500.0
2018-01-25,52.2908771629497,52.72968248091838,51.86832733804695,52.656551361083984,6113400.0
2018-01-26,52.5102783645272,52.74593339629851,52.20148601961478,52.55903244018555,5014100.0
2018-01-29,52.52653291076592,52.8597023268345,52.18524194771092,52.21774673461914,4270500.0
2018-01-30,51.65703703825686,52.26648769052495,51.28324138215741,51.47826385498047,4555700.0
2018-01-31,51.73829798599882,52.087716622139226,51.470141300022725,51.94144821166992,4909500.0
2018-02-01,51.79519573574432,52.23399797605987,51.43764926607516,52.14461135864258,4120500.0
2018-02-02,51.9089451855956,51.98207938893412,51.08821655926045,51.22636032104492,4294400.0
2018-02-05,50.616923067902505,50.86882742404237,49.12173692567123,49.26800537109375,8578200.0
2018-02-06,48.49602778065621,49.30862877818755,47.97596363820845,48.96733474731445,12035700.0
2018-02-07,48.7560617538094,49.81244247184322,48.4960296724419,49.13798522949219,7719800.0
2018-02-08,49.121728882081385,49.25986955801172,47.350258532996605,47.35838317871094,7377600.0
2018-02-09,49.85306654436249,50.13747873391619,47.41526371872468,48.93482971191406,15132000.0
2018-02-12,49.040470976197774,49.09735280037614,48.057224472740906,48.43914794921875,6074100.0
2018-02-13,48.04908992877586,48.5529015962162,47.68341892021985,48.29286956787109,4948300.0
2018-02-14,48.040979138758246,48.44727971391648,47.68343574855685,48.276634216308594,6742100.0
2018-02-15,48.4797860326939,48.59354970135335,47.919092337231966,48.130367279052734,7869700.0
2018-02-16,48.024713841253735,48.682921712111074,47.87032078011134,48.32537841796875,6828600.0
2018-02-20,48.16287095577155,48.886085489655336,48.130366165527306,48.78857421875,5349100.0
2018-02-21,48.60166698877372,49.86119792043679,48.54478516668633,48.90232849121094,7203200.0
2018-02-22,49.016093382347286,49.53615754027772,48.650422302606536,48.72355651855469,23186900.0
2018-02-23,48.95108246323221,49.162357345753065,48.42289060719017,48.81293869018555,5612000.0
2018-02-26,48.7316754281776,48.91857325730455,47.51277411661599,47.95157623291016,11793300.0
2018-02-27,47.927215140729984,48.45540712469723,47.26088245008577,47.31776428222656,8559300.0
2018-02-28,47.60216230967193,47.82156182528445,46.59453582763672,46.59453582763672,9170500.0
2018-03-01,46.59454289534795,46.813945544067074,45.57066696781892,45.88758087158203,9758600.0
2018-03-02,45.59505112087463,46.0013516967515,44.749945179092165,45.92008972167969,8435000.0
2018-03-05,45.765694071617006,47.0496053078468,45.765694071617006,46.82207489013672,9483100.0
2018-03-06,47.04959558568539,47.33400467426968,46.38326306400798,47.15523147583008,5520400.0
2018-03-07,46.77332163643265,47.30151050513812,46.45640459541664,46.57017135620117,5873100.0
2018-03-08,46.67580899742312,46.7001891398357,45.12374092300884,45.72506713867188,12077600.0
2018-03-09,46.05822434287385,46.27762698206583,45.48940303013465,45.96883773803711,9719800.0
2018-03-12,46.058216956211695,46.70829702373022,45.84693899687675,46.00133514404297,7615600.0
2018-03-13,46.1313619086599,46.29388273837228,45.20499720907443,45.45690155029297,7670200.0
2018-03-14,45.57132786097671,45.66122875821728,44.63146192996586,44.89299011230469,8079300.0
2018-03-15,44.89298628919814,45.09730535910432,44.58242042999551,44.67232131958008,8167800.0
2018-03-16,44.67230978832901,44.8684574165785,44.15742499212727,44.37808990478516,11138300.0
2018-03-19,44.43531067572304,44.76222243629636,44.11657342387792,44.50069427490234,7014300.0
2018-03-20,44.655960386230696,45.62034632093575,44.62326859781277,45.465065002441406,9030100.0
2018-03-21,45.46506103469651,46.094363877349785,45.16266669471151,45.63668823242188,10173500.0
2018-03-22,45.19537018124917,45.71025502538799,44.729523028153466,44.79490661621094,9088200.0
2018-03-23,44.95018395325914,45.09729389560994,43.59350579864902,43.65071487426758,8215100.0
2018-03-26,44.19011676137877,44.83576560354237,43.97762635540204,44.304534912109375,6978100.0
2018-03-27,44.43530664429261,44.93384563098884,43.683414027916285,43.9531135559082,6637700.0
2018-03-28,44.03484319797655,44.95019168293849,43.716105973959706,44.557899475097656,6870600.0
2018-03-29,44.59876608922621,44.77039335878319,44.23916565048852,44.476173400878906,4538000.0
2018-04-02,44.32088474841024,44.45164880625229,42.84161381097243,43.4137077331543,7341400.0
2018-04-03,43.48726651422502,44.00215140099,43.32381064821028,43.91225051879883,5608900.0
2018-04-04,43.34014555229203,44.37808645287609,43.1113092685181,44.31270599365234,4606400.0
2018-04-05,44.48434806868928,44.75404761929216,44.25551170846119,44.58242034912109,4993800.0
2018-04-06,44.24732961867972,44.52520363034501,43.38919029719197,43.805999755859375,5138200.0
2018-04-09,43.8550337878096,44.20646274729295,43.38101528843304,43.560813903808594,4697200.0
2018-04-10,43.98581338765924,44.24734157310067,43.68342200780418,43.740631103515625,3824500.0
2018-04-11,43.26658669531808,43.732433726904034,43.26658669531808,43.60984420776367,4242800.0
2018-04-12,43.871383946114726,44.108394777662696,43.60985582773803,43.716102600097656,4950100.0
2018-04-13,44.08387791721518,44.2064705965366,43.51178706081216,43.79783248901367,4468700.0
2018-04-16,44.05935644379759,44.62327585626187,43.83869151257391,44.36174774169922,6509800.0
2018-04-17,44.4598153927017,44.5333703569873,44.19011281776766,44.34539413452149,5014400.0
2018-04-18,44.50885391235352,44.65596385399749,44.18194535576973,44.50885391235352,3985600.0
2018-04-19,44.50885784982485,45.170852645786056,44.50885784982485,45.09729766845703,5692600.0
2018-04-20,45.25257897796583,45.48958980669508,44.90114998851517,45.30161666870117,5001500.0
2018-04-23,45.24440762311508,45.25257901274672,44.81125226643364,45.09729766845703,4393000.0
2018-04-24,44.93384180155853,45.32613397462591,44.79490635424054,45.02374267578125,4935000.0
2018-04-25,45.04826396453977,45.40786749337883,44.835773521039606,45.277103424072266,3158200.0
2018-04-26,45.20353690296752,45.505928151498345,44.90114253677614,45.391510009765625,3551200.0
2018-04-27,45.41604219918191,46.012653503800585,45.41604219918191,45.9717903137207,4837100.0
2018-04-30,46.20061518835428,46.41310871220932,45.767459869384766,45.767459869384766,5628400.0
2018-05-01,45.6857375246042,46.037166514613546,45.26075355720543,46.02082061767578,4196900.0
2018-05-02,45.7020802862078,45.72660069043549,44.61510464038562,44.81942367553711,7199700.0
2018-05-03,41.50946351340671,42.50653846710235,40.51238544204944,42.4493293762207,23105800.0
2018-05-04,42.146930594183154,43.62620154060375,42.08972151338367,43.184871673583984,12504000.0
2018-05-07,43.02959378683963,43.87138728711712,42.514708900598,43.54447555541992,10194600.0
2018-05-08,43.609852082097525,43.6997529496294,42.9723777380145,43.38101577758789,9111900.0
2018-05-09,43.38919062889792,43.63437284867437,42.95603527003747,43.16852569580078,4536400.0
2018-05-10,43.21756345278256,43.47909156996475,42.923343541537314,43.1113166809082,5415600.0
2018-05-11,43.16035789075723,43.45457470832815,43.054111110220845,43.19304656982422,3766500.0
2018-05-14,43.25843009271621,43.31563917806679,43.03776514165198,43.2502555847168,6183900.0
2018-05-15,43.17670011711631,43.63437276174428,43.160354220142295,43.50360870361328,4852700.0
2018-05-16,43.35649859868431,43.92042113052517,43.24208043792271,43.89590072631836,5461100.0
2018-05-17,44.53338980040701,45.02375436463206,44.49252348867003,44.77857208251953,8540800.0
2018-05-18,44.57424166223872,45.31796282890998,44.32088493512569,45.07278060913086,9821600.0
2018-05-21,45.24440771944249,45.481418548858514,45.12998955838954,45.187198638916016,5076700.0
2018-05-22,45.1381567865666,45.32612990777516,44.7867278284973,45.04825592041016,5617100.0
2018-05-23,44.89297861062343,44.9828794848312,43.93676390583116,44.24732971191406,4298100.0
2018-05-24,44.10839426858511,44.10839426858511,43.47909126673521,43.89590072631836,4167500.0
2018-05-25,43.78147881680935,43.81417060784519,43.33197760187927,43.560813903808594,2884500.0
2018-05-29,42.99689481255818,43.09496706863136,42.114235154917125,42.64546585083008,6583900.0
2018-05-30,43.18487155711629,43.47091696034224,42.7271957942937,43.37284469604492,4317300.0
2018-05-31,43.08680717475861,43.23391715694618,42.849796301494,43.14401626586914,5996300.0
2018-06-01,43.650718901691775,43.83052065174564,43.42188257810401,43.55264663696289,4449000.0
2018-06-04,43.814178096749615,44.27185077883561,43.70793131655337,43.9531135559082,3634900.0
2018-06-05,43.83052423254565,44.08387786359846,43.59351338223189,44.00215148925781,3947300.0
2018-06-06,44.075694731192144,44.23915055398914,43.51994680427865,44.083866119384766,5892500.0
2018-06-07,44.1329153288022,44.1329153288022,43.65889363064503,44.026668548583984,5306500.0
2018-06-08,44.116561703263,45.11363950221876,43.99397216386304,45.04825592041016,6956200.0
2018-06-11,45.113647531479046,45.20354841363592,44.80308169793569,45.05643844604492,3707000.0
2018-06-12,45.04827567749722,45.21990609618738,44.36176335572304,44.59060287475586,4599800.0
2018-06-13,44.6810138902052,45.66753187111526,44.565920700708965,44.96875,6017400.0
2018-06-14,44.99341013362406,45.33869282437912,44.75500103001392,45.05095672607422,6715200.0
2018-06-15,45.18249510825182,45.56065935006779,44.94408598952051,45.38801956176758,12584800.0
2018-06-18,44.82077785627639,45.73330702647404,44.500160177245775,45.66753768920898,6504200.0
2018-06-19,45.35513292462565,45.88127813703613,45.2811471351888,45.626426696777344,5325000.0
2018-06-20,45.70863720748348,45.733302274422286,45.38801956176758,45.38801956176758,4537500.0
2018-06-21,45.379805753489016,45.42912962155128,44.48371889638663,44.59881210327149,5004700.0
2018-06-22,44.81255812794326,44.92765447587989,44.52482509823874,44.77145385742188,4778100.0
2018-06-25,44.77144416627167,44.878317755337456,44.24530209095418,44.57414245605469,3477300.0
2018-06-26,44.53304674791215,44.63992036503132,43.653402146831546,44.09733581542969,3586800.0
2018-06-27,43.9986801506044,44.26997082788125,43.472537994384766,43.472537994384766,4409100.0
2018-06-28,43.332781674513406,43.908250859854064,42.95461737468132,43.76027297973633,6015600.0
2018-06-29,44.06445023535689,44.29463980102978,43.554750368607806,43.5876350402832,4348000.0
2018-07-02,43.4396429107888,43.87535369143463,43.31632700046638,43.86713409423828,5198800.0
2018-07-03,43.93290047755763,44.46726524328624,43.826030033255016,44.12198257446289,1970500.0
2018-07-05,44.385064383213695,44.49193484595159,43.99867738946375,44.3275146484375,2743800.0
2018-07-06,44.24531075078835,44.92765354430326,44.04800900195483,44.69746398925781,2212400.0
2018-07-09,44.94407736925695,45.79084008784991,44.82898419913165,45.67574691772461,4706400.0
2018-07-10,45.84839545763679,45.87305738851648,45.3962422872016,45.593544006347656,3427500.0
2018-07-11,45.39624890907231,45.50311938250948,44.7056865192214,44.85366439819336,2753300.0
2018-07-12,45.0262986361993,45.08384523355653,44.40150252767176,44.63991165161133,2611800.0
2018-07-13,44.48372924233999,44.68925376987913,44.26998197750825,44.59060287475586,2727400.0
2018-07-16,44.697454349708174,45.1167259636542,44.57414156729482,45.02629470825195,1975700.0
2018-07-17,45.182498958333554,45.25648789334613,44.88654321828326,44.97697448730469,2248400.0
2018-07-18,44.93587476217716,45.494901630763366,44.77145454152448,45.322261810302734,2759100.0
2018-07-19,45.13315967366747,45.25647243252513,44.13019959414712,44.26995468139648,4888700.0
2018-07-20,44.05621433672057,44.319285340689966,43.78492059984691,43.83424758911133,4888500.0
2018-07-23,43.77671229182576,44.09732996458871,43.18480081222982,43.900028228759766,4533700.0
2018-07-24,43.89180077623303,44.5083741225245,43.75204565637966,44.14665222167969,3642100.0
2018-07-25,44.06444159397864,44.171315187937495,43.55474182718563,44.03977966308594,3412800.0
2018-07-26,44.21242507782546,45.00986106274864,44.21242507782546,44.59881210327149,3820400.0
2018-07-27,44.607027835551925,45.08384609251564,44.56592357037853,44.689239501953125,3313500.0
2018-07-30,44.67279255403862,45.420901392711706,44.61524596152947,45.16604995727539,4214000.0
2018-07-31,45.41268462870638,45.55243975179104,45.03451725083613,45.38801956176758,5124000.0
2018-08-01,45.65108368919097,46.333426276703975,45.10027974259462,45.2071533203125,5529200.0
2018-08-02,44.870108637026746,45.66754153414975,44.689246080374886,45.346923828125,4729100.0
2018-08-03,43.66161906390733,44.45905501388189,43.0450456517137,44.10555267333984,12219100.0
2018-08-06,43.99866978245335,44.00688937968346,43.34099224215849,43.91645812988281,6658300.0
2018-08-07,44.03977279083311,44.16308869816218,43.52185037052632,43.56295776367188,5182800.0
2018-08-08,43.53007712629632,43.65338990896723,42.99571232656013,43.11080551147461,5512200.0
2018-08-09,43.04504017462023,43.38210013828939,42.74086487473687,42.74908447265625,3460800.0
2018-08-10,42.44491285735474,42.97105497938472,42.12429519774612,42.92995071411133,5747000.0
2018-08-13,42.9299528329155,43.20946624104608,42.69976329112558,42.831298828125,5257900.0
2018-08-14,42.79841513201618,43.16013705646218,42.576448336542136,43.02038192749024,3185000.0
2018-08-15,42.80663689495466,42.90528776369058,42.53534622191724,42.831298828125,3595000.0
2018-08-16,43.0039340768388,43.398540617258114,42.979269012025455,43.12724685668945,5029300.0
2018-08-17,43.003935781577965,43.382100005797376,42.81485366946826,43.22590255737305,4425500.0
2018-08-20,43.2341364499211,43.75205909801887,43.22591684930915,43.70273208618164,3209100.0
2018-08-21,43.68627831842909,44.46727188653548,43.57940472210606,44.22886276245117,5866400.0
2018-08-22,43.99045354198218,44.048003275302605,43.31633357167584,43.67805862426758,4702600.0
2018-08-23,43.67805194341146,43.67805194341146,43.13546758357018,43.25056076049805,4366600.0
2018-08-24,43.38209343218224,43.916455023855065,43.258777530074994,43.82602691650391,3017000.0
2018-08-27,44.05621997864035,44.93586434882192,43.91646172585369,44.57414245605469,4617400.0
2018-08-28,44.574144391539086,44.89476203660406,44.27818867730857,44.42616653442383,3607400.0
2018-08-29,44.39327800819304,44.40972033933736,44.10554505330227,44.31106948852539,4297700.0
2018-08-30,44.26997564119953,44.352187322081576,43.79316043630354,44.09733581542969,2948000.0
2018-08-31,43.90002658051132,43.90002658051132,43.209464258928406,43.71094131469727,4304400.0
2018-09-04,43.38210870100828,43.96579748617064,43.35744676632825,43.8753662109375,3047000.0
2018-09-05,43.81780909013161,44.30284688411471,43.75204290141652,44.24530029296875,5203500.0
2018-09-06,44.31106948852539,44.57414051472666,44.05621805986928,44.31106948852539,4692100.0
2018-09-07,44.31928740465536,44.3932763239708,43.8671342915294,44.12198257446289,2796900.0
2018-09-10,43.76847930411261,43.76847930411261,43.01214785198403,43.34098815917969,4536600.0
2018-09-11,42.954609945557706,43.20123865774719,42.55178064467331,43.053260803222656,5437200.0
2018-09-12,42.888837709723866,43.16013146998398,42.59288515678649,43.01215362548828,4775500.0
2018-09-13,43.06149022518889,43.52186305649441,43.06149022518889,43.299896240234375,3555400.0
2018-09-14,43.43223895152655,44.24282248479975,43.35779773541879,44.0443115234375,3669500.0
2018-09-17,44.11874470717377,44.17664306969149,43.84579257939813,44.08565902709961,3765100.0
2018-09-18,44.08566351763879,44.73082172390384,43.95332393908623,44.623294830322266,3885800.0
2018-09-19,44.75563371981381,45.23536350147168,44.57366561889648,44.57366561889648,5049200.0
2018-09-20,44.87142674102798,45.26017559527635,44.84661405849268,44.929325103759766,5064400.0
2018-09-21,45.02857693025828,45.29325604927983,44.84661200794595,45.21881484985352,6440400.0
2018-09-24,45.15264961591906,45.44214143537176,45.02031004770865,45.20227813720703,6603500.0
2018-09-25,45.21881954421981,45.466959004883954,44.85488650658968,45.00376892089844,5749600.0
2018-09-26,45.04512545770607,45.31807760847776,44.64810672903992,44.70600509643555,4904700.0
2018-09-27,44.705996253178505,44.73908192949546,44.16009521484375,44.16009521484375,4089700.0
2018-09-28,43.81271761357112,44.1849205353373,43.44878138041357,44.036041259765625,4463100.0
2018-10-01,44.20145580820483,44.441322256210576,43.79616727006668,43.90369415283203,3595000.0
2018-10-02,43.87887684686575,44.05257192882709,43.572842204092346,43.93677520751953,2519400.0
2018-10-03,44.251082340673015,44.54884713789469,44.03603174002624,44.06084442138672,3591900.0
2018-10-04,44.11046842423888,44.838334348250655,44.0939255866172,44.58192825317383,4804500.0
2018-10-05,44.6646633337409,45.02859649169025,44.29245717491465,44.33381271362305,2887100.0
2018-10-08,44.05257705842851,45.02858261627527,43.96159616339566,44.70600509643555,3977300.0
2018-10-09,44.56538321011606,44.780433778108176,44.21798994769987,44.51575469970703,3625000.0
2018-10-10,44.29244383267086,44.55712298694552,43.324711266458735,43.33298110961914,4572400.0
2018-10-11,43.27508705043734,43.299899737613394,41.33134872610311,41.47195816040039,9419600.0
2018-10-12,41.811067566958016,41.811067566958016,40.40495781748387,41.16591262817383,5886600.0
2018-10-15,41.14937174540407,41.39750802940692,40.56211513704503,40.57038497924805,5061900.0
2018-10-16,40.63655505963162,40.801980295505096,39.96658427419478,40.77716445922852,6663200.0
2018-10-17,40.69446460725576,41.55467354612068,40.28090298148126,41.04185485839844,4906800.0
2018-10-18,40.95086025771072,40.96740309711159,39.59437897907948,40.206451416015625,7381700.0
2018-10-19,39.08156242885327,39.73499036745714,38.70935644134322,39.04020690917969,9494800.0
2018-10-22,39.114656594512944,39.1973676518083,37.1461025096824,37.18745803833008,11050200.0
2018-10-23,36.62501605457922,36.79044133361085,35.739994440268454,36.54230499267578,13635900.0
2018-10-24,36.40995619480272,36.4347688760553,34.879776694673225,34.929405212402344,9763600.0
2018-10-25,35.086553130759604,35.582828781252545,34.72262017791031,35.053470611572266,9842700.0
2018-10-26,34.77225882321347,34.80534450726655,33.481945542163835,33.84587860107422,11628800.0
2018-10-29,34.325616576374664,34.43314348766726,32.75408106139042,33.01049041748047,12913600.0
2018-10-30,33.08491855304506,33.94512719267792,32.4976620059822,33.87895584106445,22028500.0
2018-10-31,34.84669620177887,35.25198474356388,34.07747148588992,34.151912689208984,11324700.0
2018-11-01,35.86406501710099,36.91451193471728,35.25199241710751,35.66555404663086,12040500.0
2018-11-02,35.913682621146144,36.39341552208117,35.04520401814131,35.79788589477539,9269700.0
2018-11-05,35.65728376706333,36.58366092242421,35.640740923457365,36.50094985961914,7193400.0
2018-11-06,36.31070198881912,37.22053605245625,36.0460228737529,37.13782501220703,7541900.0
2018-11-07,36.64983057091931,36.9558652751559,36.28589433917615,36.74908447265625,7472300.0
2018-11-08,36.49266614941492,37.10473856229025,36.45958362713767,36.60019302368164,6962000.0
2018-11-09,36.47612315519412,36.72426258017105,36.04602197040818,36.24452972412109,5400000.0
2018-11-12,36.16183387509795,36.2528179484426,35.061758304985645,35.1279296875,5148400.0
2018-11-13,35.20235620113535,35.706898583402506,34.82187722116293,34.87150573730469,6009900.0
2018-11-14,35.152742520932854,35.632475580432505,34.449688932604275,34.689552307128906,9771500.0
2018-11-15,34.40005270898429,35.50839788113987,34.085745021447025,35.30988693237305,7205700.0
2018-11-16,35.07001854904733,35.86405591904544,35.003847190602144,35.51666259765625,9154700.0
2018-11-19,35.45050097814914,35.8475197368808,35.22717733475796,35.81443405151367,8538400.0
2018-11-20,35.45876561570037,35.79788595286105,35.15273095904906,35.61592102050781,9681100.0
2018-11-21,35.65727985426044,36.67464096020303,35.491854591578225,36.27762222290039,8342000.0
2018-11-23,35.938497255912814,36.40995714333781,35.8144275359698,35.8723258972168,2962600.0
2018-11-26,36.31070300634151,36.79043273263336,36.21144596899228,36.269344329833984,7361300.0
2018-11-27,36.07910735573871,36.19490408046471,35.61592045683471,35.92195510864258,5013400.0
2018-11-28,35.99639470471222,36.773889218338034,35.458763472219246,36.6580924987793,6101400.0
2018-11-29,36.31898194058597,36.649832504127,35.764810875163285,35.930233001708984,6477100.0
2018-11-30,35.87233664571392,36.02949209209374,35.07002919008404,35.7730827331543,10036800.0
2018-12-03,36.26107287419917,36.4513107878177,35.483578380902976,35.715171813964844,18618900.0
2018-12-04,35.6159180269426,35.94676533855571,33.663907214096874,33.721805572509766,9380100.0
2018-12-06,33.05184867400178,33.209004131582624,31.84424932691065,32.59693145751953,14400100.0
2018-12-07,32.472849951847785,33.101465244461274,31.290066878688336,31.34796524047852,9247900.0
2018-12-10,31.09983757685878,31.18255180733157,29.908781055078,31.0253963470459,12287500.0
2018-12-11,31.375762557769,31.95138693228308,30.299592343250296,30.524837493896484,11912500.0
2018-12-12,30.86687683610145,31.90133573031209,30.583235137880205,31.434160232543945,8573000.0
2018-12-13,31.350740789048885,31.709461061969485,30.87522106033272,31.108810424804688,9853600.0
2018-12-14,30.86687867116263,31.47587346306028,30.766770766536787,31.275657653808597,8176100.0
2018-12-17,31.208923776213783,31.9764263663923,30.98367855460836,31.250635147094727,10291900.0
2018-12-18,31.49255748121927,32.276741872845754,31.158860234959217,31.33405303955078,7215100.0
2018-12-19,31.37576913819169,33.336232004518585,31.37576913819169,32.81900405883789,16477400.0
2018-12-20,32.58541403587076,33.01087501591369,31.667748168965243,31.826255798339844,9617400.0
2018-12-21,31.667751074067866,32.65215457335341,31.067100410809694,31.200578689575195,14026400.0
2018-12-24,30.93361381370416,31.9847545785242,30.49980872877724,31.142173767089844,5266300.0
2018-12-26,31.142180244573023,32.21834740927985,30.483129891024323,32.193321228027344,6190300.0
2018-12-27,31.901335863340663,32.8106575012207,31.492556903292336,32.8106575012207,6799200.0
2018-12-28,32.95247768150161,33.14435248611676,32.00144465759489,32.218345642089844,6410300.0
2018-12-31,32.26839337264743,32.87738800048828,32.043148261138285,32.87738800048828,6028200.0
2019-01-02,32.4519312623724,33.136007681081495,32.26005329742274,33.052581787109375,4516200.0
2019-01-03,32.902418012297034,33.04424043936324,32.26839713667775,32.3267936706543,5058200.0
2019-01-04,32.86072105248015,33.55314194778241,32.819009678848715,33.519771575927734,4823100.0
2019-01-07,33.39461974494088,34.52084543728853,33.227774322998215,33.711631774902344,5014300.0
2019-01-08,34.01196429373883,34.23720946974182,33.44468085396231,33.845115661621094,3909400.0
2019-01-09,33.8451204510142,34.6710195465641,33.83677945029582,34.33732223510742,4272800.0
2019-01-10,34.32062832831206,34.69603691269303,34.045330821347754,34.55421447753906,3250200.0
2019-01-11,34.320631333250454,34.98802266259853,34.1370975242899,34.75443649291992,4806800.0
2019-01-14,34.43743201735474,35.280016342266684,34.328983090285746,35.0380859375,4711900.0
2019-01-15,35.07144822882906,35.43017166158196,34.854544059903986,35.41348648071289,5341400.0
2019-01-16,35.52193877280755,36.206015280573766,35.16321533795785,35.980770111083984,5299000.0
2019-01-17,35.74717499637414,36.30611733033137,35.40513679763817,36.11424255371094,4980800.0
2019-01-18,36.31446244783742,36.84837548376153,36.139272829619706,36.84003448486328,5152800.0
2019-01-22,36.52302097667815,36.68152859080768,35.95573760293289,36.17264175415039,5775500.0
2019-01-23,36.29777710250247,36.364517822875655,35.30503275474666,35.72215270996094,4165000.0
2019-01-24,35.61370182569656,36.35617804408771,35.53862010394342,35.822261810302734,3709000.0
2019-01-25,36.15595827093142,36.43125578978011,35.92237211162069,36.02248001098633,4762700.0
2019-01-28,35.8723161484279,35.930712687568075,35.263321395699776,35.72215270996094,4146700.0
2019-01-29,35.58033057719999,35.6720942867379,35.21326300955851,35.254974365234375,3545500.0
2019-01-30,35.33006098208843,35.964085132902696,35.12150099238927,35.71381378173828,4519900.0
2019-01-31,35.446854177017975,36.13927162796728,35.33840210071051,36.06418991088867,6456600.0
2019-02-01,36.24772479346736,36.56473685092199,35.914027555896936,36.55639266967773,3383400.0
2019-02-04,36.4396092689276,36.91512589021163,36.38955371528639,36.7065658569336,8672900.0
2019-02-05,36.55639850691791,36.58142468990136,36.11425230155303,36.42292022705078,10111900.0
2019-02-06,36.41457748413086,36.57308193939578,36.24772884668863,36.41457748413086,4817400.0
2019-02-07,36.064197194842905,36.28944239157193,35.330065055397164,35.73050308227539,6976900.0
2019-02-08,35.53862056367164,35.63038746726511,34.89625860326309,35.41348648071289,4922200.0
2019-02-11,35.59701988589444,36.00579889318296,35.48022679306146,35.914031982421875,5160300.0
2019-02-12,36.22270534427676,36.91512618788258,36.18099397375952,36.56474685668945,3964400.0
2019-02-13,36.723256914143775,37.190432609050255,36.66486035007723,36.85673522949219,5290400.0
2019-02-14,35.11316806310704,35.28835773094869,33.36960602120418,33.52811050415039,22229200.0
2019-02-15,33.93687795369996,35.330057000337995,33.82008488181085,35.305030822753906,16385400.0
2019-02-19,35.179899605343444,35.95574306727455,34.896261057737696,35.86397933959961,8824000.0
2019-02-20,35.822256707431904,36.11424255371094,35.3801106214097,36.11424255371094,5647400.0
2019-02-21,36.04750964726789,36.33115137464966,35.66376001091992,35.88066101074219,5419200.0
2019-02-22,35.98077443551988,36.14762308286611,35.65542132350003,35.76387023925781,4929500.0
2019-02-25,36.030830493998586,37.02357829712627,35.922381567128475,36.56474685668945,11727000.0
2019-02-26,36.39789642976486,37.3239034493264,36.3812112458912,36.58977127075195,7704100.0
2019-02-27,36.58142466646486,36.61479503200357,36.014141181799715,36.2644157409668,4748300.0
2019-02-28,36.447945137051306,36.50634168355528,35.95574340053696,36.03916931152344,4908300.0
2019-03-01,36.27274988251008,36.4229133166673,35.91402647673145,36.06418991088867,5349000.0
2019-03-04,36.222697359921305,36.66484670058972,35.580335394325964,36.29777908325195,9514400.0
2019-03-05,36.27275664141765,36.28110082396599,35.5636538787228,36.01414108276367,4588800.0
2019-03-06,35.93906092551701,36.14762092666591,35.33840710384881,35.4552001953125,5266500.0
2019-03-07,35.163207843862786,35.39679396286681,34.679347246071934,34.87956619262695,5967000.0
2019-03-08,34.45410459691945,35.22994789913773,34.295600173703185,35.20492172241211,4195800.0
2019-03-11,35.42182583302703,35.93905686880108,35.31337693597966,35.72215270996094,3056900.0
2019-03-12,35.73884234317241,36.23104407894931,35.72215716100011,35.914031982421875,3611600.0
2019-03-13,36.130944779256886,36.8317066856381,36.02249266047647,36.53137969970703,5940300.0
2019-03-14,36.53977833670464,36.95996898437484,36.44733588128916,36.76668167114258,4759300.0
2019-03-15,36.63222658092225,37.08603332151086,36.63222658092225,37.010398864746094,7435900.0
2019-03-18,37.203683320800046,37.54823955136185,37.13645127298288,37.21208572387695,4745200.0
2019-03-19,37.43898128086296,37.81715345658882,36.783484980138034,36.8591194152832,5090400.0
2019-03-20,36.69944545619178,36.98517519235352,35.993528325933234,36.10277557373047,4823800.0
2019-03-21,35.766618711321826,36.8675158372413,35.72459709410104,36.49774932861328,4711100.0
2019-03-22,36.13639288411259,36.24564334161879,35.4556829338355,35.817047119140625,5410600.0
2019-03-25,35.85905690857801,36.0607497657518,35.43886639478188,35.67417526245117,3914800.0
2019-03-26,35.95149868895023,36.37168919520089,35.84225146550045,36.17840194702149,2958400.0
2019-03-27,36.20361133185598,36.522953771159216,36.11957131693504,36.254032135009766,3075200.0
2019-03-28,36.35487784409735,36.556570679085176,35.640555331538216,36.22041702270508,2978300.0
2019-03-29,36.51456533823752,36.615410188913856,36.01033467325588,36.18681716918945,4308800.0
2019-04-01,36.573384586438685,37.21207278970416,36.522960568102185,36.96836471557617,3715100.0
2019-04-02,36.94315847446929,37.25410184088526,36.42212300423174,36.59860229492188,3424000.0
2019-04-03,36.926349622246846,37.119636917991386,36.71625431742018,36.867523193359375,3490300.0
2019-04-04,36.88433288409765,37.573445258883616,36.82550645252813,37.48100280761719,3753400.0
2019-04-05,37.565040680240095,38.06926812327691,37.531424662491,37.85917282104492,4063900.0
2019-04-08,37.79194486198265,37.94321373953855,37.49780950860175,37.70790481567383,2147000.0
2019-04-09,37.47259431291717,37.59024715692704,37.06080615308312,37.50621032714844,3397000.0
2019-04-10,37.45578169483357,37.82554818845893,37.17005202064151,37.71630096435547,1904100.0
2019-04-11,38.14490045849712,38.50626461488867,37.88438434979604,38.413822174072266,4330300.0
2019-04-12,38.65753605896586,39.45589885786536,38.63232564826164,38.81720733642578,4937300.0
2019-04-15,38.80039630582887,38.90964675337264,38.42222735151528,38.48945617675781,3766200.0
2019-04-16,38.69956889548792,39.40548951038196,38.69116649072301,39.27943420410156,4709600.0
2019-04-17,39.28782051920377,39.32983893742264,38.33818887961832,38.63232421875,3650600.0
2019-04-18,38.57350541808496,39.02730891268561,38.497870968018105,38.69115829467773,3729300.0
2019-04-22,38.64911789598124,38.90963391581792,38.42221467477604,38.65752029418945,2631000.0
2019-04-23,38.48944772191775,38.70794856900798,38.28775808469491,38.640716552734375,5036400.0
2019-04-24,38.43902969360352,38.82560419771857,38.34658726744574,38.43902969360352,4050600.0
2019-04-25,38.22053319515063,38.38861006137584,37.74991861087997,37.97682189941406,6002300.0
2019-04-26,37.9852242018903,38.73316282544582,37.76672333306327,38.69954681396485,3070600.0
2019-04-29,38.78359307173436,39.5987606433773,38.724766645094135,39.4895133972168,4449400.0
2019-04-30,39.49791550890564,40.002142935210045,39.37185704942964,39.976932525634766,5439800.0
2019-05-01,39.918113008313306,40.17022676510048,39.37186386377415,39.388671875,4274000.0
2019-05-02,39.51473034610321,39.876094572865085,39.06932926903406,39.3298454284668,4753400.0
2019-05-03,39.41387945201672,39.80885643496743,39.27941858862501,39.59035873413086,6361000.0
2019-05-06,38.90124640852339,39.59035873413086,38.78359355378064,39.59035873413086,6001600.0
2019-05-07,42.64093363460434,43.11995055133138,42.01905027991005,42.27116394042969,29260800.0
2019-05-08,42.05267132782356,43.68300951992594,41.87619206489589,41.98543930053711,11033100.0
2019-05-09,41.75854587182903,42.79221449179949,41.498029719113056,42.716583251953125,6068200.0
2019-05-10,42.42244337954448,43.42249587203825,42.10309761998684,43.39728546142578,5779500.0
2019-05-13,42.842639426362126,43.09475318189326,42.077892551297495,42.624141693115234,5894900.0
2019-05-14,42.632535335298144,43.59056933293186,42.632535335298144,43.262821197509766,6844000.0
2019-05-15,42.92666281116649,43.851080624375854,42.69975955756803,43.5737533569336,6163800.0
2019-05-16,43.666201271087736,44.51498797897757,43.666201271087736,43.893104553222656,5450300.0
2019-05-17,43.42249003329913,44.27967914266169,43.33005080488312,44.01075744628906,4924400.0
2019-05-20,44.06117248535156,44.55699736305984,43.83426924920043,44.06117248535156,5713500.0
2019-05-21,44.3553199071681,44.38893592546727,43.77545801760723,44.12001419067383,4628600.0
2019-05-22,43.96034535647776,44.43095681563049,43.7754604513534,44.170440673828125,4408600.0
2019-05-23,43.88471649000288,43.893118893212446,43.30485128872598,43.8679084777832,5085900.0
2019-05-24,44.0863948990322,44.4057406375635,43.859491601059936,44.33850860595703,3341000.0
2019-05-28,44.19564266552803,44.57381480586616,43.70822008335898,43.75864410400391,5962400.0
2019-05-29,43.63258779456269,43.65780140902112,43.01070753844925,43.38047409057617,3947700.0
2019-05-30,43.52334354594964,43.909918132364126,43.35526666313468,43.64939880371094,3288200.0
2019-05-31,43.195597461916,43.271231902524725,42.573713927377575,42.918270111083984,5120800.0
2019-06-03,42.90985165355892,44.33009427824349,42.79219562990202,44.296478271484375,7097600.0
2019-06-04,44.69146767116937,45.30494549656623,44.43094837306953,45.23771667480469,6775100.0
2019-06-05,44.82592649633178,45.14527220122741,44.2796775173629,45.11165618896485,5480300.0
2019-06-06,45.036023087224656,45.5234424561525,44.859543826361104,45.00240707397461,4764200.0
2019-06-07,44.968792670704914,45.17888795234039,44.46456527709961,44.46456527709961,5206000.0
2019-06-10,44.62422589280175,45.00239795069983,44.51497868058584,44.8175163269043,4645800.0
2019-06-11,45.04442099516664,45.178881828957024,44.33850081631735,44.60742568969727,3587300.0
2019-06-12,44.66625863494007,44.7418930653684,44.2208544531734,44.50658416748047,2842400.0
2019-06-13,44.55731187437165,45.19142920685714,44.5065813266693,44.98005676269531,3860400.0
2019-06-14,45.03924253028609,45.17452077076811,44.684135133216,45.07306289672852,3206900.0
2019-06-17,45.16606313642667,45.318251556995946,44.7602284233378,44.80250549316406,2711100.0
2019-06-18,44.71795943027502,45.27598262447341,44.692595765857625,45.10688400268555,3313800.0
2019-06-19,45.2337086801019,45.60572306702151,45.14916098202997,45.31825637817383,4029000.0
2019-06-20,45.63953431553024,45.96082130951425,45.08151123402501,45.86781692504883,5000700.0
2019-06-21,46.19757563746776,46.27366987068531,45.34363210939398,45.36054229736328,5462500.0
2019-06-24,45.343619267227886,45.71563362132524,44.988511871022894,45.08151626586914,2745200.0
2019-06-25,45.0054169750687,45.259063243568086,44.396663350440335,44.58267211914063,5504100.0
2019-06-26,44.76024387882229,44.77715406753427,44.05003207936234,44.18531036376953,3883400.0
2019-06-27,44.27830754579435,44.88706133868836,44.15993946946233,44.85324096679688,3878300.0
2019-06-28,44.9969792676974,45.16607468910366,44.73487620405622,45.04770660400391,5214800.0
2019-07-01,45.25906856721523,45.631086148374784,44.95469171909839,45.52117156982422,3200800.0
2019-07-02,45.55499130570236,45.56344478457184,44.92932743486941,45.47889709472656,3374800.0
2019-07-03,45.65644961413327,46.5526699713661,45.52117137391771,46.35820770263672,2948700.0
2019-07-05,46.37511499842552,46.49348628160328,45.85091221693187,46.17219924926758,2514000.0
2019-07-08,46.16374750790114,46.63722301565116,45.9861954019779,46.46812438964844,4378600.0
2019-07-09,46.23138162296593,46.950046648875066,46.1299237520195,46.941593170166016,3617100.0
2019-07-10,46.95850254468954,47.34742706436352,46.92468217986028,47.11914443969727,3898300.0
2019-07-11,47.20370693524318,47.47426346969502,46.73023138730832,46.90778350830078,3389300.0
2019-07-12,47.220606698187645,47.64335162198624,46.93314002099309,47.575714111328125,2957700.0
2019-07-15,47.64335136269678,47.761722649957925,47.44043560653895,47.55035018920898,2900700.0
2019-07-16,47.694082149986585,47.75326618126564,47.36434162563538,47.37279510498047,2250600.0
2019-07-17,47.3474253686536,47.43197305241125,46.400477764361,46.81476593017578,3679400.0
2019-07-18,46.88241764142804,47.16142764342703,46.78941323233233,47.009239196777344,4175600.0
2019-07-19,47.40662557465191,47.92237500737244,47.18679958667174,47.29671096801758,4852800.0
2019-07-22,47.15296728415996,47.45734413305456,47.043052705328535,47.2459716796875,2069600.0
2019-07-23,47.23751724841297,47.59262466430664,46.93314038487206,47.59262466430664,2160300.0
2019-07-24,47.355882469968975,48.60721021727158,47.34742899106142,48.52265930175781,3909800.0
2019-07-25,48.68331167606565,48.69176515623168,48.1421954120846,48.26056671142578,2459300.0
2019-07-26,48.1844636936892,48.47193034618466,48.02381857226413,48.421199798583984,2899300.0
2019-07-29,48.2605612158326,48.37892927640669,47.64335079948868,47.753265380859375,2565100.0
2019-07-30,47.43197978541004,47.73635665060385,47.093785777085245,47.61798858642578,1828900.0
2019-07-31,47.7025393235926,48.14219446520533,46.9500538173799,47.33898162841797,3179200.0
2019-08-01,47.119152105892105,47.68563202044115,45.85091724604301,46.25675201416016,4706600.0
2019-08-02,46.12146468662667,46.38356766721359,45.656445974536105,45.93545913696289,2683600.0
2019-08-05,45.19989231183736,45.436631692913146,44.210670610620845,44.65032577514648,4323200.0
2019-08-06,44.67568232671482,46.00310108932757,44.55731426767231,45.97773742675781,4247700.0
2019-08-07,45.073060091901546,46.18910631275031,44.71795271692923,46.00309753417969,4302000.0
2019-08-08,48.12529249708007,48.598768090111626,47.07688663254473,48.04074478149414,8893700.0
2019-08-09,47.77017973896648,47.98155221568757,47.22061000937644,47.5672607421875,3987100.0
2019-08-12,47.21215864643793,47.26288920422945,46.1637496957637,46.56958770751953,3576200.0
2019-08-13,46.35820747599556,47.77017389976197,46.21447253224493,47.44888687133789,4522200.0
2019-08-14,46.57803857935987,46.84014160867208,44.760234009733885,45.14070510864258,8548900.0
2019-08-15,45.2506176332846,45.64799889904146,45.0392451685693,45.43662643432617,4125000.0
2019-08-16,45.884743468128505,46.273668100679934,45.54654617225603,45.91856384277344,4042200.0
2019-08-19,46.527298882656765,46.67103381413124,46.10455401699486,46.34129333496094,3319400.0
2019-08-20,46.22294360803832,46.22294360803832,45.1238070900628,45.174537658691406,3551200.0
2019-08-21,45.61417730810467,45.61417730810467,45.07306432898204,45.39434814453125,2464800.0
2019-08-22,45.639542083498256,45.92700876382472,45.30980155538892,45.4450798034668,2326600.0
2019-08-23,45.24216138333925,45.93546604183979,44.09229787297065,44.379764556884766,3712200.0
2019-08-26,44.56575615512583,44.90395328609958,44.3205633964342,44.87858963012695,2212600.0
2019-08-27,45.03925323512844,45.20835188224392,44.1345791821423,44.59114456176758,2747800.0
2019-08-28,44.41358478255803,44.77714570877639,44.21912248660442,44.345947265625,2481500.0
2019-08-29,44.79405963474829,44.9631582791332,44.30367711384928,44.35440444946289,2921100.0
2019-08-30,44.709502035394685,44.709502035394685,43.796371492875,43.999290466308594,4565000.0
2019-09-03,43.75410305622762,44.37976701181057,43.66955535492984,44.303672790527344,2897700.0
2019-09-04,44.7771442757232,46.01155875415968,44.565771800979086,45.9946517944336,3846900.0
2019-09-05,46.62877322549652,47.22907033128446,46.18066134733672,46.23139190673828,3124000.0
2019-09-06,46.17219109818753,46.82321852694052,46.10455037688416,46.37510681152344,1901200.0
2019-09-09,46.56957330310306,46.89931376353562,46.24828632037693,46.84858322143555,2898500.0
2019-09-10,46.87395588004399,47.33052117074761,46.70486049115031,46.924686431884766,3170500.0
2019-09-11,46.90778088118381,47.880095589800334,46.307483805569554,47.85472869873047,3093900.0
2019-09-12,47.46579888315928,48.2859250562779,47.37279448514116,47.9900016784668,3263600.0
2019-09-13,48.26056207224785,48.581845892282416,48.01536924225741,48.438114166259766,3324700.0
2019-09-16,47.80043729783338,48.19154645679759,47.55386721106728,47.88545989990234,2793600.0
2019-09-17,47.76643028303688,48.59116320278569,47.69840960192562,48.531646728515625,4317400.0
2019-09-18,48.18304402856537,49.03328305424738,47.98748944186704,49.01628112792969,4292100.0
2019-09-19,49.14380765411431,49.87501362531507,48.94825309678917,49.22032928466797,4671800.0
2019-09-20,49.50090235290058,49.611431058030526,48.71018003532179,48.84621810913086,6534700.0
2019-09-23,48.54864053391678,49.084291956145314,48.42960760528912,48.71868896484375,2752500.0
2019-09-24,48.91424482925427,49.05878713458706,48.31057596460379,48.46361923217773,3592400.0
2019-09-25,48.36160006059276,48.65918244296634,47.97899182368049,48.06401443481445,3355300.0
2019-09-26,48.12352236601466,48.12352236601466,47.22227117177248,47.5113525390625,3206200.0
2019-09-27,47.80042803401819,48.06399999539384,47.48583733184171,47.74941253662109,3496300.0
2019-09-30,47.86844892208359,47.91946442317697,47.23076975373415,47.358306884765625,3424500.0
2019-10-01,47.55386336284543,47.60487886600108,46.116960746371134,46.22748947143555,3643000.0
2019-10-02,45.989423685259375,46.12546178382574,45.31773415459866,45.46227645874024,3492000.0
2019-10-03,45.22420195708565,45.69183590579605,44.81608771008689,45.241207122802734,3702700.0
2019-10-04,45.22421321429459,46.36353365370879,45.22421321429459,46.27851104736328,3298100.0
2019-10-07,46.09995730721935,46.15947377476385,45.581311024270775,45.59831619262695,2592200.0
2019-10-08,44.99464231984171,45.13068366140587,44.54401672782478,44.569522857666016,3763600.0
2019-10-09,44.8671071657764,45.36874824677607,44.756575200565216,45.09667205810547,2943600.0
2019-10-10,45.18169529247411,46.29550943550338,45.05416140163824,45.96391677856445,3962000.0
2019-10-11,46.66961378795104,47.30729297778839,46.19348206865111,46.27000045776367,4531400.0
2019-10-14,45.83637871762993,46.21048266395072,45.59831286482615,46.09144973754883,1980600.0
2019-10-15,46.21049315242105,46.74614468621123,46.15948088290133,46.49107360839844,2215500.0
2019-10-16,46.22749435278391,46.38904184146653,45.65783576937843,46.20198822021485,3429200.0
2019-10-17,46.51657012566131,46.61009692498338,45.84488060635197,45.96391677856445,2494600.0
2019-10-18,45.82788510806122,46.150973604870565,45.79387476837461,45.88740158081055,2344000.0
2019-10-21,46.34652097664407,46.661111704655625,46.28700451316166,46.38053131103516,2069600.0
2019-10-22,46.159466111783374,46.159466111783374,45.19869534128545,45.26671600341797,3381800.0
2019-10-23,45.11368297982421,45.31773852565357,44.79059124828923,45.19020462036133,2669900.0
2019-10-24,45.37724446585964,45.555797081278186,44.82459118437499,44.97763442993164,1665700.0
2019-10-25,44.82459503307884,44.986139253524094,44.50150334878439,44.89261245727539,2084400.0
2019-10-28,45.08817184477395,45.32624096349169,44.66305235691176,44.680057525634766,3817200.0
2019-10-29,44.51001843729029,44.7905989150881,43.54074632017962,44.29745864868164,7845800.0
2019-10-30,44.37397699673127,44.97764921639779,43.957361658400345,44.7310791015625,3961400.0
2019-10-31,44.5185101391705,45.0796676937229,44.12740101641666,45.02865219116211,5172400.0
2019-11-01,44.20391949738874,45.81937137580408,43.87232361948821,45.70883941650391,5378700.0
2019-11-04,45.980922931569474,47.0947338550679,45.85338579459595,46.7036247253418,4657800.0
2019-11-05,46.95019081994343,46.95019081994343,46.13395905052383,46.601593017578125,4342400.0
2019-11-06,46.67811782495652,47.2477763423209,46.431547760692496,47.205265045166016,3733100.0
2019-11-07,47.36681353764287,47.89396404873241,47.230775428453,47.26478576660156,3280800.0
2019-11-08,47.30729270873615,47.5623637345396,46.79715065712925,47.53685760498047,2750600.0
2019-11-11,47.12874709840357,47.64739339710197,47.00971415969988,47.10324096679688,2568800.0
2019-11-12,47.04371506446271,47.41781897443285,46.805645991387465,47.11173248291016,3162700.0
2019-11-13,46.86517530687518,46.95020115751703,46.49107129426475,46.52508163452149,2673600.0
2019-11-14,46.5250803338254,46.73764008938066,45.810879425423536,46.0744514465332,3468900.0
2019-11-15,46.31251187472757,46.69511676810026,45.63231819005642,45.8533821105957,3404100.0
2019-11-18,45.61531635894126,46.048936752559406,45.4877792319574,46.040435791015625,2398600.0
2019-11-19,46.11697015050869,46.184987591848845,45.41127014160156,45.41127014160156,3394500.0
2019-11-20,45.368750127060736,45.41976238742314,44.75657705547869,45.00314712524414,5093400.0
2019-11-21,45.02865518118357,45.06266551848247,44.38247498952585,44.39097595214844,4337600.0
2019-11-22,44.50150518027375,45.343243137750456,44.40797838017589,45.31773376464844,4522500.0
2019-11-25,45.36024381571509,45.68333550442995,45.23270992732522,45.32623672485352,3072800.0
2019-11-26,45.32623908751126,45.68333788570168,45.003147381955046,45.20720291137695,7197500.0
2019-11-27,45.22420247157713,45.39425088727876,44.85859951300994,44.96913146972656,3770800.0
2019-11-29,44.9266257271952,45.20720289087412,44.71406599215801,44.773582458496094,2865500.0
2019-12-02,44.84161106246516,44.867117197292,43.9233512878418,43.9233512878418,4180800.0
2019-12-03,43.53222323437307,43.68526646387316,42.801017414184486,43.5067138671875,5785600.0
2019-12-04,43.76180173395408,44.0678882884648,43.44721097326009,43.45571517944336,4212900.0
2019-12-05,43.523735363449454,43.804315803957294,43.31967980981152,43.481224060058594,3131300.0
2019-12-06,43.982855644294965,44.31444827928552,43.48971879424343,44.093387603759766,6731900.0
2019-12-09,43.97436054299342,44.66305203254985,43.78730693180315,43.85532760620117,3701100.0
2019-12-10,43.82981254243436,44.08488355150984,43.39619215134643,43.43020248413086,4634300.0
2019-12-11,43.481540389255045,43.54998987506983,43.01096159775727,43.13074493408203,4413100.0
2019-12-12,43.14785486200835,43.99489598596492,43.01095916198249,43.66121292114258,6080200.0
2019-12-13,43.76388977221693,44.516814535649296,43.738219583022975,44.14890670776367,5316800.0
2019-12-16,44.49114483104125,44.75638167713572,44.27724509627664,44.40558624267578,5857000.0
2019-12-17,44.34571386099319,44.816292829328056,44.25159741455576,44.31148910522461,3258500.0
2019-12-18,44.27725557825143,44.79061375767598,44.12324747165372,44.46548843383789,5090000.0
2019-12-19,44.27724726290147,44.559596493255455,44.020568221394,44.43125534057617,4493900.0
2019-12-20,44.57670952398068,44.653713569595325,44.07190595025162,44.09757614135742,7345400.0
2019-12-23,44.097569669405694,44.14890351638056,43.38742099031164,43.60987854003906,4175000.0
2019-12-24,43.455875361107175,44.02057058832703,43.455875361107175,43.58421325683594,1138600.0
2019-12-26,43.67833651975216,43.7981198800854,43.26764931410172,43.310428619384766,2811100.0
2019-12-27,43.4302015338868,43.70399620231912,43.27619672467943,43.695438385009766,2374800.0
2019-12-30,43.823788118802064,43.83234267393623,43.4473224158659,43.635555267333984,2706300.0
2019-12-31,43.63555083691468,43.95212156636294,43.532879866470886,43.91790008544922,2912500.0
2020-01-02,44.18312997205173,44.3799173420798,43.84089234481418,44.28580093383789,3104600.0
2020-01-03,43.8323441943347,44.0376894270455,43.58421965676591,43.94357299804688,2358800.0
2020-01-06,43.74677870598804,44.183132769091145,43.66977466381087,43.97779083251953,2699700.0
2020-01-07,43.93500960638929,44.00345909656188,43.39598455861122,43.72966766357422,4580100.0
2020-01-08,43.72966483106399,44.70504715588531,43.72966483106399,44.24302291870117,4832100.0
2020-01-09,44.551037891119066,44.73927070804016,44.200242445671314,44.730712890625,3219800.0
2020-01-10,44.747827308558136,45.03873110081106,44.38847729310808,44.51681518554688,5483000.0
2020-01-13,44.56815524592038,45.02162170410156,44.33714310764372,45.02162170410156,6039500.0
2020-01-14,44.978834630209136,45.4323010100188,44.6451515760963,44.78204727172852,5277000.0
2020-01-15,44.4997125323279,44.77350727646552,43.97779976693143,44.30292510986328,4095000.0
2020-01-16,44.59382242105289,44.98740047207246,44.59382242105289,44.79916763305664,3822200.0
2020-01-17,44.94461452639703,45.41519658853368,44.94461452639703,45.26118850708008,5818600.0
2020-01-21,44.96173322575884,45.09007439964924,44.13180429651623,44.20880508422852,4215100.0
2020-01-22,44.37137388992035,44.86761971591963,44.18314102634208,44.7136116027832,4341500.0
2020-01-23,44.25158712768383,44.44837453182882,43.84945450051489,44.157470703125,3307100.0
2020-01-24,44.20880619928566,44.20880619928566,43.20775676755741,43.686893463134766,3227100.0
2020-01-27,42.86550031724703,43.07084547368995,42.68582534526607,42.89117050170898,3634700.0
2020-01-28,43.12219038028075,43.57565680032482,43.028073969210965,43.13074493408203,4131900.0
2020-01-29,43.28476342536162,43.50721778006832,43.06230907065492,43.07941818237305,2964400.0
2020-01-30,42.77995658383668,43.9350141060596,42.702952531431706,43.892234802246094,2979300.0
2020-01-31,43.42164819518742,43.76388909241407,42.72861184703647,43.002403259277344,5736100.0
2020-02-03,43.22485906182554,43.96067467620996,43.14785502627715,43.77244186401367,2916600.0
2020-02-04,44.31147241289813,44.559596902972274,43.27619841978323,43.33609008789063,3441100.0
2020-02-05,43.96067877424895,45.04728992657032,43.86656235937723,44.90183639526367,4408400.0
2020-02-06,45.23552739026821,45.860114395277584,45.0387399720202,45.69755172729492,5286400.0
2020-02-07,45.32963120105323,45.99699732616261,45.28685190705792,45.74031829833984,3766300.0
2020-02-10,45.740324494661,46.33068992886462,45.65476589507998,46.3221321105957,2756800.0
2020-02-11,46.49325195435328,46.9210514742631,46.35635623853619,46.6044807434082,4656800.0
2020-02-12,46.97237962878261,47.143496793014414,46.4419059753418,46.4419059753418,3984100.0
2020-02-13,47.71676031680333,48.27289775155939,43.54999377801116,43.575660705566406,13179800.0
2020-02-14,42.66017415231858,43.34465281972637,41.31688374757713,41.47944641113281,11891200.0
2020-02-18,41.16286993432861,41.93290710449219,40.93185780412414,41.93290710449219,9403400.0
2020-02-19,42.26659574438982,42.59172104394637,42.0099134099958,42.275150299072266,5755700.0
2020-02-20,42.27515019571364,42.72861666135852,42.09547517315828,42.60883331298828,5507100.0
2020-02-21,42.39493108612423,42.59171847044484,41.573556804477015,41.58211135864258,4913600.0
2020-02-24,40.64095343723834,40.80351607600085,39.00675944010554,39.10087585449219,9774200.0
2020-02-25,39.22921476745476,39.64845973410044,38.66451953032775,38.70730209350586,8706000.0
2020-02-26,38.921201906913,39.46878477228359,38.270944806396926,38.50195693969727,7269800.0
2020-02-27,37.93726708493263,38.66452506922551,37.12444722587766,37.14155960083008,7159300.0
2020-02-28,36.174722963214805,36.74797596328212,35.34479419191879,36.072052001953125,10908300.0
2020-03-02,36.02928063851781,36.69664692941452,35.447472956866214,36.66242218017578,10262100.0
2020-03-03,36.51697161778048,37.54369124027919,35.22501508644866,35.498809814453125,11832200.0
2020-03-04,35.85815793564735,36.491302701949344,35.39613364109061,36.39718627929688,8324100.0
2020-03-05,35.07956397777284,35.68703857064891,34.37797295932552,34.78010559082031,9251400.0
2020-03-06,33.505256342812785,33.83893942694525,32.01651266300893,32.3758659362793,14681300.0
2020-03-09,29.61228013742123,29.945963205205945,26.01876390002632,28.07220268249512,19741400.0
2020-03-10,29.586613893548588,31.811169905820208,28.380216214822752,30.00585556030273,10322100.0
2020-03-11,28.816576773253857,29.34704727972969,27.29360984990492,27.74707794189453,10814400.0
2020-03-12,25.377061712940407,25.47973429279533,21.81777063415738,21.96322250366211,13594500.0
2020-03-13,23.86930456817668,24.761696610855942,21.737962680307405,24.692384719848636,11920600.0
2020-03-16,20.68961635603828,21.937231919236897,19.40734567713936,20.14378547668457,15835900.0
2020-03-17,20.776254148455664,20.81957510357616,17.778513460186915,19.27738380432129,15057900.0
2020-03-18,17.865153720739464,18.445641299242563,13.923036040523476,16.270978927612305,13531000.0
2020-03-19,16.019724654625062,18.52361838352167,15.179317834318509,17.847827911376953,11718600.0
2020-03-20,18.029775175361827,18.41099146126713,16.58288778030473,16.660863876342773,12948400.0
2020-03-23,16.426933966962668,17.397302148261634,15.664503122926709,16.72150993347168,9604500.0
2020-03-24,18.220380430948826,20.18710586203876,17.969123805475338,19.866539001464844,11436800.0
2020-03-25,20.10046721244008,24.042583913886915,19.08677982456436,22.28379249572754,14365100.0
2020-03-26,22.361768464122505,23.999264484070466,22.093185107871275,23.83464813232422,11282600.0
2020-03-27,22.52638410442132,23.18484783808441,21.66864890797913,22.10184860229492,9473500.0
2020-03-30,21.659992059019643,22.517727546253678,20.854240090019918,22.275135040283203,8377600.0
2020-03-31,22.075860104712625,22.34444515463373,20.68962049625961,21.010189056396484,9554500.0
2020-04-01,19.667270303435053,19.814558291968343,18.20305461184242,18.7228946685791,10498700.0
2020-04-02,18.289694357615456,19.77990093397795,18.26370177716068,18.41098976135254,9317500.0
2020-04-03,18.41098834223989,18.792204563562905,17.241348752345367,17.726531982421875,9573000.0
2020-04-06,19.017472452725155,19.225408164673112,18.03843994987828,18.644920349121094,15414300.0
2020-04-07,20.325731376501583,21.625330620089432,19.8405481216027,20.15245246887207,12731300.0
2020-04-08,20.585652588626807,21.29609992355201,20.143788639521294,20.906219482421875,8539500.0
2020-04-09,21.616662899475628,23.955939985870412,21.56467775237038,22.994237899780277,11974600.0
2020-04-13,23.08088185847489,23.39278620332754,21.166139780970504,22.20581817626953,7367800.0
2020-04-14,22.786305663759038,23.479426239297958,21.85925848453187,22.33577919006348,8139700.0
2020-04-15,20.96686461311107,21.18346444732699,20.16111296542376,20.86289596557617,9225200.0
2020-04-16,20.663631039344427,20.89755933076774,19.87520752605202,20.08314323425293,8829400.0
2020-04-17,20.9928611938765,21.495372878600055,20.64630169622681,21.226789474487305,11039800.0
2020-04-20,20.802248433102108,21.03617665242361,19.96184166492281,20.576984405517575,6502900.0
2020-04-21,19.49398362234737,20.195766570044743,19.182079355581664,19.27738380432129,7213100.0
2020-04-22,19.99650001602806,20.39504463781029,19.182084038710705,19.286052703857425,8232200.0
2020-04-23,19.606621553717265,20.291078007639207,19.398685855096,19.632614135742188,7604000.0
2020-04-24,20.048476380225267,20.533661108032177,19.46798886688777,20.23042106628418,9295600.0
2020-04-27,20.334398412007214,21.26144739013346,20.334398412007214,20.949542999267575,7602700.0
2020-04-28,21.73796010519436,22.257800052431065,21.14880827516113,21.902576446533203,9513900.0
2020-04-29,22.77764199340049,23.74800843748817,22.52638536344203,23.592056274414062,9621700.0
2020-04-30,23.14152966091205,23.22816994070261,21.997882594749203,22.03253936767578,6637600.0
2020-05-01,21.24410986309674,21.374069419213743,20.40370153865764,20.706941604614254,6410000.0
2020-05-04,20.654966994891687,21.16614290096068,20.03115986576013,20.85423851013184,9321900.0
2020-05-05,21.4087273621844,22.79496666673383,21.322088748327136,21.71196746826172,8944300.0
2020-05-06,21.8419288512328,21.97189008783758,20.12645837532802,20.195770263671875,7824700.0
2020-05-07,20.62030739970491,22.13650652181633,20.594316472371005,22.110515594482425,8239200.0
2020-05-08,22.7689795728919,23.99926693536795,22.36177074816528,23.95594596862793,9829300.0
2020-05-11,23.661368983186858,24.207201572860324,23.141528972435022,23.869304656982425,8112100.0
2020-05-12,24.04259287423151,24.545104659195477,23.002912521362305,23.002912521362305,5604500.0
2020-05-13,22.6043622975258,22.691002575004223,21.45205106888246,21.62532997131348,6238300.0
2020-05-14,21.18346444459903,22.42241410803303,20.343056030333116,22.31844711303711,6954500.0
2020-05-15,22.240474823706705,22.9855789088664,21.746627382157,22.93359375,8185500.0
2020-05-18,24.2591846041236,25.099591475857164,24.14655340271581,24.649065017700195,8773500.0
2020-05-19,24.415134537126804,24.787686531029514,23.76533500893156,23.93861389160156,5550300.0
2020-05-20,24.432468019093196,24.8136826320247,24.163882968245904,24.29384422302246,5175400.0
2020-05-21,24.2505188706486,25.324853922274063,24.207199561903693,24.96096611022949,5473900.0
2020-05-22,25.004292044836927,25.09959487353652,24.441131003986627,25.030282974243164,3727900.0
2020-05-26,26.234577035272743,27.49951949182686,26.234577035272743,26.867048263549805,8361400.0
2020-05-27,28.244623057114875,28.556527413422835,27.04032825196617,27.300249099731445,8387500.0
2020-05-28,27.69879491323566,27.88940223236417,26.70243569308818,26.96235656738281,5810300.0
2020-05-29,26.39052959882762,26.89304292613844,25.965994016037516,26.043970108032227,8763200.0
2020-06-01,26.08728560370177,26.832387939446576,25.78404549318293,26.4685001373291,4297800.0
2020-06-02,26.693770762300545,27.51685102940501,26.42518735354557,27.282922744750977,6668700.0
2020-06-03,28.18397443458837,28.998392072805604,27.950046174997365,28.80778312683105,6238100.0
2020-06-04,28.49587417663888,30.51458625451047,28.22729249258044,30.50592041015625,8438700.0
2020-06-05,33.52099809298461,33.76359221943746,31.346336631729717,31.50228881835937,10453100.0
2020-06-08,32.325366866382424,34.23144314189175,32.325366866382424,34.17079544067383,10596700.0
2020-06-09,32.923180349559274,33.22641884654767,31.909494541010837,32.69791793823242,7047600.0
2020-06-10,32.273375463532915,32.31669476958782,30.453938168817317,30.46260070800781,8569300.0
2020-06-11,28.157975679827068,29.344941729224,27.118295916792512,27.38688087463379,9228600.0
2020-06-12,29.3212151369123,29.39123755182876,27.343126990031244,28.918596267700195,7489700.0
2020-06-15,27.395632762219684,29.38247303144661,27.238087390818468,29.04987335205078,6942400.0
2020-06-16,31.06297801002505,31.071729140688184,28.65601307659146,29.13740539550781,7393200.0
2020-06-17,28.93609241816121,29.17241298302081,28.130851603952397,28.253387451171875,5963800.0
2020-06-18,27.894540408572425,28.88358359720182,27.605704639377453,28.419696807861328,4065200.0
2020-06-19,29.19867603196929,29.19867603196929,27.71948606839082,27.842021942138672,7776400.0
2020-06-22,27.605699403290103,28.05208050512124,27.194326161651347,27.82451438903809,3955700.0
2020-06-23,28.4284479911244,28.647263018770538,27.938302796636368,28.052085876464844,3322900.0
2020-06-24,27.483164475015457,27.693226680867014,26.35407990988508,26.52037811279297,5960500.0
2020-06-25,26.25780031451117,27.43064886211341,26.09150044507999,27.36062812805176,5781000.0
2020-06-26,26.88798578062689,27.028027242810424,25.81141641405627,26.00397300720215,8006500.0
2020-06-29,26.47661755658447,27.036783476457828,26.15277059076635,26.85297966003418,5484900.0
2020-06-30,26.651668044034366,27.483164054117715,26.51162657561136,27.290607452392575,4660800.0
2020-07-01,27.14181616130568,27.63196135456115,25.820173197315345,25.890193939208984,6984500.0
2020-07-02,26.739191521637,27.316862970570945,26.11775774180009,26.18777847290039,7866800.0
2020-07-06,27.089304015812715,27.61445880333545,26.669177848597627,26.905498504638672,6132400.0
2020-07-07,26.537886541003058,26.642918489830706,25.478822598336382,25.53133773803711,7413100.0
2020-07-08,25.25125064402901,26.205284151519194,25.22499224375304,26.126510620117188,7727600.0
2020-07-09,26.00397619359865,26.06524580155929,24.48977665480561,24.50728225708008,7357000.0
2020-07-10,24.69984115370643,26.37158792842578,24.55979966143658,26.3453311920166,7443500.0
2020-07-13,26.52037654829508,26.84422347326969,25.907695568061328,26.012725830078125,6132200.0
2020-07-14,26.14402316048189,26.975519356838717,25.715144189253856,26.949262619018555,5494600.0
2020-07-15,27.763246648900537,28.025825651028004,27.211833582457007,27.80701065063477,6813400.0
2020-07-16,27.43940654453081,28.91859669286303,27.29061224949827,28.49847221374512,6855100.0
2020-07-17,28.62975732643336,28.761047678151723,27.80701402704165,28.113353729248047,4333400.0
2020-07-20,27.999571278363813,28.02582968318222,27.48316766958527,27.491920471191406,4364400.0
2020-07-21,27.763250151382824,28.297161023340305,27.535682321933844,27.973312377929688,4618400.0
2020-07-22,27.64071031070499,28.27089690007856,27.50066884639975,28.174617767333984,5729500.0
2020-07-23,27.96455770536299,28.340919772977085,27.71073150369731,27.8945369720459,4965000.0
2020-07-24,27.91204690010112,28.05208839682268,27.30811857152429,27.404396057128903,3960900.0
2020-07-27,27.22058500888009,27.264347338979498,26.607902370933,27.00177001953125,5143600.0
2020-07-28,26.78296067939944,27.378137843074622,26.599155181475645,27.08930206298828,5220700.0
2020-07-29,27.028029134755663,28.82231320739805,27.028029134755663,28.59474372863769,10100400.0
2020-07-30,27.78075417704289,27.96455965822727,27.19432986852544,27.81576538085937,7075800.0
2020-07-31,27.754497260942124,28.13961384584917,27.483167094534,28.130859375,6244600.0
2020-08-03,28.192127315534787,28.61225176728146,28.03458022877324,28.130859375,5834900.0
2020-08-04,27.185574328963146,27.40438932249504,25.785158036473845,26.012725830078125,17448400.0
2020-08-05,26.25780097999041,26.74794613084428,26.09150110634452,26.41534805297852,7344800.0
2020-08-06,26.607907122494897,27.045537179343253,25.627616730033235,25.66262626647949,9162800.0
2020-08-07,25.5313348761386,26.844224907473617,25.3562822041902,26.835472106933597,6015200.0
2020-08-10,27.13306382282149,27.71948817222081,27.11555821969287,27.535682678222656,4596400.0
2020-08-11,28.568485671501808,28.796055139711285,27.789504811015625,27.99081420898437,6370800.0
2020-08-12,28.46346019663271,28.577244949883976,26.77420785676243,27.080549240112305,6704000.0
2020-08-13,26.704185207191628,27.071794507101465,26.362834310641823,26.87923622131348,6252100.0
2020-08-14,26.590400359516064,27.500671639373383,26.459111682074443,27.12430953979492,4862800.0
2020-08-17,27.03677596182381,27.045528760567336,26.126506595030964,26.2227840423584,5643400.0
2020-08-18,26.310318390570817,26.432855940954315,25.81142039590037,25.890193939208984,7880800.0
2020-08-19,25.82016931711044,26.30156163660823,25.65386945406945,26.135263442993164,4870100.0
2020-08-20,25.70639034348473,25.933956504567544,25.46131690999207,25.496326446533203,4702200.0
2020-08-21,25.47882135018373,25.61886282880947,24.708591548316058,24.743602752685547,7366500.0
2020-08-24,24.96241678875704,25.88143916472784,24.75235457909017,25.863933563232425,5511100.0
2020-08-25,26.24904474783774,26.43285019877062,25.61010540818105,25.83767318725586,4134200.0
2020-08-26,25.78515650669909,25.8289205044646,25.154969963708105,25.4350528717041,3738700.0
2020-08-27,25.470067594914607,26.301563634426607,25.461314794150137,25.977718353271484,4973400.0
2020-08-28,26.362835468865292,26.362835468865292,25.5838528292218,25.70639038085937,6036400.0
2020-08-31,25.601360331022523,25.671381078826045,25.12871903127901,25.50508117675781,7539800.0
2020-09-01,25.26876221683557,25.697639506158765,25.093709512471435,25.51383399963379,4930500.0
2020-09-02,25.61886547067633,26.13526910239607,25.146224179505197,26.109010696411133,6534000.0
2020-09-03,26.25779750405912,27.09804622286462,25.583846967459408,25.732641220092773,7003900.0
2020-09-04,26.257806848559454,26.45036349778872,25.60136167734547,26.08275413513184,5783000.0
2020-09-08,25.715135860402818,25.863930114420885,25.006175788634778,25.28625869750977,7124700.0
2020-09-09,25.522586801794628,25.601360351815856,24.883647268890257,25.51383399963379,7432400.0
2020-09-10,25.618866792109063,25.890196990243595,24.533544330144565,24.647327423095703,7754900.0
2020-09-11,24.699836660526785,25.19873626408721,24.577300794437893,24.857383728027344,8491800.0
2020-09-14,25.18122820705489,25.90769387122349,25.03243395442152,25.732641220092773,6254800.0
2020-09-15,25.69763589663104,26.09150192198788,25.31252100277953,25.321273803710938,6438600.0
2020-09-16,25.45403416221857,26.6045983043484,25.3035756185771,26.34793472290039,10798100.0
2020-09-17,25.85230238423586,26.06471580973802,25.321273884775756,25.400928497314453,11420800.0
2020-09-18,25.223918540471463,25.657592726841088,24.71058973945248,24.77254295349121,13427100.0
2020-09-21,24.020250867874346,24.2592147173871,23.462670240443085,23.878643035888672,11872500.0
2020-09-22,23.85208916616936,24.533576125812672,23.76358386197853,24.19725799560547,10055000.0
2020-09-23,24.31231760601322,24.887601331407367,23.365314582017625,23.39186668395996,6986700.0
2020-09-24,23.365311357582563,23.975996113192878,22.630720186204304,23.436115264892575,5686900.0
2020-09-25,23.126348606708923,24.029099732727456,23.117499594972024,23.958295822143555,4886900.0
2020-09-28,24.480474370230542,24.816794198863,24.268062646509257,24.45392227172852,7610400.0
2020-09-29,24.374271860663924,24.47162618899302,23.86094136539008,24.15300941467285,4282100.0
2020-09-30,24.268061478744336,24.728287702043808,24.11760297066944,24.36541748046875,5338400.0
2020-10-01,24.391972941699148,24.79024604206431,24.170710483295966,24.533580780029297,5155400.0
2020-10-02,24.064504523147576,25.20621788678979,23.95829780443507,24.976104736328125,4558100.0
2020-10-05,25.462882410316656,26.038164425959472,25.294722480541576,25.710695266723636,5326100.0
2020-10-06,26.02046752750424,26.533796417863684,25.604494669348764,25.64874649047852,8161300.0
2020-10-07,25.91425458951542,26.26827411503512,25.63103728100141,26.16206741333008,4976700.0
2020-10-08,26.383333596039204,26.97631701901546,25.976211505568177,26.781606674194336,5610700.0
2020-10-09,26.932061826061663,27.055968240120468,26.33022777817899,26.507238388061523,8058000.0
2020-10-12,26.43643655428069,27.10907287313149,26.33908054240299,26.958614349365234,7711600.0
2020-10-13,26.701951054292238,26.79930706709045,26.10011695353681,26.392183303833008,7574000.0
2020-10-14,26.365630207361068,26.87010824395659,26.1355170929652,26.241722106933597,6996200.0
2020-10-15,25.808047536955392,26.53378797642904,25.77264642893382,26.51608657836914,3554600.0
2020-10-16,26.560346216005517,27.135628281209243,26.29483024799705,26.80816078186035,4893700.0
2020-10-19,26.914359182175847,27.286080095251695,26.569190365783346,26.63114356994629,5425900.0
2020-10-20,26.94976679633383,27.640104552550245,26.90551329394912,27.12677574157715,5481500.0
2020-10-21,27.064819548909284,28.179982364846214,26.994015640981463,28.029523849487305,6869100.0
2020-10-22,27.91446944175945,28.454350320099262,27.631252108662597,28.330440521240234,5411000.0
2020-10-23,28.67561460899004,28.888024668382755,28.10033089375715,28.65791320800781,4375400.0
2020-10-26,28.20653934799366,28.24194046403896,27.20643207621005,27.666658401489254,6021600.0
2020-10-27,29.454458375420185,29.463310764725225,27.5693029090231,27.57815361022949,12065700.0
2020-10-28,26.9232144049307,27.409991109230216,26.45413741329593,26.755054473876957,8129300.0
2020-10-29,26.5514881707814,27.80825867838897,26.294822974843395,27.69320297241211,7436500.0
2020-10-30,27.507342342866878,28.11802705823609,27.232977431132145,27.87021255493164,6373300.0
2020-11-02,28.542853273580324,28.97652911892252,28.23308553609234,28.71986389160156,7278700.0
2020-11-03,29.162387643518763,29.374797676138108,28.949974234702815,29.109283447265625,7168900.0
2020-11-04,28.61365749587831,28.861470323478247,27.684354328083703,27.95871925354004,5424400.0
2020-11-05,28.17113538971596,29.737672270735764,28.162284689042583,29.587215423583984,6467100.0
2020-11-06,30.12709219909124,31.419263933682245,28.994226302288425,29.34824752807617,8329900.0
2020-11-09,32.71143277061857,34.18946737472856,32.313159770936466,33.207061767578125,13776300.0
2020-11-10,33.53453597009384,34.162920510091666,32.95925563287498,33.835453033447266,10213700.0
2020-11-11,33.507987415589746,33.55223923226182,32.51673254210705,33.056610107421875,7211300.0
2020-11-12,32.77339003619666,32.77339003619666,31.4635168563406,31.914894104003903,6847100.0
2020-11-13,32.268912683785366,33.10971061133874,32.11845584868259,33.03005599975586,5073800.0
2020-11-16,34.15405916899685,34.23371375631355,33.56107426870684,34.065555572509766,6015400.0
2020-11-17,33.490274106181644,34.25141723662604,33.33096492184696,34.00360107421875,4626900.0
2020-11-18,33.853157134557684,34.83556301904622,33.658445085034614,34.11867141723633,6265100.0
2020-11-19,33.62303330667299,34.16291068680149,33.16280714351429,34.10980987548828,4225200.0
2020-11-20,34.207170985449345,34.39303060526162,33.63188735132956,34.17176818847656,5571900.0
2020-11-23,34.8532640212243,35.35774216538085,34.34878587706775,35.19843292236328,4759600.0
2020-11-24,36.10118226802854,36.79152003385872,35.6409559654094,36.26934051513672,6017800.0
2020-11-25,35.64095660772082,35.84451766089831,35.14532749376879,35.50819778442383,3811100.0
2020-11-27,35.357738132224355,35.54359776914529,34.91521325791916,35.14532470703125,2046800.0
2020-11-30,34.60544544000013,35.05682272358975,33.98591328793127,34.02131271362305,6425700.0
2020-12-01,34.95946377255594,35.20727661258604,34.59659352414184,34.79130554199219,6245700.0
2020-12-02,34.57005071240089,35.304640382341056,34.304533038347905,35.16303253173828,5175400.0
2020-12-03,35.10992718514831,35.64095913986682,34.9771717286167,35.2603874206543,4581300.0
2020-12-04,35.62325175718425,36.11888082314983,35.534748134353194,36.012672424316406,4597600.0
2020-12-07,35.649805638430884,35.702909843015995,35.02142107706085,35.21613311767578,4478500.0
2020-12-08,34.76475938761606,35.35774458299332,34.676255747086906,34.9771728515625,3322600.0
2020-12-09,35.32234179498077,35.65866170632486,35.012575676767455,35.34889221191406,5388400.0
2020-12-10,34.76475304503303,35.34888574406801,34.57004439615261,35.14532470703125,4716300.0
2020-12-11,34.64567194457813,34.94903019926397,34.40476679795296,34.609981536865234,5299000.0
2020-12-14,35.06502739218808,35.12748391290326,33.97649702856272,34.047874450683594,3942000.0
2020-12-15,34.33337770090462,34.68135058310866,33.592820639428496,34.38691329956055,3292700.0
2020-12-16,34.58322004612681,34.59214435193611,33.9764999924846,34.190635681152344,3691200.0
2020-12-17,34.19062657238261,34.21739267542893,33.75343100571166,34.11032485961914,5233200.0
2020-12-18,34.08355669921902,34.31553752007481,32.98610229344587,33.44114303588867,9293000.0
2020-12-21,33.11102524354612,33.61067743955685,32.81658442493238,33.3430061340332,5341700.0
2020-12-22,33.51252330727117,33.566055509274285,32.807653149486725,32.83441925048828,5374200.0
2020-12-23,33.235936003356606,33.9408063354656,33.227015102024566,33.405460357666016,3890600.0
2020-12-24,33.441153073571115,33.4589982810894,32.98611219454344,33.3430061340332,1613800.0
2020-12-28,33.5035996546639,33.922953397821885,33.039634607762885,33.07532501220703,3837300.0
2020-12-29,33.33408066615754,33.39653718210391,32.94149296178051,33.15563201904297,4047300.0
2020-12-30,33.11101520930491,33.94079838750146,33.1020909064376,33.47683334350586,2522200.0
2020-12-31,33.48575639524383,33.86941975621734,33.21808515363137,33.78019714355469,2956200.0
2021-01-04,33.59283325474289,33.860504541295114,32.852272511535844,33.128868103027344,7081000.0
2021-01-05,33.26270634952982,33.91404114576868,33.17348371033976,33.68206024169922,4268000.0
2021-01-06,34.45829570350401,36.27846547892636,34.45829570350401,35.876956939697266,8198600.0
2021-01-07,36.385533813688106,36.6175180413151,36.00187047106406,36.483680725097656,5109700.0
2021-01-08,36.58183084625145,36.68889866644509,35.69851196968615,36.24277877807617,5344800.0
2021-01-11,35.61820813294626,36.39445914310036,35.430838607857105,35.939414978027344,3457000.0
2021-01-12,36.27847120859348,36.81381374303246,36.19816948806515,36.58183288574219,3975800.0
2021-01-13,36.305235039537045,36.6888984131758,36.07325419678145,36.33200454711914,3608400.0
2021-01-14,36.58183888177828,36.98334755023019,36.2963223627959,36.84951019287109,3984000.0
2021-01-15,36.4747688155317,37.03687751348775,36.162482801930935,36.89411926269531,7124400.0
2021-01-19,37.09933306944568,37.84881124511146,37.04579745534465,37.6971321105957,5159400.0
2021-01-20,37.679289872971424,37.9826515695161,37.47407510819489,37.54545593261719,6421300.0
2021-01-21,37.42945911172178,37.59898344307698,36.626441955566406,36.626441955566406,5608300.0
2021-01-22,36.162480094332665,36.51937739640432,35.65390365123675,35.7609748840332,4752300.0
2021-01-25,35.27024276424301,35.511147949819915,34.78843579671436,35.31485748291016,4084100.0
2021-01-26,35.57359317646765,35.636049678420605,34.80626654833237,34.89549255371094,3741300.0
2021-01-27,34.41369153708795,34.565374084976426,33.10209783813314,33.5482177734375,5772000.0
2021-01-28,33.95864640303871,34.734894039215334,33.84265428152396,34.3333854675293,5048200.0
2021-01-29,34.00326285566512,34.00326285566512,32.83442737091319,33.405460357666016,5291000.0
2021-02-01,33.66421079633656,33.82481424956637,32.89688394282192,33.38761520385742,3649500.0
2021-02-02,33.985417733243736,34.78843500011222,33.77127866087044,34.413692474365234,4878200.0
2021-02-03,34.37800403477644,35.10964051830339,34.33339271819558,34.75274658203125,4680700.0
2021-02-04,34.96687235439183,36.8941099557346,34.752736734033924,36.88518905639648,5088100.0
2021-02-05,37.31346204869707,37.41160895519249,36.74242921485915,37.18854904174805,3968200.0
2021-02-08,37.16178948384134,37.75958852337882,37.00118604559624,37.73282241821289,3899600.0
2021-02-09,37.58113856062296,37.92911153005818,37.25101079521322,37.59898376464844,3464700.0
2021-02-10,37.78636147802239,38.16110403639823,37.43838843328972,37.85774230957031,3705300.0
2021-02-11,37.76851413558539,37.94695938103817,36.84058388328147,37.1171760559082,3445600.0
2021-02-12,36.992264361339934,37.64359906096314,36.7513591869108,36.9387321472168,4154900.0
2021-02-16,37.24209574007225,38.03618872390154,37.03687756338306,37.60791397094727,4937300.0
2021-02-17,36.831657212708286,38.68751759809265,36.73351029183944,38.607215881347656,4872000.0
2021-02-18,37.88449858180122,38.36630885875783,37.01902834759157,37.57221603393555,4032600.0
2021-02-19,37.92019632162143,38.2057128216354,37.54545719171254,37.9915771484375,3664200.0
2021-02-22,37.92019216213761,39.57083445951016,37.88450175264448,39.347774505615234,6263200.0
2021-02-23,39.91880376172112,39.91880376172112,39.11578670877137,39.58867263793945,5021600.0
2021-02-24,39.71359196064019,41.00734035006971,39.66898065140981,40.534454345703125,4552800.0
2021-02-25,41.01626047086292,41.159018688015145,39.15147934477321,39.21393585205078,5388400.0
2021-02-26,40.150786864838814,40.373846791865695,38.92841941774632,39.21393585205078,6181100.0
2021-03-01,40.06157282977168,42.82751515544407,39.93665638485655,40.427391052246094,7864700.0
2021-03-02,40.382767194131766,41.29285209363078,40.34708019300139,41.0073356628418,4611100.0
2021-03-03,41.08763786172477,42.541989538392,41.08763786172477,41.94418716430664,5633200.0
2021-03-04,42.09588140015757,42.45277874403981,40.13295281605589,41.28394317626953,4876400.0
2021-03-05,41.88173116536439,42.17617190623918,40.953804444784126,41.90850067138672,5327800.0
2021-03-08,42.47953802547317,43.02380485577766,42.06018422436156,42.149410247802734,5921200.0
2021-03-09,41.55161061090572,42.149413095665984,40.87350980506012,41.596221923828125,5638400.0
2021-03-10,41.90850736766558,42.83643423651304,41.66760219671842,42.69367599487305,3822600.0
2021-03-11,42.52414703982285,43.16656075942117,42.38138881364818,42.83642959594727,4514600.0
2021-03-12,43.5769977314839,43.64837515503916,43.08626645730647,43.22010040283203,3069500.0
2021-03-15,43.1751831150629,43.47158189963843,42.68118856702901,43.41769027709961,2994000.0
2021-03-16,43.05843052062377,43.12130238300164,42.1063689324678,42.51054763793945,4247300.0
2021-03-17,42.77998601905435,43.13925320587496,42.34886333911452,42.81591033935547,5361400.0
2021-03-18,43.18417241540775,44.0104901782314,42.87879336691661,42.950645446777344,5577600.0
2021-03-19,42.65425284697466,42.77101291268796,41.81895137797686,42.06145858764648,7285700.0
2021-03-22,41.818947490779706,41.899783219822325,41.15429778240053,41.52254867553711,4907000.0
2021-03-23,41.06448341322855,41.48662252451205,40.23816221487476,40.39983367919922,3497800.0
2021-03-24,40.95670011287002,41.45069815685663,40.3728895378318,40.408817291259766,3813500.0
2021-03-25,40.47168834853801,41.85487256564703,40.00463784196206,41.76505661010742,4707200.0
2021-03-26,42.25007803692475,42.483601616015946,41.50459246187504,42.0524787902832,3801800.0
2021-03-29,41.43273161340025,42.2680329824124,41.25309628408149,41.836910247802734,4409400.0
2021-03-30,42.18720046316642,42.72610306583835,41.85487387946818,42.51952362060547,3525300.0
2021-03-31,42.15126723159023,42.55544584419911,41.48661757682687,41.504581451416016,4318700.0
2021-04-01,41.30698913544976,41.70218413066088,41.20818953008222,41.65727615356445,3547700.0
2021-04-05,42.16923647776886,42.35785204559293,41.76505781367501,41.98960113525391,3437700.0
2021-04-06,41.94469545591997,42.25007452706087,41.53153654386446,41.90876770019531,3753100.0
2021-04-07,41.926728618726365,42.30395974843096,41.73811305387407,42.2859992980957,2719700.0
2021-04-08,41.76506045499912,41.80996843690316,41.127358203687415,41.36986541748047,3474900.0
2021-04-09,41.72014591798515,41.899781243636205,41.351895042216974,41.8548698425293,3141600.0
2021-04-12,41.94469403770505,42.420724793053694,41.86385830318742,42.357852935791016,3095300.0
2021-04-13,41.96265080203216,42.29497390926969,41.540508323744845,41.93570327758789,2958100.0
2021-04-14,41.85487024835061,42.94166243726045,41.85487024835061,42.65424728393555,3391100.0
2021-04-15,42.64526956125405,42.64526956125405,41.70218824416756,41.90876770019531,4451900.0
2021-04-16,42.31293872855997,42.833877387249466,42.08839543530823,42.303955078125,4369100.0
2021-04-19,42.33987709577044,42.46562077476801,41.66624730720491,41.97162628173828,2809200.0
2021-04-20,41.73811054897661,41.89978200236424,40.62437425077944,40.89382553100586,4262000.0
2021-04-21,40.768084502255576,42.03450868600593,40.58844916157103,41.99858093261719,3682500.0
2021-04-22,41.92672900937996,42.3937795264082,41.57644197817356,41.729129791259766,4388500.0
2021-04-23,41.8728377563918,42.70813918891473,41.63033055731168,42.51952362060547,3242100.0
2021-04-26,42.81591398549422,43.606307345821854,42.6183182151064,42.69017028808594,3203500.0
2021-04-27,42.555449683606376,43.579366643755485,42.555449683606376,43.507511138916016,3580400.0
2021-04-28,43.53445697860918,43.76798050776608,43.139258569831306,43.30093002319336,2703400.0
2021-04-29,43.78594469530631,44.38771911112981,43.62427324079216,43.95659637451172,3800600.0
2021-04-30,43.70511031162181,44.09132508413866,43.39075104387974,43.51649475097656,3201200.0
2021-05-03,43.99252137131508,44.42364408093953,43.69612600743647,44.05539321899414,2585600.0
2021-05-04,43.92066706668171,44.27993425997506,43.46259685544009,43.47158050537109,6640800.0
2021-05-05,43.525479231248696,44.082349168919,43.175192176873125,43.89373016357422,8786400.0
2021-05-06,44.010490683987335,45.223023240491486,43.71409185722548,45.06135177612305,5557800.0
2021-05-07,45.06135604337437,46.2559282625257,44.63023323965148,45.97749328613281,5582200.0
2021-05-10,46.09424944574826,47.33372945056825,46.07628557017012,46.63315200805664,6870100.0
2021-05-11,46.45352177947448,46.57926548679565,44.8368071817478,45.24996948242188,4646600.0
2021-05-12,45.815812432117255,45.84275995738961,44.83680352827134,44.98051452636719,5970600.0
2021-05-13,44.64819448450222,46.04036243183026,44.64819448450222,45.67211151123047,5064400.0
2021-05-14,45.80683138024269,46.61518859863281,45.67210403509144,46.61518859863281,4844800.0
2021-05-17,46.48046188165399,46.61518922862606,45.86072362335176,46.318790435791016,3247900.0
2021-05-18,46.184071189168456,46.44454227832784,45.87869554482079,45.9056396484375,3856100.0
2021-05-19,45.33080890205533,45.59127656288205,44.504487659707,45.510440826416016,4145500.0
2021-05-20,45.53738437963634,45.73498016443039,44.93560652154698,45.38469314575195,3123500.0
2021-05-21,45.58229168285243,46.42657329042148,45.58229168285243,46.08526992797852,4198800.0
2021-05-24,46.25591842400948,46.696024786471376,46.07628310410138,46.59722518920898,2600700.0
2021-05-25,46.69602945621929,47.19002406567349,45.528401473179606,45.627201080322266,3569600.0
2021-05-26,46.04934419929482,46.2738875179419,45.55534958352306,46.13916015625,2516500.0
2021-05-27,46.72297784212508,47.42355195518304,46.54334248778064,47.342716217041016,6287700.0
2021-05-28,47.44151640736676,47.54031602476481,46.65112289444176,47.45948028564453,3116300.0
2021-06-01,47.89958361717836,48.34867026608679,47.7109646206798,48.0971794128418,5278200.0
2021-06-02,48.47440420848794,48.57320379953402,47.621139062304586,47.639102935791016,4146700.0
2021-06-03,47.55827722799905,48.21394333009072,47.36966165608074,48.08819961547852,4030000.0
2021-06-04,48.0432906264832,48.0432906264832,47.45049639414689,47.98041534423828,2851700.0
2021-06-07,48.01634078883563,48.07921264179775,47.48641843796987,47.666053771972656,2460700.0
2021-06-08,47.30678657519751,47.944492229013285,46.96548318443331,47.80976486206055,2227500.0
2021-06-09,47.42354706951435,47.49540257435319,46.83075285963013,46.84871673583984,2946900.0
2021-06-10,47.52234262929385,47.69299429936755,46.27388246221992,46.318790435791016,2213500.0
2021-06-11,46.55232118584923,46.83973635170989,46.43555770401239,46.72297286987305,3521800.0
2021-06-14,46.59645232733596,46.8946822813266,45.95479958563181,46.18073272705078,3130900.0
2021-06-15,46.22591248684002,46.912747576836345,46.08131544434261,46.56932830810547,3705300.0
2021-06-16,46.41570848278422,46.9760217487502,45.95480291036295,46.70490264892578,4259200.0
2021-06-17,46.87660045078593,46.921786383054965,44.020806093315336,44.07503128051758,5797500.0
2021-06-18,43.24360304267525,43.45146457209826,42.32179883485527,42.33987045288086,10722200.0
2021-06-21,42.71040207409106,43.162268383771305,42.68329119869948,43.15323257446289,7422800.0
2021-06-22,43.13515290384326,43.23456403295572,42.4935036399832,42.97248077392578,3181400.0
2021-06-23,42.981529445751455,43.43339580618736,42.87307903707078,43.135162353515625,2896400.0
2021-06-24,43.19841661861388,43.77680491800649,42.99055853898629,43.568946838378906,2818000.0
2021-06-25,43.803915977854665,44.490751170372285,43.65027965806915,44.300968170166016,3276300.0
2021-06-28,44.12925970728679,44.24674245031768,43.00862988843366,43.34300994873047,2961600.0
2021-06-29,43.69547258747593,44.02081689559439,42.638107033557446,42.83692932128906,2742500.0
2021-06-30,42.64713567385109,43.14419130962032,42.64713567385109,43.01766586303711,2586800.0
2021-07-01,43.40627542039589,43.88525603986554,43.171306462658265,43.623172760009766,2888400.0
2021-07-02,43.67739821079091,43.73161996041002,43.2074568451164,43.42435073852539,1995000.0
2021-07-06,42.94536698310046,43.09899984676806,41.86088733983447,42.12297058105469,3598600.0
2021-07-07,41.7524535177746,42.52062497220862,41.58978134784109,42.2856559753418,4108200.0
2021-07-08,41.4542190337229,41.57170525298943,40.306478061955225,40.54145050048828,5412000.0
2021-07-09,41.45422312062854,42.54774244320979,41.146953826653714,42.35795593261719,5044800.0
2021-07-12,41.88800117261514,43.135153022937125,41.5445852951443,42.8730697631836,3450700.0
2021-07-13,42.83691729784949,42.9724750898729,42.18622886424741,42.23141479492188,2983400.0
2021-07-14,42.37601375471212,42.791729851630464,41.58976749358991,41.94222259521485,2792200.0
2021-07-15,42.92729371074104,43.55990714965567,42.49350252483367,43.442420959472656,7698900.0
2021-07-16,43.55991494095781,43.60510088450545,42.1500907489926,42.38506317138672,4384800.0
2021-07-19,41.11982538824075,41.372869364364,40.25224308656192,40.60469818115234,5465300.0
2021-07-20,40.64085812909359,42.954411492791,40.55048279615762,42.683292388916016,5131200.0
2021-07-21,43.06286226442924,44.255789089760654,43.06286226442924,43.64125061035156,3970900.0
2021-07-22,43.46952685061493,43.46952685061493,42.692319886247766,42.98151397705078,2815300.0
2021-07-23,43.35205188147688,43.69546777111177,42.59291639536557,42.75558853149414,3029600.0
2021-07-26,42.72846784152868,43.3881920963955,42.638095978246064,43.11707305908203,3026800.0
2021-07-27,42.54772997110081,43.20745431677003,42.27660744900528,42.85499572753906,2347700.0
2021-07-28,42.99055380348717,43.15322592570595,41.7343662077156,42.43024063110352,2956000.0
2021-07-29,42.99056149994709,43.3701310022326,42.48446997938856,43.261680603027344,3492500.0
2021-07-30,42.92729786977952,43.63220818424145,42.601953586961336,42.7917366027832,4695600.0
2021-08-02,43.26167692092423,44.1382986121566,42.72847456967972,42.80981063842773,2779100.0
2021-08-03,43.11708123454219,43.19841730590498,41.96934042640784,43.14419555664063,2346500.0
2021-08-04,42.51158438202066,43.053822589190055,42.26757615455449,42.55677032470703,3592100.0
2021-08-05,43.01766637655973,44.05696014879985,43.01766637655973,43.975624084472656,4686400.0
2021-08-06,45.412556414654816,46.43377506648374,45.186623298164,46.045169830322266,4807600.0
2021-08-09,45.79212725314749,47.12965447842623,45.539083239024215,46.8585319519043,4388700.0
2021-08-10,46.86757260228226,48.2683574252951,46.86757260228226,48.02434921264648,7491300.0
2021-08-11,48.28643185164248,48.91000608851334,47.69900429776737,48.87385940551758,5623200.0
2021-08-12,49.02749150242217,49.32572490275061,48.46717827911358,48.69311141967773,3647700.0
2021-08-13,48.964227540104034,49.64202692083918,48.70214428549462,49.35283279418945,4675500.0
2021-08-16,49.01845273165058,49.55165504906086,48.55754722216976,49.35283279418945,4648600.0
2021-08-17,49.02748997644295,49.66913924828197,48.62984890251441,48.81059265136719,4490900.0
2021-08-18,48.57561995396109,49.61491366684609,48.3767977086349,48.58465576171875,5002900.0
2021-08-19,47.84360019766391,48.71118607012201,47.48210924431696,47.86167526245117,7291400.0
2021-08-20,47.9339790517867,48.64792864986626,47.64478488882447,48.41295623779297,4040800.0
2021-08-23,48.86481567104602,49.48838985077062,48.80155467226813,48.94615173339844,3738400.0
2021-08-24,48.94615252802456,49.425129654394894,48.70214433700591,49.12689971923828,3797600.0
2021-08-25,49.28958503164259,50.157167644589386,49.00039082732699,49.64204025268555,4019300.0
2021-08-26,49.77759513163748,49.82278107384069,48.792526422755344,48.819637298583984,3308100.0
2021-08-27,49.10882581094378,49.80470027263832,48.93711787135656,49.71432495117188,3485500.0
2021-08-30,49.75048080834243,49.75048080834243,48.80156223220942,48.819637298583984,3711400.0
2021-08-31,48.66599122849976,49.54261281134082,48.66599122849976,49.30764389038086,5703900.0
2021-09-01,49.425129420326805,49.54261561117922,48.991338231947765,49.325721740722656,4014300.0
2021-09-02,49.49743462121866,50.0577478645946,49.3889876751544,49.91315078735352,5228000.0
2021-09-03,49.84084367524295,50.08484839160907,49.33475228572555,49.795654296875,4556800.0
2021-09-07,49.89507513860504,50.4102024357224,49.38898709790936,49.40705871582031,4783000.0
2021-09-08,49.25343004331884,49.71433218371968,49.07268282155648,49.53358840942383,3349300.0
2021-09-09,49.52453624049508,50.41923285885236,49.343789065856015,49.42512512207031,4669900.0
2021-09-10,49.85892017047759,50.04870661479137,49.163049182035294,49.199195861816406,3221700.0
2021-09-13,49.804707781532656,50.0035300712686,49.35284144847206,49.813743591308594,4962000.0
2021-09-14,50.01255525757556,50.05774119179009,49.04556178602815,49.19015884399414,5109600.0
2021-09-15,49.2719830281249,49.78106402101096,48.97198589915632,49.49925231933594,4194300.0
2021-09-16,49.517436029291694,50.05379171422491,49.135621803275264,49.40834426879883,3423200.0
2021-09-17,49.17197897760144,50.03560288982524,48.717440441468256,48.91743850708008,7278400.0
2021-09-20,47.481090256195294,48.462895059308416,47.27200296690716,48.390167236328125,7959300.0
2021-09-21,48.82652980421489,48.93562155216596,48.09017957874165,48.14472198486328,5580500.0
2021-09-22,48.93562602917185,49.21743773419298,48.5992649773307,48.82653427124024,4876600.0
2021-09-23,49.062893559110655,50.0265130924423,49.062893559110655,49.56288528442383,4444700.0
2021-09-24,49.65379213739304,50.19014778569987,49.38106969049301,49.82651901245117,5669300.0
2021-09-27,50.3356050983227,52.008307335060216,50.3356050983227,51.84467315673828,5232800.0
2021-09-28,51.890125185403946,52.3082998404978,50.790139202599214,50.89923095703125,5511600.0
2021-09-29,51.108317253568096,51.32649382232268,50.708321097761285,50.76286697387695,3289600.0
2021-09-30,50.89013270699451,51.017402938798135,49.890149341805696,49.89923858642578,4202000.0
2021-10-01,50.135602830070745,50.80831793372565,49.82651648119166,50.43559646606445,5871800.0
2021-10-04,50.3446858607384,51.54466723832015,50.29923270374055,50.74467849731445,5557000.0
2021-10-05,51.16285659716704,52.49011176031316,50.58104782486652,52.22647857666016,4845500.0
2021-10-06,51.75375974013366,52.22648024973488,50.97195287686447,52.10829925537109,3484300.0
2021-10-07,52.39010994129287,52.82646649731321,51.96284262967031,51.99920654296875,3749900.0
2021-10-08,51.91739442734444,52.7173832569986,51.91739442734444,52.37193298339844,2217200.0
2021-10-11,52.49919842923298,53.508274486365735,52.34465699885954,52.62646865844727,3104700.0
2021-10-12,52.54465521476378,53.11737475362188,52.06284546580199,52.18102645874024,2678600.0
2021-10-13,52.01739392391208,52.071936331693685,50.43559820901916,51.09922409057617,4125000.0
2021-10-14,51.85375772005194,52.52647282042663,51.33558405943629,52.51738357543945,4857000.0
2021-10-15,53.0082851072045,53.47191288623608,52.79919779761348,52.98101043701172,3931900.0
2021-10-18,52.93555498704781,53.18100620104121,52.3719282000187,52.62646865844727,3299000.0
2021-10-19,53.21737842955133,53.79918726421038,53.02647305590149,53.30828475952149,3217200.0
2021-10-20,53.053736257581285,54.32644202443273,52.8446489559097,54.19008255004883,3205000.0
2021-10-21,53.96281989044143,54.49917554478893,53.55373448155704,53.87191009521485,2794600.0
2021-10-22,54.217357199235686,54.69007770310666,53.92645280729261,54.55371475219727,3734100.0
2021-10-25,54.54462594603086,54.86280154357447,53.81736496032124,54.21735763549805,3157100.0
2021-10-26,54.29008430463525,54.54462477721569,53.79008913656103,53.844635009765625,2497400.0
2021-10-27,53.66281221620064,54.56279993878076,53.1173674235089,53.22645568847656,3984800.0
2021-10-28,53.47190766087374,54.49916561878671,53.47190766087374,54.453712463378906,2668200.0
2021-10-29,54.544629149645296,55.38097846536988,53.69009787472834,53.71736907958984,4668700.0
2021-11-01,54.28098962514098,54.88098033723744,54.19917255222539,54.71734619140625,2732100.0
2021-11-02,54.54462543940091,54.88098299194479,54.3628093276988,54.52644348144531,3318100.0
2021-11-03,54.271915828925245,56.18097678322798,54.24464115162055,55.52644348144531,4537700.0
2021-11-04,55.180985093928726,55.29916609741631,54.226454755862406,54.899169921875,4685900.0
2021-11-05,56.36278522076525,56.85368773077951,53.37192046305576,53.59918975830078,6787500.0
2021-11-08,53.69009572021792,54.42644596476276,53.27191761128242,53.78100204467773,5118300.0
2021-11-09,53.45373757677032,54.11736350309973,52.97192778030543,53.41737365722656,3097700.0
2021-11-10,53.308291225540096,53.9900991865786,52.99011556419731,53.5082893371582,3645500.0
2021-11-11,53.46283616665989,53.89919284558198,53.4264722431194,53.5082893371582,3113300.0
2021-11-12,53.40827994111434,53.690095092209766,52.81737843547532,52.91737747192383,3538100.0
2021-11-15,53.08101484347844,53.2628309691381,52.60829430390496,52.808292388916016,3819900.0
2021-11-16,53.135559062475856,53.34464638670716,51.96284872983352,51.99011993408203,3772300.0
2021-11-17,51.79920952556804,52.108295859090575,51.44467003343855,51.77193832397461,4567200.0
2021-11-18,51.79921333340796,52.0446645693535,50.726502065729214,51.01740646362305,4568000.0
2021-11-19,50.18105803877896,50.64468584709088,49.73560872127189,49.95378875732422,4864300.0
2021-11-22,50.45378186644017,52.52647666042926,50.27196574272001,51.76285171508789,6027000.0
2021-11-23,52.31737976295205,53.94462839744672,52.29919780712014,53.54463577270508,7055100.0
2021-11-24,53.32645838697948,53.7628149447943,52.471927228073824,52.62646865844727,5072800.0
2021-11-26,50.281058350396826,51.39013011383265,48.9538030775311,50.95377349853516,4009600.0
2021-11-29,51.59921613563001,51.69012592892432,49.93560679866536,49.95378875732422,4800300.0
2021-11-30,49.38106905331856,49.38106905331856,47.59927872418482,47.81745529174805,10816400.0
2021-12-01,48.81744761529023,49.281075473607046,46.9902004533168,47.01747512817383,5845600.0
2021-12-02,47.4538282220273,49.31743569767746,47.4538282220273,49.053802490234375,6570900.0
2021-12-03,49.00834428337853,49.26288475107555,48.23563016766753,48.47198867797852,5056200.0
2021-12-06,49.2719873805074,50.444697859031365,49.17198832868457,49.7901611328125,6051100.0
2021-12-07,50.1356022904486,50.86286326002644,49.90833302071466,50.17196273803711,4852800.0
2021-12-08,50.33559836601943,50.590142313727846,49.80833544805604,49.97196960449219,4018600.0
2021-12-09,49.68106680958088,50.32651074307692,49.51743264787005,49.82651901245117,3716400.0
2021-12-10,50.08105293836111,50.181051964954136,49.20833983549148,49.44469833374024,4023500.0
2021-12-13,49.34470244176,49.37197711210665,48.4083541657323,48.94470977783203,4304600.0
2021-12-14,48.86288373876065,50.08104693254342,48.77197743522517,49.69014358520508,5066200.0
2021-12-15,49.90961851484297,49.90961851484297,48.88545384019688,49.70844268798828,4523900.0
2021-12-16,50.22967525070028,51.0435179608222,49.94620049699248,50.54972457885742,6340200.0
2021-12-17,50.36683810528782,50.412558936709374,48.9677569435126,49.47983932495117,11164300.0
2021-12-20,48.656847227192046,48.66599348584428,47.41322115943528,48.38251876831055,4458400.0
2021-12-21,49.02262191102028,50.84233673602767,49.00433288158859,50.42169952392578,6431000.0
2021-12-22,50.29367647157277,50.86062239326247,50.20223481875283,50.54057312011719,4694000.0
2021-12-23,50.85148704659719,51.89393738933366,50.84234078701475,51.729339599609375,3980700.0
2021-12-27,51.811632554877406,52.159117125379865,51.44585895558265,52.031097412109375,2079300.0
2021-12-28,51.93050060293248,52.67118695663573,51.756756603303344,51.82076644897461,2449500.0
2021-12-29,51.7933441158382,52.25055937602501,51.72019148811162,51.921363830566406,1977500.0
2021-12-30,52.031101080258296,52.43344927722728,51.85735703862047,51.88479232788086,2144300.0
2021-12-31,51.84820954099006,52.33285658500588,51.80248871409196,51.9945182800293,2075300.0
2022-01-03,52.28713456199067,53.11012338043193,52.24141373613847,52.47916412353516,3376300.0
2022-01-04,53.26557033344851,54.39031929700385,53.06439453096255,53.951393127441406,5281300.0
2022-01-05,54.0702793821016,54.59150451638418,53.174137861961775,53.21071243286133,4639400.0
2022-01-06,54.17086546035239,54.42690488932944,52.844940510638,54.12514114379883,6331600.0
2022-01-07,54.50005726963243,55.75282958607292,54.23487507151326,55.542510986328125,5318900.0
2022-01-10,55.88999238219367,56.29234404332096,54.71037966297889,56.15517807006836,7913200.0
2022-01-11,56.26491013507066,56.484375,55.65224334628058,56.484375,6091500.0
2022-01-12,56.21918685134485,56.79527904439351,55.33218814804658,56.11859893798828,6150500.0
2022-01-13,56.50265685858437,56.92329401734982,56.2831920215077,56.575809478759766,3476900.0
2022-01-14,55.725389964501936,56.8592852491486,55.62480554588013,56.61238861083984,4465100.0
2022-01-18,56.694688175127794,56.85928593598858,55.54250733737764,55.68881607055664,4265200.0
2022-01-19,55.94485147831556,56.32891056732511,53.71364258492528,53.805084228515625,6354800.0
2022-01-20,53.97882474664731,55.633945006523255,53.57647663126467,53.805084228515625,5861700.0
2022-01-21,53.67707241702544,53.83252393161895,52.17740691689115,52.415157318115234,6608800.0
2022-01-24,51.81163105452236,52.735204307997314,49.73587343842663,52.54317474365234,7420100.0
2022-01-25,51.87564333140447,53.77766050022406,50.60458545814312,53.229000091552734,6163500.0
2022-01-26,53.8233842918396,54.40861930268553,51.921367018314506,52.69863510131836,6090700.0
2022-01-27,53.29301212146839,54.17086811346751,51.40014113419426,51.59217071533203,5398600.0
2022-01-28,51.20810794629045,52.15911650247912,50.81490255264082,52.0859603881836,5248600.0
2022-01-31,51.66531920329832,52.86322432025124,51.06179526010055,52.80835723876953,4187800.0
2022-02-01,52.88152051824095,54.19829925788224,52.57975676158472,54.0519905090332,3674700.0
2022-02-02,53.78680077469348,55.16759275857947,53.75022271815765,55.09443664550781,4796500.0
2022-02-03,55.13101884192835,55.58823411813288,54.27145189016737,54.39947509765625,3381600.0
2022-02-04,54.2623027205092,56.338060248283576,54.2623027205092,55.771114349365234,4165800.0
2022-02-07,55.88999616982258,57.06961245725479,55.88999616982258,56.50266647338867,3968100.0
2022-02-08,57.15191389808577,57.70971713585525,56.89587444007066,57.33480072021485,5242000.0
2022-02-09,57.47195494110613,58.10291421214067,57.01473969578858,57.06960678100586,4460100.0
2022-02-10,56.28319237617424,58.06633241572965,56.26490334894633,56.8958625793457,4926500.0
2022-02-11,56.8958677292135,57.54511255733121,54.957272526888666,55.542510986328125,7241100.0
2022-02-14,55.53336404988589,55.85341681902391,53.52161624485957,53.94225692749024,7294400.0
2022-02-15,54.62807909992972,55.53336333312815,54.18914939430416,55.21331405639648,4189300.0
2022-02-16,54.67380264134704,55.67053206615211,54.67380264134704,55.17673873901367,3416800.0
2022-02-17,54.82011065266618,56.54838378620131,54.46348330616219,56.12774658203125,6154900.0
2022-02-18,55.21331605495554,56.91415738892468,55.21331605495554,56.44779586791992,5488200.0
2022-02-22,56.69468961453788,57.49938941159038,55.9631459300699,56.33806228637695,5749500.0
2022-02-23,56.81356578026516,57.462810573378746,55.93570988257348,56.274051666259766,5102400.0
2022-02-24,54.27144827807452,55.40534362243548,53.20156627733538,55.21331405639648,6276600.0
2022-02-25,55.5882290782066,57.76457108406282,55.44192034261731,57.75542831420898,8694700.0
2022-02-28,56.00886429663345,56.91415196459567,55.50592825366567,55.99972152709961,7596600.0
2022-03-01,55.37790960762693,55.47849402752027,52.35114354595916,52.93637847900391,6478100.0
2022-03-02,53.72277966061444,56.07286523223807,53.72277966061444,55.81682586669922,6545000.0
2022-03-03,55.59737671533348,56.2283360270234,54.71952422494615,55.24074935913086,4260700.0
2022-03-04,53.96054772184016,54.03370384360344,51.87564708744899,52.56147003173828,7364100.0
2022-03-07,51.81163103819243,52.21397919501825,49.98277007180615,49.99191284179688,7982000.0
2022-03-08,50.71430969238281,52.5065924584776,50.20223089537012,50.71430969238281,7034500.0
2022-03-09,53.0278247106592,54.22572639884445,52.91809054224457,53.293006896972656,5984800.0
2022-03-10,52.39686551981279,53.37530584900015,51.53730212909247,52.104248046875,5247400.0
2022-03-11,52.83579034107868,53.46674958474754,52.03109405577906,52.122535705566406,3423600.0
2022-03-14,53.11013401604816,53.96969757433858,52.24142419779047,52.588905334472656,3734300.0
2022-03-15,53.09182898704529,53.869093412809605,52.35113912530131,53.53989791870117,3901300.0
2022-03-16,54.33063801091308,55.49834718279112,53.94446478907817,54.96506118774414,4346600.0
2022-03-17,54.33063975562308,56.04082799128555,54.23869558470489,56.03163146972656,4991100.0
2022-03-18,55.79257558570891,56.18794184160445,54.91909191553398,56.114383697509766,6258900.0
2022-03-21,56.583308615495895,57.05222951233353,56.05002258826349,56.7672004699707,6074000.0
2022-03-22,57.36484578100216,58.63369574452986,57.32806670786908,57.63148880004883,4486500.0
2022-03-23,57.328063590706826,57.82457052866995,56.84075317424965,56.86833572387695,3071200.0
2022-03-24,57.23612177376175,58.20154963231202,56.98786829457247,58.07282638549805,3185800.0
2022-03-25,58.155573054702685,59.33247522892134,58.08201491509145,59.28650665283203,3712200.0
2022-03-28,58.799189936153454,58.99227828968153,58.22912841119361,58.59690856933594,3486500.0
2022-03-29,59.37844925725975,59.67267479307139,57.44759023262021,57.9716796875,4393200.0
2022-03-30,57.94410586539581,58.90953376937683,57.94410586539581,58.376251220703125,4424500.0
2022-03-31,58.14637869000019,58.955500669698935,57.7142333984375,57.7142333984375,4589800.0
2022-04-01,58.21993144356024,58.964688274862525,57.971677997311154,58.652076721191406,3802800.0
2022-04-04,58.330262149054775,58.53254350394943,57.208528699276165,57.50275421142578,2960800.0
2022-04-05,57.31886892405933,58.34865833398323,57.31886892405933,57.42000961303711,2906300.0
2022-04-06,57.291282233179615,57.96248442997945,56.70282767689347,56.8315544128418,3528000.0
2022-04-07,56.59249716055442,56.97867037519856,55.79257169032422,56.69363784790039,3506800.0
2022-04-08,57.28208899259328,58.35785397765377,56.99705997242773,58.0544319152832,3140900.0
2022-04-11,58.05442843509116,59.111803822005214,57.438394841067165,57.53953552246094,3398200.0
2022-04-12,57.76940376383895,58.4957711068295,57.15336661617663,57.42000961303711,3518300.0
2022-04-13,57.199336823067256,57.97167973202729,56.82236013580373,57.907318115234375,3386400.0
2022-04-14,57.8521521563976,58.7716078754054,57.74181845220132,57.95329284667969,4399900.0
2022-04-18,57.65906135222407,58.94630062909159,57.65906135222407,58.75321578979492,2088700.0
2022-04-19,58.973878772996976,59.42441003105675,58.10039529371762,58.48656845092773,5089100.0
2022-04-20,58.79918521745535,59.91172913822387,58.789988697458966,59.22213745117188,3432500.0
2022-04-21,59.81059130684032,60.43582141342517,57.96248353349706,58.04523468017578,4244300.0
2022-04-22,57.92570719117788,57.92570719117788,55.47995525007039,55.5718994140625,4865200.0
2022-04-25,55.17653409160855,55.17653409160855,53.23648554328475,54.87311553955078,6587500.0
2022-04-26,54.10077763858547,54.82714853855808,52.97904047697944,53.01581954956055,4261100.0
2022-04-27,53.208899539810105,54.69842027573683,52.83192284903867,54.35821914672852,4989600.0
2022-04-28,54.95586717804371,55.58109732972619,53.7789650136744,55.20412063598633,4623700.0
2022-04-29,54.9282854425603,55.28687260685821,53.63185303685893,53.7973518371582,5789500.0
2022-05-02,54.220299847533305,54.66163813086363,53.02500471763816,54.30305099487305,4276900.0
2022-05-03,54.76278121519931,55.43398343643719,53.63185115688522,54.73519515991211,8013100.0
2022-05-04,55.24090457482683,58.89114511928451,54.98345457309365,58.790000915527344,7814600.0
2022-05-05,57.86134899164612,58.58771985538959,56.49135841961659,57.1165885925293,6021000.0
2022-05-06,57.10740157414882,57.48437832026724,56.26150039539189,57.217735290527344,5885500.0
2022-05-09,56.64766533806503,57.30967455392821,54.48694237293163,54.80875396728516,6605600.0
2022-05-10,55.378815063904966,56.50055211342426,52.97903518318323,53.962852478027344,6476600.0
2022-05-11,53.99963118388288,55.87532159614037,53.797349813704606,53.88929748535156,4809500.0
2022-05-12,53.70540237426758,54.28466039425962,52.62964098744148,53.70540237426758,4914400.0
2022-05-13,54.26627534499846,54.75358573921677,53.52151497204162,53.84332656860352,6119400.0
2022-05-16,53.94446029318386,54.40418810958711,53.20889648842764,53.91687774658203,4838900.0
2022-05-17,55.07540257270057,55.627074637198746,54.70761885807149,55.4247932434082,3910900.0
2022-05-18,54.91908515624643,55.29606182972106,53.401985449190185,53.60426330566406,5678800.0
2022-05-19,52.8687008577732,54.109964605368994,52.82272877590761,53.23648452758789,4576300.0
2022-05-20,53.45715406964353,53.815741233014144,49.49430223014807,51.1401252746582,8977100.0
2022-05-23,52.00441450220582,52.9146736608642,51.56307619687978,52.34461212158203,7948900.0
2022-05-24,52.12394117609476,52.2342783829273,50.29422633918511,51.958438873291016,5889400.0
2022-05-25,51.78374837345635,52.98823668757149,51.64582860581009,52.10555648803711,5805900.0
2022-05-26,52.94226866573339,53.47555122619045,52.51931631595184,53.08018493652344,6122600.0
2022-05-27,53.19050745242147,54.24788284301758,52.98822959637446,54.24788284301758,3891100.0
2022-05-31,53.92608032261529,54.94667324338252,53.48473848275695,53.95366287231445,5639200.0
2022-06-01,54.192720102374544,54.41339102345185,52.49172838480038,53.18132019042969,6103000.0
2022-06-02,53.254873466896015,53.51232345282429,52.51011658058567,53.48473739624024,3987500.0
2022-06-03,53.10775516041039,53.54909694533043,52.4917215775111,52.67561340332031,4809200.0
2022-06-06,53.15373523168866,54.588083877628726,52.776758535326834,54.23869323730469,4094300.0
2022-06-07,53.852508464923815,54.900687175883846,53.383587702236994,54.62485122680664,4555900.0
2022-06-08,54.22030854706887,54.45017249239991,52.90548649917967,53.0893783569336,3908000.0
2022-06-09,53.08937286028912,53.08937286028912,51.36998820186986,51.37918472290039,6573800.0
2022-06-10,49.91725458747975,50.31262084911513,49.108132527918336,49.12652206420898,7237800.0
2022-06-13,48.23465070598046,48.76793675664744,47.085330949314255,47.47150421142578,6091700.0
2022-06-14,47.87606547445957,48.73115968922464,47.45311662837779,47.83009338378906,5894300.0
2022-06-15,48.5887049647473,48.94951161202253,47.21948827626854,48.15388488769531,6844700.0
2022-06-16,47.062209805574696,47.13622323268263,45.40619995931079,46.22957992553711,7600300.0
2022-06-17,46.34984371726039,47.830080409728495,46.24808055472039,47.6080436706543,17311400.0
2022-06-21,49.02353000066704,49.14379654248769,47.82083634922098,48.24640655517578,4745100.0
2022-06-22,47.26574515308582,48.412928616557416,47.20098516626895,47.53403854370117,5491100.0
2022-06-23,47.3675125586956,47.64505586762754,45.68374581813317,45.88727569580078,6695000.0
2022-06-24,46.37760895179384,48.958765779281634,46.27584224158748,48.81999588012695,7883300.0
2022-06-27,48.68121851005412,49.11603858967174,47.64505519114779,48.03361511230469,4527500.0
2022-06-28,48.745984724168615,49.41209156456596,47.89485134290983,47.93185806274414,3495500.0
2022-06-29,48.25566361278881,48.33892697745687,46.93270322370492,46.99746322631836,4804700.0
2022-06-30,46.27584001014744,47.64505675154772,45.75775656914948,47.30275344848633,4068700.0
2022-07-01,47.27500363903517,48.25566059160032,46.94195373036997,48.12614059448242,3363500.0
2022-07-05,46.91418998544918,47.30275344848633,45.93353670708605,47.30275344848633,4265900.0
2022-07-06,46.89569277132558,47.49703963824872,46.46087614965463,47.16398620605469,3714700.0
2022-07-07,47.91334915161133,48.44993241042033,47.811582448435146,47.91334915161133,4695300.0
2022-07-08,48.13538183602801,48.46843521382995,47.51553523890576,47.61730194091797,2751900.0
2022-07-11,47.18248391877134,47.98736059745764,47.13622728742703,47.59880065917969,3566500.0
2022-07-12,47.17323246118941,48.255652421691806,47.17323246118941,47.29349899291992,3686500.0
2022-07-13,46.67365140726911,47.219488097768256,46.23883133186083,46.8679313659668,4195400.0
2022-07-14,45.41545874153624,45.75776208586693,44.77710868927276,44.79560852050781,5263800.0
2022-07-15,45.63748839435127,46.747661610768695,45.1009016144822,46.33134841918945,4393000.0
2022-07-18,46.84943104925881,47.5432911146309,45.94278765400452,46.15557098388672,3431000.0
2022-07-19,46.94194168538089,48.20013814107793,46.91418488658124,47.86708831787109,3350000.0
2022-07-20,47.543296509546806,48.02437329962628,47.200993159950805,47.66356658935547,3556200.0
2022-07-21,47.44152776406463,47.78383462819503,46.923447803919245,47.76533126831055,2740500.0
2022-07-22,47.86709152825283,48.44993140482083,47.04370800562368,47.4877815246582,3051700.0
2022-07-25,47.89484494178583,48.50544162082574,47.534038294510594,48.15388488769531,3390300.0
2022-07-26,47.894852026759175,48.4869454359419,47.48778869023484,47.85784530639648,2729300.0
2022-07-27,48.209400734757295,48.84775076185051,47.75607724596008,48.58871078491211,2676400.0
2022-07-28,48.58870572254278,48.78298568500491,46.43311219026271,46.71065902709961,8878600.0
2022-07-29,46.85868449373391,48.061374567896905,46.85868449373391,47.89484786987305,6882500.0
2022-08-01,47.41377001800471,47.746823406210574,47.015956640887126,47.21949005126953,4589600.0
2022-08-02,47.14547506037955,47.80232837143264,46.849428398238594,46.914188385009766,4977000.0
2022-08-03,47.274993115527295,47.867089944936815,46.93268983803379,47.71906661987305,3495300.0
2022-08-04,47.598799102284985,47.978109113549245,47.23799244878419,47.29349899291992,3422500.0
2022-08-05,47.24724205596289,48.07987550413278,47.10846863821637,47.95035552978516,3359200.0
2022-08-08,48.47768811854033,48.931008021724665,48.20014128735287,48.357418060302734,4623400.0
2022-08-09,48.85699653421585,49.74513648352955,48.5239431709346,49.541603088378906,4988400.0
2022-08-10,50.23546158798308,50.929321564416966,50.23546158798308,50.80905151367188,4742200.0
2022-08-11,51.45666089111373,52.24303774067032,51.45666089111373,52.11351776123047,3986300.0
2022-08-12,52.08575377530885,53.14042035289105,52.08575377530885,53.11266708374024,4318100.0
2022-08-15,52.25228968195199,52.88138977433584,52.04875626113519,52.511329650878906,3152600.0
2022-08-16,52.354052179255895,53.158928824475495,52.26153892041396,53.00165557861328,3992000.0
2022-08-17,52.27078712299751,52.77961708827544,51.97474046941201,52.446563720703125,3090100.0
2022-08-18,52.59458843553469,53.205185115813535,52.50207517728061,53.03866195678711,2064700.0
2022-08-19,52.70561032901959,52.82587686290902,51.75270679744644,51.90073013305664,3783000.0
2022-08-22,51.13286032472021,51.169867041014406,49.96717346553598,49.994930267333984,3735000.0
2022-08-23,50.04118738502108,50.55001738697568,50.004180668366814,50.20771408081055,3682100.0
2022-08-24,49.96717054437489,50.42049396959001,49.69888068981339,50.25396728515625,2055900.0
2022-08-25,50.420497661306094,51.15136443770566,50.15220425794604,51.12360763549805,2507700.0
2022-08-26,51.34564266564711,51.456659283247376,48.98651924900236,49.03277587890625,5647800.0
2022-08-29,48.67197119033943,49.3195746226097,48.2556544460832,48.847747802734375,3082500.0
2022-08-30,49.02353121528539,49.051284490369326,48.14464103635881,48.46844100952149,2787000.0
2022-08-31,48.69972667010649,48.90326009411027,47.83008995426707,47.876346588134766,5946400.0
2022-09-01,47.69130965215083,48.4776864312203,47.28424639194784,48.422176361083984,3998600.0
2022-09-02,49.10679246509088,49.71738919485392,48.13538552892502,48.486942291259766,3702000.0
2022-09-06,48.85700202308976,49.37508195381624,47.77457847082007,48.4406852722168,4142700.0
2022-09-07,47.98735782346407,49.87465791811336,47.98735782346407,49.68037796020508,4000400.0
2022-09-08,49.55086212118514,50.476008888375006,49.21780872033201,50.26322555541992,3655900.0
2022-09-09,50.6517810768563,51.16986449169969,50.6517810768563,50.92007446289063,4631300.0
2022-09-12,51.715713457009336,52.40032019112163,51.345653282947566,52.29855346679688,3484600.0
2022-09-13,51.08659859838938,51.75270177947212,50.09669197576168,50.27246856689453,5155200.0
2022-09-14,50.36499286071214,50.92008308398635,49.55086617989151,50.14295959472656,4425400.0
2022-09-15,50.2081025693394,51.1108222832229,49.74278188482303,50.422149658203125,5775000.0
2022-09-16,50.24532749930355,50.24532749930355,49.06341257170962,49.92890930175781,11543400.0
2022-09-19,49.23092095634798,50.896766008166125,49.11924145613786,50.80370330810547,3212800.0
2022-09-20,50.254633507298095,50.571051712126426,48.82144495895124,49.7055549621582,6373400.0
2022-09-21,50.0498882676551,50.48729081722355,48.65392630957518,48.66323471069336,4928100.0
2022-09-22,48.94242421343753,48.99826396731616,47.555767168093,47.65813827514648,4988700.0
2022-09-23,47.07184062955684,47.42548178228566,45.69448832376839,46.31801986694336,5500600.0
2022-09-26,45.82477926038937,46.5506783397203,44.754540343326994,45.052345275878906,5906300.0
2022-09-27,45.45251872117444,45.68517903331188,44.76384263519719,45.19194030761719,5674000.0
2022-09-28,45.05234345482236,45.83408225870124,44.94997234774904,45.38737487792969,9837700.0
2022-09-29,44.78245661708535,45.07095668688571,43.78667074889387,44.35436248779297,7362200.0
2022-09-30,44.27060554423448,45.27569983383724,44.0286403727272,44.18684768676758,5209200.0
2022-10-03,44.86621302450383,45.96436996427544,44.019329643844166,45.76893615722656,4998000.0
2022-10-04,46.54137907289009,48.1513919650071,46.52276936730371,48.12347030639648,4124500.0
2022-10-05,47.27658071439389,48.06762800609196,47.230049356085786,47.74190139770508,4040800.0
2022-10-06,47.33242326685072,47.74190421428083,47.08114965702476,47.239356994628906,3121600.0
2022-10-07,46.75542265444915,47.07184085320963,45.99229348675564,46.26218032836914,4097100.0
2022-10-10,46.35524230919084,46.59720747406468,44.87552256791847,45.08026123046875,7099000.0
2022-10-11,44.89413214092608,45.79685167256783,44.55910074769229,44.7173080444336,4796900.0
2022-10-12,45.601427862405984,46.30871375291509,45.18263852915678,45.56420135498047,3866100.0
2022-10-13,44.949971825503965,47.93732939664501,44.69869826109285,47.406864166259766,5168600.0
2022-10-14,47.61160696718903,48.45849037618848,46.932239269869896,47.19281768798828,5963500.0
2022-10-17,48.32820355715663,48.83075071705055,48.021090220516506,48.14207458496094,4148100.0
2022-10-18,49.31468573701783,49.62179553047003,48.40265410769932,48.95173263549805,5350800.0
2022-10-19,48.70976866834402,49.72416788741606,48.69115541522806,49.0913314819336,3600700.0
2022-10-20,48.53294891347718,49.29607455362164,47.97456196085666,48.253753662109375,4473700.0
2022-10-21,48.17930329205854,49.6031834267393,48.07693217516502,49.5566520690918,4078600.0
2022-10-24,49.84514510160751,50.775786323108,49.79861020044086,50.58034896850586,3322800.0
2022-10-25,49.99405180201725,50.83162684245063,49.761391476877726,50.52451705932617,3899000.0
2022-10-26,50.89676863239848,51.16665544664994,50.32908045257544,50.45936965942383,3377000.0
2022-10-27,50.96191610627684,51.911170659786855,50.76648228499635,50.83162689208984,3573300.0
2022-10-28,51.11082112817085,52.95349412131444,50.89677404414437,52.86042785644531,4758700.0
2022-10-31,52.73013637864885,53.37227760324165,52.56262065916988,53.04655456542969,5647900.0
2022-11-01,53.4188114804728,54.10748404719452,53.07447164699717,53.111698150634766,6844400.0
2022-11-02,53.30713653564453,54.582117768581504,52.87904235748756,53.30713653564453,6611300.0
2022-11-03,52.36719059856976,54.116797377645625,52.218288120570655,53.61425018310547,5603300.0
2022-11-04,54.340150701330025,54.51697483915433,53.0930910850845,53.90274810791016,3443500.0
2022-11-07,54.38667236515271,55.19633279374681,53.98649635105159,55.0660400390625,3640800.0
2022-11-08,54.907839483374005,55.70819160996362,54.33084284215719,55.02882385253906,4511100.0
2022-11-09,54.66587450326577,55.29870735564865,54.34014790044522,54.40529251098633,3849400.0
2022-11-10,55.978073291737566,56.69466393889521,55.47552615856768,56.38755416870117,4974300.0
2022-11-11,56.68536520859254,56.91802554905633,55.8663998161278,56.20143127441406,6332200.0
2022-11-14,56.17351603245497,56.87149708941865,55.996691892617086,56.06184005737305,4687800.0
2022-11-15,56.86218702271944,57.54155835571141,56.0711432680298,56.34103012084961,6113300.0
2022-11-16,56.2572686355164,56.62021818314636,55.68027200979993,55.71749496459961,4581200.0
2022-11-17,54.89853221494715,55.522060186047824,54.693789991545806,55.31731796264648,5903100.0
2022-11-18,56.10836199762026,56.41547176506282,55.363849705213696,55.67095947265625,3381600.0
2022-11-21,55.59650922482585,56.17350579943992,55.149798305644126,55.94084548950195,3351800.0
2022-11-22,56.24795955138461,56.71328020682327,56.18281494363238,56.65744400024414,3149200.0
2022-11-23,56.38755535217651,57.08553631285697,56.38755535217651,56.73189163208008,2362400.0
2022-11-25,57.10415296204688,57.169297571577154,56.74120340891679,56.84357452392578,2160500.0
2022-11-28,56.34103165303807,57.0017862002294,56.34103165303807,56.52716064453125,3787500.0
2022-11-29,56.7132872276309,57.45780320859184,56.43409550982821,57.17860794067383,3526800.0
2022-11-30,56.78773237423302,58.835143937846325,56.49923229409488,58.73277282714844,10713100.0
2022-12-01,58.99335946094182,59.03058597003146,58.21162052063579,58.72347259521485,6331900.0
2022-12-02,58.21161805235422,58.68624714783377,58.044102318669104,58.39774703979492,4422000.0
2022-12-05,58.00687165530032,58.29536817489845,56.88079302843077,57.26235580444336,5058400.0
2022-12-06,57.33681686143241,57.4671060885946,56.81565640266847,57.4112663269043,3616100.0
2022-12-07,57.22513658929893,58.38843824459346,56.89940999574751,57.72768020629883,5662900.0
2022-12-08,58.118550806416685,58.16508216212341,57.467101176177934,57.94172668457031,5963800.0
2022-12-09,57.73698229560881,58.57455726578547,57.29957978499957,58.17438125610352,5261200.0
2022-12-12,58.31398257563242,59.18878410248384,57.97895114616578,59.10502624511719,4785900.0
2022-12-13,60.13804666192854,60.30556238912951,58.89098355938129,59.15156555175781,5533900.0
2022-12-14,59.319927004961,59.94661012736379,58.328457758403886,58.60906219482422,6048200.0
2022-12-15,57.785951322707895,58.35651568452543,57.48663945553786,58.18815231323242,8012000.0
2022-12-16,57.7017700311872,58.70259476288782,57.421165599808525,58.524879455566406,13078300.0
2022-12-19,58.534234161099086,59.02061326588732,57.32763119772174,57.49599456787109,6757300.0
2022-12-20,57.86078114300368,59.151565801773394,57.32763165596207,58.74000930786133,4214000.0
2022-12-21,59.37604872377871,59.759542282257485,59.15156660412619,59.235748291015625,3367500.0
2022-12-22,59.06738429004687,59.17962534868133,57.55211394212647,58.36587142944336,3715800.0
2022-12-23,58.34716798175802,59.11415514302234,58.09462290650087,59.07674026489258,2344200.0
2022-12-27,59.29186703688927,59.347989350841885,58.908373478410496,59.235748291015625,2329800.0
2022-12-28,59.37604128080526,59.525697197840095,58.79612504830512,58.82418441772461,2763800.0
2022-12-29,59.11415260475059,59.6379466037597,58.84290010207573,59.51635360717773,1793400.0
2022-12-30,59.17026560542681,59.35733640179746,58.870953758465234,59.15156173706055,2351600.0
2023-01-03,59.34798928067778,59.740834773644735,58.57164666160648,58.86160659790039,3363500.0
2023-01-04,59.39475670881351,60.38622595455544,59.095444834467386,59.731483459472656,3763600.0
2023-01-05,59.78759968598446,59.93725918492879,58.927078975527614,59.40410614013672,3902300.0
2023-01-06,59.94661311443776,60.42364389139335,59.63794928941871,60.37688064575195,2893400.0
2023-01-09,60.57330206250291,60.685539558482816,59.64730347179865,59.74083709716797,3014000.0
2023-01-10,59.64729999408758,59.83437080199823,59.11415051079353,59.34798812866211,6056000.0
2023-01-11,59.31991926550063,59.66600147440878,59.1609114139038,59.35733413696289,5409500.0
2023-01-12,59.67535903785382,60.0682080891109,59.3947546115724,59.56311798095703,5012000.0
2023-01-13,59.07673053220284,60.31139633052389,58.85224486848667,60.24592208862305,2369500.0
2023-01-17,59.91855135880149,60.21786323641415,59.497646483963,59.65665435791016,3765300.0
2023-01-18,59.581826093807,59.890489895791575,58.113326130479365,58.18815231323242,3565300.0
2023-01-19,57.89819889009953,58.21621821113247,57.43052362787928,57.72983551025391,4435300.0
2023-01-20,57.75789716206558,58.44070264366624,56.831898536395016,58.43135070800781,3343100.0
2023-01-23,58.39393150699705,59.05802950004623,58.25362750595107,59.02061462402344,2354500.0
2023-01-24,59.30122596559199,59.31057790108485,58.03850058930622,59.07674026489258,4874900.0
2023-01-25,58.55293568541153,59.56311586584739,58.40327975883719,59.394752502441406,5565000.0
2023-01-26,59.76890473395661,59.90920875111025,59.263814553898754,59.84373092651367,3335200.0
2023-01-27,59.37604872377871,59.76889778528907,59.1047962251262,59.235748291015625,2294200.0
2023-01-30,58.99256027264805,59.37605386432822,58.92708601807431,59.08609390258789,2080700.0
2023-01-31,58.44069358363693,59.17962126887029,57.76724014209982,59.13285446166992,4342000.0
2023-02-01,58.50616956393011,58.70259230084915,56.89736922639668,57.2715072631836,6371800.0
2023-02-02,57.06571917520082,57.14990084336345,54.67122473515837,55.21372604370117,10982200.0
2023-02-03,55.17632512705762,55.4475740483328,54.40933446831348,54.95183944702149,6736100.0
2023-02-06,54.68058861873554,56.12102922518764,54.53093268352487,56.083614349365234,3895400.0
2023-02-07,55.7094683824457,56.93477506291676,55.65334607668366,56.69158554077149,3394200.0
2023-02-08,56.3361556140306,57.51469914649259,56.10231800801118,57.028316497802734,6025800.0
2023-02-09,57.46793343509689,57.71112656321946,56.74771312193236,56.93478393554688,3747700.0
2023-02-10,56.869299769691295,57.42115661118336,56.82253296646214,57.35568237304688,3096900.0
2023-02-13,57.38375081889004,58.05720430977404,57.26215782487516,57.95431518554688,3838500.0
2023-02-14,57.68306701344563,57.97302697000049,57.10315066841511,57.54276657104492,3756200.0
2023-02-15,57.29021294191073,57.90754407333715,56.99090109443602,57.83271789550781,4141500.0
2023-02-16,57.62693830731282,58.99254902531536,57.2715041587647,58.141380310058594,5064500.0
2023-02-17,57.87013303467358,58.132033594625646,56.57935194494536,56.88801574707031,5737000.0
2023-02-21,56.71029189335676,56.96283691234687,55.466274233303054,55.85912322998047,4858600.0
2023-02-22,55.47563587725987,56.92542834554877,55.33533188403759,56.73835754394531,5810400.0
2023-02-23,57.05637839063549,57.4024570637789,55.95266455599328,56.41098785400391,4010400.0
2023-02-24,55.98072126233749,56.448396472776665,55.62529067142038,56.280033111572266,4102100.0
2023-02-27,56.66353728345543,57.11250511335746,56.410992210120696,56.72901153564453,3591500.0
2023-02-28,56.869307497190725,57.42116441367006,56.691592193540345,57.15926742553711,6205100.0
2023-03-01,57.20602983744369,57.74853477753306,56.89736606345516,57.01895904541016,4360100.0
2023-03-02,56.6167650668974,56.85995819692744,55.88719281296532,56.14908981323242,4008200.0
2023-03-03,56.49516864308997,56.49516864308997,55.85913005123996,56.30809783935547,3783500.0
2023-03-06,56.177151771407054,56.63547151385194,56.03684777053186,56.43904876708984,4597200.0
2023-03-07,56.448393562908365,56.50451586977634,54.35321072626989,54.70864486694336,3540600.0
2023-03-08,54.86765967114622,54.970548796071,53.137262689655365,53.64234924316406,5651400.0
2023-03-09,53.68911341286683,53.78264702393791,51.837116514568194,52.19255065917969,7252100.0
2023-03-10,51.3413825026466,51.44427161677272,49.4145629765705,49.71387481689453,11354000.0
2023-03-13,47.73092804899165,47.90864690215325,45.93505705843023,46.83299255371094,13489800.0
2023-03-14,48.918830765189085,49.05913476836373,47.44097882065687,47.81511688232422,8186600.0
2023-03-15,45.67316684007657,46.2811425270565,43.90535138966916,44.85940933227539,10302500.0
2023-03-16,44.190844209541375,47.41122787240087,44.04018304856629,47.26056671142578,13158000.0
2023-03-17,46.60143643715807,46.65793213969121,44.379181139017625,44.48276138305664,11535600.0
2023-03-20,45.07599042822056,46.5543545977478,45.01949472240831,45.9987907409668,7182100.0
2023-03-21,47.41123001072726,48.38111464579039,47.40181525926157,48.25870132446289,9632500.0
2023-03-22,48.0515437935479,48.258704258845405,45.86695493202334,45.90462112426758,5609100.0
2023-03-23,45.88578493350767,46.08352704138505,43.889523575790726,44.40742111206055,6555000.0
2023-03-24,43.36220434259991,44.59574501966502,42.99496800150102,44.57691192626953,6564500.0
2023-03-27,45.51854522647585,45.67862113291213,44.55807901172231,44.68990707397461,8219100.0
2023-03-28,44.473335813236496,45.01948479597616,44.3132598926687,44.727577209472656,5140700.0
2023-03-29,45.659798009614576,45.8857879787451,45.18898138320589,45.857540130615234,5201600.0
2023-03-30,46.22477853672184,47.00633230271868,46.22477853672184,46.91217041015625,5933600.0
2023-03-31,47.28882240346893,47.54306380899837,47.04399574982767,47.42065048217773,5071600.0
2023-04-03,47.51481234030285,47.87263397661291,47.13816120022793,47.47714614868164,4324800.0
2023-04-04,48.05154588204604,48.10804517286806,46.055284302931945,46.959251403808594,3905400.0
2023-04-05,46.40368844019578,47.36415484894917,46.33777439575599,47.30765914916992,3467900.0
2023-04-06,47.524224591978175,48.27753036760556,47.524224591978175,48.0986213684082,3439200.0
2023-04-10,47.55247619452792,48.23986799362117,47.45831431214906,48.12687301635742,2933400.0
2023-04-11,48.30578603569552,48.64477458764465,48.00446367663982,48.21162414550781,4814100.0
2023-04-12,48.54119451500318,48.93668235761064,47.93854979488311,48.32461929321289,4391300.0
2023-04-13,47.99504959101189,48.78602169252987,47.59014699189877,48.60710906982422,5068700.0
2023-04-14,48.98375960765817,49.34158123025357,47.96679402513831,48.4376106262207,3463000.0
2023-04-17,48.17395536542598,48.9555126617846,47.73138660281108,48.88959503173828,4968000.0
2023-04-18,49.12500441670996,49.43574511015575,48.82368206721171,49.39807891845703,3168000.0
2023-04-19,49.388657912639935,50.23612556627468,49.07791725854216,50.06663131713867,3778900.0
2023-04-20,49.81239967663506,50.03838964198087,49.04026070961971,49.28508377075195,4668900.0
2023-04-21,48.9743376654539,49.14383191675277,47.94795740683093,48.54118728637695,3912800.0
2023-04-24,48.371701159711975,49.09675922492964,48.371701159711975,48.79543685913086,2975400.0
2023-04-25,48.13629129272412,48.52236078602162,47.769054895690616,47.97621536254883,2561800.0
2023-04-26,48.07038085716657,48.60711156878581,47.49598395019431,47.84439086914063,3127200.0
2023-04-27,48.11745282266378,49.25683167109136,48.032705694963305,49.09675216674805,2963800.0
2023-04-28,48.74835445105597,50.12313815278988,48.63535946528155,49.94422912597656,3508200.0
2023-05-01,49.520493487721325,50.5845400816053,49.44516110243411,49.991310119628906,2789600.0
2023-05-02,49.74648485613872,49.75589960786121,47.97621339251852,48.89901351928711,4165200.0
2023-05-03,49.14383534228119,49.56757100006448,48.22103523868957,48.35286331176758,3594400.0
2023-05-04,47.74080115322949,48.01387562727498,46.09294315005522,46.96866226196289,5424500.0
2023-05-05,51.00827353838245,51.41317613999576,49.36041528271533,50.65045547485352,7504700.0
2023-05-08,51.20601913037542,51.30959936662734,50.38679558477164,50.612789154052734,3567400.0
2023-05-09,50.10430502606322,50.4997928641023,49.925395999358535,50.00072479248047,4876100.0
2023-05-10,50.33971253748075,50.48095896139101,49.37924619420998,49.53932571411133,4853000.0
2023-05-11,49.00259546582226,49.90656252878088,48.89901523301633,49.72765350341797,4446200.0
2023-05-12,50.04779677588161,50.226705757711045,48.83308931007696,49.42631912231445,3076500.0
2023-05-15,49.80298175902804,49.84064795092334,49.03084278540325,49.473411560058594,2942900.0
2023-05-16,49.48282207071283,50.113718158723216,49.08733786584743,49.256832122802734,4336700.0
2023-05-17,49.77473993416066,50.93294853474779,49.77473993416066,50.60337829589844,4081400.0
2023-05-18,50.5939533849195,51.25309736912384,50.05722272727851,51.14010238647461,2533200.0
2023-05-19,51.54500390757175,51.648580544180646,50.44329117520903,50.70694732666016,2732400.0
2023-05-22,50.69753282063649,50.8576087442087,50.14196907592563,50.81052780151367,2632400.0
2023-05-23,52.16648166417613,53.578931489826616,52.02523524479282,52.51488494873047,6493800.0
2023-05-24,51.88399031219488,52.18531266293802,51.23426466691359,51.38492584228516,3211800.0
2023-05-25,51.26250697831832,51.479082170021485,50.41503930539879,50.54686737060547,3798500.0
2023-05-26,50.59394904492224,51.19659369008366,50.28321197128076,50.91410446166992,3115900.0
2023-05-30,50.980023628243565,51.5732535820746,50.54687319492697,51.52617263793945,2803900.0
2023-05-31,50.94235383214284,51.290760696595214,49.69939831627121,49.74648284912109,9756800.0
2023-06-01,50.1608094676897,50.74462114452836,49.97248207747028,50.60337829589844,3836400.0
2023-06-02,51.26251374917519,52.43955533262283,51.14010401076965,51.97815704345703,3782200.0
2023-06-05,51.86516014737192,51.86516014737192,50.99885570599082,51.06476974487305,3421300.0
2023-06-06,51.39433928116866,52.84445160870333,51.35667309290921,52.66554260253906,4290200.0
2023-06-07,52.91037094345221,53.68250991990779,52.27947839109896,53.418853759765625,3684200.0
2023-06-08,53.2587777325481,53.72959435595167,52.84445680504367,53.32469177246094,5151200.0
2023-06-09,53.06103248762988,53.67309554025817,52.91037131049696,53.56010055541992,3593500.0
2023-06-12,53.27761389880645,53.54127007365175,52.28889605904461,52.93862533569336,2926800.0
2023-06-13,53.06103202076382,54.0685793074838,52.91978918897021,53.32469177246094,3495400.0
2023-06-14,53.3623528068402,54.06857772122641,52.32655770255869,52.5807991027832,4211500.0
2023-06-15,52.08798174829044,54.08772110621784,52.050071140710166,53.66123580932617,4709000.0
2023-06-16,53.88868501184856,54.50471599215624,53.48115510063013,54.30569076538086,10319300.0
2023-06-20,53.73704825495901,54.17300932492255,53.01676128989811,53.14944839477539,4083000.0
2023-06-21,53.20631255779074,53.65175310148773,52.64714382125663,53.50959014892578,3984900.0
2023-06-22,53.74652845375281,53.79391490165837,52.41021037683237,53.04520034790039,3987100.0
2023-06-23,52.13535608235371,52.59027603687154,51.97424146061698,52.33438491821289,5255500.0
2023-06-26,52.4860290564578,53.177881285530376,52.2206584533373,52.76087188720703,3348900.0
2023-06-27,52.6376606046674,53.81286020185295,52.50497712905163,53.50010681152344,3349800.0
2023-06-28,53.30108906461673,53.566456053021376,52.770351472453385,53.50959014892578,3858300.0
2023-06-29,53.63279819901187,54.4004716409186,53.59488759599952,54.21092224121094,3862500.0
2023-06-30,54.88381372388527,54.9217243231319,54.35307618049366,54.53314971923828,3228900.0
2023-07-03,54.542627387456434,55.386118364488425,54.542627387456434,54.91224670410156,2257900.0
2023-07-05,54.34361082999716,54.75114081219229,53.90764970055498,54.69427490234375,2751800.0
2023-07-06,54.17300585412991,54.65635333719093,53.992935932078495,54.59001159667969,4172000.0
2023-07-07,54.28673141662253,55.66095983228448,54.28673141662253,55.15865707397461,3089500.0
2023-07-10,55.025981832385135,55.55671581027882,54.855387735103854,55.04493713378906,2758300.0
2023-07-11,55.02598237543456,55.88842871337733,55.02598237543456,55.67992401123047,2681200.0
2023-07-12,56.35282150999851,56.61819211956196,55.51880992381096,55.58515167236328,2709800.0
2023-07-13,55.10180681204157,55.8789561970514,55.10180681204157,55.81261444091797,2544700.0
2023-07-14,56.1822244479164,56.23909035025843,54.362558957218944,54.63740539550781,3168000.0
2023-07-17,54.91224512146772,56.25804247816298,54.91224512146772,56.011627197265625,3859800.0
2023-07-18,55.88842194996285,56.54236350662112,55.86946665066576,56.26751708984375,4119400.0
2023-07-19,56.021110399863375,56.52341322206269,55.803129861638126,56.03058624267578,4605500.0
2023-07-20,56.40020427307466,57.11101177429921,56.40020427307466,57.09206008911133,3340000.0
2023-07-21,57.29108279772899,57.33846923931883,56.52340942870001,56.81721115112305,2455700.0
2023-07-24,56.44759406606061,57.509065583920645,56.40020400725254,57.11101150512695,2771700.0
2023-07-25,57.11100946645245,57.224741265107305,56.58975137635585,56.760345458984375,2816400.0
2023-07-26,57.08257776792156,57.94502401486652,56.77930020517302,57.66070175170898,3262800.0
2023-07-27,57.888170310769326,58.4757702237607,57.46168504514887,57.47116088867188,3178600.0
2023-07-28,58.00188922649512,58.11561740734006,56.46654613135057,57.0162353515625,3904800.0
2023-07-31,57.23421908052412,57.61331785840259,56.7982580167116,57.12996673583984,3675800.0
2023-08-01,57.23422254721323,57.300564295057214,56.82669260168356,57.22474670410156,3819100.0
2023-08-02,57.23422587820883,58.94964280958511,57.10154237479877,58.068241119384766,5055700.0
2023-08-03,58.0966690099952,58.23883196445593,57.77443611319112,57.94503021240234,3865000.0
2023-08-04,57.90711787657331,58.59897371120402,57.471156798457145,57.5185432434082,3240700.0
2023-08-07,57.94502663060648,59.06336404948304,57.94502663060648,58.67478942871094,2560700.0
2023-08-08,57.78391391112719,58.44733137193485,57.33847337428147,58.28621673583984,2277900.0
2023-08-09,58.1724863545746,58.35255628496367,57.158401285115474,57.18683242797852,2133400.0
2023-08-10,57.528020123603895,58.19144116925083,57.11101074987241,57.26264953613281,1895700.0
2023-08-11,56.87407822458589,57.65123111659364,56.68453244226376,57.36690521240234,1732200.0
2023-08-14,57.1773590148671,57.215266001843816,56.45707203199903,56.69400787353516,2207800.0
2023-08-15,56.05902260505682,56.09692959274454,55.45246380245007,55.70835494995117,2911100.0
2023-08-16,55.708355853447074,56.33386635236537,55.39560241166501,55.5472412109375,2305800.0
2023-08-17,55.79365172647407,55.9642458239745,54.77956659986262,55.02598190307617,2879300.0
2023-08-18,54.665835096052895,55.32925614444921,54.6563556382358,54.92172622680664,2584700.0
2023-08-21,55.035459005859984,55.18709780540311,54.38151736070915,54.77009201049805,1900400.0
2023-08-22,54.64687879503041,54.91224576338775,54.04032365858288,54.34360122680664,3135300.0
2023-08-23,54.46680750448481,54.66583272576791,54.154050486451055,54.60896682739258,2360600.0
2023-08-24,54.40047498344436,55.509333074531504,54.39099552443178,55.05441665649414,3379300.0
2023-08-25,55.16813824974511,55.499850583724665,54.48576551209315,54.82695007324219,2286900.0
2023-08-28,54.86485297230026,55.33872456973295,54.44784726808671,54.84589767456055,2048700.0
2023-08-29,55.01650472387244,55.39560353743492,54.58054361902353,55.30082702636719,3136100.0
2023-08-30,55.499852198782285,55.897902672716455,55.07336696574284,55.29134750366211,1865800.0
2023-08-31,55.405078674162816,55.53776217261102,55.08284577135111,55.461944580078125,3113300.0
2023-09-01,55.80313323412008,56.48550603382648,55.80313323412008,56.14432144165039,1995500.0
2023-09-05,55.88842550983707,56.63713999531733,55.53775787353516,55.53775787353516,2428600.0
2023-09-06,55.43351018942129,56.28647703608853,55.27239193977108,56.096927642822266,2787400.0
2023-09-07,56.068494503618325,56.76982614913555,55.878945117098496,56.53289031982422,4405200.0
2023-09-08,56.428637842332016,57.01623768532823,56.21065731372622,56.54236602783203,2060600.0
2023-09-11,56.9688510373994,57.45219853554841,56.47602408153648,56.570796966552734,2719400.0
2023-09-12,56.741390820658886,57.764955328362014,56.63713847835351,57.40481185913086,2091300.0
2023-09-13,57.53749888481572,57.698617137027206,56.98780961249459,57.48063659667969,2723700.0
2023-09-14,58.15755104666378,58.51984500595392,57.86199496975053,58.34823226928711,2556400.0
2023-09-15,57.9191954623933,58.376828175292815,57.83338910141581,58.32915878295898,7130500.0
2023-09-18,58.42449620837928,59.034673144716166,57.928726538370185,58.80585861206055,2704300.0
2023-09-19,59.13954950509652,59.66392373284906,58.977472843385016,59.45417404174805,3029200.0
2023-09-20,59.73066689235838,60.00715084778616,59.33977202060687,59.41604232788086,3144900.0
2023-09-21,59.20629230414735,59.31116715841684,58.43403862623893,58.47217559814453,3698300.0
2023-09-22,58.42449806766404,58.95840472242043,58.300558373923614,58.71052169799805,2670300.0
2023-09-25,58.615184541383954,59.33977246914396,58.615184541383954,59.23489761352539,1988900.0
2023-09-26,58.8726063100923,59.539988809416975,58.37683655736375,58.40543746948242,3072400.0
2023-09-27,58.56751467328981,58.672389528064855,57.44249945524421,58.167083740234375,2387600.0
2023-09-28,58.1194110263005,59.06328102846057,58.08127405638781,58.42449951171875,3172300.0
2023-09-29,58.26242519033452,58.538912777918966,57.413897578799,57.77618789672852,2913900.0
2023-10-02,57.62364216559613,57.75712156223014,56.62257033096196,57.25181579589844,2982900.0
2023-10-03,57.01346701461008,57.13741035413204,55.63103270484885,55.90752029418945,2865500.0
2023-10-04,55.63102897038989,56.66070531525089,55.0303880728292,56.59396743774414,2980700.0
2023-10-05,56.38422180269424,57.81432551552663,56.31748392038408,57.34716033935547,4251700.0
2023-10-06,57.18507610537185,58.33869214840424,57.01346338064652,58.03360366821289,3304600.0
2023-10-09,57.79525070453017,58.395895216529496,57.68084343836791,58.243350982666016,1856900.0
2023-10-10,58.24335174034171,58.76772232376002,58.21475083266444,58.31962203979492,2472700.0
2023-10-11,58.33869625333687,58.89167143568161,57.98593835522078,58.6628532409668,3050900.0
2023-10-12,59.0156149908751,59.0156149908751,57.95733765573228,58.2910270690918,2739400.0
2023-10-13,58.720052168107074,59.11094699469108,57.90012554723783,58.243350982666016,2313300.0
2023-10-16,58.85353259953958,59.92134232152134,58.75819380964435,59.692527770996094,3022300.0
2023-10-17,59.5876480127287,60.68406219093947,59.53044256133757,60.2359619140625,3377000.0
2023-10-18,60.0452772960817,60.39803513389933,59.56857613910714,59.6829833984375,3269900.0
2023-10-19,59.42557229586902,59.72112470704474,58.21475083266444,58.31962203979492,2388000.0
2023-10-20,58.27195580789745,58.40543156688459,56.29841305843526,56.74651336669922,3142400.0
2023-10-23,56.6225728815725,56.64164136766489,55.95519041610637,56.2316780090332,2821100.0
2023-10-24,56.460490822627285,57.18507504035162,56.355615977588165,57.0802001953125,3001400.0
2023-10-25,57.118335891810254,58.42449612152349,57.118335891810254,58.119407653808594,3594000.0
2023-10-26,58.11940501983534,59.02513795847796,57.957328369869,58.014530181884766,2788200.0
2023-10-27,57.96686783478924,58.03360571487588,56.365151438826366,56.756046295166016,3097600.0
2023-10-30,57.20414833944352,58.26242566563391,57.09927348557718,58.15755081176758,3075900.0
2023-10-31,57.98593333829133,58.68191664979242,57.98593333829133,58.453102111816406,3996400.0
2023-11-01,58.83446196150023,59.51137680103744,58.453103178931,59.15861892700195,4790100.0
2023-11-02,60.03575592383569,61.76141210207864,59.969018040530266,61.360984802246094,7287200.0
2023-11-03,61.01775378254395,61.91395436886765,60.71266530458655,60.76987075805664,5002300.0
2023-11-06,60.56012113694124,61.49445505640401,60.56012113694124,60.960548400878906,3111900.0
2023-11-07,60.874742667294655,60.874742667294655,59.74972752803793,60.1596908569336,3392600.0
2023-11-08,60.15969507503142,60.37898084609263,59.606723527456886,59.6639289855957,2648100.0
2023-11-09,59.97854257882928,60.63638890074595,59.82599834605405,59.92133712768555,3118300.0
2023-11-10,60.14062606499499,60.941480601878894,60.02621515663307,60.84614181518555,3636300.0
2023-11-13,60.5315194774653,61.0558900657561,60.39804008753431,60.76033401489258,2492900.0
2023-11-14,61.07495997630373,61.76141091937646,60.81754450959326,61.21797180175781,4617200.0
2023-11-15,61.208431357317295,61.40865226294566,60.43617773860217,60.5219841003418,3436500.0
2023-11-16,60.60779355822039,61.18936963561632,60.60779355822039,61.13216781616211,3166400.0
2023-11-17,61.38004913538752,61.72327461061034,61.12263366591224,61.47539520263672,3343800.0
2023-11-20,61.00822689949715,61.64700845863148,60.817545674220845,61.360984802246094,2472600.0
2023-11-21,61.465853278632565,62.25717900847016,61.465853278632565,61.94255447387695,2852800.0
2023-11-22,61.91395356598356,62.21904203998465,61.5802569102061,61.94255447387695,1857800.0
2023-11-24,62.06648899444055,62.65760104588789,61.99021506382495,62.171363830566406,1457700.0
2023-11-27,61.95209533833877,62.36205868899352,61.90442230556449,62.209510803222656,2706700.0
2023-11-28,62.20951342662503,62.41926314146342,61.608872467310974,61.62793731689453,2336600.0
2023-11-29,61.61839717861049,62.08556961216475,61.532594450335246,61.80908203125,2496700.0
2023-11-30,61.91396031762825,62.76248795578357,61.79001333806333,62.74341583251953,5325600.0
2023-12-01,62.60993811250485,63.37266299383517,62.400188406444826,62.89596176147461,3439000.0
2023-12-04,62.66714509060098,63.21058418618684,62.40018629943105,62.924560546875,4116300.0
2023-12-05,62.73388103258329,63.35358677548245,62.67667194215766,62.829219818115234,3634100.0
2023-12-06,63.04849797435204,63.57287220291512,62.28578042012206,62.323917388916016,4221900.0
2023-12-07,62.61947218898435,62.781548857117535,61.79000945237045,62.36205673217773,3790000.0
2023-12-08,62.52412871618341,62.78154415370521,62.16183116292998,62.47645568847656,2922200.0
2023-12-11,62.505060214831765,63.43939778525534,62.39065657992335,63.09617233276367,3675200.0
2023-12-12,63.08663522327301,64.2497873180628,63.0580343150213,63.83028793334961,5163900.0
2023-12-13,63.80152524991238,64.5683734587303,63.51396265651054,64.44376373291016,3612000.0
2023-12-14,64.62590183814983,64.8847162861155,63.44688099406597,63.73444366455078,5215500.0
2023-12-15,63.07303030615132,64.20412744228787,62.96758848991095,63.27432632446289,7661900.0
2023-12-18,63.6673338871097,64.02200249679359,63.14971239454695,63.7056770324707,2710800.0
2023-12-19,64.42459405180931,64.81760580379509,63.93572809377071,64.64506530761719,4097000.0
2023-12-20,64.42459185167806,64.97096885204787,63.82070379228204,63.85904693603516,3759400.0
2023-12-21,63.87821393719861,64.18495176962715,63.05385464132065,63.81111526489258,2006600.0
2023-12-22,63.98366371434671,64.3287447329189,63.91656503369144,64.15620422363281,1518300.0
2023-12-26,64.14661199253835,64.53003613149605,63.95490357966311,64.34790802001953,2815700.0
2023-12-27,64.09869359342791,64.43418699898189,63.64817074316637,64.3670883178711,1507600.0
2023-12-28,64.62588846091631,65.16268516514901,64.60672054546838,65.05724334716797,2245800.0
2023-12-29,65.0572520428985,65.21061732660209,64.76009446468439,64.94222259521484,2498400.0
2024-01-02,64.55879773221567,66.02538843690762,64.55879773221567,65.98704528808594,3897700.0
2024-01-03,66.01579781670611,66.4950761322568,65.69947237327305,65.76657104492188,3970300.0
2024-01-04,66.02539054565675,66.86892522025921,65.73782789012164,65.78575134277344,4146100.0
2024-01-05,65.93911787662937,66.36088517512844,65.73782184231136,66.1500015258789,4870500.0
2024-01-08,66.21710540354587,66.31295962076585,64.99973417390738,65.39274597167969,4098100.0
2024-01-09,65.02848594156998,65.1339277683676,64.39584229399188,65.01890563964844,3479300.0
2024-01-10,64.6929946621464,65.04766330145986,64.47253069941173,64.78884887695312,2943400.0
2024-01-11,64.63547909230176,64.78884436266492,64.11785759256239,64.50128173828125,2788000.0
2024-01-12,64.68341539500334,64.99015327521806,64.25206045165865,64.70258331298828,2473100.0
2024-01-16,64.45335676083597,64.60672935816815,63.95491044592235,64.43418884277344,2906400.0
2024-01-17,63.89739124679917,65.07641185761153,63.89739124679917,63.98365783691406,3691200.0
2024-01-18,63.63857457327553,64.55878806761417,63.32224912775721,64.4533462524414,3580500.0
2024-01-19,65.0668445175445,66.39923812133449,64.89430397034532,65.97747802734375,5098600.0
2024-01-22,66.3129545149508,66.65803552093935,66.03497218717074,66.38964080810547,3091900.0
2024-01-23,66.38963050502977,66.55258336778903,66.11164822039005,66.1404037475586,2562200.0
2024-01-24,66.55259218723471,66.77306344675385,66.16916804336205,66.29378509521484,2736100.0
2024-01-25,66.74430236073799,67.03187230451942,65.96787375101853,66.12124633789062,3968400.0
2024-01-26,66.28418863419763,66.76346692177215,66.14040368528401,66.6484375,2564600.0
2024-01-29,66.53344508641484,66.80183987713262,66.1787763625609,66.49510192871094,3167200.0
2024-01-30,66.45674604588828,67.49198916603697,66.45674604588828,67.46322631835938,2966800.0
2024-01-31,67.63575252034343,68.12461844245867,66.6196848470746,66.6292724609375,3690900.0
2024-02-01,66.1500160360305,66.59095134790539,64.73134855647774,65.96788787841797,4304200.0
2024-02-02,66.21710661075437,67.13732027661702,66.11166477592768,66.74430847167969,2808900.0
2024-02-05,66.08289846634665,66.4088042203369,65.87201483107911,66.07331085205078,2929300.0
2024-02-06,65.9199447631836,66.48549705098377,65.75699187015263,65.9199447631836,2910400.0
2024-02-07,66.12125065063654,66.94560276261613,66.0829075014176,66.9168472290039,2844100.0
2024-02-08,66.87849763022146,66.87849763022146,65.14351234632653,65.57486724853516,5242200.0
2024-02-09,65.45024835147683,66.36088157720876,65.23936471366088,66.25543975830078,3217300.0
2024-02-12,66.52384630091832,67.27151946760407,66.38964892808796,66.84017181396484,3770600.0
2024-02-13,66.96477773357654,67.38654506013786,66.33212674373455,67.18524169921875,5328600.0
2024-02-14,69.20779335211945,70.24303638124486,65.88160762426381,66.3033676147461,7507300.0
2024-02-15,66.15958447583468,67.87540195689144,65.99663158151279,67.38654327392578,5656300.0
2024-02-16,67.24277095024912,67.85624680812994,66.8114159383832,67.1373291015625,5139600.0
2024-02-20,66.15000745087309,66.54301193977857,65.22979379162213,65.30647277832031,6814600.0
2024-02-21,65.79534367581795,66.23627896315136,65.32565285219019,65.83368682861328,3969200.0
2024-02-22,65.83366801537672,68.04793143577642,65.80491248729982,67.94248962402344,6031800.0
2024-02-23,68.05752758194085,68.93939801515677,67.94249814200542,68.36426544189453,4246100.0
2024-02-26,68.38343335861337,69.46660714001816,68.22048047027711,68.36426544189453,5154600.0
2024-02-27,68.29715300038279,69.03523831324297,68.29715300038279,68.9681396484375,3217500.0
2024-02-28,68.93940242314284,69.52412264875524,68.75728160644292,69.42826843261719,3557600.0
2024-02-29,69.67748562495429,70.07049005082158,69.02566680671939,69.86919403076172,5300200.0
2024-03-01,69.82127380371094,70.39641373429423,69.46661246815364,69.82127380371094,4631700.0
2024-03-04,69.29406127961857,70.22386240256019,69.28447366539665,70.13758850097656,4030400.0
2024-03-05,69.96506343071484,71.22077789508887,69.79252290272801,70.85652160644531,5310500.0
2024-03-06,70.71272754589567,71.8630000226971,70.10883943199002,71.74797058105469,5327400.0
2024-03-07,71.93969281776519,72.35187254605324,71.44123917214753,71.62336730957031,2945100.0
2024-03-08,71.61377265398485,71.78631315847518,71.21118058124327,71.32621002197266,2338500.0
2024-03-11,71.02904511057822,72.10263117331924,71.0002895816738,71.80548095703125,2336400.0
2024-03-12,71.8150718053034,72.88865802572145,71.6904620573473,72.744873046875,3656000.0
2024-03-13,73.0434294074771,73.29384407784353,72.57150000214587,72.70633697509766,3645000.0
2024-03-14,72.65819242158018,73.2167996451199,72.08031122443651,73.05307006835938,3869100.0
2024-03-15,72.552247569494,73.54426568465907,72.46556245124118,73.45758056640625,7185000.0
2024-03-18,73.36127034844381,73.69836281659106,72.3596189087601,72.56187438964844,6434600.0
2024-03-19,73.11085524201692,73.457573638133,72.63891848862175,72.70633697509766,5565100.0
2024-03-20,72.84118544353517,73.96804796398875,72.69672248404825,73.9102554321289,4132900.0
2024-03-21,73.84283900654331,74.62297574998347,73.74652791482849,74.55555725097656,3860800.0
2024-03-22,74.58444035575546,74.7674292023159,73.42868535800608,73.56352233886719,2914400.0
2024-03-25,73.66947412815114,74.27624795101913,73.54427044708342,73.76578521728516,3286800.0
2024-03-26,73.88135973533481,74.57481130398976,73.61168575820561,74.53628540039062,3861900.0
2024-03-27,74.84448174903929,75.49940738318769,74.47849670421628,75.45124816894531,3474100.0
2024-03-28,75.61498786543707,75.7979767205365,75.25862877192397,75.28752136230469,4292900.0
2024-04-01,75.12379488681198,75.41273549867957,74.44960992320762,74.77706909179688,2329300.0
2024-04-02,74.74817349836935,75.40309915731135,74.50739211417104,75.14305114746094,3335100.0
2024-04-03,75.29715265096411,76.03875606037037,74.70001218957793,74.93116760253906,3380800.0
2024-04-04,75.38384450278197,76.00987767072598,73.60206344637659,73.79469299316406,4013100.0
2024-04-05,74.0932532533688,74.9889603619578,73.86210516510671,74.84449005126953,2999900.0
2024-04-08,74.97932434082031,75.35494272620657,74.64223186009738,74.97932434082031,3027600.0
2024-04-09,75.21046945095999,75.22973607656338,72.41741127977299,72.73523712158203,4389600.0
2024-04-10,72.3210956831163,72.8893435916585,71.58912553891496,72.54261779785156,4501500.0
2024-04-11,72.08995381557112,72.09958712958063,70.88604674668028,71.43502807617188,3833900.0
2024-04-12,71.27128120086338,71.89731419453778,70.49115196072084,70.96308135986328,4176500.0
2024-04-15,71.81063750883585,72.08031148283516,70.2792714358835,70.3563232421875,3584500.0
2024-04-16,70.78972081438647,71.81063144345835,69.9229064368424,71.08828735351562,4653000.0
2024-04-17,69.96143355328458,70.83788125805953,68.87310441748255,69.90364837646484,6222900.0
2024-04-18,70.47190111664182,70.88604543459718,70.08664939211454,70.29853820800781,3162100.0
2024-04-19,70.72230218071502,71.85879050713676,70.22148017920254,71.49280548095703,3510500.0
2024-04-22,71.90695906986812,72.60040331258612,71.39649634193924,72.19589233398438,2769900.0
2024-04-23,72.27293657767122,72.88933629426876,71.92621081857708,72.1669921875,3011200.0
2024-04-24,71.6950728609475,72.36925784967272,71.62765436207498,72.20552825927734,2684600.0
2024-04-25,71.92621097092479,72.27293673075333,71.45428154429426,71.8780517578125,2987100.0
2024-04-26,71.68543482546568,72.26330868460357,71.50243861998051,71.78174591064453,5027200.0
2024-04-29,71.85879905185281,72.99528751341418,71.79138055616973,72.94712829589844,3582200.0
2024-04-30,72.70634476321878,72.87970765387898,72.32109307863338,72.5329818725586,3377300.0
2024-05-01,72.56187904848197,73.79468598667444,72.44630867944826,73.0145492553711,4548300.0
2024-05-02,75.33567810863067,76.76109973982493,74.07398604960281,75.22010040283203,6490300.0
2024-05-03,74.89263101468347,75.95206745470233,73.40941705943172,75.5860824584961,6715500.0
2024-05-06,76.19286769747534,77.17525258784858,75.89430110935444,77.02115631103516,4669100.0
2024-05-07,77.25229129040498,77.78201322594894,76.9344581290786,77.31970977783203,3644100.0
2024-05-08,77.29081754755025,77.65680257412345,76.91519920899607,76.944091796875,3137200.0
2024-05-09,76.64553025528494,77.34860776639263,76.37585628674695,76.93446350097656,3193300.0
2024-05-10,77.21378341896303,77.84944989003421,77.05005381813527,77.15599822998047,4034000.0
2024-05-13,77.15597356168732,77.4930659697534,75.99059275205124,76.0772705078125,3745800.0
2024-05-14,75.98097441686076,76.67442599188423,75.9135559219593,76.51069641113281,3141000.0
2024-05-15,76.09655261486327,76.66479316865365,75.48015284380782,75.99060821533203,2911300.0
2024-05-16,76.88631272251091,77.20414591052922,75.77871689485185,75.83650207519531,5725900.0
2024-05-17,76.11580781814753,77.79164414673626,75.92318565552887,77.57012939453125,6778800.0
2024-05-20,77.67607282628653,77.75312462960542,75.84613291181711,75.88465881347656,4312300.0
2024-05-21,75.88465379716507,76.46252758772793,75.6920243016015,75.7787094116211,2944300.0
2024-05-22,75.63424411953272,76.58773630430404,75.59571821787695,76.00023651123047,2949700.0
2024-05-23,75.74018708463494,75.74982039688342,74.21844706420075,74.71927642822266,2887800.0
2024-05-24,75.08526095420706,75.32604232233166,74.70000929559485,75.15267944335938,2045600.0
2024-05-28,75.05637415101741,75.05637415101741,73.93914498973317,74.50739288330078,3665300.0
2024-05-29,74.26661126398146,74.89264433701146,73.6213189132256,74.70964813232422,3747900.0
2024-05-30,74.62296721343616,75.75945560101825,74.43033770397723,75.36457061767578,2868200.0
2024-05-31,75.6149923774582,75.9424515520657,74.73854456059965,75.91355895996094,6188900.0
2024-06-03,75.86539512849944,76.14470241530564,74.32439574272789,75.43199157714844,3435700.0
2024-06-04,74.998584524531,75.27789179829789,73.58278887905176,73.82357025146484,4187600.0
2024-06-05,73.94878231787861,74.26661552909435,72.89897894200655,73.10123443603516,4693400.0
2024-06-06,73.26496179468714,73.75615789270259,72.62930273966563,72.83155822753906,4163500.0
2024-06-07,72.97601550132153,73.87172250532801,72.97601550132153,73.216796875,4543600.0
2024-06-10,72.9182303230193,73.50573746263991,72.64855636018972,73.216796875,4630500.0
2024-06-11,72.78340027458604,72.91823726884473,71.04014531448082,71.47354888916016,4068900.0
2024-06-12,72.08031239197518,72.29220118795136,71.19423865249735,71.92621612548828,4089200.0
2024-06-13,71.76248710390676,71.9165833715915,70.82825414060325,71.37723541259766,4322200.0
2024-06-14,70.7962182609295,71.53216788021766,70.74779770373615,71.09640502929688,3298200.0
2024-06-17,71.10609055688157,71.66773651290406,70.58317956899234,71.63868713378906,3451200.0
2024-06-18,71.52247613976645,72.00665211829835,71.21260380902362,71.78392791748047,3919300.0
2024-06-20,71.89045576536839,72.53925726852141,71.57090519640406,72.51020050048828,4748000.0
2024-06-21,72.36494972064416,73.03310759078697,71.84203874318048,72.51988220214844,14037800.0
2024-06-24,72.66513614444203,74.0208304440055,72.48114689731898,73.60443878173828,4085800.0
2024-06-25,73.70127837481442,73.97241577873083,71.92919227186624,72.15191650390625,5295900.0
2024-06-26,71.3191332577914,72.34558411411241,70.65096794825557,72.1325454711914,6713300.0
2024-06-27,71.93887141460006,72.67482100780671,71.59026410139371,72.59735107421875,3531400.0
2024-06-28,72.14223076555488,72.71355495292318,71.29008358529806,71.89045715332031,9261700.0
2024-07-01,72.6748276680649,72.95564327416241,71.59995625182908,72.1325454711914,5714800.0
2024-07-02,71.75488473778884,73.0524803140466,71.54184610676595,72.94596099853516,3778700.0
2024-07-03,73.03311166040511,73.34298402862025,72.42305251333968,72.77165985107422,2341200.0
2024-07-05,72.62640419125162,72.68450295046387,71.28039542460894,71.5418472290039,3485200.0
2024-07-08,71.6968006160108,72.7329372155569,71.6968006160108,72.44242858886719,5067800.0
2024-07-09,72.39400228859147,74.11766777842509,72.3165323504565,73.35266876220703,4763000.0
2024-07-10,73.2751920558031,73.72063307702491,73.05247523916182,73.55601501464844,3280600.0
2024-07-11,73.67222873649257,74.6018458557869,73.60444438575048,74.52437591552734,4117800.0
2024-07-12,74.6599497196057,75.27969450815806,74.2919785601342,74.69868469238281,3491200.0
2024-07-15,74.62120811268258,75.4055783127889,74.62120811268258,75.16349029541016,4072700.0
2024-07-16,75.17317801334761,75.96722651535497,75.15381422019954,75.81229400634766,3874200.0
2024-07-17,75.8413355184207,77.05177563291794,75.8413355184207,76.09310913085938,5191500.0
2024-07-18,75.95754764986708,77.33260597754827,75.43463658414167,75.58956909179688,2988900.0
2024-07-19,75.4539904999025,75.4539904999025,71.8226702865583,72.06475830078125,7045200.0
2024-07-22,72.31653908960399,74.02084094769701,72.31653908960399,73.67223358154297,5171400.0
2024-07-23,73.67222224356166,74.65993803703056,73.53665355402553,74.4468994140625,3613900.0
2024-07-24,74.41784217639541,74.80518441470655,72.82006006082364,72.87816619873047,4129700.0
2024-07-25,73.38171753345794,74.05956840460759,72.70387405024817,72.86849212646484,5303700.0
2024-07-26,73.25582567199473,75.24094271442677,73.2364544959665,74.79550170898438,3681500.0
2024-07-29,75.1150723114057,75.8607001797958,74.77615055304655,75.51210021972656,3973800.0
2024-07-30,75.82197707858049,77.4197522321311,75.67672277700116,76.50950622558594,4736200.0
2024-07-31,76.43202561705615,77.41006323077939,76.3255063032873,76.7225341796875,4025100.0
2024-08-01,74.05956560803058,74.74709465444997,71.47406010441392,72.53925323486328,11090600.0
2024-08-02,71.65804454285754,72.2196904488664,69.42115389491696,69.69229125976562,7453100.0
2024-08-05,68.57869133080912,68.97571921430904,66.81629090958124,67.93958282470703,6335200.0
2024-08-06,67.95894653944896,69.56640708593524,67.89116219209002,68.98539733886719,4514600.0
2024-08-07,69.72134874893283,70.3314078908276,68.26882064999673,68.3462905883789,4821200.0
2024-08-08,68.56900080902766,70.34108669181953,68.28817785044814,69.8569107055664,4444600.0
2024-08-09,69.78913505244464,70.02153748615954,69.23717465490911,69.77944946289062,3541200.0
2024-08-12,70.06026739331071,70.41856030151399,69.13065033769259,69.34368896484375,3998000.0
2024-08-13,69.6438753398497,69.6438753398497,68.69489449975026,69.36305236816406,3076700.0
2024-08-14,69.56641049413422,70.89305551508545,69.31464427043204,70.60255432128906,2362600.0
2024-08-15,71.54184608130451,72.00665831136538,70.75748329276279,71.09640502929688,3019300.0
2024-08-16,71.29008552094294,71.62900728434168,70.86400822527574,71.23197937011719,6155400.0
2024-08-19,71.0576749641362,72.17128136496441,70.95115564131278,72.07444763183594,2307800.0
2024-08-20,71.90014014933911,72.10349319452182,71.43532791182155,71.5418472290039,2672300.0
2024-08-21,71.5999582316585,72.06476311275661,71.17388093403493,71.99697875976562,2823300.0
2024-08-22,72.14222360513781,72.68449835802912,72.05507547182575,72.39399719238281,2726400.0
2024-08-23,73.01375687486318,73.18806056522843,72.27780713910538,72.93628692626953,2387700.0
2024-08-26,73.15900981784783,73.5560303680934,72.18097205192066,72.2487564086914,2552800.0
2024-08-27,72.60704424595299,72.68450679969162,72.0163488695469,72.07444763183594,2628400.0
2024-08-28,71.90014749119493,73.37203951574168,71.86141251845152,73.12995147705078,2386200.0
2024-08-29,73.4785505778679,74.12735206340777,72.69418778488692,73.7109603881836,2435100.0
2024-08-30,73.95305437873286,74.66963288195863,73.49792769832581,74.61153411865234,4385400.0
2024-09-03,74.321024516417,74.90203430540679,73.19773252148848,73.62380981445312,3440600.0
2024-09-04,73.97240801242258,74.35006469793342,73.63348629311021,74.2629165649414,3128500.0
2024-09-05,74.79551926578505,74.79551926578505,71.20293361491359,71.50312042236328,5059400.0
2024-09-06,71.37723034679271,72.3746317989693,69.01444892676582,69.63420104980469,7205400.0
2024-09-09,70.21522454007179,70.91243935032395,69.65357845537517,70.51541137695312,5544500.0
2024-09-10,70.75747973363683,70.78652911131573,68.76267699499847,70.02153015136719,4717000.0
2024-09-11,69.8859751995726,69.99249453062441,68.80142548404983,69.87629699707031,3441500.0
2024-09-12,70.12805638752639,70.88336983353237,69.56641040379985,70.86400604248047,2814300.0
2024-09-13,71.16418999092097,71.48374794010014,70.04090545614851,70.79621887207031,3661600.0
2024-09-16,71.37069716063577,71.79911101019817,70.8546408807854,71.0785903930664,4081500.0
2024-09-17,71.11753798184635,72.07173954950392,71.07858991785858,71.66279602050781,2675900.0
2024-09-18,71.76990167922825,72.15937489236681,71.15648638282899,71.37069702148438,3648100.0
2024-09-19,72.34437197434606,72.68515822955835,71.2051615946604,71.94515991210938,5346600.0
2024-09-20,71.51674261815913,71.99385083044119,71.14674715325188,71.81858825683594,15499800.0
2024-09-23,72.02305965560936,72.55857881826277,71.70174370086715,72.34437561035156,3770500.0
2024-09-24,71.8964770990327,72.28595031099402,71.3706968057561,71.48753356933594,4821100.0
2024-09-25,72.06200848234252,72.47095201348031,71.05911997230208,71.09806060791016,2789800.0
2024-09-26,71.1077995686273,71.68227423043301,70.93253699384057,71.1954345703125,2578900.0
2024-09-27,71.30253956073665,72.13016549340496,70.90332747556019,71.40963745117188,2851700.0
2024-09-30,71.38042470640048,71.3901635790765,70.28016980867561,71.30253601074219,3475400.0
2024-10-01,71.03964256657409,71.24411433312349,70.28991275589293,70.80596160888672,3619800.0
2024-10-02,70.75727093120166,71.09805719077083,70.27043129507904,70.54306030273438,3004400.0
2024-10-03,70.41648854436562,70.65016950255303,69.58886260315644,70.43595886230469,3303800.0
2024-10-04,71.19542884994394,74.16514608091971,70.87411291722124,74.04830932617188,4192600.0
2024-10-07,73.37646588043762,73.67830405847565,71.47779439183898,71.70173645019531,5018900.0
2024-10-08,71.97436855387309,73.03568280184238,71.8185837363538,72.66567993164062,3551700.0
2024-10-09,72.46121884359181,73.86331955051693,72.42227077633451,73.61016082763672,2499100.0
2024-10-10,75.35304322912366,75.41146161214489,74.06778680257013,74.51567840576172,3434200.0
2024-10-11,74.54488719816474,75.83988249114978,74.54488719816474,75.19725799560547,4322900.0
2024-10-14,75.43093484282221,75.8788264191985,75.20698534034237,75.57698822021484,2624000.0
2024-10-15,75.24593386167432,75.93724526172562,74.6033093972452,74.9538345336914,3340300.0
2024-10-16,75.16803752033721,75.65487716082795,74.66172756280352,75.109619140625,3144900.0
2024-10-17,76.43382601165825,77.16408549584608,75.6646184635504,77.10566711425781,5200600.0
2024-10-18,77.39776693554538,77.67039595610967,76.10277908786502,76.48251342773438,2658700.0
2024-10-21,76.48251416662262,76.73566544325874,75.32383338944686,75.50883483886719,2291200.0
2024-10-22,74.78830705873953,75.33357253569527,74.28199707504898,75.00251770019531,2872500.0
2024-10-23,74.97331584047737,75.53805169070748,74.69094791536232,75.39199829101562,2485500.0
2024-10-24,75.78146751545638,75.84962477454175,74.93436378518052,75.63541412353516,2025200.0
2024-10-25,75.95672302243321,75.96645446669285,74.281993465433,74.79804229736328,3148000.0
2024-10-28,75.40171814006764,75.9664464192221,75.29461283589052,75.44066619873047,3389900.0
2024-10-29,75.3725171555162,75.69382567443087,74.61304107181616,74.64225769042969,2772500.0
2024-10-30,74.96355824603137,75.9372374293803,74.72987732203076,74.8175048828125,2763500.0
2024-10-31,74.65198951432109,75.32383060276368,73.87305053808464,73.88278198242188,3509200.0
2024-11-01,73.86331188244525,74.96356681105024,73.64910124906045,73.72699737548828,3416300.0
2024-11-04,73.84382993456789,74.59356710875191,73.51278255896264,74.32093811035156,4528400.0
2024-11-05,73.74646404595025,74.99277229283008,72.22752679863834,73.40567779541016,6643000.0
2024-11-06,76.70646038189122,77.20303894578582,73.32779174409825,74.99278259277344,7202900.0
2024-11-07,74.51567067333377,75.09014528490367,73.86330736867929,74.57408905029297,5037500.0
2024-11-08,75.15830724443381,75.15830724443381,73.1525228429956,73.59068298339844,6826100.0
2024-11-11,74.21383715982377,75.27514402717458,73.33752430735129,73.39594268798828,4795400.0
2024-11-12,73.25962863936718,73.7075202270827,72.74357979762068,72.88963317871094,3900000.0
2024-11-13,72.85068039047081,74.21383281126708,72.74357507985648,74.08724975585938,4302300.0
2024-11-14,74.24304999927483,74.41831257838369,73.4348943606849,73.75621032714844,3285900.0
2024-11-15,73.89253237890664,74.83700262775159,73.39595378267776,73.77568817138672,5524200.0
2024-11-18,73.59068613887162,74.52541741179418,73.43489387909261,74.30146789550781,3277400.0
2024-11-19,73.40568177042431,73.68804965861472,72.81173680364162,73.31805419921875,3145100.0
2024-11-20,73.55173562722572,73.65884094511497,72.5780563217479,72.69490051269531,3998300.0
2024-11-21,72.69489957530993,74.23330721240396,72.56831651293659,73.98015594482422,4108000.0
2024-11-22,73.80490077004335,74.89541693309037,73.63936962793723,74.05805206298828,2853100.0
2024-11-25,74.72015056414688,75.23619942641265,73.79515816143468,73.95094299316406,6513200.0
2024-11-26,73.92172990364406,74.36962148555166,73.41541994149131,74.29173278808594,3640900.0
2024-11-27,74.45725580522742,75.54777184563332,74.38909855270205,75.109619140625,2461600.0
2024-11-29,74.9927750765651,75.66461615869943,74.81751250855542,74.85646057128906,1939700.0
2024-12-02,74.91489098206777,75.1777811359412,73.95094308450284,74.00936889648438,3544000.0
2024-12-03,74.36962221854539,74.38909996454137,73.10384358639612,73.1233139038086,3456600.0
2024-12-04,73.21094076255324,73.99961853026885,72.83120647227662,73.9606704711914,3234100.0
2024-12-05,74.15542592896497,74.89541691699235,73.8827894596776,74.13594818115234,4392700.0
2024-12-06,74.11647059569395,74.42804767289178,72.67542197078934,73.57120513916016,4292800.0
2024-12-09,73.56147487501471,74.16515129319268,71.98411171781525,72.13016510009766,4950500.0
2024-12-10,72.13016584201569,72.30542841684057,70.81570024512092,71.0785903930664,4323400.0
2024-12-11,71.43884633199814,71.75042338214209,70.6306908046119,71.70173645019531,4579300.0
2024-12-12,72.0230531127843,72.20805454178429,70.46516784605073,70.55279541015625,4692600.0
2024-12-13,70.9422722356911,71.5751652471683,70.55279904181411,70.95201110839844,3613000.0
2024-12-16,70.89327564016288,71.51986935436297,70.46248966055548,70.57997131347656,5695100.0
2024-12-17,69.7771510210438,70.26667785075941,69.43448373416021,69.72820281982422,6070700.0
2024-12-18,69.72819903623314,70.14919238572807,68.50438202835088,68.53375244140625,5767800.0
2024-12-19,69.0526463980814,70.45269328779489,69.03306861349735,69.60091400146484,6352400.0
2024-12-20,69.46384563801409,71.8919017025332,69.17013405792261,71.16740417480469,12134100.0
2024-12-23,70.60934386394601,71.04991496830117,70.4331139282868,70.95201110839844,2768900.0
2024-12-24,71.08908423957442,71.60798146518518,70.7366243373508,71.31426239013672,1295000.0
2024-12-26,71.08907473502077,72.00938740884692,70.83451873531847,71.80377960205078,1653000.0
2024-12-27,71.23593835823944,72.22477706520394,71.09887145886641,71.47090911865234,2488700.0
2024-12-30,70.50164468586073,71.47090556019313,70.4624816494775,71.03033447265625,3059500.0
2024-12-31,71.2261450431679,71.56881228829006,71.03033732297975,71.27510070800781,2063300.0
2025-01-02,71.76462893268798,71.91148099101285,71.05970917438515,71.45133209228516,2422000.0
2025-01-03,71.53944524508834,71.76463085653297,70.94222195993748,71.2848892211914,2964600.0
2025-01-06,71.53944173740055,72.40100616196462,70.7953589568855,70.95201110839844,3789200.0
2025-01-07,71.25551872621588,71.90169767776298,70.58976198958526,71.06949615478516,3235400.0
2025-01-08,70.35478541991024,70.35478541991024,68.04421855208554,69.93379211425781,6850300.0
2025-01-10,67.7896676823482,69.23867026511381,67.7896676823482,69.02327728271484,7175200.0
2025-01-13,68.58270205860752,69.39531080326057,68.50437598431296,69.35614776611328,4117800.0
2025-01-14,69.35615238091374,71.16740748896095,69.16034465173429,71.06949615478516,4827300.0
2025-01-15,72.16604535237745,72.45976444216058,71.216362094277,71.5394515991211,3856500.0
2025-01-16,71.42195528578938,73.1744620808345,71.40237750091342,73.04718780517578,4627400.0
2025-01-17,73.2527792150568,74.1143435665325,73.09613454641807,73.51712036132812,4899400.0
2025-01-21,73.83042957803943,74.33953412216268,73.53671053400852,73.59545135498047,3965200.0
2025-01-22,73.97728083082117,74.20246642475549,73.13529421459185,73.18424987792969,2484700.0
2025-01-23,73.17446620260259,73.63462260376023,72.9982362504483,73.03739929199219,3193100.0
2025-01-24,72.88075232522435,73.24299737644543,71.82337264523521,72.23457336425781,3628300.0
2025-01-27,72.44996626867378,74.54514037130906,72.35206240276847,74.5157699584961,4188800.0
2025-01-28,74.63325316619358,75.31858764281827,73.46817708634605,73.59545135498047,2914700.0
2025-01-29,73.45838396128863,74.96612726921947,73.45838396128863,73.83042907714844,3340700.0
2025-01-30,74.27100354634511,74.4178630740392,73.52692075039138,73.84021759033203,3199800.0
2025-01-31,73.42901649382627,73.7814763705635,71.8625323025418,72.1170883178711,4453600.0
2025-02-03,71.13803104767334,71.95063977752783,70.23729614886038,71.56880950927734,4056200.0
2025-02-04,71.3142589925031,72.26394215771603,71.16740693156171,71.19677734375,2641400.0
2025-02-05,71.333836763955,71.94085260731752,71.12823643061895,71.84294128417969,3148500.0
2025-02-06,72.62619172722333,73.12551112294707,71.75483467621494,73.01781463623047,3153400.0
2025-02-07,73.15488921290913,73.49755649316504,72.78284404898574,73.12551879882812,2904400.0
2025-02-10,73.24298658902154,73.85000242026118,73.13529011138895,73.51712036132812,3839700.0
2025-02-11,73.63461880199671,75.00529530691891,73.47797411349515,74.33953857421875,4672900.0
2025-02-12,73.6639914984745,75.3577575297845,72.07792943137902,75.25006103515625,5532400.0
2025-02-13,75.51440283383157,75.63189195699059,73.45839173085977,74.79969787597656,3641300.0
2025-02-14,74.50597324389808,74.71157359189657,72.40100662926736,72.7828369140625,5336400.0
2025-02-18,72.79262924489964,74.04581658165141,72.29330984774252,73.87937927246094,4305400.0
2025-02-19,73.54651082213984,74.22205274244614,72.26394549715623,73.70315551757812,4189900.0
2025-02-20,73.477970777281,74.73115810673745,73.20382951307492,74.65283203125,5043800.0
2025-02-21,74.79970069770317,76.18016246636289,74.47661119901746,75.04446411132812,5936200.0
2025-02-24,75.34795576495989,77.34522578278977,75.32837798175902,76.92423248291016,4967900.0
2025-02-25,77.34522934480376,78.56904626481646,77.20816244732919,77.36480712890625,6206400.0
2025-02-26,77.34523191622637,77.64873613221242,76.199741033712,76.5326156616211,3684600.0
2025-02-27,76.86549142679888,78.82359840260617,76.63051321160057,78.0207748413086,4883300.0
2025-02-28,78.32428550087609,81.26144620715894,78.31449287370441,81.20270538330078,10011800.0
2025-03-03,81.20270585465387,82.01531464455705,80.11595578945415,80.86003112792969,7009000.0
2025-03-04,79.96909129247649,80.42924763901854,77.73685047652275,78.17742156982422,8103800.0
2025-03-05,79.13689293397006,80.25301328037266,78.23616554381798,79.6068344116211,4689200.0
2025-03-06,79.21522385037986,80.00825481092984,78.66694880012622,79.57746887207031,4287300.0
2025-03-07,79.02920063745411,80.0963653795076,78.53967388174104,79.81243896484375,4439100.0
2025-03-10,79.18585438012512,81.19291729614724,78.81381669224389,80.20407104492188,5444400.0
2025-03-11,80.20406191288616,80.44882529089392,78.9802450228473,79.92013549804688,6174600.0
2025-03-12,79.99847031549804,80.03763335661004,77.83476271376756,78.69632720947266,4357000.0
2025-03-13,79.05856638302721,80.39007967757132,78.49071358720413,79.84181213378906,6233900.0
2025-03-14,79.84181874341097,81.7901331859993,78.91171340368534,81.38871765136719,6241300.0
2025-03-17,81.29034268854289,82.92343322518242,81.15261306565782,82.53975677490234,4710100.0
2025-03-18,82.5594330496945,83.61208521956458,82.19543653190789,82.677490234375,6080300.0
2025-03-19,82.70699879620945,83.1595400578229,81.86094110971864,82.30364990234375,6745900.0
2025-03-20,81.74288576138035,83.2874390771159,81.74288576138035,82.35283660888672,5679400.0
2025-03-21,81.91996578275922,82.62829384498278,81.25099011351492,81.83142852783203,15949400.0
2025-03-24,82.51024815019444,83.03165424733288,82.00851449764343,82.83489227294922,4379700.0
2025-03-25,83.11035132545706,83.51370020053943,81.94948205426454,82.5594253540039,3492400.0
2025-03-26,82.85457803459504,83.73014824133402,82.26430708144663,82.82506561279297,6965100.0
2025-03-27,83.1988925347021,83.671113746171,82.21510522436829,83.05132293701172,5337700.0
2025-03-28,83.26775723808046,83.52354404003155,81.56580939660567,82.26429748535156,5574900.0
2025-03-31,83.14970078861579,86.09123027261282,82.93327388351341,85.53047180175781,9834100.0
2025-04-01,85.55998984514578,86.02237111576939,84.87133417406943,85.40258026123047,6705600.0
2025-04-02,84.62538565396882,86.64215275019029,84.42863118367,86.2978286743164,4944200.0
2025-04-03,84.60571287666596,86.05188149535384,84.23187638228687,84.8024673461914,6291100.0
2025-04-04,82.80537680215569,83.18905325593948,77.00103012148831,77.67000579833984,6406300.0
2025-04-07,76.5189780557116,79.6572620701439,74.85637505034249,76.30254364013672,10099700.0
2025-04-08,77.75855029607897,79.90320694349784,75.39745923839833,76.41075897216797,7738800.0
2025-04-09,75.28924134723185,82.19543244037597,75.28924134723185,81.47726440429688,7565200.0
2025-04-10,79.83434294932981,81.72321281253964,78.34882198652859,80.03109741210938,4402300.0
2025-04-11,79.81465939777429,81.38872505178342,78.83087211686924,80.64104461669922,4039600.0
2025-04-14,81.6543461150187,82.55942863203369,80.05077551384856,80.17866516113281,6105600.0
2025-04-15,80.62136840820312,81.4182412465829,80.21801950728393,80.62136840820312,4550000.0
2025-04-16,81.04439323873657,81.55596682635768,79.34244545142717,79.65725708007812,3468300.0
2025-04-17,79.99174307747245,80.82796828824937,79.36211980501318,79.82450103759766,4021400.0
2025-04-21,79.77530821201262,79.8638529715975,77.33551992167257,78.09303283691406,3637500.0
2025-04-22,79.23423403718964,80.61153782776516,78.6341231534796,80.31639862060547,3545000.0
2025-04-23,80.94601619448076,81.03456095264214,79.84417924457051,80.32623291015625,3086100.0
2025-04-24,80.3065606446875,81.49694246664879,79.89337174893934,81.11326599121094,2620800.0
2025-04-25,80.72958360254839,80.99521037728861,79.48017703148217,79.90320587158203,2657600.0
2025-04-28,80.14915095131563,80.93617627237408,79.79498692984387,80.60169219970703,3055500.0
2025-04-29,80.25737385828299,81.21164878921742,80.25737385828299,80.67056274414062,3331600.0
2025-04-30,80.03109170822106,80.6213625601923,78.7029804148605,80.19833374023438,5777400.0
2025-05-01,79.2932586778352,80.09013153289072,79.04731184105178,79.52936553955078,5974900.0
2025-05-02,79.32276805024621,82.73651121457749,77.17811141565114,82.30364990234375,5783300.0
2025-05-05,82.05770101021243,82.68732427189258,81.31002057232926,81.70353698730469,2619000.0
2025-05-06,81.17229838021211,81.95932377647449,80.98537637721262,81.19197082519531,2482300.0
2025-05-07,81.36904505051612,81.83142627315561,80.19833578516942,80.36558532714844,3325100.0
2025-05-08,80.88699329019424,81.65434618596943,80.37541968920979,80.49347686767578,3710000.0
2025-05-09,80.79844683025945,81.56580721559408,80.35574555530218,81.07391357421875,4926000.0
2025-05-12,81.6346760456357,82.13640218044343,80.15899504883298,82.11672973632812,5265100.0
2025-05-13,82.29380603867797,83.21856096188169,82.0576991971899,82.28396606445312,3285800.0
2025-05-14,82.31347994072368,82.4020246989147,80.33607291144024,80.56233978271484,4188400.0
2025-05-15,80.80829076998675,81.99867253984353,80.53283151821185,81.88062286376953,2856900.0
2025-05-16,81.91013171535343,82.9922962312097,81.81175448767583,82.96278381347656,2570100.0
2025-05-19,82.96278563403476,83.20873246147656,82.49056442283785,82.97261810302734,2035300.0
2025-05-20,82.59877784814962,83.19888868010631,82.49056064857048,82.71683502197266,2172000.0
2025-05-21,82.49056597976241,82.60862316121522,81.25099184446364,81.29034423828125,2644100.0
2025-05-22,81.4083916599422,81.55596124264115,80.08028042705307,80.69022369384766,3172800.0
2025-05-23,79.93271840776916,80.7000713035715,79.814661229299,80.29672241210938,3313900.0
2025-05-27,80.7197496544559,82.03802101227886,80.29672082210797,81.82158660888672,2840900.0
2025-05-28,81.64450639673234,82.11672760596707,81.30018234088486,81.3985595703125,3288000.0
2025-05-29,81.25099202736048,82.42170135253913,81.25099202736048,82.23477935791016,3004400.0
2025-05-30,81.91996234448379,83.54321283466615,81.76256028487462,83.26775360107422,7861700.0
2025-06-02,82.74634789180314,84.36959838867188,82.59877830014213,84.36959838867188,3300300.0
2025-06-03,84.12365724940875,84.49749373524256,82.58894390052413,84.16300964355469,3187300.0
2025-06-04,84.16300568095991,84.29089532663657,83.45467763108628,83.63175964355469,3686800.0
2025-06-05,83.96624566195207,84.08430284156258,83.03165071689891,84.03511047363281,2838800.0
2025-06-06,84.85164860530749,86.0420302531732,84.72375896743297,85.9239730834961,3823900.0
2025-06-09,85.28451678029509,85.5206236122648,81.49692996644714,83.79899597167969,6854600.0
2025-06-10,83.3563002298883,83.82851392502131,82.52007503037534,82.96278381347656,3328100.0
2025-06-11,83.1693839873112,83.4743556658847,82.55943312446236,83.03165435791016,3499800.0
2025-06-12,82.37251145609021,84.48764808296599,82.3626714817895,84.40895080566406,3526500.0
2025-06-13,84.06280810409233,84.88365851173933,83.44964137574014,83.67710876464844,3429700.0
2025-06-16,84.37927570581557,84.9330988253676,83.75622469631953,84.49795532226562,3468600.0
2025-06-17,84.17159112038068,84.83420199481898,82.74746591956786,83.2914047241211,3385300.0
2025-06-18,83.26174702655071,84.12214982095631,83.0837313543849,83.32108306884766,4097200.0
2025-06-20,83.6870042942474,84.56719077883594,83.49909677104037,84.19137573242188,9182800.0
2025-06-23,84.07269736476995,85.0023279655088,83.50898238257088,84.87376403808594,3886100.0
2025-06-24,85.0517853417243,85.20013298800319,84.42873428168267,84.51773834228516,3174900.0
2025-06-25,84.2210547958722,84.58697045696697,82.84637358070978,82.97494506835938,5057000.0
2025-06-26,83.32107943225884,84.27049379394717,83.00460797836273,84.03314208984375,5110700.0
2025-06-27,84.08258496153073,84.68585984004902,83.54854552195589,83.6573257446289,8170500.0
2025-06-30,83.66721134705048,84.72541338278128,83.54853927835758,84.64629364013672,4597200.0
2025-07-01,84.91332591870207,85.5166007878982,84.0133557696384,84.9232177734375,3622900.0
2025-07-02,84.61663412675445,84.88366139869707,81.19478413886462,81.45191955566406,5205300.0
2025-07-03,81.8079511683953,82.7573655429757,81.68927154209474,82.26287841796875,2804200.0
2025-07-07,82.14420049157354,82.42111208006393,81.44202966496579,82.11453247070312,4335100.0
2025-07-08,81.87717829344729,82.63868513886973,81.66949460833207,82.28265380859375,4205800.0
2025-07-09,82.35188271380513,82.50023036078561,81.74861536122741,82.15409088134766,2852200.0
2025-07-10,81.97607097612442,82.0947505966284,81.23434032484188,81.55081176757812,3287100.0
2025-07-11,81.01676694552225,81.55081393406616,80.7002954943786,80.87831115722656,3324200.0
2025-07-14,80.37393387678544,81.26401220972417,79.87944675240556,80.72996520996094,6953300.0
2025-07-15,80.49261128059759,80.86841876845165,79.83989221798005,80.17613983154297,4796300.0
2025-07-16,80.75964149725398,81.02666122688476,79.62231959196035,80.0970230102539,4054600.0
2025-07-17,79.99812709354897,80.25526251320163,78.73224125106641,80.0970230102539,3999300.0
2025-07-18,80.27503058235442,80.6508455913153,79.97834286216185,80.31459045410156,2967400.0
2025-07-21,80.433282148335,81.03655707884569,79.88934326171875,79.88934326171875,2928800.0
2025-07-22,79.9882308567486,80.67062547159993,79.71131928703339,80.52227783203125,3329900.0
2025-07-23,80.07724032125155,80.15636006627963,77.09053408127156,78.63333892822266,5584000.0
2025-07-24,78.16852253914209,78.75201370187251,77.76303949091971,78.35643005371094,6072100.0
2025-07-25,78.42566015806601,79.4146343969053,78.37620842801418,79.21683502197266,4476800.0
2025-07-28,79.0783770023528,79.34540426466374,77.91138713161752,78.35643005371094,4499300.0
2025-07-29,78.85091707527859,79.2465007230192,77.46635167236316,78.04984283447266,4504400.0
2025-07-30,77.70370180331442,78.09929298835311,76.00266498934002,76.5564956665039,4479500.0
2025-07-31,76.36858761886225,77.66414138411058,76.36858761886225,76.77406311035156,5026500.0
2025-08-01,76.54660743913558,76.75429112343541,75.52796518245209,76.15101623535156,4438100.0
2025-08-04,76.55649378065081,77.44656449346948,76.25979851286186,77.42678833007812,4757900.0
2025-08-05,77.78282559199084,78.24764469267382,77.21911057622684,77.57514190673828,2788800.0
2025-08-06,78.21796910641466,78.43554464669934,77.81249359110883,78.18830108642578,4238500.0
2025-08-07,77.02131030651016,77.45646138214383,74.43020265320854,75.75542449951172,5966900.0
2025-08-08,76.4180362371192,77.81249353783934,75.89388109694201,77.2685546875,4170700.0
2025-08-11,77.82238221804471,78.22785771653099,77.5355787945913,77.7630386352539,3839900.0
2025-08-12,78.01028397024302,78.1289635932658,77.13009751566237,77.61470031738281,5093700.0
2025-08-13,77.64436597453901,79.19705515512676,77.58502239219585,79.00914764404297,4293700.0
2025-08-14,79.18716307762617,79.55308624416084,78.73223585573872,79.42451477050781,2524100.0
2025-08-15,79.57286589216955,79.77066526596022,79.08827063061295,79.1278305053711,3437800.0
2025-08-18,78.92014459188553,79.6618752457744,78.48499352711625,79.49374389648438,3330000.0
2025-08-19,79.61242436889967,80.4332747788486,79.16738898991622,80.39371490478516,2671900.0
2025-08-20,80.72996258950744,81.92662048623089,80.59150680279726,81.62004089355469,3424400.0
2025-08-21,81.72883405642605,81.877181707773,81.25413062644579,81.67938232421875,3459700.0
2025-08-22,82.31233036951096,82.85626168131371,82.08486297147634,82.4606704711914,3123700.0
2025-08-25,82.30243358241657,82.42110565664963,81.7683866125449,81.8771743774414,2445300.0
2025-08-26,81.38269119359641,82.02552595927192,81.15522379825599,81.66949462890625,4164200.0
2025-08-27,81.61015321677009,81.97607641196598,81.08599806235087,81.30357360839844,4508300.0
2025-08-28,81.31346122468119,81.31346122468119,80.38382304740583,80.7002944946289,3269600.0
2025-08-29,81.05632853580207,81.2442360575842,80.29482168405688,80.42338562011719,4039900.0
2025-09-02,80.48272020274032,80.55194809709957,79.01904256620938,80.15636444091797,6011600.0
2025-09-03,79.73110589640774,80.55194878069773,79.56297454130168,80.44316101074219,3612200.0
2025-09-04,80.77941332293626,81.04643303822249,80.34426225848158,80.82886505126953,3464500.0
2025-09-05,80.56183902792232,80.67062679570667,77.97072385611906,78.3366470336914,4665600.0
2025-09-08,78.05973638596232,78.27731192411356,77.28833769271674,77.90149688720703,5387000.0
2025-09-09,77.80260028890905,78.39598331347389,77.57514044304189,77.61470031738281,3999600.0
2025-09-10,77.29822361747472,78.04983854307554,76.86307257455654,77.13998413085938,4137000.0
2025-09-11,77.19932418290695,77.9608385476405,77.03120037858504,77.85205078125,3960700.0
2025-09-12,77.81249459571406,78.15863407551099,77.57514288746398,78.05973815917969,4754200.0
2025-09-15,77.99051167897144,78.05973957618752,75.97300325903538,76.1806869506836,5193200.0
2025-09-16,75.88224796805557,76.31000610001485,75.50423215431032,75.94193267822266,5740400.0
2025-09-17,75.99167039904682,77.06604065472975,75.89219335824916,76.3995361328125,6869700.0
2025-09-18,76.04141762614064,77.73255019777469,75.96183295251706,77.62312316894531,8328100.0
2025-09-19,77.50374892432053,77.71265298737119,76.16078230674789,76.57859802246094,13509200.0
2025-09-22,76.26027028801415,76.4393244159717,75.63355048171448,76.13094329833984,5241300.0
2025-09-23,76.061310026178,76.83724162024714,75.91209066048496,76.30005645751953,5096300.0
2025-09-24,76.1110459692326,77.54353202690298,75.85239959633746,77.4937973022461,4273200.0
2025-09-25,77.59327607889882,78.06082652089161,76.40947879722448,76.69796752929688,3001400.0
2025-09-26,77.18541376595665,77.88176826412756,77.02625201097696,77.5733871459961,3152700.0
2025-09-29,77.4142126352612,77.81212838057412,77.03619685150026,77.4937973022461,4056400.0
2025-09-30,77.39432342086981,78.35925908638599,77.28489639670404,78.13046264648438,3969300.0
2025-10-01,78.03098414322795,79.32420085704018,77.87181480574303,79.22472381591797,3850700.0
2025-10-02,78.93623508393534,79.67237429577379,78.39904995434131,79.22472381591797,2727300.0
2025-10-03,79.27446746091428,81.01534227339285,79.27446746091428,80.59752655029297,3753700.0
2025-10-06,81.1546110649846,82.7363165258828,80.8959646839077,82.58709716796875,5067200.0
2025-10-07,82.78605861570357,83.68136717113168,82.42793519353232,83.61173248291016,5923100.0
2025-10-08,84.05938162122453,84.24839331035037,82.70647262346549,83.5619888305664,3485700.0
2025-10-09,83.81069081660117,84.05938722851987,82.34835470018128,82.73632049560547,4137300.0
2025-10-10,83.12428583142245,83.2536128222569,80.72685638038031,80.8760757446289,5021100.0
2025-10-13,80.68705946810648,81.69179503481466,80.40852071843175,81.39335632324219,2726800.0
2025-10-14,81.20434446912967,82.68658045343534,80.94570568187548,82.47767639160156,3483500.0
2025-10-15,81.78132411674892,82.29861688431755,80.05039927981794,80.8362808227539,5347900.0
2025-10-16,77.90165967887764,79.31426103110643,76.54875062494233,76.6183853149414,10396800.0
2025-10-17,76.78749990937784,77.80217784252703,76.78749990937784,76.95661163330078,4031600.0
2025-10-20,77.1058351363187,77.64302027912042,76.70791937243462,77.28489685058594,2760400.0
2025-10-21,77.30478607504482,78.19014462908243,76.94666266109571,77.9712905883789,2643300.0
2025-10-22,78.24984258103,78.94618949759564,77.62312276650874,78.52838134765625,5152800.0
2025-10-23,78.86660088355697,78.86660088355697,78.14041164822666,78.4388427734375,3207000.0
2025-10-24,78.50848142781938,79.3242053546511,78.23989264259949,78.58806610107422,2634300.0
2025-10-27,78.83676151864492,79.22472730885478,78.51843041925191,78.89644622802734,2822400.0
2025-10-28,78.74722844902796,78.83675550627393,77.64301587199199,77.98123931884766,2604700.0
2025-10-29,77.59327951926403,78.11056470996313,77.0660443471249,77.5733871459961,2845000.0
2025-10-30,77.75244524433752,80.03049756326621,76.79744440046807,77.78228759765625,2770000.0
2025-10-31,77.41421618628527,78.99592925931489,77.38437383219994,78.54827117919922,3250100.0
2025-11-03,78.59801349574938,78.88650223459408,78.01108603682756,78.54827117919922,4197200.0
2025-11-04,78.58806392508201,80.84622394147472,78.53832160827199,80.28914642333984,5270900.0
2025-11-05,81.57241761938297,81.70173701261692,75.88224288330278,75.92203521728516,7972100.0
2025-11-06,76.29011368301319,77.0660452731919,75.75292852297896,75.88224792480469,4023900.0
2025-11-07,76.14088860414238,77.085931861853,75.97177687838138,76.52885437011719,4259500.0
2025-11-10,76.21052453591444,76.93671376527742,75.27542365412525,76.51890563964844,4416000.0
2025-11-11,76.75765760073557,76.94666169656446,75.73302209668462,75.75292205810547,4581900.0
2025-11-12,75.69323283417796,77.74249633580285,75.06652063700425,77.59327697753906,4892900.0
2025-11-13,77.70270560199295,78.82681062346649,77.49380153196398,77.94145202636719,4681600.0
2025-11-14,78.06082846149143,78.44879424436185,77.0163005293868,77.3445816040039,4337700.0
2025-11-17,77.57338825116896,78.17025812266745,76.0115750857687,76.06130981445312,4019400.0
2025-11-18,76.36969023945561,77.38437584238638,75.96183207367481,76.66812896728516,2422200.0
2025-11-19,76.4492736543458,76.93671648480958,74.69844883175033,75.35501098632812,3518300.0
2025-11-20,76.06130782318442,76.79744705910684,74.95709517449478,75.29532623291016,3270300.0
2025-11-21,75.6832884393618,76.53880464184297,75.10631098380722,75.56391143798828,5545900.0
2025-11-24,75.6037042025561,75.6037042025561,74.40996454046568,74.71834564208984,4706300.0
2025-11-25,75.12620881225003,75.84245569328831,74.55918129636342,74.6188735961914,4063300.0
2025-11-26,75.04663141325105,76.06130943071813,74.8974120487262,75.64350128173828,3134100.0
2025-11-28,75.64350140822683,76.35974828745405,75.41469737029118,75.76287841796875,1427800.0
2025-12-01,75.67334037731085,77.08593410946342,75.67334037731085,76.21052551269531,3973400.0
2025-12-02,76.15084364742586,76.61838652215094,75.5141814460852,76.54875183105469,4289800.0
2025-12-03,76.43932493066755,76.98646006848435,75.63355099098473,76.66812896728516,3808000.0
2025-12-04,76.24036724654255,77.49379921891564,76.17073255861136,76.87702941894531,3455800.0
2025-12-05,76.12099126106307,76.87703044700612,76.05135657220067,76.62833404541016,4223000.0
2025-12-08,76.39953689392098,76.39953689392098,75.15605489753301,75.9120864868164,4153700.0
2025-12-09,76.04141485506494,76.91682346418641,75.86235314074328,76.02151489257812,3672400.0
2025-12-10,75.91208733188279,82.25882436945146,75.84245264289436,80.65721893310547,13424400.0
2025-12-11,80.00065473924312,84.55677452951682,80.00065473924312,82.41798400878906,10529100.0
2025-12-12,83.09443928550697,84.54682533907504,82.54731176367346,84.4572982788086,6717600.0
2025-12-15,84.59656651991942,86.12853722180776,83.77089266812561,85.8499984741211,7679300.0
2025-12-16,86.2699966430664,86.44000244140625,84.31999969482422,84.54000091552734,5994900.0
2025-12-17,84.7300033569336,86.33999633789062,84.45999908447266,86.13999938964844,7404500.0
2025-12-18,85.58000183105469,86.80999755859375,84.93000030517578,86.19000244140625,4960800.0
2025-12-19,86.31999969482422,86.83999633789062,85.66999816894531,86.02999877929688,10255400.0
