date,open,high,low,close,volume
2015-12-21,9.665650208169216,9.789401519813484,9.56143844654223,9.763348579406738,663900.0
2015-12-22,9.769864082336426,9.880589258295004,9.698218636013737,9.769864082336426,621200.0
2015-12-23,9.769861107451726,10.349539756774902,9.769861107451726,10.349539756774902,1084400.0
2015-12-24,10.316972638332889,10.316972638332889,10.03038971996198,10.16065502166748,269800.0
2015-12-28,10.030391180553773,10.09552384089092,9.91315326155842,9.952232360839844,1062200.0
2015-12-29,9.984799124046472,10.095524278731096,9.893613519849984,10.01736545562744,798100.0
2015-12-30,9.958746423107977,10.23881601184496,9.86756081671309,9.932693481445312,1030600.0
2015-12-31,9.900127333899826,10.004339102495962,9.815455116627684,9.88710117340088,758800.0
2016-01-04,9.75683472007734,10.09552355023783,9.587490926148162,10.075984001159668,541000.0
2016-01-05,10.075985523655936,10.12157801877776,9.83499564477446,9.91966724395752,928900.0
2016-01-06,9.71124019224367,9.73729312592648,9.522356267755564,9.672161102294922,1643500.0
2016-01-07,9.522356411400072,9.724267116350868,9.40511789748342,9.483277320861816,958100.0
2016-01-08,9.489792461536126,9.607031004769462,9.1120245123966,9.118537902832031,692700.0
2016-01-11,9.131563186645508,9.255314478874991,8.994785115680813,9.131563186645508,2428600.0
2016-01-12,9.20972210665107,9.307420463739149,8.95570550861066,9.196695327758787,1518200.0
2016-01-13,9.235774690466076,9.405118461539525,8.981758102129428,9.072943687438965,1617600.0
2016-01-14,9.098997465530037,9.11853701378013,8.55839853511944,8.721229553222656,2320100.0
2016-01-15,8.486754146674894,8.844982580677074,8.167605437954348,8.714717864990234,1507300.0
2016-01-19,8.805899114895434,8.98175623868106,8.369512067628083,8.597475051879883,1246100.0
2016-01-20,8.389055755033182,8.643072416178118,8.076419816612404,8.467214584350586,1298400.0
2016-01-21,8.499779803699907,8.955706558828219,8.499779803699907,8.564911842346191,1124800.0
2016-01-22,8.669124928143779,8.99478701134578,8.669124928143779,8.988273620605469,825000.0
2016-01-25,8.89708949399759,9.033867616545702,8.571427356611728,8.623533248901367,1048700.0
2016-01-26,8.630045982662436,8.994787822028652,8.59096625584952,8.942681312561035,849300.0
2016-01-27,8.942680937478341,9.027353157728935,8.734257392954515,8.858009338378906,1038100.0
2016-01-28,8.93616597435255,8.988271847695048,8.577937629259619,8.747282028198242,771600.0
2016-01-29,8.858008928722667,9.00781318913338,8.701690656407886,8.844982147216797,654500.0
2016-02-01,8.747283770527298,9.04689291249986,8.558399786750105,8.844982147216797,1153600.0
2016-02-02,8.721227359290266,8.766819834121483,8.349972309026015,8.428131103515625,1370400.0
2016-02-03,8.643070728014658,8.77984818674139,8.122011346520717,8.29135513305664,2741400.0
2016-02-04,8.239248247616526,8.955704887040122,8.226222090779332,8.727741241455078,4021300.0
2016-02-05,8.753796944965833,8.897088442401545,8.617018838584281,8.858009338378906,1918600.0
2016-02-08,8.695174427793729,8.760306445959628,8.16760178855026,8.428131103515625,2945200.0
2016-02-09,8.284840529421912,8.623528648629405,8.180628800434992,8.577936172485352,2161700.0
2016-02-10,8.695174641619708,8.825439302305774,8.382538834822254,8.43464469909668,1913600.0
2016-02-11,8.245763211676072,8.349974970883498,8.043853083499455,8.206684112548828,2891000.0
2016-02-12,8.323920441086658,8.734254630449158,8.258788414598762,8.727741241455078,1994500.0
2016-02-16,8.727741847203804,9.26182797991818,8.630043490115726,9.196695327758787,2510100.0
2016-02-17,9.303016941575544,9.774812826104156,9.196696849352374,9.74158763885498,1922900.0
2016-02-18,9.821327173338666,10.366218566894531,9.522301771810838,10.366218566894531,4840800.0
2016-02-19,10.06719307465593,10.06719307465593,9.741587633956764,9.907712936401367,3183100.0
2016-02-22,10.100420863246654,10.107066029148154,9.88778062414185,9.967520713806152,1832200.0
2016-02-23,9.854553689726828,9.947584094780902,9.661848348607364,9.768168449401855,959000.0
2016-02-24,9.635265980291516,9.708360873382963,9.3960458116778,9.68842601776123,1121900.0
2016-02-25,9.754878699390945,9.921004014387558,9.595397915368675,9.81468391418457,1248600.0
2016-02-26,9.84790894818068,10.047259462595708,9.788103730484387,10.014034271240234,606200.0
2016-02-29,10.033969954365192,10.352930276433712,9.881134324752322,10.332995414733888,1087300.0
2016-03-01,10.47918216363986,10.658597756477002,10.332991751000442,10.46589183807373,1461700.0
2016-03-02,10.605439557867053,10.731694511561225,10.36621934542232,10.558924674987791,734300.0
2016-03-03,10.55227862216068,11.010784149169922,10.49911857942679,11.010784149169922,1266200.0
2016-03-04,11.077235583797956,11.276585446345656,10.970915488114446,11.19684600830078,1181400.0
2016-03-07,11.1303946112264,11.349679946899414,11.057299076856928,11.349679946899414,925300.0
2016-03-08,11.29651881610865,11.376259506599762,10.997492811061075,11.163618087768556,870700.0
2016-03-09,11.176908453589292,11.356324057251898,10.997492849926685,11.170263290405272,470500.0
2016-03-10,11.243358778259667,11.256649104580733,10.911108224844709,11.163618087768556,396300.0
2016-03-11,11.256650809273063,11.362970901072002,11.150330717474125,11.23671531677246,604400.0
2016-03-14,11.329744708085572,11.382904752238876,11.11710453147236,11.28322982788086,737800.0
2016-03-15,11.2234253985039,11.2234253985039,10.990850981343424,11.19684600830078,626500.0
2016-03-16,11.196843816788,11.303163891661912,11.010783052041022,11.256649017333984,633700.0
2016-03-17,11.276581028562235,11.595542458089966,11.24335648696571,11.469286918640137,840600.0
2016-03-18,11.456000621523918,11.588901369491332,11.289875320282384,11.396195411682127,867200.0
2016-03-21,11.382904498466228,11.416130317468443,11.1769094903941,11.349679946899414,437700.0
2016-03-22,11.343032204888209,11.615477521604,11.256647629988006,11.608832359313965,584100.0
2016-03-23,11.542388728733387,11.5822584538896,11.32974723721694,11.336392402648926,425100.0
2016-03-24,11.256650438369752,11.256650438369752,10.339638726242564,11.117104530334473,1500800.0
2016-03-28,11.130391833815166,11.156972482384164,10.950976258279695,11.037362098693848,407600.0
2016-03-29,11.03736308383603,11.296518093339255,10.764917748862077,11.20348834991455,791400.0
2016-03-30,11.250003611167736,11.529094118540796,11.2234229593059,11.32309913635254,289600.0
2016-03-31,11.343033036212391,11.442707942997776,11.296518164208226,11.376258850097656,424200.0
2016-04-01,11.289874820932784,11.56232020152384,11.250005105280175,11.529095649719238,394000.0
2016-04-04,11.515806456693635,11.595547163291236,11.343035981928455,11.449356079101562,991800.0
2016-04-05,11.329741593216138,11.336386755337784,11.12374663718541,11.190196990966797,549800.0
2016-04-06,11.190197753473129,11.250002949208026,10.79814203362664,10.838011741638184,1277400.0
2016-04-07,10.711758782635684,10.764918822384743,10.445957950172726,10.632018089294434,1377000.0
2016-04-08,10.685178751490046,10.81807949232226,10.432668231113622,10.51905345916748,682300.0
2016-04-11,10.58550296803046,10.751628246832103,10.51240743977844,10.698468208312988,459500.0
2016-04-12,10.725047137327342,10.924398223864817,10.705112915878262,10.891172409057615,462100.0
2016-04-13,10.96426826269369,11.210134229892285,10.931043714326306,11.163618087768556,663400.0
2016-04-14,11.176907771232637,11.323098817485397,11.110457410884583,11.269937515258787,679300.0
2016-04-15,11.216779862650762,11.362970939951108,11.216779862650762,11.24336051940918,381600.0
2016-04-18,11.223420696406318,11.522446632385254,11.223420696406318,11.522446632385254,843200.0
2016-04-19,11.509162747735308,11.681933244350484,11.48922851914151,11.595548629760742,442000.0
2016-04-20,11.602189917176448,11.68857577976507,11.529095649719238,11.529095649719238,591000.0
2016-04-21,11.53574073585551,11.65535114944297,11.409485158464816,11.5158052444458,474300.0
2016-04-22,11.502514878028268,11.61548012743133,11.429420611310094,11.509160041809082,328900.0
2016-04-25,11.449354025998408,11.515804391674576,11.276583582214498,11.369614601135254,397100.0
2016-04-26,11.429420183221309,11.562319651553668,11.396194365561705,11.489225387573242,320900.0
2016-04-27,11.50251606559286,11.808187293892054,11.42942179132815,11.774961471557615,1181000.0
2016-04-28,11.661992791231627,11.721797986463391,11.535738505684709,11.568963050842283,609600.0
2016-04-29,11.522451038770413,11.555675592169278,11.08388034324092,11.23671531677246,856200.0
2016-05-02,11.256650155315096,11.648705946335404,11.256650155315096,11.509160041809082,532800.0
2016-05-03,11.402839319943208,11.402839319943208,11.057298427233334,11.289874076843262,447200.0
2016-05-04,11.176908897823782,11.36296967206553,11.03071910427084,11.137039184570312,673300.0
2016-05-05,10.95762279682017,11.170262942341749,10.632017415560847,11.057297706604004,623300.0
2016-05-06,10.97756145443088,11.396196703336404,10.97756145443088,11.343036651611328,760100.0
2016-05-09,11.283232346628742,11.3496827335129,11.097172784275951,11.336392402648926,493800.0
2016-05-10,11.429420823684938,11.482580867483849,11.329744632555984,11.436064720153809,517600.0
2016-05-11,11.409486712630706,11.416131877339126,11.143686461471733,11.23007106781006,815900.0
2016-05-12,11.243360881453697,11.389550696025989,11.037365854684667,11.362971305847168,766400.0
2016-05-13,11.309812693555756,11.47593802242431,11.004141429371064,11.05065631866455,474500.0
2016-05-16,11.077233210000683,11.1303932464505,10.84465757524452,10.897817611694336,965600.0
2016-05-17,10.838011109013522,11.030717010118702,10.778205916769506,10.944331169128418,1044100.0
2016-05-18,10.910597485744963,11.295200899961516,10.910597485744963,11.22097873687744,941800.0
2016-05-19,11.14675728615254,11.14675728615254,10.627204745287786,10.782395362854004,1145000.0
2016-05-20,10.694680533907215,11.005061804312504,10.654195656667014,10.795891761779783,1686900.0
2016-05-23,10.809385295045203,10.9375855636433,10.782394951990623,10.917344093322754,1975100.0
2016-05-24,11.005059581884897,11.140008716442942,10.937585014605872,10.99831199645996,993700.0
2016-05-25,11.005059852377284,11.335683824503516,10.944332869030594,11.2277250289917,698900.0
2016-05-26,11.193990182766049,11.295201408914508,11.038799550207042,11.059041023254396,704200.0
2016-05-27,11.113020680864963,11.22772708295154,11.052293686409095,11.180495262145996,373000.0
2016-05-31,11.254712261903434,11.268207429356556,11.079278945922852,11.079278945922852,828800.0
2016-06-01,11.05903851296494,11.254714621143291,10.87685886203887,11.15350341796875,1081800.0
2016-06-02,11.099524763677891,11.281704426747607,11.07253442131476,11.2277250289917,620700.0
2016-06-03,10.99831179288413,11.086029114814334,10.94433239745412,10.9578275680542,609300.0
2016-06-06,10.957829797105935,11.207485356111327,10.89710280402275,11.059041023254396,874300.0
2016-06-07,11.052292700523132,11.106272103338773,10.984819412231444,10.984819412231444,703800.0
2016-06-08,10.98481737126041,11.07253340192432,10.9105952235654,11.032049179077148,519100.0
2016-06-09,10.91734334322427,11.011806963484208,10.795889381764171,10.9578275680542,559300.0
2016-06-10,10.7891401721609,10.883603778199358,10.69467656612244,10.863362312316896,774000.0
2016-06-13,10.755406326848748,10.991567347771635,10.63395298839634,10.66769027709961,959300.0
2016-06-14,10.606963002638157,10.694679693528148,10.22235895127662,10.45177173614502,934700.0
2016-06-15,10.978068977502067,10.978068977502067,10.411284751517504,10.418031692504885,811100.0
2016-06-16,10.283086171513212,10.505751375123854,10.229106767212771,10.478761672973633,636800.0
2016-06-17,10.391044654031075,10.573225620441963,10.364054952727823,10.37755012512207,573700.0
2016-06-20,10.478761000632792,10.708173775932664,10.370802198958785,10.384297370910645,1100900.0
2016-06-21,10.357306784282867,10.43827587861036,10.262842519158214,10.364053726196287,644800.0
2016-06-22,10.397792108560717,10.499003969780196,10.256096017641628,10.31682300567627,559800.0
2016-06-23,10.438277426739951,10.667690216435266,10.384298022515791,10.58672046661377,949400.0
2016-06-24,10.100904702447291,10.256095311418251,9.999692848197148,10.127894401550291,2208400.0
2016-06-27,9.952462775086971,9.952462775086971,9.621838742418856,9.770281791687012,1016500.0
2016-06-28,9.925471901446224,10.161632264652509,9.925471901446224,10.148137092590332,870300.0
2016-06-29,10.195369002722968,10.296580863675564,10.040178383474974,10.22235870361328,686000.0
2016-06-30,10.262843576691363,10.262843576691363,10.121147486145912,10.22235870361328,546000.0
2016-07-01,10.121146815903243,10.269590482712346,10.08066194550615,10.127894401550291,252500.0
2016-07-05,10.046925865596275,10.046925865596275,9.76353368743811,9.83775520324707,660900.0
2016-07-06,9.743289986476862,10.006440024582211,9.615089081852302,9.94571304321289,565700.0
2016-07-07,9.97945140538921,10.16837931180672,9.925472003555637,10.114399909973145,418700.0
2016-07-08,10.235852956380077,10.431528431129884,10.17512597396028,10.42478084564209,408500.0
2016-07-11,10.424783746333151,10.573227450943138,10.337067041040225,10.41128921508789,596200.0
2016-07-12,10.391042654891164,10.600213282362825,10.391042654891164,10.519244194030762,534400.0
2016-07-13,10.499004687214857,10.728416839321396,10.43827769503052,10.600215911865234,758200.0
2016-07-14,10.78239357957038,10.78239357957038,10.586718121727271,10.627202987670898,393300.0
2016-07-15,10.620455411772788,10.735161781311035,10.55298149312301,10.735161781311035,579900.0
2016-07-18,10.708172498895353,10.897100379293663,10.660940689667058,10.8093843460083,487700.0
2016-07-19,10.795891148721308,10.816133907934544,10.67443716738291,10.789143562316896,498800.0
2016-07-20,10.795888108473555,11.059037469287151,10.68118174584222,10.964573860168455,419400.0
2016-07-21,10.897101725506984,11.113019329779227,10.870112668458171,11.106271743774414,585000.0
2016-07-22,11.018555830266022,11.23447343709774,11.018555830266022,11.166998863220217,266400.0
2016-07-25,11.187242380401129,11.308696364225847,11.11302021540368,11.12651538848877,618600.0
2016-07-26,11.099525573579058,11.274957663858777,11.02530341363502,11.268211364746094,362600.0
2016-07-27,11.27495583486868,11.463884353637695,11.227724026918988,11.463884353637695,770900.0
2016-07-28,11.4368984258883,11.544857241265522,11.301949263181475,11.47738265991211,650900.0
2016-07-29,11.470634782321468,11.605583941607591,11.423402962662491,11.57184600830078,880500.0
2016-08-01,11.484129955644194,11.666310934589292,11.423402962662491,11.57184600830078,866500.0
2016-08-02,11.517862851056474,11.808002548154931,11.362672269296414,11.44364070892334,1326100.0
2016-08-03,11.666307475362387,12.023920453583305,11.625821967398744,11.882225036621094,1306500.0
2016-08-04,12.071154454551852,12.401778441229286,11.94970048251312,12.219598770141602,1577300.0
2016-08-05,12.23309297665378,12.523232742605233,12.158872103877457,12.4287691116333,964300.0
2016-08-08,12.597453657554713,12.617696413750064,12.39503124348249,12.41527271270752,1834000.0
2016-08-09,12.428770846565046,12.7324058270313,12.428770846565046,12.583961486816406,1093400.0
2016-08-10,12.65143381582724,12.671676573241909,12.40852587473283,12.482748031616213,968600.0
2016-08-11,12.671677459491516,12.718909276458705,12.54347589417308,12.610950469970703,466500.0
2016-08-12,12.489496490929078,12.63793952810746,12.428769501408269,12.610950469970703,505500.0
2016-08-15,12.40177568859534,12.77288510822977,12.347796300444712,12.739147186279297,662000.0
2016-08-16,12.739146524969836,12.779632029208736,12.50298751842656,12.516481399536133,729000.0
2016-08-17,12.48274525639241,12.590704031327924,12.36803889715216,12.563714981079102,917400.0
2016-08-18,12.536180843316483,12.859740458667474,12.536180843316483,12.832202911376951,867700.0
2016-08-19,12.790896566362616,12.818434110774405,12.50864330145374,12.570601463317873,683800.0
2016-08-22,12.56371628656924,12.694516988169052,12.467337513317965,12.598136901855469,655700.0
2016-08-23,12.680746870564445,12.687631255503264,12.543061797912411,12.618788719177246,943900.0
2016-08-24,12.60502522174056,12.770246590194638,12.60502522174056,12.694520950317385,449100.0
2016-08-25,12.639444283974829,12.722054292867686,12.584370507025453,12.715169906616213,419000.0
2016-08-26,12.790897612328845,12.839087005927736,12.570602491269629,12.70828628540039,640900.0
2016-08-29,12.708286003345512,12.84597110748291,12.66698099732928,12.84597110748291,301200.0
2016-08-30,12.825318481342704,13.031846146138191,12.825318481342704,12.887276649475098,443000.0
2016-08-31,12.949230264585644,12.997419642175512,12.605018924015654,12.81843090057373,946100.0
2016-09-01,12.777126057122333,12.91481113433838,12.694516061242474,12.91481113433838,816500.0
2016-09-02,12.901046655934048,13.08692117809392,12.901046655934048,13.011194229125977,784200.0
2016-09-06,13.011194668106192,13.066268456560271,12.666983162002522,12.74271011352539,783400.0
2016-09-07,12.756475036325892,12.825316266305755,12.605021179020682,12.79778003692627,680100.0
2016-09-08,12.73582305490095,12.99054009374643,12.70828550991769,12.749591827392578,564000.0
2016-09-09,12.708286546820862,12.797782262256232,12.453570800254855,12.639445304870604,588500.0
2016-09-12,12.494875273688768,12.969887438594077,12.412265261656303,12.84597110748291,514500.0
2016-09-13,12.74270958288805,12.77713020683998,12.474225039487596,12.701404571533203,785100.0
2016-09-14,12.687631733980236,12.728936732108677,12.308998426439182,12.43291473388672,849800.0
2016-09-15,12.398499771786812,12.563721152665282,12.350310366496776,12.487994194030762,320300.0
2016-09-16,12.4398016465377,12.4398016465377,12.281464693990108,12.36407470703125,424800.0
2016-09-19,12.412264673545208,12.494874681663491,12.281463962118456,12.350306510925291,575200.0
2016-09-20,12.391611514984437,12.446685291417426,12.322768966177597,12.350306510925291,279600.0
2016-09-21,12.33654051293641,12.460456866043993,12.233277323034324,12.426034927368164,324500.0
2016-09-22,12.432914573824553,12.54994649456697,12.336535808411574,12.370956420898438,266400.0
2016-09-23,12.295233496476918,12.370959123101295,12.240159716630783,12.343422889709473,260500.0
2016-09-26,12.253927535693236,12.267696309323654,11.985443015212674,12.130012512207031,466500.0
2016-09-27,12.102476071598154,12.191970482254211,11.9785597237185,12.157549858093262,367200.0
2016-09-28,12.150665560384873,12.295235071666374,12.06117114906787,12.274581909179688,356400.0
2016-09-29,12.274579652816826,12.4535697556108,12.185085257951044,12.240159034729004,847000.0
2016-09-30,12.329654087107857,12.487991039655448,12.274580307392933,12.36407470703125,1865500.0
2016-10-03,12.364074229178357,12.639444430172809,12.364074229178357,12.529296875,746000.0
2016-10-04,12.529295929607548,12.5568321597918,12.364073296252704,12.494874000549316,917700.0
2016-10-05,12.61879376123804,12.81843706504826,12.56371997278396,12.74271011352539,669900.0
2016-10-06,12.784011573503497,12.997422280316371,12.687632798761358,12.921696662902832,812300.0
2016-10-07,12.963003634881876,13.011193029577765,12.680750340466666,12.832202911376951,731900.0
2016-10-10,12.887273757575866,13.14199075974648,12.83908437385602,12.942347526550291,888300.0
2016-10-11,13.148878139905316,13.148878139905316,12.694519114111928,12.832202911376951,679900.0
2016-10-12,12.921699571371136,12.95612019493734,12.605024319699051,12.866625785827637,887600.0
2016-10-13,12.742711310215997,12.77713193883379,12.384730995114568,12.487994194030762,574400.0
2016-10-14,12.543063303602858,12.67386400701761,12.198851893715227,12.322768211364746,603700.0
2016-10-17,12.322768196711118,12.391610741219244,12.033630560226843,12.040514945983888,520100.0
2016-10-18,12.143777873781795,12.21262041697227,12.07493664365362,12.123126029968262,344000.0
2016-10-19,12.109357870486424,12.164431645208689,12.019862165898768,12.05428409576416,247400.0
2016-10-20,12.095590535088446,12.20573809761479,11.964789812189968,12.185086250305176,290700.0
2016-10-21,12.185085644553013,12.391611985757317,12.1300118660277,12.21950626373291,326500.0
2016-10-24,12.27457882407045,12.646327777019009,12.253925666774755,12.322768211364746,433400.0
2016-10-25,12.288348049946356,12.522411922369136,12.274579277906811,12.50864315032959,1213300.0
2016-10-26,12.41914822134449,12.68074831347558,12.412263835622314,12.467337608337402,340100.0
2016-10-27,12.529297222554154,12.673865400330277,12.336538339123525,12.56371784210205,468600.0
2016-10-28,12.43980268672977,12.89416173563612,12.39161328958252,12.51552963256836,482600.0
2016-10-31,12.666984462426132,12.673868850822496,12.398499880282047,12.58437442779541,294000.0
2016-11-01,12.694515172311156,12.728935782673764,12.28146128264926,12.377840042114258,421800.0
2016-11-02,12.377843509714872,12.460454836015312,12.315885343255164,12.343422889709473,274800.0
2016-11-03,12.336534692183454,12.426029064389036,12.240155935490968,12.30899715423584,349000.0
2016-11-04,12.23327891357171,12.432920931597623,12.15066756307152,12.164436340332031,374900.0
2016-11-07,12.350306510925291,12.474222836165122,12.267695189744606,12.350306510925291,460000.0
2016-11-08,12.288346583906067,12.52241042840426,12.233272815380744,12.43291473388672,375900.0
2016-11-09,12.336535967232953,12.577484196929584,12.295230969104512,12.43291473388672,682900.0
2016-11-10,12.5499503076158,13.362289614515795,12.46734028732306,13.14199447631836,1878900.0
2016-11-11,13.141993251675595,13.403593375642076,13.141993251675595,13.245256423950195,897300.0
2016-11-14,13.34163762954086,13.47243837177968,13.114458084106444,13.114458084106444,1296900.0
2016-11-15,13.11445644976962,13.341635966892694,13.11445644976962,13.272794723510742,877300.0
2016-11-16,13.286562810483026,13.348520982896623,12.90793070178893,13.20395278930664,1399300.0
2016-11-17,13.295109801939018,13.400293707704693,13.217976631838155,13.316146850585938,946200.0
2016-11-18,13.344195065110508,13.631694683771697,13.316145669402683,13.58962059020996,786800.0
2016-11-21,13.673768007457069,13.68779270589314,13.414316436265176,13.659743309020996,612800.0
2016-11-22,13.694802245302231,13.736874994509378,13.61065540941935,13.680777549743652,700300.0
2016-11-23,13.708826242680331,13.912180325357028,13.58961899981056,13.842058181762695,529600.0
2016-11-25,13.849071216583251,14.031388263981352,13.849071216583251,14.024375915527344,474400.0
2016-11-28,14.0243749923922,14.0243749923922,13.533521332671024,13.624680519104004,785100.0
2016-11-29,13.645719989692331,13.743891551197704,13.442367191692837,13.526514053344728,1154100.0
2016-11-30,13.63870507242718,13.74388761627618,13.48443609314461,13.505473136901855,913000.0
2016-12-01,13.603643475126711,13.86309500097216,13.512485626162356,13.624680519104004,937300.0
2016-12-02,13.652731799948135,13.673768848896795,13.37925685096026,13.540536880493164,655700.0
2016-12-05,13.568585787160574,13.778950919144595,13.449378522377923,13.49846363067627,638900.0
2016-12-06,13.498463684152576,13.56858584091468,13.43535387681357,13.519500732421877,1574900.0
2016-12-07,13.519498864057097,14.136570815854064,13.456389065439724,14.024375915527344,2083400.0
2016-12-08,14.101511702989768,14.508218588302544,14.017364851301096,14.367974281311035,1439900.0
2016-12-09,14.353953620352891,14.84480749541333,14.241758678190942,14.627429962158203,1343000.0
2016-12-12,14.599377238951687,14.613401937900946,14.052427354619663,14.15059757232666,1017700.0
2016-12-13,14.269804214402315,14.269804214402315,13.764925774059886,14.05943775177002,1340400.0
2016-12-14,13.98931814317238,14.094500714837872,13.575598868815012,13.785964012145996,644000.0
2016-12-15,13.74388989507115,13.884132864299826,13.638707333782436,13.849072456359863,759200.0
2016-12-16,13.912184124750178,14.003342000089813,13.78596449930375,13.82803726196289,958600.0
2016-12-19,13.799989579792824,13.884135107430875,13.645720550007985,13.6737699508667,865100.0
2016-12-20,13.722852284665723,13.814011481518753,13.64571778540067,13.778949737548828,1148400.0
2016-12-21,13.729865536076176,13.757914933096115,13.568585515618132,13.687792778015137,395700.0
2016-12-22,13.666753126634896,13.72986292043802,13.323156103411568,13.505473136901855,519500.0
2016-12-23,13.449377959170244,13.547548171655947,13.25303619673,13.428340911865234,435900.0
2016-12-27,13.428342802054068,13.47041556511746,13.31614787557234,13.421330451965332,408300.0
2016-12-28,13.421328599000496,13.512487800099493,13.33017073537034,13.442365646362305,626700.0
2016-12-29,13.42132961138864,13.603646689870205,13.393281550259369,13.540536880493164,494700.0
2016-12-30,13.575596809387209,13.701816411225778,13.519499357177706,13.575596809387209,481700.0
2017-01-03,13.603646024787238,13.912182706938506,13.603646024787238,13.79998779296875,1020700.0
2017-01-04,14.136571117654618,14.578339717407491,13.89114426639955,14.346936225891112,2235400.0
2017-01-05,14.269803140221306,14.438095495177372,14.164620585557358,14.374985694885254,973500.0
2017-01-06,14.452122231344552,15.069194286572532,14.367975373260814,15.020109176635742,1546200.0
2017-01-09,15.055170944155854,15.17437822366112,14.91492795133552,14.94998836517334,895100.0
2017-01-10,15.041146492003849,15.041146492003849,14.704560391174628,14.82376766204834,590800.0
2017-01-11,14.872852544216702,15.062181972247176,14.788707023404672,15.034133911132812,1328600.0
2017-01-12,15.097240828417904,15.1463259290669,14.893886740050704,15.027118682861328,641700.0
2017-01-13,15.04114622552391,15.174376856075504,15.006084477376962,15.020109176635742,459000.0
2017-01-17,15.006083784570311,15.013096133875957,14.68352374132409,14.75364589691162,709800.0
2017-01-18,14.767666516258917,14.942971203945884,14.51522867546835,14.865838050842283,523900.0
2017-01-19,14.33291499771199,15.076206673152877,14.290840899832531,14.585352897644045,3355600.0
2017-01-20,14.606389946583771,14.690536804873748,14.466145628590125,14.585352897644045,862100.0
2017-01-23,14.585350032914048,14.634436470798942,14.403034327787712,14.515229225158691,734600.0
2017-01-24,14.47315519563474,14.72559438450189,14.445107139909878,14.6063871383667,798700.0
2017-01-25,14.725600857218534,15.055173347295916,14.606393558685138,14.992063522338867,1324200.0
2017-01-26,15.041147817930833,15.342670859103222,14.96401330131025,15.202427864074709,933200.0
2017-01-27,14.90090128525398,14.94297404380341,14.788706370809578,14.851816177368164,1786900.0
2017-01-30,14.823765738330964,14.823765738330964,14.641448680803329,14.74663257598877,849100.0
2017-01-31,14.63444105464816,15.041148019375262,14.55029418652882,14.893891334533691,811100.0
2017-02-01,14.928948481563332,15.216448074623475,14.739619089801185,15.027118682861328,638200.0
2017-02-02,15.062179788965706,15.223459795035144,14.879862737008136,15.216448783874512,969500.0
2017-02-03,15.651203943594233,15.74236313973116,15.293582182722956,15.517971992492676,1795000.0
2017-02-06,15.658215349143076,15.742362191472424,15.524983406066896,15.524983406066896,1635600.0
2017-02-07,15.672241493752558,16.07894837140504,15.574069945720025,15.99480152130127,2182800.0
2017-02-08,16.06492805480957,16.401512872082677,15.847550527504334,16.06492805480957,2463400.0
2017-02-09,16.42956067986436,16.82925527873937,16.26828063776901,16.51370620727539,1660300.0
2017-02-10,16.689008187215713,16.71705758335571,16.366448156418667,16.562789916992188,1976000.0
2017-02-13,16.710040616992323,16.780162750497308,16.35943128693586,16.366443634033203,1240700.0
2017-02-14,16.33839424564383,16.457601471361762,16.184126621907627,16.366443634033203,919500.0
2017-02-15,16.43656697174238,16.492664415162583,16.128030364196984,16.184127807617188,2502900.0
2017-02-16,16.176980311356896,16.291406230250605,15.855156561927988,15.88376235961914,1732800.0
2017-02-17,15.840853261370269,15.912369802960534,15.647759008295925,15.805095672607422,1464400.0
2017-02-21,15.869462778990718,16.15552762374518,15.869462778990718,15.876614570617676,1568100.0
2017-02-22,15.590548777638208,15.955281975952808,15.56194297443216,15.912372589111328,3792200.0
2017-02-23,15.890908981935867,15.998184439566536,15.561934913123206,15.597692489624023,1593300.0
2017-02-24,15.554787440829235,15.790791057782686,15.29732845358384,15.719274520874023,1814000.0
2017-02-27,15.762181595708856,16.012487370579816,15.712119076670495,15.99818515777588,2018500.0
2017-02-28,16.184133778479243,16.312863302437087,15.840855957301525,16.262802124023438,2679300.0
2017-03-01,16.47019818654031,16.59177590537693,16.03394848411513,16.398681640625,3915400.0
2017-03-02,16.412986364903116,16.43444037532557,15.94812946613366,15.955281257629396,1969300.0
2017-03-03,15.948132347215005,16.269956202337795,15.776493412504516,16.24850082397461,1661600.0
2017-03-06,16.29855890488772,16.448742420058977,16.062553899793528,16.377225875854492,2819900.0
2017-03-07,16.305708454846364,16.40583215697456,16.1841307454557,16.26995086669922,1463200.0
2017-03-08,16.305710503761652,16.448743602452343,16.01964567044499,16.212739944458008,1622300.0
2017-03-09,16.312859614170748,16.405831522259675,15.976733660772275,16.048250198364258,1224300.0
2017-03-10,16.14122236632912,16.348620209805357,16.14122236632912,16.32001304626465,2156100.0
2017-03-13,16.44159374831687,16.913601119919086,16.405836151463475,16.699052810668945,3855400.0
2017-03-14,16.62752825934969,16.734802362403617,16.498798790059286,16.677589416503906,1886000.0
2017-03-15,16.7562639337045,16.977964010656294,16.663292009648607,16.95650863647461,2148600.0
2017-03-16,17.0065686508816,17.070933399804225,16.577470779418945,16.577470779418945,1906700.0
2017-03-17,16.67044505573614,16.67044505573614,16.405835574569995,16.441593170166016,2009400.0
2017-03-20,16.491654929537578,16.83493413402864,16.45589733268418,16.699052810668945,2370600.0
2017-03-21,16.763410662457368,16.870684772838956,16.634681184373736,16.670438766479492,3025800.0
2017-03-22,16.670440563049212,16.970808922926874,16.591773601125762,16.920747756958008,1938900.0
2017-03-23,16.94220338178352,16.999416338617632,16.720501980494905,16.80632209777832,1830600.0
2017-03-24,16.792019019334774,16.892142719834744,16.627531934029538,16.734806060791016,1839600.0
2017-03-27,16.5274088615946,16.806321851566782,16.384375789572502,16.763412475585938,2453800.0
2017-03-28,16.706195207734385,17.06377643143374,16.699043419572707,16.799165725708008,2456800.0
2017-03-29,16.82062109019305,16.884985819584063,16.57746574895236,16.799165725708008,1515300.0
2017-03-30,16.813475760795615,17.163905330948047,16.76341458849736,17.156753540039062,1461300.0
2017-03-31,17.11384438692396,17.521486925721003,17.07093500496234,17.392757415771484,1403100.0
2017-04-03,17.52148828776442,17.685975401457686,17.39991055936836,17.621610641479492,1390800.0
2017-04-04,17.62161141976332,17.793250332597594,17.5214890616262,17.664522171020508,1040100.0
2017-04-05,17.778945638304208,18.10791983443129,17.750338474781174,17.85761260986328,2169600.0
2017-04-06,17.84330637509149,18.451193458390964,17.736030900095745,18.165128707885746,2553000.0
2017-04-07,18.22949970762273,18.358229230574388,18.029253631468507,18.093618392944336,1031100.0
2017-04-10,18.09361812835632,18.43689730589581,18.03640515944387,18.243803024291992,1264600.0
2017-04-11,18.179430827531537,18.401130820873664,18.03639778172513,18.379676818847656,1295000.0
2017-04-12,18.336770750409897,18.751565051869477,18.286709580864454,18.451196670532227,2365800.0
2017-04-13,18.393982978135814,18.47265130661204,18.15797935677166,18.32246780395508,2800200.0
2017-04-17,18.308162716043856,18.73726054611996,18.27240376783328,18.658592224121094,2346500.0
2017-04-18,18.5012588445351,18.715807099578168,18.165131517152545,18.308164596557617,1842000.0
2017-04-19,18.401136406002912,18.579927085495516,18.157980972767803,18.20804214477539,1401300.0
2017-04-20,18.301012806180907,18.50840927084727,18.23664805685508,18.308164596557617,787100.0
2017-04-21,18.40828549749684,18.40828549749684,17.757487628701327,17.88621711730957,1553900.0
2017-04-24,18.236650384138034,18.3653798992176,17.921978387728515,17.94343376159668,1215600.0
2017-04-25,18.007793984261436,18.48695296746688,17.986338615796345,18.47980117797852,1278700.0
2017-04-26,18.50840627624813,19.10914293004896,18.50840627624813,18.858837127685547,2611100.0
2017-04-27,18.96611603303068,19.51679166558548,18.86599232270684,19.45242691040039,2510200.0
2017-04-28,19.86722153331494,19.86722153331494,19.0662386592848,19.144906997680664,1307100.0
2017-05-01,19.09484189577852,19.266480755462958,18.722957017763388,19.20211601257324,2032000.0
2017-05-02,19.137756110222004,19.280787847437374,19.03048196629429,19.094846725463867,1843100.0
2017-05-03,19.073388676701008,19.13775342684576,18.865990845331343,18.89459800720215,1215700.0
2017-05-04,18.93751395112675,18.93751395112675,18.537023094546782,18.70866203308105,1578300.0
2017-05-05,18.73726309875577,19.0018725312406,18.651442975423244,18.916053771972656,885300.0
2017-05-08,18.98756663758109,19.05908317097102,18.85168672461107,19.051931381225582,1502300.0
2017-05-09,19.152060001463703,19.60976375042437,19.0733916580868,19.43097305297852,2697400.0
2017-05-10,19.43096834880985,19.43812013866404,19.302238859563424,19.323694229125977,1019200.0
2017-05-11,19.323696752182236,19.380909714421445,19.216422618491787,19.35230255126953,853500.0
2017-05-12,19.352302684312225,19.38090984766081,19.02332849019129,19.295089721679688,1168100.0
2017-05-15,19.38090591935268,19.62406130227205,19.352298761802476,19.388057708740234,1055900.0
2017-05-16,19.416663509218708,19.55969656889256,19.259328234828946,19.545392990112305,1121300.0
2017-05-17,19.268675468968382,19.559964201241087,19.06477502313864,19.261394500732425,2395200.0
2017-05-18,19.17399946476713,19.26138632515072,18.970097716516776,19.093894958496094,885400.0
2017-05-19,19.21769828316812,19.21769828316812,18.809896046558844,19.006515502929688,1967300.0
2017-05-22,19.27595112264732,19.64734287706665,19.17400093518728,19.63277816772461,1981300.0
2017-05-23,19.65462686267304,20.1279688438302,19.5526766667532,20.0915584564209,1154400.0
2017-05-24,20.222637464333733,20.222637464333733,19.9677605932438,20.033300399780277,1366000.0
2017-05-25,20.07699454335208,20.21535652114437,20.018737087802798,20.135251998901367,747500.0
2017-05-26,20.178948073438495,20.21535985727037,19.98961235338286,20.06971549987793,667600.0
2017-05-30,19.93863037395101,20.142532140444743,19.93863037395101,19.989606857299805,887600.0
2017-05-31,20.08427762983887,20.08427762983887,19.5818061893354,19.683757781982425,1086800.0
2017-06-01,19.734728593031644,19.96775837304327,19.55267390377668,19.95319366455078,970500.0
2017-06-02,19.975045244204004,20.01145563470158,19.64006381796337,20.004173278808597,1162600.0
2017-06-05,19.975040775880025,20.011451158232767,19.407029643994672,19.61093139648437,1663700.0
2017-06-06,19.46528888519356,19.734730461953117,19.297798888569424,19.61821556091309,974500.0
2017-06-07,19.712888094371625,19.843967736517367,19.51626863115301,19.822120666503903,1379200.0
2017-06-08,19.960480216040665,20.426539874065867,19.90222275878752,20.36100006103516,1495500.0
2017-06-09,20.397415043856206,20.42654308257441,19.90222588493869,19.975048065185547,1386700.0
2017-06-12,20.120687690948312,20.19350985908595,19.77842530635896,19.93863296508789,1265600.0
2017-06-13,20.026018358076243,20.31002326486672,19.938631485004517,20.280895233154297,1284600.0
2017-06-14,20.38285103238728,20.40469810390443,20.026023864746094,20.026023864746094,1056700.0
2017-06-15,19.880379499233623,20.08428133315756,19.880379499233623,20.026023864746094,638000.0
2017-06-16,20.1279682375734,20.193508044109876,20.02601804472431,20.033300399780277,574600.0
2017-06-19,20.20807151751999,20.69597816467285,20.11340368552038,20.69597816467285,1335900.0
2017-06-20,20.57218217321679,20.695979431233773,19.945913528075906,20.033300399780277,993700.0
2017-06-21,20.135254326907816,20.164383752534007,19.58909009712388,20.040586471557617,1063600.0
2017-06-22,20.03330059587461,20.135250789721635,19.771141367162592,20.01873588562012,1060100.0
2017-06-23,20.026021161649407,20.098843334576163,19.756579538510643,19.8803768157959,664300.0
2017-06-26,19.887655385047367,20.01873499356232,18.68609462193889,19.101179122924805,3186800.0
2017-06-27,19.06476445368844,19.26138382227701,18.64968004597933,18.860862731933597,1858000.0
2017-06-28,18.940972791476867,19.385186742333488,18.831740239830868,19.31236457824707,983600.0
2017-06-29,19.348776872980164,19.35605922900334,18.802612671948506,19.21041488647461,783000.0
2017-06-30,19.254112143528843,19.57452752668063,19.21041800030737,19.261394500732425,476500.0
2017-07-03,19.428882926719428,19.487140390514508,19.18128835834848,19.239545822143555,287500.0
2017-07-05,19.18856992336818,19.2978024898569,18.87543554752439,19.19585227966309,1083200.0
2017-07-06,19.086618594373064,19.800274242733693,18.948257989713696,19.44344711303711,1015600.0
2017-07-07,19.59637040721076,19.59637040721076,19.137593113245018,19.181285858154297,780200.0
2017-07-10,19.086616905994298,19.85852994828888,19.06477122770024,19.596370697021484,839300.0
2017-07-11,19.65462725188634,19.85124668131154,19.574522731238897,19.727449417114254,779500.0
2017-07-12,19.829400930780025,19.851247998488187,19.625500521373308,19.669193267822266,361700.0
2017-07-13,19.691041329145687,19.81483721883661,19.559961694217133,19.800273895263672,300000.0
2017-07-14,19.80027268566576,19.887658177634798,19.647345991268917,19.851247787475582,477700.0
2017-07-17,19.843969345092773,19.89494445695544,19.669196937720365,19.843969345092773,782900.0
2017-07-18,19.80755880399432,19.887661955353877,19.41431984853472,19.589092254638672,738400.0
2017-07-19,19.69832363211316,20.20807749385138,19.559963020500174,20.171667098999023,815600.0
2017-07-20,20.200786723084487,20.42653413286969,20.02601440044753,20.295455932617188,1012200.0
2017-07-21,20.29546054644462,20.521208007549667,20.251766414127047,20.33915328979492,781700.0
2017-07-24,20.4192604219752,20.51392827617136,20.09156133251261,20.3901309967041,805400.0
2017-07-25,20.543060439153276,20.57947222805652,20.28818486166917,20.470239639282227,486000.0
2017-07-26,20.53577442878252,20.754239552697648,20.33187262788565,20.521209716796875,795400.0
2017-07-27,20.58674932823856,21.263993150234366,20.3027430031958,20.433822631835938,1150900.0
2017-07-28,20.397409824942308,20.448384921382264,20.09884021239352,20.20079040527344,767000.0
2017-07-31,20.30274639575933,20.5721880539838,20.14982106277045,20.46295547485352,476600.0
2017-08-01,20.57218220873124,20.77608398374863,20.33915240240692,20.63772201538086,955300.0
2017-08-02,19.98961061597685,21.081939034577392,19.902223731343145,20.49208068847656,1095500.0
2017-08-03,20.470235459857708,21.16932499645368,20.390130929593298,20.994552612304688,1392600.0
2017-08-04,21.111072439377715,21.23486974719683,21.03096789050424,21.11835479736328,1872200.0
2017-08-07,21.19117539898061,21.84657228988359,21.04553102812766,21.788314819335938,2958000.0
2017-08-08,21.7955918472633,21.904824404209368,21.664512223341085,21.759180068969727,3169900.0
2017-08-09,21.686353622812685,21.904818679611243,21.60624912046864,21.86112594604492,1102200.0
2017-08-10,21.722774159751605,21.97765110450317,21.467897215000036,21.48246192932129,1337400.0
2017-08-11,21.132914951625462,21.518870118774664,20.929013138946708,21.4023551940918,852500.0
2017-08-14,21.679081163132864,21.882981605478072,21.438768935392016,21.66451644897461,910600.0
2017-08-15,21.84657011341509,22.312629831365008,21.62810496786795,22.13785743713379,1426700.0
2017-08-16,22.21067487060208,22.392729582656195,21.99220977172403,21.99949073791504,793800.0
2017-08-17,21.861131998292787,21.89754238818377,21.038243852670178,21.06737327575684,2025800.0
2017-08-18,21.25275846335441,21.99430621550046,21.05254023082136,21.7125186920166,1337700.0
2017-08-21,21.76442839485428,21.927568403037856,21.30466813267846,21.49005508422852,1290900.0
2017-08-22,21.519716852794325,22.001722625521797,21.512301205288964,21.845996856689453,780400.0
2017-08-23,21.77926408347397,21.875664695393045,21.727354538481645,21.75701713562012,369900.0
2017-08-24,21.78667529795091,22.305759360786595,21.63095092773437,21.63095092773437,840000.0
2017-08-25,21.660612352610304,21.868246262983035,21.43814855994618,21.675443649291992,355000.0
2017-08-28,21.786673544857628,21.80150484017729,21.415899648207027,21.438146591186523,499300.0
2017-08-29,21.223099988449142,21.452979424827145,21.082205501589595,21.386240005493164,387500.0
2017-08-30,21.452980825600623,21.846000304684885,21.43073387957326,21.794092178344727,569000.0
2017-08-31,21.972060906292267,21.986892201890782,21.72735018647753,21.89790725708008,479700.0
2017-09-01,21.986891330511067,22.20194086499617,21.831166976068868,21.845996856689453,592200.0
2017-09-05,21.779259480402544,21.875660071947244,21.045125914680614,21.21568298339844,906300.0
2017-09-06,21.31208703761643,21.38624211244769,21.008052503759632,21.193439483642575,606800.0
2017-09-07,21.141533019927635,21.282427531759797,20.83749846213597,21.148948669433597,644600.0
2017-09-08,21.16377386626574,21.267590100634628,20.993216805586695,21.097034454345703,546500.0
2017-09-11,21.334332005534947,21.445563900269413,21.148945042847416,21.423316955566406,420300.0
2017-09-12,21.50488613207336,21.66802613837759,21.24534412001513,21.47522354125977,280600.0
2017-09-13,21.378824787933794,21.423317263589237,21.015466505568728,21.20826911926269,610100.0
2017-09-14,21.134109938977804,21.964644004525383,21.067370531282464,21.823749542236328,837000.0
2017-09-15,21.734764195751488,22.038798660649757,21.70510302118073,21.97205924987793,428000.0
2017-09-18,22.061050338078505,22.320592389639856,22.016557859476396,22.290929794311523,539700.0
2017-09-19,22.32059023216801,22.45406906946288,22.046216909462967,22.246435165405277,627500.0
2017-09-20,22.23160626253432,22.31317698619391,21.883079249935868,22.305761337280277,392400.0
2017-09-21,22.25385666516713,22.58013819608467,22.25385666516713,22.491151809692383,335300.0
2017-09-22,22.505977996568376,23.039891950447405,22.43182292715427,23.025060653686523,690600.0
2017-09-25,23.03989768300353,23.499658096251736,22.669123658071022,22.75811004638672,996000.0
2017-09-26,22.824845947137742,23.017648579953256,22.18711427047032,22.335424423217773,652500.0
2017-09-27,22.49114409264681,22.528220915860786,22.209356558806217,22.253849029541016,769300.0
2017-09-28,22.25384748028359,22.550466288515967,22.11295301597694,22.53563499450684,734300.0
2017-09-29,22.416991572817924,22.57271735962662,22.25385155203814,22.32059097290039,511900.0
2017-10-02,22.26126934684405,22.45407197965956,22.224191101461965,22.335424423217773,488800.0
2017-10-03,22.394745795035416,22.4688994490506,22.23902000994489,22.276098251342773,565100.0
2017-10-04,22.372494879957184,22.52821922302246,22.23901606339264,22.52821922302246,249700.0
2017-10-05,22.505969500120585,22.75809579231172,22.47630691779703,22.64686393737793,652700.0
2017-10-06,22.67653366843004,22.95832123496365,22.572717419874024,22.587547302246094,399200.0
2017-10-09,22.62462437679,22.839672511187388,22.62462437679,22.661701202392575,424300.0
2017-10-10,22.66170115074201,23.03989071146535,22.66170115074201,22.86191940307617,486900.0
2017-10-11,22.891578679664622,22.9805636137766,22.802592331162614,22.921239852905277,216300.0
2017-10-12,23.017647225932237,23.062139703383007,22.82484460445841,22.86933708190918,411000.0
2017-10-13,23.084386825561523,23.25494392725752,22.88416995604176,23.084386825561523,535300.0
2017-10-16,23.2549397873073,23.32909343683692,23.09921401163665,23.2697696685791,461100.0
2017-10-17,23.32909601639936,23.603469358923853,23.1585403405981,23.544145584106445,1097200.0
2017-10-18,23.55156098685833,23.77402620089365,23.477405915513224,23.52931404113769,707700.0
2017-10-19,23.343926277075152,23.714700206816715,23.277186856570445,23.625715255737305,571700.0
2017-10-20,23.744359601295983,24.0780566588643,23.625712072913934,23.75177383422852,933600.0
2017-10-23,23.80368534310252,23.900087357643955,23.440328473245792,23.84076499938965,1473500.0
2017-10-24,24.055813488637163,24.359848022460938,23.72211777351835,24.359848022460938,715500.0
2017-10-25,24.137382570728736,24.167045164396743,23.618299911051423,23.937164306640625,1187700.0
2017-10-26,23.93716617352209,24.167047049206836,23.66279423264607,23.699871063232425,488900.0
2017-10-27,23.848177822200363,23.93716276870658,23.61829839360404,23.92974853515625,417600.0
2017-10-30,23.95199264080804,23.95199264080804,23.210444863515036,23.321678161621094,876100.0
2017-10-31,23.46998749571611,23.46998749571611,22.98798171047136,23.418079376220703,683200.0
2017-11-01,24.53040461281406,24.74545134274582,23.358757633992752,23.455158233642575,1191800.0
2017-11-02,23.484818283259266,24.05580899975144,20.822661636044447,22.721023559570312,4045300.0
2017-11-03,22.51339185369961,23.203031539916992,22.335420549899982,23.203031539916992,1333600.0
2017-11-06,23.203030292164893,23.425494056353788,23.01022770315246,23.069551467895508,488000.0
2017-11-07,23.032478613568344,23.351344453976644,22.87675422512175,23.28460502624512,503500.0
2017-11-08,23.17336949557794,23.55897470343801,22.98798253961332,23.091798782348636,667900.0
2017-11-09,22.95832754314837,22.973158843985896,22.491152881891928,22.61721611022949,847000.0
2017-11-10,22.57271322952966,22.77293004109274,22.29092430091637,22.53563499450684,1090700.0
2017-11-13,22.46890161496599,22.46890161496599,21.630953080062923,21.64578437805176,1364700.0
2017-11-14,21.415902515269533,22.090712398753027,21.319501911566384,21.964649200439453,1046100.0
2017-11-15,21.76442684058715,21.77925813510565,21.319497905762777,21.512300491333008,1425500.0
2017-11-16,21.54938307774742,21.912741404309298,21.54938307774742,21.749601364135746,1059300.0
2017-11-17,21.83116621920876,21.860827393811757,21.430729754142654,21.7125186920166,1917900.0
2017-11-20,21.90792540345969,22.621906402432916,21.892893892569276,22.48662567138672,1221200.0
2017-11-21,22.501661282122857,22.960110979940747,22.501661282122857,22.6670036315918,998300.0
2017-11-22,22.74215385755712,23.117932999750423,22.59184162728633,22.869918823242188,715300.0
2017-11-24,23.04278018405868,23.06532745187289,22.644453720244183,22.772218704223636,184500.0
2017-11-27,22.719613449607294,22.96762770096467,22.51669230754651,22.80980110168457,845200.0
2017-11-28,22.96762466430664,23.21563888287288,22.74967347028608,22.96762466430664,1306700.0
2017-11-29,22.945074797475016,23.41104012818244,22.937559042659263,23.238182067871094,946100.0
2017-11-30,23.373465393394675,23.598932329068976,23.14799702423656,23.53129196166992,1377100.0
2017-12-01,23.60644688500343,23.674087248964884,22.757186608075,23.260730743408203,976200.0
2017-12-04,23.628990867826264,23.824396177289493,23.32085211191828,23.33588218688965,1692300.0
2017-12-05,23.33589006192547,23.59142005795712,23.238188090964677,23.253219604492188,456400.0
2017-12-06,23.155513014167585,23.32085677325318,22.76470375061035,22.76470375061035,739200.0
2017-12-07,22.68203079573751,23.26824538002349,22.636937696981,23.087871551513672,915400.0
2017-12-08,23.328374986650825,24.38055509694717,23.065329242334748,23.974714279174805,1781600.0
2017-12-11,23.967199559475013,24.651117664192743,23.9596838026284,24.335464477539062,943600.0
2017-12-12,24.606018139688885,24.72626734390194,24.358002543330414,24.51582908630371,848700.0
2017-12-13,24.515831283918285,24.606020345388064,23.8469448463383,24.177629470825195,1161600.0
2017-12-14,24.21520940923807,24.500799499797683,24.11750602722168,24.11750602722168,643800.0
2017-12-15,24.30539800671321,24.643599849476438,24.064899555629967,24.28285217285156,1252000.0
2017-12-18,24.53837936448048,24.651111388026063,24.388067132785665,24.523347854614254,523500.0
2017-12-19,24.74130281603161,24.76385151908639,24.252791543353503,24.425649642944336,439900.0
2017-12-20,24.52334945823685,24.673661699760828,24.185147631549786,24.50831794738769,960100.0
2017-12-21,24.70371930341244,25.42521741482708,24.530861246949044,25.29745101928711,1358500.0
2017-12-22,25.425217526256503,25.56049537658692,25.192233431584445,25.560495376586918,470800.0
2017-12-26,25.537947199112903,25.57552453558288,25.071981919557825,25.28241729736328,292700.0
2017-12-27,25.357580091698235,25.357580091698235,24.80142564901222,25.11707878112793,430400.0
2017-12-28,25.214782575568503,25.214782575568503,24.808940370344573,25.01937866210937,411200.0
2017-12-29,25.03440814987493,25.259875067785263,24.358004529176533,25.1546573638916,675300.0
2018-01-02,25.28993769111157,25.47031007582197,24.966767395957465,25.25235748291016,697600.0
2018-01-03,26.094106984267537,26.312056728165448,25.304968418510857,25.755905151367188,1359200.0
2018-01-04,25.9062180053826,25.98137269581037,25.688265389387347,25.785968780517575,550500.0
2018-01-05,25.680744619004365,25.98136907272892,25.552981089700157,25.913728713989254,360500.0
2018-01-08,25.913734419568407,26.25945061059292,25.72584481136361,26.24441909790039,470200.0
2018-01-09,26.259443809173582,26.84566118447541,26.259443809173582,26.82311248779297,1104600.0
2018-01-10,26.830635809501967,27.086165783572188,26.687837876747317,26.725418090820312,703200.0
2018-01-11,26.778019136043696,27.34168777904032,26.762987628194416,26.97342300415039,805000.0
2018-01-12,27.198888778686523,27.34920098408208,27.0109992386838,27.198888778686523,473000.0
2018-01-16,27.43939367897151,27.507034044119653,25.988888723181372,26.36466789245605,840000.0
2018-01-17,26.35715866700812,26.83064136610117,26.154237510253957,26.62020301818848,500800.0
2018-01-18,26.612682910299014,26.680323281183547,26.13168599155027,26.357152938842773,496700.0
2018-01-19,26.199320860656886,26.251929708411843,25.440245428248737,26.109134674072266,2672800.0
2018-01-22,25.93627633579451,26.21435497813297,25.673232070844577,26.04901123046875,1029400.0
2018-01-23,25.342543961314327,26.823111697318037,25.05695103647944,26.597644805908203,628400.0
2018-01-24,26.725419696732622,26.86070044801448,26.18429669160519,26.71038818359375,527600.0
2018-01-25,26.75547670585706,27.46194340536482,26.75547670585706,27.356725692749023,1219300.0
2018-01-26,27.4769761844135,27.54461655521112,27.296600906630573,27.371755599975582,793800.0
2018-01-29,27.22144035600033,27.371749710348027,26.4623649284955,26.75547218322754,1070900.0
2018-01-30,26.590136443714663,26.935852612478005,26.432307004089907,26.680322647094727,520600.0
2018-01-31,26.950877886035943,27.048581256147337,26.77050265405853,26.86820602416992,1147100.0
2018-02-01,27.43187381400041,28.070697125895837,27.078640548829064,27.642309188842773,2056600.0
2018-02-02,27.529584778154145,27.63480249461147,26.58261959610271,26.98094749450684,1262800.0
2018-02-05,26.39472879804324,26.45485484298222,25.199750891073457,25.5529842376709,2476300.0
2018-02-06,24.861552827938333,25.395158594847143,24.162603298394448,25.24484634399414,3235500.0
2018-02-07,25.282427060906773,25.748392520407947,25.177209331371166,25.36509895324707,984100.0
2018-02-08,25.522916258474027,25.57552510409482,24.064894355473232,24.07240867614746,1513500.0
2018-02-09,24.29036298455025,24.71123664660241,23.193088601697117,24.29788017272949,2753500.0
2018-02-12,24.53838006798552,24.891610525582838,24.162600911458743,24.816455841064453,1098200.0
2018-02-13,24.771359714574444,25.29745107321828,24.61353316707147,25.22981071472168,823800.0
2018-02-14,25.154659657805,25.78596880570496,25.071987778073105,25.76342010498047,880300.0
2018-02-15,26.003915515118727,26.07155587544977,25.49285565194354,25.94379234313965,1836200.0
2018-02-16,25.966337528479947,26.02646356593103,25.357577167607666,25.560495376586918,1488300.0
2018-02-20,25.50684778600253,25.867071645240404,25.15428988156404,25.752105712890625,2630100.0
2018-02-21,25.75210929711591,26.27328319521732,25.75210929711591,25.936054229736328,933700.0
2018-02-22,25.99736074370877,26.29627154977893,25.75210284414207,25.98203468322754,877700.0
2018-02-23,26.18131283836513,26.30394182191018,25.982041836494027,26.25029182434082,548700.0
2018-02-26,26.32693478370832,26.51087972745369,26.12766377471438,26.17365074157715,907600.0
2018-02-27,26.135325475337627,26.181312439856644,25.024001607997405,25.06232261657715,2285700.0
2018-02-28,25.16195673350509,25.376556696257385,24.985674851295453,25.138961791992188,1352800.0
2018-03-01,25.192613513617847,25.361229452340066,24.157931709307963,24.51815414428711,1895500.0
2018-03-02,24.303555259801826,24.610129194487406,23.882018292388437,24.56414222717285,941500.0
2018-03-05,24.456840285761544,24.90903519548942,24.17326131909659,24.87071418762207,553300.0
2018-03-06,24.909028610811443,25.29990746565872,24.625449719110296,25.17727851867676,720700.0
2018-03-07,24.939687485341427,25.230929417698288,24.794063595458173,25.10063743591309,906600.0
2018-03-08,25.24625770228941,25.32290262213103,24.947349824168967,25.29990768432617,611300.0
2018-03-09,25.514521448538023,25.851750468957103,25.399555481457927,25.721458435058597,610200.0
2018-03-12,26.07400639703722,26.21196433488172,25.64480359888713,25.70611953735352,529600.0
2018-03-13,25.83641042839852,25.83641042839852,25.12362875424757,25.29990768432617,506400.0
2018-03-14,25.368890795229813,25.43786977250503,25.016332877469896,25.16195678710937,502700.0
2018-03-15,25.115970635683624,25.115970635683624,24.60245980529149,24.80939674377441,806900.0
2018-03-16,24.671442227201087,24.93202919457212,24.56414222717285,24.56414222717285,486500.0
2018-03-19,24.525816789864592,24.54114577620288,23.805370512343597,23.96632194519043,704900.0
2018-03-20,23.95865916160768,24.38019608302149,23.912673661164085,24.341875076293945,359100.0
2018-03-21,24.410854155538576,24.633118626782352,24.257567204309783,24.51815414428711,415400.0
2018-03-22,24.21924681467784,24.31121781827692,23.376171485138368,23.39150047302246,955200.0
2018-03-23,23.38383484737796,23.6980717745301,23.023612420651837,23.115583419799805,2280300.0
2018-03-26,23.39916382600383,23.52179279939161,22.95463343200996,23.383834838867188,926100.0
2018-03-27,23.475801889350247,23.567774334847645,23.08492301608047,23.16922950744629,776600.0
2018-03-28,23.16923602779196,23.31485849837245,22.51010558666739,22.70171356201172,1504200.0
2018-03-29,22.609741090631196,22.91631355881156,22.37214761052301,22.70171356201172,917500.0
2018-04-02,22.6097412673313,22.893321716272403,22.38747531250545,22.824342727661133,1627300.0
2018-04-03,22.80134800633336,23.40682988197238,22.80134800633336,23.100255966186523,835700.0
2018-04-04,22.60974001871969,23.19222841157345,22.579082042428706,23.138578414916992,831400.0
2018-04-05,23.230541692515217,23.560107518750367,23.03893378999267,23.153898239135746,863300.0
2018-04-06,22.839670076303253,23.06960052382816,22.51010558666739,22.70171356201172,603800.0
2018-04-09,22.885653021041083,23.307189907977428,22.763024055319505,22.809009552001957,1196500.0
2018-04-10,23.046607147102183,23.606102086850417,22.96229916976787,23.552452087402344,1187300.0
2018-04-11,23.33784351160297,23.39149349133157,22.663382864537475,22.847326278686523,1155300.0
2018-04-12,22.95463352098223,23.138576981776865,22.67105310526591,22.83200454711914,766000.0
2018-04-13,23.32251679289793,23.32251679289793,22.280169216322957,22.326154708862305,816200.0
2018-04-16,22.387472436266453,22.70937385447837,22.326157950028595,22.456451416015625,666800.0
2018-04-17,22.54076345805796,22.900985947100423,22.387476483823377,22.563756942749023,915100.0
2018-04-18,22.6557235747977,22.6557235747977,22.042578720185134,22.38747215270996,1253200.0
2018-04-19,22.34915245253488,22.64039737187212,22.34915245253488,22.55608940124512,1096700.0
2018-04-20,22.540759078854684,22.540759078854684,22.172872166388014,22.42579460144043,1139200.0
2018-04-23,22.43345871861895,22.563752180664004,22.0425783324838,22.142213821411133,713300.0
2018-04-24,22.126884918092102,22.18053490585283,21.70534658510312,21.78199005126953,1589000.0
2018-04-25,21.78198963756299,21.83563962430474,21.46008825525999,21.536731719970703,649800.0
2018-04-26,21.54439502710593,21.91228188325069,21.47541605884724,21.85096740722656,890200.0
2018-04-27,21.85097429329703,21.9352822725935,21.483087321217138,21.820316314697266,1090100.0
2018-04-30,21.843302580753797,22.47177631584752,21.78198810566788,22.10388946533203,646300.0
2018-05-01,22.050240116568823,22.096225608742788,21.529066332422435,21.919946670532227,1839800.0
2018-05-02,21.950605430727983,22.74003068030066,21.86629893006577,22.71703720092773,2031000.0
2018-05-03,22.533091584432576,23.736389114025325,22.08856125894253,23.506460189819336,3329400.0
2018-05-04,23.29952948342381,24.53348384920036,23.19989397957152,23.87435340881348,1225300.0
2018-05-07,23.87435272815516,24.311218665099798,23.805373742126765,24.05829620361328,851900.0
2018-05-08,23.805374557552422,24.01997601719756,23.41449411061996,23.552452087402344,1058800.0
2018-05-09,23.56778159254493,23.72873159441439,23.02361562982108,23.245880126953125,1418800.0
2018-05-10,23.21521990541988,23.61376333009824,23.13857643310967,23.422155380249023,1358000.0
2018-05-11,23.38383665845295,23.429822161588508,23.15390621906959,23.207557678222656,1879800.0
2018-05-14,23.23820987665169,23.34550985132184,22.969958478123807,23.015945434570312,1481600.0
2018-05-15,22.96996068883737,22.9929541692736,22.763025212321928,22.77835273742676,735700.0
2018-05-16,22.786015339904846,23.14623919424769,22.69404434949787,23.046602249145508,532400.0
2018-05-17,22.99226287125966,23.38814454379023,22.930163640219327,23.139747619628903,629300.0
2018-05-18,23.05436534254708,23.163038642000867,22.70505619349895,22.728343963623047,360800.0
2018-05-21,22.89911516068448,23.97032735404185,22.875827391925327,23.7995548248291,1382300.0
2018-05-22,23.80732663782424,23.877188490604937,23.403680706327595,23.79180145263672,887600.0
2018-05-23,23.68311685724592,23.95480154660169,23.33380775942244,23.908226013183597,851100.0
2018-05-24,23.88494492084325,24.40502664593805,23.7141708889668,24.2730655670166,1304600.0
2018-05-25,24.14887073167094,24.645664760142477,24.06348370281627,24.544754028320312,807200.0
2018-05-29,24.41278679550966,24.51369750197712,24.05571506684092,24.373973846435547,752700.0
2018-05-30,24.43607521057129,24.69223477449837,24.296351542872383,24.43607521057129,605900.0
2018-05-31,24.36621294891202,24.498174023803774,24.19544040281322,24.31187629699707,560600.0
2018-06-01,24.49817478446035,25.243367195387755,24.49817478446035,25.095882415771484,1140600.0
2018-06-04,25.1114040993915,25.32875367028219,24.793146775172826,24.97944450378418,414800.0
2018-06-05,24.87852778999609,25.126924716360723,24.87852778999609,25.06482696533203,410700.0
2018-06-06,25.150221621404206,25.150221621404206,24.71552538735279,25.018259048461918,545300.0
2018-06-07,25.01825968639073,25.111407824231957,24.76986267806355,24.98720932006836,312600.0
2018-06-08,24.90958457263157,25.20455710921298,24.83972273399717,25.02602195739746,383700.0
2018-06-11,25.04930687220162,25.507289353365923,25.04154280104387,25.095882415771484,293200.0
2018-06-12,25.21231908550658,25.274419815814557,24.63013806393542,24.839723587036133,702100.0
2018-06-13,24.909582775009174,26.25247983306944,24.72328504561608,24.925107955932617,1259100.0
2018-06-14,25.111408347424312,25.189034264847574,24.661189870873272,25.057071685791016,610600.0
2018-06-15,24.99497297816793,25.05707074865811,24.614613399834283,24.90958595275879,716900.0
2018-06-18,24.86301081590477,25.05707116373075,24.67671454022233,24.98720932006836,622300.0
2018-06-19,24.358455307329432,24.72328972527298,24.31188123630624,24.56804084777832,601000.0
2018-06-20,24.668950289796204,24.91734580085726,24.59908845083162,24.707761764526367,452600.0
2018-06-21,24.824199814069217,24.824199814069217,24.25754394289823,24.599090576171875,297700.0
2018-06-22,24.738806816920366,24.84747862671858,24.420546574104872,24.661182403564453,653400.0
2018-06-25,24.67670873076764,24.67670873076764,23.481296558916387,23.652069091796875,847200.0
2018-06-26,23.737459389389414,24.086768573893007,23.380389094619364,23.9703311920166,803100.0
2018-06-27,24.001382410753934,24.23425422168077,23.869421323078623,23.87718391418457,418300.0
2018-06-28,23.869419841375237,24.22649012670616,23.76074653376369,24.17215347290039,491500.0
2018-06-29,24.41279007965228,24.878533686695068,24.2808289961734,24.73881149291992,680100.0
2018-07-02,24.47489294044095,25.7479269375154,24.45160516442452,25.685829162597656,1066100.0
2018-07-03,25.887641970945975,26.904518974989053,25.887641970945975,26.2757625579834,1943500.0
2018-07-05,26.392206976967504,27.145162064753038,26.01961146909836,26.982149124145508,1309700.0
2018-07-06,26.935566300250617,27.331447951565902,26.85017930693513,27.06752586364746,753500.0
2018-07-09,27.0675318195689,27.47117762879886,26.84242410535204,27.3935546875,1202600.0
2018-07-10,27.47117805480957,27.60314061041453,27.21501997565062,27.47117805480957,961800.0
2018-07-11,27.238306897563923,27.595377179153548,27.152919882156507,27.486703872680664,599000.0
2018-07-12,27.59538044264858,27.983501132309254,27.486707123323733,27.85154151916504,912200.0
2018-07-13,27.82049134205357,28.07664945918192,27.649717289884087,28.03783798217773,630900.0
2018-07-16,27.913635887571296,27.967972540611093,27.65747780340162,27.88258552551269,530200.0
2018-07-17,27.882590602934613,28.10770132716388,27.78944246092204,27.9602165222168,789100.0
2018-07-18,27.960212280163045,28.32504664262244,27.867064152282676,28.17755889892578,700600.0
2018-07-19,28.19308040774241,28.20860558722096,27.57984914340332,27.634185791015625,697700.0
2018-07-20,27.509986453254328,27.509986453254328,27.17620250775028,27.478939056396484,1183600.0
2018-07-23,27.440127392308973,27.804961732544548,27.30040372843686,27.727338790893555,395600.0
2018-07-24,27.76615502061962,27.936929074871628,27.657481699232317,27.8282527923584,608100.0
2018-07-25,27.87482398013331,27.92916063232432,27.424605581818422,27.463417053222656,524800.0
2018-07-26,27.463414455659915,27.64194957613341,26.98214278016596,27.05976867675781,633400.0
2018-07-27,27.06753961016181,27.238313683522065,26.81914257316121,27.19173812866211,527200.0
2018-07-30,27.19949744172616,27.33922112072781,27.028723398251763,27.090824127197266,681800.0
2018-07-31,27.191735642865417,27.634193009644843,27.09082639158308,27.556570053100582,491600.0
2018-08-01,27.55656688464521,27.55656688464521,26.881237764756413,27.230546951293945,1213200.0
2018-08-02,26.392205447445757,26.904524611215848,25.670300767434387,26.47759246826172,2088700.0
2018-08-03,26.65613115807135,27.106349653317327,26.46207079814396,26.974390029907227,1409500.0
2018-08-06,26.997670505293232,27.595376640349308,26.935572743289278,27.37026596069336,1065400.0
2018-08-07,27.40130936483608,27.95243981760845,27.215013165000908,27.87481689453125,1274000.0
2018-08-08,27.77391381001497,27.944687849991805,27.610903841560184,27.750627517700195,617900.0
2018-08-09,27.750623217602005,27.85929651306573,27.19949266996444,27.238304138183597,443100.0
2018-08-10,27.01319225187138,27.059767788297265,26.63283573499777,26.81137084960937,460100.0
2018-08-13,26.733744135076524,26.85794260060868,26.33786245154436,26.41548538208008,358700.0
2018-08-14,26.632833281883745,26.78807913342038,26.462059291843676,26.69493103027344,441700.0
2018-08-15,26.48535336146772,26.702702947523303,26.41549152329372,26.539690017700195,288300.0
2018-08-16,26.665469194704475,27.003504587108356,26.390325502674028,26.4374942779541,546600.0
2018-08-17,26.390323132601736,26.539686409312573,26.162345237484363,26.508243560791016,472200.0
2018-08-20,26.547554393415613,26.932755600544663,26.38246816178888,26.893449783325195,549400.0
2018-08-21,26.99564574333519,27.137149076201403,26.86200237392089,27.00350570678711,601800.0
2018-08-22,27.00350050424061,27.27078419273236,26.71263393109517,27.215755462646484,302700.0
2018-08-23,27.20789639231668,27.24720220097452,27.082116005307004,27.121421813964844,257800.0
2018-08-24,27.270787322132698,27.428013568494865,27.121424037451312,27.27865028381348,309700.0
2018-08-27,27.380849055368014,27.42801483226101,27.23934572700632,27.294374465942383,330300.0
2018-08-28,27.35726464760411,27.51449090971364,27.270790053501795,27.31795883178711,334900.0
2018-08-29,27.38871049979432,27.41229338951621,27.12928671748737,27.31795883178711,277700.0
2018-08-30,27.270787477988208,27.294373364324123,26.98778383152838,27.05067253112793,232700.0
2018-08-31,26.98777914400103,27.18431116923084,26.87771869084613,27.145002365112305,310500.0
2018-09-04,27.12142528709112,27.33368027963366,26.96419903348464,27.294374465942383,475900.0
2018-09-05,27.231486599286324,27.317961200887996,26.88559119172143,27.011371612548828,419400.0
2018-09-06,27.019227526452298,27.08997918998906,26.53182884366644,26.72050094604492,627900.0
2018-09-07,26.45321750095575,26.67333245705897,26.28812828503696,26.31171417236328,336600.0
2018-09-10,26.461077913542205,26.689055835572933,26.21737706597404,26.610441207885746,818800.0
2018-09-11,26.46893992861244,26.98778751504177,26.429634111142786,26.94847869873047,374000.0
2018-09-12,26.88558006286621,26.956331707722725,26.657602207346283,26.88558006286621,222500.0
2018-09-13,26.956336429517435,27.349400525606608,26.76766434390456,26.79125022888184,422200.0
2018-09-14,26.85414025247168,27.160729782763816,26.85414025247168,27.04281234741211,552600.0
2018-09-17,26.94061438112964,27.089977662913647,26.64974778024872,26.783388137817383,686300.0
2018-09-18,26.80697363323308,27.10570322471081,26.689056188405534,27.00350570678711,630800.0
2018-09-19,27.050672102503025,27.17645249855034,26.72835965020421,27.074254989624023,379200.0
2018-09-20,27.200040002661783,28.080505923286253,27.03495376711033,27.67957878112793,1529800.0
2018-09-21,27.813218712933708,28.6858215624294,27.813218712933708,28.35564613342285,1123500.0
2018-09-24,28.27703840475988,28.48929342434247,27.99403171198309,28.22200965881348,843400.0
2018-09-25,28.31634114519648,28.56790195613057,28.198420703078007,28.39495277404785,689000.0
2018-09-26,28.292756835809303,28.44998008561831,27.8289410516537,27.954721450805664,453000.0
2018-09-27,28.041190567711745,28.127665146791436,27.34153697165391,27.459457397460938,717500.0
2018-09-28,27.317962366437285,27.59310611159845,26.96420398062871,27.16073608398437,435400.0
2018-10-01,27.85252376145421,28.151253332097525,27.63240881405453,27.89969253540039,1065700.0
2018-10-02,27.89182770593146,28.237723028517472,27.7346014688138,27.852521896362305,709300.0
2018-10-03,27.88397445996659,28.622934053919412,27.88397445996659,28.465707778930664,1785000.0
2018-10-04,28.292759872931114,28.560043624676105,27.39657105907444,27.63241195678711,813100.0
2018-10-05,27.62455091835128,27.71102552035715,26.523972980677637,26.594724655151367,1735800.0
2018-10-08,26.335294503398394,26.54754947567477,25.792867129030583,25.99725914001465,898300.0
2018-10-09,25.87147716372631,26.020840431876778,25.659222204455087,25.824308395385746,689900.0
2018-10-10,25.89506201083348,25.89506201083348,24.6215351575377,24.684425354003903,2233900.0
2018-10-11,24.61367924123992,25.25044281135649,24.02408295424508,24.110557556152344,1877600.0
2018-10-12,24.597955425410877,24.818070391559573,24.047665011197637,24.417144775390625,880100.0
2018-10-15,24.33067310212589,24.76304309609896,24.079110769890107,24.487897872924805,784700.0
2018-10-16,24.70014706643999,25.05390534134849,24.535059371675864,24.95170783996582,831400.0
2018-10-17,24.95957165995442,25.156103720269023,24.70014940031597,24.904542922973636,751500.0
2018-10-18,24.78662644266542,24.849516648220774,23.78824311748093,23.874717712402344,1045400.0
2018-10-19,23.95332967413102,23.95332967413102,23.06500532101984,23.182924270629883,1861700.0
2018-10-22,23.403040742810543,23.418763669270767,23.09644967451948,23.182924270629883,1521100.0
2018-10-23,22.84488572982717,23.214366954093045,22.03517462014613,23.167198181152344,2188500.0
2018-10-24,23.15933288295027,23.18291726551417,22.027309509449157,22.286731719970703,1669200.0
2018-10-25,22.577607524984213,23.81183039528117,22.451827098616015,23.47379493713379,1517900.0
2018-10-26,23.072868359496407,23.992638628323203,22.805584589107703,23.827550888061523,1614300.0
2018-10-29,24.252057917571523,24.44858998902766,23.041419637679773,23.21436882019043,1608500.0
2018-10-30,23.182926309948144,23.741078253018127,23.08859174173016,23.52096176147461,1044300.0
2018-10-31,23.819683691893268,23.866852463142717,22.28673461237926,23.127891540527344,2571800.0
2018-11-01,23.308701777124377,24.11055293356369,23.041418058311272,24.04766273498535,1060400.0
2018-11-02,24.291361288320477,24.65298104311865,23.198643560769213,23.23794937133789,1255200.0
2018-11-05,23.2458103857767,23.83540652947853,23.13575291876693,23.615291595458984,532000.0
2018-11-06,23.63887567398644,24.11841437486772,23.63887567398644,24.07124710083008,329400.0
2018-11-07,24.30708916842141,24.975298580277705,24.212753104633105,24.95957565307617,677100.0
2018-11-08,24.896676559658196,25.29760206370728,24.637254351087645,24.96742820739746,681200.0
2018-11-09,24.74731638159698,24.90454262775314,23.961188149657403,24.04766273498535,603700.0
2018-11-12,23.976909910065118,24.17344195850827,23.08858571084708,23.15147590637207,924200.0
2018-11-13,23.14361313108627,23.434479706599745,22.75054905650664,22.852745056152344,1628300.0
2018-11-14,22.892053817227676,23.05714001931458,22.02731249834525,22.20026016235352,1199300.0
2018-11-15,22.20025951375043,22.443958828510464,21.89367000487747,22.21598243713379,1194700.0
2018-11-16,22.11379367196684,22.21599121491754,21.932984479880027,22.1295166015625,1759900.0
2018-11-19,22.08155890205453,22.249389137712893,21.01863915731762,21.25040435791016,1607700.0
2018-11-20,20.962693721445795,21.602044817889848,20.659003055773844,20.930727005004883,2961800.0
2018-11-21,21.09056725837685,22.393244331260576,21.09056725837685,22.377260208129883,1171200.0
2018-11-23,22.121517493833704,22.984640215733933,21.88176025065994,22.93668937683105,432400.0
2018-11-26,23.07255488798322,23.552066399048098,22.936692886693525,23.08054542541504,1112700.0
2018-11-27,22.90472064927656,23.04058262689692,22.345288618056355,22.465167999267575,497700.0
2018-11-28,22.47315817766917,22.856767897297463,22.00163732566915,22.656970977783203,1326200.0
2018-11-29,22.63300049249456,22.936692740181,22.35328442994017,22.84878158569336,881100.0
2018-11-30,22.864759294116748,22.99262919695239,22.40123051525518,22.52910041809082,512400.0
2018-12-03,23.088536964462502,23.128497272366506,22.712919216144197,22.90472412109375,871400.0
2018-12-04,22.832796679081635,22.88074752337108,20.970689045601542,21.13851928710937,1244800.0
2018-12-06,20.794868418184404,21.40225137280969,20.499168240201488,21.37028312683105,1545100.0
2018-12-07,21.37827681615923,21.61004204416233,20.83482878778089,20.850812911987305,731400.0
2018-12-10,20.81084835001481,21.130523123771574,20.235432232923063,20.275392532348636,1394000.0
2018-12-11,20.63502687482935,20.97867784145836,19.65202633609727,19.867807388305664,1359200.0
2018-12-12,20.155514405704317,20.5071574407626,19.923750752011788,20.28338432312012,1016500.0
2018-12-13,20.379289080654114,20.475192288209357,19.85981731091516,19.955718994140625,1485800.0
2018-12-14,19.81985619300986,19.907767335968817,19.17251452263585,19.404279708862305,972400.0
2018-12-17,19.38829640265948,19.580101293636755,19.09259624303007,19.188499450683597,1770300.0
2018-12-18,19.34034006374683,19.827843451456975,19.172509879139245,19.18050193786621,1482100.0
2018-12-19,19.172515145531406,19.63604400871418,18.50119727135915,18.708986282348636,1333600.0
2018-12-20,18.597101858547937,18.820873483662613,18.085620591864664,18.28541755676269,1213100.0
2018-12-21,18.253452013393765,19.604080010107477,18.253452013393765,18.980712890625,2647300.0
2018-12-24,18.51718396311136,19.276413088468345,18.43726486712694,18.980712890625,848200.0
2018-12-26,18.964724718834542,19.580099644943303,18.429268871652702,19.564115524291992,1791100.0
2018-12-27,19.204484359064413,19.548133850097656,18.92476830997843,19.548133850097656,1248900.0
2018-12-28,19.580100274749785,19.875800418991886,19.180506391591624,19.30837631225586,2219800.0
2018-12-31,19.388293171245078,19.668009162257476,19.00468345322611,19.6120662689209,1329500.0
2019-01-02,19.17251628006602,20.027647033063392,19.14854009588045,19.83584213256836,515500.0
2019-01-03,19.7559201723086,19.85981543101971,19.01267686251116,19.08460235595703,788700.0
2019-01-04,19.260423791882523,20.33932748709999,19.260423791882523,20.275392532348636,655800.0
2019-01-07,20.355314214969347,21.05060832283364,19.99568059310564,20.98667335510254,945800.0
2019-01-08,21.33032380365761,21.546103361230944,20.93072988502057,21.386266708374023,625600.0
2019-01-09,21.426224485103035,21.570078532954945,21.17048463306842,21.50614356994629,942600.0
2019-01-10,21.43421618130117,21.43421618130117,21.178476333618164,21.178476333618164,1027500.0
2019-01-11,21.162489384967085,21.20244968353536,20.83482255835489,21.058595657348636,1327300.0
2019-01-14,20.78688033206529,21.394263402849223,20.57909126645525,21.36229515075684,2279800.0
2019-01-15,21.330325548019854,22.15348811215808,21.24241439094492,21.81782913208008,938200.0
2019-01-16,21.96967361209393,22.553080371404278,21.96967361209393,22.05758476257324,745700.0
2019-01-17,21.897743256481096,22.33729741774824,21.665979609979548,22.28135299682617,654100.0
2019-01-18,22.561072647067608,23.25636674750101,22.21742162756201,22.81681251525879,1205900.0
2019-01-22,22.768862515103123,22.768862515103123,21.530121911007942,21.68995857238769,1213700.0
2019-01-23,21.705944775829572,22.041603778520965,21.538116036648912,21.785863876342773,958100.0
2019-01-24,21.88176184420131,22.06557620131973,21.626021985655434,21.7379093170166,427800.0
2019-01-25,21.93770463829003,22.56906217651513,21.8178252547358,22.305330276489254,558500.0
2019-01-28,22.08156085563048,22.41721983231345,21.95369091444934,22.16147994995117,229800.0
2019-01-29,22.137499124459,22.377254816330733,22.057580052391916,22.129507064819336,294100.0
2019-01-30,22.265369300651123,22.265369300651123,21.68196113450124,22.12151527404785,721900.0
2019-01-31,22.37725804700142,23.464153925641288,22.097542016547955,23.400218963623047,1199200.0
2019-02-01,23.52009837259208,23.97563519745087,23.240382323755853,23.45616340637207,739300.0
2019-02-04,23.43218770859992,24.367237561674628,23.344276556599688,24.26334381103516,854100.0
2019-02-05,24.327274699178428,24.50309544936591,23.999607854906987,24.463136672973636,939300.0
2019-02-06,24.431173894397475,24.503100927447765,24.175434009920853,24.22338485717773,623300.0
2019-02-07,24.17543414108265,24.263345298472174,23.240384230685763,23.98362922668457,1093400.0
2019-02-08,23.87973004977589,23.983625314165675,23.56005524459524,23.839771270751957,570800.0
2019-02-11,23.903703124163087,23.975630136519005,23.663947432529703,23.727882385253903,787300.0
2019-02-12,23.74386799398173,24.24735714438071,23.71190127572687,24.13547134399414,1540600.0
2019-02-13,24.21539052963996,24.351252521098072,24.087520599365234,24.087520599365234,502400.0
2019-02-14,23.76784181091598,24.287313506587832,23.76784181091598,23.85575294494629,853500.0
2019-02-15,23.86374593520475,24.471128788587755,23.86374593520475,24.167436599731445,903400.0
2019-02-19,24.19940035027509,24.23136706066415,23.79181450359159,24.0395622253418,640500.0
2019-02-20,23.91741640035668,24.145432988871352,23.852268581745847,23.97442054748535,697500.0
2019-02-21,23.941846124716054,24.039568630329697,23.5346718656112,23.69754219055176,298500.0
2019-02-22,23.64867988830841,23.998848419372838,23.550957390240526,23.746400833129883,599700.0
2019-02-25,23.738258071298127,23.860410033626263,23.58353142395104,23.664966583251957,1236500.0
2019-02-26,23.656829772509184,23.79526911749439,23.45324259183958,23.607969284057617,867300.0
2019-02-27,23.69754542626749,23.9092762563018,23.436954113378118,23.901132583618164,564700.0
2019-02-28,23.892985376223088,23.974420537765244,23.66496723455435,23.860410690307617,759700.0
2019-03-01,24.01513726697773,24.414167848718023,23.81155014038086,23.81155014038086,1017900.0
2019-03-04,23.90112996940033,24.145433910201373,23.640538685013468,23.892986297607425,706400.0
2019-03-05,23.73011440004339,23.84412424436326,23.46952313287764,23.664966583251957,479000.0
2019-03-06,23.69754616019812,23.762693990438144,23.4776716506705,23.559106826782227,359000.0
2019-03-07,23.41252022254138,23.54281586299841,22.98091494274838,23.23336410522461,711800.0
2019-03-08,22.98905880347926,23.07049396774621,22.687750714912088,22.793615341186523,299000.0
2019-03-11,22.899478832040234,23.363657194641323,22.818043677334728,23.274078369140625,395400.0
2019-03-12,23.33108569287113,23.39623351486977,23.005346582877934,23.078638076782227,468900.0
2019-03-13,23.19265260224438,23.5998269873396,23.16822313321676,23.461387634277344,465000.0
2019-03-14,23.50209766702521,23.70568478734734,23.469522982215373,23.56724548339844,402500.0
2019-03-15,23.616111532782284,23.81155502804328,23.58353684028204,23.705690383911133,542800.0
2019-03-18,23.66496885120649,24.357165441731876,23.66496885120649,24.251300811767575,728300.0
2019-03-19,24.397883907045006,24.487462752274425,23.778980322767996,23.82784080505371,491200.0
2019-03-20,24.09658023419481,24.09658023419481,23.40438346888353,23.461387634277344,971300.0
2019-03-21,23.3392285024454,24.28387266314653,23.3392285024454,24.09657287597656,1153400.0
2019-03-22,23.85227010964289,23.958134739199394,22.785472375840985,22.801759719848636,805000.0
2019-03-25,22.761038317281493,22.94019440545151,22.54930754767349,22.7447509765625,667500.0
2019-03-26,22.99720269857801,23.05420684814453,22.761042428481517,23.05420684814453,586700.0
2019-03-27,23.16821618382804,23.61610725178745,22.69589410092215,22.72032356262207,682900.0
2019-03-28,22.67960774628448,23.11121148976093,22.67960774628448,22.801759719848636,519600.0
2019-03-29,22.95648772393269,23.10307072208055,22.769186363384478,23.005348205566406,610000.0
2019-04-01,23.208933235540385,23.493955533292823,23.021633445366074,23.331085205078125,528800.0
2019-04-02,23.306654801914146,23.339227934293728,23.013488844265375,23.062349319458008,529200.0
2019-04-03,23.20893344763237,23.518385210172312,23.12749828278084,23.35551643371582,602500.0
2019-04-04,23.20893067495973,23.64867958067513,23.046060364714087,23.135639190673828,576100.0
2019-04-05,23.15192782102419,23.33922760095964,23.11120946457313,23.290367126464844,426300.0
2019-04-08,23.08678231461463,23.39623408838212,23.04606395408823,23.225221633911133,893400.0
2019-04-09,23.1275012614549,23.160075952889557,22.883197288682087,22.89948463439941,570300.0
2019-04-10,22.89948147582833,23.37180356375508,22.89948147582833,23.331085205078125,524300.0
2019-04-11,23.363660105525632,23.46952473256002,23.217077119442184,23.35551643371582,411300.0
2019-04-12,23.48581453694521,23.819697349897712,23.40437936356117,23.738262176513672,559900.0
2019-04-15,23.68940184466454,23.81155382889524,23.51838782414416,23.599822998046875,460000.0
2019-04-16,23.648682574725004,24.292017119827467,23.58353319978137,24.15357780456543,1345400.0
2019-04-17,24.153576273425585,24.479315361261587,24.153576273425585,24.389738082885746,852300.0
2019-04-18,25.293664125438077,25.896281832630493,25.220372635742702,25.77412986755371,2867000.0
2019-04-22,25.73341215071166,26.612908442609253,25.70083746611531,26.39303398132324,2321000.0
2019-04-23,26.580334535543567,26.865358374359825,26.059151992727887,26.32788848876953,2242100.0
2019-04-24,26.32789187516109,26.59662529927523,26.09987215348073,26.401180267333984,599300.0
2019-04-25,26.42560915915419,26.555904793478664,26.17316000855986,26.376747131347656,359400.0
2019-04-26,26.2301630880954,26.84906965584616,26.22202097037179,26.783920288085938,507200.0
2019-04-29,26.75134871409205,27.223672365783507,26.547761575913285,27.011940002441406,968200.0
2019-04-30,26.97936712243037,27.08523019251178,26.547760297854385,26.62105178833008,658000.0
2019-05-01,26.78392431513552,27.10966498992712,26.458186746837224,26.694345474243164,2805800.0
2019-05-02,27.492409163831397,27.87515402489464,26.82464351675951,26.90608024597168,3016700.0
2019-05-03,27.07709050946092,27.40283118675853,26.963082204354752,27.18295669555664,1557500.0
2019-05-06,26.58848014401564,26.824638851424307,26.19759012476789,26.68620109558105,971400.0
2019-05-07,26.393034361022515,26.547759455341755,25.863708154688364,25.97771644592285,1387400.0
2019-05-08,26.026585866087544,26.62106009363685,25.977725374942302,26.458192825317383,1081100.0
2019-05-09,26.108012633881664,26.531474204043302,25.757840995818757,26.43375015258789,894000.0
2019-05-10,26.319745038136595,26.914219110260227,26.1813072749609,26.702489852905277,711900.0
2019-05-13,26.099867946961467,26.38489177650123,25.651976907962293,25.69269371032715,1186100.0
2019-05-14,25.96957463377196,26.71063168634001,25.82299164697888,26.62919807434082,2385300.0
2019-05-15,26.4337519386696,26.954934489009208,26.222022692529027,26.68620109558105,794000.0
2019-05-16,26.58033779390535,27.158524554062947,26.43375479745788,27.00379943847656,1285800.0
2019-05-17,26.759494003212115,27.011940067001493,26.678057283850052,26.702489852905277,1368500.0
2019-05-20,26.56208288619864,26.87593922687064,26.38863720478526,26.53730583190918,898200.0
2019-05-21,27.19805158514013,27.42105450983533,26.90071435221321,27.15675544738769,1291200.0
2019-05-22,27.05764093594982,27.48712770010056,27.008086830924235,27.15675544738769,1045600.0
2019-05-23,26.867671419167237,27.065897256212097,26.347332929127056,26.38037109375,972600.0
2019-05-24,26.54556122266261,26.64467258089204,26.05825924788577,26.27300262451172,960100.0
2019-05-28,26.273001863805188,26.396891845678194,25.66180992126465,25.66180992126465,513600.0
2019-05-29,25.603992351438546,25.603992351438546,25.16624610862793,25.31491470336914,609600.0
2019-05-30,25.380990647549087,25.62877217549991,25.265360213046616,25.32317543029785,595900.0
2019-05-31,25.04235916350853,25.199287318621323,24.26597950570203,24.29075813293457,1468900.0
2019-06-03,24.299015102317544,24.802836108602964,24.05949312380596,24.71198272705078,1029400.0
2019-06-04,25.10017655874871,25.53792289235317,24.893692706635683,25.504884719848636,770800.0
2019-06-05,25.60399414402242,26.049999959471737,25.24058217313926,26.04174041748047,958000.0
2019-06-06,26.09955670076349,26.537302992078715,25.9095919532546,26.297780990600582,996800.0
2019-06-07,26.54556234889458,27.363239753384978,26.54556234889458,26.9667911529541,1876400.0
2019-06-10,27.24761029265956,27.660577993574297,27.016346237675712,27.14023780822754,1252700.0
2019-06-11,27.38801283120773,27.38801283120773,27.057637470119516,27.21456718444824,483600.0
2019-06-12,27.165012158774736,27.22282737909392,26.81812083685962,27.065900802612305,625400.0
2019-06-13,27.1484961430281,27.668836335410617,27.1484961430281,27.544944763183597,826900.0
2019-06-14,27.627535977264625,27.627535977264625,27.280641518402195,27.55320167541504,654000.0
2019-06-17,27.60276111771627,28.197435647591018,27.33846202681498,27.470611572265625,1647400.0
2019-06-18,27.668835672505157,28.164395648153224,27.56146318919379,27.63579750061035,1343000.0
2019-06-19,27.867060753259864,28.213952096117342,27.858799635176556,28.1809139251709,1036500.0
2019-06-20,28.461729625319,28.816882055669247,28.08180014423975,28.23046875,1442300.0
2019-06-21,28.205694395919235,28.395659154620727,28.032245572154025,28.09832191467285,698600.0
2019-06-24,28.13135606046393,28.28828262545053,27.206306301731274,27.52016258239746,1272500.0
2019-06-25,27.503645275177533,27.85053974477621,27.18153100742438,27.56146049499512,1259200.0
2019-06-26,27.75142168892767,27.817498017805928,27.33019611975349,27.685348510742188,1713600.0
2019-06-27,27.677092653611908,28.478250964690236,27.677092653611908,28.288286209106445,1250500.0
2019-06-28,28.370876442082704,28.428691661327548,27.87531651978599,28.32958030700684,1944700.0
2019-07-01,28.62691712488162,29.147257241584427,28.41217533504012,29.138996124267575,2134500.0
2019-07-02,29.11422585798359,29.87408499215679,28.915999955198416,29.477636337280277,2594700.0
2019-07-03,29.494148383414032,29.651078104604743,29.1059609404582,29.452852249145508,1487500.0
2019-07-05,28.95729627497767,29.7336744171765,28.85818175842108,29.55196762084961,933200.0
2019-07-08,29.23811148429496,29.2546274180262,28.59387979451472,29.031627655029297,1228800.0
2019-07-09,28.80036525244941,29.62630061621894,28.676476838300005,29.527189254760746,1708100.0
2019-07-10,29.73367435123553,29.73367435123553,28.99859235055206,29.618043899536133,1580400.0
2019-07-11,29.73367435123553,30.072307738652416,29.304187565856687,29.618043899536133,3227500.0
2019-07-12,29.626300091443127,29.874080066046343,29.31244692726927,29.57674598693848,915600.0
2019-07-15,29.585006211257703,29.68411757852185,29.196815559323955,29.22159576416016,870300.0
2019-07-16,29.254627111147038,29.62629863006505,29.114219621051983,29.38677978515625,1256500.0
2019-07-17,29.172033469695027,29.254625736376344,28.610397234321628,28.858177185058597,1033200.0
2019-07-18,28.81688433780801,28.92425681729219,27.693611738970503,28.288286209106445,2802200.0
2019-07-19,28.30480674235349,29.00685057719221,28.147880149459564,28.27176856994629,1203400.0
2019-07-22,28.288284609395635,29.031627655029297,27.908355119713185,29.031627655029297,1420300.0
2019-07-23,29.114219724079256,29.147257892698477,28.519545291706034,29.04814338684082,1016700.0
2019-07-24,28.858185756970435,29.82453194778486,28.858185756970435,29.81627082824707,1328000.0
2019-07-25,29.93189883581219,29.94015680310797,29.3785205061942,29.77496910095215,740100.0
2019-07-26,29.75018903354908,30.08882237084009,29.560224298063197,29.849300384521484,1285400.0
2019-07-29,29.81625985899309,29.81625985899309,28.80035992747228,29.17203140258789,1220100.0
2019-07-30,28.973808213509585,29.06465843856764,28.28002252223134,28.94902801513672,1429800.0
2019-07-31,28.866441593883792,29.31244744648575,27.008087025402347,27.25586700439453,4032000.0
2019-08-01,27.388016467001616,27.89183754173221,26.016963892654537,26.140853881835938,4376400.0
2019-08-02,26.173889938647697,26.173889938647697,25.199286038529458,26.04174041748047,2071200.0
2019-08-05,25.93436406267388,26.107811267819763,24.827610807150126,25.959142684936523,2142900.0
2019-08-06,26.248229064520583,27.611022236572136,26.248229064520583,27.470611572265625,1982300.0
2019-08-07,26.801597516634075,28.13961164079213,26.239961335986457,27.982685089111328,1981400.0
2019-08-08,28.0900622434062,28.858182435938943,27.74317087939455,28.08180427551269,2286900.0
2019-08-09,28.08179923610804,28.08179923610804,26.826377245116515,27.123714447021484,1451800.0
2019-08-12,26.867674821985275,27.346718817610974,26.49600645032977,27.31368064880371,819000.0
2019-08-13,27.16501064811507,28.44520969222244,27.06589929746427,27.743165969848636,1564200.0
2019-08-14,27.165009904359845,27.27238236919605,26.25648238843399,26.52903938293457,1920500.0
2019-08-15,26.579385460754683,26.814303245217477,26.05081724519863,26.101158142089844,1493000.0
2019-08-16,26.27734678175102,27.34287177430565,26.2521779332742,26.847864151000977,1630200.0
2019-08-19,27.686863445056968,28.93696868762109,26.05082087410965,28.2406005859375,3994100.0
2019-08-20,28.290934543088092,29.3732365068837,28.106354474612587,29.19704818725586,3080500.0
2019-08-21,29.448747155687798,30.05282507084513,29.26417028201213,29.826295852661133,2244200.0
2019-08-22,30.03604092298393,31.244196598431543,30.002480331885025,30.67367935180664,3399800.0
2019-08-23,30.589773218266316,30.799522079939308,29.85145952954719,29.99408721923828,2085100.0
2019-08-26,30.497492692908992,30.614954780412425,29.91019825796498,30.447154998779297,1875000.0
2019-08-27,30.589774573297326,31.177072052099877,30.50587630511715,30.70723342895508,2162900.0
2019-08-28,30.60655800866277,31.294534120001963,30.43875825456475,31.1351261138916,1428600.0
2019-08-29,31.33648710284851,31.95734530902563,31.244200267260982,31.411996841430664,1367200.0
2019-08-30,31.72243469703416,31.98252136594597,31.235815560786527,31.65531349182129,887100.0
2019-09-03,31.38682687567234,31.588187238212655,30.128333411209915,30.958940505981445,2023300.0
2019-09-04,31.479116395227415,32.796339277180145,31.42038695721788,32.603370666503906,3717200.0
2019-09-05,33.97093909899047,34.65891535335745,33.14872045302528,34.356876373291016,11311300.0
2019-09-06,34.356881287716355,34.3820501394838,33.53466572465582,34.13035202026367,6492300.0
2019-09-09,34.22263335353645,34.440770814449785,33.64372430633655,34.36526107788086,4468300.0
2019-09-10,34.23102284424143,35.061629969367345,33.07320791847984,33.33329772949219,3379300.0
2019-09-11,33.392029387528524,33.996107336816216,33.26618194843674,33.811527252197266,3960800.0
2019-09-12,34.28135784861522,34.826703022500354,33.73600947421614,34.04644012451172,3321900.0
2019-09-13,34.27296762611934,34.281359374075855,33.55982267449202,33.71084213256836,2265700.0
2019-09-16,33.50948350348719,34.22263169213129,33.207447772388825,34.0296630859375,2761500.0
2019-09-17,33.96254733791243,34.40721405813127,33.83669989660331,34.08839797973633,1865900.0
2019-09-18,33.97932546593433,34.465944502681126,33.58499646722673,34.147125244140625,4879800.0
2019-09-19,34.155514360164815,34.45755332585029,34.080004618743445,34.29814529418945,5458600.0
2019-09-20,34.27298039886816,34.60858003088895,33.35847476215254,33.61017608642578,6831700.0
2019-09-23,33.375252891793394,33.75280165311766,33.048045032150725,33.66890335083008,4279500.0
2019-09-24,33.68569289666914,34.43239887371863,33.475943882868,33.72764205932617,5305500.0
2019-09-25,33.48432484731996,34.07162259297897,33.17389727338465,33.861873626708984,1849900.0
2019-09-26,33.81152185311184,34.09678048355655,33.618553250239565,34.021270751953125,1491600.0
2019-09-27,34.13034303817396,34.30653135520901,32.28455198212487,32.62015151977539,3216200.0
2019-09-30,32.62852922772969,32.67047835587055,31.714024152000366,31.73080444335937,2124000.0
2019-10-01,32.04124304861107,32.217434569301794,31.034450818738375,31.109960556030277,1681000.0
2019-10-02,30.849871624939748,31.034451699226597,29.364848883076696,29.96053504943848,3190500.0
2019-10-03,29.901807352337844,31.61335941236422,29.84307790718628,30.942163467407227,3484900.0
2019-10-04,31.02605401642349,31.982508399326477,31.02605401642349,31.537841796875,2611500.0
2019-10-07,31.46234189064582,32.18387877675369,31.219032345234577,31.87345123291016,2378200.0
2019-10-08,31.646921927396438,32.225827864904325,31.361663233440023,31.75598907470703,2346500.0
2019-10-09,31.97412334415544,32.636930646976786,31.21063746385309,32.46073913574219,1246800.0
2019-10-10,32.39362717012343,32.754395607023405,32.33489772230389,32.662105560302734,972600.0
2019-10-11,33.14032011732558,33.42557869698893,32.4775129468558,32.48590469360352,1641300.0
2019-10-14,32.38523265436406,32.63693392411177,32.09997398909597,32.44396209716797,5448500.0
2019-10-15,32.611757169955645,33.19066616620361,32.57819977927862,33.056427001953125,1403500.0
2019-10-16,33.05642427781104,33.15710284257357,32.494295623483026,33.09837341308594,1133800.0
2019-10-17,33.241010952574655,33.7192382773959,33.11516350949869,33.584999084472656,1067300.0
2019-10-18,33.50110736380409,33.67729573899694,33.25779777871942,33.53466796875,971300.0
2019-10-21,33.63534658307228,33.86187586568399,33.333307539589995,33.53466796875,1308500.0
2019-10-22,33.66051158381712,33.92898999162406,33.38364462599156,33.4088134765625,872400.0
2019-10-23,33.45915116491027,34.75120217820359,33.45915116491027,34.63374328613281,2461900.0
2019-10-24,34.642139968985354,35.28816716788524,34.27297974074814,34.5330696105957,2587600.0
2019-10-25,34.51629038020497,34.843498265011,34.22264309910093,34.57501983642578,1031700.0
2019-10-28,34.7260328038652,34.952562035361275,33.55982924952652,34.60857391357422,2662100.0
2019-10-29,34.39882445877943,35.07002039348195,34.39882445877943,34.583404541015625,1004100.0
2019-10-30,34.65051700501197,34.96094447518018,34.147120934441155,34.39881896972656,2135600.0
2019-10-31,33.727634349830346,34.84349718391908,33.509493633051044,34.5330696105957,2138700.0
2019-11-01,34.75959196171623,36.54665369138888,34.39882355618339,36.286563873291016,2377200.0
2019-11-04,36.54664615918968,37.06682248766338,36.0851960608113,36.680885314941406,2474900.0
2019-11-05,36.89903366754477,37.0668334620434,36.32012773706508,36.67250442504883,1553500.0
2019-11-06,36.77317728292239,36.86546410697365,35.71604107491897,35.96773910522461,1639300.0
2019-11-07,36.91581338540272,36.9661542831136,35.5650297017181,35.71604919433594,2083700.0
2019-11-08,35.40561078093431,35.88383796044472,35.08679159442276,35.46434020996094,2226300.0
2019-11-11,35.32171313985335,35.6657012045222,35.07840685058577,35.59858322143555,1641300.0
2019-11-12,35.66570132211877,36.18588089519786,35.288155864918856,35.99291229248047,1765200.0
2019-11-13,35.883840343145366,36.2697775310935,35.430781974416306,36.21943664550781,2932900.0
2019-11-14,36.2446142483761,36.79835127270414,36.07681447119786,36.66411209106445,1757100.0
2019-11-15,36.87385884903088,37.02487831957958,36.6892787849126,36.857078552246094,751300.0
2019-11-18,36.91581015657455,36.91581015657455,36.27817484391466,36.66411209106445,1491600.0
2019-11-19,36.867803177746346,36.91872672495676,36.16337858123701,36.34160614013672,1353900.0
2019-11-20,36.22278659642157,36.825367316585925,36.05304468209926,36.350093841552734,1512800.0
2019-11-21,36.35857929023467,36.5113466885701,35.9002770952284,35.959686279296875,638900.0
2019-11-22,36.07849791810472,36.31613784761195,35.67111934438004,36.01908874511719,539100.0
2019-11-25,36.21430600340528,36.68958282470703,35.8833109754245,36.68958282470703,966000.0
2019-11-26,36.367057461281775,36.96115241753095,36.3246228010262,36.71502685546875,2765000.0
2019-11-27,36.80839337523546,37.52130683645719,36.58773114946678,37.512821197509766,1448300.0
2019-11-29,37.39400148445733,37.65709837063354,37.08846669239414,37.173336029052734,413100.0
2019-12-02,37.31761535827564,37.32610099636629,35.92573760727183,36.5622673034668,1642300.0
2019-12-03,36.2312734066264,36.392529687347135,35.64566718271687,36.34160614013672,2096900.0
2019-12-04,36.83385715930015,37.48735820461548,36.66411524052464,37.12241744995117,1226300.0
2019-12-05,37.30912517428384,37.85229664464661,37.13938328040614,37.80137634277344,2311300.0
2019-12-06,38.13238164670006,38.42942761376654,37.81836116186432,37.89474487304688,2630700.0
2019-12-09,37.784401447117965,38.01355251589944,37.054513577123046,37.19879531860352,1691000.0
2019-12-10,37.17333914097728,37.852303603757726,37.088469797213946,37.58920669555664,2097700.0
2019-12-11,37.682552126119376,38.32756733744197,37.64011423108393,38.1578254699707,1808300.0
2019-12-12,37.623147896001406,38.20026514105672,37.2921497540899,37.741966247558594,1144100.0
2019-12-13,37.73347088011202,37.7759055358588,37.0714811853034,37.691036224365234,874700.0
2019-12-16,37.9371721725689,39.8043266758998,37.89473750517544,39.44786834716797,5475500.0
2019-12-17,39.46483340816357,39.71944458909197,39.09988952839536,39.37147521972656,2741000.0
2019-12-18,39.43937935936238,39.940116162218935,39.13384459998449,39.72793960571289,1900400.0
2019-12-19,39.829784500787966,40.975536641230754,39.71945178196778,40.50026321411133,2390600.0
2019-12-20,40.610578125472415,41.41684941978555,40.36445586225459,40.9500617980957,12432200.0
2019-12-23,41.00100431073093,41.128308318761,40.15229797363281,40.15229797363281,2267100.0
2019-12-24,40.14379645890087,40.602098513662106,40.00800361721866,40.483280181884766,326100.0
2019-12-26,40.57663438852114,40.73788736046936,40.27958535065054,40.636043548583984,598100.0
2019-12-27,40.66151320067051,41.02645711928632,40.63605305113453,40.797306060791016,607200.0
2019-12-30,40.82276066731193,40.89914434310547,40.24564028077335,40.483280181884766,901100.0
2019-12-31,40.347497000295526,40.610593872920425,40.152294945988906,40.49177551269531,1220200.0
2020-01-02,40.593618741872,40.80579528999998,40.28808399455856,40.449337005615234,1376400.0
2020-01-03,40.01650508919942,40.22019279707063,39.77886511327268,40.15229797363281,1026500.0
2020-01-06,39.66004454923448,40.415392629440326,39.3205639757173,40.381446838378906,1374400.0
2020-01-07,40.29657429213935,40.54269989344523,39.9061701754485,40.42388153076172,665400.0
2020-01-08,40.45782721366602,41.3574570448833,40.10137212656859,41.2895622253418,1499000.0
2020-01-09,41.54417890346208,42.44380561490418,41.34897682008203,42.27406692504883,2987200.0
2020-01-10,42.435318238085614,42.73236417072907,42.180706976168665,42.32498550415039,1527300.0
2020-01-13,41.80726525013987,42.59656226122399,41.59508870388193,42.52866744995117,1726900.0
2020-01-14,42.38438474691263,42.65597046091525,41.55265309308499,41.56114196777344,1956500.0
2020-01-15,41.62904169468912,42.13826739676122,41.365944824298126,41.42535400390625,1243900.0
2020-01-16,41.67996301925664,42.18069981900401,41.49324661467234,41.65450286865234,2973600.0
2020-01-17,41.93457693222943,43.02940880435828,41.722400363408696,42.740848541259766,2642500.0
2020-01-21,42.51169823423047,43.5301464306674,42.308007299920064,43.08032989501953,1545600.0
2020-01-22,43.360407982336696,44.14121627807617,43.33494782760192,44.14121627807617,1543500.0
2020-01-23,44.03936838224297,44.37885218950535,43.78475714557495,44.25154495239258,1950800.0
2020-01-24,44.25153450470448,44.48917117114814,43.05485906109539,43.29249572753906,1479200.0
2020-01-27,41.97700757430391,42.62202609471567,41.10284123058389,42.30800247192383,1759700.0
2020-01-28,42.6050468568373,43.5216477610781,42.32497228988018,43.07183456420898,1404100.0
2020-01-29,43.300992892805695,43.94600821275844,43.06335618085848,43.4198112487793,2627200.0
2020-01-30,43.62349732632247,44.70135128582775,39.4393757553664,39.57516860961914,8452000.0
2020-01-31,39.04049721983378,40.74639578252264,38.42942753167862,40.160789489746094,4165500.0
2020-02-03,40.551186546369344,40.670004912025554,38.60765155267146,38.98956680297852,3254100.0
2020-02-04,39.566680285073495,40.780330353258094,39.566680285073495,39.94011306762695,1985500.0
2020-02-05,40.61059077368365,40.814281688208624,39.89767742918213,40.703948974609375,1655500.0
2020-02-06,41.04343555525418,41.06041006908665,39.68550358667354,39.9316291809082,2291400.0
2020-02-07,39.97405961770145,40.30505774608091,39.67701375095246,40.19472503662109,2052200.0
2020-02-10,40.21202799463905,40.39366896600461,39.537356344538615,40.32447052001953,2037700.0
2020-02-11,40.60125381334832,40.973187175960845,40.24662006057396,40.5147590637207,1409500.0
2020-02-12,40.61855778432868,40.69640438717707,39.83144359977877,40.08228302001953,1237300.0
2020-02-13,40.10823148840207,40.125531100399854,38.7934906726428,39.6065559387207,2662000.0
2020-02-14,39.78819291502797,39.87468766675707,39.39031177777288,39.537353515625,1524400.0
2020-02-18,39.38166023943626,39.77954467541175,39.29516548789039,39.50275421142578,1500700.0
2020-02-19,40.00443611123353,40.514763103878295,39.658450479094746,40.28122329711914,1636500.0
2020-02-20,40.28121974518528,40.58395467193939,39.5546526214122,40.17742538452149,1256900.0
2020-02-21,40.134182352555605,40.26392449253533,39.50275806631264,39.520057678222656,2031500.0
2020-02-24,38.11017096735465,39.1308248931405,37.71228652372248,38.854034423828125,2475000.0
2020-02-25,39.130822754308255,39.24326526742308,37.24520820123067,37.34035110473633,1978500.0
2020-02-26,37.253864283025024,37.76419132661019,36.89058230262399,37.366310119628906,1862300.0
2020-02-27,36.51864235648895,38.00637253905502,35.4287900104201,36.59648895263672,2833700.0
2020-02-28,35.37689865786084,36.22455986072188,34.408140169250814,36.03426742553711,4728900.0
2020-03-02,36.19861057960361,37.65174508469276,35.77478160703151,37.5306510925293,3216500.0
2020-03-03,37.65175378769531,38.17073240207991,36.20727040505538,37.02898406982422,2118700.0
2020-03-04,37.82473833414899,38.04097855099153,36.72623763664124,37.14141845703125,2476000.0
2020-03-05,36.3110499533239,37.37495122316012,35.93046843145539,36.96842193603516,4115200.0
2020-03-06,35.52393785712415,35.89587124483085,33.54317694111658,35.03091049194336,3942200.0
2020-03-09,31.372126081593485,32.254386422381415,29.27891939865036,29.46056365966797,4771200.0
2020-03-10,31.294287413375443,31.804614505505945,28.16312970041357,30.65421485900879,3700200.0
2020-03-11,29.42597179876221,30.7666606060558,28.58695862471443,29.339473724365234,3793200.0
2020-03-12,26.64079184913721,28.007431490210163,25.51634347457704,26.035320281982425,5056600.0
2020-03-13,27.877685568417903,31.43267490533169,26.364004202062347,31.09534072875977,4320000.0
2020-03-16,25.94882635601927,29.7460040848532,24.3572982075342,26.943531036376957,4739300.0
2020-03-17,27.324114382529668,28.46586248231011,25.083865567137263,26.986780166625977,5416100.0
2020-03-18,25.161709734974284,26.882981524279725,16.832136329941083,25.948823928833008,8310400.0
2020-03-19,25.732583765725256,27.912285374769617,22.272740570333625,25.85367774963379,4288000.0
2020-03-20,26.55429453230648,26.744585295125376,22.40248212264954,23.215545654296875,4638400.0
2020-03-23,22.41113716474656,23.75182592243044,20.32658149259492,20.586069107055664,4032300.0
2020-03-24,22.10839467906961,24.936816519113343,21.97865090608574,23.769119262695312,5971900.0
2020-03-25,25.4990459362961,31.821911055234807,25.1617117264524,30.005491256713867,7012300.0
2020-03-26,30.44661840469,34.38218907258236,30.34282404080145,32.6090202331543,4341200.0
2020-03-27,30.97424897115524,31.484576000433357,29.32217389324875,30.671510696411133,2305500.0
2020-03-30,30.489862361528917,31.346174841362537,28.733993329618745,30.66285514831543,1831700.0
2020-03-31,30.34283039247558,30.80990677752898,28.638856339092023,28.9761905670166,1497000.0
2020-04-01,27.384654604799536,27.384654604799536,25.58553648214561,25.914220809936523,2956400.0
2020-04-02,25.620140284457182,27.635498934584373,25.334703279066872,26.7878360748291,1534800.0
2020-04-03,26.77918349986986,28.431258367799188,26.08721557343201,27.609546661376957,1773200.0
2020-04-06,28.889691101661235,31.79595652364971,28.889691101661235,31.06938934326172,4103000.0
2020-04-07,33.58643410801972,33.61238187975972,30.0746915849109,30.342830657958984,2998400.0
2020-04-08,30.78395293925476,32.79930975230856,30.31687334668725,32.23708724975586,2864400.0
2020-04-09,33.72483016498406,35.37690550984596,32.90311657156218,33.87187194824219,3831900.0
2020-04-13,33.39613611301528,33.53452970529106,30.213080191108908,31.251033782958984,3226500.0
2020-04-14,32.60902359908447,33.733472006039726,31.14723770043533,31.449975967407227,2563300.0
2020-04-15,30.273623510465583,31.15588379157529,29.2616211083346,29.42596244812012,2219700.0
2020-04-16,29.564363095102447,31.58837168304935,29.11458304227381,31.42403030395508,1409900.0
2020-04-17,32.833907170753186,33.811313679398864,32.65226621680651,33.62102127075195,1976100.0
2020-04-20,32.43602782446497,33.275040800051414,32.03814667504675,32.23708724975586,1845400.0
2020-04-21,31.294287527002588,31.718116545993144,30.143887876328424,30.706113815307617,1914800.0
2020-04-22,31.657574418867775,31.95166132000763,31.00885360455029,31.242393493652344,1888700.0
2020-04-23,31.55377020429524,33.88051361389348,31.32023038778659,32.91175842285156,1884300.0
2020-04-24,33.35289301354602,33.74212277331309,32.63497389305063,33.681575775146484,861300.0
2020-04-27,34.070806428941694,36.27645587667108,34.070806428941694,35.79207992553711,2232500.0
2020-04-28,36.86463008491614,36.95977630526698,34.86657265580367,35.134708404541016,2612200.0
2020-04-29,36.34565984820936,37.52200727892583,35.76613429062219,37.17602157592773,1756800.0
2020-04-30,36.45809730077017,36.45809730077017,34.6849251056998,35.02226257324219,2499200.0
2020-05-01,32.08139196704567,34.84926682140969,30.290923611474977,34.21784591674805,4026000.0
2020-05-04,33.56048461540374,34.78007943801386,32.66092442437613,34.55519104003906,2605500.0
2020-05-05,35.03956221959076,36.40620193225844,34.771426470582526,35.37689971923828,2551400.0
2020-05-06,35.74018443767119,36.40620473246349,35.21255775611079,36.051570892333984,1895400.0
2020-05-07,36.34565615660185,37.288463636968814,36.21591070626469,37.19331741333008,1539300.0
2020-05-08,37.70363965012714,38.205315175017695,37.25385965910187,37.99772644042969,1757700.0
2020-05-11,37.86798004192629,39.20002036992454,37.29710608700752,38.992431640625,3816200.0
2020-05-12,39.20867251423363,39.40761309146056,38.18801856180787,38.1966667175293,3232400.0
2020-05-13,37.738241287165934,37.96312964728676,35.039561168334124,36.03426742553711,2985200.0
2020-05-14,34.59842891461955,36.12940979003906,34.21784738440152,36.12940979003906,2118000.0
2020-05-15,35.1246005710465,35.762434945461145,34.78384006048994,35.552734375,1274900.0
2020-05-18,36.96820783183525,38.6195878358707,36.96820783183525,38.016700744628906,1491500.0
2020-05-19,38.03417579318811,38.74191150392576,37.75457724074112,37.789527893066406,1415500.0
2020-05-20,38.88171916418536,39.78167699061401,38.4623212450804,39.30985641479492,1075100.0
2020-05-21,39.4846069443008,39.87779357384848,38.30505038873648,39.28364562988281,1117300.0
2020-05-22,39.19627284918768,39.8166321327148,39.06520952649153,39.50208282470703,1493400.0
2020-05-26,40.68163461143165,41.90487760248113,40.32339871170657,41.59906768798828,1888000.0
2020-05-27,42.63007996210689,42.87472784336814,41.1621860083846,41.66022109985352,1678700.0
2020-05-28,42.10584040513539,42.7611502454297,41.08355865415381,41.2408332824707,2103700.0
2020-05-29,41.25830697710597,42.31553934429409,40.94375773293275,41.590328216552734,9712100.0
2020-06-01,41.40683047633034,42.71744973175203,41.31071786430708,42.15825271606445,1793000.0
2020-06-02,42.58640033275558,43.53878402709961,41.83497790728147,43.53878402709961,2125100.0
2020-06-03,43.68731901441822,45.15521319994891,43.5475197268952,45.08531188964844,1868300.0
2020-06-04,44.70959301271776,44.8668676008466,43.48635028992136,44.84065628051758,1393900.0
2020-06-05,45.67945547651435,47.92498319984069,45.58334285026591,46.43961715698242,2895800.0
2020-06-08,47.12987047979971,47.12987047979971,45.38237801855731,46.151275634765625,2027000.0
2020-06-09,45.111520707342535,46.01147829594471,44.3251477336569,45.49596786499024,1184500.0
2020-06-10,45.46102181048951,45.50471179472717,44.16787760430721,44.40378952026367,1341000.0
2020-06-11,41.99225734495843,42.70872919730803,41.09229619728744,41.12724685668945,1979900.0
2020-06-12,42.80483327344028,43.29412907478489,41.13597795154492,43.00579452514648,2120100.0
2020-06-15,41.843714066964594,45.29501297269097,41.59032681402788,44.814453125,1861600.0
2020-06-16,46.60563003150375,46.84154194389357,45.37364782218654,46.282344818115234,2017200.0
2020-06-17,46.264868754860096,46.60562928963972,45.83673158739485,46.32603073120117,1454700.0
2020-06-18,45.967800954208144,48.01236776658359,45.56587838988875,47.470645904541016,1680400.0
2020-06-19,48.37933264892283,48.39680797523573,46.1338048804198,46.378456115722656,1798200.0
2020-06-22,45.87167625939647,46.19496142548677,44.604743581807206,45.14646530151367,1698400.0
2020-06-23,45.68819153613498,46.14253997937873,44.49989612043244,44.8319206237793,1603100.0
2020-06-24,44.499895725754,44.971719489523664,42.71745261800904,43.25917434692383,1426400.0
2020-06-25,42.647565875350125,44.51738276482847,42.36796727503999,43.285400390625,2311100.0
2020-06-26,42.85726404209831,43.46888724278328,39.75546471450531,40.40203857421875,12956900.0
2020-06-29,40.55057169201505,42.0009906328152,39.41470199937751,41.83498001098633,1708800.0
2020-06-30,41.68643409405835,43.90575043855265,41.68643409405835,43.61741256713867,2218500.0
2020-07-01,43.8970154088316,44.75328637955162,42.74366723085947,43.82711410522461,1367500.0
2020-07-02,44.6659052071475,44.823179791189496,43.049476056032624,43.608673095703125,2182000.0
2020-07-06,44.73581515090107,45.0853117017128,43.72226948731459,43.80964279174805,945300.0
2020-07-07,43.37276886919382,43.76595539864418,42.7524097522154,42.83104705810547,1164200.0
2020-07-08,42.86599569492462,44.05428789133223,42.86599569492462,43.993125915527344,1372600.0
2020-07-09,43.87080430909514,43.87080430909514,41.328202513175306,43.599945068359375,2462000.0
2020-07-10,43.731010034718224,43.80964735012168,42.638826950269326,43.765960693359375,871300.0
2020-07-13,44.141668184037336,44.66591468672144,42.92716123079271,42.98832321166992,1075100.0
2020-07-14,42.97959072301364,44.36011184389593,42.79610475117339,44.30768585205078,846000.0
2020-07-15,45.00668275728438,45.4959820190321,44.58728481853428,45.30375671386719,1047600.0
2020-07-16,45.08531331895957,45.19016528773433,43.87954567575204,44.75329208374024,798000.0
2020-07-17,44.9280308349141,45.4959672339291,44.63096030795065,45.277530670166016,590400.0
2020-07-20,45.25132946227546,45.41734008792908,44.61349495350753,45.10279083251953,1192900.0
2020-07-21,45.4348037557746,46.73668709917678,45.12899390988012,46.70173645019531,1383700.0
2020-07-22,46.36099039776679,47.16483557629154,46.19497642992658,46.47457504272461,517200.0
2020-07-23,46.38719788418916,47.40947960261103,45.67072608159995,45.95906066894531,802300.0
2020-07-24,45.83674065664635,45.9328533050785,45.16395545069961,45.452293395996094,394500.0
2020-07-27,45.43480910817678,45.56587239075838,44.77949936142423,45.54839706420898,717400.0
2020-07-28,45.23384785247532,46.203706810961535,45.07657324660849,45.54839706420898,626100.0
2020-07-29,45.8454729671698,47.33083912538815,45.723149009017966,47.20851516723633,905400.0
2020-07-30,46.85902600414029,47.08619862892326,43.79217390456058,44.15914916992188,1667700.0
2020-07-31,44.07177181705127,44.587282380192136,42.07089488530507,42.90095138549805,2482600.0
2020-08-03,43.06695831461193,43.75721872981926,42.394173226342765,43.39024353027344,1897000.0
2020-08-04,43.10190539424125,43.364028610421386,42.17573314178872,42.86599349975586,1359000.0
2020-08-05,43.02326364987384,43.765946574478505,43.02326364987384,43.15432357788086,870600.0
2020-08-06,43.02327822699242,43.56500011240376,42.00099311016634,42.44660568237305,983600.0
2020-08-07,42.15825725183509,43.066954166631895,42.15825725183509,42.621341705322266,1122000.0
2020-08-10,42.62134967570096,43.00580023705065,42.175740464137945,42.61261367797852,1003100.0
2020-08-11,43.01453381128471,43.11938244343728,41.44179099668442,41.73886489868164,1747500.0
2020-08-12,42.097107742612494,43.206766226734615,41.8874071105488,42.02720642089844,909400.0
2020-08-13,41.90487405258501,42.75240907677933,41.90487405258501,42.36796188354492,894100.0
2020-08-14,42.263102189554665,42.420376770075286,41.756331133603815,41.82622909545898,1041400.0
2020-08-17,42.188189862058415,43.07979898808709,41.9056996418781,42.85027694702149,1298700.0
2020-08-18,43.1062817770198,43.12393446795348,42.24115174912088,42.28529357910156,839600.0
2020-08-19,42.53245652256789,42.832602674830525,42.07340926807518,42.099891662597656,804800.0
2020-08-20,41.89685632128163,41.993962934346456,40.96110903367072,41.18180465698242,945500.0
2020-08-21,41.19064047976363,41.87038356010476,41.19064047976363,41.51726913452149,547600.0
2020-08-24,41.552578077367,41.552578077367,39.85763704612084,40.21957778930664,2184000.0
2020-08-25,40.37846951294557,40.49322880331033,39.67224088045136,40.33432769775391,1614400.0
2020-08-26,40.44909717325245,41.87037765275587,40.38730266262607,41.40250396728516,1035700.0
2020-08-27,41.39368207563249,42.12639336512027,41.36719967108919,41.75562286376953,908300.0
2020-08-28,41.94099977436952,42.02045034293903,40.43144233909733,41.12884140014648,968700.0
2020-08-31,41.137659238351006,41.84388786518519,41.137659238351006,41.37601089477539,790800.0
2020-09-01,41.543753742118405,42.57660785157408,41.32305807419553,42.52363967895508,1090500.0
2020-09-02,42.58543923297833,42.92972394962224,41.71148287203332,42.78847885131836,1062700.0
2020-09-03,42.49715763090358,42.6648884951552,40.722765927724296,40.96994400024414,1534600.0
2020-09-04,41.4024997322589,41.764440414997246,40.14012051422196,41.14649200439453,704100.0
2020-09-08,39.98123124207887,40.21958298681499,38.886579158944336,39.40742111206055,1318600.0
2020-09-09,39.72521305247468,40.3872999366826,38.94836349875728,40.01653289794922,772500.0
2020-09-10,40.26371083334623,40.89048560744389,39.716386619877,39.73403930664063,757000.0
2020-09-11,39.99887766669732,40.387300767775,39.41624133130675,39.48686218261719,935500.0
2020-09-14,39.56632094626004,40.25489038511515,39.40741978843982,40.09598922729492,2004200.0
2020-09-15,40.37848688282843,40.7757364500593,39.65460188636867,40.03419876098633,923400.0
2020-09-16,40.21074840302018,41.04056623623011,39.91060217202801,40.193092346191406,1097200.0
2020-09-17,39.460382886092354,39.7252169925329,38.46283760536632,39.25734329223633,1371500.0
2020-09-18,39.55749132416402,39.77818698423904,39.23085932261805,39.43389892578125,2158900.0
2020-09-21,38.40986393192086,39.06312444389004,37.77426284107148,38.57759475708008,1528100.0
2020-09-22,38.75415416070472,39.27499598470218,37.99496065105944,39.133750915527344,1435100.0
2020-09-23,39.14258807810516,39.85764333269066,38.78064727783203,38.78064727783203,745000.0
2020-09-24,38.57759568707247,38.71001104073212,37.2445922344154,37.82722854614258,1674000.0
2020-09-25,37.783094451662215,39.66342232487053,37.73895599535276,39.4780387878418,1592900.0
2020-09-28,40.24605842113496,41.13766735549829,40.0077067176798,40.872833251953125,1152800.0
2020-09-29,40.98760580445835,41.35837296522026,40.02537241467972,40.03419876098633,859700.0
2020-09-30,39.99888759776111,40.25489203581475,39.036654265969474,39.5045280456543,1241700.0
2020-10-01,39.97239941580492,41.79093298272596,39.90177855121751,41.51726913452149,1476300.0
2020-10-02,40.29902652426294,42.27645763727544,40.29902652426294,41.79092788696289,742200.0
2020-10-05,42.19701420095384,42.59426710654539,41.90569764855263,42.45302200317383,930400.0
2020-10-06,42.320592868555096,42.47066764833566,40.943454290240574,41.06704330444336,884500.0
2020-10-07,40.90814025748873,41.62319527859876,40.21957100071102,40.60799407958984,1099400.0
2020-10-08,41.040564640716326,41.65850976795739,40.91697224771973,41.4466438293457,656900.0
2020-10-09,41.852718425943536,42.26762728089497,41.08469858953275,41.09352493286133,804200.0
2020-10-12,41.09352992166475,41.164154147059286,38.72767225172237,38.75415802001953,2298500.0
2020-10-13,38.418697964070525,38.621737551664914,36.723753673535214,38.07441329956055,3082600.0
2020-10-14,38.34806902391088,38.95719107930258,37.93316355576268,37.94198989868164,1543800.0
2020-10-15,37.44762943358134,38.2333086327718,37.24458987678417,37.99495697021485,1104400.0
2020-10-16,37.98613542405999,38.45401250706495,35.284822736271565,35.717384338378906,3409100.0
2020-10-19,35.8674504869846,35.89393288183605,34.24313070765825,34.410858154296875,2402600.0
2020-10-20,34.91404868797208,35.911593898356465,34.640388256551574,35.49668502807617,1670200.0
2020-10-21,35.24950782118265,37.72129831083305,35.24950782118265,36.423606872558594,6425600.0
2020-10-22,36.38829335664538,36.58250320405852,35.770344973399745,35.876277923583984,2027300.0
2020-10-23,36.19408882320626,36.37064602756089,35.50551943052666,36.326507568359375,1297900.0
2020-10-26,36.326505233954606,36.52954482727274,35.29364784375986,35.45254898071289,1872100.0
2020-10-27,35.49668666480244,35.88511315448065,35.15240199807732,35.47903060913086,1072100.0
2020-10-28,34.737496298834614,34.94936561880263,33.969476328104186,34.331417083740234,1475100.0
2020-10-29,34.18134323036216,35.117090627866524,32.66295608604409,33.422149658203125,2567400.0
2020-10-30,33.4662848231791,33.995952982219734,32.08914289510622,32.539363861083984,2489100.0
2020-11-02,32.998423749204626,34.32259801911999,32.9807676881665,33.9165153503418,1304600.0
2020-11-03,34.472665861020104,34.89640117872151,33.748784272336586,34.71101760864258,1261600.0
2020-11-04,35.21420048347115,36.75907016983335,34.59625193541654,35.95573806762695,1730200.0
2020-11-05,36.68843797959455,37.915504984254575,36.34415001275929,36.81202697753906,1191700.0
2020-11-06,37.59771391867928,37.62419632107122,36.37064655047301,36.77672576904297,882300.0
2020-11-09,38.81595152937966,39.49569452725072,37.76543809287514,38.84243392944336,2974800.0
2020-11-10,38.44518433410492,39.15140979161912,37.82723579594927,38.807125091552734,857300.0
2020-11-11,39.11609580043903,39.1955463642299,37.54474057963612,37.84488677978516,1319500.0
2020-11-12,37.6948139591328,38.595252526033306,37.38583805921362,37.80074691772461,948100.0
2020-11-13,38.171515920789446,39.257337967193735,38.171515920789446,39.054298400878906,809100.0
2020-11-16,39.69874372054911,40.19309993489833,39.08079508506345,40.03419876098633,1288800.0
2020-11-17,39.5663202113363,40.44910290836307,39.124928862822905,40.40496444702149,1393800.0
2020-11-18,40.49323684978167,40.63448193083799,39.83997961272681,40.05184555053711,960200.0
2020-11-19,40.08756483501181,40.55182760638161,39.36438039258952,39.90900039672852,1336900.0
2020-11-20,39.748291486177926,39.81078852672616,38.43584682299833,38.55191421508789,1253900.0
2020-11-23,38.98046409522463,39.882209478787566,38.66797891424565,39.641151428222656,897300.0
2020-11-24,40.17684276317309,40.90002715901014,39.98935164767824,40.69467926025391,1526700.0
2020-11-25,40.78396871258779,40.78396871258779,38.88226345121661,39.15903854370117,1994400.0
2020-11-27,39.29295138500808,39.94471206460005,39.11439036105581,39.1679573059082,1695300.0
2020-11-30,39.14116528053371,39.27508942506664,38.29298697876765,38.94474411010742,1712200.0
2020-12-01,39.46258777998041,40.51611413336562,39.38223395960923,40.45361709594727,1426700.0
2020-12-02,40.48039622122609,41.14108349621276,39.93577632005453,41.06965637207031,1247600.0
2020-12-03,41.266074202305056,42.48923465421159,41.10536659188435,41.63212966918945,1318100.0
2020-12-04,41.80177617148669,43.3195688209302,41.73927912761256,43.30171203613281,899600.0
2020-12-07,42.93565522851836,43.4892019179962,42.49817252813801,43.114219665527344,1465000.0
2020-12-08,42.712442500909845,43.47133695818326,42.70351581336322,43.140995025634766,1535000.0
2020-12-09,43.54277279006475,43.62312661738529,41.46250337489606,41.91784286499024,983500.0
2020-12-10,41.52499352218205,42.51602275928968,41.19465157842377,42.4356689453125,1016900.0
2020-12-11,42.24817765456483,43.1231395106259,41.89104883722721,42.76601409912109,618200.0
2020-12-14,43.13207431260225,43.533840018673146,42.58745433933596,42.703521728515625,1202700.0
2020-12-15,43.3017026481357,43.47133695818326,42.774939531234345,43.140995025634766,845400.0
2020-12-16,43.4713406765501,44.105244533228856,42.74815971927056,44.042747497558594,1161100.0
2020-12-17,44.060611861908576,44.19453606078997,43.08743911342753,43.78384017944336,1271100.0
2020-12-18,44.05166890904724,44.140949404786376,42.31960208854667,42.65887069702149,1890500.0
2020-12-21,42.15889863905399,42.63209144374631,41.30179012840113,41.74819946289063,1240000.0
2020-12-22,41.81069050640515,42.9802805201768,41.77497695027248,42.79278945922852,1720200.0
2020-12-23,43.08743420505126,43.60527074884632,42.49817392760064,42.99815368652344,1259300.0
2020-12-24,42.92673044370613,43.87311621192278,42.64102528831664,43.82847595214844,458300.0
2020-12-28,44.29273930269879,44.31952277567699,42.7303064700826,43.17671585083008,968800.0
2020-12-29,43.28385264030415,43.52491411177706,42.53388475322173,42.91779708862305,480800.0
2020-12-30,43.05171933215969,44.04274864625403,43.05171933215969,43.37313461303711,606500.0
2020-12-31,43.39099067158493,43.96239754280811,42.98029485656512,43.730262756347656,487900.0
2021-01-04,43.73025006685959,43.828460647568825,42.50708966582713,42.649940490722656,1064700.0
2021-01-05,42.926726329663765,43.53383993491012,42.65887798502095,42.98029327392578,655500.0
2021-01-06,42.80172493645928,43.560622833905086,41.47142705269079,42.40888595581055,1782000.0
2021-01-07,42.81958512935338,42.926725828292405,41.471430356452124,41.87319946289063,1283700.0
2021-01-08,42.408888358528266,43.08742907369817,41.40000227131318,41.92676544189453,1248000.0
2021-01-11,41.89998373246627,43.0874308854006,41.55178496886773,42.37317657470703,1047600.0
2021-01-12,42.542812338722776,42.596379280890645,41.74820083629129,41.94462203979492,839400.0
2021-01-13,42.10532397385138,42.3374553054085,41.46249350825848,42.08746719360352,1847500.0
2021-01-14,42.56067030740077,43.40884884350957,42.17676135905687,43.04279327392578,963500.0
2021-01-15,42.58744903060396,42.83743715536729,41.97140200053321,42.81065368652344,648900.0
2021-01-19,43.25706763563621,43.59633970263787,42.81065827594096,43.024932861328125,562800.0
2021-01-20,43.04279518266949,43.14100579937236,42.85530404487322,42.89994430541992,482700.0
2021-01-21,42.85529946489717,43.23028170041509,42.52495748515521,42.685665130615234,458600.0
2021-01-22,42.75708970128924,42.953510917574114,41.43571835044842,41.453575134277344,1104300.0
2021-01-25,41.27500960820591,41.53392785811513,40.90002737523382,40.9625244140625,1522300.0
2021-01-26,42.9445753373596,44.29273339465792,42.22139441674435,43.90882110595703,4533000.0
2021-01-27,43.33742131247355,44.70343285873103,41.88212585107411,42.480316162109375,2815500.0
2021-01-28,42.49817148027725,43.212429210702034,41.7660603718418,42.90887069702149,1300600.0
2021-01-29,42.7213739963326,43.132073192184485,41.00716370451517,41.016090393066406,1467400.0
2021-02-01,41.36428811904847,42.783866449059566,41.203580495682544,42.533878326416016,1353300.0
2021-02-02,42.70352050619879,44.34630366192568,42.56066624309235,43.64990615844727,1325600.0
2021-02-03,44.85521810099419,45.30162750189415,43.27492841310834,44.748077392578125,2634300.0
2021-02-04,45.176624269571946,45.55160988972369,44.26595220455987,45.48911285400391,1703900.0
2021-02-05,45.71232036258937,45.71232036258937,44.86414187483383,45.256980895996094,1315800.0
2021-02-08,45.69446446362389,45.78374497739679,44.84628595944826,45.48018646240234,1299800.0
2021-02-09,45.47125610024617,45.63196373672225,45.04270353825432,45.1766242980957,1237400.0
2021-02-10,45.56947121149516,46.42657642031637,45.212342338236304,46.30158233642578,1519900.0
2021-02-11,46.43549626123395,46.444426354956754,44.9355640699229,45.07841491699219,1553100.0
2021-02-12,44.819492850510606,46.00693977639456,44.73913904305736,45.94444274902344,744100.0
2021-02-16,46.33728839142218,46.41764220458455,45.41768288393446,45.99801635742188,975200.0
2021-02-17,45.980162216051966,46.42657155795538,45.37304523859668,46.38193130493164,614500.0
2021-02-18,46.065786142186575,46.51741149652174,45.61416078785141,46.17417526245117,1505000.0
2021-02-19,46.46322758752611,47.31228568499681,46.41806572919082,46.81549835205078,2301700.0
2021-02-22,46.30064345049751,46.598717926072666,45.93934512796798,46.065799713134766,1165000.0
2021-02-23,46.16515044463718,46.17418143685519,44.84640506058681,45.58707046508789,851000.0
2021-02-24,45.18964359060577,46.13805983757196,44.710921693259,46.0748291015625,984500.0
2021-02-25,46.29161330864186,46.36387504185487,43.86186938223425,44.150909423828125,1076200.0
2021-02-26,44.1960675463647,44.990929316336526,43.31088206314488,44.67478942871094,1282400.0
2021-03-01,45.47868320997051,46.09289412156901,45.21674305743527,45.50578308105469,760300.0
2021-03-02,45.388351803252384,45.51480636145346,44.71091371663668,45.09931182861328,588200.0
2021-03-03,45.88514234007689,46.05676220621515,44.747047788893695,45.53287506103516,1580300.0
2021-03-04,45.51480637352939,45.78578091912191,43.83475936697616,44.76511001586914,597900.0
2021-03-05,45.14447369057301,45.25286281968436,43.07602857194013,44.76511001586914,1021300.0
2021-03-08,44.98190134500965,45.65030863428454,42.13666262107143,42.86829376220703,9803300.0
2021-03-09,42.90441666428439,43.30184580980092,41.24243491251644,41.341793060302734,5882900.0
2021-03-10,41.74825288368688,42.272136553514216,41.00758750679516,41.12500762939453,3861200.0
2021-03-11,41.576637400333965,43.464431899904376,41.00759181999069,43.20249176025391,5367900.0
2021-03-12,43.61798461750304,43.97928289214745,42.63344104766916,43.42830276489258,3361800.0
2021-03-15,43.753472919337696,44.548334686355545,43.3018474635185,44.078643798828125,4817800.0
2021-03-16,44.05155360790953,44.62963372186285,43.32895346546788,43.41927719116211,2703300.0
2021-03-17,43.22958935953738,43.78960396227295,43.03087305556107,43.52766036987305,3675600.0
2021-03-18,43.2928180198792,44.24123082191637,42.63344524426042,42.850223541259766,3342000.0
2021-03-19,42.56117868898922,42.94957682650536,42.22697684239227,42.7147331237793,5285700.0
2021-03-22,42.452798407058935,45.099324200425926,42.452798407058935,44.63866424560547,5544700.0
2021-03-23,44.77415085594873,44.77415085594873,44.01541989402546,44.3676872253418,4285800.0
2021-03-24,44.49414113007969,45.2619065196096,43.03990996715446,43.0579719543457,1995100.0
2021-03-25,42.96764650694461,43.09410108596905,41.73019369639684,42.42569732666016,3717100.0
2021-03-26,42.60633905862567,42.60633905862567,41.125008281358376,42.17277908325195,3899900.0
2021-03-29,41.46824317322366,42.3895593823268,41.05274864136194,41.992130279541016,2914600.0
2021-03-30,41.69405985041119,43.44636529059967,41.69405985041119,42.58827972412109,2228900.0
2021-03-31,42.58827287564532,43.29280733546147,42.45278388923696,42.46181488037109,2076200.0
2021-04-01,43.11217259342057,43.3741162272436,42.72377436275314,43.365081787109375,1923500.0
2021-04-05,43.70831249885224,43.79863966036092,43.05797071850539,43.0670051574707,1854000.0
2021-04-06,42.9405446399866,43.36507018068092,42.83215206116265,43.17538833618164,1478500.0
2021-04-07,43.0127964910116,43.27474001561409,42.29019663489086,42.49794387817383,2998900.0
2021-04-08,42.88634797668716,42.88634797668716,42.03729345707225,42.05535888671875,2225100.0
2021-04-09,41.84761979758569,42.54312002402561,41.84761979758569,42.47989273071289,2138900.0
2021-04-12,42.172779835018375,42.98570695685297,42.172779835018375,42.95861053466797,1970500.0
2021-04-13,42.90441086762743,42.93150728767964,42.23600379277114,42.7869873046875,1796400.0
2021-04-14,42.91345193227994,45.20771021574165,42.87732451227277,44.6838264465332,4158800.0
2021-04-15,44.99093149350318,45.42449154020592,44.71995344938863,45.37932968139648,2754700.0
2021-04-16,45.61417210712871,46.64387761923654,45.52384839209881,46.58065032958984,2898500.0
2021-04-19,46.50838470458984,46.84258653219593,46.35483027852544,46.50838470458984,1834800.0
2021-04-20,46.46322465253766,46.46322465253766,45.31609560601275,46.35483551025391,1894700.0
2021-04-21,46.2825658037552,47.28517115219368,45.86706787726514,47.24000930786133,2070100.0
2021-04-22,47.75487156093576,47.82713328296792,46.996140707740885,47.6103515625,2209900.0
2021-04-23,47.69163991689701,48.30585071550362,47.49292709073245,48.043907165527344,1904500.0
2021-04-26,48.45940661145925,49.31749211164898,48.27875576302992,49.25426483154297,2500000.0
2021-04-27,49.67878927299073,49.84137467717076,49.27232576254065,49.83234024047852,2110900.0
2021-04-28,49.67879298875026,50.42849279139116,49.58846928884021,50.04912567138672,1904300.0
2021-04-29,50.58204931064785,50.84399289295744,49.525247434309286,50.15752029418945,1584800.0
2021-04-30,50.10332382248236,50.22074394760763,49.32652757009839,50.012996673583984,1908200.0
2021-05-03,50.22074916188109,50.67237461637868,49.723961851059485,49.74202728271485,2467400.0
2021-05-04,49.7420259618375,50.35623683929443,49.07362223648233,49.67879867553711,2859400.0
2021-05-05,50.220740310975366,51.38593460517617,49.76008394465058,51.16012191772461,2744800.0
2021-05-06,51.16012648966092,51.79240276015442,50.73559749671284,51.65691375732422,1935100.0
2021-05-07,51.67497598805095,52.6143576205882,51.14205789321042,52.58726119995117,2336300.0
2021-05-10,52.632420276536806,52.83113653908071,51.927885812067466,52.05434036254883,3855900.0
2021-05-11,50.99754250540862,52.36145322759013,50.482689793112655,52.19886779785156,3210200.0
2021-05-12,51.95499222206959,52.325324953533794,50.22074870098762,50.36526870727539,2884500.0
2021-05-13,50.78979555045274,51.512395550836935,50.17558468871903,50.76269912719727,2043800.0
2021-05-14,51.051749737233706,52.24404084706392,51.051749737233706,51.86467361450195,1571500.0
2021-05-17,51.684009374736654,52.126600315743175,51.06076414772801,51.82852935791016,1315200.0
2021-05-18,51.8556247954478,52.12659932806023,51.4581957106581,51.476261138916016,2205600.0
2021-05-19,50.56502760083223,51.9318962097168,50.16407725083838,51.9318962097168,2190800.0
2021-05-20,52.013894520367536,52.232591492525486,51.04797304431378,51.731407165527344,2038500.0
2021-05-21,52.11413947193229,52.81579906649306,52.02301629388603,52.33283996582031,1990100.0
2021-05-24,52.6699907794841,52.95247814433508,52.16880643472501,52.341941833496094,1863600.0
2021-05-25,52.50597219188565,52.6517713535423,51.49448898708739,51.5947265625,1435600.0
2021-05-26,51.79520238158111,52.53331260231193,51.44892806463163,52.21437454223633,2278300.0
2021-05-27,52.62442379909709,53.02537053854218,51.97744037540428,52.73377227783203,2901900.0
2021-05-28,52.934258189410095,53.15295866764184,52.050348825907456,52.250823974609375,1302200.0
2021-06-01,52.51509324850312,52.87047853281085,51.40337232743656,51.60384750366211,1955400.0
2021-06-02,51.49449523359664,52.12325701886508,50.73816307704576,51.65851974487305,2502700.0
2021-06-03,51.3851458836389,52.60621529435195,51.12999819296431,52.42396545410156,2843900.0
2021-06-04,52.61532224280997,52.67910915644023,52.0594618730669,52.31460952758789,1647000.0
2021-06-07,52.45130903648639,52.64266981852705,52.02302240190572,52.615333557128906,1689000.0
2021-06-08,52.57887664348627,52.779348330129615,51.73141787957496,52.414852142333984,2444700.0
2021-06-09,52.32372455170729,52.44218746178046,52.03212621623977,52.12325286865234,1604100.0
2021-06-10,52.45130035556407,52.66088643589167,51.87721462832898,52.21437454223633,922200.0
2021-06-11,52.31461055060917,52.66088485717773,52.12324980597634,52.66088485717773,1087400.0
2021-06-14,52.84312828722609,52.988927428768,52.259928244932695,52.40572738647461,1302300.0
2021-06-15,52.49685489135913,53.13472744970918,52.25081818416157,52.8613510131836,1306000.0
2021-06-16,53.08916712311071,53.52656807007372,52.63354432313984,53.37165451049805,1436700.0
2021-06-17,53.60858689441351,53.76349699688074,52.15059166983913,53.24408721923828,3035300.0
2021-06-18,52.76112263618686,52.88869646643851,51.97745084906828,52.27816009521485,3706200.0
2021-06-21,52.323722149209935,53.37165600901626,52.18703739105663,53.28053283691406,1477300.0
2021-06-22,53.016268324063965,53.234965317464905,52.6699940290321,53.080055236816406,2720800.0
2021-06-23,53.06183249480798,53.40810680672092,53.0162709086388,53.11650848388672,1722400.0
2021-06-24,53.38078222065644,54.09155285344176,53.04361876181425,53.87285232543945,1509500.0
2021-06-25,54.17355166473316,56.21473986396794,53.9092896062214,56.114505767822266,6650900.0
2021-06-28,56.24208191971477,56.26941817650896,55.2852712184035,56.06894302368164,3529500.0
2021-06-29,56.40610065191738,57.02574790089272,56.06893729730153,56.87083435058594,2941800.0
2021-06-30,56.64302322070109,57.03485908509571,55.81378990965976,56.679473876953125,3880700.0
2021-07-01,55.376398956568,57.41758728027344,55.130362212204815,57.41758728027344,3979200.0
2021-07-02,57.52693606704354,58.5293083190918,56.8435018626986,58.5293083190918,2307000.0
2021-07-06,58.611322308786015,58.72978174528304,57.49049053092961,58.05546188354492,3004100.0
2021-07-07,57.89143795669671,57.94611394986429,56.26942173011617,57.6727409362793,2336200.0
2021-07-08,56.57012792172155,56.82527557467839,54.82053458053246,55.13946914672852,3780500.0
2021-07-09,55.4584217790936,56.16008148544413,55.15770898660323,55.74090576171875,2222600.0
2021-07-12,55.75912344975473,56.369659879824205,55.45841417462466,55.877586364746094,1278300.0
2021-07-13,55.18503356900628,55.33994364904558,53.59035380421431,54.57449722290039,6256200.0
2021-07-14,54.69295992241573,55.1303573820306,54.29201312013359,54.68384552001953,1839900.0
2021-07-15,54.55627990469904,54.683853748433975,53.736160848063065,54.16444396972656,2756300.0
2021-07-16,54.045983657274654,54.29202041313154,51.512718250374,51.70408248901367,4090000.0
2021-07-19,50.75638515889486,51.40336875854203,50.01827490541444,51.22111892700195,2948100.0
2021-07-20,51.202893786963976,52.93426197885434,51.202893786963976,52.33283996582031,3014000.0
2021-07-21,52.59709638811412,54.036862607827445,52.59709638811412,52.97070693969727,1980400.0
2021-07-22,53.05273126017278,53.52657949037674,52.51509610245355,53.31698989868164,2154100.0
2021-07-23,54.09154612021797,54.43782046473176,53.78172243852175,54.16444396972656,1883700.0
2021-07-26,53.91839872665007,54.638283561464505,53.78171397677929,54.06420135498047,1494400.0
2021-07-27,53.65414130071976,54.13710035095325,53.10739186116432,53.97307586669922,1671500.0
2021-07-28,54.11887686592231,54.15532752502647,52.970708913150624,53.60858154296875,1530000.0
2021-07-29,53.89106471532762,55.20326061591868,53.863728459440686,54.23733901977539,2883900.0
2021-07-30,53.98219581126059,54.32846666812328,53.48100790451593,53.63592147827149,1950800.0
2021-08-02,54.03686673599178,54.638288730245264,53.21674773080593,53.945743560791016,1665100.0
2021-08-03,54.19178011775325,55.522197937390345,54.06420628246288,55.276161193847656,3036700.0
2021-08-04,54.59272795153637,55.69533437798384,53.45367086401798,55.485748291015625,3235400.0
2021-08-05,55.88669709434793,56.46077934807148,54.95722611901412,55.71355819702149,1909200.0
2021-08-06,56.23297256075329,56.50634558159518,55.87758728604617,56.16918563842773,2106200.0
2021-08-09,56.178291580796895,56.37876324528547,55.44018140718259,55.850242614746094,1597800.0
2021-08-10,55.58598397674773,55.777344726659685,54.70207459459315,54.76586151123047,2153600.0
2021-08-11,54.76585738512762,54.9936687777049,53.99130004081527,54.06420135498047,1727800.0
2021-08-12,53.963971857221146,53.99130811605868,53.198525324631966,53.57213592529297,1864100.0
2021-08-13,53.59947395676813,54.246457595580864,53.326100930972416,54.10065841674805,1561700.0
2021-08-16,53.89106606973648,54.51071337700519,53.69059091852419,54.17355346679688,2374000.0
2021-08-17,53.82728655117037,53.99131106540858,52.15059422038941,53.14385223388672,1850200.0
2021-08-18,52.81296037368538,53.04274179212938,52.344207822781534,52.4177360534668,1890700.0
2021-08-19,51.7927314255949,52.69347769065742,51.011475988604296,51.44346618652344,2166000.0
2021-08-20,51.52618459154586,52.32582291585207,51.35154847615313,51.719200134277344,1208300.0
2021-08-23,51.89383581040048,52.95083176033634,51.829497292354255,52.76700592041016,2018700.0
2021-08-24,52.96920793791504,53.63097596856989,52.858910344317714,53.03354644775391,1061900.0
2021-08-25,53.143841868058026,53.94348015767224,52.96001604697113,53.4471549987793,2032900.0
2021-08-26,53.52987551808168,53.91590658012708,53.134651236738506,53.23575210571289,1053700.0
2021-08-27,53.171415904192,54.00782008112808,53.171415904192,53.90671920776367,1228600.0
2021-08-30,54.22841217937541,55.11077194284331,53.97105812491044,54.108924865722656,1605700.0
2021-08-31,54.22841090607805,55.24864089258893,54.09973388186693,54.94532775878906,1915200.0
2021-09-01,55.101591918611874,56.45270444832556,54.5684972764083,56.039100646972656,2547500.0
2021-09-02,56.30564502944517,56.71006262586553,55.90123093921149,56.2504997253418,1625600.0
2021-09-03,56.195341222855454,57.2063815333422,56.13100270837374,56.8111572265625,2035800.0
2021-09-07,56.84791603786509,57.26152325241112,56.25048651124159,56.89387512207031,2210000.0
2021-09-08,56.95821934706964,56.985791995410416,55.9655619325673,56.32402038574219,1200700.0
2021-09-09,56.19534683227539,56.96741258930961,56.121818596750735,56.19534683227539,1156500.0
2021-09-10,56.77439214993603,56.9306418283713,55.78173475921973,55.80931091308594,1027800.0
2021-09-13,56.10342671527178,57.004169370484775,55.726585364558325,56.98578643798828,1479900.0
2021-09-14,57.1420372033117,57.33505624514216,55.50599474772034,56.08504486083984,1869000.0
2021-09-15,56.23210657507825,58.12550664356285,55.937986652659326,57.92329788208008,2148500.0
2021-09-16,58.11631628794824,58.53911325898922,57.28910528019672,57.638370513916016,1706900.0
2021-09-17,57.73947515853394,58.4472023555904,57.31667818559722,57.72109222412109,2607100.0
2021-09-20,55.97475509237636,56.02990038899837,52.98759664422888,53.70451354980469,3519300.0
2021-09-21,54.1732718789305,54.96372060587549,54.081360703968485,54.34790802001953,2611600.0
2021-09-22,54.59606922716285,54.99129356766813,53.78723761099084,54.60525894165039,1782000.0
2021-09-23,55.1475442870112,57.12366602643701,55.000484309159965,56.305641174316406,3116300.0
2021-09-24,55.919605734411455,57.436164487812455,55.919605734411455,57.36263275146485,2040800.0
2021-09-27,57.445359716737386,58.45639664527736,57.30748945094261,57.89573287963867,3745500.0
2021-09-28,57.78543469253014,57.93249467170183,55.8828446780398,56.47108459472656,2939100.0
2021-09-29,56.792779326322425,57.31668070849717,56.121817968558055,57.30748748779297,1863500.0
2021-09-30,57.6475684680473,57.89573284260725,56.48027833860744,56.60895538330078,3228400.0
2021-10-01,56.6181457422457,57.21557889218896,56.02990581342027,56.866310119628906,3167400.0
2021-10-04,56.48946431058474,57.23395738493637,53.89753013405335,54.035400390625,3591200.0
2021-10-05,54.4765800652076,56.85711574247488,54.20084305945414,56.57218551635742,2507300.0
2021-10-06,55.91041661491654,57.54645919799805,54.669594847254,57.54645919799805,1904200.0
2021-10-07,57.99682765967572,59.21007324862676,57.60160334595223,58.44720077514648,2351500.0
2021-10-08,58.52073379836057,60.44171022877402,58.355294391939,60.07405853271485,1557600.0
2021-10-11,60.368166960961766,61.40677631758183,60.12000614561769,60.12919235229492,1734300.0
2021-10-12,60.202729704839335,60.93803302526715,59.74316688266499,60.57957458496094,1573900.0
2021-10-13,60.75420764570538,61.2689228084755,60.09243601669566,60.69906234741211,1629900.0
2021-10-14,61.46194324597448,62.6108504674774,61.25973445301026,62.31673049926758,1800300.0
2021-10-15,63.23585484946178,63.23585484946178,61.59061890391194,61.96745681762695,2219500.0
2021-10-18,62.22480605806128,62.960109410874495,61.664138829325005,62.77628707885742,2751700.0
2021-10-19,64.13658348438784,69.06309727968727,63.18988523484888,67.26161193847656,8887700.0
2021-10-20,67.09617986065831,68.90685871312424,66.91235751530432,68.29104614257812,4850900.0
2021-10-21,68.89766565753726,71.19548004184296,68.47486865230977,71.03923034667969,4027700.0
2021-10-22,71.3792934341358,73.63114822211904,70.53369260044893,73.27268981933594,4953900.0
2021-10-25,73.27270554677092,74.29293568517569,72.67527240977408,73.49329376220703,3986700.0
2021-10-26,74.09071118703528,74.51350809878208,73.19915828106795,73.30945587158203,3890900.0
2021-10-27,73.42894855615918,73.50248029206848,70.51532189138337,71.20466613769531,2843000.0
2021-10-28,71.29657969762891,72.53739798021908,71.29657969762891,71.9951171875,2331100.0
2021-10-29,71.49878427077618,71.72856568043453,70.1200958128261,70.72671508789062,4587000.0
2021-11-01,71.34254100276934,71.70099947304135,69.45833046939269,70.15686798095703,3864500.0
2021-11-02,69.77082922944686,70.73590692370571,68.2358841135594,70.23957824707031,2887600.0
2021-11-03,70.80024242664689,72.15135815353977,70.23957526089717,71.66422271728516,3049100.0
2021-11-04,71.69180879033775,72.0226946226676,69.89032315452684,71.03923034667969,2495000.0
2021-11-05,72.22491037615578,72.39953951779138,70.3774654695338,70.71754455566406,2897000.0
2021-11-08,70.7634739010992,71.79289703820794,70.2395726197964,70.80943298339844,1566600.0
2021-11-09,70.47854506126001,70.9473010393065,69.908684715157,70.12008666992188,1879900.0
2021-11-10,69.3939931714857,69.95466043227164,67.9325866150053,68.01530456542969,2420700.0
2021-11-11,68.75978886520943,69.22854491857711,68.28184660408505,68.86089324951172,1730500.0
2021-11-12,68.81492610689332,69.23772297941875,68.28183165408575,68.92521667480469,1443400.0
2021-11-15,69.02635443670394,70.23960035737696,68.73223442600667,69.94548034667969,1547900.0
2021-11-16,69.84436005497608,70.16605264784903,69.35722455542953,69.66053771972656,1506900.0
2021-11-17,69.7340839261533,69.95467217669156,68.93444187593776,69.39400482177734,1139400.0
2021-11-18,69.46800315814228,70.12493199990509,68.40396070098585,69.76408386230469,2308500.0
2021-11-19,69.83811504302886,69.9306389517358,68.56126110185919,69.34772491455078,1625200.0
2021-11-22,69.95840686917477,72.06798339312252,69.66232607737723,70.18046569824219,3144700.0
2021-11-23,69.78259648840022,70.05092077056447,68.21892333940427,68.29293823242188,2494200.0
2021-11-24,67.64526080705045,68.96837314175451,67.09011030880237,68.42247009277344,2496900.0
2021-11-26,66.6182304674892,67.11786804308997,65.5541878745869,66.3776626586914,1650700.0
2021-11-29,67.83029860134639,68.40395803164034,66.75700873781123,67.8673095703125,2736500.0
2021-11-30,67.30292123064581,67.77480237733576,65.11007548726515,65.48942565917969,3916300.0
2021-12-01,66.99758042987278,69.03313442836621,65.3136130093448,65.36913299560547,3214900.0
2021-12-02,66.41468037308478,67.80256031532241,65.88728627739938,66.43318939208984,4396500.0
2021-12-03,66.70149649877506,67.21964306533637,63.509375940391706,64.86949920654297,3827600.0
2021-12-06,65.58194024076005,66.17410168760637,64.47163929270353,64.90650939941406,5566300.0
2021-12-07,66.33141263728197,67.21965497561379,65.06381305012872,65.68373107910156,6081600.0
2021-12-08,65.16556790392451,66.75700416484877,65.16556790392451,65.73922729492188,4225600.0
2021-12-09,65.69295793550677,67.11784829275156,65.22107696533203,65.22107696533203,3489300.0
2021-12-10,65.82251107351978,66.80327719155538,64.44388580322266,64.44388580322266,5360700.0
2021-12-13,64.3050895766097,64.94351646585731,63.88872851091309,64.40686798095703,3151000.0
2021-12-14,63.842470534482906,65.41539814429251,63.14853063736896,63.40760040283203,3278200.0
2021-12-15,63.49086570675117,65.18407339330327,62.63038010314058,64.91575622558594,3782100.0
2021-12-16,65.91503184308586,66.29438901958945,63.39834216801416,64.58267211914062,5325600.0
2021-12-17,64.45312540533189,65.92427424214749,63.59263985917485,65.08229064941406,8529300.0
2021-12-20,63.81471322829048,64.21257237976506,62.61188126547293,63.45386505126953,3477900.0
2021-12-21,64.04601734091426,67.15486815803467,64.04601734091426,66.52569580078125,5211800.0
2021-12-22,66.38690588607763,67.09010017584976,65.92427936422342,66.86803436279297,2292800.0
2021-12-23,67.11786756268582,69.10716334228684,67.11786756268582,68.71855163574219,1761100.0
2021-12-27,68.98688126314435,69.31072555358485,68.20967190798045,68.48724365234375,1891800.0
2021-12-28,68.48724813128335,69.75484773005329,67.8950865669687,67.97836303710938,1647100.0
2021-12-29,67.58048772401247,68.03385976949707,66.95131532943098,67.35842895507812,1354600.0
2021-12-30,67.64525754966279,68.38546288443078,67.50646816700365,67.58049011230469,1654600.0
2021-12-31,67.48798687372881,67.94135907404919,66.2296416548155,67.01610565185547,4888500.0
2022-01-03,67.49720724762203,67.77478598657363,65.99830182282098,66.183349609375,5403400.0
2022-01-04,66.78477575454517,68.48723824132348,66.29439269170405,68.0616226196289,4594500.0
2022-01-05,68.8203303107911,68.87585030286162,63.8887361314703,64.39762115478516,6102500.0
2022-01-06,64.76771690285402,64.86024080089105,62.667395475017535,64.36985778808594,6427500.0
2022-01-07,64.76772608968632,64.76772608968632,62.88946316254493,63.80546188354492,4810400.0
2022-01-10,62.93570030464495,63.28730093092089,61.30726025338631,63.24103546142578,7635600.0
2022-01-11,63.06526357147967,65.32287665341828,62.676651849784925,65.30437469482422,2747600.0
2022-01-12,65.64671005138555,66.54420676208225,64.01826954325453,65.47091674804688,3440100.0
2022-01-13,65.46167293472682,65.65597528644896,63.49088588801144,64.35137176513672,6472800.0
2022-01-14,63.54637604405725,63.81470025997651,62.08447461627095,63.68516540527344,5505600.0
2022-01-18,63.0282501049244,63.53713512605742,62.02897496139973,62.593379974365234,5575800.0
2022-01-19,62.79691894326306,63.08374509284062,61.42754149991535,62.038211822509766,2770800.0
2022-01-20,62.08447869731949,63.398336343741335,61.58484119957021,61.9919548034668,3794000.0
2022-01-21,61.50158382126961,62.06598886083018,60.34501727448516,60.97418975830078,6943200.0
2022-01-24,59.58629490944328,60.742861165220056,57.63401050496248,60.46528244018555,6968800.0
2022-01-25,59.58630903352392,60.53931872472204,58.29095310818433,59.35499572753906,4442700.0
2022-01-26,60.41903953784443,60.59483285365519,58.17067034742703,58.799842834472656,4038300.0
2022-01-27,61.436801816943394,62.34354582162242,60.4745378309736,61.27951049804688,8089300.0
2022-01-28,60.86315101359889,63.176283886168754,59.77135201538106,63.06525802612305,4131600.0
2022-01-31,63.14852256774903,64.93426129049122,62.96347477581418,64.76771545410156,4188600.0
2022-02-01,64.99903034339187,65.52642432858195,64.26807954652824,65.36913299560547,2966500.0
2022-02-02,65.76697622191372,66.35913749873939,64.84172334448371,65.72071075439453,2325900.0
2022-02-03,64.48089973968156,65.29512003930843,63.7036833571597,63.82397079467773,3003000.0
2022-02-04,63.57413890696411,65.65595835750453,63.29656721569791,65.07305145263672,2495300.0
2022-02-07,65.1378297231007,66.15560687863999,64.88800739436672,65.58194732666016,2825700.0
2022-02-08,65.38763839859607,65.44315838778351,62.3898201699622,62.54711151123047,4497500.0
2022-02-09,62.97271023805574,64.91574697914567,62.97271023805574,64.64742279052734,3031700.0
2022-02-10,63.84246915116057,66.25738050552116,63.77770171119817,64.46238708496094,3859600.0
2022-02-11,62.91721705889447,64.13855099002579,60.50230566293365,60.761375427246094,6191100.0
2022-02-14,60.53930220494208,62.241764284049474,60.16919960453439,60.72434997558594,4379100.0
2022-02-15,62.01972951893954,62.685913045338566,61.187000110940765,62.528621673583984,3074200.0
2022-02-16,62.25102704597587,63.40759341368238,61.77914599139776,62.88019943237305,2739900.0
2022-02-17,62.54513581565563,63.17803333609248,60.36722814589442,60.71160125732422,3650900.0
2022-02-18,60.99081250842624,61.493408192949765,59.02696916925507,59.72501754760742,2309200.0
2022-02-22,59.5016532828806,60.367233690316674,58.30100903379724,58.82221984863281,3994100.0
2022-02-23,59.5668032135846,59.84602544401479,57.59365385126289,57.79841232299805,2986000.0
2022-02-24,55.63911058802733,58.04039881363162,55.0062130813002,57.854251861572266,3798200.0
2022-02-25,58.41269261443377,61.31657316637153,58.36615676128714,61.12112045288086,3668400.0
2022-02-28,60.12524256903828,62.13562565265961,59.80879732490336,60.73952865600586,4106900.0
2022-03-01,60.46029872143877,61.14903783054117,57.817021935503,58.07762908935547,3140600.0
2022-03-02,58.57092186330839,60.85121074182338,58.03109599706752,60.4323844909668,3476500.0
2022-03-03,60.54407471098847,61.40034581416242,59.53888318939311,60.09732055664063,3397500.0
2022-03-04,59.04559460152928,59.78087675858932,57.94733134242894,59.08282470703125,4879600.0
2022-03-07,57.88218495366406,58.3754750139458,53.87073485967383,54.25233459472656,7956100.0
2022-03-08,54.76422841802622,57.03521145314241,54.20579107264852,55.862491607666016,4981500.0
2022-03-09,57.779798985821664,59.911174447707175,57.314433350499485,58.905982971191406,4116900.0
2022-03-10,57.76118680274391,59.371351554863615,57.44473801299183,57.77049255371094,3978800.0
2022-03-11,58.19862127470712,59.8925517884916,58.19862127470712,58.68260192871094,3916400.0
2022-03-14,58.27309530978191,58.59884988959203,54.58739970482177,55.29475402832031,5877100.0
2022-03-15,55.2854450669187,56.09518036862636,53.926574561765015,55.425052642822266,4868700.0
2022-03-16,56.58846425275853,58.077636513634815,55.43435938979914,57.965946197509766,4473700.0
2022-03-17,57.47265666523858,57.95663735794819,55.74149591259292,57.31443405151367,4657900.0
2022-03-18,56.83976051957825,58.76637403713784,56.80253041526353,58.24516677856445,7437700.0
2022-03-21,58.52437892381568,58.91528432408813,57.71464022246655,58.17070007324219,3932600.0
2022-03-22,58.50576875833444,60.711604445604735,58.17070492986512,60.19969940185547,2873900.0
2022-03-23,60.00423905039778,60.00423905039778,58.35684447034527,58.43130111694336,2446200.0
2022-03-24,59.11074144159943,59.76225404119916,58.81290771900379,59.46442031860352,2969900.0
2022-03-25,59.59471767488867,59.86463057533838,57.67741367276758,58.17070007324219,2846300.0
2022-03-28,58.12416967818974,59.59472326781373,57.71464563894759,58.83152389526367,2457900.0
2022-03-29,60.12524335380907,61.38172924701413,59.84602821138384,61.15835571289063,2098300.0
2022-03-30,60.665062156077504,60.74882455875305,58.42200002267977,58.67329788208008,2043200.0
2022-03-31,58.82221358274683,59.58540934565075,57.64018451194075,57.69602966308594,2625400.0
2022-04-01,58.11486296806727,58.46854186760186,57.53781053758533,58.01248550415039,2409900.0
2022-04-04,58.23585562601068,59.29688871204405,58.15208966919446,58.971134185791016,1723400.0
2022-04-05,58.75706964800697,59.166590153585176,56.64430911036788,56.895606994628906,2200800.0
2022-04-06,56.00210372954268,56.65361638584732,54.44778407636891,54.94107055664063,2498200.0
2022-04-07,54.62461639218547,54.89452930979891,52.66077641521699,53.675270080566406,3068200.0
2022-04-08,53.275065110775365,54.14995131925708,53.023767215151615,53.572898864746094,2784400.0
2022-04-11,53.051686834746334,53.51705250873533,52.36294407504094,52.93069076538086,2262800.0
2022-04-12,53.20060613303859,54.298869457743,51.46944517882797,51.66489791870117,3129200.0
2022-04-13,52.62354894200021,53.852113983019365,51.8696553052783,53.749732971191406,2794300.0
2022-04-14,53.889343525263065,54.42916583137279,53.29367251270119,53.50774383544922,2314400.0
2022-04-18,53.27506226300238,53.38674902715668,52.34433094398071,52.82830810546875,2072300.0
2022-04-19,52.83761684773093,54.72700026920281,52.83761684773093,54.53154754638672,1626000.0
2022-04-20,54.7456049532152,55.74148698138294,54.466386323436325,55.06205368041992,2047400.0
2022-04-21,56.11379619672575,56.89561070413598,51.9999616183062,52.26987457275391,2606100.0
2022-04-22,52.04648911242533,52.204715269086,50.05472483164987,50.1943359375,2233500.0
2022-04-25,49.71035842550147,50.696934878382194,48.723781972620735,50.62247467041016,3536700.0
2022-04-26,50.41771226150944,51.02268902002984,47.44868072537352,47.60690689086914,3575400.0
2022-04-27,47.50452019274554,48.57485891752052,46.88092845704387,47.39282989501953,2614100.0
2022-04-28,47.60690582515572,49.1798403914562,46.55517849715418,48.686553955078125,3038400.0
2022-04-29,48.156041659454985,49.63590464945617,46.238733798368806,46.31319046020508,2688700.0
2022-05-02,46.35042077282639,48.40733621544025,46.201503898032136,48.32357025146485,3958500.0
2022-05-03,48.41664143796666,49.3287576630396,47.92335499748284,48.146728515625,3940300.0
2022-05-04,48.1653497453942,50.15711436485984,46.96470539238448,49.94304656982422,4223600.0
2022-05-05,51.19952884691161,52.54908998407496,49.021617394998266,49.67313003540039,5274500.0
2022-05-06,49.58936643610071,50.46425619934591,48.51902748701983,49.23569107055664,5437800.0
2022-05-09,48.47249351147435,49.19846287474501,45.81060111220384,46.11774063110352,4133400.0
2022-05-10,47.52313513978276,48.19325917240388,45.77335953422018,46.94607925415039,3712600.0
2022-05-11,46.67617473502513,49.105380373811606,46.14565819374851,47.476600646972656,4726900.0
2022-05-12,47.46728628929593,48.17464036591556,46.18287637204573,47.997802734375,4017600.0
2022-05-13,49.30083022961741,51.15298323279042,49.25429083167775,50.44562911987305,4345800.0
2022-05-16,50.31533368830011,50.62247316088074,49.36598736771429,49.80342864990234,2554300.0
2022-05-17,51.15377502741521,51.97898817666983,50.40358288136479,51.38821029663086,2260400.0
2022-05-18,50.45985409411071,51.81020010312459,50.35670199214184,50.95685577392578,2964800.0
2022-05-19,50.40358798257952,51.70704763898654,50.19728378008678,50.59113693237305,3890500.0
2022-05-20,51.01312114676575,51.772689206069394,49.7377925815168,51.088138580322266,3309300.0
2022-05-23,51.650783159361765,52.15716065090957,50.85370105251323,51.78206634521485,3243000.0
2022-05-24,50.647396534888365,51.07876017061299,49.090746412086645,50.244171142578125,2967100.0
2022-05-25,49.79405839189087,52.50413357918255,49.381453534258405,52.30720520019531,4193500.0
2022-05-26,52.57914881642823,54.642180172597946,52.11965763149697,54.49214172363281,4110500.0
2022-05-27,55.10167094312437,56.73334219339782,54.95163249528763,56.56454849243164,2566200.0
2022-05-31,56.46139768137769,56.498908188495285,53.78883665022882,54.0514030456543,5144900.0
2022-06-01,54.05140196906724,54.97038791195104,53.02926392226404,54.17330932617188,3137600.0
2022-06-02,54.37960884458624,55.13917685849361,53.49812990688845,54.885986328125,2594300.0
2022-06-03,53.93887471194495,54.97976802514822,53.79821209986928,54.18268585205078,2199900.0
2022-06-06,54.557779485018514,56.57392435483763,53.87322888617723,55.486141204833984,3279600.0
2022-06-07,55.28921333710464,55.57991436032084,54.1639233232464,55.4017448425293,1853600.0
2022-06-08,55.04540361255986,55.41112207138148,53.41373251489597,53.75131988525391,2960600.0
2022-06-09,53.44186824484414,53.83571779997289,52.288443514084776,53.13241195678711,2898800.0
2022-06-10,51.32257155939703,52.11027425082181,50.20666090371132,51.06000518798828,2629300.0
2022-06-13,48.76253936953295,48.76253936953295,45.88367435062294,46.96207809448242,4119200.0
2022-06-14,47.0746060843942,47.4121934681568,45.7242565493438,46.286903381347656,3689100.0
2022-06-15,46.86829703321163,48.40619177575507,46.699503358815576,47.402809143066406,6371400.0
2022-06-16,46.268153531106776,46.268153531106776,43.10796651250313,43.86753463745117,7054400.0
2022-06-17,43.86753660854473,45.52733912894266,43.79251916513421,45.24601745605469,8850500.0
2022-06-21,46.69950495793745,47.4965870203683,46.493204353321005,46.74639129638672,5890300.0
2022-06-22,45.93994470237052,47.56223661056607,45.66799888554033,47.06523132324219,3995700.0
2022-06-23,47.38405503202413,47.96545706989803,45.93055709173595,46.830787658691406,1924400.0
2022-06-24,47.459075594829095,49.25016087543079,47.44032034437483,48.76253509521485,8289600.0
2022-06-27,49.65339723791869,50.103512584496,48.44371023181784,49.1188850402832,2016700.0
2022-06-28,49.3158095765284,49.83156651821724,47.93732887549931,48.0779914855957,1733500.0
2022-06-29,47.97483533427213,48.01234583742631,45.84616257245148,46.58697891235352,2440000.0
2022-06-30,45.57421692796512,46.15561899701477,44.261381508391565,45.46168899536133,3794400.0
2022-07-01,45.105347106312685,46.45569662843402,44.83340489617306,46.1931266784668,2213900.0
2022-07-05,45.01157675100731,47.90919714744136,44.61772717149138,47.89044189453125,3061000.0
2022-07-06,47.80604035625705,48.584367178294265,46.868299265917294,47.11211395263672,1950700.0
2022-07-07,47.693520031208855,49.14701823753919,47.693520031208855,49.0532455444336,2109100.0
2022-07-08,48.94070795659738,49.222033155457474,47.89043889970145,48.34993362426758,1865500.0
2022-07-11,47.83417740425195,47.95608476280094,47.06522990054078,47.5434799194336,1443400.0
2022-07-12,47.57160406658758,48.47183463553914,47.27152721027039,47.55284881591797,1750300.0
2022-07-13,46.45569149886053,47.4684499514256,44.98343836748848,47.16837310791016,2363700.0
2022-07-14,46.25877081444785,46.25877081444785,44.77713813907351,45.63985824584961,2740500.0
2022-07-15,46.47445580557108,47.77791551933132,45.47107299380461,47.68413925170898,2967500.0
2022-07-18,48.471835701640536,49.25953836109765,47.92794772905259,48.10611724853516,1580100.0
2022-07-19,48.05923762336668,49.87845430609863,48.002971862259926,49.765926361083984,1931600.0
2022-07-20,49.78467877260987,50.88183422256413,49.60650923840838,50.816192626953125,1520800.0
2022-07-21,50.69428566235025,51.37883624295377,49.13763556382207,51.18191146850586,1987300.0
2022-07-22,51.40696980946807,51.913350891484384,50.17852760913929,50.58175659179688,1264100.0
2022-07-25,50.17853182319822,51.09752137982739,49.76592696831084,50.675537109375,1342700.0
2022-07-26,50.666153071933216,50.788060422765234,49.625259825502845,50.21603775024414,1103400.0
2022-07-27,50.60988581046973,51.62264428827417,50.40358163396217,51.41634368896485,1116300.0
2022-07-28,51.6414028926396,53.03863872730122,51.15377708380462,52.99174880981445,1900600.0
2022-07-29,52.99174605580963,53.91073544825272,52.99174605580963,53.545013427734375,2341800.0
2022-08-01,52.83233714808973,53.6856814614191,52.20404871014468,53.56377410888672,1535400.0
2022-08-02,52.8792244834942,53.76070348069522,52.26969486378576,52.897979736328125,2108700.0
2022-08-03,53.470006348943535,54.17331228440056,52.907359454258525,53.66693115234375,2621800.0
2022-08-04,53.15116974970607,55.44863632939508,51.294442664188864,54.37961196899414,3056100.0
2022-08-05,53.61065483260711,54.94224900166259,53.22618114002316,53.9482421875,1764400.0
2022-08-08,54.267080832612045,54.82972768431465,53.72319281088476,53.845096588134766,3243000.0
2022-08-09,53.54501980295039,54.38898829355749,53.02926287077881,54.29521560668945,1976200.0
2022-08-10,55.21419938201944,56.55516949978462,54.94225359261004,56.25509262084961,1873500.0
2022-08-11,56.264467219163976,57.943024683063335,56.14255987190688,57.09905624389648,3045300.0
2022-08-12,57.633565694556985,57.811738788472304,56.911504636496,57.20220565795898,2733600.0
2022-08-15,56.7333387914694,57.88675996077595,56.56454510062469,57.65232467651367,1971100.0
2022-08-16,57.277231939030784,57.55855357242197,56.43326346165856,56.94902038574219,1554000.0
2022-08-17,56.23161325927888,56.5619973274162,55.63691833571543,55.920108795166016,1670800.0
2022-08-18,55.976744571099786,56.56199789809778,55.81627333664724,56.21273422241211,2528800.0
2022-08-19,55.49532312738461,55.49532312738461,54.37201016634034,54.87231063842773,1987900.0
2022-08-22,53.777313287815005,54.36256651027696,53.3147720694573,53.88114929199219,2201100.0
2022-08-23,54.16434682116831,55.20269986658431,54.03219319003352,54.83455657958984,1448400.0
2022-08-24,54.78735965604267,55.891789522820446,54.76848005136488,55.655799865722656,2413500.0
2022-08-25,56.071143069617314,56.98678047588264,55.91066823288202,56.93014526367188,1756800.0
2022-08-26,56.835742213038365,56.93014022656465,53.20150331380265,53.21094131469727,2401400.0
2022-08-29,52.75784676208952,52.75784676208952,51.84220574724325,52.550174713134766,2208500.0
2022-08-30,52.833367441741125,53.22039034895824,51.55902108803855,51.87052917480469,2522900.0
2022-08-31,52.93719686220944,53.43749373810634,52.20090674945776,52.46521759033203,1836500.0
2022-09-01,51.86108033832814,52.219785587960125,50.48290174884211,51.75724792480469,2714800.0
2022-09-02,52.86167935458096,53.53188906789239,51.653413550198,51.91772079467773,1609100.0
2022-09-06,52.16314979728613,52.83336312900598,51.15311439990146,52.50297546386719,2582700.0
2022-09-07,52.28586494360993,53.74900001609003,51.728929239785295,53.56021118164063,2968700.0
2022-09-08,52.92775666861681,53.7489996152795,52.51241619464266,53.673484802246094,2275300.0
2022-09-09,54.08883150587468,55.07998739716363,54.03219628980574,54.85343933105469,1757100.0
2022-09-12,55.22157285136719,55.96730093870804,55.07053963375906,55.63691329956055,1439100.0
2022-09-13,53.91890399992409,54.2492916078275,53.19205558363532,53.48468399047852,2071400.0
2022-09-14,53.66404275471645,54.58912531334114,53.3714179053806,54.20209884643555,2361200.0
2022-09-15,53.80564368258783,54.95727440142071,53.76788447192394,53.94723892211914,2212400.0
2022-09-16,52.65400632523714,53.01271157948614,51.379663733788114,51.73836898803711,11100600.0
2022-09-19,51.04927666147603,53.00327043981151,51.04927666147603,52.34249877929688,3776100.0
2022-09-20,51.80444814346568,52.17259141540092,50.47346668289874,50.841609954833984,2459800.0
2022-09-21,51.2380703755264,51.77612647600979,49.70885848999024,49.70885848999024,1824900.0
2022-09-22,49.72774361870332,49.85045925552834,48.11357513790855,48.62331008911133,2052600.0
2022-09-23,47.79262667446351,48.06637194178045,46.093501852494455,46.82034683227539,4279000.0
2022-09-26,46.41444296535675,47.59439122379168,45.42328714845467,46.131256103515625,2418200.0
2022-09-27,46.87698882356175,47.30177095807089,45.49880998796915,46.11238098144531,1845900.0
2022-09-28,46.18789597603244,47.55663670740601,45.74423426838786,47.2451286315918,2073800.0
2022-09-29,46.37668852561114,46.39556813033148,44.30941682018999,44.960750579833984,2383000.0
2022-09-30,44.97963119077218,45.4232893084174,43.82800048348426,43.89407730102539,3011400.0
2022-10-03,44.76252085685972,46.584361477907095,43.98847499309954,46.18790054321289,3561900.0
2022-10-04,47.34896438126236,49.17080481155711,46.83922586066959,49.01977157592773,2645200.0
2022-10-05,47.89646487764032,49.05753361877987,47.53775957195699,48.73658752441406,1881300.0
2022-10-06,48.387311035694346,49.32183153336103,47.88701418391698,48.15132141113281,1485000.0
2022-10-07,47.52831019904374,47.70766462302397,45.52711913827242,46.03685760498047,2330300.0
2022-10-10,46.53716212402043,46.990261857533525,45.19674252915879,45.829193115234375,1672800.0
2022-10-11,45.78199177279894,45.96134260918726,44.58316392725693,45.0079460144043,2912000.0
2022-10-12,44.73419099668951,45.77254746680048,44.06398135201051,45.59319305419922,2141400.0
2022-10-13,44.40381317954862,46.99025771371579,43.063390101975074,45.83863067626953,5415900.0
2022-10-14,46.452193227832375,46.81089843757177,44.630353179595325,44.70587158203125,2134200.0
2022-10-17,46.027418310850216,46.70706963386904,45.73479345859637,46.17845153808594,2264100.0
2022-10-18,47.41504220899359,48.50059608888375,46.83922686057793,47.43392181396485,1624400.0
2022-10-19,46.99025691745762,47.33952418440029,46.28228798310018,46.68819046020508,1767900.0
2022-10-20,46.65043067737758,48.13244894119442,46.05573937251264,46.39556503295898,1838500.0
2022-10-21,46.45220532269736,48.37788187521872,45.9047111661471,48.330684661865234,1999400.0
2022-10-24,48.62330634735761,49.13304486025062,47.556635712238496,48.83097839355469,2265400.0
2022-10-25,48.90649530516215,51.35134817035061,48.90649530516215,51.26639175415039,2220100.0
2022-10-26,51.05871786249535,52.43689647449938,50.87936703520697,51.10591506958008,1708100.0
2022-10-27,51.43630525594205,52.11595299347257,51.07759998277112,51.24751281738281,2639300.0
2022-10-28,50.99263554031172,52.53128881118138,50.53009431868151,52.51240921020508,2430100.0
2022-10-31,51.99324202707771,52.86168222083735,51.50238311720283,52.25754928588867,2667400.0
2022-11-01,53.19206824281802,54.777919055607406,52.974958186425205,53.96611404418945,3180600.0
2022-11-02,55.22158631453774,58.24225500406334,54.7590449473288,56.09946823120117,5102900.0
2022-11-03,55.183823215778126,58.44048136114094,54.66464666528065,57.1378173828125,3857600.0
2022-11-04,58.00625892958468,59.79034017631468,57.46820279488568,59.07293319702149,3327200.0
2022-11-07,59.46938957717208,59.87529204807369,58.695343842177415,59.610984802246094,3104200.0
2022-11-08,59.47883090865089,61.16852129923657,58.91245717847573,60.13960266113281,2559200.0
2022-11-09,59.30892373660515,59.86585588349451,57.52483886247303,57.59091567993164,3252400.0
2022-11-10,60.73429146440037,62.55613180839642,60.30007498356524,60.630462646484375,5560300.0
2022-11-11,61.18738709939844,62.18798076258032,60.81924387608316,61.564971923828125,3787500.0
2022-11-14,60.66822254702063,61.73490048836894,59.06349563598633,59.06349563598633,2547500.0
2022-11-15,60.78149284530344,62.0464010969304,60.13016271655485,60.92308807373047,2897900.0
2022-11-16,59.93525213992847,60.48616429248803,58.52948117517492,59.23236846923828,1762200.0
2022-11-17,58.12104075455858,58.98539995385745,57.65561852136761,58.50098037719727,1852800.0
2022-11-18,59.17537621687791,59.55531588094019,58.20653333455493,58.83343124389648,1691300.0
2022-11-21,58.453485437258784,59.90674770625704,58.32050766406582,59.498313903808594,1477100.0
2022-11-22,59.963744309224566,61.55948133268436,59.441330036083926,61.511993408203125,2218800.0
2022-11-23,61.43600285386966,62.42384297311672,61.43600285386966,62.04390335083008,1963900.0
2022-11-25,62.01541061493855,63.373689905203854,61.76844876759603,63.12672805786133,1016900.0
2022-11-28,62.40483907332137,62.93675741822121,61.64496711120692,61.74945068359375,2287100.0
2022-11-29,62.26237962778188,62.76579661729426,61.84444526060336,62.54732894897461,1973800.0
2022-11-30,63.02224376086659,65.92877574733124,62.84177805429128,65.90977478027344,5002800.0
2022-12-01,65.0359070602348,66.39418609171521,64.93142350037137,65.748291015625,3729700.0
2022-12-02,64.74147508300554,66.0902540022149,64.2190571405495,64.82695770263672,2277500.0
2022-12-05,64.11456618198129,64.87444542061408,60.43866540209206,61.26502990722656,3410500.0
2022-12-06,61.04656573563231,61.454999581397686,59.58380645200244,60.06822967529297,3151500.0
2022-12-07,59.68828500632202,59.93524321572934,58.178030677275,58.31100845336914,2470800.0
2022-12-08,58.90941493130964,59.726282593716086,58.50098110010642,59.67879104614258,2100000.0
2022-12-09,59.3083497023279,60.79010993644295,59.29885284193441,59.72628402709961,1630100.0
2022-12-12,59.80226886753423,60.885092104509056,59.4983186123614,60.85659790039063,1906200.0
2022-12-13,63.01274545153477,63.93409672349637,61.72096227011224,62.15789031982422,3364600.0
2022-12-14,62.11987873478997,63.60163495658556,61.71144500099452,62.76577377319336,1877100.0
2022-12-15,61.45499983340149,61.90142836976008,60.23919877499695,60.84709930419922,2225500.0
2022-12-16,60.07771931748467,60.65712556969329,58.80492638384733,59.37483215332031,4138700.0
2022-12-19,59.384338197748335,59.73578000105885,58.74793985964096,59.2038688659668,1746300.0
2022-12-20,59.27985325083616,60.03972887156485,58.84292522183875,59.5553092956543,1538800.0
2022-12-21,60.28669373365759,61.47400058284182,59.98274347013627,61.30302810668945,1868600.0
2022-12-22,60.60963469926794,60.88508710432799,59.44132532251224,60.57164001464844,1223000.0
2022-12-23,60.53365254304589,61.19854510962376,60.144216037723176,61.02757263183594,778700.0
2022-12-27,61.1035501151569,61.46448872166939,60.17269852913213,60.22969055175781,984200.0
2022-12-28,60.22020339522303,60.67612877956686,59.30834900316251,59.38433837890625,1255900.0
2022-12-29,59.859257659176485,60.92308349470032,59.3843349582532,60.38167190551758,1171300.0
2022-12-30,59.18487766851696,60.60964599697393,59.18487766851696,60.59064865112305,1441700.0
2023-01-03,60.04923034224679,61.44550430936084,59.051889723809424,59.659793853759766,1847200.0
2023-01-04,60.457656434167205,61.18903414643707,59.83075866409849,61.13204574584961,2096300.0
2023-01-05,60.01124205653219,60.752120425036246,59.71678863202183,59.79277801513672,1441500.0
2023-01-06,60.514654595577184,61.11305463849984,59.49832022294899,61.10356140136719,1727100.0
2023-01-09,61.26503038617795,62.908266172700834,61.1985414957837,62.04390335083008,2391400.0
2023-01-10,62.034399956028,63.41168011633558,62.02490671980689,63.183712005615234,1249500.0
2023-01-11,64.11456525584117,64.56099375858332,63.63014206704166,64.28553771972656,2009100.0
2023-01-12,64.58949667401217,65.84329249604961,64.30454011351651,65.00743103027344,2761200.0
2023-01-13,64.10504950024368,66.37517891243046,63.92458384289717,66.21370697021484,1873000.0
2023-01-17,65.8622782506355,66.4511850226024,65.35886133517377,65.62481689453125,1874100.0
2023-01-18,65.62481475513144,66.0807437325561,64.54199158633627,64.61798095703125,2054600.0
2023-01-19,63.66813404503913,64.34252338869554,61.81593847068314,62.48082733154297,2580600.0
2023-01-20,63.05073910892169,63.96258988211184,62.44283859346159,63.70613479614258,1333300.0
2023-01-23,63.7061363015683,66.12824518368947,63.17422514965768,65.38735961914062,2826000.0
2023-01-24,64.39953289641998,65.56783889572264,64.20955943333448,64.3045425415039,2599800.0
2023-01-25,63.10773203117349,64.51349919476121,62.38584748279994,64.20954895019531,1696800.0
2023-01-26,64.71295877049019,66.97359526049509,64.42800952373594,66.8976058959961,3533200.0
2023-01-27,66.46069154212229,67.76197525384347,66.17573499021827,67.26805877685547,1775300.0
2023-01-30,66.95460655357213,66.95460655357213,65.61532818112885,65.78630065917969,1811300.0
2023-01-31,65.63433108532996,67.2585662306885,65.20690345377398,67.23007202148438,2052700.0
2023-02-01,67.28704894819249,69.5381852985669,67.00209965806958,68.8827896118164,2740500.0
2023-02-02,69.94661684287857,70.40254583756905,67.38203708213804,68.5313491821289,3166500.0
2023-02-03,67.86645544600376,70.60201501789925,67.63849456392772,69.71865844726562,2254600.0
2023-02-06,68.29388970568665,68.63583464943578,67.619500301833,68.5218505859375,2069200.0
2023-02-07,68.22738856284317,70.01309508986948,67.86644271661577,69.67115020751953,2083100.0
2023-02-08,68.65482276351025,70.8869579524986,68.65482276351025,70.18407440185547,2302700.0
2023-02-09,66.48918806624411,67.85696796827997,64.33304187037861,64.96943664550781,6694400.0
2023-02-10,64.36153537103137,67.66699376902167,64.36153537103137,67.1160888671875,2877200.0
2023-02-13,66.9546039503083,67.88545568278063,66.61265900750178,67.5055160522461,3445300.0
2023-02-14,67.43903170787277,69.46220005028033,67.19206984436065,68.06593322753906,3431400.0
2023-02-15,67.02108131629078,68.80679509868382,66.60315431664633,68.79729461669922,2119200.0
2023-02-16,67.46750867438656,69.25322242799587,67.16355847647883,68.4743423461914,1689500.0
2023-02-17,67.70068656807908,68.99013836859672,67.62428049325241,68.2355728149414,2570500.0
2023-02-21,67.2040252905519,67.46191132056323,66.00054014707787,66.23932647705078,2519600.0
2023-02-22,66.38259102806178,67.66248209104442,65.96232481051905,67.11804962158203,2104100.0
2023-02-23,67.87261117128479,68.99013652094989,67.62427868218506,68.01588439941406,2191600.0
2023-02-24,66.90791295067362,67.80574433277499,66.63092001467928,67.69113159179688,2156500.0
2023-02-27,68.39793936255282,69.34353094582362,66.79329534603157,67.26131439208984,2001200.0
2023-02-28,67.6720274288072,68.29287318795159,67.31862841316739,67.71978759765625,2173800.0
2023-03-01,67.35683078379112,69.31488119837637,67.08939131563253,68.71314239501953,2414700.0
2023-03-02,67.70068977950683,69.34354070466794,66.62137831689732,69.13340759277344,1943600.0
2023-03-03,69.40086074917326,69.97394646970027,69.20027382416752,69.83067321777344,2205300.0
2023-03-06,69.88797083258574,70.46105648118929,68.90417246650007,69.2862319946289,1953100.0
2023-03-07,68.8182038917768,69.42949614190759,67.82485216351968,68.0063247680664,1551300.0
2023-03-08,67.96812853807873,68.49345396864005,67.63382192469207,68.03498840332031,1628600.0
2023-03-09,67.91081648451672,68.33108266865672,64.25260893084443,64.34812927246094,2027000.0
2023-03-10,63.99472396182848,64.24306373701586,57.06037189392018,57.58570098876953,11398300.0
2023-03-13,57.07947023969714,57.73852269829426,53.64094929695963,55.84733581542969,11249100.0
2023-03-14,56.9935121893083,58.35937011330211,55.88554390588567,57.07947540283203,9980000.0
2023-03-15,54.92084288056058,55.52258530971783,53.92749110878116,55.025909423828125,8585100.0
2023-03-16,54.2235859974815,57.06991786550968,53.53588038194018,56.11477279663086,5817800.0
2023-03-17,55.19783917934037,55.589448545709615,53.03920909655217,53.99435424804688,6167800.0
2023-03-20,54.85398399230209,55.32200305607795,53.37350979961544,54.26179504394531,4269000.0
2023-03-21,56.77381617926386,58.9897522366835,56.29624369027534,57.98685073852539,5075100.0
2023-03-22,57.8340352488033,58.91335023522798,56.13387813168028,56.28670120239258,3235300.0
2023-03-23,56.45862808731146,57.37556651929837,54.6916074460229,55.11187362670898,3621400.0
2023-03-24,54.05166816618359,54.978160195886126,52.68581020957483,54.95905685424805,3389500.0
2023-03-27,55.4461769026094,56.80248495122066,54.739371510682304,56.305809020996094,2479200.0
2023-03-28,56.27715118558618,56.73562406961926,55.79957860467554,56.44907760620117,1269200.0
2023-03-29,57.337359733907405,57.97730885167741,56.79292731320202,57.93910217285156,2869700.0
2023-03-30,58.67457265275498,58.97066899020014,57.986866910864265,58.69367599487305,2559800.0
2023-03-31,59.2954142517202,60.4893457212514,59.08528114713401,60.32696914672852,2414400.0
2023-04-03,60.26010780334468,60.4415840705864,58.903799792434725,59.60105895996094,1798500.0
2023-04-04,59.811187582751366,60.33651668047271,58.36892002607027,59.35271835327149,2567800.0
2023-04-05,58.71277585676253,59.37182472461573,57.37557113648071,58.64591598510742,2731700.0
2023-04-06,58.37846905115366,58.86559510557544,57.91044998006237,58.13968276977539,1417200.0
2023-04-10,57.986864421266,59.14258924286491,57.662114906381454,59.07572937011719,1530000.0
2023-04-11,59.41002787754264,60.76633221465393,58.989761688000925,60.29831314086914,1702200.0
2023-04-12,60.71857518246062,61.005117990665546,59.562850458000014,59.77298355102539,1374500.0
2023-04-13,60.30787268807889,62.01758362201446,60.15504958828292,61.89341735839844,1884900.0
2023-04-14,62.44738937949395,62.52380274298156,61.17705182561467,62.09399032592773,1619000.0
2023-04-17,61.81700490101979,62.43785080264306,61.37763893805664,62.3232307434082,1986300.0
2023-04-18,62.76258601119941,63.10643884312881,62.02712746284874,62.4091796875,3168000.0
2023-04-19,62.008012795160646,63.1064310228627,61.75012684676084,62.84854507446289,1356300.0
2023-04-20,61.750133343071056,62.38052533168881,61.13884105045672,61.406280517578125,2001500.0
2023-04-21,61.24391210567485,61.33942516708221,60.441586358058245,60.68992614746094,1896200.0
2023-04-24,60.651715483844335,60.83319174604078,59.85894328056561,60.46068572998047,1635500.0
2023-04-25,59.88760955482434,60.08818918839274,58.81784786553611,58.865604400634766,1901700.0
2023-04-26,58.75097823081968,59.28586084160219,58.330715664655365,58.62681198120117,1445000.0
2023-04-27,59.18079619343634,59.973568464734456,58.37847407324094,59.8780517578125,1078400.0
2023-04-28,59.57240145136252,60.84274623839974,59.3336151660027,60.54664993286133,2263000.0
2023-05-01,60.479787426481,61.51134588316459,60.193244625265365,60.861846923828125,2064000.0
2023-05-02,60.41292833381728,60.60395808493459,57.5856996767673,58.51218795776367,3064600.0
2023-05-03,58.35936388412709,59.80163501890311,58.08237457552912,58.19699096679688,2453100.0
2023-05-04,58.04417230616555,58.1110321764494,54.92084716905957,55.43662643432617,4077700.0
2023-05-05,55.42706728546455,57.86269013056351,55.42706728546455,57.8149299621582,2208700.0
2023-05-08,58.34025897907874,59.257197314521584,58.225638954456585,59.056617736816406,2431000.0
2023-05-09,58.4739940738958,60.53710769295398,57.20364912720111,59.46734237670898,4202700.0
2023-05-10,60.794992029786734,61.91251013898859,60.28876260786693,60.785438537597656,3859700.0
2023-05-11,60.51799410493359,61.58775924006977,60.2601044907627,60.861846923828125,2252400.0
2023-05-12,61.11974141897188,61.31077118290092,59.19989757469006,59.70612335205078,1848700.0
2023-05-15,60.00221650769566,60.92870844561512,59.44823422943119,60.3460693359375,1631500.0
2023-05-16,59.99266816565047,60.57530364636485,59.21899928268444,59.257205963134766,1723100.0
2023-05-17,59.92580301684285,61.30121059956696,59.50553685609631,60.57529830932617,2674300.0
2023-05-18,60.47023823885847,61.043323847546525,60.01176902319014,60.880950927734375,1963600.0
2023-05-19,61.46754438568493,61.77526647593006,60.56361120413191,61.40023040771485,1736700.0
2023-05-22,61.70796115964715,63.75624325921032,61.70796115964715,63.467750549316406,3488700.0
2023-05-23,63.15040580330648,63.737002227214745,61.84258498967564,61.85220336914063,1451600.0
2023-05-24,61.0828941579024,61.102127247258245,60.22704185741885,60.55399703979492,1626500.0
2023-05-25,60.86171866646299,62.09260702911224,60.563611286236586,61.765655517578125,2299500.0
2023-05-26,62.25608564295332,63.71777114320789,62.25608564295332,62.90999603271485,2207800.0
2023-05-30,63.66007058536723,64.57362589136005,63.32350066702207,64.21781921386719,3637000.0
2023-05-31,64.6697801672943,65.07366402240746,63.83315732169725,64.28512573242188,3728700.0
2023-06-01,64.36206004374338,65.86220431501928,64.044719575074,65.39100646972656,3013000.0
2023-06-02,66.0545437379144,67.57391762625045,65.75643265156789,67.02578735351562,2887000.0
2023-06-05,66.70845516948673,67.9681915101184,66.59305661789914,67.79509735107422,3116200.0
2023-06-06,67.50660030465538,68.60286079596692,67.46814145993737,68.2085952758789,3338500.0
2023-06-07,68.59324818533582,69.06444605743786,68.20859371688213,68.83365631103516,2611500.0
2023-06-08,68.78557782114525,70.04531416323842,68.5644064345221,69.95877075195312,3179100.0
2023-06-09,69.92991277931787,70.42034738197447,69.82413262312383,70.17993927001953,2397300.0
2023-06-12,70.09338900161549,71.00693689846105,69.9010654454396,70.81461334228516,2104300.0
2023-06-13,70.98771883481274,73.14177382263742,70.8915570413399,73.09369659423828,4200900.0
2023-06-14,72.93019859472982,73.58410892826934,72.61286547468376,73.22830963134766,2397400.0
2023-06-15,73.21869760115636,74.52651838162589,73.12253581896643,74.42073822021484,2936600.0
2023-06-16,74.61306218046816,74.61306218046816,73.78606497990795,74.12263488769531,4105700.0
2023-06-20,73.22831137373376,73.64181361414424,72.94943708725476,73.46871948242188,2908000.0
2023-06-21,73.46872177001026,73.80529166531872,73.08406731679769,73.47834014892578,1402800.0
2023-06-22,73.06484157047404,73.34370854298861,71.92049653219641,71.99742889404297,2019300.0
2023-06-23,71.38197642680471,71.4685198213795,69.66065354686715,70.19916534423828,8221400.0
2023-06-26,70.0164631381336,71.16080821253027,69.96838591296742,70.84346771240234,1691500.0
2023-06-27,70.86269334308045,72.6032456255741,70.67036246259836,71.89163970947266,2483500.0
2023-06-28,71.67046841262795,72.47824352050192,71.2184999677867,72.25706481933594,2001900.0
2023-06-29,72.72825018713867,73.40139721746208,72.2378229831954,72.9013442993164,2232300.0
2023-06-30,73.8053033531195,74.62268961021651,73.43026721943176,73.86299896240234,2042000.0
2023-07-03,73.80529972176024,74.57460871216163,73.80529972176024,74.11302185058594,1282700.0
2023-07-05,73.45911097843762,73.7572147255476,72.32438425942884,73.11292266845703,1869900.0
2023-07-06,71.74739926758419,72.19936770294379,70.93962417665621,71.65123748779297,2298200.0
2023-07-07,71.16081299773367,73.324486365908,70.968489410788,73.09369659423828,1675900.0
2023-07-10,72.93020536476875,73.487953976231,72.49747367392575,72.8917465209961,1541400.0
2023-07-11,73.56488195332075,75.2477387300307,73.08406573140363,74.96886444091797,1913800.0
2023-07-12,76.24782851907905,76.3632270401732,74.57459031491248,74.9977035522461,1328400.0
2023-07-13,75.79587566991574,77.86338707535346,75.44968737241575,77.45950317382812,2252600.0
2023-07-14,77.99801870325366,78.12302829673371,76.22861095113421,77.20948028564453,1547700.0
2023-07-17,76.10359232804146,78.29611316385457,76.0651261492252,77.83453369140625,1965400.0
2023-07-18,78.31534183312769,79.39236538205354,77.9595352183303,79.29620361328125,2215900.0
2023-07-19,80.0847414969236,80.17129222410158,78.20956133591491,78.72884368896484,1996400.0
2023-07-20,78.08455664128654,79.2192832931233,78.08455664128654,78.44998168945312,1508100.0
2023-07-21,78.67113885158976,79.06541162990594,77.58449695599637,77.69027709960938,2069700.0
2023-07-24,77.41141365589957,78.14225638567726,76.92097904306566,77.73836517333984,1448700.0
2023-07-25,77.80568107215764,78.52690537277458,77.71913034101367,78.04608917236328,2644100.0
2023-07-26,78.04609746657734,78.70961890472188,77.64220623943754,78.31535339355469,1689300.0
2023-07-27,79.0750430402289,79.12312026282162,77.30563543999197,77.61335754394531,1593600.0
2023-07-28,78.5557513881158,78.95001684843527,78.11340137417726,78.671142578125,1766200.0
2023-07-31,78.62307387767525,79.00772833827517,78.03647747601194,78.57498931884766,1735700.0
2023-08-01,77.91146226816842,78.95964551289778,77.77683430450392,78.81539916992188,1979300.0
2023-08-02,78.05571473341782,78.37305524552053,77.2479468880738,78.20957946777344,2328200.0
2023-08-03,78.85386357847102,83.15236194984814,78.82501577785888,82.6330795288086,3102000.0
2023-08-04,83.48894004792673,84.45057262499877,82.21958533965864,82.83502960205078,2341300.0
2023-08-07,82.70039206440352,83.58509217219783,82.38305158986638,82.96002960205078,1960000.0
2023-08-08,79.31544494628906,80.76750461289524,79.14235081784072,79.31544494628906,7026200.0
2023-08-09,79.14236168020663,79.4308470427667,77.87300700958966,78.56537628173828,6487200.0
2023-08-10,78.5365293787689,79.33468616400862,77.6806769876911,78.4692153930664,3135100.0
2023-08-11,77.94992940287717,78.85386631569516,77.58451168798263,78.28650665283203,2047900.0
2023-08-14,77.91146226816842,78.90194991037693,77.20947464858548,78.81539916992188,1627000.0
2023-08-15,78.3634180976999,78.48843499859134,77.40178574830773,77.43063354492188,1786100.0
2023-08-16,77.29601711917594,77.8922319058305,77.13254135622465,77.18062591552734,1380400.0
2023-08-17,77.56734836543792,77.78971104740387,76.11713002217641,76.57152557373047,2088800.0
2023-08-18,75.81741325070887,78.70818712714696,75.78841006402085,78.46648406982422,1634000.0
2023-08-21,78.28278354121827,79.23025534872323,77.9637337509355,78.84353637695312,1956600.0
2023-08-22,79.66532511391587,79.82001122710922,78.68884274670039,78.8241958618164,1605600.0
2023-08-23,78.80485901096698,80.70948009280029,78.62116234535122,80.30341339111328,2545100.0
2023-08-24,80.92218801164863,81.66663762667535,79.61699285846576,79.7813491821289,1493700.0
2023-08-25,80.0037155104808,80.84484484257611,79.31727968248259,80.39044189453125,1278100.0
2023-08-28,81.21223454240325,81.5312843769632,80.47745511692376,80.86418151855469,1451800.0
2023-08-29,80.6418110802926,82.52709196511682,80.59346751865428,82.14036560058594,2434900.0
2023-08-30,82.1983719408511,82.41107181006795,81.87932951321773,82.27571868896484,1656300.0
2023-08-31,82.65278206891409,84.7701033818516,82.33373961347638,84.4413833618164,3618600.0
2023-09-01,84.77011148437887,85.27285068660079,83.02018340164153,83.5712661743164,2685500.0
2023-09-05,83.70661480801702,85.93027878131704,83.67761161778593,85.82392883300781,3557100.0
2023-09-06,85.17616287065263,85.35018938116299,84.10300061853748,84.1706771850586,1725700.0
2023-09-07,83.47456374219968,84.51872271268718,82.7011183899878,84.22868347167969,2024300.0
2023-09-08,84.1126632144221,86.02695465724027,84.07398984044487,84.94412231445312,1539200.0
2023-09-11,85.89160167459245,85.9979516182861,85.29218276598372,85.6595687866211,886900.0
2023-09-12,85.30185286082249,87.5158465467994,85.26317948350426,87.16780090332031,2054400.0
2023-09-13,87.19679625127415,88.65667738875007,86.97442619573859,87.59318542480469,3088700.0
2023-09-14,87.97992315207057,88.35697937548402,86.87775767190928,88.14427947998047,2576600.0
2023-09-15,88.14426042701967,89.33344259656141,87.94123076415961,88.73401641845703,3258800.0
2023-09-18,88.40531137158663,89.26577365353823,87.85422870363794,89.00473022460938,2075200.0
2023-09-19,89.35279114235117,89.62349740660463,87.66086961457454,88.6180191040039,2069200.0
2023-09-20,88.61801121225108,90.08756253426924,88.41497415594968,88.96605682373047,2841400.0
2023-09-21,87.95091262824825,88.7146952001448,87.15812686869104,87.40950012207031,2044100.0
2023-09-22,88.01858893714628,89.04340757121913,87.39982968153336,87.79621887207031,1832900.0
2023-09-25,87.42882912280626,89.5171396769682,87.2064590672588,89.41079711914062,1382800.0
2023-09-26,88.15394604095134,88.94673183398919,86.82941053103764,86.89708709716797,1650900.0
2023-09-27,87.22581120886989,87.49651748609456,85.81426606606055,86.57804870605469,2076100.0
2023-09-28,86.63604335373176,88.65667734664925,86.63604335373176,88.07659149169922,1276300.0
2023-09-29,88.4633103139705,88.62766660656301,86.57802960201809,86.78105926513672,1740700.0
2023-10-02,87.05176536062078,87.39981831867668,86.22997652261873,86.6263656616211,1727600.0
2023-10-03,86.21063611621665,86.67470918551021,83.2328529767435,83.687255859375,2270700.0
2023-10-04,84.07398608010125,85.61122127812584,83.83228303569794,85.05046844482422,2015800.0
2023-10-05,84.59606930294484,85.98828126099755,84.48971936858293,85.64022827148438,2300400.0
2023-10-06,85.19549158657325,88.0862579268697,85.07947147004879,87.56417846679688,2627600.0
2023-10-09,85.85293563480136,86.89708731829899,85.42753586021814,86.22032165527344,2247100.0
2023-10-10,86.33632273417848,87.84454723676016,86.29764936536985,86.81005859375,2793500.0
2023-10-11,87.95091268135123,88.06692543206387,85.84326165449602,86.32666778564453,2362100.0
2023-10-12,86.52970528068626,86.63605522922722,84.70243053021747,85.03114318847656,2120000.0
2023-10-13,85.1084862164952,85.87226882427129,83.38756148999396,84.65408325195312,2762100.0
2023-10-16,85.08914950388593,85.36952594586549,82.25638927252467,84.3543701171875,3045400.0
2023-10-17,83.96763612445427,86.14296352341003,83.96763612445427,85.18582153320312,2678600.0
2023-10-18,84.4703902444111,84.82810606168087,83.1651877857702,84.3543701171875,3103100.0
2023-10-19,83.86129026154292,84.22868362750071,80.29375817006525,80.61280059814453,2937900.0
2023-10-20,80.467792581232,80.74816166278077,78.61150732226112,79.62666320800781,3004600.0
2023-10-23,79.6266479188906,80.80615990215466,78.86286544815091,80.07138061523438,1804400.0
2023-10-24,80.69014738124055,81.75363935307888,80.68047719366066,81.21222686767578,1597400.0
2023-10-25,80.73849123717048,81.15422079031767,78.55349353624399,78.69851684570312,1743400.0
2023-10-26,78.50514984788299,80.44844448864411,77.98307773657825,78.33112335205078,2024400.0
2023-10-27,78.36980069868764,78.90155040073732,77.19028854228094,77.68336486816406,1653500.0
2023-10-30,78.55350145982594,78.7565311630713,77.0742797817579,77.49967956542969,2732800.0
2023-10-31,77.44166630798892,77.44166630798892,74.55089950101514,74.86994934082031,5826500.0
2023-11-01,80.7191544574609,83.59058808312658,77.82838783189575,80.87384796142578,5798800.0
2023-11-02,81.58929077957404,82.66245304072447,80.83517835307755,81.32825469970703,2855900.0
2023-11-03,82.15003958378009,83.38755810650322,80.815833933313,82.20804595947266,3592000.0
2023-11-06,82.17904312254826,82.35306962656135,79.56865293854422,80.39044189453125,2289800.0
2023-11-07,80.19707475167425,81.70530690691061,79.96504187248107,81.55061340332031,2282900.0
2023-11-08,81.56027588191719,82.79779428889502,81.24122609306436,81.9566650390625,1858600.0
2023-11-09,82.32406623372034,82.86547874432826,81.09621052063022,81.45393371582031,2065000.0
2023-11-10,82.15003578815198,82.45941540453832,81.14455019084843,82.14036560058594,1883600.0
2023-11-13,81.71496586486255,83.78395080874692,81.43459681116445,82.8751449584961,2338000.0
2023-11-14,84.53807817453124,85.95929357529396,84.11267836037281,84.77011108398438,2551700.0
2023-11-15,84.77009207235531,85.1278152336876,83.65825659228234,84.08365631103516,1701000.0
2023-11-16,83.89905569117695,85.08442861726625,83.5298442112652,83.94763946533203,1319600.0
2023-11-17,84.06422047817256,85.03583656393103,83.40352124334309,84.37513732910156,1819100.0
2023-11-20,84.37513065551545,86.23092079069622,83.7630152385257,85.81312561035156,2698300.0
2023-11-21,85.40505379674444,85.77426523368874,85.35647002824336,85.46334838867188,2848300.0
2023-11-22,86.425250365449,87.84381641503111,85.67710921940387,87.6397705078125,2820000.0
2023-11-24,87.68835519913021,89.5441455543068,87.68835519913021,88.55309295654297,1738600.0
2023-11-27,88.71825977222825,88.9514529631012,87.50373970125659,87.94097137451172,2715000.0
2023-11-28,87.74664692869759,89.1846420070374,87.74664692869759,88.05756378173828,3714700.0
2023-11-29,88.23245007936383,90.78780500470133,88.20330278426512,89.65100860595703,4269900.0
2023-11-30,86.74587517264096,89.81618528651154,86.74587517264096,89.388671875,4157000.0
2023-12-01,89.02918812007151,90.21456104859296,88.63082933998663,90.06881713867188,3094900.0
2023-12-04,88.09643204105728,88.65997117114517,86.07546872733413,87.3094253540039,3531200.0
2023-12-05,86.92078267859524,88.4267907245576,86.59043673515964,88.15473937988281,1848200.0
2023-12-06,89.39839709762862,89.90363419475916,87.8049473283461,87.999267578125,2151000.0
2023-12-07,88.22274780273438,88.47536265995645,86.91106009348705,88.22274780273438,2006700.0
2023-12-08,88.10615270877445,89.65101882788701,87.97012704090955,89.47612762451172,1715500.0
2023-12-11,89.65101096815731,90.41858854829717,88.91258809672645,89.33038330078125,1309400.0
2023-12-12,89.4858473699903,90.6420729791744,89.18464873076138,90.58377838134766,1323000.0
2023-12-13,90.5643363516861,90.98213157378426,89.10691219267052,89.64130401611328,3732900.0
2023-12-14,90.12711717721822,91.5553941200582,88.48508349288615,90.48661041259766,4297700.0
2023-12-15,90.51576108845656,91.99261432579723,90.35058071467736,91.7982940673828,3978900.0
2023-12-18,91.90515628689296,92.26465688492377,90.83638014149264,91.40963745117188,1356700.0
2023-12-19,92.0703353881836,93.49861211211824,91.57480914638462,92.0703353881836,2125500.0
2023-12-20,91.52624196947562,91.98290276401534,88.85429745174541,89.06805419921875,2139500.0
2023-12-21,89.62188019071618,89.76762410975441,88.21303960331512,89.19437408447266,1849100.0
2023-12-22,89.2915152850409,89.68016318241878,88.5725214932392,88.98059844970703,1282800.0
2023-12-26,89.05833348289381,90.52546842697328,88.83485852276303,89.96192932128906,1474000.0
2023-12-27,90.06881238550545,90.914121088164,89.6413063285656,90.51576232910156,957600.0
2023-12-28,90.5643427668238,91.92460689416136,90.47690086925338,91.59425354003906,2004600.0
2023-12-29,91.4387916479944,91.95374699428612,90.49632284613556,90.54490661621094,2329700.0
2024-01-02,89.86475680028963,89.95220609013668,88.26158900628,88.73768615722656,1955200.0
2024-01-03,87.7855148561895,89.99108759718752,87.21226490422818,89.5538558959961,2465100.0
2024-01-04,90.67121960661228,93.67351739078764,90.29228989785857,92.10921478271484,4026800.0
2024-01-05,92.10921959999814,92.74076420572194,91.39993650561024,92.23552703857422,2415500.0
2024-01-08,92.9156450981842,93.55691528320312,92.21608773203982,93.55691528320312,1764500.0
2024-01-09,92.89620230875572,93.04194618497908,91.78856071000467,92.94478607177734,1796700.0
2024-01-10,92.96423449052564,94.40222966905718,92.60473384268198,93.97471618652344,3235800.0
2024-01-11,94.24675922769462,94.5090923061623,92.10920682890448,92.63387298583984,2033900.0
2024-01-12,93.04196848099274,93.5374874009172,92.44928201174042,92.701904296875,1378300.0
2024-01-16,92.30353050115436,92.76019125916228,91.51652382372784,92.75047302246094,1280800.0
2024-01-17,91.79829484272572,93.83868722468148,91.66226176527545,93.33344268798828,2000700.0
2024-01-18,93.80953678528331,94.1690299956312,92.4395545353902,93.83868408203124,1904900.0
2024-01-19,94.36336510479848,96.13170623779295,93.10026111858392,96.13170623779295,2653800.0
2024-01-22,96.51062580094208,96.80210617359867,94.60625919745138,94.6839828491211,2062600.0
2024-01-23,94.65483927559454,94.73257034316346,92.49785033403384,92.60472869873048,2302000.0
2024-01-24,93.39175280720198,95.99568454744636,93.12941227921591,95.2961196899414,2279100.0
2024-01-25,96.21914920633849,97.21020186202668,95.69447557912292,97.1421890258789,2973400.0
2024-01-26,97.4433852695667,97.647423772984,96.51063464844056,97.46281433105467,2053800.0
2024-01-29,97.26848878261752,98.45386161577352,96.75353343345624,98.33726501464844,2121900.0
2024-01-30,98.6579071839044,99.00768959952364,97.33650859441906,98.71620178222656,3105000.0
2024-01-31,98.08464688327422,99.3088853017033,97.52111515287356,97.55026245117188,3337000.0
2024-02-01,97.91948198488976,98.77450900724448,95.21839006501868,97.69601440429688,2817200.0
2024-02-02,98.14295248896902,100.86347334724712,98.14295248896902,100.20277404785156,2223300.0
2024-02-05,99.80440285189972,100.47482030529268,99.13398539850678,100.07645416259766,1701800.0
2024-02-06,100.31937253470582,101.86423873276556,99.90157727267226,101.50474548339844,2163900.0
2024-02-07,102.01969377959408,103.5062652743276,101.2132506115874,102.89414978027344,3283800.0
2024-02-08,101.59218556002246,105.86729824095931,100.86347342393697,104.36129760742188,3047100.0
2024-02-09,103.72973229706896,107.10124120013865,103.14676414557142,106.80975341796876,4078100.0
2024-02-12,106.73202721469062,108.55867022883108,105.77012935027484,105.78955841064452,2928900.0
2024-02-13,103.86575638325816,107.99512456219112,103.86575638325816,106.75145721435548,3421100.0
2024-02-14,107.26642683978348,109.87035847649048,107.26642683978348,109.37483215332033,2922100.0
2024-02-15,109.76348081266212,111.0460138710844,109.62745514077211,110.81282806396484,3145500.0
2024-02-16,111.18342205863688,112.187972839325,109.91553795353948,109.92529296875,3293000.0
2024-02-20,108.50137092425172,109.232840840595,106.39473399355266,106.8921356201172,2653300.0
2024-02-21,106.12165857889292,107.38954280925395,105.22439055418366,106.58004760742188,2339900.0
2024-02-22,108.7451888324714,109.64245676617084,107.3407642817096,108.75494384765624,2359700.0
2024-02-23,109.30111968120605,109.69123848884244,108.0234878410718,108.85248565673828,2606300.0
2024-02-26,109.23284165434838,109.60345040266704,108.11125295275384,108.14051055908205,1958900.0
2024-02-27,108.10149569320907,108.44285426901098,107.05793225741496,108.08199310302734,1898700.0
2024-02-28,107.87718409364018,109.69123008541284,107.76990124373668,109.0280303955078,3512300.0
2024-02-29,109.23284406487032,109.44740977054128,107.3895404165474,109.03778839111328,2881200.0
2024-03-01,108.80371794556171,110.81282719928456,107.13596729886228,108.2673110961914,3255800.0
2024-03-04,107.34077362479611,109.41815302709864,105.69253307811928,108.60865783691406,3300800.0
2024-03-05,108.4623639410866,108.86223775443952,106.31672171795992,106.70684051513672,2132900.0
2024-03-06,107.39929474385828,108.14051225209997,105.7608017957554,106.11190795898438,2315900.0
2024-03-07,106.3557383946611,108.47212309080552,105.77055645614782,108.16978454589844,1639600.0
2024-03-08,108.25755846747036,108.3648413278901,105.25365325751254,106.06314849853516,1757400.0
2024-03-11,106.0631438485272,106.20943932822183,104.52217868541833,106.0728988647461,2446500.0
2024-03-12,106.30696917485956,107.6431236679822,105.62426684459096,107.22374725341795,1545500.0
2024-03-13,107.223751350845,108.87199202287826,107.09695845545178,107.26276397705078,1553800.0
2024-03-14,107.59435360930964,107.6723788569864,106.11191110793676,107.2920150756836,1984100.0
2024-03-15,106.52153513067208,108.24780099304446,106.36548463146012,107.68213653564452,4125700.0
2024-03-18,108.05275295764552,108.9890336964929,107.37979815373424,107.55535125732422,2235800.0
2024-03-19,107.28225239793032,108.70617958230434,106.89213362830397,108.00396728515624,2338000.0
2024-03-20,107.75041067580815,109.91555562415098,107.28226660209496,109.85704040527344,3427600.0
2024-03-21,111.17368099697228,113.67043690059232,110.88109747200173,111.7003402709961,3599400.0
2024-03-22,111.47601314599298,111.74909404510394,109.68146983042652,109.79850769042967,1504700.0
2024-03-25,109.45716578561672,111.03713610380282,108.6281605623397,110.61775970458984,1612400.0
2024-03-26,110.63726239613266,111.88563649489862,110.40318667194164,111.07614135742188,1471400.0
2024-03-27,111.71983930777934,112.15871827248694,109.74974287209092,110.7738037109375,1733000.0
2024-03-28,110.57874542749782,110.61775805020126,109.26210103506864,109.67172241210938,1515400.0
2024-04-01,109.77900359299952,110.266650208023,108.53062944908292,109.69123077392578,1472600.0
2024-04-02,109.17431658434776,109.17431658434776,105.39017443510387,107.82840728759766,2479200.0
2024-04-03,107.82842903052494,110.12037432674242,107.82842903052494,109.80827331542967,1513400.0
2024-04-04,110.8713321407143,112.5975978442202,108.3355712890625,108.3355712890625,2636900.0
2024-04-05,109.42789291683545,112.01242135792889,108.47210975775415,111.8368682861328,1517500.0
2024-04-08,113.1340201848304,113.57289918332648,111.953916212017,113.19253540039062,1683600.0
2024-04-09,113.46561863115484,114.25561126174256,108.8914981268335,109.10606384277344,1961100.0
2024-04-10,108.25754215938449,112.665864025574,107.28224898677742,111.39798736572266,2418400.0
2024-04-11,110.2276382446289,111.5052774434354,109.4669107111897,110.2276382446289,1425100.0
2024-04-12,109.23284340468166,109.8960431087031,106.58979960449386,107.40904235839844,2217800.0
2024-04-15,108.73543533870723,109.56443305950484,104.53192408368773,104.92204284667967,1855500.0
2024-04-16,104.48316852154774,105.65352494576436,103.1860340879864,105.16587829589844,2208100.0
2024-04-17,105.70228473006438,105.9558630704476,103.74195056276731,104.8342742919922,2430400.0
2024-04-18,104.93179240983324,105.69252736048888,103.8102111762072,104.64896392822266,1531100.0
2024-04-19,104.45390570398716,106.09239866346093,103.66392055168804,104.97080993652344,2222500.0
2024-04-22,106.20944360904636,108.95977046274972,105.34143315300896,107.86743927001952,2540700.0
2024-04-23,108.41360543927328,111.23220244563416,108.21854231718248,110.95911407470705,1874700.0
2024-04-24,111.34923085900442,111.50528135384756,109.45716697486291,109.93505859375,1410100.0
2024-04-25,108.73545040859828,110.18864281612213,107.05794470387112,109.11581420898438,1399100.0
2024-04-26,109.7302541702831,109.7302541702831,108.42335724443156,109.44741821289062,1537600.0
2024-04-29,110.0228358815324,110.51048253636182,108.03323663692056,108.16978454589844,1766700.0
2024-04-30,107.71138726124292,108.5306300070638,105.2243865354782,105.70227813720705,2405500.0
2024-05-01,105.91684841634516,107.3505307243809,104.55143634007791,105.10735321044922,2223500.0
2024-05-02,105.08785029639724,110.3544354653242,104.27835509298556,109.30111694335938,4930500.0
2024-05-03,110.20814690536602,110.45197023922746,106.52153928792484,106.75560760498048,3300700.0
2024-05-06,106.91165424480543,108.93051107854876,105.45846187008635,108.72570037841795,1906300.0
2024-05-07,108.1405199125558,110.93961440077535,107.47732016179876,110.38369750976562,3273600.0
2024-05-08,109.77900060677842,110.55923814595062,107.71138377749638,110.52022552490234,1935500.0
2024-05-09,110.24714962794738,110.96886454789264,109.15481851165154,109.41815185546876,2587300.0
2024-05-10,110.1398590632834,110.1398590632834,108.80370472858851,109.29135131835938,1263200.0
2024-05-13,109.81801455787335,109.81801455787335,106.93114753340691,107.06768798828124,1757500.0
2024-05-14,106.9799290110454,108.19904568792978,106.67758301536765,108.13077545166016,1506000.0
2024-05-15,108.62815977048474,112.62686805792806,108.277053604359,112.47081756591795,2333600.0
2024-05-16,112.6108372050496,112.80667915096272,110.3390362663573,110.38800048828124,1814800.0
2024-05-17,110.92658538202372,111.28890125157346,109.82985837520056,110.73074340820312,1782700.0
2024-05-20,110.73073569958434,111.55328089743948,110.29008008282602,110.60343170166016,1395700.0
2024-05-21,110.4369678796008,112.51292707239274,109.83964017485624,112.31707763671876,1553900.0
2024-05-22,112.04288956397546,113.13962392907617,110.97553821573392,111.47493743896484,1161800.0
2024-05-23,112.61084842072948,112.61084842072948,109.91798030632074,110.5348892211914,1264800.0
2024-05-24,110.79928299566336,113.48235674397328,110.58385235330051,113.12004089355467,1944700.0
2024-05-28,113.34526472316418,114.77493196053032,112.74793702846362,113.19837951660156,2507700.0
2024-05-29,112.40520195738182,112.40520195738182,109.82984373750207,110.81885528564452,1779700.0
2024-05-30,110.64260208578128,114.39303466028332,110.57405665231823,114.34407043457033,2117200.0
2024-05-31,114.79451235576772,117.06631331121078,110.86781930285876,113.74674224853516,5138200.0
2024-06-03,114.51055155782802,114.75535776008375,112.00373096652248,114.12865447998048,2801500.0
2024-06-04,113.2571330014782,114.58887172747124,111.367229021406,111.51410675048828,2251200.0
2024-06-05,112.35625073374251,113.90342770075384,111.44557137679456,113.8642578125,2033800.0
2024-06-06,113.86424774726662,116.82151054643444,109.8690091492488,110.62301635742188,2985400.0
2024-06-07,110.47613829866216,111.7393391489963,108.82124604598616,110.02569580078124,2854000.0
2024-06-10,109.96694286876472,116.45920029863012,109.3304452844504,116.30252075195312,4711700.0
2024-06-11,115.9304142999326,116.04792395615443,113.2962974057034,114.28531646728516,2774000.0
2024-06-12,116.3808606093781,117.20341328824269,115.59748528810309,115.92062377929688,2832000.0
2024-06-13,115.5681068616344,116.31231979667274,112.20936552051369,113.8642578125,1711600.0
2024-06-14,112.61084794920602,113.88384313177126,111.23993178434162,113.46277618408205,2072300.0
2024-06-17,113.55090036729308,114.53991945014349,112.47375464354992,113.8740463256836,1303900.0
2024-06-18,113.93280303926343,115.19600391727582,113.31589410991,114.88265228271484,1518000.0
2024-06-20,114.42240478386702,116.10667246443208,114.42240478386702,115.9695816040039,2013500.0
2024-06-21,115.64644336210162,115.75415868402524,113.9328000217249,115.33309173583984,3767100.0
2024-06-24,114.86306444355604,117.06632009806754,114.7749303325118,115.82270050048828,2865700.0
2024-06-25,115.13724153387086,116.52773880899788,114.15801683799694,116.00875091552734,2090400.0
2024-06-26,115.49955396908771,115.71498460513104,114.45178380633403,115.60726928710938,1735900.0
2024-06-27,114.9609971715446,116.0675185460388,114.6280568426404,115.54853057861328,2319100.0
2024-06-28,116.03813236918774,116.82151515412974,115.3918404509768,115.6170654296875,15003100.0
2024-07-01,116.59628590087188,116.85088641727788,114.09925990244336,116.27313995361328,3010800.0
2024-07-02,115.58768553099932,117.68322581030031,114.89243688421176,117.54613494873048,2426400.0
2024-07-03,117.89866772575311,118.29035914096671,116.51795716807597,117.3111343383789,1812200.0
2024-07-05,117.10547946279225,117.64405604155654,115.12744883612372,116.27313995361328,1596300.0
2024-07-08,116.24377202474946,116.5375424453056,113.30609770275665,113.51173400878906,2128400.0
2024-07-09,113.3354696493451,115.43101000144182,113.02211803045844,114.25594329833984,1354700.0
2024-07-10,114.80431670228462,116.90965157591886,114.57909917562408,116.73339080810548,1259400.0
2024-07-11,117.31113394751422,118.71142570938493,116.71380622225446,118.58412170410156,1685300.0
2024-07-12,118.96601185967596,120.20963146619572,117.937830362714,118.03575134277344,1461600.0
2024-07-15,118.73100140629982,119.99420223529452,118.1140925008851,119.9550323486328,1905200.0
2024-07-16,120.44464911184004,121.43366824111229,119.5927208554302,121.4238739013672,2180800.0
2024-07-17,120.41526585531112,120.8167441084533,117.6538524244476,118.6624526977539,2135600.0
2024-07-18,118.9366375528764,120.0529531731558,117.76157083812714,117.83011627197266,1630400.0
2024-07-19,118.59391153691622,119.41645675106116,117.34050503675708,118.00637817382812,1746600.0
2024-07-22,118.70162096031744,121.71763487077182,118.5547357591209,121.41407012939452,1936900.0
2024-07-23,121.1888495692236,122.70664335422208,120.70902409270344,122.24640655517578,2088200.0
2024-07-24,121.17907897438674,122.46186117728844,118.77998100527122,119.19125366210938,1887000.0
2024-07-25,119.52417600645184,121.74702047330328,116.97819303534637,119.13249206542967,2516100.0
2024-07-26,121.1203057996306,121.16926255220316,118.57431559732709,119.6220932006836,2097700.0
2024-07-29,120.49360779796318,120.77757639948064,118.91705536166144,119.524169921875,1657700.0
2024-07-30,120.33693113094265,121.79597394328064,119.08352462335898,120.09212493896484,2200900.0
2024-07-31,122.46185120944382,123.82297308501872,121.20844465963894,122.70665740966795,3662700.0
2024-08-01,117.5069662548798,120.35651377258866,112.81647895536553,113.5606918334961,8726000.0
2024-08-02,107.82244376446631,109.52629283155046,100.69368838679787,101.37914276123048,8835100.0
2024-08-05,95.43524325180296,99.5969484398834,93.13406658316045,97.09992980957033,6621900.0
2024-08-06,99.63611921028614,103.95450398272573,99.34234879428227,101.3105926513672,6501200.0
2024-08-07,103.83699567275428,105.30583283009464,100.4586657283362,100.9776611328125,3875700.0
2024-08-08,102.57378407682776,103.42571222837098,100.01800709308942,101.04619598388672,5464400.0
2024-08-09,101.31059701777524,102.7304774618002,100.90911873421808,102.52483367919922,2779700.0
2024-08-12,102.03521754950252,102.30940675931866,100.2921986627206,100.8895263671875,2653200.0
2024-08-13,101.66311048557344,103.1613231170478,101.61414626104624,102.43669891357422,1831400.0
2024-08-14,102.8479760080444,104.46369836660052,102.43670339921692,103.77824401855467,1674800.0
2024-08-15,106.37318214173112,109.07584454964692,106.15775897179684,108.52748107910156,3826900.0
2024-08-16,108.3436003240635,109.6317637976582,107.46843479589458,109.14993286132812,1950100.0
2024-08-19,109.1991071673864,110.14310572681968,108.97293732918348,109.74977111816406,1558600.0
2024-08-20,109.40559136527165,110.10375663773335,107.13408787078802,108.0190887451172,1593000.0
2024-08-21,108.10759845303346,108.15676058624535,106.48509801238012,107.4585952758789,1667200.0
2024-08-22,107.4389354976366,108.156764184724,106.25893172779566,106.66210174560548,1773800.0
2024-08-23,107.40943840696602,109.85793482702086,106.85876697147904,109.65143585205078,1874500.0
2024-08-26,110.10376912848,110.91993711085352,109.58260397176042,110.0251007080078,1315900.0
2024-08-27,110.68393181963816,112.2769335737202,110.18243751928838,111.68693542480467,2083400.0
2024-08-28,111.61810181214962,112.7391005395292,111.028103666513,111.5000991821289,1853900.0
2024-08-29,111.97210225072637,112.79809815454529,111.00843286070418,111.3722686767578,2741900.0
2024-08-30,112.02125680758384,114.282924966471,110.78226303568182,113.80109405517578,2645000.0
2024-09-03,112.3556002470087,112.83743118586986,108.86476604167233,109.464599609375,3076400.0
2024-09-04,109.1302588150014,109.74975567244088,106.20975969721188,107.70442199707033,2779300.0
2024-09-05,108.127258829348,108.25508937485964,105.82626399674112,107.03575897216795,2490400.0
2024-09-06,107.36026884629972,109.36626853603714,104.69543802134125,106.19993591308594,4233200.0
2024-09-09,104.4397716786702,107.12427341803452,103.97760408049623,105.79676818847656,4438800.0
2024-09-10,106.11144253964709,106.54410385581863,101.4504398201921,104.9609375,3774900.0
2024-09-11,107.10460547484678,107.17343846992156,102.63044579051876,106.85877227783205,2878800.0
2024-09-12,107.85193340339794,110.5855971741128,106.70143591754744,110.49710083007812,2505700.0
2024-09-13,111.11659707792654,113.74209363312563,110.85110054518316,112.48342895507812,2917000.0
2024-09-16,112.8570881298454,115.40392366650228,111.93276051423408,115.20726013183594,2341200.0
2024-09-17,115.7087567138754,116.43642831163064,114.25342852283114,115.8267593383789,2213600.0
2024-09-18,116.56426422139822,117.4394297622336,115.44326549488471,115.59076690673828,2505600.0
2024-09-19,118.49158313822296,120.29108367023557,117.36074910160252,119.5929183959961,2236900.0
2024-09-20,119.54374896067522,123.20174758844088,119.10125227276887,122.4052505493164,4562700.0
2024-09-23,123.18207267408972,124.81440840670612,122.12990708215916,123.14274597167967,3157700.0
2024-09-24,122.798585159392,123.96875347581476,122.2184224661212,123.04441833496094,3173300.0
2024-09-25,124.15559863314432,124.32276340484432,121.84476810562164,122.45442962646484,2377200.0
2024-09-26,123.4082489013672,123.68358084596916,122.41508081356766,123.4082489013672,2409400.0
2024-09-27,123.91958796333918,124.20475535675632,122.81826010157192,123.7130889892578,2293300.0
2024-09-30,122.91659082674514,123.4377559714932,121.2252573366118,122.82809448242188,3685300.0
2024-10-01,123.93924852091509,130.8324125211018,122.38558112818131,129.8097381591797,5703900.0
2024-10-02,130.3997391390397,133.03506335446792,129.35740896414748,130.4882354736328,6003700.0
2024-10-03,130.7832584042694,131.2355980804152,126.36808886555464,129.17059326171875,3591600.0
2024-10-04,131.8747651319116,133.9889246937902,131.43226836366586,133.07443237304688,3846900.0
2024-10-07,132.72040964751002,133.16290634137292,131.38307663651324,131.98291015625,2276600.0
2024-10-08,132.41558723234968,133.9495838696923,132.15991112314822,133.8315887451172,2851500.0
2024-10-09,133.58574396520325,135.7687436070679,132.74990522680395,135.71957397460938,2777700.0
2024-10-10,135.7392109182064,138.0107215839055,135.1787191987473,135.6212158203125,4116300.0
2024-10-11,135.88674123927703,137.96157372996413,135.71957648939275,137.87307739257812,2716500.0
2024-10-14,138.7187603430566,139.26942429067182,137.30275876092188,139.0137481689453,2113600.0
2024-10-15,139.1415652315644,140.20356625789586,137.95172616366204,139.19073486328125,2520500.0
2024-10-16,140.24289312929363,140.6558910281752,139.14156539894282,140.4690704345703,2360300.0
2024-10-17,143.8320817086252,144.3729177075978,141.18691428094098,142.77008056640625,2548000.0
2024-10-18,142.64223298829205,143.44857297010591,141.42291009506312,142.5930633544922,2119700.0
2024-10-21,143.4387288455198,143.4387288455198,141.53106110391906,142.34722900390625,2143100.0
2024-10-22,140.91157649643853,142.0325751550521,140.4789077151375,141.54090881347656,1926600.0
2024-10-23,141.2754058001783,142.5635692236228,139.53490273727772,141.14756774902344,1652700.0
2024-10-24,142.2095665808458,144.2549003442854,141.1475654918791,143.8517303466797,3174400.0
2024-10-25,142.28824443612265,142.5144067650068,139.5545806200674,140.705078125,2354800.0
2024-10-28,141.63923416685708,142.7799036891441,140.90173464883003,142.4259033203125,1941700.0
2024-10-29,142.19973999068606,143.7534074314751,141.196736452057,143.58624267578125,2368500.0
2024-10-30,143.27157246750164,144.58923469434768,143.08473685238076,143.4289093017578,2456100.0
2024-10-31,142.81923225196454,143.78289399889226,140.71490108775478,140.87222290039062,2845000.0
2024-11-01,141.7867358684117,142.0227260993305,138.33522869657116,138.64990234375,3130600.0
2024-11-04,138.7678984178113,139.7414031404722,136.73240763974906,137.10606384277344,3728500.0
2024-11-05,144.54990458018193,149.30923117072967,143.10440433402283,146.78207397460938,4864500.0
2024-11-06,157.5888942454924,163.94123013561602,157.5888942454924,160.9420623779297,8676700.0
2024-11-07,158.51322362467096,159.53589800540126,156.65472547595184,157.15623474121094,3563700.0
2024-11-08,155.64189742250875,159.44739014237408,155.56322900654553,159.29989624023438,3093000.0
2024-11-11,161.33539410006406,165.85871525969625,160.57822376294857,163.97071838378906,4693300.0
2024-11-12,162.31875849925834,163.66591968363477,159.76208712294812,161.020751953125,2810000.0
2024-11-13,161.02072842567438,163.1447306429261,160.65690013081343,161.60089111328125,2591300.0
2024-11-14,162.60389822485573,163.8822337542449,160.68640243300518,161.57139587402344,3357500.0
2024-11-15,160.25372207409657,161.11905960160323,158.46404946120148,160.90272521972656,2519000.0
2024-11-18,161.45790832669084,162.818762829065,159.10107504980704,162.0298614501953,2977000.0
2024-11-19,162.21723046947554,166.80269631499323,161.6748598201995,165.91519165039062,4707100.0
2024-11-20,165.16574953372103,165.75741431569324,158.65733160272526,160.62957763671875,5836900.0
2024-11-21,162.22709387087974,163.64711343830243,160.05762621933653,162.7300262451172,5784000.0
2024-11-22,164.71211251829212,167.22672901025595,164.53461761269182,165.23475646972656,3970600.0
2024-11-25,169.9582855278695,174.2972202101835,169.63286316963976,172.27566528320312,6091900.0
2024-11-26,170.6189993692621,173.4688941320845,169.4455106350925,173.20263671875,2733700.0
2024-11-27,172.57152014045985,174.1197404294432,171.33886642517086,171.43748474121094,1899500.0
2024-11-29,173.50833607622883,173.95208840975033,171.81220333948846,172.60110473632812,1429200.0
2024-12-02,173.61681945243748,173.66612861368645,169.51454400803647,169.9484405517578,2935700.0
2024-12-03,171.33886590858415,171.81220072065616,169.8498256419398,170.59927368164062,4156800.0
2024-12-04,170.59926365184845,173.2716633621219,169.61314074056608,172.3052520751953,4785700.0
2024-12-05,172.18692894670028,176.26947735889308,171.65442917425864,173.2913818359375,3823300.0
2024-12-06,174.316958671372,175.6383598175293,171.7530329739257,175.38197326660156,3969600.0
2024-12-09,186.67308100980375,186.86044678140917,169.2778724414426,170.07662963867188,19351400.0
2024-12-10,170.7669151583704,174.2282014117226,170.34288949826603,172.28555297851562,7561800.0
2024-12-11,172.97583346139763,176.98934611746657,169.72162465696402,176.1314239501953,6023000.0
2024-12-12,176.05255119950652,176.88089097038562,172.83779539516493,173.96197509765625,3547400.0
2024-12-13,173.96196256814707,175.05655970334388,172.4531955773411,173.98167419433594,3166600.0
2024-12-16,173.79432712926382,176.93019112232767,173.44917805212089,175.6778106689453,5958900.0
2024-12-17,174.05069436487543,175.26362133622956,170.50064585476392,173.87319946289062,7018500.0
2024-12-18,174.1690418624051,175.63837056973475,164.14017261884996,165.11643981933594,7927900.0
2024-12-19,167.69021660096558,171.15150286122145,167.01964514673418,167.2760467529297,7908400.0
2024-12-20,165.17560320974334,172.42361330970448,165.06712907739552,168.6566162109375,91314300.0
2024-12-23,168.2720238534321,170.38232641806687,165.94477303053222,169.248291015625,4447700.0
2024-12-24,170.1160752203295,172.42361450195312,169.41593630882383,172.42361450195312,1023900.0
2024-12-26,171.2205501787342,172.65042559343036,170.11608212950486,171.9502716064453,1348400.0
2024-12-27,170.28369640492213,171.00357696109955,167.34505435442708,167.91700744628906,2859000.0
2024-12-30,165.61936039546683,166.52659178025024,162.8877953806781,164.1993408203125,2597800.0
2024-12-31,164.68253515406516,165.27421495187875,162.64125339394644,162.86807250976562,2817000.0
2025-01-02,164.67267333422257,164.67267333422257,160.78734658635148,163.558349609375,3079600.0
2025-01-03,163.82462545552232,167.0788194499922,162.87794071639274,166.71395874023438,2491500.0
2025-01-06,168.429808774325,169.72162747658766,166.68436687846045,166.75340270996094,3233400.0
2025-01-07,167.64091038755822,167.78882281908304,158.99260744439275,160.1956787109375,4062800.0
2025-01-08,160.3534705917202,160.86625879354452,157.22746231269792,159.73220825195312,3283500.0
2025-01-10,157.77966991956413,157.77966991956413,152.43488540668392,153.233642578125,4502700.0
2025-01-13,151.55725825039622,152.84907707492175,150.61057347491024,152.65185546875,3441800.0
2025-01-14,154.47615542516465,157.70078171252618,153.4505941690567,157.1189727783203,3511900.0
2025-01-15,163.69642869374218,165.55034486990607,161.39876014799802,162.56239318847656,3852400.0
2025-01-16,163.24279164554525,164.15989384228968,162.11861204914547,163.61752319335938,4209000.0
2025-01-17,164.94878166521613,166.67449673989228,163.70625718134286,164.67266845703125,3580300.0
2025-01-21,166.6153357598183,169.54410699906356,166.0433826585963,166.89144897460938,4107600.0
2025-01-22,167.64090891433125,168.94259848848188,165.37282301961116,166.55616760253906,3202000.0
2025-01-23,165.8658850080689,171.08248408609214,165.85602919503893,167.39437866210938,3264900.0
2025-01-24,167.1577008968654,169.8695390914436,166.91117015190375,169.6723175048828,2410600.0
2025-01-27,165.60949049730527,166.90130915323937,161.62554535616653,164.9389190673828,3299300.0
2025-01-28,165.92504759543863,168.3311900799308,163.1441886096375,166.96047973632812,3672300.0
2025-01-29,167.10840589619607,169.80051740367864,166.26033953615948,168.72564697265625,2735100.0
2025-01-30,170.40205644306707,170.98386539847738,166.53645611063382,169.37648010253906,2644700.0
2025-01-31,170.28372124093357,172.4827864787524,168.25231016319972,168.60731506347656,2452000.0
2025-02-03,163.97253308468686,167.1478503842454,162.93710091360597,164.80087280273438,3257300.0
2025-02-04,161.74388860224488,166.98019899868098,158.82495808329222,160.33372497558594,5539400.0
2025-02-05,158.93344491130784,163.86405999838834,158.15441434824808,163.44989013671875,2844700.0
2025-02-06,165.77713779197688,165.9151944098121,160.94514112070144,162.5919647216797,2181100.0
2025-02-07,163.2625286956177,164.83046072369666,160.84653024813642,161.1818084716797,2484800.0
2025-02-10,162.20738358867166,162.47362597448776,158.55871631828467,159.91957092285156,2165300.0
2025-02-11,158.27273782035806,158.31217611874234,154.7029774584042,155.88632202148438,3787000.0
2025-02-12,152.9476941339811,155.7877183428144,150.6796080641927,155.25521850585938,4266200.0
2025-02-13,156.00464409968785,157.67119425446086,154.72268128470537,155.72853088378906,2441900.0
2025-02-14,156.07366805082484,160.88593733818865,155.40309668678196,160.5506591796875,2665800.0
2025-02-18,161.7007988110776,162.40294948474025,158.91200922670868,160.266845703125,2503200.0
2025-02-19,158.72410920977907,159.38669402310012,157.35937372236748,158.4966583251953,3035500.0
2025-02-20,158.19009873244414,158.42743354913063,152.62238811169283,155.05516052246094,3567000.0
2025-02-21,155.36174571020123,155.70786402023796,146.95579544138607,148.88421630859375,3731500.0
2025-02-24,150.22916321488626,150.97086468085277,144.8196859825741,146.23385620117188,4379300.0
2025-02-25,146.3624288925217,147.25246465385888,139.63766562811745,143.6923065185547,5772700.0
2025-02-26,144.86914286483562,149.24023524102594,144.53289338208583,146.01629638671875,2781800.0
2025-02-27,147.8359446675485,150.06104911118433,145.50205673640338,145.80862426757812,3539200.0
2025-02-28,144.71090546494077,147.68759531034664,143.40550361489096,147.61837768554688,4825700.0
2025-03-03,149.2204498409573,150.1203846038054,141.9221023500944,142.9802703857422,3410200.0
2025-03-04,139.36077283385922,140.20137394824056,132.7052419089014,136.3939666748047,5490200.0
2025-03-05,136.65107830788904,139.9046840332897,134.18863896399773,138.97508239746094,4254200.0
2025-03-06,133.50627854230223,136.45330179901111,131.37017446403578,133.28871154785156,4511800.0
2025-03-07,132.99199981862282,133.80293391572613,126.14857013043476,130.9350128173828,5946500.0
2025-03-10,126.6925005135361,126.6925005135361,122.0247247409279,124.61573791503906,5794200.0
2025-03-11,125.27832794691818,130.37134640706913,124.56629330189033,128.97694396972656,6451200.0
2025-03-12,132.33931958432882,135.63246061764897,130.97458413956096,133.42713928222656,6258200.0
2025-03-13,133.54581215832405,134.58419720932596,127.18696561839712,128.79893493652344,4018000.0
2025-03-14,131.80530007207892,133.16013665050053,129.17472846277292,132.83380126953125,2876600.0
2025-03-17,132.51733588797958,138.6388480721232,132.21076834621374,137.1653289794922,4332900.0
2025-03-18,137.27410223642923,137.90702020481092,134.49519654572285,135.9192657470703,2269000.0
2025-03-19,136.4532961573887,143.75164391140592,134.74244221717663,141.81332397460938,4758100.0
2025-03-20,139.69699456561358,144.5328875623991,139.38054311747757,143.1681671142578,3610800.0
2025-03-21,141.74411028725882,143.24729629493615,139.66733994652097,141.82322692871094,4012200.0
2025-03-24,145.3536941476131,148.58751653635346,144.76034207065825,146.7579803466797,3156100.0
2025-03-25,147.0843373657752,148.64685689131272,145.5119339199964,146.26351928710938,2429900.0
2025-03-26,147.1832534456763,148.31063916784413,142.35724399431274,143.03961181640625,2590100.0
2025-03-27,141.73421583489855,142.6044686462988,138.4608272841017,140.45848083496094,2226400.0
2025-03-28,139.6871214478558,140.70572367493392,134.09964262592408,135.44459533691406,3123900.0
2025-03-31,133.32826664481655,136.344507288881,129.31317658332725,135.4248046875,3977500.0
2025-04-01,135.0984532860222,137.03677313296325,132.47778075082778,136.83897399902344,2934000.0
2025-04-02,133.67437212656492,141.20016976843567,133.67437212656492,139.95411682128906,2418300.0
2025-04-03,127.10785384085486,127.47375507577244,120.78855783076718,122.08406066894533,11819600.0
2025-04-04,115.14174218775764,115.88344369436648,104.44146208754636,107.4774932861328,13261700.0
2025-04-07,102.16690765911028,118.16788177747392,101.44498908540469,111.11677551269533,11194500.0
2025-04-08,118.1184394036533,119.94796827334268,106.82479208861484,109.1883544921875,7460400.0
2025-04-09,109.87070688965844,129.50107047259166,106.90390108231404,127.02873229980467,10416100.0
2025-04-10,123.6169067579395,124.42783336447248,116.05155055535816,122.55874633789062,10693000.0
2025-04-11,121.17424327491295,124.86297532985591,117.11960998119366,124.5267333984375,6257000.0
2025-04-14,126.58371981254494,127.49353848790297,122.42030305848276,124.13115692138672,4010000.0
2025-04-15,124.23005370017135,128.35390449885872,124.23005370017135,126.42548370361328,3113800.0
2025-04-16,124.40806836231472,126.22770576006998,121.93573002081384,123.82459259033205,2264200.0
2025-04-17,124.8827448886213,126.47493127947216,123.6366843338299,125.37721252441406,2638600.0
2025-04-21,123.25100434477685,123.73558807660606,116.97126666708252,118.30632781982422,4492200.0
2025-04-22,120.79844985134596,122.94443766726356,119.93807341384542,122.3411865234375,3325300.0
2025-04-23,128.56158877570496,131.83496219860126,124.79374770367136,125.14976501464844,3812600.0
2025-04-24,125.69369200590484,132.36901372260314,125.3376746464815,131.84487915039062,2774800.0
2025-04-25,130.6976801997584,133.50625255790618,130.04497934344195,131.9239501953125,2588300.0
2025-04-28,132.9326747448416,135.81047994935656,132.57665745057216,134.85121154785156,2924900.0
2025-04-29,134.55454180375747,136.64119600356543,133.10080562668975,136.02806091308594,2754500.0
2025-04-30,131.68663684369062,135.47426110297323,130.045000515968,134.9698944091797,4536500.0
2025-05-01,136.11706973544696,138.56962533618778,135.61271810685415,136.3643035888672,3563900.0
2025-05-02,132.66567475717247,135.9588313725979,131.52840510987411,133.87217712402344,4382000.0
2025-05-05,132.02285863024176,135.77091666638168,131.30094010786297,132.49754333496094,4321400.0
2025-05-06,130.43067389660595,131.8547431187953,127.76055164997828,127.87921905517578,3888800.0
2025-05-07,128.13635575728108,129.20439261623284,126.4650451188272,127.9088897705078,4039500.0
2025-05-08,129.73843778994555,134.24798080822663,129.01651917174482,131.71630859375,4448100.0
2025-05-09,132.6261066290225,133.07112447235028,130.064767959911,130.99436950683594,2734800.0
2025-05-12,139.2124231522982,142.02099571706262,138.89595662051667,141.86276245117188,6407600.0
2025-05-13,142.14955805863696,145.22514728521864,141.41774054232806,143.46484375,3913200.0
2025-05-14,144.58233237428448,145.80861753229345,142.01110974549445,142.64402770996094,3244000.0
2025-05-15,140.96283649691597,143.00005596959664,140.34970141588963,142.3968048095703,2942200.0
2025-05-16,142.6349848844554,143.2900058388742,141.61276209661665,142.7540740966797,2404400.0
2025-05-19,139.4789911015524,141.97997068235287,139.01255328362677,141.5333709716797,1774900.0
2025-05-20,140.44165982244957,141.0966807636811,137.46430842804332,138.23841857910156,3076300.0
2025-05-21,135.84660946861038,136.29320909974174,129.6537138003382,129.6934051513672,5103700.0
2025-05-22,129.475084920321,130.76525831621214,128.48263452742555,129.8224334716797,2976600.0
2025-05-23,126.48780972575014,131.07294120758792,125.83279635105632,129.88198852539062,2341200.0
2025-05-27,131.98599325978657,132.74025016416633,130.52708985957898,132.1646270751953,2474100.0
2025-05-28,132.80972409776444,133.9808083387644,130.41791492184743,130.51715087890625,2276400.0
2025-05-29,132.2043288398322,132.38296264884372,129.79266641303428,130.70571899414062,2064800.0
2025-05-30,130.10032801097444,130.229351417561,127.05351295367592,129.70335388183594,5097900.0
2025-06-02,129.05825033003146,129.85221372167337,126.40841700780146,129.53463745117188,2690600.0
2025-06-03,129.96138335615922,130.79503809942372,128.17496951802667,130.11026000976562,2045400.0
2025-06-04,130.7851218957875,131.79742561671443,129.23690158354185,129.31629943847656,2057200.0
2025-06-05,129.6735684802166,130.43774435879382,128.17495873537888,129.2964324951172,1969400.0
2025-06-06,132.36310703236367,133.92126145318795,131.23171416475293,132.4425048828125,1963300.0
2025-06-09,133.2067064500947,133.82202091011985,132.07531349323963,132.50205993652344,1729000.0
2025-06-10,132.59139128820684,135.1221279183811,132.3730509693035,134.59613037109375,3164600.0
2025-06-11,134.97325715619857,138.44683362713016,134.97325715619857,136.98793029785156,2950400.0
2025-06-12,135.08243606689976,137.4742453692878,134.97326590784823,137.0673370361328,3253000.0
2025-06-13,134.51672278154695,135.58857104853672,130.20949160864492,131.1126251220703,4238000.0
2025-06-16,132.49212442842128,135.35038634069133,131.83710354959422,133.0876007080078,2168700.0
2025-06-17,131.87682678927797,132.95859419574157,130.4377614548235,131.36074829101562,2185700.0
2025-06-18,130.8546066472435,133.6334559783414,130.8546066472435,132.08523559570312,2300800.0
2025-06-20,133.4250424534742,134.7251501349323,132.49213659678426,133.5044403076172,4569600.0
2025-06-23,133.04789974226384,133.9510332511877,127.95662428533684,133.01812744140625,2641600.0
2025-06-24,135.92601874151885,139.9057395488367,135.11220211289674,138.85374450683594,3203100.0
2025-06-25,138.94306764264718,140.1836307465994,135.78708237511722,136.69020080566406,2317100.0
2025-06-26,136.95815949337538,138.64532219754642,136.26344722031573,138.2979736328125,2442000.0
2025-06-27,139.37973076912226,143.10141961345474,138.7941886920757,141.84100341796875,8391400.0
2025-06-30,143.90530956832694,143.93508186916412,140.0446780759962,140.79893493652344,2685000.0
2025-07-01,139.9553651246143,141.81124259928498,138.8735826371551,140.56076049804688,2398500.0
2025-07-02,139.94543063035258,141.95018475273497,139.31026295659473,141.7020721435547,2124400.0
2025-07-03,142.01966596187694,144.33206219231073,141.5035874858199,143.3793182373047,1402200.0
2025-07-07,142.22807800344756,143.26023499857223,139.1117840551548,140.46151733398438,2104200.0
2025-07-08,141.04705616974223,145.01685805591424,139.45914450142885,143.9152374267578,2841500.0
2025-07-09,145.14587257282236,146.0886974343207,143.92516280780012,145.5428466796875,2759500.0
2025-07-10,145.52302136664326,148.6293811277178,144.89777270695805,147.09109497070312,3078700.0
2025-07-11,145.59247568797574,146.9223556355203,145.39398862982742,146.06884765625,1474500.0
2025-07-14,145.84058739488898,147.73617134720803,144.8977625168198,147.40866088867188,1837900.0
2025-07-15,147.2697293277237,147.97437584704554,144.30229687622523,144.61988830566406,1618200.0
2025-07-16,147.1208589606299,151.7853730088948,146.80326755029412,151.55711364746094,3928100.0
2025-07-17,151.5074959001973,156.09261233203944,151.24944908011054,154.8719024658203,3951500.0
2025-07-18,155.7055446821415,155.7055446821415,150.22721416244627,150.8524627685547,2928500.0
2025-07-21,151.5074885850211,152.0930307131742,147.40866340076556,147.5674591064453,2303200.0
2025-07-22,147.59723099427927,148.7980875490828,145.57262361152178,148.52020263671875,2033500.0
2025-07-23,149.8600091321613,151.26928687100764,148.4606504455382,150.70359802246094,2291200.0
2025-07-24,151.89455232339202,152.27167321641844,150.46542117787988,150.4951934814453,1999100.0
2025-07-25,150.47533522724578,150.85247125132366,148.1232324622372,149.98904418945312,1620700.0
2025-07-28,150.28677831778893,150.72345897927775,147.0911015044071,147.577392578125,3095300.0
2025-07-29,148.1430907270429,148.6293817812984,144.23283332478127,146.70404052734375,2545700.0
2025-07-30,147.31934497962632,147.72625329239762,143.151056181762,144.36184692382812,2085100.0
2025-07-31,144.84814917422958,146.56508431950556,142.972418312597,144.22291564941406,2702400.0
2025-08-01,140.9378887161476,140.9378887161476,134.64575624030695,137.2459716796875,4587500.0
2025-08-04,139.10185652757758,141.27532540200718,137.77197657987085,140.94781494140625,4227400.0
2025-08-05,147.80562936198496,150.43563198249743,142.07920151320283,144.44122314453125,5431700.0
2025-08-06,145.38406735047346,147.1506278850427,143.3793132636193,144.76873779296875,3190700.0
2025-08-07,148.70876555945856,148.70876555945856,137.0574074567987,140.044677734375,5253700.0
2025-08-08,140.7195444014738,142.45633271068564,139.54846012475812,140.898193359375,3008700.0
2025-08-11,140.84855579983832,143.0517968500368,140.6103622574741,141.0470428466797,2491800.0
2025-08-12,143.0021871170658,145.61233674528015,141.45396677945777,143.5083465576172,2913200.0
2025-08-13,144.71913900212925,145.02679623377855,137.32537067128754,139.88589477539062,5540300.0
2025-08-14,138.98276743861325,140.26303712004898,137.98039784144365,139.61793518066406,2562700.0
2025-08-15,141.19593933775275,141.30510950040045,137.36507973519642,138.33767700195312,3157600.0
2025-08-18,137.74996209745942,140.1206729103586,137.32164857033027,138.84567260742188,2244400.0
2025-08-19,138.77595107808915,139.45328832576868,135.99683774918668,136.54469299316406,2927900.0
2025-08-20,135.4689192641597,135.58844579976534,132.2017288978427,134.81149291992188,3363000.0
2025-08-21,133.62613176249306,134.67203450217917,132.5702735449976,133.48667907714844,2628100.0
2025-08-22,134.38316791140534,137.5009346432154,133.496644049767,133.67593383789062,3420400.0
2025-08-25,133.49665419426424,135.09039705132471,133.28746755968837,133.36715698242188,2762600.0
2025-08-26,132.6997678654443,134.15405795251186,131.703672934882,133.87515258789062,3634400.0
2025-08-27,133.5364812425052,135.75776863669026,133.06831541872955,135.19000244140625,2997000.0
2025-08-28,135.37927003109306,136.63434421240729,135.28962513225696,135.85739135742188,2190000.0
2025-08-29,135.90719993670254,136.85348711695568,135.4290786075899,135.69801330566406,4975900.0
2025-09-02,133.8253679872996,135.4489924855549,131.76344406236478,135.30953979492188,3697100.0
2025-09-03,134.53257919683617,135.38922144704247,130.000344212596,132.11207580566406,4596800.0
2025-09-04,132.879059655742,134.80153080422517,132.21167786613256,134.23374938964844,2922900.0
2025-09-05,134.4030757823691,134.61226239624906,128.4763142456585,131.03628540039062,4520500.0
2025-09-08,132.08219747056444,134.1540616072798,130.63784762253866,133.91500854492188,3249900.0
2025-09-09,132.38101199554788,134.84136772349174,131.9825800975759,133.89508056640625,3932300.0
2025-09-10,134.36325227951565,136.8833713823972,132.22165413569567,133.11813354492188,2641100.0
2025-09-11,133.35719184992118,137.9292638539393,133.20776849341206,135.86734008789062,2758300.0
2025-09-12,135.96695802777248,137.78981357468646,135.74781592710286,137.49098205566406,2307000.0
2025-09-15,138.14841087004476,138.9950824569363,137.44117676880336,137.93922424316406,2392500.0
2025-09-16,138.21812656709122,139.69235800213863,137.86950246224265,139.5030975341797,2536300.0
2025-09-17,140.29000918179634,143.18864913558448,135.8374635370875,138.2779083251953,5066500.0
2025-09-18,140.17048492771923,143.47751231352478,139.45329533577043,142.92967224121094,3841200.0
2025-09-19,144.3042646845825,144.81228281594878,143.09899835556502,144.1847381591797,5989900.0
2025-09-22,141.54509004382405,143.50739819437922,139.22418712465978,143.3978271484375,2806000.0
2025-09-23,143.29821171003513,147.63123056806978,142.81011974145042,144.32418823242188,3058800.0
2025-09-24,144.93181804528643,145.92791301466983,136.58453733810848,136.6243896484375,3265100.0
2025-09-25,134.70190939896165,136.41519384706635,134.24371425539994,135.59840393066406,2721700.0
2025-09-26,135.73785489748158,138.86559224368503,135.66812095957425,137.09254455566406,2893300.0
2025-09-29,138.1583627531382,138.8257445275129,135.37926460616276,137.89938354492188,2829300.0
2025-09-30,137.16226590435147,137.5607129873998,129.65171697951524,132.74957275390625,4515000.0
2025-10-01,130.88687003456576,133.27750702832017,129.40269829013593,129.44253540039062,3872600.0
2025-10-02,128.97436793046063,130.12984170289107,126.13549888557723,126.73316192626952,4688500.0
2025-10-03,125.4083548009478,128.1077711836071,124.6911652262956,125.3983917236328,3431300.0
2025-10-06,126.64350727933268,126.99213898074764,123.77475665105958,126.2052230834961,4600000.0
2025-10-07,126.08569887575622,127.16148323099247,124.59155647112848,125.55776977539062,3372600.0
2025-10-08,124.5118685377104,125.607571460922,123.30659456221754,124.31265258789062,4041900.0
2025-10-09,124.850537766853,125.31870361072038,122.17104751089089,123.0575714111328,4893700.0
2025-10-10,122.51967921694096,122.91811871805452,117.6786571374742,117.7583465576172,5504400.0
2025-10-13,120.0294416484676,122.1511211591774,118.53529922130826,121.9618682861328,3705500.0
2025-10-14,120.49760445155502,128.16753234429507,120.09916496111111,127.1415557861328,5283500.0
2025-10-15,129.44253814246105,129.47241977558576,125.62750018804496,127.20132446289062,3777400.0
2025-10-16,127.3108937056991,127.47027254623144,119.0931103308852,120.36811065673828,5290000.0
2025-10-17,121.08529561893609,122.569482516247,119.76049515567624,120.90599822998048,3350300.0
2025-10-20,122.04154687305774,125.5478052650034,121.52358085585728,124.7011260986328,2943600.0
2025-10-21,124.372415662523,126.80288976453087,123.96401308653586,125.48804473876952,3604900.0
2025-10-22,125.74702023390164,127.4105045215138,124.91030415116596,126.035888671875,2576100.0
2025-10-23,126.6435132858379,126.93238173773976,122.05151488763504,122.56948852539062,3346000.0
2025-10-24,124.28276615080424,126.24507445902564,123.86440808701327,124.51187133789062,2453100.0
2025-10-27,126.3944842660346,127.47026860758348,125.71713941390396,125.87651824951172,1843700.0
2025-10-28,126.00601166493774,126.29488011351307,123.74487946347058,123.98394012451172,2004800.0
2025-10-29,123.39623903946604,125.06967885089716,122.3503439070724,124.392333984375,2991300.0
2025-10-30,124.25288179196794,125.49800047803352,122.71889465878296,122.9679183959961,4091500.0
2025-10-31,122.02163262663284,124.3524911857329,121.453858803293,123.8245620727539,3055700.0
2025-11-03,123.8544416911944,124.15327321423985,122.40014398488256,123.4659652709961,4761000.0
2025-11-04,131.7335616968485,133.77555945486336,128.76520289888924,130.00035095214844,6684400.0
2025-11-05,130.87690710003062,135.32945247803963,129.293119871397,133.22769165039062,5483900.0
2025-11-06,133.6360979418754,136.37535896832654,128.34683635540028,128.476318359375,4095700.0
2025-11-07,127.28101604285337,132.1319937589354,126.49410009228446,131.85308837890625,4214600.0
2025-11-10,134.5425557115624,135.2198929996633,129.253278621372,130.40875244140625,2875700.0
2025-11-11,130.488435909873,133.65601049359475,130.03022555414347,132.36109924316406,2133800.0
2025-11-12,133.1480097656016,136.49488939609336,132.918912183527,133.05836486816406,2936600.0
2025-11-13,132.97867012031458,134.193907123118,128.1077666317408,128.20738220214844,4868400.0
2025-11-14,125.64742125967484,131.62399119154307,125.0995659760796,130.0900115966797,3498400.0
2025-11-17,130.0,130.24000549316406,123.61000061035156,124.33999633789062,4110200.0
2025-11-18,123.02999877929688,126.01000213623048,122.48999786376952,124.31999969482422,2859500.0
2025-11-19,124.6500015258789,127.47000122070312,124.19000244140624,127.1999969482422,2819600.0
2025-11-20,131.82000732421875,132.67999267578125,126.69000244140624,126.76000213623048,3965700.0
2025-11-21,127.76000213623048,130.75999450683594,125.9499969482422,130.02000427246094,3214200.0
2025-11-24,129.89999389648438,131.0,128.99000549316406,130.10000610351562,3577100.0
2025-11-25,130.1999969482422,131.0800018310547,127.37000274658205,130.6199951171875,3437800.0
2025-11-26,131.0,132.32000732421875,130.27000427246094,130.27000427246094,2637800.0
2025-11-28,131.69000244140625,133.14999389648438,130.3000030517578,131.85000610351562,1392300.0
2025-12-01,130.19000244140625,132.32000732421875,129.0399932861328,131.38999938964844,2755500.0
2025-12-02,131.55999755859375,133.47000122070312,131.00999450683594,132.0800018310547,1588400.0
2025-12-03,132.02000427246094,135.55999755859375,131.0800018310547,134.5,4833300.0
2025-12-04,135.25,136.85000610351562,134.02999877929688,136.75,2680200.0
2025-12-05,136.3000030517578,138.63999938964844,135.9499969482422,138.1300048828125,1976900.0
2025-12-08,137.91000366210938,137.9199981689453,135.24000549316406,137.3800048828125,2556200.0
2025-12-09,137.80999755859375,145.99000549316406,137.50999450683594,143.88999938964844,5025800.0
2025-12-10,143.1199951171875,149.60000610351562,143.1199951171875,149.0800018310547,5073700.0
2025-12-11,149.0800018310547,150.97999572753906,148.00999450683594,150.3300018310547,4427500.0
2025-12-12,151.86000061035156,151.86000061035156,146.92999267578125,148.0500030517578,3744200.0
2025-12-15,149.47999572753906,149.55999755859375,146.52000427246094,146.8300018310547,2585700.0
2025-12-16,147.0,148.72000122070312,146.3000030517578,147.14999389648438,2325300.0
2025-12-17,147.64999389648438,150.6300048828125,145.55999755859375,146.39999389648438,3479900.0
2025-12-18,148.55999755859375,149.42999267578125,146.25,146.3000030517578,2653500.0
2025-12-19,146.6199951171875,147.9600067138672,146.0,146.33999633789062,5163400.0
