date,open,high,low,close,volume
2015-12-21,85.28968115399691,86.04216206264543,83.95786229180639,84.61711120605469,639900.0
2015-12-22,85.22976359342732,85.82908321655935,84.59049102224876,84.73033142089844,866900.0
2015-12-23,84.85017040567774,85.90896386159622,84.77691996879827,85.86901092529297,555900.0
2015-12-24,86.00219297187473,86.3284922283358,85.3695810885873,85.90896606445312,214400.0
2015-12-28,85.75580884943716,86.37510985441817,85.33628268996522,86.31517028808594,473100.0
2015-12-29,87.02478935075177,87.80197326995435,86.67336230430504,87.7343978881836,476900.0
2015-12-30,87.47759488101894,87.88307815556593,86.82880720476139,86.909912109375,424300.0
2015-12-31,87.11939650334533,87.1599437917471,86.15973437730212,86.19352722167969,528600.0
2016-01-04,84.66618432901387,85.10546553543497,83.05774492828064,83.9363021850586,800900.0
2016-01-05,83.97685598335255,86.30841796536436,83.67273584043949,86.00430297851562,692600.0
2016-01-06,85.59880693005982,86.05160214756225,85.34875330024343,85.99077606201172,796100.0
2016-01-07,84.82165971007531,85.9705447407317,84.44319927916989,84.4634780883789,919100.0
2016-01-08,84.4769600518809,84.99733585713211,81.95616529526441,82.09809112548828,803000.0
2016-01-11,82.41574029886634,83.2807889122285,82.19947943454224,82.90908813476562,763400.0
2016-01-12,83.39565559901725,83.84845086529297,81.41551545854722,81.78045654296875,903300.0
2016-01-13,81.87505833841888,82.63872808567915,80.13145290903135,80.23958587646484,719800.0
2016-01-14,80.65860559009826,81.78721661118976,80.47613761337294,81.0100326538086,929600.0
2016-01-15,79.97602912166845,80.27338968577591,78.88121096484495,80.05036926269531,808100.0
2016-01-19,80.9762517644019,81.37498578141543,79.88818787609678,80.64510345458984,602800.0
2016-01-20,79.86114331991476,80.0165832059836,76.93485998096632,78.29325103759766,1154400.0
2016-01-21,78.64468946620872,79.550280197428,78.02969459011892,78.42166900634766,628500.0
2016-01-22,79.38130271486978,80.92216151530906,79.37454311492006,80.55722045898438,647100.0
2016-01-25,80.56397889128657,81.35468192383136,79.47591533803202,79.61783599853516,727100.0
2016-01-26,80.04363645709688,81.56422222471002,80.04363645709688,81.33444213867188,726300.0
2016-01-27,81.07085417700054,81.59123517537309,80.09092343304262,80.51668548583984,581800.0
2016-01-28,80.44230326138234,81.88179331001392,77.22542063268085,78.01612854003906,1832000.0
2016-01-29,79.27993336463446,79.71921457451472,77.17814625114063,78.53653717041016,1888100.0
2016-02-01,78.0026503888105,79.98955028672579,77.60392158266549,78.6041259765625,1099100.0
2016-02-02,78.34732390008422,79.26643377710515,77.19843913184067,77.59716796875,1268000.0
2016-02-03,78.2662157260823,78.46896250151056,77.07002418803665,77.51605987548828,1088300.0
2016-02-04,77.48227525709459,80.17877860328973,77.29304767575667,79.23939514160156,1094500.0
2016-02-05,78.41489333466136,79.23938929774036,77.71880400204812,77.77962493896484,862800.0
2016-02-08,77.71205828552338,77.80667208611834,74.37353170153261,75.11016845703125,1110500.0
2016-02-09,74.55598106256836,74.95471497059444,72.98132938678512,73.64363098144531,1175000.0
2016-02-10,74.2113148895764,76.00898699380255,73.77879328598567,75.1439437866211,679300.0
2016-02-11,74.05587647562709,74.27889686647354,72.85967994731537,73.10973358154297,936800.0
2016-02-12,73.71122711894549,74.17078205683868,72.50151625072571,73.40035247802734,714900.0
2016-02-16,74.54246516632394,74.70465947190013,73.5760486206564,74.53570556640625,1096600.0
2016-02-17,75.36020695288805,76.56991762328335,75.29262641696866,75.67108154296875,745100.0
2016-02-18,75.54267525105487,75.9751968701376,74.6911460577076,75.4345474243164,964100.0
2016-02-19,75.04256788551682,76.48205331570138,74.3126857704666,75.96167755126953,870200.0
2016-02-22,76.94839766327064,77.7999271285394,76.46856900000263,77.55663299560547,972600.0
2016-02-23,77.16462308696718,78.6041084153695,76.6847946441664,77.27951049804688,1439400.0
2016-02-24,76.853759765625,77.30655503265633,75.94816407549789,76.853759765625,701700.0
2016-02-25,77.42145409125798,78.51627751082084,76.9348659047856,77.84046173095703,639500.0
2016-02-26,77.6579857727667,77.77962765084133,76.88079667443571,76.97541046142578,685200.0
2016-02-29,77.10381853831565,78.46220967643572,76.81322270773948,77.13761138916016,1246700.0
2016-03-01,77.7187948322257,79.81382218344683,77.23896636981527,79.78678894042969,816100.0
2016-03-02,79.42185022565195,79.81382452681312,78.92174810531144,79.76651763916016,584900.0
2016-03-03,79.52323095227415,80.19229219729831,79.28669649214342,80.0165786743164,763700.0
2016-03-04,79.96926782669149,80.24634956454919,79.57729350868374,80.13822174072266,777100.0
2016-03-07,79.34753671443119,80.61806858084618,79.34753671443119,80.185546875,477300.0
2016-03-08,79.89493117107314,80.36124564404551,79.00285467238547,79.13801574707031,587700.0
2016-03-09,79.36103513747919,79.93547743157968,79.08394823506416,79.30020904541016,701000.0
2016-03-10,79.79358094756385,80.12472928590455,78.18514100527163,79.15155792236328,362500.0
2016-03-11,79.6786795902013,83.03072516021463,79.08395841812361,82.92259216308594,1192100.0
2016-03-14,82.66576890410985,83.09829050135842,82.09808624124517,82.93609619140625,692900.0
2016-03-15,82.5306194302091,83.62543762123752,82.13864506637837,83.3753890991211,782300.0
2016-03-16,82.81446795987507,85.03790253936981,82.7130945596301,84.7270278930664,822200.0
2016-03-17,84.88921456682628,86.26111967875036,84.27421977537625,85.82859802246094,880200.0
2016-03-18,85.90968285281106,86.18000497401599,85.32172141145601,85.59880828857422,1233300.0
2016-03-21,85.22035378803862,85.82858891391705,84.7202516427894,85.11898040771484,1263300.0
2016-03-22,84.96354935305179,85.49744436676191,84.0985060950127,84.69322204589844,934400.0
2016-03-23,84.64592379103723,84.97031762393499,83.92280113535242,83.97010803222656,856900.0
2016-03-24,83.65246888703616,83.9701030999904,82.68605220245968,83.71329498291016,688900.0
2016-03-28,83.80791533896125,84.78784614604677,83.59840894349308,84.4296646118164,503700.0
2016-03-29,84.35492889417966,86.25031692924904,84.17150658634854,86.1212387084961,579000.0
2016-03-30,86.27069494834166,86.8005873641285,85.92423001988507,86.08727264404297,602600.0
2016-03-31,86.0668866971402,86.43373646205784,85.62530798845985,86.33183288574219,717700.0
2016-04-01,86.0872654944718,86.9160736382417,85.71362077948336,86.47449493408203,604400.0
2016-04-04,86.45412960353526,86.83456415245584,86.15521378193654,86.61717224121094,540100.0
2016-04-05,86.34539823364358,86.9975737194647,86.04648770870266,86.29784393310547,521400.0
2016-04-06,86.17557333182583,86.95003215864976,85.26524653585169,86.8888931274414,493800.0
2016-04-07,86.5084475118643,86.81415819589235,85.40110860895093,85.74078369140625,599200.0
2016-04-08,86.17558131238897,87.39840869707703,85.63889397339166,86.3590087890625,568500.0
2016-04-11,86.63076579387086,86.9500613298293,86.01935454453964,86.2095718383789,467300.0
2016-04-12,86.61716314421292,88.13211140886507,86.52884947121211,87.77205657958984,828700.0
2016-04-13,88.20683585553635,88.23401567111152,86.82096587701264,87.19461059570312,727700.0
2016-04-14,87.21499947390438,87.52749482354439,86.88211407740107,87.17424011230469,482700.0
2016-04-15,87.24217113399057,88.1796779387616,86.76662795985443,88.03022003173828,538600.0
2016-04-18,87.88077589588838,88.43104810976541,87.19463566326205,88.32234954833984,700900.0
2016-04-19,88.51932942287549,89.10357098502914,88.104925403603,89.08998107910156,433600.0
2016-04-20,89.15113030396394,89.21906947531181,87.28971725535335,87.41878509521484,430400.0
2016-04-21,87.41878028033955,88.13890021235265,86.57639265197129,86.8888931274414,661900.0
2016-04-22,87.28971996958755,87.94869056111608,86.89569556885465,87.90792083740234,416100.0
2016-04-25,87.36447289407862,88.42425794815465,87.03837721123574,88.31555938720703,564000.0
2016-04-26,88.8522082514065,89.15792413478711,88.09812911345304,88.68917083740234,585300.0
2016-04-27,88.51934500010988,89.38891254339913,87.58183828128813,88.72315216064453,613100.0
2016-04-28,88.49217820100944,89.0967996343646,87.7516887626654,88.07777404785156,466500.0
2016-04-29,87.62937260157845,88.09811546025738,86.98398171762814,87.54105377197266,821400.0
2016-05-02,88.0166231871516,89.30059483918409,87.45956133164532,89.06961822509766,459800.0
2016-05-03,88.51255431044851,89.03565699290701,87.71092585712864,88.27478790283203,492100.0
2016-05-04,87.60899742608119,89.00845703691236,87.20817297071683,88.70954132080078,805900.0
2016-05-05,88.65522136029901,89.0900051730173,88.2476070007227,88.89978790283203,596100.0
2016-05-06,88.84543745234903,89.19190239714996,87.99624951954553,88.92695617675781,922700.0
2016-05-09,89.14434613588955,89.8916356034339,88.89298984501681,89.857666015625,760100.0
2016-05-10,90.31961372520972,90.75439747086052,89.9187995652943,90.44190216064452,850400.0
2016-05-11,90.35359605029316,90.35359605029316,88.57370146027736,88.92695617675781,968000.0
2016-05-12,89.07640641930959,89.40250202101919,88.3902663604133,89.25304412841797,606100.0
2016-05-13,88.97451162881464,88.97451162881464,87.92151656683151,88.3563003540039,635100.0
2016-05-16,88.41064314559081,89.00847469642531,87.97585939027365,88.86580657958984,462100.0
2016-05-17,88.56689257482975,89.05602560509826,88.00303059921293,88.58048248291016,922700.0
2016-05-18,88.24759304096962,88.80466521986392,85.43508861280935,86.44731903076172,1555400.0
2016-05-19,85.21770539149702,85.7136282202257,83.86579452938484,84.04242706298828,1193600.0
2016-05-20,84.72179409757993,85.04108963874219,84.02885891829602,84.50440216064453,1094600.0
2016-05-23,84.71498031247526,84.91878747562934,84.06959960087306,84.5383529663086,712400.0
2016-05-24,85.21090043101415,86.33182935862804,84.76932174037464,85.50302124023438,767700.0
2016-05-25,85.68645996925984,85.68645996925984,84.4160780994366,85.09542846679688,863000.0
2016-05-26,85.09539838577246,85.17012731440815,84.55871116331168,84.78289794921875,632300.0
2016-05-27,84.9595422921191,85.781555488965,84.68780633315244,85.19731903076172,573100.0
2016-05-31,85.53021400439115,86.04652174519944,84.97314689929318,85.34678649902344,948500.0
2016-06-01,85.05464201382394,86.40655262845905,84.85763501909825,86.35220336914062,732100.0
2016-06-02,86.1144416862504,86.55602039840691,85.48943549867552,86.45411682128906,624700.0
2016-06-03,86.90928425807721,87.40521225859113,86.19596436845491,86.80738067626953,737000.0
2016-06-06,86.73264901960064,86.95683585596933,85.72041855346352,86.31824493408203,761900.0
2016-06-07,86.46091913067663,87.23538331926548,86.46091913067663,86.88211822509766,378000.0
2016-06-08,86.80736192263944,87.14703699992825,86.69866859308281,87.00437927246094,480900.0
2016-06-09,86.31144815288765,87.81280634502869,86.31144815288765,87.62258911132812,457200.0
2016-06-10,87.09951097200856,87.70413235524245,86.6715169440119,87.11309051513672,638600.0
2016-06-13,87.30330007325789,88.04379975091679,86.17558131238897,86.3590087890625,992000.0
2016-06-14,86.26389675093328,86.65791595557539,85.27883578175035,85.74758911132812,747300.0
2016-06-15,85.82911016220966,86.83455083693443,85.52340461556675,86.06688690185547,731400.0
2016-06-16,85.7136152326233,86.10763960056116,85.21089752565169,85.97856140136719,839700.0
2016-06-17,85.76117617218137,86.31824318326326,85.19731939021848,86.06688690185547,910000.0
2016-06-20,86.72586014277823,87.51390896370324,86.09406416842675,86.17558288574219,913100.0
2016-06-21,86.67150917923951,87.24895069235804,86.35900867524117,86.67829895019531,537500.0
2016-06-22,86.96362050448948,87.96906632341452,86.71905918643901,87.07231903076172,795000.0
2016-06-23,87.7449018576762,88.32234348926337,87.58185402672322,88.30196380615234,489300.0
2016-06-24,86.2367217196766,87.8739582972374,85.6592698652642,86.97721099853516,2652300.0
2016-06-27,86.37258124581295,86.58317814249519,85.02747079541008,85.93779754638672,1168600.0
2016-06-28,86.56604273064485,88.06151098330456,86.38850312202703,88.041015625,986000.0
2016-06-29,88.55997881202289,89.79595184326172,88.55997881202289,89.79595184326172,969400.0
2016-06-30,89.88475022287976,90.13057992538826,88.90825625305865,90.0691146850586,818500.0
2016-07-01,90.1988449348644,90.84755891623128,90.00764524392682,90.15787506103516,462000.0
2016-07-05,90.07595384623812,91.2436371690256,89.98717882160844,91.1412124633789,883300.0
2016-07-06,90.86122910139798,91.14120382978264,89.72768050813531,89.78231048583984,968700.0
2016-07-07,89.65257407916768,89.65257407916768,88.42343593305603,88.79217529296875,803400.0
2016-07-08,89.43404966466623,91.2367971207851,89.22236502854503,91.0387725830078,658000.0
2016-07-11,91.50308351626563,92.05619750322067,90.64950997600198,91.86499786376952,460200.0
2016-07-12,91.80356187241216,92.95759520234894,91.38019264400022,92.84833526611328,894500.0
2016-07-13,93.23077802646898,93.31271780699188,92.56157883978491,93.28540802001952,544400.0
2016-07-14,93.23071515416352,93.64043461968588,92.61614637547878,92.77320098876952,439600.0
2016-07-15,92.89614173061582,93.01906177933492,91.98794835209118,92.9029769897461,571600.0
2016-07-18,93.0805135866236,93.28537338146856,92.2542599875383,93.23074340820312,484000.0
2016-07-19,93.22391675200952,93.96823058649134,92.87565198167998,93.85897064208984,618100.0
2016-07-20,93.85217930948863,93.85217930948863,93.2922297092223,93.65414428710938,486200.0
2016-07-21,93.33320068210008,93.95460512289904,93.10786629065976,93.93412017822266,356600.0
2016-07-22,93.90678676298712,95.17006985178791,93.47658219381988,94.86278533935548,503900.0
2016-07-25,94.80816011604291,94.99253500059127,94.23456094145196,94.96522521972656,429600.0
2016-07-26,95.23833348647403,95.23833348647403,93.89992543157184,94.8149642944336,559200.0
2016-07-27,94.82179546895226,95.1359151747346,93.80433186892772,94.67839050292967,747200.0
2016-07-28,94.73982779677904,95.9484802958286,94.61690780219908,95.21782684326172,624800.0
2016-07-29,95.03348140360566,97.39617801943432,95.03348140360566,97.05474853515624,834000.0
2016-08-01,97.0547795349538,97.54643898292088,96.83625959381098,97.28694915771484,619500.0
2016-08-02,95.14957366754932,97.60103505692696,95.14957366754932,96.03729248046876,680600.0
2016-08-03,95.9826584458186,96.34457287875492,95.29979945241396,95.88023376464844,623900.0
2016-08-04,96.07144918814372,96.36507360200213,95.26567002572676,96.1943588256836,585800.0
2016-08-05,96.42652299304196,97.25277653965422,96.20800311385771,97.04109191894533,835400.0
2016-08-08,96.96600912471293,97.62838340089378,96.53580448235088,97.51229858398438,640800.0
2016-08-09,97.08890051667552,97.9697945786775,97.00013592021229,97.92198944091795,516300.0
2016-08-10,98.07220051736152,98.3453503531678,97.51908642680498,97.91514587402344,610200.0
2016-08-11,97.96977765811076,98.06537749751574,96.59039961560975,97.2049789428711,455000.0
2016-08-12,97.28691226069316,98.29071571795652,97.28691226069316,97.52591705322266,317200.0
2016-08-15,97.82638669798882,98.2634160863659,97.70347706669644,98.06539154052734,620700.0
2016-08-16,97.5805430422185,97.5805430422185,96.7611143588044,97.2049789428711,429300.0
2016-08-17,97.17767510862002,97.60104440874366,96.31727640912926,97.56690979003906,558200.0
2016-08-18,97.61470270239,97.88785258419368,96.8020987358782,97.21864318847656,639600.0
2016-08-19,96.74745190101548,96.94548683326536,96.00997339765958,96.5221176147461,764800.0
2016-08-22,96.60405784962126,97.16399677830918,96.2762884664966,96.877197265625,468800.0
2016-08-23,97.25277127959713,97.40982592201544,96.50845751813556,96.5221176147461,518100.0
2016-08-24,96.70651043103476,96.70651043103476,95.7231915783167,95.83928680419922,473700.0
2016-08-25,95.91437529400656,97.08205829509043,95.7504853905207,95.9348602294922,560400.0
2016-08-26,96.18070166785324,96.63138072339648,94.28235433635194,95.0334930419922,577100.0
2016-08-29,95.23153906187189,96.21484745874696,95.08130921937637,95.91439819335938,488200.0
2016-08-30,96.07145219731564,96.07145219731564,94.86961346584307,95.90756225585938,556200.0
2016-08-31,95.66176670426492,95.8666265993184,95.05402228135742,95.6890869140625,1144900.0
2016-09-01,95.79148262450214,96.43337190534412,95.27933825186489,96.32411193847656,844400.0
2016-09-02,96.67236843230144,98.09270620051107,96.5426235353008,97.1708526611328,511600.0
2016-09-06,97.23915214030704,97.48498188483656,96.46069301923104,97.47815704345705,582600.0
2016-09-07,97.30058397086115,97.85369810117062,96.84989452408988,97.76492309570312,367800.0
2016-09-08,97.30059294126735,97.53958736475724,96.46066878041286,96.84307861328124,1309100.0
2016-09-09,95.92123050722977,95.92123050722977,92.32939494680828,92.33621978759766,1075500.0
2016-09-12,92.00157662133788,94.83544730630594,92.00157662133788,94.52815246582033,1177900.0
2016-09-13,93.60633710890409,93.99556142108176,92.04941902098496,92.0972137451172,836700.0
2016-09-14,92.2747443820021,92.8278585311069,91.64651532254962,92.04256439208984,408500.0
2016-09-15,91.94694168791442,92.35666117334384,91.39382767630424,92.02205657958984,655700.0
2016-09-16,91.60552746899948,92.1040220236273,90.70415903880868,91.9811019897461,1299200.0
2016-09-19,92.49326335096332,92.83469290221798,92.11768876066265,92.34986877441406,514200.0
2016-09-20,92.84152463146144,93.0258890800143,92.0972003191312,92.4044952392578,487500.0
2016-09-21,92.54109076739869,93.85217930948863,91.07977235302288,93.65414428710938,533400.0
2016-09-22,94.5896458053992,95.29981468744602,94.5486759263815,94.9447250366211,596900.0
2016-09-23,94.67840799001048,95.77781153390704,93.96141428627148,95.38175201416016,671900.0
2016-09-26,94.99932862278264,95.53195774124524,94.82861389456768,94.97884368896484,530900.0
2016-09-27,95.19739959833116,95.25202958240298,94.00922088887856,94.3165054321289,581800.0
2016-09-28,94.46057179640378,95.16038434678885,94.25475381294048,94.94084167480467,698200.0
2016-09-29,94.33021126582734,95.00943145804956,93.52062225341795,93.52062225341795,678900.0
2016-09-30,94.2615977024067,94.61149869409,93.21874136735202,93.50689697265624,840700.0
2016-10-03,92.91001518534117,92.94432167153929,91.249683848276,91.51725769042967,515300.0
2016-10-04,92.2101975029354,92.2101975029354,89.62365399607833,90.17251586914062,724500.0
2016-10-05,90.6116266028136,90.61848371246208,87.92215304111457,88.045654296875,738300.0
2016-10-06,87.28408245646354,88.60822675953597,86.59799472168163,88.42984771728516,1019800.0
2016-10-07,88.5670806504149,89.56877354719644,87.7986655858395,88.52591705322266,752900.0
2016-10-10,88.66998400503999,89.41781713517264,88.08680523376624,88.30635833740234,559600.0
2016-10-11,88.16229483131279,88.50533878007276,87.19490838328075,87.43504333496094,630100.0
2016-10-12,87.51050554694116,88.01820384533853,87.38014718312469,87.94273376464844,790000.0
2016-10-13,87.40757041862298,88.53274854698617,87.40757041862298,88.34064483642578,1101100.0
2016-10-14,87.8741516089633,88.443605900774,86.79013132117724,87.06456756591797,1089400.0
2016-10-17,87.07141036526276,87.75063586183208,86.72836644495413,86.7969741821289,860000.0
2016-10-18,87.24293337820467,87.75749926487703,86.43334950712944,87.25665283203125,849500.0
2016-10-19,87.39386408234158,87.57224838007114,86.85871642358754,87.32525634765625,510300.0
2016-10-20,87.42129875627805,87.75062317531366,86.14517513847035,86.51566314697266,597400.0
2016-10-21,85.86389725475418,86.47451503516041,85.68551294441366,86.36473846435547,669500.0
2016-10-24,86.86558225199224,87.34584164848974,86.19321386246091,86.57056427001953,606500.0
2016-10-25,86.3098430690213,86.56369219243999,85.6717812371719,85.98738098144531,781600.0
2016-10-26,85.43164513326933,85.76096955952896,82.95487314806958,84.31332397460938,1102600.0
2016-10-27,83.5449169614458,83.64097407816108,81.26710546056235,82.17960357666016,1502100.0
2016-10-28,82.50206010967239,82.98231948847042,81.25338049036284,81.60328674316406,1023400.0
2016-10-31,81.83655777372282,82.81766360696056,81.2396646952587,82.65986633300781,881000.0
2016-11-01,82.52265521565354,82.58440585113486,80.10076566517132,80.36833953857422,978400.0
2016-11-02,80.39576348714617,80.9034669611321,78.4129702903287,78.44041442871094,1274100.0
2016-11-03,78.31691983292825,78.8795115938054,78.00132008750295,78.26203155517578,932900.0
2016-11-04,78.5227411191347,79.73025702824256,78.04934412969097,79.64106750488281,1045300.0
2016-11-07,80.91719165676619,81.35628740206367,80.05271961814682,80.96521759033203,1321200.0
2016-11-08,80.82114089202261,81.49350397111536,80.56042419102259,81.01324462890625,887400.0
2016-11-09,79.63420991903867,81.6856109543358,78.59135877689654,80.8211441040039,1052800.0
2016-11-10,81.15045725302977,84.11435608787907,79.7233934939898,83.91539001464844,2173600.0
2016-11-11,83.81247092870312,86.0148116857702,83.79874624424158,84.04573822021484,2278600.0
2016-11-14,84.04577573186845,86.76954579105586,83.99088743839121,86.49510955810547,1613500.0
2016-11-15,86.54997468834515,87.43502855466579,85.25326919998649,85.43164825439453,1682400.0
2016-11-16,85.3493353424505,85.77470648809724,83.66841685593621,84.22415161132812,914900.0
2016-11-17,84.12808793488362,84.83475753149578,83.42827544747978,83.46944427490234,513000.0
2016-11-18,83.49690961985198,84.12125222818577,83.04409425029623,83.12642669677734,1582300.0
2016-11-21,83.2156047417342,84.16240419031436,82.75592708995919,82.96861267089844,873200.0
2016-11-22,83.38711947041836,84.45741486133602,82.61869917970812,84.21728515625,958700.0
2016-11-23,83.75759676624435,84.04575237526674,83.25675038771412,83.99772644042969,446800.0
2016-11-25,84.03204171621088,84.95825926180946,84.03204171621088,84.38194274902344,237300.0
2016-11-28,84.0800424405613,85.33557884455945,84.0800424405613,84.9239273071289,987400.0
2016-11-29,85.13662728868037,86.48822100803675,84.90335996373267,85.9393539428711,1053000.0
2016-11-30,85.43853483049556,85.82960476751468,84.46429116064945,84.9925765991211,1204100.0
2016-12-01,84.50545430265355,84.6975580974122,83.14014070324527,83.55865478515625,1069500.0
2016-12-02,84.22414946412029,85.25328128228352,83.62725112518898,84.46427917480469,762500.0
2016-12-05,84.8141826345347,85.39735626518872,84.27217260021736,85.1572265625,834800.0
2016-12-06,85.41106790815353,87.07826145497425,85.23954595985688,86.46764373779297,786400.0
2016-12-07,86.577439970128,88.53965192326758,86.577439970128,88.39556884765625,770500.0
2016-12-08,88.05935391628195,89.64421471008585,87.03707955071692,88.84835052490234,741600.0
2016-12-09,88.27889602485315,88.97184077750306,87.66141609747372,88.3269271850586,627500.0
2016-12-12,87.83295493528631,88.7660346754396,87.63398886362071,88.74545288085938,628500.0
2016-12-13,89.24630198874999,89.45898753103624,87.34583585767436,88.51905059814453,780700.0
2016-12-14,88.4710197932342,88.4710197932342,85.76783741829674,85.84330749511719,1075700.0
2016-12-15,85.93249191296621,86.45392007604374,83.61351716929205,84.01144409179688,1260000.0
2016-12-16,84.36822189078573,86.0079713973569,84.36822189078573,85.30815887451172,1413600.0
2016-12-19,85.55512705164439,87.17429430907737,85.55512705164439,86.54995727539062,651000.0
2016-12-20,86.63917261059133,87.3595669447874,86.36473642449592,87.33212280273438,578900.0
2016-12-21,87.48992834583994,87.81925284716839,85.43852695200502,85.47969055175781,1083700.0
2016-12-22,85.2120892560504,85.58943958043905,83.90166448618326,85.4384994506836,749700.0
2016-12-23,85.51398703046996,85.51398703046996,84.40252285733995,85.12291717529297,502900.0
2016-12-27,85.17092885807817,85.75410237124704,84.5946176877279,85.24639892578125,467000.0
2016-12-28,85.17738229688315,85.26020944310726,84.03155762270708,84.5285415649414,509900.0
2016-12-29,84.81154637168821,85.7917061980179,83.8451893139985,85.3637466430664,497000.0
2016-12-30,85.46727752818732,87.3033562858664,85.25330040463142,86.82017517089844,792500.0
2017-01-03,88.14548239035679,88.30424321520263,86.9651480302158,87.78655242919922,813900.0
2017-01-04,88.11789100536684,90.84439414317026,87.81417734359574,90.5751953125,1323500.0
2017-01-05,89.87110675203336,91.49320855193538,88.87713888591846,91.0100326538086,1403000.0
2017-01-06,90.8305764287019,91.4656092300106,90.56828691166028,90.80297088623048,757500.0
2017-01-09,90.46473048874442,90.69941443233816,89.70545704786262,89.89872741699219,818800.0
2017-01-10,89.608829372865,89.89182566623471,88.84264658373328,88.89785766601562,675300.0
2017-01-11,88.79431679234638,89.36722915144601,87.48283250911177,87.66230010986328,913500.0
2017-01-12,87.61398053058318,89.12563390142027,87.32407498178948,89.0497055053711,696000.0
2017-01-13,88.98069205702778,89.40864638975687,88.5458284399349,88.69768524169922,513200.0
2017-01-17,88.82883400099682,89.38103958757486,88.70458274110514,89.31890869140625,723300.0
2017-01-18,89.45005335711822,90.05748051929561,88.98758423407676,89.98155212402344,611400.0
2017-01-19,89.96082819643458,90.06436211005821,88.62863215730074,88.66314697265625,844900.0
2017-01-20,88.77358506324681,89.29817441617439,88.47677030719139,89.21534729003906,649400.0
2017-01-23,88.95998607397355,90.3612015945707,88.82192677479597,90.14722442626952,615800.0
2017-01-24,90.34048258704924,91.41036828384615,90.00225420172498,91.2585220336914,693700.0
2017-01-25,91.53462680299783,91.53462680299783,89.69854776382181,89.89872741699219,796700.0
2017-01-26,90.16101612462197,90.76844329806369,89.94703897009911,90.66490936279295,440600.0
2017-01-27,90.82367535623192,90.8996037616471,89.68474927500432,90.25076293945312,537000.0
2017-01-30,90.35429432140717,90.35429432140717,89.21537880496055,89.91944122314453,772700.0
2017-01-31,90.03679031027079,91.36897631607629,90.00917423466264,90.35430145263672,1015900.0
2017-02-01,90.59588774054842,92.7494780444553,89.13255181942668,89.22918701171875,1004900.0
2017-02-02,89.10492554878249,90.5268477294038,89.10492554878249,90.05747985839844,670900.0
2017-02-03,91.44491618937192,92.13517071185424,89.96777193255768,90.23007202148438,626400.0
2017-02-06,90.2645763949592,91.0721728287919,90.06439670846359,90.64421844482422,547800.0
2017-02-07,90.79602922986516,92.01778206445567,89.95392882913744,90.1748046875,582100.0
2017-02-08,90.23695078583324,91.20331322270978,90.17483042035822,90.8167724609375,649400.0
2017-02-09,91.20331406814915,91.44489678027335,90.56828130614436,91.09976959228516,420200.0
2017-02-10,90.98935273209406,92.52861730932212,90.74775944547832,92.49410247802734,561500.0
2017-02-13,92.73565764720712,93.19121742272571,91.9970805843799,93.0186538696289,671400.0
2017-02-14,92.81159298451136,93.90218545323084,91.9142603346988,93.72962188720705,991900.0
2017-02-15,93.39833245682688,94.1990301852997,92.85303604925772,93.86080169677734,1301900.0
2017-02-16,94.02644479865867,95.40005469423384,93.50875405598472,94.45439910888672,891000.0
2017-02-17,94.70288263765867,94.9099610227426,93.68820802994728,94.69598388671876,1399100.0
2017-02-21,94.47509990698757,96.02817203655636,94.45439312118889,95.8280029296875,729600.0
2017-02-22,95.96606885945404,96.0558053022764,94.22662481384916,95.71067810058594,895600.0
2017-02-23,95.92466483510948,96.35261923744964,95.46909435571342,96.06271362304688,681500.0
2017-02-24,96.01437794417402,96.01437794417402,94.654576122064,95.33792114257812,917300.0
2017-02-27,95.55880466879262,96.72533609280408,95.02040717039418,96.55277252197266,721000.0
2017-02-28,96.44234165478076,96.44234165478076,95.65545209235476,95.966064453125,851100.0
2017-03-01,95.9108206581994,96.18692866248642,95.04110414269292,95.14463806152344,876000.0
2017-03-02,94.92377248238344,95.04111444726162,93.38449783925564,93.57086944580078,1161300.0
2017-03-03,93.32238514397456,93.75034999904994,92.59071722498322,93.51565551757812,812300.0
2017-03-06,93.32927863788512,93.6329816504179,92.72875029852044,93.48112487792967,701900.0
2017-03-07,93.4880358029696,93.70201293184026,93.08078832980006,93.639892578125,495300.0
2017-03-08,93.35688795401128,93.35688795401128,92.4388485313096,92.55619049072266,690400.0
2017-03-09,92.76328573167744,93.32929937900268,91.0169429924067,91.13428497314452,945700.0
2017-03-10,91.13425707459086,92.45264506493734,89.56737716214998,90.02984619140625,857000.0
2017-03-13,90.0920234277657,90.8098834984979,89.61574612098121,90.06440734863281,944000.0
2017-03-14,89.96772964938799,90.23002961503856,89.2705767010112,89.68472290039062,593600.0
2017-03-15,89.98844739504123,92.16275470331736,89.60190668222178,91.7969207763672,954200.0
2017-03-16,91.65195956496134,92.2593866825844,91.24471208039324,91.43108367919922,517800.0
2017-03-17,91.60366314741786,92.40435022131553,91.2516266738388,91.93498229980467,899900.0
2017-03-20,91.92808070521616,92.45957956987276,91.3620775447267,91.87976837158205,501900.0
2017-03-21,92.3008030853684,92.54929504725396,91.12046363330089,91.54151916503906,869400.0
2017-03-22,91.83832480632498,92.07990746051505,90.29906086611462,91.27922058105467,561100.0
2017-03-23,91.15498752478766,92.94965304282375,91.14117948874092,92.39054870605467,984600.0
2017-03-24,92.36290931015606,92.7356524621727,91.12735897334002,91.4448699951172,879200.0
2017-03-27,91.23782715422614,91.71410440474344,90.31979801425292,90.64421844482422,634700.0
2017-03-28,90.6649252355035,91.05146603811262,89.31202189392461,90.64421844482422,701500.0
2017-03-29,90.73444360304524,91.10932788773104,90.33874418359235,91.03990173339844,1071700.0
2017-03-30,90.82468981207944,91.33841578039863,90.28319973952772,91.20651245117188,664900.0
2017-03-31,91.04684682409214,92.02569847045064,90.42899213957868,91.92156982421876,887500.0
2017-04-03,91.98405762297624,92.60885075833129,91.62306061948762,92.34505462646484,632200.0
2017-04-04,92.29643056250988,93.28222044898858,91.4217182783524,92.92123413085938,1087600.0
2017-04-05,92.94900631632952,93.68487695803664,92.85181605408414,93.14338684082033,582200.0
2017-04-06,92.9976136076991,93.52521641412226,92.60884193707976,93.41413879394533,687000.0
2017-04-07,93.3308383111632,94.43464438399994,93.17117084858216,93.49744415283205,752300.0
2017-04-10,93.372512192971,94.46244176935517,93.1156543967559,94.17086029052734,699900.0
2017-04-11,94.19861123480918,95.0386105908676,93.9348045314462,94.99002075195312,637700.0
2017-04-12,94.76091759181249,95.35100812901234,94.517936642861,94.82339477539062,1047800.0
2017-04-13,94.77480081128326,94.92058089994616,93.76123619687158,94.08058166503906,640300.0
2017-04-17,94.53183276857854,95.03167146949586,93.97645525723208,95.01778411865234,444200.0
2017-04-18,94.7886890534929,95.19828645004785,93.9139766366899,94.23332214355467,501100.0
2017-04-19,94.1847250285515,94.40688027470352,93.2058733369664,93.49744415283205,680600.0
2017-04-20,93.6987667650986,93.6987667650986,92.38669289390356,93.46967315673828,546900.0
2017-04-21,93.46272156656468,93.73346659400168,93.14337611712833,93.26834106445312,416800.0
2017-04-24,93.40718862193113,93.76123657448188,91.55362476514736,92.18535614013672,579100.0
2017-04-25,92.37974649785669,93.06007829237193,91.85213316938312,93.0045394897461,641300.0
2017-04-26,92.01181543947663,92.6782705854816,88.32551818506086,88.40882110595703,1192800.0
2017-04-27,88.4087835961215,88.77671879789999,87.27026492415887,87.46464538574219,946800.0
2017-04-28,87.22864692913134,87.95063556076556,87.16616444453766,87.88815307617188,805400.0
2017-05-01,88.06169606966904,88.38797991001435,87.45078513861021,88.14500427246094,591100.0
2017-05-02,88.07559296709556,88.29774290215333,87.4646766733325,88.06864929199219,531800.0
2017-05-03,88.38102138987102,88.40879078613709,86.29836433815298,86.631591796875,670400.0
2017-05-04,86.43029406964709,86.43029406964709,85.0002041517996,85.64582824707031,1009300.0
2017-05-05,85.93045521362568,86.12483575007359,85.48615533132408,86.01376342773438,727100.0
2017-05-08,86.27756718446966,86.56219961809511,85.04880144751756,85.77079010009766,754300.0
2017-05-09,85.70134015474429,85.81936141932083,84.99323904964032,85.47225189208984,432200.0
2017-05-10,85.22930009653918,85.8055033797021,84.77111811826383,85.4028549194336,857900.0
2017-05-11,84.7849918309868,84.88912577377145,83.77837607583719,84.1671371459961,887900.0
2017-05-12,84.1810198614372,84.36151303608874,83.73672000672686,83.95886993408203,703300.0
2017-05-15,83.92415945036335,84.50730633799095,83.34101785920795,83.67424011230469,625800.0
2017-05-16,84.02133881215055,84.13241641308312,83.26464251756563,83.92414855957031,754500.0
2017-05-17,83.80615882530921,84.38930052340477,83.4451618057016,83.61177825927734,754600.0
2017-05-18,83.77141733636148,85.09737835666851,83.01472106137935,83.49372863769531,948100.0
2017-05-19,83.46597903384205,84.70862677500143,82.98696607784355,84.0074691772461,665000.0
2017-05-22,83.9866468908024,84.61838365184516,83.86862559341137,84.02135467529297,918400.0
2017-05-23,84.25740056865568,85.50699216370968,83.96582442965067,84.58367919921875,867800.0
2017-05-24,84.63225395798872,84.9238247120557,84.29902645586112,84.60448455810547,606100.0
2017-05-25,84.79193055727728,85.18069160474582,84.46564669394961,84.69474029541016,503800.0
2017-05-26,84.47952938976206,84.69473562968786,83.82001802459867,84.24349212646484,400800.0
2017-05-30,84.2087844660818,84.56283241682017,83.87555694580078,83.87555694580078,417700.0
2017-05-31,84.07690896374092,84.5003832063789,83.84781529874525,84.22269439697266,833600.0
2017-06-01,83.94496847195283,84.75026513352796,83.66727978532448,84.52117156982422,617100.0
2017-06-02,85.04185426833945,85.27094788160343,84.56978498788895,84.94466400146484,598700.0
2017-06-05,84.86134338378906,85.14597576408123,84.18101161511527,84.86134338378906,412700.0
2017-06-06,84.81969346767725,84.81969346767725,83.45902460921715,83.95191955566406,514400.0
2017-06-07,84.06996263637066,84.61839656112645,84.06996263637066,84.50732421875,714300.0
2017-06-08,84.50730739179193,85.1182183944021,83.91027844303713,85.11127471923828,489800.0
2017-06-09,84.93771488428244,87.2633480580161,84.75027803773979,86.94400787353516,889500.0
2017-06-12,86.90237452072078,88.26304374970199,86.84683570407508,88.24221801757812,811200.0
2017-06-13,87.8326180296881,88.7489872366988,87.0967473124368,88.04088592529297,657900.0
2017-06-14,88.37411552084166,88.70733780566596,87.49245407861221,87.90204620361328,550100.0
2017-06-15,87.40219369503443,88.575420479092,87.40219369503443,88.36021423339844,599300.0
2017-06-16,88.54071396580184,88.88781825585264,87.22169647772097,87.55492401123047,934000.0
2017-06-19,87.47163081564733,87.66601137002422,86.58303096908276,87.3536148071289,528800.0
2017-06-20,87.26331873107063,87.73538782262528,86.32612422038027,87.44381713867188,482500.0
2017-06-21,87.45770836571135,87.77010478431852,86.33307172507877,86.86067962646484,409500.0
2017-06-22,86.69408257201096,87.36747597185175,86.22201335434217,86.66631317138672,530600.0
2017-06-23,86.64550284919667,87.65212393901753,86.60385138909116,87.17311096191406,776900.0
2017-06-26,87.54798872118687,87.82567747629444,87.04815002128773,87.28418731689453,612400.0
2017-06-27,87.06895920149323,87.38136097778698,85.8332500374368,85.90961456298828,834000.0
2017-06-28,86.40552660000301,86.51728151702513,85.76295181342915,86.18202209472656,560300.0
2017-06-29,85.84675961238136,86.46838162346157,85.44863675596989,86.03533935546875,643700.0
2017-06-30,86.2588586904245,86.62205154025251,85.65120327360101,85.92359924316406,580200.0
2017-07-03,86.32868942725747,87.36240101082817,86.20995383412432,87.27159881591797,298200.0
2017-07-05,87.32748453514303,87.36938996521098,85.63723135801,85.90264129638672,649000.0
2017-07-06,85.56738131685036,85.83279123698418,83.75838733091929,83.7933120727539,626800.0
2017-07-07,83.79331785404814,84.3800151902232,83.53488860143705,83.90506744384766,472700.0
2017-07-10,83.91207396255638,84.51274347471121,82.21483435565727,82.4034194946289,805000.0
2017-07-11,82.32656563508111,82.5430841195097,81.55826392497791,82.20782470703125,692300.0
2017-07-12,82.45926830536868,83.49297994712663,82.45926830536868,83.2904281616211,512800.0
2017-07-13,83.52791084118114,84.51971719079059,83.2974256242028,84.07270812988281,607300.0
2017-07-14,84.40793421942618,85.47656506716548,84.31713736585768,85.00161743164062,502100.0
2017-07-17,84.99465657363316,85.49754304958442,84.54066154235673,84.90385437011719,655700.0
2017-07-18,84.84797340598105,85.16227475634437,83.03199346993925,83.21359252929688,832100.0
2017-07-19,83.18567576029646,84.25430702812888,83.02503470015844,84.06572723388672,765600.0
2017-07-20,84.02380618969518,84.21937196332921,82.94120309151985,82.98310852050781,510700.0
2017-07-21,82.83642420724559,83.31137188401887,82.6129197316327,83.05294799804688,401900.0
2017-07-24,83.1786901328645,83.49299689642686,82.68278958993051,83.12281799316406,490200.0
2017-07-25,83.46505158940819,83.46505158940819,82.64786366028238,83.30440521240234,514200.0
2017-07-26,83.36726979082559,84.11461356410281,82.95518014884502,84.07270812988281,410200.0
2017-07-27,83.91904322204547,84.82702799651315,82.9202562399934,84.6594009399414,595200.0
2017-07-28,84.68034235894513,85.53245488672293,84.3101635493817,85.44165802001953,701300.0
2017-07-31,85.43466675000082,85.74896808590259,83.75838052473496,84.4498519897461,1046700.0
2017-08-01,84.66635879809378,85.65117342280553,84.41491563247243,85.12035369873047,595100.0
2017-08-02,85.9026318701729,87.30652223984443,84.60351039294264,85.0924301147461,886600.0
2017-08-03,85.10640362629638,86.48235537954213,85.10640362629638,86.40552520751953,694100.0
2017-08-04,86.3985586693983,87.09701106067483,86.14013469503806,86.76175689697266,765400.0
2017-08-07,86.75474782049791,86.75474782049791,85.5673812024524,85.7350082397461,422300.0
2017-08-08,85.56738958718395,86.23790313082971,85.30896032742517,85.8816909790039,662700.0
2017-08-09,85.76992911079458,85.76992911079458,84.80606170012774,84.98067474365234,503700.0
2017-08-10,84.64542944485956,84.84099522124511,84.142542974858,84.70130157470703,555200.0
2017-08-11,84.47780016950036,84.8619510506194,83.12978707134803,83.84919738769531,564800.0
2017-08-14,84.1146084184333,85.762956227982,84.1146084184333,85.56739044189453,670200.0
2017-08-15,85.45561242187954,85.6861028912283,84.12157169662746,85.51148986816406,749900.0
2017-08-16,85.54643868525945,85.98646170889002,84.85496708256672,85.23213195800781,668400.0
2017-08-17,84.70827916697931,85.12734940739135,84.24031748733199,84.55461883544922,744700.0
2017-08-18,84.32414952505464,84.3381162265625,82.62691020274823,83.69554138183594,866200.0
2017-08-21,83.7723547900818,85.04353752352503,83.37423726721131,84.35206604003906,474900.0
2017-08-22,84.35205134518061,84.48475893927434,83.36025071765435,83.54883575439453,631300.0
2017-08-23,83.48600271622671,84.96672351324065,83.36028108885036,84.54765319824219,433600.0
2017-08-24,84.69431582591118,85.42768744351588,83.65361820429473,83.73743438720703,1021800.0
2017-08-25,84.07967001390766,85.21815045746027,83.50693944964968,84.83399963378906,526000.0
2017-08-28,85.07147164742817,85.37878696136265,83.33930801870272,83.9888687133789,630200.0
2017-08-29,83.96792857625198,84.20539977843386,83.03898582444428,83.46504211425781,482700.0
2017-08-30,83.27646220283317,84.14952749531592,82.57102395445216,83.94697570800781,409900.0
2017-08-31,84.13554689645277,84.70129144314902,83.84918428064658,84.23332977294922,829200.0
2017-09-01,84.46384548450496,85.24611405881073,84.07271386173643,84.72227478027344,513800.0
2017-09-05,84.72226900413447,85.19721679744502,83.59776033657225,84.07270812988281,531100.0
2017-09-06,84.47081505493634,85.13434254706284,84.25429123839916,84.46382904052734,410900.0
2017-09-07,84.63144571198103,84.84796950197962,83.66758366361749,84.4498519897461,485300.0
2017-09-08,84.24733597283324,84.46385452593321,83.77936878404886,83.93302917480469,444100.0
2017-09-11,84.39396631464822,84.77113107823578,83.99584884121133,84.31015014648438,555200.0
2017-09-12,84.3031750607413,84.92479706775477,83.61170890225489,83.95394897460938,414100.0
2017-09-13,83.81426227424011,84.07967218641897,83.35328127392349,83.78632354736328,518600.0
2017-09-14,83.76537169162667,85.46959674718227,83.5348811891096,85.44165802001953,510200.0
2017-09-15,85.68613587687346,85.68613587687346,84.24033970248014,85.49057006835938,832700.0
2017-09-18,85.32293032666651,85.72104790025654,84.58256731021808,84.9876708984375,813600.0
2017-09-19,84.9248078411506,84.95274657103747,83.44409245852154,83.56282806396484,813200.0
2017-09-20,83.82821424676833,84.40094472521048,83.73741739694486,84.35903930664062,630800.0
2017-09-21,84.27525361483131,86.39156314431678,84.27525361483131,85.7978744506836,1011400.0
2017-09-22,85.679137141248,86.43346685818739,84.97370419794656,84.9876708984375,466700.0
2017-09-25,84.7501877303573,86.24488034682261,84.61049942130357,85.65119171142578,459700.0
2017-09-26,85.69309882261987,86.69188564330095,85.56039120452573,86.43345642089844,612900.0
2017-09-27,86.25885277187979,86.47537126391526,85.56040052271477,85.78390502929688,458600.0
2017-09-28,85.84716444800237,86.38827468425096,85.67850211645016,86.27583312988281,537500.0
2017-09-29,86.01580502069949,86.68340919759146,85.93850280718475,86.35311889648438,705900.0
2017-10-02,86.38826755913131,86.6553081864681,85.57308244172219,85.6855239868164,662000.0
2017-10-03,85.55200607454944,86.15636601156245,84.83520994727098,85.98770904541016,849400.0
2017-10-04,85.60823378234456,87.06291296677918,85.60823378234456,86.92938995361328,831300.0
2017-10-05,87.05587887999548,88.57380769302466,87.05587887999548,87.88511657714844,737500.0
2017-10-06,87.80780172765736,89.20626520943784,87.43534851545218,89.19220733642578,1226000.0
2017-10-09,88.98843006277566,89.44521452602267,88.82680201919379,89.36791229248047,738700.0
2017-10-10,89.29760599424623,89.93710507874708,88.90407139548066,89.31868743896484,474200.0
2017-10-11,89.24843070466154,90.46417404173738,89.24843070466154,90.14794158935548,602500.0
2017-10-12,90.02145051723346,90.28848576708695,89.42411422729492,89.951171875,542400.0
2017-10-13,90.16197967020948,90.64687432815715,89.38895764695769,90.15494537353516,502700.0
2017-10-16,90.16901874925544,90.45714616410572,89.78953660754183,90.2182159423828,409100.0
2017-10-17,90.06361054917815,90.46416877272756,89.90197718329213,89.99333190917969,506800.0
2017-10-18,90.03548585032085,90.40793901464096,89.00948643567021,89.01651000976562,497200.0
2017-10-19,88.93922691875696,88.96030836858819,86.76072286489895,86.88018798828125,909400.0
2017-10-20,87.04884819042694,87.09101108906276,85.72768684375276,86.38826751708984,687700.0
2017-10-23,86.66232775054333,86.91531583813568,85.97363676509585,86.35311889648438,413300.0
2017-10-24,86.15636320132057,86.46557209710426,85.29199158666434,85.3271255493164,452200.0
2017-10-25,85.36227500022216,85.86122236574116,84.50492685948205,85.37632751464844,563900.0
2017-10-26,85.9103835978836,85.9103835978836,84.61030933557487,85.22872161865234,409600.0
2017-10-27,85.09519162360606,85.62224914815678,84.72273849743124,85.1935806274414,452100.0
2017-10-30,85.09522010931504,85.6011963601008,84.5470809581332,84.89845275878906,393000.0
2017-10-31,84.68060428859107,85.39740040566325,84.27301171147738,85.1584701538086,577400.0
2017-11-01,85.20062328099957,86.25473856616398,85.08818710523265,85.72065734863281,614900.0
2017-11-02,85.73472289363423,86.92236134448284,85.34118817636254,86.27583312988281,682600.0
2017-11-03,85.78390385254181,85.82606674932775,84.14651011492295,84.80709075927734,1067600.0
2017-11-06,85.0038543253094,86.99261974534991,85.0038543253094,86.73963165283203,639900.0
2017-11-07,86.8028927291765,87.57591502839841,86.48666023331918,87.27373504638672,563200.0
2017-11-08,87.19641698075813,88.01862560987298,87.07695186948659,87.66022491455078,620900.0
2017-11-09,87.5758984336326,88.63703727692824,87.21046880478963,88.5527114868164,752400.0
2017-11-10,87.913211838853,89.0024664216038,87.90618290254608,88.44026947021484,566900.0
2017-11-13,88.67919764729385,88.80569168272005,88.0467274701628,88.4964828491211,386700.0
2017-11-14,88.34892757236402,88.83382237930518,87.26670176878287,87.68834686279297,542700.0
2017-11-15,87.73752376778391,87.8569888744768,87.09802997903984,87.24560546875,409300.0
2017-11-16,87.0629043853321,88.36297897617008,87.02776506064397,87.96944427490234,604200.0
2017-11-17,87.53373633432992,88.18728806120603,87.51968382215864,87.87105560302734,360000.0
2017-11-20,88.01862201264984,88.11700567220646,87.43534362991603,87.54075622558594,473500.0
2017-11-21,87.92725933214831,88.14510807837965,87.44236465285212,87.98347473144531,480400.0
2017-11-22,87.6180711788158,88.2575650589224,87.5407689548512,87.84294891357422,351400.0
2017-11-24,88.13106918430486,88.36999941237328,87.84294176180246,87.95538330078125,134900.0
2017-11-27,88.18727945526018,88.56676158494675,87.82185519788091,88.00457000732422,351500.0
2017-11-28,88.15918044554587,88.32081382888789,87.24561700348544,87.6250991821289,400700.0
2017-11-29,87.65321977563192,88.12405674485558,87.26670861492076,87.87809753417969,534300.0
2017-11-30,88.18025636107265,88.73541900556638,87.56183865235879,88.10997772216797,1001400.0
2017-12-01,88.4965228560229,89.33981323242188,88.08190124521165,89.33981323242188,780800.0
2017-12-04,89.30465622255781,90.17606212974626,89.14302283866554,89.83873748779297,1802200.0
2017-12-05,90.084697174311,90.31660383201717,88.13107096783376,88.18728637695312,549100.0
2017-12-06,88.42621635343153,88.64406512388653,87.47751369577988,88.13106536865234,1411500.0
2017-12-07,87.86402104760059,88.1099802061789,86.99964952438141,87.10505676269531,836700.0
2017-12-08,87.4002381023098,87.86404616801671,86.64127360041583,87.60403442382812,518500.0
2017-12-11,87.46347598346148,87.95539976632193,87.32995297130513,87.87809753417969,511300.0
2017-12-12,88.25754351136328,88.9181240415991,87.63913123213635,88.67216491699219,499300.0
2017-12-13,88.80570983886719,89.27654675974031,88.41216978068995,88.80570983886719,761200.0
2017-12-14,88.81272530656713,89.34681189007998,88.44027209386351,89.04463195800781,608300.0
2017-12-15,89.43113988278826,91.20205115504312,89.31166941227907,90.9420394897461,2158100.0
2017-12-18,90.97013866071303,92.7621366265098,90.97013866071303,92.03128814697266,1882500.0
2017-12-19,91.9750839379418,91.9750839379418,90.18308564960562,90.5414810180664,925100.0
2017-12-20,90.45714531358072,90.53444752847189,89.73332035733388,89.84575653076172,1903200.0
2017-12-21,89.84574678745335,90.2463103295833,89.04461970319345,89.20625305175781,702500.0
2017-12-22,89.45924544332932,89.78250679458644,89.08678690236303,89.48735046386719,382100.0
2017-12-26,89.73333518202125,90.3658001552447,89.20627746332946,90.2955322265625,330900.0
2017-12-27,90.61878703812178,90.89285661913723,89.95118274826531,90.71717071533205,544500.0
2017-12-28,90.5545142961769,91.13436254215208,90.2787357081814,91.10607147216795,457100.0
2017-12-29,91.28994138327565,92.22334179057572,91.24043740014488,91.94756317138672,650600.0
2018-01-02,92.2021234312248,92.2021234312248,91.1414348370517,91.4172134399414,690000.0
2018-01-03,91.6222967524709,91.78493266826317,91.0283028693501,91.46672821044922,570600.0
2018-01-04,91.2192179303796,91.2192179303796,89.4231179531947,89.43726348876953,2079000.0
2018-01-05,89.68475494995559,90.4908778264648,89.46554231164798,90.41309356689452,860900.0
2018-01-08,90.18681939990807,90.51209659967016,88.97056223865938,89.6211166381836,724300.0
2018-01-09,89.13319386585884,89.38068677415953,88.54627825835951,88.6735610961914,598900.0
2018-01-10,88.37657176836487,88.37657176836487,87.41488039120516,88.14321899414062,582600.0
2018-01-11,88.32708660678517,88.49679528885325,87.49267794378302,87.58460235595703,447800.0
2018-01-12,87.67652683367993,87.87452119539766,86.43198930432797,86.50270080566406,636800.0
2018-01-16,86.79260709092513,88.0654355115927,85.87334691594607,85.95819854736328,825900.0
2018-01-17,86.50269183720158,86.69361341050873,85.46321615101294,86.6229019165039,844400.0
2018-01-18,86.31884038947939,86.4885490594911,85.33593602512701,85.68949890136719,1080900.0
2018-01-19,86.02891656290666,86.48854395895998,85.4844267444401,86.23397827148438,1061300.0
2018-01-22,86.23397333304973,87.45730311641344,86.05719191547895,87.30880737304688,1067100.0
2018-01-23,87.41489702494681,87.88867003614243,87.17447143743706,87.7896728515625,1083200.0
2018-01-24,87.7401369313574,88.12905273533586,86.89865582548349,87.14614868164062,603800.0
2018-01-25,87.06132780383007,87.41489069313177,85.91578210031359,86.75019073486328,846400.0
2018-01-26,87.12495462476251,87.41487874393059,86.15619049832236,86.95524597167969,559200.0
2018-01-29,86.5309869351457,86.71483576058719,85.70364564089198,85.80264282226562,604200.0
2018-01-30,85.48442188804482,86.08547762907234,84.40252047520714,84.4449462890625,1106800.0
2018-01-31,84.8338819382526,88.65236228543576,84.8338819382526,87.47853088378906,2001100.0
2018-02-01,87.39365121246463,87.59871828596467,84.23987165144997,84.28230285644531,1020500.0
2018-02-02,83.5044898952118,84.56517868111388,82.97414550226077,84.38839721679688,978000.0
2018-02-05,83.79440699675469,85.36422713026431,81.03661530774657,81.13561248779297,1051900.0
2018-02-06,79.86984084070131,81.78615611969143,79.10614923090867,81.54573059082031,1732000.0
2018-02-07,81.29116966498762,82.71249382978023,81.29116966498762,81.55987548828125,928000.0
2018-02-08,81.31239222785383,82.3589407598409,79.23344609564008,79.26172637939453,1134900.0
2018-02-09,79.9759300825084,82.29530193558391,79.07080988569278,81.56696319580078,941500.0
2018-02-12,81.73666145533257,81.89930274882579,78.89401836271243,81.41845703125,829200.0
2018-02-13,81.3618714222483,82.50034409240855,80.64767843644961,82.16092681884766,736600.0
2018-02-14,81.79324064484054,81.79324064484054,80.13149608054954,81.64474487304688,1006300.0
2018-02-15,82.38722193503133,83.79440065485419,82.3306505807316,83.01656341552734,1062300.0
2018-02-16,83.05191777240745,84.98944622559668,83.05191777240745,84.60052490234375,911600.0
2018-02-20,84.49444042722538,85.68241170717496,84.21866186178534,84.4237289428711,934200.0
2018-02-21,84.14797983047531,84.55811413619992,81.9205322265625,81.9205322265625,1040700.0
2018-02-22,82.37307441692853,84.79851587602059,82.21750589381818,83.77318572998047,897800.0
2018-02-23,83.87219069344306,85.5551481376834,83.68833647677997,85.54100799560547,652300.0
2018-02-26,85.85213183275866,86.20569467454759,84.76315763265586,85.86627197265625,687700.0
2018-02-27,86.20569339257952,86.43197339216178,84.28937807103321,84.50859069824219,979300.0
2018-02-28,84.84093249751982,85.35713116822139,84.03480434413422,84.05602264404297,1065000.0
2018-03-01,83.34890202400709,84.6429378589481,82.79027211501547,83.44082641601562,962700.0
2018-03-02,83.44086051718097,84.25405642324372,82.84687732002101,84.0984878540039,639900.0
2018-03-05,84.33887699290082,86.13497685712404,84.09138408531786,85.8167724609375,503100.0
2018-03-06,85.63291645337947,86.44611204237769,85.0742865338927,86.34004211425781,495400.0
2018-03-07,86.05720633018178,86.87040206620694,85.64000470440443,86.79261779785156,655800.0
2018-03-08,87.04717826561861,87.21688693409845,85.88749247361395,86.4885482788086,522600.0
2018-03-09,86.58755281060003,87.51389128527586,85.87335963070115,87.4148941040039,674900.0
2018-03-12,87.18859725805285,89.04126306045869,87.18859725805285,88.78669738769531,886400.0
2018-03-13,88.96350860208008,89.37364292278242,88.1998167229443,88.57459259033203,718200.0
2018-03-14,88.85743397969293,88.92107271452882,87.89574242370982,88.80792999267578,560000.0
2018-03-15,88.98470622096966,89.18270597257876,88.15030297356846,89.03421020507812,682300.0
2018-03-16,88.89277812549132,90.02417825592644,88.25636386620239,89.9181137084961,887100.0
2018-03-19,90.01710867684349,90.10196031270846,88.7937787753581,89.29583740234375,441100.0
2018-03-20,89.47261523662307,90.18681371441444,88.65941959101204,88.86448669433594,679000.0
2018-03-21,88.751344417176,89.11904739207093,87.33002030885336,87.93107604980469,766300.0
2018-03-22,87.6765415092297,88.82916021420927,86.60171248216474,86.67949676513672,660000.0
2018-03-23,86.30469288275724,86.71482168403905,83.39840585649708,83.7448959350586,1198400.0
2018-03-26,84.69951658636788,84.95408227327992,83.9428922933074,84.7631607055664,821100.0
2018-03-27,84.83387688524826,86.98353980743538,83.95704246795526,85.47029113769531,677700.0
2018-03-28,86.02551148516676,88.11831427360677,85.28520025775339,87.8406982421875,759900.0
2018-03-29,88.12543702059503,88.60236658429318,87.08615005338261,87.71257019042969,640400.0
2018-04-02,87.86917963324237,88.07561305868217,85.64112587545564,86.4597396850586,750400.0
2018-04-03,86.45972668563947,87.54172203347886,85.56281048983047,86.9793701171875,863800.0
2018-04-04,86.12517748523393,87.82646788326204,86.12517748523393,87.4990234375,871100.0
2018-04-05,87.59869088948258,87.68411331522839,86.4455180117941,87.03633880615234,578100.0
2018-04-06,87.00786472985531,87.54885710022378,85.62689880200082,86.10382843017578,597900.0
2018-04-09,86.2461858714579,86.46685363515934,85.44180647055846,85.50587463378906,661800.0
2018-04-10,85.95433003172246,86.83700651719721,85.5058746127629,86.4526138305664,712400.0
2018-04-11,86.19635170567193,86.95090272356707,86.04686656659764,86.09669494628906,611400.0
2018-04-12,86.43127950773875,86.43127950773875,84.20323082096307,84.5876235961914,952300.0
2018-04-13,84.60896240858912,85.39910206391879,84.2388040566202,85.34927368164062,544200.0
2018-04-16,85.67673538523347,86.28179598656138,84.97201799925804,85.7906265258789,539400.0
2018-04-17,86.26041361849684,87.19291841267855,85.54857657111889,86.57362365722656,740200.0
2018-04-18,86.8939488052247,87.05767371693422,85.81195887471824,86.01838684082031,431300.0
2018-04-19,85.81907995762955,85.94721085423787,84.16050362433207,84.95063781738281,637200.0
2018-04-20,85.33504427226555,85.39911244634736,84.21034558826764,84.53067016601562,520600.0
2018-04-23,84.60896194232141,84.7584470883321,83.69069139035317,84.3954086303711,506600.0
2018-04-24,84.48084460644849,84.80116919492228,83.66935058015352,84.31000518798828,943900.0
2018-04-25,84.45950174256215,84.75847212288846,82.87922197385461,84.22459411621094,1410300.0
2018-04-26,84.35981214625522,85.94720576089625,84.28150963458566,85.8261947631836,903300.0
2018-04-27,85.5984196280494,87.64850872098663,85.5984196280494,87.16445922851562,606100.0
2018-04-30,87.31395268000902,87.76240815637605,86.36008801754853,86.42415618896484,635600.0
2018-05-01,86.63059242784726,87.5275088966983,86.03265173587144,87.32107543945312,673700.0
2018-05-02,86.72312438453889,87.12175146488902,84.48083619579612,85.9970474243164,884200.0
2018-05-03,85.73367762614748,87.07904955491811,85.67672934439632,86.71601104736328,537900.0
2018-05-04,86.56651543176059,88.61660444935914,86.55227564759811,88.29627990722656,563400.0
2018-05-07,88.65218112157493,88.9084428774618,88.10406358725041,88.37456512451172,451700.0
2018-05-08,88.2678199065121,88.2678199065121,86.76584285911579,87.39225769042969,1057600.0
2018-05-09,87.29970443046088,88.55253928902717,87.10039090473389,88.44576263427734,485300.0
2018-05-10,88.73763793081801,89.10779092682417,88.13969179156199,88.88712310791016,499600.0
2018-05-11,89.05793537667535,89.19318615651403,88.26067591108352,88.53829193115234,539700.0
2018-05-14,88.27493282120459,88.50983497007267,87.04345207382094,87.1573486328125,536000.0
2018-05-15,86.55226592183261,86.86547596757535,84.49505724331868,84.70861053466797,1095200.0
2018-05-16,84.9933567904687,85.34215547329705,83.04292452024791,83.37036895751953,1091100.0
2018-05-17,83.17105170666852,83.92560279416217,83.0571605843913,83.4557876586914,767800.0
2018-05-18,83.44156423090588,83.90425953466803,82.88633203874623,83.3490219116211,1877300.0
2018-05-21,83.81171952715869,84.55203094742063,82.57312418503169,84.13204956054688,777400.0
2018-05-22,84.26017590327032,85.0859042761327,83.74053232940905,84.87947082519531,753200.0
2018-05-23,84.8794880953111,86.07537511693117,84.62322620275764,85.39913177490234,735100.0
2018-05-24,85.56282254381938,85.66959920160586,84.552015102665,85.05741882324219,787900.0
2018-05-25,85.16421036878774,85.40623786413893,84.97201669588335,85.12861633300781,605300.0
2018-05-29,84.801148117945,85.40621397161115,84.31709869354358,84.99334716796875,704400.0
2018-05-30,85.05741877129282,87.21428444753955,84.76556836646685,86.9366683959961,598700.0
2018-05-31,86.25331106438301,87.05057067281521,86.2106025708393,86.68041229248047,1007600.0
2018-06-01,86.92956123607992,87.31395397763009,86.42415747336216,86.48822021484375,581900.0
2018-06-04,86.83702677059375,87.97596531279557,86.545176314883,87.96173095703125,564800.0
2018-06-05,88.13255893351298,88.36034661236705,86.89396376917432,86.92955780029297,652000.0
2018-06-06,86.92955975638512,87.57020888384355,86.58075562241079,87.27835845947266,442200.0
2018-06-07,87.3851179493382,87.62002004882389,86.26041410472872,87.11461639404297,653700.0
2018-06-08,87.32105808325863,87.42071484544654,86.90819125083095,87.30682373046875,502900.0
2018-06-11,87.49190306465145,87.5986742879896,86.85124857019137,87.0647964477539,395200.0
2018-06-12,86.8797246922685,87.4491911430028,86.40278968328448,86.89395904541016,612800.0
2018-06-13,87.04345228154581,87.28547975453702,85.21403088775125,85.2780990600586,646600.0
2018-06-14,85.48453766963834,85.9614727820844,85.03608213142643,85.33505249023438,590200.0
2018-06-15,85.61977462558052,86.21772067723884,85.25673614531964,85.47740936279297,1132400.0
2018-06-18,85.21406023415929,85.52727044911144,83.9825844906224,84.61611938476562,986400.0
2018-06-19,84.45236806413251,85.10725700868588,84.35983117986531,84.5520248413086,731300.0
2018-06-20,84.65877791312309,86.36718786560921,84.4808186562159,86.29600524902344,613400.0
2018-06-21,86.62347912567958,87.18583122069577,85.97570460314246,87.10752868652344,1214200.0
2018-06-22,88.10409764525812,89.61319463208059,87.12888404865198,89.4067611694336,1479500.0
2018-06-25,89.32846521910389,89.52066433992721,88.00444734789735,89.10067749023438,731800.0
2018-06-26,89.27148413455848,89.30707272736588,88.33897393648233,88.67353820800781,925400.0
2018-06-27,88.81592488491233,89.30709428985877,88.14680161119234,88.43865203857422,510600.0
2018-06-28,88.63210712761537,89.77842704687662,88.48165315065776,89.51334381103516,541000.0
2018-06-29,89.25540011531882,90.40888579962402,88.5246175810458,89.85721588134766,818200.0
2018-07-02,89.7425898170793,89.95036111489905,88.30968883852948,89.33421325683594,688900.0
2018-07-03,89.26255455050146,90.33006960406485,88.83268539486554,89.2553939819336,397200.0
2018-07-05,89.31988987713018,90.39456571561166,89.04047459641171,90.32292175292967,719800.0
2018-07-06,90.48770141601562,90.92473666351646,90.1581293719301,90.48770141601562,478000.0
2018-07-09,90.5378673959012,90.78862402128712,89.61364543426352,90.30143737792967,574500.0
2018-07-10,90.2727671350535,90.6238263656308,89.91454186864456,90.16529846191406,555400.0
2018-07-11,90.12947184599054,90.55934103731866,89.90020791287665,90.22977447509766,439400.0
2018-07-12,90.40171792491417,91.04652442259776,89.92169743567092,90.9605484008789,538500.0
2018-07-13,91.16833165179447,91.7988116283088,90.8960824130803,91.2184829711914,625700.0
2018-07-16,90.85310324071015,91.25431931309534,90.15098467968409,90.93907928466795,677500.0
2018-07-17,91.05368183843244,91.14682389192326,89.72824964614284,90.03632354736328,686500.0
2018-07-18,89.87872877467001,90.57368675591766,89.32706419816049,89.6781234741211,469700.0
2018-07-19,89.61361360745913,91.29010484983884,89.39867630998774,90.84590911865234,509500.0
2018-07-20,90.52351592230126,90.67396986528902,89.59213358960322,89.69243621826172,379200.0
2018-07-23,89.54197853616408,89.59929041723048,88.35983421510065,88.99747467041016,364100.0
2018-07-24,89.00464111243146,89.74258419558636,88.33117594555232,89.32704162597656,537800.0
2018-07-25,89.52050769930482,89.9073917112838,89.1121310421189,89.46319580078125,467700.0
2018-07-26,89.70677021745244,90.20828886817024,89.11928100141667,89.21241760253906,622400.0
2018-07-27,89.52767561136301,89.74977357126565,87.82968554535316,88.0302963256836,442900.0
2018-07-30,87.85831805290509,88.12340669122965,87.23500965021161,87.45710754394531,482200.0
2018-07-31,88.06609134410772,90.12230618142772,87.3997921816794,89.93602752685547,1031800.0
2018-08-01,87.65772051649152,93.15290018968908,87.65772051649152,93.02393341064452,1011900.0
2018-08-02,92.50808384969577,93.51112109585452,91.87761485182956,92.3504638671875,1066800.0
2018-08-03,92.08539233530118,92.95230234878478,91.4907370409918,92.4937744140625,685000.0
2018-08-06,92.53675040915262,93.1958835658788,92.42927627345236,92.83049774169922,674800.0
2018-08-07,93.0382639591736,93.17439130564946,92.2358428837376,92.9522933959961,680800.0
2018-08-08,93.03826166737149,93.14572486869622,92.23584061170143,92.8949737548828,488200.0
2018-08-09,92.88780135752788,92.96661134846164,92.40062027333153,92.64421081542967,890800.0
2018-08-10,92.37196362979002,93.10991774961616,92.14270513984329,92.37913513183594,875200.0
2018-08-13,92.65139044824228,93.19588893110146,92.51526309448552,92.77318572998048,819900.0
2018-08-14,92.98812103271484,93.51829842637194,92.33615927785314,92.98812103271484,1241500.0
2018-08-15,93.08123405695964,94.07709966926244,92.7230088592656,93.625732421875,605800.0
2018-08-16,93.654423811142,94.63595764013613,93.50396437417722,94.306396484375,738800.0
2018-08-17,94.47832691818422,95.00850424049533,94.15592636944356,94.6789321899414,755100.0
2018-08-20,95.00134740132847,95.15896739706528,94.24907213661524,94.28489685058594,625500.0
2018-08-21,94.02698330553388,94.22758860456284,92.98812116078604,92.99529266357422,653400.0
2018-08-22,93.37499824640996,93.5039540934852,92.42927830585514,92.61556243896484,708600.0
2018-08-23,92.85197475698162,92.89496003116116,91.95641177102372,92.14268493652344,530000.0
2018-08-24,91.98509424785586,92.72303750853972,91.67702026400794,92.4507827758789,803800.0
2018-08-27,92.52240634566776,92.67286574327942,91.4907159968042,92.15702056884766,573900.0
2018-08-28,92.25733325945733,93.84785423219454,91.9206006523898,93.72605895996094,769000.0
2018-08-29,93.9123281959226,93.94815290557992,93.49678561466412,93.58992767333984,472800.0
2018-08-30,93.86218227085324,93.86935377291395,93.181556437318,93.32484436035156,448400.0
2018-08-31,93.61858036407094,93.83351768865973,93.25319456478653,93.4609603881836,477700.0
2018-09-04,93.203045163596,93.95532039312792,92.03523825437402,92.5152587890625,596100.0
2018-09-05,92.2143471051288,94.12726859590715,92.0065703416303,93.89083862304688,1097100.0
2018-09-06,94.14158971890755,94.14158971890755,93.05259284867122,93.05975341796876,1405000.0
2018-09-07,92.4221342018972,92.78035952826114,92.09256209148784,92.1498794555664,463900.0
2018-09-10,92.61558087204732,93.34635268191916,92.02092550601228,92.0854034423828,479000.0
2018-09-11,91.5838680264788,92.40062115294606,91.5838680264788,91.64834594726562,571100.0
2018-09-12,91.8131387671401,92.2000282078872,91.34028421994162,91.34745025634766,534000.0
2018-09-13,91.7486581531569,91.7486581531569,91.08952494127726,91.37610626220705,628800.0
2018-09-14,91.1611351039225,91.3330871123738,89.77122523180779,90.24407958984376,656500.0
2018-09-17,90.54500874165478,91.02503471242603,89.9431929685087,90.99637603759766,502600.0
2018-09-18,90.83874836526682,91.51221350148468,90.32290319421338,90.37305450439452,478000.0
2018-09-19,90.55933620545252,90.57366280909628,88.91866405104929,89.01896667480469,532600.0
2018-09-20,89.0906092055373,90.22260218826196,88.73238399323834,90.03632354736328,585300.0
2018-09-21,89.93602038597398,91.16114994876096,89.63511252130691,90.88890075683594,1250800.0
2018-09-24,90.62381667909182,90.79576872416894,87.92996689921534,88.5174560546875,560100.0
2018-09-25,88.56043818203536,89.29838125113243,88.06608563567275,88.83268737792969,593000.0
2018-09-26,89.04762672055203,89.12643670701488,86.86961670557105,86.96275329589844,1003700.0
2018-09-27,87.09997105620504,87.94482932457245,87.09997105620504,87.17218017578125,780200.0
2018-09-28,87.37436917568323,88.93411262522018,87.37436917568323,88.88356018066406,1166100.0
2018-10-01,88.79690884414212,89.30237818290125,87.30938006790585,87.3454818725586,826800.0
2018-10-02,87.36714562604006,87.98815397292562,87.17940301638828,87.22994995117188,713400.0
2018-10-03,87.36714518455274,88.06036264774005,86.17567543158596,86.76058197021484,772600.0
2018-10-04,86.19011066614776,86.70280251727577,85.58354201224284,86.04569244384766,575200.0
2018-10-05,86.63781982027518,86.71002893463428,85.64131531083187,85.82906341552734,634900.0
2018-10-08,85.88684214315836,87.00609730904516,85.88684214315836,86.47896575927734,784300.0
2018-10-09,86.50783813929029,87.05663179629636,85.87238473340649,86.87610626220703,792700.0
2018-10-10,86.75335186889549,87.38879977764593,85.82906199827588,85.97348022460938,620300.0
2018-10-11,86.26231173447695,86.26231173447695,82.55070757356158,82.5868148803711,1043200.0
2018-10-12,83.24393961111113,83.81440100251679,82.30521006930127,82.82511901855469,780500.0
2018-10-15,83.43890838153662,84.63037256087712,83.40280106916772,83.7494125366211,837300.0
2018-10-16,83.87217600361421,85.49690603830204,83.67720531429808,85.22250366210938,682700.0
2018-10-17,85.11419803097246,85.29472360161736,84.1465781075301,84.86145782470703,600700.0
2018-10-18,84.88309973187607,85.67741089954673,83.91548010241426,84.1104507446289,758000.0
2018-10-19,84.31986575279643,84.91198929628047,84.26210176770697,84.44984436035156,815600.0
2018-10-22,84.73868175197634,85.04918588054332,82.96953378103545,83.04896545410156,552300.0
2018-10-23,82.65904867224171,83.77108684184427,82.348544472228,83.2150650024414,845000.0
2018-10-24,83.2150459344572,84.42817770429956,83.04896553367034,83.43167877197266,1069900.0
2018-10-25,83.54000206235413,84.99142346180858,83.08507416799173,84.45706939697266,713900.0
2018-10-26,84.14656282367118,84.21155488208426,82.28353795079526,82.97676086425781,952300.0
2018-10-29,83.8432938151083,85.04198070143337,83.57611399570428,84.4931869506836,760100.0
2018-10-30,84.78201598535674,85.76406983984172,83.96603703083892,84.47151184082031,810000.0
2018-10-31,86.08178936312778,88.991859900141,85.34524765644323,87.2010498046875,1917600.0
2018-11-01,87.15772117783087,88.76078871967562,86.16844482772441,86.594482421875,1129600.0
2018-11-02,86.71003470345353,86.80390600744539,85.02031266718154,85.93738555908203,900300.0
2018-11-05,86.57283273519671,87.89428108978466,86.57283273519671,87.3454818725586,786300.0
2018-11-06,87.59819809690498,88.78244502052591,86.76056258202256,88.41417694091797,613900.0
2018-11-07,89.02798436266048,89.43958241230523,88.37809125553643,89.3529281616211,508600.0
2018-11-08,89.32404643340143,90.36387543997937,88.90523131393242,89.85840606689453,704700.0
2018-11-09,89.8800648784978,90.36387204731514,89.04242365260262,89.72842407226562,525300.0
2018-11-12,89.72842744107228,90.57328575431536,89.71398231086816,89.85840606689453,525100.0
2018-11-13,90.06780059211393,90.47217601969372,89.4106850130947,90.12556457519533,746000.0
2018-11-14,90.26277673795995,90.55884129007777,89.45402027507487,89.87284088134766,426600.0
2018-11-15,89.36736261748746,89.68508381364242,88.22643991116163,89.66342163085938,672300.0
2018-11-16,89.59123916526782,90.7177170786472,89.02800020857812,90.67439270019533,584400.0
2018-11-19,91.10761766716855,91.62030948036458,89.82227685250791,90.71768188476562,770600.0
2018-11-20,90.54440568231496,91.12930677414042,90.11836797572688,90.58051300048828,899700.0
2018-11-21,90.5804862364917,91.99580564528668,90.08223404077654,90.71768188476562,710000.0
2018-11-23,90.7393391148658,91.20148394980286,89.85115123913303,90.70323181152344,197900.0
2018-11-26,91.23760890731783,91.30260096799404,90.08224652665216,90.73213958740234,674400.0
2018-11-27,90.51551119219958,92.12580154936173,90.47940938711326,91.77919006347656,1103900.0
2018-11-28,91.6925544139379,93.85163879394533,91.57701539908092,93.85163879394533,1253300.0
2018-11-29,93.7071864558946,94.14766914873944,92.95619415084616,93.74329376220705,921100.0
2018-11-30,93.829954760756,94.79035193864476,93.38947201027176,94.73979949951172,1286600.0
2018-12-03,94.97810688320838,95.5413457497512,93.10063664912845,95.4619140625,864200.0
2018-12-04,95.28137397905708,95.84461275974871,93.6855344398988,94.00325012207033,1004500.0
2018-12-06,93.49777903688522,95.77240731679083,92.06079736643385,95.6640853881836,1121000.0
2018-12-07,95.44747970505368,95.54135653287466,92.84070089833996,93.20896911621094,1189100.0
2018-12-10,92.97786312797956,92.97786312797956,90.68158372155985,91.6925277709961,1124100.0
2018-12-11,92.19800783175168,93.33170804958746,91.74308543540316,91.7647476196289,677900.0
2018-12-12,92.60239123031604,92.76847165319944,89.68509213623094,89.80785369873047,717100.0
2018-12-13,90.06059049394102,91.92361555893488,89.98115880835738,90.8765640258789,571600.0
2018-12-14,90.59494665305324,90.98488252497891,90.08947728715118,90.79713439941406,588600.0
2018-12-17,90.85490494190697,91.09320000679212,86.32732625510374,86.6883773803711,953100.0
2018-12-18,87.518769903684,87.80761183756184,86.5800405050831,87.04940795898438,604700.0
2018-12-19,87.04220438611334,87.04220438611334,84.73147392014673,85.22250366210938,921400.0
2018-12-20,85.0852931898286,85.29470346343908,82.55793579751196,83.04896545410156,1093200.0
2018-12-21,83.1211748221884,84.44262301363547,81.84305099465698,81.93692779541016,1442100.0
2018-12-24,81.97302908299478,82.52182822903636,78.75245433429092,78.77411651611328,448000.0
2018-12-26,79.09907291209446,81.40979766845703,77.8714959090499,81.40979766845703,658800.0
2018-12-27,80.62992100894762,81.36646270751953,78.88965234931929,81.36646270751953,796000.0
2018-12-28,82.1821043801487,82.46611830112037,80.40519776925714,81.51212310791016,721300.0
2018-12-31,81.72330190114471,81.963623046875,80.32507887224125,81.963623046875,563600.0
2019-01-02,81.34462350004155,81.34462350004155,78.60643777150912,79.48760986328125,815000.0
2019-01-03,79.37107413255058,81.07516287462029,79.24727435702786,79.82258605957031,708400.0
2019-01-04,80.57268062021618,81.86895026898553,80.13573660634538,81.20625305175781,600900.0
2019-01-07,81.43202000078726,82.27678338543829,81.07518297743077,81.71603393554688,760900.0
2019-01-08,82.05100926317287,84.1629117743126,81.91992550576296,84.13378143310547,1241900.0
2019-01-09,85.31352844839945,85.71405810696642,84.16290506464789,85.52471923828125,879800.0
2019-01-10,85.26984036160337,87.03946837920998,85.13147818040541,86.82099914550781,654700.0
2019-01-11,86.51514359608936,86.88654298042191,86.07819399280046,86.77002716064453,431900.0
2019-01-14,86.44961102143228,86.87199273378252,85.728652964866,86.02722930908203,476100.0
2019-01-15,86.05635023522689,86.87926719782006,85.9689647567534,86.7117691040039,422800.0
2019-01-16,86.82826906000065,87.30890574115163,86.23838944562125,87.26521301269531,545100.0
2019-01-17,87.22154968858615,88.03718280163937,86.91568935470846,87.69490814208984,608900.0
2019-01-18,87.87695947091031,88.5542247428584,87.30164763292899,88.49596405029297,822000.0
2019-01-22,88.4449714976822,88.58333922873967,87.36717665842282,88.27019500732422,856000.0
2019-01-23,87.9133766541492,88.44499021198651,87.31621842603111,87.95706939697266,621400.0
2019-01-24,87.46187817496875,88.31392012848535,86.83558950245744,88.16827392578125,518900.0
2019-01-25,88.82367007341227,89.97429366898838,88.49595786766093,89.9233169555664,722100.0
2019-01-28,89.77766223126632,91.24871400831394,89.17322010944928,90.9355697631836,607100.0
2019-01-29,90.7899262630574,92.07891767833163,90.39667492734894,92.0425033569336,590800.0
2019-01-30,92.85083092909365,95.04283478047972,91.9113983259093,95.00643157958984,1111000.0
2019-01-31,94.91904730421706,96.17891380154607,93.97233060456686,96.03325653076172,880400.0
2019-02-01,96.18620142250508,96.18620142250508,94.1981039414986,95.53077697753906,1128200.0
2019-02-04,95.4288305711545,96.46294403076172,94.85352425768345,96.46294403076172,1031700.0
2019-02-05,96.4993451496211,96.4993451496211,95.6327464882418,96.16436004638672,1198100.0
2019-02-06,96.28088274155996,96.32457548500145,95.1521053835924,95.83665466308594,711200.0
2019-02-07,95.42884385282716,96.61588208093214,94.70060172262151,96.57218933105467,823200.0
2019-02-08,95.98955993061684,96.5867236029449,95.7055460433628,96.41921997070312,505000.0
2019-02-11,96.55030753127473,97.1911639265917,96.26629364918448,97.0892105102539,507100.0
2019-02-12,97.06009223920746,97.38052049505616,96.34641819523873,96.63043212890624,592500.0
2019-02-13,96.52116961057648,97.60625396406591,96.404659360125,97.37322235107422,461200.0
2019-02-14,97.23487644715902,97.5188903870444,96.60129834119071,96.93629455566406,517000.0
2019-02-15,97.6791040169902,97.75921108229488,96.9508620095264,97.30769348144533,661600.0
2019-02-19,97.24943173252166,98.2544092477898,97.03096802232515,98.02865600585938,408200.0
2019-02-20,97.83931022974907,97.83931022974907,96.71781140624338,97.48974609375,425200.0
2019-02-21,97.09649880513656,98.116033072221,96.17891796476054,97.9922332763672,401200.0
2019-02-22,98.31266211830956,99.03362564086297,97.75191271187911,98.8005828857422,453200.0
2019-02-25,99.11371137482622,99.20109683315064,97.98493438575557,98.1160125732422,457900.0
2019-02-26,98.48016144124256,98.48016144124256,97.50431983911736,97.59170532226562,475400.0
2019-02-27,97.03095159194116,97.24941526514488,95.62543899249172,96.41921997070312,701000.0
2019-02-28,96.4920643718724,98.2179943447681,96.1716361160237,96.63043212890624,883300.0
2019-03-01,96.77609287325942,97.04553889619604,95.56720831225336,96.00415802001952,995700.0
2019-03-04,96.28087354978612,96.7760727443022,95.65458502536904,96.3464126586914,877800.0
2019-03-05,96.18620099040572,97.42421012032574,96.18620099040572,97.06736755371094,888800.0
2019-03-06,97.48247499858152,97.63541070858264,96.48478701000788,96.4920654296875,519700.0
2019-03-07,96.39011538304014,97.36595703479688,96.08425506437422,96.46294403076172,1242500.0
2019-03-08,96.22260687388062,97.2494195191216,95.83663955155176,96.44107055664062,725300.0
2019-03-11,96.75422383453524,97.19117343994655,96.27358149100084,97.00182342529295,720400.0
2019-03-12,97.27855801363562,98.57482775568153,97.16203663832836,98.31266021728516,586000.0
2019-03-13,97.6718079768338,98.66950701679971,97.6718079768338,98.34178924560548,590200.0
2019-03-14,98.21073355217452,98.66952964740248,97.90487319272025,98.50931549072266,442400.0
2019-03-15,98.30538397280756,98.5020012968864,96.44836479409824,96.66683959960938,1458500.0
2019-03-18,96.89986179661824,97.44604320110427,96.31726607608194,96.77606201171876,714600.0
2019-03-19,96.81250159648852,97.31499039770294,95.9750165571005,96.302734375,490800.0
2019-03-20,96.1206649480683,96.78335671851988,95.14481222929828,96.04783630371094,860000.0
2019-03-21,95.72011766711957,97.13290873921868,95.72011766711957,96.79063415527344,759800.0
2019-03-22,96.78333572639112,97.48245277947518,95.7419552329186,95.77108001708984,1092500.0
2019-03-25,96.12792453818336,96.12792453818336,95.0719760743862,95.47978973388672,828700.0
2019-03-26,95.7346949757044,96.8343363582092,95.69099112302408,96.68869018554688,817100.0
2019-03-27,96.77608043044432,96.86346591592503,95.51622486236847,96.35369873046876,804300.0
2019-03-28,96.65444289536585,98.09211365523429,96.26568418634857,97.99676513671876,667100.0
2019-03-29,98.10675823687366,98.73024491573328,97.76933941470764,98.20211791992188,1171400.0
2019-04-01,98.37815880567123,99.40507744585268,97.97473807492496,99.36106872558594,1001000.0
2019-04-02,99.4491039486649,101.05548968034996,98.48820940951728,100.93812561035156,1035900.0
2019-04-03,101.23886889315,101.67163631852436,100.4393359434884,101.49559020996094,893500.0
2019-04-04,101.34888924822236,101.73031688169316,100.19728648301668,101.16551208496094,595000.0
2019-04-05,101.04080806576609,101.54693078262298,100.71073143943198,101.50292205810548,451200.0
2019-04-08,101.56894537295196,101.58361868008636,100.66673285213125,101.2388687133789,499100.0
2019-04-09,101.09950747095228,101.1288428948546,100.4980249526345,100.69607543945312,737400.0
2019-04-10,100.82072372660176,101.55423210030196,100.67402429035164,101.51022338867188,605700.0
2019-04-11,101.73762975499746,102.25842573025577,101.15082069895271,101.55425262451172,525900.0
2019-04-12,101.53227526514516,101.53227526514516,100.39533451529188,101.14351654052734,1226200.0
2019-04-15,101.40022066956789,101.40022066956789,100.0799031102405,100.52734375,672400.0
2019-04-16,100.38066912933516,100.87211861062552,97.92341053042875,98.48087310791016,783500.0
2019-04-17,98.65691900846464,98.65691900846464,96.64710116443612,96.66910552978516,885500.0
2019-04-18,96.7057747691033,97.89406635659157,96.5957529519532,97.54931640625,568900.0
2019-04-22,97.3659419622609,97.46863272528007,95.43681063648609,96.4930648803711,576200.0
2019-04-23,97.49063269172332,98.97231203524248,96.99184101351986,98.86962127685548,638400.0
2019-04-24,99.3977507511828,100.02123756572892,98.8989702535087,99.71316528320312,516800.0
2019-04-25,99.80116299525967,99.93320034305366,98.86227302687402,99.6764678955078,507800.0
2019-04-26,99.88185897129584,100.6226985853818,99.69115077555304,100.45399475097656,388600.0
2019-04-29,100.22663859730764,100.95281631405184,99.2070618474608,99.30242156982422,375500.0
2019-04-30,99.5518030158825,101.01882043587196,99.14837098689443,100.94546508789062,722500.0
2019-05-01,101.02614365008964,102.94794393193784,100.92345288636142,101.16551208496094,952900.0
2019-05-02,101.12148820326502,101.62026864021476,98.90628926913315,99.19969940185548,891200.0
2019-05-03,99.38305796337804,99.83049853875926,98.46617245583047,98.8255844116211,713400.0
2019-05-06,97.95271404881258,98.7449045224396,97.37324729467517,98.15076446533205,519900.0
2019-05-07,97.74002613812672,98.09944940048833,95.5835089488644,96.51506805419922,519400.0
2019-05-08,96.67642807098665,97.51262736114172,95.74486908878995,95.7742156982422,495200.0
2019-05-09,95.49548983129206,95.99427032470705,94.60060841197377,95.99427032470705,454100.0
2019-05-10,95.87692508351164,97.18990070419406,95.15807851407578,96.97718811035156,374700.0
2019-05-13,96.12630056085106,96.36101748372236,95.4441317690871,96.06028747558594,526300.0
2019-05-14,96.31700259021603,97.60064250847638,95.95024832785596,97.56396484375,770400.0
2019-05-15,97.35125375378368,98.429512196662,96.9038130993073,98.20945739746094,591100.0
2019-05-16,98.15813658708336,99.57380296216,97.9234084379253,98.81095886230467,631900.0
2019-05-17,98.09210641120814,98.58355585249429,97.40994875452026,98.0334243774414,591000.0
2019-05-20,97.97473473210452,98.20945162966932,96.3169983756064,96.92581176757812,423400.0
2019-05-21,97.50530194480623,97.82071649238095,97.18989858968558,97.37327575683594,639900.0
2019-05-22,97.35859223970296,97.48328735719409,96.793798682676,97.16055297851562,481300.0
2019-05-23,96.89649568033258,96.89649568033258,95.59818225553012,96.51506805419922,844800.0
2019-05-24,96.90378924985995,97.43924721525188,96.49302636175386,96.83777618408205,565900.0
2019-05-28,97.30726266285076,97.87205627910694,96.92583502129092,97.37327575683594,1564700.0
2019-05-29,97.28525556328486,97.29258662048132,95.87692030225608,96.4930648803711,838600.0
2019-05-30,96.62508290370856,97.34392937658296,95.63485302804114,95.95025634765624,881100.0
2019-05-31,95.12140122600134,96.76446471534328,94.65195611368284,95.9649429321289,572300.0
2019-06-03,96.27298902693651,97.123861559001,96.00159446802596,96.69842529296876,840800.0
2019-06-04,96.8158140225371,97.1752261100422,95.78889516227672,96.9038314819336,670100.0
2019-06-05,97.35126805899516,99.2143750887726,97.35126805899516,99.15569305419922,569000.0
2019-06-06,99.25837387780466,99.6984722547316,98.53952750165683,99.6764678955078,518800.0
2019-06-07,100.02856514661694,100.6740563023078,99.8745346069336,99.8745346069336,520100.0
2019-06-10,100.17527439820414,100.17527439820414,98.52488005604911,98.75226593017578,518400.0
2019-06-11,99.1923653539351,99.1923653539351,97.35126278775542,98.0627670288086,640100.0
2019-06-12,97.7400333571508,98.81829203142154,97.13121979877346,98.48087310791016,455200.0
2019-06-13,98.9723215303687,99.19971862446234,97.99676482832665,99.17037200927734,502500.0
2019-06-14,99.10435891379257,99.65449042774098,98.78894435905256,99.17037200927734,483800.0
2019-06-17,99.94053171524736,100.5199984973948,99.83050991877992,100.34396362304688,585500.0
2019-06-18,100.86476990955664,101.8770154228966,99.45643465194875,100.01390838623048,468500.0
2019-06-19,99.79383065024368,101.1288102598596,99.28037695423758,100.7107162475586,543800.0
2019-06-20,101.4075434186042,102.141051870095,101.08479790915612,101.78897094726562,981400.0
2019-06-21,101.59096122291892,101.59096122291892,99.53713449761077,99.80854034423828,1975400.0
2019-06-24,100.05056210115738,100.05056210115738,97.76935005479352,98.0700912475586,769800.0
2019-06-25,98.2608142984284,98.53220889143512,95.88424247001922,95.94292449951172,584800.0
2019-06-26,96.04562223096764,96.64709349017198,93.08224668101576,94.255859375,1250900.0
2019-06-27,94.98742911049406,95.72640090193526,94.27802250516672,94.61055755615234,901800.0
2019-06-28,94.77313321135765,96.3249784994134,94.77313321135765,95.32736206054688,982600.0
2019-07-01,95.8889885131866,95.8889885131866,94.0415644236656,95.40127563476562,656800.0
2019-07-02,95.60818276883346,97.08612648750054,95.34215244844076,96.96050262451172,569500.0
2019-07-03,97.24131339310034,98.4532269051564,96.8053226613559,98.31282043457033,345900.0
2019-07-05,97.61079401680344,97.96550864176584,95.76336429610168,97.4482192993164,397900.0
2019-07-08,97.32997600251838,98.08371908324868,96.9752614371949,97.80291748046876,575600.0
2019-07-09,97.6329675939382,98.0837409213964,97.1452546907051,97.58124542236328,885400.0
2019-07-10,97.59602234626294,99.15524220013828,97.59602234626294,98.92616271972656,668400.0
2019-07-11,98.83749552998924,99.6134183108086,97.54429465389592,97.9063949584961,709300.0
2019-07-12,97.95071891075952,98.2167492221921,97.48516304679868,97.76597595214844,291700.0
2019-07-15,98.17980150346165,98.17980150346165,97.42604705108438,97.6181869506836,353000.0
2019-07-16,97.21174682637448,97.5073310490661,96.87921175689256,97.1156768798828,433700.0
2019-07-17,97.31520075111686,97.5221119585904,95.56384114649626,96.16979217529295,421100.0
2019-07-18,96.258453176308,96.64272163188156,95.475144949195,96.34713745117188,567800.0
2019-07-19,96.60577782894217,96.8200859600126,94.56621977149226,94.64012145996094,565500.0
2019-07-22,94.4405958648673,95.0465468618503,93.92331223543442,94.88397216796876,756500.0
2019-07-23,95.36431492856968,96.2289105985473,94.88397648359428,96.10328674316406,512000.0
2019-07-24,95.73381083657242,96.49495098305091,95.5195026734962,96.29542541503906,486100.0
2019-07-25,96.20675392079094,96.69447808329686,95.8003171187027,96.50973510742188,451200.0
2019-07-26,96.67970558245548,97.20436937426412,96.28065439844283,97.02702331542967,460700.0
2019-07-29,97.29303086834592,98.29803297744112,96.98266406233611,97.75857543945312,660300.0
2019-07-30,98.27586283799587,99.22913148987544,97.5812275482502,98.29063415527344,546900.0
2019-07-31,99.39169286599088,100.9657061828352,97.7068383053462,98.24628448486328,884000.0
2019-08-01,97.82508220612824,98.26107282500271,95.29040328340083,96.31757354736328,1037700.0
2019-08-02,96.38408863580143,96.98266527898836,95.7485836982482,96.17717742919922,506100.0
2019-08-05,95.42342801062864,95.42342801062864,92.88874898295118,94.10066223144533,928400.0
2019-08-06,94.38146120618028,95.31995837050324,93.4503553370624,93.98980712890624,896300.0
2019-08-07,93.22130025067926,95.86681519583912,92.622729216825,94.93571472167967,733800.0
2019-08-08,95.15739734410704,97.0122124151165,94.6844558655007,96.7313995361328,616500.0
2019-08-09,96.59102777097289,96.8053246733942,94.7879344233072,95.57862854003906,536900.0
2019-08-12,95.23868412173375,95.29040628155636,93.39864037840474,93.75334930419922,725700.0
2019-08-13,93.66468127376842,94.65490083902716,93.44298746529464,94.05633544921876,594100.0
2019-08-14,93.46514411064967,93.75334262574373,92.54881513341596,92.82962799072266,582300.0
2019-08-15,92.77789737904948,94.17455341375288,92.77789737904948,93.91590881347656,760400.0
2019-08-16,94.1967480487933,95.15001682885786,93.60556827956884,94.74359130859376,567400.0
2019-08-19,95.4234454403523,95.48995020542476,94.7214131118661,94.87660217285156,404800.0
2019-08-20,94.51450075672564,95.03178443454772,94.1080639840017,94.28541564941406,492800.0
2019-08-21,94.4036549294184,94.95049816403706,93.71641087545308,94.34453582763672,742100.0
2019-08-22,94.74359136540002,94.8026991941233,93.32476104599225,94.53667449951172,473900.0
2019-08-23,94.21151541941956,94.72879907433152,92.65967573049883,92.98482513427734,566700.0
2019-08-26,93.6942380019521,93.9307087595112,92.77052322431383,93.87158966064452,462700.0
2019-08-27,94.40365270867385,94.7066338697467,93.19913063722365,93.28780364990234,587000.0
2019-08-28,93.25823988268688,93.842028287357,93.08827952413291,93.58338928222656,333600.0
2019-08-29,94.1671887080786,95.06872968320435,93.89376707756416,94.6549072265625,364500.0
2019-08-30,95.06133263388897,95.31997727620902,94.49232682418118,94.89875793457033,453500.0
2019-09-03,94.41842734553752,95.23129522326896,94.18195658769004,95.17957305908205,548200.0
2019-09-04,95.86680643491808,96.44320352469654,95.40864753684151,95.8594207763672,575500.0
2019-09-05,95.99242601992026,95.99242601992026,94.43320081096088,95.78551483154295,619400.0
2019-09-06,96.00722785028115,96.50233766995308,95.80031662044264,96.19197082519533,472600.0
2019-09-09,95.94808324166108,96.76095662554344,93.2434497395374,96.33235168457033,984700.0
2019-09-10,95.82249363834528,96.73882293701172,95.36433462692077,96.73882293701172,1045900.0
2019-09-11,96.5909776848565,97.56641428180512,95.82244094708008,97.55902862548828,738400.0
2019-09-12,98.00245534407276,98.68970511358772,96.3249971542475,98.60102081298828,1146400.0
2019-09-13,98.64535851319972,99.08873486758696,96.54666984282989,97.10089874267578,868800.0
2019-09-16,97.04917398879454,97.64035372136992,96.26586563535372,97.5664520263672,792500.0
2019-09-17,97.47038013909912,97.721639131621,96.09589208042487,96.9531021118164,832800.0
2019-09-18,97.160005171703,97.160005171703,95.54165519111729,96.3914794921875,843900.0
2019-09-19,96.76099106019704,96.82011017059224,95.77815699203428,96.0885238647461,768900.0
2019-09-20,96.45799561108274,97.63295815774768,95.88898412385264,96.14762878417967,3669500.0
2019-09-23,95.71162949461264,97.1230570453178,95.34952925785396,96.2510757446289,1006200.0
2019-09-24,96.51709295260795,96.82007405192496,95.06870347778955,95.71161651611328,1213200.0
2019-09-25,95.77814836551823,96.74619974993772,95.30520680077072,96.19197082519533,992800.0
2019-09-26,96.62057247389872,98.03201145868074,96.39887865665392,97.98027801513672,739600.0
2019-09-27,98.2184519919834,98.2184519919834,96.13439658637252,96.8489227294922,894000.0
2019-09-30,96.68518715933696,97.14666384954984,96.14928680483727,96.50656127929688,780200.0
2019-10-01,96.6702895148678,96.97544578339792,94.92116908179162,95.77711486816406,634300.0
2019-10-02,95.27844254019776,95.4421904861788,93.0083165651358,93.36558532714844,1489500.0
2019-10-03,93.36558834989972,95.40497606774434,92.7254858195745,95.18913269042967,1021900.0
2019-10-04,95.29334344947272,95.91855676108804,94.9211910462936,95.79947662353516,496500.0
2019-10-07,95.37519806596114,96.27581169594332,95.14446543999212,95.38263702392578,330000.0
2019-10-08,94.97327862135089,95.47940604469218,94.20664568862672,94.58624267578124,818200.0
2019-10-09,95.19656669092996,95.5240568783078,94.6457828351907,95.1667938232422,1187300.0
2019-10-10,95.21890359196593,95.45708087656092,94.60857394527903,94.66067504882812,409400.0
2019-10-11,95.10724662243504,96.2088143169404,95.010489062886,95.41985321044922,571100.0
2019-10-14,95.36030713928184,95.36030713928184,93.97590572887954,94.95094299316406,384500.0
2019-10-15,94.76487269207738,95.94832009940409,94.28107350893872,95.9036636352539,555600.0
2019-10-16,95.5389600150475,96.41723418561044,95.10726188882202,95.5240707397461,520300.0
2019-10-17,95.32311200025116,95.50918818231722,94.58624623068158,95.0179443359375,542300.0
2019-10-18,95.2040284337418,95.695272320966,94.45227900568428,95.5389633178711,507100.0
2019-10-21,95.3454428832434,96.75217840446946,95.3454428832434,96.7447280883789,530800.0
2019-10-22,96.8712621763095,97.61556695325292,95.9185529703971,97.38483428955078,680000.0
2019-10-23,96.87869768159844,97.697425996753,96.6107475485762,97.48158264160156,752200.0
2019-10-24,97.67508335139998,98.70966622621916,97.19128993462029,98.52359008789062,534700.0
2019-10-25,98.3226525097321,99.38700274785492,97.70487826411032,98.38218688964844,510400.0
2019-10-28,98.51618475167254,98.88089819584964,98.1589216241703,98.75435638427734,515900.0
2019-10-29,99.20091578175828,99.6549420402257,98.74688952329087,99.21580505371094,1042000.0
2019-10-30,101.19569034780297,104.24733335650735,99.98246983264336,103.40626525878906,1170700.0
2019-10-31,102.99690744353764,103.40626601998407,101.10636678899247,102.11862182617188,917200.0
2019-11-01,102.5354204596766,103.03410328995656,101.03193300976606,102.29724884033205,614900.0
2019-11-04,102.20791825660648,103.1755051994518,101.95484604843448,103.1085205078125,532900.0
2019-11-05,102.72148846088793,103.1829651018304,100.91283347544812,101.463623046875,822900.0
2019-11-06,101.92510259297887,103.00434229704072,101.85066756903387,102.6545181274414,751700.0
2019-11-07,102.46844090132636,102.88524977399908,102.0293037931312,102.68429565429688,678700.0
2019-11-08,102.6396061892358,103.16806748530917,101.97717550826894,102.96710205078124,370400.0
2019-11-11,102.59497024517604,103.24252313989253,101.97719590229404,103.13832092285156,429600.0
2019-11-12,102.90757587998051,103.27972827390708,100.6597835978408,100.94261169433594,532600.0
2019-11-13,100.80119328982995,101.97719623292774,100.79375433044216,101.75391387939452,559900.0
2019-11-14,101.93997963707952,102.60984934344414,101.67946844172178,102.5726318359375,579100.0
2019-11-15,102.76615356220456,103.24994706576943,102.26745942770218,102.38655090332033,490300.0
2019-11-18,102.63216147414188,103.2722638883862,101.96973083033448,103.23504638671876,489600.0
2019-11-19,103.76353848014514,103.76353848014514,102.1335090946554,102.91503143310548,386500.0
2019-11-20,102.9001175081475,102.9001175081475,101.93996951011648,102.75125885009766,336800.0
2019-11-21,102.49822139870494,102.49822139870494,101.29989018843388,101.78368377685548,335500.0
2019-11-22,102.17071054007477,103.13830893279228,101.15100536629934,102.40888214111328,448900.0
2019-11-25,103.04899365381954,103.93471815172866,102.33446743104864,102.37167358398438,348500.0
2019-11-26,102.28978515413236,103.3541467359669,102.15581576523472,103.09363555908205,532100.0
2019-11-27,103.04897339133636,103.54021717114172,102.47585564823012,103.46578216552734,348500.0
2019-11-29,103.27969945429588,103.74117601688144,103.0564171659974,103.11595153808594,343700.0
2019-12-02,103.04156516359136,103.06389340049714,101.768798874009,101.8730010986328,507100.0
2019-12-03,101.64225610453808,103.18297240761385,101.64225610453808,103.06388092041016,379800.0
2019-12-04,103.00429807264236,104.1207548093314,102.69169154923166,102.71401977539062,493600.0
2019-12-05,102.58754304649358,103.562580622839,102.46845153988268,103.54769134521484,436600.0
2019-12-06,103.666748046875,104.4259419501396,103.50300011955936,103.666748046875,579800.0
2019-12-09,103.7263122847314,104.32175836690662,103.32439270964704,104.10590362548828,519500.0
2019-12-10,104.23244492212666,104.29199067226132,103.2574073977014,103.9123992919922,451700.0
2019-12-11,104.1877586592758,104.1877586592758,101.77621893288143,102.18557739257812,653000.0
2019-12-12,102.34189459432602,102.43865783806088,100.101541572158,100.57789611816406,927300.0
2019-12-13,100.95005280383084,101.34453339683984,99.57308452901086,100.5630111694336,841500.0
2019-12-16,100.99470622126545,101.16589312167828,99.94523387206168,100.96492767333984,530000.0
2019-12-17,101.41150839999338,101.46361517685996,99.77404044405486,100.0866470336914,731300.0
2019-12-18,99.9377773355268,101.2998560552417,99.43909463877648,100.82350158691406,956800.0
2019-12-19,100.68952994523796,101.65712824055151,100.41414086505011,100.99469757080078,656100.0
2019-12-20,101.57527868079649,101.73157633141092,101.06170654296876,101.06170654296876,1230800.0
2019-12-23,101.34453371766232,101.62736178925792,100.64488546152548,101.08402252197266,565200.0
2019-12-24,101.27756465474376,101.88044975575797,101.01705341883346,101.18080139160156,132900.0
2019-12-26,101.53060485151904,102.08883336551617,101.08401749744608,102.07394409179688,222800.0
2019-12-27,102.39399036233743,102.47585296630858,101.73154835839344,102.4758529663086,325800.0
2019-12-30,102.51335702295628,102.82820471759672,102.06356806569376,102.45338439941406,277600.0
2019-12-31,102.265967083977,103.34545135498048,102.265967083977,103.34545135498048,458700.0
2020-01-02,103.67529963883952,103.85520606624512,101.29894025512364,101.6362762451172,605700.0
2020-01-03,100.76668986771206,102.60330708258566,100.76668986771206,102.43089294433594,456800.0
2020-01-06,102.74573091436216,103.56283636033793,101.7936842226746,103.15054321289062,587100.0
2020-01-07,102.4908782135982,102.85820627734508,100.91662815595087,101.35892486572266,619800.0
2020-01-08,101.59130467909736,101.81619916312135,100.2344569249176,100.81917572021484,628600.0
2020-01-09,100.8641507778772,101.51633447676764,100.57179138472542,100.87164306640624,652300.0
2020-01-10,100.96910756495404,101.613799023552,100.6767481499276,101.26146697998048,498600.0
2020-01-13,101.35141710761872,102.67079201809028,101.20149126014032,102.52835845947266,523800.0
2020-01-14,102.46085973206937,102.46085973206937,101.35139497665962,102.25096130371094,468400.0
2020-01-15,102.56585322775324,103.24801761905267,101.8911696874676,102.94816589355467,540800.0
2020-01-16,103.21801680938266,104.41743491510988,103.03809894615004,104.40994262695312,430200.0
2020-01-17,104.67233812938728,105.49693606401516,104.26752573212168,104.61985778808594,791800.0
2020-01-21,104.61984392733903,105.55689470977596,104.14007438427568,105.21955871582033,609000.0
2020-01-22,105.6993269663061,105.81176848338023,104.47740910059636,104.87471771240234,481100.0
2020-01-23,104.80725291946166,106.59889353803231,104.08760433216568,106.55391693115234,559800.0
2020-01-24,106.5239430279695,106.62889226348184,105.819278972983,106.45646667480467,449600.0
2020-01-27,105.85675041610524,106.25405900496858,105.47442640291446,105.72930145263672,600700.0
2020-01-28,105.96921557340872,106.83880157797338,105.71434046681183,105.8342742919922,786000.0
2020-01-29,106.39649276719226,107.89577407851088,104.73979332380604,107.14613342285156,913400.0
2020-01-30,106.84625966930857,107.67836108278269,106.34400190638009,107.64087677001952,753900.0
2020-01-31,107.44601777505912,108.20315086895332,107.11617399122852,107.46101379394533,917000.0
2020-02-03,107.94826058648448,108.540471705325,107.22860048291982,107.32605743408205,771400.0
2020-02-04,107.65589329779868,109.02773704838351,107.47597542541412,108.36804962158205,939000.0
2020-02-05,108.64540957515057,109.50001086308576,108.16564003585476,108.74286651611328,595800.0
2020-02-06,108.9902490566221,109.44753029141135,107.89576872072044,108.23311614990234,897900.0
2020-02-07,108.1581385263506,108.1731345402836,106.59888479692408,106.98120880126952,641300.0
2020-02-10,107.1686395163583,107.61841707324042,106.60640899129864,107.31856536865234,844800.0
2020-02-11,107.49095616123844,108.31556532752197,107.49095616123844,108.1131591796875,517700.0
2020-02-12,108.2706015450506,109.23764446023291,107.81333169601312,108.71289825439452,563600.0
2020-02-13,108.48799140973732,109.47751107977152,108.48799140973732,109.13268280029295,492500.0
2020-02-14,109.28262164829046,110.4070827118456,108.97526621231911,110.36959838867188,616800.0
2020-02-18,110.57198311509572,110.57947540283205,109.44752226985746,110.57947540283205,524900.0
2020-02-19,110.78937024646788,110.8193622736533,108.60792497091258,108.62290954589844,680300.0
2020-02-20,108.67537235630972,110.2046337766593,108.4729662405588,110.13716888427734,527200.0
2020-02-21,109.7998772182038,110.15970156113966,108.9003106415594,109.28262329101562,811600.0
2020-02-24,108.07570629900148,108.96028833816932,107.71588193933478,108.2106475830078,792800.0
2020-02-25,108.29308546504936,108.3305583439403,102.29596070070976,102.51335144042967,1064700.0
2020-02-26,102.88069395352451,103.29298718830884,101.48636179170836,101.50885009765624,1230600.0
2020-02-27,100.819172478202,101.4188758315034,96.13391853923332,96.14141082763672,1186500.0
2020-02-28,94.28980128750692,96.6661608067663,92.2807640901948,96.6586685180664,2158400.0
2020-03-02,97.17590958607028,100.86413977368214,96.27633176195413,100.85663604736328,1327900.0
2020-03-03,100.7666769426866,103.01559849413697,98.84759904895934,99.6272201538086,1148400.0
2020-03-04,101.0290777100484,103.7352810240974,100.51182381034512,103.54036712646484,834600.0
2020-03-05,101.90614861810336,103.31547665657554,100.51181659497465,102.49835968017578,857100.0
2020-03-06,99.81464118310734,100.57927779691056,96.12641080859744,99.3873519897461,1041900.0
2020-03-09,93.1203570189085,95.4067574362768,90.90891379899682,92.10084533691406,1695300.0
2020-03-10,94.93448635134014,97.73814634941294,92.31074421748752,97.65568542480467,1588500.0
2020-03-11,94.99446086888204,95.3392948698978,90.08431248979876,90.92391204833984,1314000.0
2020-03-12,84.47700360425532,88.04528885049349,81.04364817957445,83.87728881835938,1870500.0
2020-03-13,88.52503552619261,88.6374827344169,83.72734135544677,87.7529067993164,1659000.0
2020-03-16,79.85920682270584,82.96271824007444,72.48274656093223,72.66265869140625,1617000.0
2020-03-17,74.43931983749229,82.01068936082862,70.64613420816555,79.34196472167969,1623400.0
2020-03-18,72.76010290901685,74.79162791653128,64.11674911935667,66.12578582763672,1498100.0
2020-03-19,64.62651328487303,66.59057365033571,62.01026927951028,64.14674377441406,1519100.0
2020-03-20,65.09878935596605,71.84555500441249,60.44352174485451,61.47053146362305,2424000.0
2020-03-23,61.47053578360285,62.9248405335387,57.87975623870756,58.41949844360352,2675400.0
2020-03-24,60.720903601171926,66.22326421927083,58.67438174108253,65.6610336303711,1897500.0
2020-03-25,65.96087972212932,73.29236442295343,64.94886598035805,68.11235046386719,2039300.0
2020-03-26,68.93695278727121,70.03142743883463,66.9054273327284,69.64161682128906,1698900.0
2020-03-27,67.06283542035042,72.62516630695615,65.22621856587023,70.33126831054688,1689200.0
2020-03-30,71.14945404431954,72.78577308487536,67.42229060262287,70.42220306396484,1625700.0
2020-03-31,69.72523410893469,71.11155858547586,67.46015046092514,69.86917114257812,1526900.0
2020-04-01,66.31623437336873,67.24045057215555,62.56634106417664,64.58143615722656,1626300.0
2020-04-02,63.49055751593856,66.26320612334654,60.53610346499508,62.6421012878418,1902000.0
2020-04-03,62.05124233263706,64.56632103361771,61.15732850507708,62.90727615356445,1855300.0
2020-04-06,66.67230328264758,69.64948957838239,65.27083008249797,68.72527313232422,1800400.0
2020-04-07,73.10392661850032,74.73266810842276,70.08886057345723,70.1949234008789,2103600.0
2020-04-08,71.23277525840736,76.3311143293032,69.97523909055346,75.68719482421875,1272100.0
2020-04-09,77.47500458035017,81.17186986888211,77.40682753019709,80.3006820678711,1938400.0
2020-04-13,79.41435338627248,80.55068390233396,74.74781995940222,76.17959594726562,1147800.0
2020-04-14,77.91438758395073,80.36128828578116,77.91438758395073,80.05826568603516,918800.0
2020-04-15,77.33864053602537,78.39164530676231,74.74023736128657,75.512939453125,1091500.0
2020-04-16,75.62657964380992,75.62657964380992,70.68732678049022,71.26306915283203,1149400.0
2020-04-17,73.51300784138503,74.52055559605262,71.86154063181532,72.34637451171875,1685400.0
2020-04-20,71.21761094208966,71.77819895147559,69.19493856852944,69.27069854736328,1113500.0
2020-04-21,66.73289963447185,67.92983581334988,65.6420262860891,66.99047088623047,1725000.0
2020-04-22,68.37679157931481,69.6116019032011,67.51318091211267,68.68738555908203,1208400.0
2020-04-23,68.89950448448573,69.17980142514322,66.89199186787081,67.3616714477539,1180200.0
2020-04-24,67.6646887122533,68.75556776818196,66.80107805286823,68.45254516601562,1096100.0
2020-04-27,69.17222282977175,71.48276380412993,68.81617168490256,71.31610107421875,1377400.0
2020-04-28,73.48270755714049,74.8917578757649,72.80848523883564,73.53573608398438,1248600.0
2020-04-29,76.5129141382892,77.98256998212473,74.27055616007463,74.42964172363281,1521300.0
2020-04-30,73.17967424072795,74.22510187395805,72.01304104084332,73.61905670166016,1427500.0
2020-05-01,71.64941673314864,71.87667933220567,70.05855542104963,70.39945220947266,996600.0
2020-05-04,69.21769264240687,69.61161807452798,67.19501960806853,67.92984771728516,1714600.0
2020-05-05,68.91465847855116,69.5055494180656,66.14200926430544,66.23291778564453,1375600.0
2020-05-06,66.2404914352992,66.73289667238645,62.975431351016326,63.08906555175781,1523100.0
2020-05-07,64.25571595924154,65.71779508983356,63.566344975835015,65.03599548339844,1954700.0
2020-05-08,66.55865518712062,67.11924319431031,65.24808500607355,65.83898162841797,1843600.0
2020-05-11,65.30868426030153,66.01320922188047,63.50570907395967,63.52843475341797,1673700.0
2020-05-12,63.581484423559374,63.72542148092604,59.52099599179274,59.67250442504883,2575500.0
2020-05-13,58.96040681241715,58.99070965446873,56.33927166155428,56.66501998901367,3014400.0
2020-05-14,55.63474540932222,58.19527482689881,54.21811791392106,58.10436630249024,3009900.0
2020-05-15,56.801376026517886,57.33166127717656,55.3392972300724,56.77864456176758,2998300.0
2020-05-18,59.37705833897381,62.24061624807767,59.37705833897381,61.30882263183594,2837100.0
2020-05-19,60.9679309173369,61.55882194253815,58.59678388072586,58.95283508300781,1961000.0
2020-05-20,59.59675522877915,61.36943410152019,59.05889273183203,61.23307418823242,2015300.0
2020-05-21,61.15729207307599,61.86181700713572,60.05883611154518,60.53609848022461,1839700.0
2020-05-22,60.52096243447596,61.15731052481607,57.94527879200567,59.09676361083984,2020000.0
2020-05-26,61.97547235052054,64.20268229374705,61.68002684127743,64.0284423828125,2187700.0
2020-05-27,66.44503527481274,67.71014858461425,63.17240347563409,67.2783432006836,2861500.0
2020-05-28,68.17982871940147,68.71011396423765,65.53596809070275,66.48291015625,1730800.0
2020-05-29,65.53597060506128,66.4450327109935,63.892074723647895,65.13446807861328,2389600.0
2020-06-01,65.00569591521067,67.65713446755277,64.85418745266206,67.42229461669922,1118200.0
2020-06-02,68.51314519474997,69.77068108751806,67.65710598071891,68.33890533447266,1662000.0
2020-06-03,69.36917484153541,73.10391388574546,68.95251809819241,72.37666320800781,2562900.0
2020-06-04,71.86911810687226,73.54331100894602,70.4373421458301,73.47512817382812,1982700.0
2020-06-05,78.12651201952768,80.50523020618553,76.84625018000555,77.30078125,2451900.0
2020-06-08,79.4295130767723,81.74005442927013,79.32345600941272,81.1794662475586,1945500.0
2020-06-09,78.58105240564367,80.21736548719919,78.12651553551723,79.03558349609375,1915600.0
2020-06-10,78.31589848076845,78.81588669098274,75.85384898546262,75.86900329589844,1862200.0
2020-06-11,70.9827765149481,74.39176802744204,69.77826895477797,70.14189147949219,2163200.0
2020-06-12,73.42968469479534,73.61907313094413,69.81615587613408,73.13423919677734,1789800.0
2020-06-15,69.76311407819277,72.40698052444374,69.70251417768311,71.92971801757812,1138200.0
2020-06-16,75.27810874219033,76.10383945150282,73.04332199319897,75.12659454345703,1137700.0
2020-06-17,75.49781155848449,75.69477137748963,73.59634997581179,73.77058410644531,1463800.0
2020-06-18,72.40699439684975,73.48271941769772,71.58883489662304,71.83882904052734,1864500.0
2020-06-19,73.35391978639517,73.91450785739163,68.67223809587212,68.75556945800781,3879600.0
2020-06-22,68.93739186496127,71.24035597906621,68.12680957641746,70.92975616455078,2805000.0
2020-06-23,71.76306826122958,72.13426797514762,68.99799595706958,70.14947509765625,1300500.0
2020-06-24,68.92222927650928,69.94492548362281,66.21018599330282,67.94498443603516,1300600.0
2020-06-25,67.36166549615555,68.55102443058647,66.88440880337416,68.21770477294922,1647600.0
2020-06-26,67.8995658204477,68.45258280697193,65.92992649280713,66.0890121459961,1827700.0
2020-06-29,67.41445694939841,69.06936634165984,66.57168161608323,68.70160675048828,1223200.0
2020-06-30,68.83183246549163,69.49839397192832,67.75921281652042,69.24555969238281,1515600.0
2020-07-01,69.43710534449148,70.88514783259929,68.60965666938642,68.99273681640625,716300.0
2020-07-02,70.45610573906805,71.45211654145642,69.26089745247371,70.14198303222656,731600.0
2020-07-06,71.78921446671069,71.81986157874042,69.47541303918665,69.98873901367188,1022900.0
2020-07-07,68.70158949701734,68.70158949701734,67.46041360986612,67.63662719726562,1050300.0
2020-07-08,67.63663645839539,68.26488772733205,66.824508337544,67.10032653808594,955600.0
2020-07-09,66.70190661550258,66.86279955961746,64.55666151529898,65.16958618164062,1558900.0
2020-07-10,64.57963951477855,67.25353679205412,63.89009421316848,66.9547348022461,1693900.0
2020-07-13,67.56768130672833,70.21859534447935,66.98539781980621,69.12298583984375,1484000.0
2020-07-14,69.12297837485737,71.41379587520987,68.99273253583299,70.83151245117188,1700200.0
2020-07-15,71.88114248703752,72.50173031599529,70.53269903421952,71.39080047607422,2344700.0
2020-07-16,70.50206899090313,71.30653965267494,69.86616037753433,69.93511199951172,985400.0
2020-07-17,70.08068608800328,71.41380342108832,69.46775548789967,71.3065414428711,1076500.0
2020-07-20,70.47907560706989,70.98474414803057,68.48706024353851,68.59432220458984,1342200.0
2020-07-21,68.8931186952392,70.74722483948275,68.8931186952392,70.1343002319336,1271200.0
2020-07-22,69.44476774507456,71.47509366881647,69.26089091342166,71.36016845703125,1109000.0
2020-07-23,70.86983705472022,71.47510447262836,68.97741993000464,70.0883560180664,1195000.0
2020-07-24,70.03471335997467,70.70893229588572,68.90079358399714,69.4677505493164,1524600.0
2020-07-27,68.57902524343386,68.91613187509283,66.54869883072978,68.7475814819336,1675300.0
2020-07-28,68.7475631062529,70.08068032980194,68.01970734776692,69.82018280029297,1579600.0
2020-07-29,69.72057684591941,69.72057684591941,66.73255095488376,69.40644836425781,1542500.0
2020-07-30,67.69024623957868,67.97372759167848,65.98171242500774,67.62895202636719,1428400.0
2020-07-31,67.5600070316737,68.34148786791052,66.38011961591347,68.25720977783203,2039900.0
2020-08-03,67.42976879153142,67.57533527186975,65.79784363204145,66.07366180419922,986900.0
2020-08-04,66.0736420426701,67.22288213449578,65.98170657633996,66.81681823730469,1152000.0
2020-08-05,67.45275590813057,67.71324761361566,65.92809849369756,66.37246704101562,1342600.0
2020-08-06,66.03534855519517,67.75920898030883,65.96639109861468,67.65194702148438,1233000.0
2020-08-07,66.8704653585234,69.00038990787851,66.61763107437552,68.98506927490234,1085100.0
2020-08-10,69.25322598623187,70.72425229428545,68.94676071071929,69.6822738647461,1242700.0
2020-08-11,70.6093463920214,71.34485968627078,68.6939453615782,68.92378997802734,1274100.0
2020-08-12,69.48308015344566,69.76655572618624,67.4221070558878,67.55235290527344,1311700.0
2020-08-13,67.05434604060943,67.99672576970498,66.03535729688454,66.07366180419922,1690000.0
2020-08-14,65.88978151048947,66.93942315747854,65.64461046426399,66.21923065185547,1402500.0
2020-08-17,66.21925039507369,66.21925039507369,65.07000967724551,66.08900451660156,893100.0
2020-08-18,65.91275029417623,65.91275029417623,64.86311473280563,65.60628509521484,1072600.0
2020-08-19,65.50670361564602,65.91276762678116,64.2808483427836,64.48770904541016,1240200.0
2020-08-20,64.1352743535877,65.56799613719417,63.9130871778195,65.33048248291016,873400.0
2020-08-21,65.44540635275207,65.70590387414649,64.33447634195679,64.5566635131836,1115500.0
2020-08-24,64.24252697138542,66.80916228735678,63.71388044631172,66.75553131103516,1363400.0
2020-08-25,66.93176589961085,67.82050882959828,66.04301712428408,67.73623657226562,1586300.0
2020-08-26,67.70557534482528,67.70557534482528,65.33047417601703,65.8514633178711,1421700.0
2020-08-27,66.01235712662657,67.88944703647337,66.01235712662657,67.78984832763672,906600.0
2020-08-28,67.72856859287506,68.42577139442625,67.06967029736929,68.14229583740234,1038000.0
2020-08-31,67.89713908343538,68.07335270809494,65.98173801767389,66.55635833740234,1140300.0
2020-09-01,65.85145331118323,66.21921270351176,65.27683327933927,65.39942169189453,825000.0
2020-09-02,65.39179837190552,66.80153675015166,65.0317019968823,66.66362762451172,1218500.0
2020-09-03,67.00071700853108,69.14596822226048,66.43376001381918,67.13862609863281,901200.0
2020-09-04,67.26887763971445,68.19593091452556,66.05834294552899,67.27653503417969,1098100.0
2020-09-08,66.98538722951172,67.23055826229573,66.09663858233314,66.33415222167969,1750800.0
2020-09-09,66.64063043960823,67.33017008479999,65.26920269881234,65.51437377929688,1542900.0
2020-09-10,65.30749648530036,66.15793480974837,64.48004787787795,64.74053955078125,1791100.0
2020-09-11,64.77117635530055,64.84012795938996,63.20820903055893,63.75218200683594,1414400.0
2020-09-14,64.34979914473409,66.29584692302713,64.34979914473409,65.82083129882812,986200.0
2020-09-15,66.08133415575838,68.61732319603871,66.08133415575838,67.24589538574219,1044500.0
2020-09-16,67.23821366904635,69.47539981327634,66.21921930806332,68.9007797241211,1771100.0
2020-09-17,68.14228563379048,68.88546191478758,66.95473506276693,67.32249450683594,1466900.0
2020-09-18,66.63296819789835,67.06967937422282,64.90144412802425,65.02403259277344,2147300.0
2020-09-21,64.35744790123456,64.64092924035917,61.89807470073505,62.14324569702149,2080500.0
2020-09-22,62.09729765854004,63.8671261666882,61.44605669574971,61.675907135009766,2217200.0
2020-09-23,61.354123141749945,62.68724053384644,60.480700797410215,60.526668548583984,1610200.0
2020-09-24,60.672232141655655,61.62226921611399,60.09761195345816,60.81779861450195,982500.0
2020-09-25,60.20486529582585,61.66057073311176,60.07461947470848,61.58395004272461,844600.0
2020-09-28,62.993698003392296,64.38810945364601,62.740863712740506,63.38444137573242,1297100.0
2020-09-29,63.04327881709259,63.39993668708107,61.25223436344733,62.24467468261719,939600.0
2020-09-30,62.66337726296023,63.66357293661142,61.46934535601413,62.26020050048828,1320900.0
2020-10-01,62.4927879293308,64.27608328505546,62.31446194300506,64.22180938720703,885800.0
2020-10-02,62.98901618100755,66.32300151985191,62.5858394475578,66.11365509033203,1098800.0
2020-10-05,66.61762021722812,66.943263596034,64.60172502861562,65.51663208007812,941300.0
2020-10-06,65.97407711764872,66.45479295707275,64.05122559077371,64.30709075927734,1296000.0
2020-10-07,64.50092751689003,65.12119972794137,63.59376972174256,63.872894287109375,1213500.0
2020-10-08,64.40789457798752,65.71047412468626,64.15202936523687,65.26077270507812,1566000.0
2020-10-09,65.51663070706921,65.51663070706921,63.57826885183048,64.18303680419922,970800.0
2020-10-12,64.183038827682,64.53194752187149,63.46972306216424,64.12100982666016,809700.0
2020-10-13,63.252642153375845,63.43096817843479,61.32978408332885,61.84151458740234,1396600.0
2020-10-14,61.84149973550172,62.33771990884205,61.35302875066813,61.725196838378906,1011100.0
2020-10-15,61.252231669875805,62.25242704876483,61.09716509510368,61.6399040222168,725100.0
2020-10-16,61.37630312616553,61.41506682065685,59.88763647089466,60.22103500366211,1109400.0
2020-10-19,59.56974228379993,60.0969769833552,58.76338298357357,58.92620468139648,1137700.0
2020-10-20,59.856619345124365,60.213283177463765,58.89519339882308,59.03475570678711,769900.0
2020-10-21,58.67810893336349,59.174329252491965,58.07334078913897,58.964988708496094,868700.0
2020-10-22,58.98824995102588,60.073734151246455,58.778903485089415,59.87214279174805,622300.0
2020-10-23,60.36059731773712,60.66298134566434,59.56199304319027,60.22103500366211,525700.0
2020-10-26,59.70155698927777,59.72481638969077,57.87174256156824,58.4687614440918,1013600.0
2020-10-27,58.12760407081374,58.57730550134517,57.01886070404097,57.173927307128906,1204700.0
2020-10-28,56.61568172815832,56.61568172815832,54.731593393429215,55.16579055786133,2042700.0
2020-10-29,54.8401431592541,56.00316041974767,54.0337838154625,55.54570388793945,1604300.0
2020-10-30,55.4371489014136,56.25126324445187,55.0572316351875,56.14271545410156,1073900.0
2020-11-02,56.80177548194566,59.01926262104412,56.07294930023261,58.964988708496094,1230000.0
2020-11-03,59.624008331011765,60.73275148338293,59.15104759301641,60.39935302734375,996000.0
2020-11-04,60.29856609295901,60.29856609295901,57.69341285161347,57.75543594360352,1041600.0
2020-11-05,57.80970604130205,58.76338274224703,57.48406264699355,57.94926834106445,1727900.0
2020-11-06,58.42224074052669,58.80991321513591,56.2357682203472,56.91807556152344,1254000.0
2020-11-09,64.57071318878221,74.78200265718648,64.57071318878221,68.82735443115234,4745200.0
2020-11-10,69.30806334092686,72.37067258753729,68.71879970341978,71.74264526367188,3635000.0
2020-11-11,71.32397784750168,71.32397784750168,68.43194459584039,70.40132141113281,1640900.0
2020-11-12,69.68797737121703,69.9593527402306,66.9355073197989,67.52476501464844,1423300.0
2020-11-13,68.2381135169593,71.10688758397659,68.19158879556215,71.037109375,1743500.0
2020-11-16,74.47187928807529,75.4875792042814,73.09176041052945,74.8983154296875,1664400.0
2020-11-17,73.77405713848493,77.04601306268903,73.05298625511573,76.34044647216797,1851200.0
2020-11-18,76.53429400654099,77.44920122082276,74.52615356445312,74.52615356445312,1606800.0
2020-11-19,73.8128366630051,75.95279037520831,72.97546861511037,75.53410339355469,1445800.0
2020-11-20,76.08460612414112,76.45677434357196,74.766521931341,76.2784423828125,1514400.0
2020-11-23,77.09254550342035,78.782797662813,76.8832049781515,77.83687591552734,2204400.0
2020-11-24,79.32552799346607,82.1322784192586,79.32552799346607,80.9692611694336,1741900.0
2020-11-25,80.18615554128718,80.38774683993317,78.24779359579826,79.35653686523438,1635400.0
2020-11-27,79.6821782212429,79.97681301531001,78.35633939417406,79.41856384277344,427700.0
2020-11-30,78.87584566017269,79.3410514547215,76.02257596075073,76.10786437988281,2230400.0
2020-12-01,77.51896707470175,78.1004756099482,76.97622222589196,77.40266418457031,1196200.0
2020-12-02,77.49571819671765,78.8525717333364,76.83667623344236,78.34860229492188,1240400.0
2020-12-03,78.50366019697762,80.50405118021415,78.34859360472836,80.11637878417969,882600.0
2020-12-04,80.90722402814055,82.17103976507494,80.52730675437897,81.65930938720703,814300.0
2020-12-07,81.55077617163049,81.55077617163049,79.65118354786583,79.8217544555664,817800.0
2020-12-08,79.14721994139676,79.91480984402,78.34086042215687,78.66650390625,1051600.0
2020-12-09,78.90682856991597,79.24022703198449,77.09252478708542,77.9066390991211,1358600.0
2020-12-10,77.1855779103841,79.19371812130835,76.81340980020754,79.00763702392578,1493300.0
2020-12-11,78.06946839238955,79.04639856361737,76.89094100508274,77.51897430419922,687300.0
2020-12-14,77.53448486328125,78.68974703142885,76.06908357259817,76.37146759033203,1217500.0
2020-12-15,76.75136995472309,78.3408289508765,75.4798051239646,78.309814453125,1499300.0
2020-12-16,80.54282161324947,81.76011280208729,77.35615377783999,78.07722473144531,1327800.0
2020-12-17,79.70545488378143,79.70545488378143,77.340650667629,77.8601303100586,1311100.0
2020-12-18,78.17026002329578,78.34083682035848,73.72753185724073,74.51838684082031,3082600.0
2020-12-21,73.44842310968455,73.53370560433397,71.72715652904441,72.92118835449219,1561900.0
2020-12-22,73.47943587903394,73.47943587903394,71.5875982860703,72.02178955078125,1448900.0
2020-12-23,72.68082874149987,73.33987071862806,71.44803319885665,71.79693603515625,1014000.0
2020-12-24,72.26212835891724,72.8901616291147,70.92078525358183,72.82813262939453,367300.0
2020-12-28,72.85139691280114,74.02992432490393,72.40169550777739,73.76630401611328,762400.0
2020-12-29,74.1074571037448,74.78200329115127,72.11482121242656,72.33191680908203,820500.0
2020-12-30,72.82560252728139,74.04014252709791,72.72373375523915,73.55432891845703,707900.0
2020-12-31,73.17035062401337,74.20467107094765,72.34759911975458,74.07146453857422,562900.0
2021-01-04,74.67479857463807,75.19195564939992,71.10952522181906,71.16437530517578,1240100.0
2021-01-05,71.55618579514102,72.73155021751732,70.514027905863,70.5923843383789,1200500.0
2021-01-06,71.03901555309723,72.69235570461301,70.33379583313108,71.63452911376953,1960000.0
2021-01-07,71.65804730891573,71.65804730891573,70.03604467347434,70.71775817871094,1179600.0
2021-01-08,70.56102957350184,71.21139318732111,69.84797245925401,70.55319213867188,1123300.0
2021-01-11,69.77744338461277,70.74123849186041,69.56587452229283,70.20056915283203,1534100.0
2021-01-12,70.66289419713341,71.83825836809159,69.89498697502776,71.6658706665039,1075500.0
2021-01-13,71.73639716048068,72.81773006874499,71.57967834740592,72.1595230102539,1302100.0
2021-01-14,72.84907592856631,74.43973456324602,72.08900610335404,74.08712768554688,1209900.0
2021-01-15,73.82070279697112,74.78450401906917,72.61399489975234,74.55726623535156,1026600.0
2021-01-19,74.8628772272659,74.8628772272659,72.7628925936798,73.0998306274414,1139300.0
2021-01-20,72.75506287626875,74.3378904505114,72.49648124608854,73.3114013671875,947400.0
2021-01-21,72.88043161241231,73.50728905065205,71.12521643763081,72.07334899902344,1472700.0
2021-01-22,71.37596342792199,71.77558902115089,70.63940575944093,71.54051971435547,809100.0
2021-01-25,71.07036563506549,72.04983597721474,70.1300764978872,71.52484130859375,1107000.0
2021-01-26,72.11252108907874,72.95878487101083,71.48566367810899,72.65319061279297,944000.0
2021-01-27,72.08899690300329,72.1438469876054,69.30729952252698,70.30244445800781,1582900.0
2021-01-28,70.47483644928539,73.70316615991447,70.12222361684702,72.02631378173828,1576500.0
2021-01-29,71.16439897842176,73.327071229732,70.57671675629929,71.51700592041016,1633700.0
2021-02-01,71.77557528952119,72.04982575075448,69.64424717100246,70.70207977294922,1527200.0
2021-02-02,71.05469447660043,71.05469447660043,69.65209227393623,70.91365051269531,1223600.0
2021-02-03,70.50617685269776,71.76772881548963,69.65207583446717,71.32109069824219,1000900.0
2021-02-04,71.7050548939215,73.02929451731634,71.36027947617508,72.41810607910156,1013000.0
2021-02-05,73.18602105111627,73.18602105111627,71.60319371929113,72.18304443359375,878900.0
2021-02-08,72.32408544166638,74.83936431899087,72.10467908460424,74.7139892578125,1132100.0
2021-02-09,74.98825047186406,75.3565322940592,74.23601793168824,75.20765686035156,752300.0
2021-02-10,75.69346233033869,76.61808251730007,74.03228455520318,74.18115997314453,1106400.0
2021-02-11,74.22032980085703,74.51808656931806,73.12332205557288,74.38488006591797,896400.0
2021-02-12,74.00093897781892,74.54943993199528,73.13116890890208,73.7345199584961,593700.0
2021-02-16,74.04795537660014,74.37705596572518,72.46513398732328,72.65319061279297,1258400.0
2021-02-17,73.09197588500409,73.09197588500409,71.8460927856559,72.67668151855469,912600.0
2021-02-18,72.3162561560445,72.70804429906465,71.28193569759982,71.83043670654297,795600.0
2021-02-19,71.94012348315452,72.73153705826434,71.43080377484563,72.27706146240234,903800.0
2021-02-22,72.60616235046406,75.8109856440673,72.31623704907496,75.58374786376953,1610700.0
2021-02-23,76.00688048584323,79.62700416217032,75.38785465934639,79.25088500976562,2203900.0
2021-02-24,79.70537054597683,82.41654343043511,79.24305748785933,82.0325927734375,1347500.0
2021-02-25,82.33817743907737,83.79562945300242,79.76804880581074,80.48893737792969,1493600.0
2021-02-26,79.87775641583681,80.48894486988003,77.65239699180495,77.6759033203125,1360800.0
2021-03-01,78.97665818920954,80.93559899365007,78.5691951540867,79.36844635009766,1193100.0
2021-03-02,78.89828406217073,79.68969166540269,77.80127626201158,79.44678497314453,1256700.0
2021-03-03,79.7131997510062,82.96503580251233,79.61916846629859,81.91504669189453,1411000.0
2021-03-04,82.0796046670244,82.86318084522988,77.95016083829469,79.07850646972656,1618700.0
2021-03-05,79.79157149265842,80.61432297359686,77.94233105234099,80.12850952148438,834300.0
2021-03-08,80.62215838342605,84.90048391139767,80.00313244006402,84.46952056884766,1224900.0
2021-03-09,84.46950979148014,85.13554831095998,82.84750743025234,82.87884521484375,1441800.0
2021-03-10,82.83969132243921,84.31281268416768,82.11096508973984,83.4587173461914,830900.0
2021-03-11,83.45869681776016,85.13554928859591,82.792658290632,84.06988525390625,1397800.0
2021-03-12,84.88481361001753,86.47547238502533,83.97586232246327,85.08853912353516,1268400.0
2021-03-15,84.18742457969924,85.04151972492562,82.88668528399722,83.87399291992188,856000.0
2021-03-16,83.819138449189,84.0463762412016,82.11877970485246,83.07473754882812,726100.0
2021-03-17,82.84752209863517,83.49005440432782,81.97775195604707,83.14527893066406,708300.0
2021-03-18,83.31764267276958,84.23442521475492,82.33033517774878,82.81615447998047,973200.0
2021-03-19,82.48706843996601,83.3098258860994,81.62513576862436,81.79752349853516,1356900.0
2021-03-22,81.49976862956558,82.1579698196598,80.18336027116472,80.2695541381836,1371900.0
2021-03-23,80.13633539750352,81.05312409556144,79.50947802400894,80.12066650390625,1016900.0
2021-03-24,80.48896009770931,81.96208141893126,80.48896009770931,80.51246643066406,1076800.0
2021-03-25,80.12067642124173,82.23633003325592,78.91396820567807,82.01692962646484,727700.0
2021-03-26,82.43221701149037,83.99153801363131,82.04042889645817,83.89750671386719,764400.0
2021-03-29,83.41951170302892,83.6389120566571,80.66132643451404,80.77102661132812,1463000.0
2021-03-30,81.04792526568063,81.98142042816153,80.57326803836362,81.4909439086914,1122700.0
2021-03-31,81.00043632070009,81.34852099643535,79.5289951458457,80.10649871826172,1268900.0
2021-04-01,80.36757807924764,82.5905657698625,80.36757807924764,82.47981262207031,776700.0
2021-04-05,82.88326286539345,83.16805838105165,80.8817876282797,82.2899398803711,1199800.0
2021-04-06,81.85484498204647,82.71713820922761,81.67288993319139,82.47981262207031,1450900.0
2021-04-07,82.6775688683534,83.39746417145213,81.94975486781041,82.82787322998047,856400.0
2021-04-08,82.50353932946926,82.76460289077147,81.68871006442922,82.17127990722656,768200.0
2021-04-09,82.50354382201091,83.16015607476403,82.03679324436446,82.85953521728516,963400.0
2021-04-12,83.15223353672886,83.40538441867344,82.11589805682968,83.21552276611328,947500.0
2021-04-13,83.22344629899911,83.72184153715344,82.41652958500757,83.53988647460938,1185400.0
2021-04-14,83.69810161888522,84.41799706521795,83.18388713687969,83.62689971923828,833300.0
2021-04-15,83.91168312931038,84.25976784266601,82.96236886545871,83.44493865966797,817100.0
2021-04-16,83.84841478379465,83.88005940521619,82.66176864066188,83.41331481933594,1193600.0
2021-04-19,83.69018769223058,84.22813412080068,82.5826502174576,83.97498321533203,983800.0
2021-04-20,83.02565718909887,84.00662216272161,82.90699742547724,83.95915222167969,1052100.0
2021-04-21,83.99079958601482,85.0429604522455,83.46867850221196,84.96385192871094,1622400.0
2021-04-22,85.04296158844569,85.36731438554234,83.31045653260277,83.85631561279297,1595200.0
2021-04-23,83.82466450251069,84.32305360086434,83.53986900756772,83.89586639404297,798800.0
2021-04-26,84.10947534842374,85.35941068929101,84.10947534842374,84.90848541259766,1124000.0
2021-04-27,85.13788535527742,86.05555499591482,84.36260742068315,85.51760864257812,904400.0
2021-04-28,85.73912671124083,85.73912671124083,84.6157699477944,85.0746078491211,1394800.0
2021-04-29,85.50969834608415,87.1947393413269,85.50969834608415,86.56185913085938,796100.0
2021-04-30,86.33245023486903,86.67262233128501,85.69957598647223,86.5064926147461,1369000.0
2021-05-03,86.72798229479007,87.02069042631005,85.20907714680031,85.50178527832031,909100.0
2021-05-04,85.69957897556314,86.56978486970645,84.8214604178057,85.7707748413086,794800.0
2021-05-05,85.33566598975524,85.75494658355767,83.35001012179224,84.00662231445312,1150800.0
2021-05-06,84.394253021689,85.39103722480775,83.89586393792607,85.05086517333984,771400.0
2021-05-07,84.64741060502733,85.92899039634698,84.43381699093742,85.5650863647461,905500.0
2021-05-10,86.32454627153948,87.4479030764811,85.54135553791942,85.60464477539062,1065400.0
2021-05-11,85.0429627679294,85.68374967227919,83.99871453629578,85.1141586303711,706200.0
2021-05-12,85.12998200649808,85.45432876506871,81.91021619642792,82.12380981445312,1399100.0
2021-05-13,81.9181211895355,84.46544921916868,81.6412323285034,83.86421966552734,1243500.0
2021-05-14,84.01453086353254,85.70747860304314,83.95124766657015,85.59672546386719,1049300.0
2021-05-17,85.59673129883379,87.40043833606904,85.1853633303657,87.13146209716797,1427600.0
2021-05-18,87.12355421628969,89.51267173673901,86.73591818147025,88.92726135253906,1511800.0
2021-05-19,88.5554255635503,88.5554255635503,85.58881096090064,86.57768249511719,1370800.0
2021-05-20,86.46693023864593,88.0174800956725,85.83405003612397,87.41624450683594,1351400.0
2021-05-21,87.70895649923428,89.26741305126302,87.54282679680257,88.66618347167969,1180500.0
2021-05-24,89.25159728242998,91.205608582143,88.93515715482255,90.96827697753906,1054100.0
2021-05-25,89.82909749990846,90.82587571533767,89.42563620189576,90.52526092529295,1682300.0
2021-05-26,90.80214709347014,92.3052331700122,89.99523050344081,91.81475067138672,1308400.0
2021-05-27,92.31313112244682,92.82733945683331,91.83846798979395,92.28148651123048,1950300.0
2021-05-28,92.68496208929832,93.3178363046935,92.20239225592806,93.00139617919922,676500.0
2021-06-01,93.3494841257731,95.09780848555238,93.1991737029942,94.93167877197266,1124800.0
2021-06-02,95.86517677877946,96.09459573374748,94.49657571240996,96.05503845214844,921600.0
2021-06-03,95.76231669307538,96.05501878885188,94.63104747669308,95.02659606933594,890800.0
2021-06-04,95.2481178148717,95.54873262138484,94.31462274290686,95.14527130126952,826100.0
2021-06-07,95.46171335620603,97.86664996351728,95.08199001776376,97.42363739013672,850800.0
2021-06-08,97.14676129961391,97.8745694453266,96.65627874806285,96.79076385498048,1068500.0
2021-06-09,97.0834522076098,97.4473562060512,96.67999093376687,96.8144760131836,567800.0
2021-06-10,97.24958454918536,97.50273542610935,96.39519807621951,97.05972290039062,1391100.0
2021-06-11,96.74329724775242,97.5027499919785,96.18161884428083,97.43946075439452,999100.0
2021-06-14,97.70052374812848,98.28593410329267,97.5106620721065,98.11980438232422,1111100.0
2021-06-15,97.85081886756996,98.23845482251242,96.07875671664722,96.51386260986328,1374000.0
2021-06-16,96.51387633160816,97.39199486960388,95.58038122074753,95.80188751220705,1493200.0
2021-06-17,96.11041133688887,96.32401099237688,94.10893609089612,94.34626770019533,1038200.0
2021-06-18,93.36529818978596,94.13266351592895,92.73242398809194,92.76406860351562,1863000.0
2021-06-21,93.54725730179884,95.0186987874484,93.3732149271703,94.63896942138672,1133100.0
2021-06-22,94.3462681736466,94.43328936178678,92.95393519899756,93.1596221923828,1349600.0
2021-06-23,93.68173579130828,94.63896274868058,93.0567682335674,93.9190673828125,1299600.0
2021-06-24,94.15640371689194,94.6310669542355,92.86691721227952,94.19596099853516,1242600.0
2021-06-25,94.32254275487914,95.12154675866194,93.75295167871327,94.77346801757812,880700.0
2021-06-28,94.6152329148948,94.78136261842982,90.99200594562647,92.34478759765624,1437700.0
2021-06-29,92.10544298107058,92.8154801417749,90.78110626403658,90.81301879882812,912900.0
2021-06-30,90.5976140218549,91.87409111339522,90.5976140218549,91.41934204101562,927800.0
2021-07-01,91.42731675383448,92.7755924133677,91.10022392966395,91.69857025146484,803600.0
2021-07-02,91.83419978733444,92.78357795927488,91.395410022145,92.60008239746094,849200.0
2021-07-06,92.4484970042526,92.95111182908715,91.0922477248096,92.76761627197266,1378100.0
2021-07-07,91.80228877438608,92.00971722016249,90.74919940715108,91.2518081665039,1534000.0
2021-07-08,90.39019277479458,91.41136959117377,89.65621661216484,90.50985717773438,1008900.0
2021-07-09,91.6108083521481,93.53349128484808,91.17201863374495,93.47764587402344,925700.0
2021-07-12,92.96705953691352,94.9376143549588,92.94312665842608,94.7062530517578,828800.0
2021-07-13,94.6902989090692,94.91368055504132,92.57614075393025,92.79952239990234,460700.0
2021-07-14,92.5920918781316,93.59731534891098,92.43253530225252,93.18246459960938,648300.0
2021-07-15,93.00695091078472,93.37393591332876,92.46445001861234,93.0308837890625,413500.0
2021-07-16,93.40587434723656,93.58139028553391,92.3926709167727,92.65594482421876,545600.0
2021-07-19,91.10822523097724,91.13216420395874,87.35858957433685,88.32392120361328,1555800.0
2021-07-20,88.85841338132863,92.7835697814739,88.5472737885973,92.57614135742188,1064000.0
2021-07-21,93.2702359629796,95.1211205082893,92.80751330497868,93.37394714355467,626500.0
2021-07-22,92.92717883466818,92.94313205902232,90.71728292995236,91.34754180908205,912600.0
2021-07-23,92.12937910429906,92.40860616674176,90.75717058407388,91.66665649414062,796800.0
2021-07-26,91.50709776913672,92.67985756863638,91.19595815947686,92.04959869384766,719800.0
2021-07-27,92.0256956327592,93.14261037927164,91.18801413789666,92.73573303222656,725900.0
2021-07-28,93.9563283583093,95.22482576086956,90.57367876263817,94.13982391357422,1292300.0
2021-07-29,94.88975703007458,95.6556396431978,94.40310150193994,94.46692657470705,618500.0
2021-07-30,94.84189549105416,95.9348771558906,93.54947110385646,93.64520263671876,926300.0
2021-08-02,94.37117950140568,95.91890388397503,92.7277236059802,92.8154754638672,514400.0
2021-08-03,93.42181042436664,93.42181042436664,91.02842498521107,92.60008239746094,599200.0
2021-08-04,91.93791394172491,93.10269416275482,91.43530517443968,91.49913024902344,516400.0
2021-08-05,92.43254460826422,93.3260773485495,92.17725040913898,93.23831939697266,539100.0
2021-08-06,93.92441962901594,94.70625541703473,93.61327394082808,94.06004333496094,564600.0
2021-08-09,93.38192389396036,94.00420313143697,92.69581958425692,93.51754760742188,363100.0
2021-08-10,93.68507348060476,93.76485176870524,92.63996390709436,92.75962829589844,520600.0
2021-08-11,93.24629345086838,94.26747633937448,92.52828269669617,94.2196044921875,820500.0
2021-08-12,94.12387650777848,94.50681477949956,93.09472001165028,93.85262298583984,510100.0
2021-08-13,93.84465116213876,94.33130674169988,93.62126947054244,94.06803894042967,431400.0
2021-08-16,93.740900316809,94.89770048178642,93.07872909206289,93.34200286865234,568700.0
2021-08-17,92.49637587597704,93.04685041574224,90.70931027569236,92.5123291015625,907900.0
2021-08-18,91.95388212432906,92.00174789153732,90.20670858089076,90.35829162597656,635600.0
2021-08-19,89.9194994999926,91.0523672639855,88.96214766019189,90.04714965820312,970600.0
2021-08-20,89.56049291532952,90.86089693001672,88.7228055013928,90.24659729003906,813700.0
2021-08-23,90.7811130390619,91.15607774247924,90.24659173647277,90.8209991455078,531800.0
2021-08-24,90.96461558417684,91.45127119424887,90.1189545310592,91.2039566040039,515200.0
2021-08-25,91.19595360243495,91.89003751290495,90.19870975292292,90.93268585205078,488800.0
2021-08-26,91.03639781969318,91.03639781969318,89.20146668581903,89.32911682128906,626300.0
2021-08-27,89.75993206960281,90.68537125830196,89.75195241400284,90.22264862060548,749400.0
2021-08-30,90.19871054407814,90.68536603384406,88.27602755043517,89.32911682128906,896000.0
2021-08-31,89.32115516981828,90.92472532139044,89.09777347441414,90.14288330078124,821700.0
2021-09-01,90.86886773683156,92.8473962770832,90.58166099926378,92.1134262084961,739100.0
2021-09-02,92.34479091830067,92.65593054763414,90.9247164897132,91.76239776611328,446200.0
2021-09-03,91.3076329091974,91.53899418350376,89.5125942065,90.85289001464844,566400.0
2021-09-07,91.2198807677535,92.04958832898524,89.68811577164551,90.56568908691406,773000.0
2021-09-08,90.07906042935612,91.27575324896124,89.85567265687318,90.70133972167967,389400.0
2021-09-09,89.9194917306387,90.43008014597508,88.85044913812001,88.87438201904297,536000.0
2021-09-10,88.87437269030511,89.0259496158048,86.20176040284632,86.24962615966797,714700.0
2021-09-13,86.91181622994439,88.63505079985082,86.3294230209927,88.26008605957031,540700.0
2021-09-14,88.85841828907718,88.89831047976126,87.4303642936379,88.06062316894531,452300.0
2021-09-15,88.02074763040596,89.09776995452415,87.78938628739333,88.85842895507812,540800.0
2021-09-16,88.64301406351088,89.52856711160197,88.45154494375144,88.69087982177734,501100.0
2021-09-17,88.29996944426942,88.8025782089369,87.66173087514436,87.7494888305664,1450100.0
2021-09-20,86.6405577049456,88.02871965191221,85.9065875800386,87.3665542602539,644800.0
2021-09-21,88.14040588322008,88.75470543595748,86.73628479407141,86.80010986328125,505400.0
2021-09-22,87.54207527889109,89.40891323840171,87.06339326052917,88.72280883789062,668400.0
2021-09-23,89.3849737876826,90.98854382331304,89.3610409058618,89.71206665039062,839100.0
2021-09-24,89.68812674360525,90.68537065265627,89.48867796179505,89.96735382080078,974900.0
2021-09-27,90.92471715028934,92.00971907619942,90.262545693638,90.35030364990234,616500.0
2021-09-28,90.342316448091,90.99650819406992,89.66419182271065,90.1029815673828,596100.0
2021-09-29,90.21565669443412,91.20553682014832,89.44307017337587,89.50745391845703,551700.0
2021-09-30,89.85350983062095,89.85350983062095,87.16554677457738,87.19773864746094,786400.0
2021-10-01,87.73693637603894,90.30418137566414,87.49550654577428,89.99031829833984,562200.0
2021-10-04,89.72475657760356,90.87559012093696,89.45113482462992,90.11910247802734,466500.0
2021-10-05,90.14323185416742,90.43295257435004,88.88777335338551,89.41893005371094,590800.0
2021-10-06,88.77509512617986,90.97214265650764,87.88984019607362,90.8594741821289,823700.0
2021-10-07,91.63204739939994,92.09882023437312,90.81117018755462,91.31013488769533,648200.0
2021-10-08,91.44694074110556,92.29196027092156,90.9479822080452,91.62399291992188,640700.0
2021-10-11,91.37453014559098,92.42878776795467,91.37453014559098,92.29197692871094,630200.0
2021-10-12,92.05859741508146,94.11882808111557,91.32625228987816,93.45086669921876,823000.0
2021-10-13,93.03237811251704,93.24967171026051,91.39062950500556,93.17723846435548,682900.0
2021-10-14,93.97397065098818,93.97397065098818,92.83923630478982,93.55548858642578,727600.0
2021-10-15,94.11882732821284,94.6982687333926,93.77277238567336,94.12687683105467,624300.0
2021-10-18,93.62792842803614,93.86131493154092,92.73462993527336,93.24163818359376,610600.0
2021-10-19,93.7244864115856,93.9578728711456,92.7828972105814,93.45890808105467,636800.0
2021-10-20,93.41866076374724,95.99394870859015,93.2979427982141,95.80885314941406,787400.0
2021-10-21,95.92153830809326,95.92153830809326,93.45086889538238,94.1027374267578,479100.0
2021-10-22,94.49707192748764,95.2535655376287,93.756677322653,94.82703399658205,443200.0
2021-10-25,94.91555853288548,95.028227008277,94.07053882747772,94.3683090209961,490100.0
2021-10-26,94.36831642846391,95.97787322036692,93.84520924310108,95.51914978027344,741700.0
2021-10-27,96.57339408596782,96.66192018841096,92.4529270612436,92.72655487060548,1060100.0
2021-10-28,93.17722623534848,93.36232793728186,90.4087870479888,91.8734893798828,872500.0
2021-10-29,91.63206167647157,92.24369493001107,91.29405624950422,91.45500946044922,1179200.0
2021-11-01,91.9298419427727,92.4368501387729,90.6421915542486,92.1793212890625,700700.0
2021-11-02,92.71044221542093,92.71044221542093,91.19746147457538,91.62399291992188,659200.0
2021-11-03,91.23773804890892,94.56952044887691,91.23773804890892,94.21541595458984,573000.0
2021-11-04,94.35220391001369,94.4085381440638,91.75277350173818,92.32416534423828,560900.0
2021-11-05,93.90959480076955,95.11676241799442,93.0484821460814,94.0866470336914,1038800.0
2021-11-08,94.93969861746984,95.95372101158078,94.6821698027718,95.32598876953124,555300.0
2021-11-09,95.36623261595643,95.70423804277428,94.07858850905174,94.56950378417967,368100.0
2021-11-10,94.23954910034507,95.40648146046908,94.23954910034507,94.49707794189452,388000.0
2021-11-11,94.44878268401904,95.37427896587954,93.76472235045996,95.13284301757812,325800.0
2021-11-12,95.14088887322724,95.93761764813048,94.70630786692432,94.96383666992188,397900.0
2021-11-15,95.54327383953203,97.13673131975634,95.05235862088446,97.10454559326172,540000.0
2021-11-16,97.04017191886555,97.1367413883006,94.3683081250026,94.84312438964844,595400.0
2021-11-17,94.45683611246784,94.54536222119329,91.77692276280824,94.35221099853516,660900.0
2021-11-18,94.73046332522406,96.26759299366158,94.25564702343772,95.99396514892578,545300.0
2021-11-19,95.92957339300504,95.92957339300504,92.88751232247095,94.11077880859376,840500.0
2021-11-22,94.15906884312916,96.21929949576057,93.69229591715124,95.06846618652344,677300.0
2021-11-23,95.73643974021034,96.2997883160388,94.64999010536044,94.89142608642578,610600.0
2021-11-24,94.43269299699357,95.34209650401652,94.09468754799812,95.05237579345705,368100.0
2021-11-26,92.3483167170158,92.3483167170158,88.24394831314275,89.87764739990234,724400.0
2021-11-29,90.52951479124974,90.52951479124974,87.74498243953954,88.79924011230469,761400.0
2021-11-30,87.51965140443404,87.68865413241838,85.66865861989172,86.78730010986328,1635200.0
2021-12-01,88.75094089060435,89.70057943335713,84.64657320717029,84.74314880371094,798000.0
2021-12-02,85.36283379038133,89.66839645502868,85.20992394902946,88.91995239257812,990100.0
2021-12-03,89.37868576413585,90.12712991022006,87.51964965352776,88.70267486572266,910600.0
2021-12-06,90.79509544535703,92.88751797907592,89.47525940993567,91.2860107421875,1007200.0
2021-12-07,91.92982951274222,92.73460782676791,91.57572508978012,92.69436645507812,840700.0
2021-12-08,92.77485147707492,95.2455208797288,92.5012297726634,94.44074249267578,753500.0
2021-12-09,93.67620729833712,93.67620729833712,91.13310459872548,92.3966064453125,959600.0
2021-12-10,93.145046603762,93.145046603762,90.5456159132094,91.82521057128906,690700.0
2021-12-13,91.35039953377964,92.12298607477354,89.17749413101053,91.5837860107422,673500.0
2021-12-14,90.93995456811672,92.56560415172918,90.93995456811672,91.9700698852539,824400.0
2021-12-15,92.56559421573117,93.13699219246928,91.10089800515264,93.08065795898438,811300.0
2021-12-16,93.51524318516256,93.51524318516256,90.97214675466005,91.76082611083984,925000.0
2021-12-17,91.95397630114864,92.8955655002396,91.16529081389407,91.90568542480467,1985300.0
2021-12-20,90.50537563147589,90.73876209783678,87.39088109896961,89.58792877197266,766300.0
2021-12-21,90.53757971819888,93.25772879178665,90.23176610376308,92.3885726928711,802200.0
2021-12-22,91.80912683904516,92.59780627985197,91.18140063188032,92.28394317626952,693400.0
2021-12-23,92.19541697182514,92.72657369431008,91.32626091498877,91.95398712158205,864000.0
2021-12-27,91.95396782532735,93.30599557887568,91.286000380545,93.2738037109375,545900.0
2021-12-28,92.847279217825,93.57962431382172,92.15516935481143,92.79898834228516,484800.0
2021-12-29,93.08870823065594,93.28990281374632,91.81715699193172,93.01628112792967,346600.0
2021-12-30,93.34095745340149,94.76948166658222,93.23544381774632,93.92535400390624,510900.0
2021-12-31,93.81170303127602,94.509731414966,93.47891932144564,93.4870376586914,431700.0
2022-01-03,94.63959148898832,97.39923779843946,94.16882702010145,97.3505401611328,1100900.0
2022-01-04,98.35701455098236,101.33580694573378,98.35701455098236,100.58908081054688,1242600.0
2022-01-05,100.87314799525116,101.73350599052694,98.93328024091764,99.2335968017578,1042800.0
2022-01-06,100.19947293795823,101.4413185396787,99.16866696457632,101.29521942138672,1045200.0
2022-01-07,101.45755872122773,103.89254013053716,101.33580841226664,101.96890258789062,1099000.0
2022-01-10,102.13123335319546,102.40719492689838,100.9705586910498,101.54683685302734,590300.0
2022-01-11,101.45753751052,101.45753751052,99.36345245010848,100.2156982421875,761300.0
2022-01-12,100.17512944544822,100.80011144845987,99.50956813615537,100.25629425048828,518600.0
2022-01-13,100.24819331369083,102.61012222458103,100.14267348211044,102.03384399414062,700600.0
2022-01-14,101.49002429369844,102.16370395925172,100.39428391516496,101.52249145507812,770100.0
2022-01-18,101.46565998102918,101.8958389668026,99.68000353261208,100.18323516845705,814500.0
2022-01-19,100.75952338055792,100.82445769992536,97.35055211597476,97.43171691894533,712600.0
2022-01-20,97.18012369210288,98.55994419719272,94.50164130871816,94.66397094726562,730700.0
2022-01-21,94.87499456456224,94.89934338856423,92.22897962256268,92.8864288330078,989600.0
2022-01-24,90.78421507417558,93.75489512930392,88.9011631819963,93.36529541015624,1412100.0
2022-01-25,92.37507566527609,93.39776958645622,90.95466984960066,92.73220825195312,1071400.0
2022-01-26,93.5844506908782,96.3440912176178,92.09099226945804,93.04875183105467,1221600.0
2022-01-27,94.20942044320208,94.73700093084965,88.99044393081363,89.66412353515625,1371200.0
2022-01-28,89.45308689096764,91.9854694252978,87.40770552312654,91.96112060546876,1204900.0
2022-01-31,90.8897366856378,91.50659414713184,89.63166055585639,90.9709014892578,3015300.0
2022-02-01,90.58129875136328,94.26623768401215,90.27287003086887,93.73054504394533,1318800.0
2022-02-02,93.94969971764702,95.28082239751392,93.35718484786918,93.77113342285156,892500.0
2022-02-03,93.60067175386035,93.71430370799582,91.8637190921016,92.2533187866211,547100.0
2022-02-04,91.71762168139944,92.65915068166836,90.27286721562156,91.47412109375,686200.0
2022-02-07,91.55528450759844,93.02438767206444,91.31178394010084,92.40752410888672,820900.0
2022-02-08,93.08933790236198,93.40588497875817,91.7582152753427,92.34260559082033,1052900.0
2022-02-09,93.32471664039684,94.6396025410436,93.05686721897712,94.5827865600586,1068800.0
2022-02-10,94.07145291329888,96.4496184190409,93.17050926553624,93.8117218017578,902800.0
2022-02-11,93.9172108541792,96.4658236542218,93.78734842863943,95.50806427001952,1901900.0
2022-02-14,95.88956104305832,96.37655605412328,94.73700473862648,94.9236831665039,1234300.0
2022-02-15,95.84087052703477,97.86190337911393,95.3132899789478,97.3180923461914,1002700.0
2022-02-16,97.42360291218216,99.56638600675196,97.42360291218216,99.49333953857422,1182400.0
2022-02-17,98.99822379450832,99.97221383505808,98.38947847104532,99.03880310058594,874900.0
2022-02-18,98.8521204640377,100.1588941982134,98.16221036529038,98.37323760986328,1098600.0
2022-02-22,98.26773094684404,98.89270677191672,96.53077807017384,98.38136291503906,1148000.0
2022-02-23,99.17677150976536,99.73681289160118,96.06811115383611,96.10057830810548,1030000.0
2022-02-24,94.0227427666152,97.74014908261512,93.00816721262906,97.4073715209961,1458600.0
2022-02-25,98.19468890512287,100.37805141456646,97.90249063302636,100.20760345458984,855500.0
2022-02-28,98.21903788578464,100.15890596656206,97.90249078925464,99.2741928100586,1073400.0
2022-03-01,99.13619271062709,99.87480658703991,96.97717944202972,98.0810317993164,622500.0
2022-03-02,98.84399755558364,100.07772476939232,98.68166796072956,99.75305938720705,663500.0
2022-03-03,99.41218224232912,99.964111638232,98.04859233436191,99.43653106689452,627800.0
2022-03-04,97.85378158098985,100.02091968236331,97.5291223559323,99.96410369873048,640600.0
2022-03-07,99.67190961142946,100.49980057792092,97.89437117524022,98.30020141601562,617300.0
2022-03-08,98.9251615323291,100.67023252868049,97.75637483562625,99.06314849853516,921600.0
2022-03-09,100.75140014106184,101.619876494799,100.27252349209824,100.66211700439452,967000.0
2022-03-10,99.5501527061207,101.61177093578766,98.57615647729412,101.4332046508789,494900.0
2022-03-11,102.07441232980229,102.61010496684906,100.11830781848072,100.1913604736328,730500.0
2022-03-14,101.18969884697636,102.0094775708155,99.21736386109164,99.6718978881836,876800.0
2022-03-15,100.21572397511504,100.84069984196849,98.55181745570164,99.55828094482422,674000.0
2022-03-16,100.743275758559,101.45753457265896,98.54367715212092,100.4673080444336,760000.0
2022-03-17,100.05338670453072,101.25464696434923,99.73683960621275,101.24652862548828,536200.0
2022-03-18,100.92184628989052,101.20593237015336,99.50144065848478,101.09230041503906,1226100.0
2022-03-21,101.53871437292564,102.56140820650266,100.92996907549504,101.87149810791016,457800.0
2022-03-22,102.6993748076836,103.20260641336856,101.58740418109606,101.79843139648438,667900.0
2022-03-23,102.00947911449884,102.10688059159476,99.80176184014344,100.06149291992188,581000.0
2022-03-24,100.04525106573166,102.43964649178272,99.96408627361542,102.3666000366211,720600.0
2022-03-25,102.6993989865352,105.42657867994052,102.6993989865352,105.33729553222656,765600.0
2022-03-28,105.14248836243092,105.43468661738024,104.2415447750834,105.3129425048828,558100.0
2022-03-29,105.51585268606402,108.04011704187498,105.31293758474467,107.55311584472656,777500.0
2022-03-30,107.28326669601395,108.28087126441795,106.26113189045508,107.0052490234375,606100.0
2022-03-31,107.08703767335052,107.86385772352244,105.26353997739616,105.32078552246094,828000.0
2022-04-01,106.17119273375324,106.5228136255122,104.5684859683126,106.49828338623048,528900.0
2022-04-04,106.67818585451928,106.69453103009644,103.89797130670894,104.92829132080078,389200.0
2022-04-05,104.69931054269892,106.15484203532756,102.5978077977762,102.8676528930664,659000.0
2022-04-06,102.65505266913942,102.94124919242284,101.34672124940364,102.2789077758789,981000.0
2022-04-07,101.98452418971064,101.98452418971064,98.55832629716596,100.06291198730467,917800.0
2022-04-08,100.27551673947698,100.84791600812792,99.057133724908,100.33275604248048,560200.0
2022-04-11,100.68438883037724,101.48574545545291,99.72767191978988,100.66803741455078,608200.0
2022-04-12,100.4963031917602,101.73921646755778,100.08744923755336,100.9378662109375,574300.0
2022-04-13,101.3058368080399,102.20531429982618,100.64349536894014,102.08265686035156,519900.0
2022-04-14,102.47516443736173,103.35011173182431,101.82099555387218,101.87823486328124,323100.0
2022-04-18,102.12354541637364,102.70411731246683,100.6189657823208,101.20771026611328,562500.0
2022-04-19,101.74738481860594,103.59540624818032,101.29764301983263,103.2029037475586,481800.0
2022-04-20,103.3010408377928,104.95281429475092,103.3010408377928,104.41312408447266,497600.0
2022-04-21,105.4270706312838,105.46795852059525,103.7344218134324,103.9552001953125,468200.0
2022-04-22,104.92009291976754,104.92009291976754,102.67957514300284,102.77770233154295,629000.0
2022-04-25,102.3852003919066,103.15384777658817,100.34093074210746,102.88400268554688,548400.0
2022-04-26,102.23802109142,103.2519771738572,101.46120105639292,101.51026153564452,523900.0
2022-04-27,101.74739392499866,101.74739392499866,99.7848937234774,99.95661163330078,670200.0
2022-04-28,100.36546933881328,101.38760424884286,99.36786466844576,101.01145935058594,701200.0
2022-04-29,100.00567583266492,100.38999329434108,95.87624855918946,96.16244506835938,1248400.0
2022-05-02,96.48136879155471,97.40538285892312,93.68480882394265,95.86808776855467,1273700.0
2022-05-03,99.31062675739254,100.50448583905182,95.72088940205646,99.25338745117188,1175700.0
2022-05-04,98.85270345129616,100.92968218019293,97.53619328755204,100.52082824707033,1057600.0
2022-05-05,100.27553280181678,100.48813863500654,97.05376742744092,97.85511779785156,806500.0
2022-05-06,97.51167240653912,98.31302893734512,96.3587012099636,97.4053726196289,957400.0
2022-05-09,96.48952793515367,96.71030631340416,92.88343326100764,93.22687530517578,1114100.0
2022-05-10,93.8728777519018,94.71511596551883,89.33459600842963,90.1686553955078,946200.0
2022-05-11,90.18500160341122,92.33557105256855,89.04838816480769,89.26099395751953,787900.0
2022-05-12,89.19558377699288,91.03542664579908,88.7049602597012,90.84735107421876,772200.0
2022-05-13,91.78771921986716,92.52365763728208,90.47938772147212,92.1638641357422,1001200.0
2022-05-16,92.35193881142612,92.88344399345466,90.97818919186804,91.93490600585938,713800.0
2022-05-17,92.67083998953788,93.86469280305616,92.27015861728576,93.85651397705078,1002000.0
2022-05-18,93.49671280413344,93.49671280413344,89.49812190690041,89.7843246459961,797900.0
2022-05-19,88.91755907887548,90.1522998071741,85.89204221571396,85.92475128173828,1460000.0
2022-05-20,86.7588186634079,86.7588186634079,84.90262422462682,86.04741668701172,1104800.0
2022-05-23,87.42115369093827,87.58469277382201,85.81844073332023,86.7342758178711,1054400.0
2022-05-24,86.27636360093895,86.59526918774775,83.8068822113849,86.33360290527344,977600.0
2022-05-25,85.78574113421321,88.76219747268395,85.36052952093661,88.16526794433594,766500.0
2022-05-26,88.86031788047518,90.2177160178016,88.23068552911168,89.66985321044922,939500.0
2022-05-27,89.99693102225795,92.172037068125,89.99693102225795,92.13932800292967,758600.0
2022-05-31,91.75500365037968,91.88583991025584,90.63474157000095,90.91276550292967,1157100.0
2022-06-01,91.27257352752623,91.27257352752623,87.44569965678463,88.45147705078125,453200.0
2022-06-02,87.96901778802231,89.20375223095594,87.19219153624303,89.1874008178711,700500.0
2022-06-03,88.72131130382067,88.77037178376045,86.72610193805029,87.02047729492188,619100.0
2022-06-06,87.40480521003676,87.49475358664507,85.71214994626969,86.09647369384766,641300.0
2022-06-07,85.50771406656223,88.08349517558159,84.98438151446754,87.85453796386719,679000.0
2022-06-08,86.94688441986604,87.29849907415739,84.09307929418786,84.33839416503906,712000.0
2022-06-09,84.08490053995179,84.08490053995179,80.56057542952254,80.6014633178711,799400.0
2022-06-10,79.2440780839325,79.83282255007163,78.95787531900896,79.25225067138672,1614200.0
2022-06-13,77.46964542819101,78.02568705496812,74.29694099223711,74.58313751220703,1049900.0
2022-06-14,74.6158448527596,75.33542554899947,73.54464951479218,74.1170425415039,1139200.0
2022-06-15,75.00017452462751,76.57017229873745,74.22334822530703,75.2618408203125,1037000.0
2022-06-16,73.43834271544304,73.89626337055806,72.05642064033258,72.40803527832031,1317300.0
2022-06-17,73.7981377791089,74.45230659281893,72.78418173261288,73.86355590820312,1711600.0
2022-06-21,74.74669074884926,75.11465685081461,73.57736806752833,73.59371948242188,920800.0
2022-06-22,72.48979917579872,73.96984832721182,71.97463925872282,72.8577651977539,1583800.0
2022-06-23,73.18486548529731,73.90444627433446,72.66971169482244,73.59371948242188,1246300.0
2022-06-24,74.32964854413117,75.96506432623036,73.93714601143628,75.2291259765625,2230700.0
2022-06-27,75.2291277122634,75.82605723149317,74.23970188989911,75.20459747314453,1902900.0
2022-06-28,76.4802180647732,77.51053175448445,74.61584507103976,74.7385025024414,1072000.0
2022-06-29,74.49053568620265,74.8872859944779,73.70528992792744,74.39961242675781,741600.0
2022-06-30,73.39945772989735,74.64757455611279,72.41583688648856,73.5482406616211,1237900.0
2022-07-01,73.53170076752274,75.22617258098609,73.48210856236648,74.88727569580078,936900.0
2022-07-05,73.73009759698581,75.47416212897441,72.4902416532726,75.35018157958984,1092400.0
2022-07-06,75.10219269236455,75.80477632391678,74.10204318995197,74.4161376953125,1186800.0
2022-07-07,75.12697906112035,75.45760846436517,74.35000090942974,74.8790054321289,1187900.0
2022-07-08,74.92860680050329,74.92860680050329,73.58956050407573,73.68875122070312,900200.0
2022-07-11,73.09362856582783,73.49038517513432,71.72151852763488,72.13480377197266,1051900.0
2022-07-12,71.67192548810115,73.30853781150904,71.58100223089893,72.72993469238281,1389500.0
2022-07-13,71.91989539388301,72.53155575070814,71.25036905256182,71.5727310180664,815900.0
2022-07-14,70.14277285012327,71.09333018251598,70.14277285012327,70.7296371459961,1169000.0
2022-07-15,72.24226100079417,72.68034234490868,71.53140988558607,72.23399353027344,1609900.0
2022-07-18,72.99443977670174,73.60610649506341,72.26705999758147,72.42411041259766,1298700.0
2022-07-19,73.21761618724352,74.46573309806978,72.87045809176466,74.35001373291016,1365300.0
2022-07-20,74.12685230500001,74.95342291218948,73.73009563880645,74.0689926147461,1978200.0
2022-07-21,73.56478600636791,73.57305347840612,71.99430054947966,72.7464828491211,1194800.0
2022-07-22,73.2754734737949,74.16817109546382,72.65554562089687,73.19281768798828,1495600.0
2022-07-25,73.33333607426121,74.44920499265973,73.31680113270221,73.69702911376953,1252400.0
2022-07-26,73.51517956012526,74.22603066824688,72.53982615406763,73.01097106933594,1450000.0
2022-07-27,74.35002636748055,75.33364744472007,73.56478678385416,74.391357421875,1972200.0
2022-07-28,73.9284691280039,75.02780312391104,73.68049545017765,74.45747375488281,1655000.0
2022-07-29,74.54840706032462,75.68907225829673,73.95327519834493,75.35018157958984,1745600.0
2022-08-01,74.895554424866,75.12699315869743,73.48211960933901,73.986328125,977500.0
2022-08-02,73.77140770772445,74.16816427181884,72.68033503925443,72.77952575683594,1098800.0
2022-08-03,73.26720754882777,74.00285477861912,72.99443777430315,73.06883239746094,1435500.0
2022-08-04,72.74646884912605,73.2341423995598,71.37435884158222,71.63059997558594,975300.0
2022-08-05,71.25863652266582,71.72151394877868,70.54778544328853,71.5727310180664,749500.0
2022-08-08,72.30839181154538,73.20935065069587,71.45701887933163,71.64713287353516,1084700.0
2022-08-09,71.91164932560368,71.91164932560368,70.9280281961437,71.20079803466797,774000.0
2022-08-10,72.31665548936459,73.0523027726937,72.06042063744157,72.53983306884766,1209000.0
2022-08-11,73.11843143160931,74.81290361254848,72.80433688711685,74.159912109375,1685200.0
2022-08-12,74.76331555035749,75.06088149992227,73.76316578341125,74.48228454589844,866900.0
2022-08-15,74.01112461264935,74.01112461264935,72.90351684416441,73.59783935546875,855800.0
2022-08-16,73.40773368171077,74.56493379420826,73.01924448693637,74.25083923339844,1104200.0
2022-08-17,73.3416146392289,73.67223784563168,72.39931832103392,72.56463623046875,878900.0
2022-08-18,72.65554952931271,73.358133205812,71.78764796607486,72.0356216430664,1139400.0
2022-08-19,71.6719250058404,72.01082192699242,70.82882589754902,71.37435913085938,906400.0
2022-08-22,70.61390377771826,70.71309448788956,68.9855592132352,69.04341888427734,717400.0
2022-08-23,69.24181160788673,69.88654192862055,68.80373022912234,68.94425201416016,1265900.0
2022-08-24,68.84506422459994,69.15089760882037,68.27472850756806,68.33258819580078,726100.0
2022-08-25,68.63015507796146,69.87001096294807,68.51443569986137,69.53112030029297,738700.0
2022-08-26,69.44018244975835,69.49804212665894,67.35722146887306,67.3737564086914,1227000.0
2022-08-29,66.97700486866256,67.15058391241215,66.15043439010327,66.48106384277344,930100.0
2022-08-30,66.43974240074664,66.75384326399362,65.91073772249544,65.96859741210938,822800.0
2022-08-31,66.39015019656712,67.01834561695759,65.49745243699643,65.65450286865234,1403400.0
2022-09-01,65.29907351349473,66.08431301426513,64.48903159896463,66.05951690673828,1428500.0
2022-09-02,66.99354370109336,67.66306380962162,66.24136149492185,66.57199096679688,1268700.0
2022-09-06,67.0596684304703,67.20845138611082,65.51398549233969,66.97701263427734,1484900.0
2022-09-07,66.78690117602052,68.55576160120691,66.75383759815699,68.4979019165039,1631700.0
2022-09-08,67.94409388155343,70.83709068707853,67.84490945563856,70.7874984741211,2070700.0
2022-09-09,70.87015550825983,71.33303929350579,70.38248192233266,70.91975402832031,1549800.0
2022-09-12,71.63061029653383,72.4158498338844,71.35784048856583,72.08522033691406,1463700.0
2022-09-13,70.48166802481398,70.87842466356237,69.64683630978911,69.86174011230469,1136000.0
2022-09-14,69.61377049120082,70.14277512168928,68.69627670570904,69.20048522949219,1385700.0
2022-09-15,69.07650405157922,69.9113421144032,68.28299704080686,68.41524505615234,1129800.0
2022-09-16,68.15073541544162,69.09302528388717,67.02659902743069,68.96077728271484,2082200.0
2022-09-19,67.96891073928886,68.57230381261506,67.4151035832257,67.76226806640625,2135200.0
2022-09-20,66.78690018595854,66.9852753439663,65.44785368038295,65.73715209960938,1040800.0
2022-09-21,66.41493691475806,66.68770668709739,64.00962009328731,64.03441619873047,1315700.0
2022-09-22,63.96829388566142,64.76180085102943,62.74497301222302,64.34024810791016,1561000.0
2022-09-23,63.60460024043409,63.960025823262455,62.68710644071975,63.736854553222656,1460900.0
2022-09-26,63.240913440479645,63.25744207644819,61.22407931574942,61.587772369384766,1690800.0
2022-09-27,62.30688508919865,62.8524246730653,60.67854642121659,60.88518905639648,1461200.0
2022-09-28,61.480315109576765,63.8939059032424,60.72813918989827,63.23264694213867,2149200.0
2022-09-29,62.48744474736392,63.09029933871473,61.27336719783031,62.52931213378906,2236100.0
2022-09-30,63.24939556742631,63.416852357714056,62.35348832444596,62.77213668823242,2507500.0
2022-10-03,64.17879025574685,64.45509968663603,62.79724948936745,63.41684722900391,1675300.0
2022-10-04,64.20392003545194,65.56034317557737,63.98622107487356,64.43836212158203,1519800.0
2022-10-05,63.25776125263382,63.642916925520645,60.7291219206355,62.37859725952149,1639800.0
2022-10-06,62.18602034387137,62.3618582645819,60.59516179478809,61.47431945800781,1459700.0
2022-10-07,60.57002932254749,61.27336174589831,59.54015814401349,59.70761489868164,1344600.0
2022-10-10,59.54853392989623,59.975550578118174,58.719605732149546,58.76984786987305,1073600.0
2022-10-11,58.60238330302666,60.14301226517944,57.882307764422485,59.62388610839844,1042700.0
2022-10-12,59.43969465426586,59.89183566705423,58.794978965775385,59.59040832519531,954700.0
2022-10-13,58.53541536717782,61.867852656082725,57.60601551907045,61.51618957519531,1542500.0
2022-10-14,62.36186479585799,62.613049988199336,61.080795401454864,61.27337646484375,1055500.0
2022-10-17,62.688401769073415,63.26613210708842,62.1692755522998,62.629791259765625,1469000.0
2022-10-18,63.6429165095647,63.7768806440964,61.73388127900871,62.29486846923828,1059100.0
2022-10-19,60.74586905027592,61.39895935645744,59.57365256807184,60.13463973999024,1109800.0
2022-10-20,60.41095664977266,61.43245961994419,59.99230831039525,60.53655242919922,1447800.0
2022-10-21,60.821231035290864,60.821231035290864,59.57366075616266,60.704010009765625,1454900.0
2022-10-24,61.09753867899903,61.59991540048321,60.36071352529339,60.97194290161133,1608200.0
2022-10-25,61.06404924285806,63.07356262207031,61.06404924285806,63.07356262207031,3850700.0
2022-10-26,61.75062753576102,62.278122122125296,59.992305859813655,61.03055191040039,2832400.0
2022-10-27,61.90134151484183,62.00181941242373,59.04615687553761,59.38107681274414,1885500.0
2022-10-28,59.20525053655974,60.98032188961744,59.07965475045433,60.955204010009766,2161200.0
2022-10-31,60.603513912078576,61.18962525180127,59.75784910869584,60.8714485168457,2002200.0
2022-11-01,61.54130033419286,61.54130033419286,60.16813441601262,60.45281219482422,1006900.0
2022-11-02,60.01743377810229,61.56643155206206,59.58204226084221,59.64902114868164,1137200.0
2022-11-03,59.44806345718846,59.52341709107348,57.95767640950735,59.07965087890625,1083100.0
2022-11-04,59.60714397008987,60.69562566195446,59.146628308258,59.983924865722656,1907100.0
2022-11-07,60.46955855852621,61.01380259989848,59.54015886629231,60.2769775390625,1512100.0
2022-11-08,60.71238400074583,60.76261975731921,59.43132110359097,59.89183044433594,1166600.0
2022-11-09,59.15501443414033,59.85834061134279,58.87033022808194,59.23874282836914,1117000.0
2022-11-10,61.491079103792096,63.215908469506935,61.491079103792096,63.19916534423828,2683400.0
2022-11-11,63.7517662111972,64.38811345177207,63.0233158283786,63.70153045654297,1430800.0
2022-11-14,63.28287829370429,63.89410123180426,62.31161117553711,62.31161117553711,1474600.0
2022-11-15,63.14891357495239,63.29962723168767,61.62503388488077,62.2864990234375,1123100.0
2022-11-16,61.98507754770378,61.98507754770378,59.53179780805981,59.59040832519531,1281600.0
2022-11-17,58.56890440062647,59.18013383150144,58.150256030677554,59.12989807128906,1789600.0
2022-11-18,60.04254386469084,60.168139643694346,58.36795051282196,59.35596084594727,1769000.0
2022-11-21,59.01267281588817,59.59040318119047,58.50192133005376,59.14663696289063,1455000.0
2022-11-22,59.565280219204205,59.80809700224351,58.66099834886465,59.0461540222168,1718200.0
2022-11-23,58.61077197856286,59.07965611020987,58.14188784691586,58.72799301147461,1293500.0
2022-11-25,58.71960754701728,60.31047234536013,58.49354027850475,59.99230194091797,933800.0
2022-11-28,59.38107351318428,59.84996395444572,58.10838548819724,58.2674674987793,2402800.0
2022-11-29,58.560530766924224,59.99230729683737,58.27584657916259,59.18850326538086,1563700.0
2022-11-30,58.878700609346666,60.35234451293945,58.03302919791332,60.35234451293945,4584300.0
2022-12-01,60.74587014940311,61.60828461486599,59.849963053778005,59.99230194091797,1917900.0
2022-12-02,59.25547790908768,59.48992632439988,58.6861159623189,59.20524215698242,1626300.0
2022-12-05,58.4265641333336,58.81171985818853,56.30820445259796,56.81058120727539,2874300.0
2022-12-06,56.81894871593063,56.92779497600627,54.54150090460797,54.70895767211914,2251500.0
2022-12-07,54.424278259277344,55.30344223253823,53.947019459295554,54.424278259277344,1397500.0
2022-12-08,54.42428029892676,56.31657244874799,54.42428029892676,55.48764419555664,1793500.0
2022-12-09,55.32019027316998,56.11561954785493,55.0522555965119,55.77233123779297,1545500.0
2022-12-12,56.08213069712169,56.81894942668041,54.92665726741567,56.668235778808594,1197400.0
2022-12-13,58.40143813916782,58.90381482404206,56.66823442410871,56.96966171264648,2334100.0
2022-12-14,56.68498712139278,58.72799322482025,56.68498712139278,58.225616455078125,3208400.0
2022-12-15,58.03303298944056,58.44331297719785,57.56414887550875,57.87395095825195,2273100.0
2022-12-16,56.92779279465275,57.522272601024255,55.51276591562547,56.33331298828125,3320100.0
2022-12-19,56.107251862607136,56.417047543344026,54.85967522006852,55.69697189331055,1476900.0
2022-12-20,55.278319240856185,56.58450629301903,55.1862224910113,56.06538009643555,1858700.0
2022-12-21,56.74359050682355,57.23759884643376,56.433794838250805,56.52589797973633,1782800.0
2022-12-22,55.97327604422673,57.17061042944617,55.40391410465247,57.14549255371094,1369700.0
2022-12-23,56.96129319869885,57.35482366785365,56.43379857999784,57.271095275878906,982800.0
2022-12-27,57.27109848528832,57.87395316219671,56.93617851055398,57.68974685668945,1077200.0
2022-12-28,57.6813660442357,57.86557233040186,55.39554975370687,55.54625701904297,1107400.0
2022-12-29,55.81822497811751,57.57741663666607,55.72474083092194,57.3989486694336,964900.0
2022-12-30,56.88052556652229,57.68788139285163,56.58307902439297,57.43292999267578,1180900.0
2023-01-03,57.91734788748297,58.724703757056886,56.39611379471274,56.6170768737793,1746100.0
2023-01-04,56.26863225194467,57.72187664049382,56.26863225194467,56.69355773925781,1769200.0
2023-01-05,56.16664608336768,56.25163636531021,54.543434143066406,54.543434143066406,1680600.0
2023-01-06,54.80688307158595,57.13547922065966,54.41595243317926,56.98250579833984,1458900.0
2023-01-09,56.92301734131272,57.53490455584882,55.843703044483085,55.85220336914063,1285100.0
2023-01-10,55.58876004623392,57.28846213869642,55.444280440649415,57.271461486816406,1076900.0
2023-01-11,57.84935614830376,59.31110087634933,57.84085582299696,59.285606384277344,1044600.0
2023-01-12,59.80401801268742,60.79834214000623,59.51506529717976,60.5263900756836,1236600.0
2023-01-13,59.71902252406002,61.23176263921274,59.48956562383268,60.50938415527344,931600.0
2023-01-17,60.76434448308729,61.282754094587936,60.21194005465319,61.01930236816406,908500.0
2023-01-18,60.99380187364175,61.96263795426577,59.67653674728465,60.44989776611328,1233200.0
2023-01-19,59.97398961715557,60.55188860282421,59.4810744415281,59.855010986328125,796800.0
2023-01-20,59.81250664589104,60.55187929568684,59.30259738017066,60.50938415527344,861500.0
2023-01-23,60.79834922260662,61.34225341461307,60.27143919991625,60.48390197753906,943700.0
2023-01-24,60.16096321570364,60.67937293185421,59.8550162853902,60.211952209472656,898200.0
2023-01-25,59.73602808322518,60.61137358335839,59.36209156516881,60.4159049987793,1045200.0
2023-01-26,60.65387451819139,60.97681559762373,59.3451030638878,59.5235710144043,1386700.0
2023-01-27,59.30260709450455,62.88897967558199,59.30260709450455,62.6340217590332,1215300.0
2023-01-30,61.97114531758933,62.566045022649625,61.29976212002333,61.35075759887695,1403900.0
2023-01-31,61.38474277078792,63.39038523713299,60.97681142335494,63.34789657592773,3884400.0
2023-02-01,61.061794648256765,63.92579492725427,61.0108056617564,63.22041702270508,2694100.0
2023-02-02,65.01360518522334,67.49516868976433,63.56036067090963,66.60282897949219,2166900.0
2023-02-03,65.43003721087474,65.49802685794694,63.49237765626466,64.14676666259766,1691900.0
2023-02-06,63.08444258951702,63.32239983212624,61.59720333936087,62.34506988525391,1655600.0
2023-02-07,61.73318166334458,62.95696928804078,61.29126195656493,62.464054107666016,1215900.0
2023-02-08,62.192091098868296,62.608516237631925,61.690675680323984,62.07311248779297,889400.0
2023-02-09,62.438558254368274,62.88047795153344,60.61137718331716,61.0023078918457,797200.0
2023-02-10,60.77284033094071,61.77566466312705,60.6198669079344,61.64818572998047,968100.0
2023-02-13,61.69918593260574,62.26858458920485,61.29126105295377,62.234596252441406,988000.0
2023-02-14,62.039134398003405,62.52354929764753,61.40174603090063,61.47822952270508,848000.0
2023-02-15,61.01931472843599,62.20910114287233,60.81534578551861,62.20060729980469,618600.0
2023-02-16,61.46972969601718,61.46972969601718,60.57738347539488,60.65387344360352,1035400.0
2023-02-17,60.577374182346375,60.577374182346375,59.26010911094607,59.863502502441406,1116100.0
2023-02-21,59.625551733025965,59.81251351430918,57.93434350485792,58.1638069152832,860600.0
2023-02-22,58.45274955952613,58.9456646856734,57.59439825142119,57.92584609985352,859700.0
2023-02-23,58.2742805480957,58.75869533993393,57.47541856428069,58.2742805480957,760000.0
2023-02-24,57.90035115308334,57.95984046871996,56.285639304703786,56.70206451416016,942700.0
2023-02-27,57.3224437246714,57.48391747927242,55.81821040286878,56.141151428222656,1144500.0
2023-02-28,56.33662786753774,56.78704789449694,55.60575543305144,55.648250579833984,1610200.0
2023-03-01,55.23181943030906,55.52077216679086,54.59443112542616,55.0788459777832,1214200.0
2023-03-02,54.806884046057895,55.52076219085917,53.87204933030324,55.35078811645508,1155700.0
2023-03-03,55.690735160189945,55.89469758532619,55.061847233774856,55.80121994018555,1187300.0
2023-03-06,56.31961788431975,57.016495382692014,55.92868723731559,56.2176399230957,1027100.0
2023-03-07,56.090166688224414,56.35361842662542,53.744579325890825,53.787071228027344,1202600.0
2023-03-08,53.736083773287184,54.91737950592379,53.63410255071644,54.534942626953125,794100.0
2023-03-09,54.01653148121898,54.279983220065496,52.55478670339576,52.6397705078125,1572100.0
2023-03-10,52.47830427404829,52.70776445504673,48.73895821928958,48.81544494628906,2771100.0
2023-03-13,48.03357593605636,48.33952279582807,47.00525706776462,47.4556770324707,3551000.0
2023-03-14,48.89192307716831,49.12988354262021,44.974109762210986,45.40753555297852,3524400.0
2023-03-15,44.20925676404774,46.80980242378872,43.85231759886376,46.68232345581055,3635300.0
2023-03-16,46.90326695138338,46.90326695138338,44.438701446934765,45.47551727294922,3755100.0
2023-03-17,45.11859224879587,45.212076382744,42.64552582984531,43.42738723754883,4518300.0
2023-03-20,42.49254762175906,45.212071317936456,42.47555021367946,43.95429229736328,2388500.0
2023-03-21,44.965619090930325,46.444361349806826,44.62567737291232,45.54351806640625,2584600.0
2023-03-22,45.19507631693197,45.19507631693197,42.41606316542869,42.45005798339844,2091900.0
2023-03-23,41.94014712853815,42.97696642489774,40.07047745185118,40.257442474365234,4108000.0
2023-03-24,39.65404651553518,42.33107839379689,39.24611843500539,41.9996337890625,3704300.0
2023-03-27,43.146937979022816,43.588860911815736,42.32258142728176,42.78150177001953,2403200.0
2023-03-28,42.25459509143464,43.690842193675934,42.01663459378189,43.25741958618164,2341200.0
2023-03-29,44.10726115709776,45.47551832550277,43.894798441007545,45.16957473754883,2905100.0
2023-03-30,45.93149542006653,46.93584091384489,45.48127112246618,46.14794921875,3289500.0
2023-03-31,46.45099066838253,46.88389830442403,45.52456859147957,46.8579216003418,2803700.0
2023-04-03,47.09169587940944,47.8795877077884,46.01808670590271,46.43367767333984,1895700.0
2023-04-04,46.86657934147523,46.961819545261015,45.24750248276282,45.74102020263672,1920000.0
2023-04-05,45.33408284283789,45.78430712770759,44.80593506053263,45.48126983642578,2041200.0
2023-04-06,45.87955176220391,46.17392908067364,45.30811382668304,45.97478866577149,1351900.0
2023-04-10,45.671753164449946,46.45098818885885,44.51156062967612,45.70638656616211,1885300.0
2023-04-11,46.09600898008305,47.368755251527126,45.8449217452044,46.7626838684082,1954100.0
2023-04-12,47.351435110274856,47.48130871966325,44.52887883201785,44.65875244140625,1650100.0
2023-04-13,44.66741111672851,45.1349521678223,44.24316016973824,44.74533462524414,1450600.0
2023-04-14,45.32542709872522,45.87955163410342,43.88817391322672,44.12194442749024,1337600.0
2023-04-17,44.30376044150797,46.17392437004512,44.08730665009277,45.94881057739258,1702400.0
2023-04-18,45.90553680506922,45.931510212372686,44.71937053106775,45.58518600463867,1345100.0
2023-04-19,45.12628896303482,46.95315963084396,44.849228353045305,46.667442321777344,1231600.0
2023-04-20,45.862238598720666,46.45099328107823,44.883866361446586,45.26482391357422,1945900.0
2023-04-21,45.43798338241464,45.55054028836435,44.55485144159554,45.12628936767578,1473600.0
2023-04-24,45.143610575653504,45.45530462150988,44.30376865240975,45.048370361328125,1257200.0
2023-04-25,44.58948555659278,44.79728267068119,43.05699216151286,43.55050659179688,2399200.0
2023-04-26,45.03971250818888,45.88821110972808,43.58514253331503,44.31242752075195,2749200.0
2023-04-27,44.02671110023847,45.948822315951006,43.57649000556077,45.73236846923828,1997800.0
2023-04-28,45.57651731641021,47.16096091650887,45.45530370165751,46.19990539550781,1485800.0
2023-05-01,46.07002941573667,46.676100761245664,45.45530137082778,45.72370529174805,1648400.0
2023-05-02,45.15226642523746,45.54188064389654,43.22149551909524,44.33839797973633,1574400.0
2023-05-03,44.55485516512899,44.95312941599184,43.31673900467958,43.5245361328125,1866700.0
2023-05-04,43.0656569686086,44.10463274650343,42.563482480179104,43.86220550537109,1659700.0
2023-05-05,44.58949112247301,45.16958582939069,43.974763008413646,44.9617919921875,1191900.0
2023-05-08,45.03970954439068,45.09165964822596,43.98341388616813,44.087310791015625,1004800.0
2023-05-09,43.38600414579307,44.46827324421009,42.90980640305422,44.14792251586914,1526200.0
2023-05-10,44.78862081033267,44.91849441410249,43.23015407920948,43.81890869140625,1385200.0
2023-05-11,43.12625956603127,43.56782389821928,42.61542842724421,42.79724884033203,1586900.0
2023-05-12,42.970410382372286,43.18686418782051,41.524497244510194,41.92277145385742,1688100.0
2023-05-15,42.3816570702968,42.7539578913395,41.62839872896945,42.52018737792969,1349400.0
2023-05-16,42.347022816946286,42.511526521823306,40.701972556884094,40.74526596069336,1509800.0
2023-05-17,41.06562029182111,42.753960801717646,40.69331944543489,42.56348037719727,1503500.0
2023-05-18,42.15654363047004,42.7799316717651,41.689005902321846,42.72798156738281,1386900.0
2023-05-19,43.08296829002273,43.888176791009776,42.47690021643961,42.49421691894531,1426000.0
2023-05-22,42.72797730696528,43.57647907982282,42.19117282649895,43.34270858764648,1377700.0
2023-05-23,43.48124856939992,45.195562591116506,43.446615162216105,44.03536987304688,2184400.0
2023-05-24,43.70635880755948,43.81891572871508,41.84485777244728,41.8621711730957,1546800.0
2023-05-25,41.55913798738169,41.6716949108881,40.75392942465028,41.21281051635742,1115300.0
2023-05-26,41.30804581790331,41.45523613155242,40.5201540528117,41.334022521972656,1334600.0
2023-05-30,41.59376576729205,42.48555442570616,41.29938844759859,42.40763092041016,1617400.0
2023-05-31,42.199838930046006,42.641403277238126,41.74095457779248,42.13922882080078,2858900.0
2023-06-01,42.139225320384,42.46823602993262,41.20414659696026,41.602420806884766,1492000.0
2023-06-02,42.84053742475796,44.06999677573355,42.39897310821917,43.84488296508789,1653300.0
2023-06-05,43.77561569346442,44.00072618189878,43.013697427615625,43.02235412597656,1083500.0
2023-06-06,43.31673909375216,45.61980769641324,43.02236175493879,45.05702972412109,1672800.0
2023-06-07,45.70639004514605,47.66313115130104,45.05702857631954,47.16961669921875,2628300.0
2023-06-08,46.82328729562532,47.06571449313909,45.36871750489701,46.650123596191406,1855400.0
2023-06-09,46.84926223754883,47.29948654977616,46.34708782293348,46.84926223754883,1705100.0
2023-06-12,46.77999719428453,47.99213987302368,46.53756997966594,47.08303451538086,1833900.0
2023-06-13,47.33412458855129,48.5895575328578,46.79731998512124,47.55923843383789,1719700.0
2023-06-14,48.06140176518628,48.840636790091104,46.58951852253512,46.95315933227539,1541600.0
2023-06-15,46.554884130263645,47.89689704209229,46.29514022842954,47.818973541259766,1509000.0
2023-06-16,47.922869129702384,48.04408602987511,47.10034734687861,47.65446853637695,1989500.0
2023-06-20,47.23021974659212,47.273509847170665,46.044053816060746,46.84926223754883,1491600.0
2023-06-21,46.59817992100592,47.33412161655156,45.784314715111165,46.90987396240234,966100.0
2023-06-22,47.03975006478264,47.03975006478264,44.8059448520222,45.28214263916016,1303100.0
2023-06-23,44.961785988458345,45.35140350971821,44.30376455192545,44.58948516845703,2638800.0
2023-06-26,44.94446740349222,49.1090397511727,44.909834002426656,48.99648284912109,3046400.0
2023-06-27,48.74540252684443,50.3385028697004,47.98348410995939,50.00083541870117,2890400.0
2023-06-28,49.992174395670986,50.08741129957578,48.78868841399138,49.18696594238281,2681300.0
2023-06-29,49.33673783382109,50.41157498351345,48.58787797887716,50.305850982666016,1972800.0
2023-06-30,50.8873156285729,51.53045815477946,49.50412531816912,50.73754501342773,2123000.0
2023-07-03,50.64063264847188,51.90048165192217,50.534912017362274,51.48640441894531,1011300.0
2023-07-05,51.09876787971019,52.14717242459599,50.26180463021035,51.160438537597656,1469700.0
2023-07-06,50.12083648540519,50.65825503304875,48.84336677328167,50.587772369384766,1407400.0
2023-07-07,50.42037859345178,52.940076561385645,50.41156994132815,52.050254821777344,2586800.0
2023-07-10,51.504026751527725,52.31456057840169,51.05471153416816,52.28812789916992,1262200.0
2023-07-11,52.85198581602403,53.829907690642194,52.20884319247326,53.69775772094727,1185900.0
2023-07-12,54.94878479996081,55.750506567473664,53.75941848754883,53.75941848754883,2663100.0
2023-07-13,53.82108900600628,54.887114022538064,53.45987377888402,54.719722747802734,1108900.0
2023-07-14,54.59638277111509,54.83425671092578,53.84751962116332,54.147064208984375,1194300.0
2023-07-17,53.935625199949264,54.27040777147314,53.34534465188636,53.66250991821289,1238200.0
2023-07-18,53.953243852393534,55.26595149250076,53.680128580849896,54.781394958496094,1287200.0
2023-07-19,55.47739740001054,56.895829064981946,55.31881476909459,56.75486373901367,1800400.0
2023-07-20,56.35841664794182,56.48175796077129,55.063326141634974,55.84742736816406,2086000.0
2023-07-21,56.19102198556007,56.50818728186368,55.03689682054258,55.84742736816406,1443300.0
2023-07-24,55.93552724358159,57.38038493356251,55.89147389675659,56.79010772705078,1664900.0
2023-07-25,56.56985249383845,56.92225909154781,55.72408069229406,55.78575134277344,1429800.0
2023-07-26,55.7064648436309,57.78565319536227,55.7064648436309,57.76803588867188,1426800.0
2023-07-27,58.12043864459024,58.89572779766421,56.860589569846994,56.93107223510742,1994500.0
2023-07-28,58.29663385895668,58.54331644576814,57.58301541545263,58.10280990600586,1109600.0
2023-07-31,58.19092933663937,59.34505457269067,58.18211732186708,58.70191192626953,4553000.0
2023-08-01,58.58737507912653,58.63142842571955,56.75486609504726,57.01036071777344,2398500.0
2023-08-02,56.49937397737775,59.36266687135477,55.98838807006791,59.06312561035156,2415700.0
2023-08-03,59.24813537479714,59.27456469430435,57.69755032160287,59.11598205566406,1460300.0
2023-08-04,58.73714656629373,60.90443816290463,58.587375940231325,60.37583160400391,1784000.0
2023-08-07,60.4463138633431,61.62686827954065,60.4463138633431,61.45066833496094,1594600.0
2023-08-08,60.04104665138025,60.56965318944147,59.239321470069896,60.45512390136719,1222700.0
2023-08-09,60.31415383044117,60.37582447633911,58.657851682327696,59.08954620361328,1558300.0
2023-08-10,59.71506934139472,60.52559981412919,58.98382682461181,59.28337478637695,1052800.0
2023-08-11,58.68428991767151,60.24368032756848,58.331883292583726,60.01462173461914,812100.0
2023-08-14,59.17764713455153,59.33622975825523,58.42878735879378,58.74595260620117,1051700.0
2023-08-15,57.6711168901833,57.73278753850206,56.59627982954506,56.8077278137207,1842300.0
2023-08-16,56.47294641905888,56.84297036064333,56.0764931561609,56.261505126953125,1178900.0
2023-08-17,56.35841204477272,56.49937065295161,55.55669021606445,55.55669021606445,1419300.0
2023-08-18,54.94879252324884,56.03243835950816,54.508285921803655,55.76813507080078,851200.0
2023-08-21,55.68003129661263,55.68003129661263,54.53471488314276,55.345245361328125,960000.0
2023-08-22,55.72408275227272,55.78575340503191,55.01046087788974,55.089752197265625,994500.0
2023-08-23,55.36287037413548,57.32752943351531,54.93998443568948,56.9134521484375,1320100.0
2023-08-24,56.82535134267796,58.17330046186267,56.82535134267796,57.05441665649414,802300.0
2023-08-25,57.34513908847606,57.69754567055748,55.9795728251057,56.39365005493164,929000.0
2023-08-28,56.781296816220646,58.19092328283545,56.781296816220646,57.60063934326172,1345900.0
2023-08-29,57.75920967310453,59.32741172526891,57.28346185026887,59.13359451293945,1577400.0
2023-08-30,59.027891500718844,59.63579283275704,58.7019141577306,59.29219818115234,740500.0
2023-08-31,59.40671295490106,59.65339554475914,58.613799829216894,58.82524108886719,2250800.0
2023-09-01,59.27455911134803,59.688636335551934,58.5961819953689,58.74595260620117,1690500.0
2023-09-05,58.631420340730514,59.61815064101788,58.46402571267631,58.93977355957031,1730300.0
2023-09-06,58.5168939791709,59.15122454614248,57.35395684692206,58.24378204345703,1609100.0
2023-09-07,57.88256520417651,58.41998379996544,57.32752930169168,58.09401321411133,1728200.0
2023-09-08,58.42879829060377,58.73715158283149,57.65350905277441,58.65786361694336,992500.0
2023-09-11,58.76358305278896,58.939789741644034,57.89138178814951,58.287841796875,833700.0
2023-09-12,57.961851308512045,58.35830450565955,57.48610343897722,58.10280990600586,648700.0
2023-09-13,58.01471348882022,58.14686680314673,55.55668940089398,56.20863723754883,1472500.0
2023-09-14,57.07202481219601,58.613797663436976,57.07202481219601,58.35830307006836,1043300.0
2023-09-15,58.36712536656317,58.80763197310328,57.76803611280474,58.3935546875,2257500.0
2023-09-18,58.26139654258539,58.34950323388427,57.168942130766986,57.56539535522461,860700.0
2023-09-19,57.494921176907255,58.59618763597215,57.494921176907255,57.75041580200195,865500.0
2023-09-20,58.57856262392743,59.24813450183171,57.56539615429792,57.759220123291016,979100.0
2023-09-21,57.01917233750184,57.10727230848227,53.583219696489294,53.63608169555664,2026600.0
2023-09-22,53.69775522855966,53.98848783703316,52.48195607116472,53.133907318115234,1610400.0
2023-09-25,52.76387433956106,53.28367220612858,51.82119058573835,52.54362106323242,1152900.0
2023-09-26,51.785953109053146,52.38504233411754,50.52610400582643,50.852081298828125,1509900.0
2023-09-27,51.04590703377897,52.28813559495574,50.94899839832736,51.86524963378906,2291900.0
2023-09-28,52.03547578834736,53.82733095872805,52.03547578834736,53.03891372680664,2052000.0
2023-09-29,53.854207365890815,54.14090391799695,52.841808243814015,53.289772033691406,1384700.0
2023-10-02,53.262893039365686,53.56750854026146,50.96035953053589,51.47999572753906,1656900.0
2023-10-03,51.07682890668726,51.264976292525,48.30841259793328,48.78325653076172,2316000.0
2023-10-04,49.1326689927916,49.44624228106888,48.47864226460432,49.21330261230469,2778500.0
2023-10-05,49.09682890018889,49.39248663124017,48.10234877602349,48.944522857666016,2439600.0
2023-10-06,47.91420558424767,48.30841248098242,45.95212545471283,47.690223693847656,3312400.0
2023-10-09,46.919723747187184,48.88180722345562,46.919723747187184,48.55927276611328,2037800.0
2023-10-10,48.64886625427224,50.207781726229854,48.58615159793355,49.27601623535156,1835300.0
2023-10-11,49.8494136277377,51.14850939670264,49.69710756855954,51.05891799926758,1475100.0
2023-10-12,50.79013019816768,50.79013019816768,49.482076830979295,50.35112762451172,1061500.0
2023-10-13,50.72741804179402,51.08579043676749,49.302893069197786,49.670223236083984,1168900.0
2023-10-16,50.3332080568766,51.4889553712606,49.59854776812683,50.85284423828125,1327200.0
2023-10-17,50.22570069112352,52.51031530592472,50.19882054005336,52.10714721679688,1250500.0
2023-10-18,51.24705111499556,51.52478643875224,50.62885898365684,50.70053482055664,1016900.0
2023-10-19,50.17194026135047,50.870762621329206,48.85492573582852,48.87284469604492,1195000.0
2023-10-20,48.98931535904931,49.56270840502774,48.218817171881234,48.29049301147461,1285600.0
2023-10-23,47.708140303826696,48.31737128910315,47.34081015838286,47.47520065307617,923500.0
2023-10-24,47.87836903909065,48.69366300689658,47.53791901662576,48.21882247924805,606100.0
2023-10-25,47.82461929159142,48.18298830380556,46.42697091618578,46.73158645629883,1287100.0
2023-10-26,46.97347925380039,48.424880851647714,46.97347925380039,48.03067398071289,1473500.0
2023-10-27,48.505515946605065,48.505515946605065,46.71366088589447,46.96451950073242,1075000.0
2023-10-30,47.79772872710563,48.84596563476835,46.928681413060175,47.76189422607422,1480600.0
2023-10-31,48.40696841596211,48.550316699049695,47.15267179336887,47.99484252929688,1472400.0
2023-11-01,47.96795919712167,48.47863759899242,47.072031696619696,47.93212127685547,1687200.0
2023-11-02,49.16850158623539,50.754293652951525,48.63990423066334,50.02859115600586,1971800.0
2023-11-03,51.4620800324606,53.6750222946318,51.4620800324606,52.77909469604492,2229300.0
2023-11-06,52.28632992858189,52.74325145400727,51.35456449975075,51.408321380615234,1627100.0
2023-11-07,51.13058595620106,51.26497645827791,49.63438856036157,49.72397994995117,1077900.0
2023-11-08,50.02859047694454,50.09130512694996,48.77429064145202,49.24017333984375,995300.0
2023-11-09,49.60750704064432,49.76877427161015,46.68678475768216,46.75845718383789,1519200.0
2023-11-10,47.2243418046104,47.2243418046104,46.31049526515029,46.98244094848633,2002500.0
2023-11-13,46.33737233589413,46.86596970835041,45.36976897572646,45.88044738769531,1211700.0
2023-11-14,49.096831812218994,51.89212496816221,48.98036026722769,50.79013442993164,3141900.0
2023-11-15,50.61990599601229,52.904520538842526,50.61990599601229,51.08578872680664,2230200.0
2023-11-16,50.93348416390663,51.08579363750553,49.19538580007883,49.48208236694336,1177800.0
2023-11-17,50.30633277740953,50.41384312533973,49.14162424034502,49.34769058227539,1930700.0
2023-11-20,49.66125914843767,49.66125914843767,48.71157481492,49.35664367675781,1978100.0
2023-11-21,48.72949933439568,49.18642430289849,47.717100236868426,48.03963470458984,1420400.0
2023-11-22,48.76533542792864,48.76533542792864,48.10234755606872,48.36216735839844,1279000.0
2023-11-24,48.28153701412374,48.55927579587356,47.79773529792439,48.12026977539063,520600.0
2023-11-27,47.7618989288352,48.227781665035984,47.13474896019213,47.89628601074219,1235600.0
2023-11-28,47.752935981094765,49.59854789681378,47.20641964879635,49.50895309448242,2258600.0
2023-11-29,50.01067629593768,52.9672365704584,49.76877544379156,51.06787109375,2579600.0
2023-11-30,51.13058678523928,51.54271265234161,50.422803175851016,51.005157470703125,2216100.0
2023-12-01,51.08578560842221,56.891395301508176,50.59302617517592,56.69429016113281,3318800.0
2023-12-04,56.50615051452432,57.8410806550645,56.05818673786394,57.088504791259766,1683800.0
2023-12-05,56.47926730528688,56.65845347894279,54.75908482295889,55.52958297729492,1401700.0
2023-12-06,56.44344001402159,57.92172195289445,56.27321499672961,56.685340881347656,1367700.0
2023-12-07,56.70325542474691,58.23529071405511,56.65845973081303,57.88587951660156,1130800.0
2023-12-08,57.46478709097878,57.760444795089256,56.48822601686523,57.41103363037109,3591400.0
2023-12-11,57.33935779263811,58.17257060897775,56.74804580210921,57.41103363037109,2493400.0
2023-12-12,57.30351949546373,57.30351949546373,55.995466224700806,56.21944808959961,1266100.0
2023-12-13,55.86108530123599,61.17393631952865,55.431040457136326,61.00370788574219,2432300.0
2023-12-14,63.718370339086384,66.27176251044153,63.718370339086384,65.38479614257812,3093200.0
2023-12-15,65.10705003482326,65.32207755712672,62.47302782275767,63.98714065551758,2625200.0
2023-12-18,64.47093574812406,64.47093574812406,62.831386943650365,62.983699798583984,1130300.0
2023-12-19,63.61084687239176,64.27383124983035,63.243513348905,63.96921920776367,1472800.0
2023-12-20,63.969223476290985,65.73420170657923,63.26143994643312,63.368953704833984,1250700.0
2023-12-21,64.47094276399523,64.47094276399523,62.84931615910762,63.83483505249024,895800.0
2023-12-22,64.39031227098533,65.24144066692388,62.858277057065294,63.494384765625,807100.0
2023-12-26,63.72733385348631,64.96371843498869,63.38688379349687,64.560546875,584400.0
2023-12-27,64.59638143003772,64.63221935585797,63.6825382454706,64.264892578125,839900.0
2023-12-28,64.04687998037954,65.36396660216913,63.54729157621646,65.3548812866211,844400.0
2023-12-29,65.07330205694184,65.15505604074096,63.7017104048661,63.73804473876953,915400.0
2024-01-02,64.08322309296686,65.73639731589337,63.40196986489167,65.49114227294922,1525000.0
2024-01-03,63.94697612651384,65.12781099067053,61.85779662290829,63.00230407714844,1398400.0
2024-01-04,62.775202468916085,63.61087126961819,62.15753271838304,62.89328384399414,1275800.0
2024-01-05,62.02128924560065,64.69180396530092,61.576205769005874,63.9106330871582,2257900.0
2024-01-08,63.58362306217232,65.19137733894439,63.32928967873402,64.5737075805664,975300.0
2024-01-09,63.70170706614937,65.04604962985461,63.19304027829263,64.78263092041016,1296100.0
2024-01-10,64.70088982369944,66.05431089737563,64.48288381164751,65.4638900756836,1183300.0
2024-01-11,64.68272109370955,65.20047325994786,63.49280102903654,63.520050048828125,1432300.0
2024-01-12,64.46472522865756,64.80989104671995,62.50271254476661,63.54730224609375,1853900.0
2024-01-16,62.62987665818035,63.538214285884585,61.530788960266165,63.11130142211914,1696300.0
2024-01-17,61.38545584135829,62.22112475884523,59.75953072773093,60.78594970703125,1547700.0
2024-01-18,60.795031062670006,61.30369786103388,59.68685816903555,60.40444564819336,992000.0
2024-01-19,60.63152513915019,62.13028332635563,59.90485240290973,62.06669998168945,1192400.0
2024-01-22,62.56628262912638,63.329289709881486,62.25745121481796,63.31111907958984,1468000.0
2024-01-23,64.0105457105726,64.58279584948133,62.94779248257127,64.0287094116211,2077100.0
2024-01-24,65.46388889712384,65.46388889712384,63.62905004081455,64.00146484375,1753700.0
2024-01-25,65.43663190866062,65.79996828122025,64.10137472429128,64.94612884521484,1132900.0
2024-01-26,65.25497292707671,65.5002279714501,64.4647236131466,64.67363739013672,1146300.0
2024-01-29,64.88255460930095,65.9362226145878,64.28304847089699,65.59105682373047,1701200.0
2024-01-30,64.71905156544277,65.27313803500479,62.83879308137568,63.5836296081543,2474200.0
2024-01-31,63.12945823382614,63.12945823382614,59.732277817488914,60.40444564819336,3157600.0
2024-02-01,60.45894062572327,60.90403098185504,57.052678530921945,59.30535507202149,3050800.0
2024-02-02,57.32518247965167,58.17902198153392,56.18976055909141,57.85201644897461,2344400.0
2024-02-05,56.71660271858225,57.57952419582488,56.28060105393017,56.90735626220703,1604800.0
2024-02-06,56.60759174747128,57.95193080850494,56.35325836066376,57.5068473815918,1568300.0
2024-02-07,57.80660157925296,58.34252434157435,57.14351557837603,57.924686431884766,1455100.0
2024-02-08,57.73393402502376,59.43252421740326,57.69759969261189,59.10552215576172,1163700.0
2024-02-09,58.90569222794111,59.36894634635675,57.77027022304608,58.2971076965332,1334300.0
2024-02-12,58.68769417068686,59.89578486825738,58.63319613111907,59.44161605834961,1471500.0
2024-02-13,57.03451848101759,57.10718368687609,55.18150895368113,56.80743408203125,1890400.0
2024-02-14,57.77026801536059,58.00643772377202,57.01634963473836,57.42510223388672,1317600.0
2024-02-15,58.25168328059274,60.64969380442078,58.12452004588194,60.59519577026367,1289300.0
2024-02-16,59.30535716147947,61.87595399108412,58.86935210523071,61.18561553955078,1757100.0
2024-02-20,60.08653061977832,60.858616155136346,59.51427352516717,59.9775276184082,1546100.0
2024-02-21,59.73228389088734,60.186452701337984,59.196361090921215,59.69594955444336,1297900.0
2024-02-22,60.08653363032032,61.02212024957684,59.38710979743327,59.43252944946289,1390300.0
2024-02-23,59.396189222299775,59.75952561229939,58.98744011484097,59.06918716430664,824400.0
2024-02-26,58.88752529076414,59.477946086894576,57.88835190231514,58.20627212524414,936600.0
2024-02-27,58.90569688282391,59.56878643531071,58.61502910380409,58.96928024291992,842000.0
2024-02-28,58.46060349653982,59.332606686443,57.97010040283203,57.97010040283203,1130500.0
2024-02-29,59.00560817843339,60.104695815146776,58.6513570777599,58.7876091003418,2119900.0
2024-03-01,58.70585870432123,60.34086921514486,57.90652408239977,60.1773681640625,1449900.0
2024-03-04,59.94119574588441,60.25003413074828,59.05102878670648,59.77769470214844,925800.0
2024-03-05,59.24177589970779,60.2772801484553,58.59685707321174,58.67860412597656,1549800.0
2024-03-06,59.5415307081874,59.5415307081874,56.25334619766728,57.334266662597656,2761300.0
2024-03-07,57.92468718235064,57.99735238604279,56.825599555631385,57.36151885986328,1518900.0
2024-03-08,58.37884731709031,59.01468771686613,57.85201337575389,58.079097747802734,1038300.0
2024-03-11,57.779351643521295,58.70585288781392,57.52501824038471,57.97918701171875,838000.0
2024-03-12,57.7430213391552,58.43335986016879,56.91643425625446,57.76118850708008,730000.0
2024-03-13,57.661268207855,58.59685825598609,57.661268207855,58.369773864746094,1193800.0
2024-03-14,58.106351922395206,58.25168232110883,56.28059157748568,56.8619270324707,1248400.0
2024-03-15,55.9808419994608,57.49776398574782,55.9808419994608,56.8619270324707,2255700.0
2024-03-18,57.25251511169709,57.47959950095819,56.70751396348358,57.07085037231445,1029300.0
2024-03-19,56.77110273018402,57.343356415913554,56.08984949742181,57.243438720703125,1171900.0
2024-03-20,56.816511548946494,58.89660184971946,56.43501145130495,58.54235076904297,1030000.0
2024-03-21,59.051023904211256,60.81319397425815,58.99651894076198,60.05019378662109,1326500.0
2024-03-22,59.85035957423695,60.45894405893733,57.41601470537002,57.470516204833984,1381900.0
2024-03-25,57.74301693970487,58.50602407428434,57.01634760323955,57.12534713745117,1733100.0
2024-03-26,57.416017460199775,57.47960081344211,55.35409074282324,55.47217559814453,1761900.0
2024-03-27,56.20146558328656,58.40779715498147,56.08145489952698,58.297019958496094,1228300.0
2024-03-28,58.73090589212819,60.49412536989716,58.44473113975116,60.29103088378906,1834100.0
2024-04-01,60.32795182339966,60.46642596323064,58.27855779608947,58.42626190185547,775100.0
2024-04-02,57.66927587193998,57.66927587193998,56.67227055226261,57.33694076538086,1461700.0
2024-04-03,57.02306983231389,58.02930513031672,56.856902276934086,57.89083099365234,943600.0
2024-04-04,58.61088943302638,58.860137235447226,56.51533513588373,56.6999626159668,1525800.0
2024-04-05,56.31224762217198,56.98614786785205,55.73989461597891,56.63534927368164,1089300.0
2024-04-08,57.281551495002326,58.85090979381272,57.096920485458114,58.380104064941406,853900.0
2024-04-09,58.52780995452039,60.43873339030508,58.26009515858788,60.28179931640625,1415600.0
2024-04-10,57.97391261392924,58.121616710820966,56.12760964201083,56.61688232421875,1455200.0
2024-04-11,57.115384122516005,57.91852848838844,56.432253963008975,57.26308822631836,882300.0
2024-04-12,56.91229169782445,57.40156086863173,55.60141472938461,55.95221328735352,1122300.0
2024-04-15,56.506102500944,56.690733505354366,53.81973177532653,54.16129684448242,1333900.0
2024-04-16,53.73665075789388,53.958208678868296,52.67502859073894,53.52432632446289,1474400.0
2024-04-17,53.65356951724115,54.53056423356145,53.4043181649263,53.49663543701172,1424700.0
2024-04-18,53.93974593780107,54.29054451666764,53.28430917530744,54.17976379394531,955800.0
2024-04-19,54.3274698894295,55.62911349589564,54.3274698894295,55.573726654052734,1446300.0
2024-04-22,55.80450960930092,56.99537590504937,55.33370036607779,56.62611389160156,1159500.0
2024-04-23,56.59842099865738,59.28479178288003,56.59842099865738,58.09392547607422,1600300.0
2024-04-24,57.42003064125839,58.24163500777737,57.05076858995948,58.1031608581543,1030100.0
2024-04-25,56.95845161334277,57.41079390295458,55.878362463443615,57.189239501953125,1178400.0
2024-04-26,57.309246312662566,58.721666968503065,56.70919643425605,56.78304672241211,845600.0
2024-04-29,57.48464906766052,58.26009653246419,57.48464906766052,58.01084518432617,908400.0
2024-04-30,57.49387096899909,58.50010618668361,57.01383179416816,57.13384246826172,1261400.0
2024-05-01,53.54279208283887,56.55226470905018,52.43500947336792,54.69673156738281,2343300.0
2024-05-02,55.59218660234038,55.69373383470632,54.032058253343145,55.453712463378906,1254400.0
2024-05-03,56.921524280732726,57.73389862860412,55.68450106616134,56.10914993286133,891700.0
2024-05-06,57.09692092534799,57.13384783185005,56.34917043717129,56.85690307617188,812000.0
2024-05-07,57.216935080574935,57.64158396647014,55.96144835571621,56.18300628662109,986800.0
2024-05-08,55.80451200268463,56.183003998007074,55.250618958757165,55.49987030029297,649800.0
2024-05-09,55.80450617970018,56.81997137195845,55.65680208770727,56.70919418334961,672600.0
2024-05-10,56.96767994542834,56.96767994542834,56.146075648988216,56.77381896972656,787400.0
2024-05-13,57.46618150809847,58.59242747740011,57.161539819401376,57.9277572631836,1306400.0
2024-05-14,58.84167897154678,59.58943296462211,58.647814477498216,59.12785720825195,1251600.0
2024-05-15,60.69721400887997,60.77106782272983,59.63558832482202,59.70944213867188,1664300.0
2024-05-16,59.66328291423262,59.92177126777607,58.74936483995258,58.75859832763672,1133300.0
2024-05-17,58.90629694445425,59.07246449183837,57.9277551122526,58.34317398071289,887300.0
2024-05-20,58.47241865653045,58.74936341408942,57.25385890603602,57.32770919799805,873800.0
2024-05-21,57.096922602366384,57.7338994328331,56.83844129234728,57.55849838256836,990300.0
2024-05-22,57.25385981542608,58.02007377422751,56.61688651076872,56.98614501953125,614600.0
2024-05-23,57.21693139767843,57.21693139767843,54.9182860604099,55.16753387451172,879800.0
2024-05-24,55.638345635121,55.97991073053288,54.52133307881203,54.75212097167969,949800.0
2024-05-28,55.32447255490284,55.82297523600719,53.61664359967279,53.62587356567383,1142600.0
2024-05-29,52.75811324884567,52.95197423195947,52.12113641640924,52.77657318115234,1132800.0
2024-05-30,53.164295924064206,53.7458823649222,52.84119430222286,53.71818542480469,1213200.0
2024-05-31,54.33669694371601,56.08145268605751,53.792037426973216,56.007598876953125,2268300.0
2024-06-03,56.118381396924086,56.25685201113668,55.02906232837597,55.42601776123047,975300.0
2024-06-04,55.05675541931226,56.14607448137873,55.02906200094324,55.34293365478516,942200.0
2024-06-05,55.35216198848783,55.89682150346328,54.89058624771349,55.13060760498047,870400.0
2024-06-06,54.65979979535753,56.32147180094496,54.5582525663058,56.15530776977539,1322100.0
2024-06-07,55.05675405604793,55.66603389588482,54.46593766851439,54.70595550537109,1536800.0
2024-06-10,54.09668286540321,55.306012740649926,53.81050812047209,54.539798736572266,1554100.0
2024-06-11,54.03205742201322,54.84443174689795,53.6904923451188,53.90281677246094,1383800.0
2024-06-12,56.34916668741881,57.58618980057106,54.9921328968928,55.3521614074707,1888100.0
2024-06-13,55.37062789415562,56.96767960541437,55.15830346657662,56.58918762207031,1685100.0
2024-06-14,56.07222663196803,57.4015635946829,56.07222663196803,56.90306091308594,1566200.0
2024-06-17,56.67227458529359,57.1153869183916,55.97068093827436,56.727664947509766,968200.0
2024-06-18,56.81998316699111,57.75236830250034,56.626122166296966,57.28155899047852,977000.0
2024-06-20,56.78304478601687,57.56772564036983,56.64457417986754,56.690731048583984,1057300.0
2024-06-21,56.783048935527006,57.0784606642953,56.36763356517853,56.77381896972656,1563000.0
2024-06-24,56.9861444389978,57.88160256436473,56.709199679861285,57.41079330444336,829900.0
2024-06-25,57.272319754608375,57.39232691378157,56.78304706624503,56.96767807006836,1250900.0
2024-06-26,56.46917499508374,56.87536390477457,56.1460733819601,56.39532470703125,800200.0
2024-06-27,56.256854704664704,56.52456950178797,55.67527175834776,56.47841262817383,935700.0
2024-06-28,56.95688250558923,57.7824815534774,56.57222901376709,57.754337310791016,1985600.0
2024-07-01,57.791865135881935,58.12961038324608,56.51594381532048,56.9381217956543,755500.0
2024-07-02,56.89121362849155,57.78248501529246,56.47841586925185,57.74495697021485,1010300.0
2024-07-03,57.97949650240681,58.40167802316777,57.33215388982069,57.67927932739258,743400.0
2024-07-05,57.52917107096911,57.98888063597026,56.22510203845773,56.572227478027344,1445600.0
2024-07-08,56.90997516021249,57.15390028479823,56.42212133216979,56.99441146850586,1027000.0
2024-07-09,56.88182696433132,57.5854616249232,56.01869991965905,57.472877502441406,1087700.0
2024-07-10,57.81062802500354,58.18590131002227,57.34153820816576,58.00764846801758,890600.0
2024-07-11,59.66822280269624,61.46952596738127,59.22728081195613,61.19746017456055,2619400.0
2024-07-12,62.10747630779016,63.94631431619355,62.08871586832287,63.57104110717773,1768900.0
2024-07-15,64.12457370298391,64.77191991215679,63.41155520865888,64.16210174560547,1368700.0
2024-07-16,64.64996520733357,65.38174421275296,64.15272396425402,65.06275939941406,1688500.0
2024-07-17,64.69686764592998,65.71010338329589,64.05890519918954,64.31221771240234,1184800.0
2024-07-18,63.96508984005428,66.14166637634192,62.4733804508169,63.073822021484375,1429100.0
2024-07-19,63.13009989934638,63.38340521688781,61.98551975530688,62.63286590576172,794000.0
2024-07-22,62.63287163550295,63.72115624140312,61.98552542582799,63.67425155639648,718400.0
2024-07-23,63.3365086469134,65.39111716355625,63.05505189560985,64.90326690673828,918600.0
2024-07-24,64.68748372541252,65.86020828285467,62.79236398999275,62.87679672241211,958700.0
2024-07-25,62.97999444212053,65.08152191540832,62.78297758357649,63.7117805480957,776300.0
2024-07-26,64.47171147152162,66.19795871974492,64.39665537610063,66.14167022705078,914300.0
2024-07-29,66.35745062233423,67.2205741932515,65.68196012066237,66.93911743164062,1270900.0
2024-07-30,67.43634940649294,68.34638479524568,65.71010231843034,68.13998413085938,1752700.0
2024-07-31,67.20179797750221,68.83423553320483,64.73438836026749,66.90158081054688,3384400.0
2024-08-01,67.89605628581354,68.5809233457051,65.21286221301712,65.94464111328125,1478300.0
2024-08-02,64.46231687428929,64.52798915734833,61.422617096247365,62.7923583984375,1596000.0
2024-08-05,59.89338905737176,62.87679705471002,58.6268479601892,61.591495513916016,1960900.0
2024-08-06,62.38894196536556,65.59751440572624,61.63839543952746,64.12457275390625,1644100.0
2024-08-07,65.14718983261977,65.73824036861423,62.96122977701415,63.37403106689453,1604900.0
2024-08-08,63.90879684170201,64.63119198331101,63.38341139915315,64.49984741210938,1041800.0
2024-08-09,64.6593411469181,64.78130908498932,63.4021838246718,64.37789154052734,635000.0
2024-08-12,64.17148166358187,64.36849850711963,62.5015232355308,63.04566192626953,712700.0
2024-08-13,63.75868642853063,64.64996136654115,63.167635841823234,64.58428192138672,577600.0
2024-08-14,64.84697141483456,65.12842097799354,64.0870411314993,64.29344177246094,668500.0
2024-08-15,65.11904596474382,66.26361900259954,64.50922782603699,65.325439453125,1073900.0
2024-08-16,65.29730325229374,66.16042682623339,64.74378068566163,65.66319274902344,762700.0
2024-08-19,65.66319850013397,66.98603537935797,65.64443805459771,66.87345123291016,823000.0
2024-08-20,66.610745205293,66.87343432283578,65.64442145529995,65.84143829345703,777200.0
2024-08-21,66.06660769518875,66.36682488988124,65.25039599966922,66.19795227050781,785100.0
2024-08-22,66.10412775325868,66.86405086976221,65.47554919620657,66.48878479003906,839100.0
2024-08-23,67.02354386738912,69.56600938126856,66.62012640753423,68.59968566894531,1250300.0
2024-08-26,68.95620256253586,70.27903927190093,68.67474581142851,69.39714813232422,1319600.0
2024-08-27,68.65599016121848,69.84747522090058,68.54340602136747,69.61293029785156,750100.0
2024-08-28,69.35022782544242,69.91313410122608,69.16259478609508,69.68797302246094,654700.0
2024-08-29,69.80056762695312,70.25088985213594,68.95620450755695,69.80056762695312,835200.0
2024-08-30,70.52296577678325,71.04835127191865,70.03511548602503,70.56987762451172,1595600.0
2024-09-03,70.09139145630378,70.57924881765643,69.16259573068857,69.72550201416016,1054300.0
2024-09-04,69.82870483398438,70.80441243387246,69.38775929619686,69.82870483398438,844600.0
2024-09-05,70.43852068343234,71.03895500876143,69.91313528046308,70.04448699951172,1006900.0
2024-09-06,70.24151653788414,70.53234995366975,69.3033368402603,69.95067596435547,1042900.0
2024-09-09,69.9037581736573,70.01633513531887,68.9280506120539,69.70674133300781,1144500.0
2024-09-10,69.9131394596497,70.11954011339613,68.55278192576412,69.90376281738281,936200.0
2024-09-11,69.25641807251947,71.64877892552447,68.70289554194332,71.57372283935547,1332500.0
2024-09-12,71.77073805486836,74.21000353760303,71.60186544372368,73.75029754638672,1435200.0
2024-09-13,74.62281407388713,75.59852181920749,74.28506880982457,75.11066436767578,1209500.0
2024-09-16,75.28891487355612,76.6868005100312,74.40702373596149,76.46163940429688,1016800.0
2024-09-17,76.60236659118603,77.32476174150896,75.17632957559188,75.43902587890625,1301600.0
2024-09-18,75.90811985470084,78.22541760631619,75.42964622312361,76.2646255493164,1436000.0
2024-09-19,78.00024066678519,78.666347232441,76.72431601327112,77.22154998779297,1695000.0
2024-09-20,76.78999753544167,77.0151586314825,75.80491326667416,76.01130676269531,2453900.0
2024-09-23,76.50855080739433,77.12774563402841,76.09574948447663,77.09021759033203,891500.0
2024-09-24,76.94948870182819,77.8595240715939,76.63989486945069,77.39043426513672,712000.0
2024-09-25,77.53116345199182,77.79385260112488,75.3358265704576,75.80491638183594,1105600.0
2024-09-26,76.73370765995519,76.78061234366979,74.91363700911594,75.29829406738281,1052500.0
2024-09-27,76.18956523470646,76.42411013710037,74.96055223663997,75.77676391601562,942000.0
2024-09-30,75.58681925756771,76.76445558628761,75.32090371419713,76.4130630493164,1212800.0
2024-10-01,76.3655883210808,76.3655883210808,74.80806941601783,75.67230224609375,640800.0
2024-10-02,75.03600763135262,76.24212679632382,74.91254165090609,76.10916900634766,631700.0
2024-10-03,75.77676978647266,75.85274773188897,74.97901585091273,75.80525970458984,751000.0
2024-10-04,76.10916548706005,77.20132492192516,75.62481513416833,76.67898559570312,950800.0
2024-10-07,76.1756463385401,76.1756463385401,75.18795474351171,75.88124084472656,905800.0
2024-10-08,76.0616749417786,77.09685450521765,75.67230065792661,76.84992980957031,1190300.0
2024-10-09,77.05886589789043,78.49291880640149,76.76446041999986,78.2554931640625,1339500.0
2024-10-10,78.20800722052536,79.21469689790324,77.29629359913739,78.09404754638672,1336300.0
2024-10-11,78.340968768208,79.02475582851716,78.21751003340734,78.79682922363281,863400.0
2024-10-14,78.63538484624166,80.37333524491477,78.17002531590876,80.1454086303711,763200.0
2024-10-15,80.56327637147747,83.24143751585737,80.5442782611852,82.13028717041016,1537500.0
2024-10-16,82.62413055238125,83.37439651538162,82.52916173650975,83.00401306152344,907900.0
2024-10-17,82.66210975017299,84.63749276752922,82.34870617377742,84.44754791259766,972100.0
2024-10-18,84.5330255998027,85.57769695067299,83.64980194270261,85.20731353759766,1058500.0
2024-10-21,84.8939152428411,85.2358087601387,82.46267889375231,82.55764770507812,1303000.0
2024-10-22,82.32022062308542,83.21294337447402,81.97832711173045,82.45317840576172,765800.0
2024-10-23,83.1179593143497,84.11514983404179,82.03529904787803,82.58612823486328,1244100.0
2024-10-24,82.73809364505573,83.45986240876007,82.25374328720096,83.1939468383789,922300.0
2024-10-25,83.57381792399951,83.6782857760569,82.33920180640575,82.61461639404297,990100.0
2024-10-28,83.46935811992645,84.25761299030547,82.95651786373972,82.9945068359375,977700.0
2024-10-29,83.11796492690326,83.66879415108332,81.73140005771775,81.85486602783203,1311300.0
2024-10-30,81.02861816558236,81.47497950625196,77.64767953598228,78.58788299560547,2179900.0
2024-10-31,77.52421517309216,78.16052137700476,76.46055297317679,76.5080337524414,1890000.0
2024-11-01,77.41975843093111,77.79014913804656,74.74159719271962,75.178466796875,1595600.0
2024-11-04,75.04548897480564,76.81193621888454,75.01699905887776,76.28960418701172,873000.0
2024-11-05,75.8147543728469,77.73315028685627,75.69128840727473,77.28678894042969,899400.0
2024-11-06,78.67335519562818,79.72752559816367,74.33321486331424,76.87841796875,2451400.0
2024-11-07,76.22313303726638,78.70185741373096,76.1756450087969,78.46443176269531,2028800.0
2024-11-08,78.57839840103914,78.94878186982307,77.90411036182594,78.73035430908203,1280100.0
2024-11-11,79.12921194539187,79.2811678231819,77.45773351797688,77.83761596679688,962400.0
2024-11-12,77.23931932855922,77.97058719105439,74.92204251199483,75.05500030517578,1112100.0
2024-11-13,76.1946426835779,76.64099681862649,74.90304656966312,75.39688873291016,1128300.0
2024-11-14,75.89073368113853,76.88791700379142,75.37789343849332,75.47286224365234,1273800.0
2024-11-15,75.17845639639847,75.17845639639847,73.58295584251145,74.58013916015625,1379600.0
2024-11-18,74.39970038366195,74.85556083309292,73.39301791680761,74.4661865234375,1066300.0
2024-11-19,73.96282657324008,75.74827187380733,73.68741198441523,75.42536926269531,820100.0
2024-11-20,74.91253631145035,75.72928110346464,74.76058766758906,75.55833435058594,731600.0
2024-11-21,75.97620596060051,77.57170657559935,75.64381150865401,76.70747375488281,792400.0
2024-11-22,76.87842710843049,77.73316094800056,76.37508586003261,76.60301971435547,1326400.0
2024-11-25,77.43874901334422,78.1225360282241,76.86892891616289,77.98957824707031,3005700.0
2024-11-26,77.61919356375681,79.30966296445057,77.02087631260515,79.03424835205078,968300.0
2024-11-27,79.65156160236523,80.4872973021997,78.45493426855771,78.6923599243164,899000.0
2024-11-29,78.82532110409318,79.594577943246,77.6761817502472,77.86611938476562,957500.0
2024-12-02,77.84712264751234,78.06555018616675,76.25162200267587,76.81194305419922,1054000.0
2024-12-03,76.91640662823272,77.03987259555973,75.68179767455024,76.11865997314453,762200.0
2024-12-04,76.14714823418872,76.47004361261101,75.38738332101656,75.75776672363281,866300.0
2024-12-05,75.56782946192237,75.97620183662042,74.76058376653933,75.24493408203125,803800.0
2024-12-06,75.7197908679358,76.4510586758774,75.13097265230664,76.29910278320312,854200.0
2024-12-09,76.54602920244997,79.10073155149105,76.54602920244997,78.8348159790039,1164400.0
2024-12-10,78.83481214247178,78.92978095007321,76.45105666970126,77.10635375976562,1108500.0
2024-12-11,77.66667376467062,77.83762051434418,75.46336412757555,75.96670532226562,1741800.0
2024-12-12,75.87173957218718,76.92591003002893,75.64381297865961,75.91922760009766,815600.0
2024-12-13,75.52034746052452,76.08067576149845,74.70360989164598,75.90972900390625,679900.0
2024-12-16,75.52984085058279,77.48622573856645,75.52984085058279,76.51753234863281,1267900.0
2024-12-17,75.86223954869644,76.69798245705124,75.72928176703194,76.31809997558594,893400.0
2024-12-18,76.29910584915567,76.74546724475294,70.24000567558151,70.49642944335938,1598400.0
2024-12-19,70.83832093000825,71.31317228010829,69.04338340628264,69.6417007446289,1745700.0
2024-12-20,69.83163273115271,72.2438782637861,69.64169510475726,70.88580322265625,3032000.0
2024-12-23,70.45843850666128,72.12041806359738,70.22101285567041,71.80701446533203,1287900.0
2024-12-24,71.64556010573843,72.32934707637321,71.29416756648021,72.30084991455078,246500.0
2024-12-26,71.99694767117671,73.0131291052533,71.4366266471262,72.39582824707031,677600.0
2024-12-27,71.5980819687391,72.54778461562053,70.70535916206056,70.85731506347656,593300.0
2024-12-30,70.24949264168269,70.75283378987636,69.20482137713762,70.4394302368164,616400.0
2024-12-31,70.86290638236694,72.28728969406272,70.8244087423023,71.56547546386719,980700.0
2025-01-02,70.96876496966205,72.2969077011853,70.50680802687647,70.93026733398438,935600.0
2025-01-03,71.15162910977895,72.21028842438615,70.93026953343661,72.09480285644531,747800.0
2025-01-06,71.7964444141092,71.99855149056692,69.19791646802645,69.28453063964844,1227700.0
2025-01-07,69.4577751724058,70.27582982683691,67.57143487586409,67.68692779541016,1448100.0
2025-01-08,67.46556563287903,67.9371488533882,66.16630154382592,67.30195617675781,1199900.0
2025-01-10,65.64660235130174,66.51278096261896,64.8574190260293,65.58885955810547,1886400.0
2025-01-13,65.42524401730856,66.89774384870894,65.165386786665,66.71488189697266,1387500.0
2025-01-14,67.06134615188138,68.11037918000174,66.9266080995113,67.64842224121094,1148800.0
2025-01-15,70.05447844031652,70.29508318533368,69.15942849514573,69.2941665649414,1422300.0
2025-01-16,69.2749166596899,69.93898071732411,68.89956652797456,69.7176284790039,575300.0
2025-01-17,70.25657593535394,71.1516257581003,69.87160692744752,70.43943786621094,1086600.0
2025-01-21,70.85328549945174,71.71945667734309,70.68966869808054,71.25749969482422,961500.0
2025-01-22,70.76666538623925,70.91102969965587,69.97748212792561,69.99673461914062,740600.0
2025-01-23,69.98710468254434,70.09297135062172,67.93714769402206,69.159423828125,1074500.0
2025-01-24,68.87070184057876,71.34411839663287,68.8129590497732,70.79553985595703,1906200.0
2025-01-27,70.56455823241546,73.09571746744483,70.48756295296026,71.78682708740234,1182100.0
2025-01-28,70.99764084076809,71.28636945523301,69.39040299884168,70.42981719970703,1535000.0
2025-01-29,67.77354587758863,69.36153873501475,66.16630787046786,66.25292205810547,3228000.0
2025-01-30,68.41836428039939,71.28637617707219,68.06227394401247,69.67913818359375,1834400.0
2025-01-31,69.67913132950952,70.9976405516008,69.67913132950952,70.39131927490234,1506200.0
2025-02-03,68.42798604131197,69.89086696073349,67.67730043333134,68.98619079589844,919800.0
2025-02-04,68.89956335877021,69.9582299896008,68.14887781521634,69.55400848388672,959800.0
2025-02-05,70.13147615557602,70.64155705789199,68.21625703202731,70.23734283447266,1275400.0
2025-02-06,70.93989488842784,71.10350433607395,69.27491433499704,69.66950225830078,1316700.0
2025-02-07,69.94860487279121,70.18920959410066,68.63008835665299,70.00634765625,795400.0
2025-02-10,70.05447291513214,70.11221569972638,68.33174219555987,68.44723510742188,1011000.0
2025-02-11,67.41745545088851,69.03431970210035,67.36933156270253,68.861083984375,976700.0
2025-02-12,67.22496024096094,67.95640067771438,66.79187466308018,67.78316497802734,1049200.0
2025-02-13,67.97564919394988,68.8129563410427,67.56180874322686,68.58197784423828,901500.0
2025-02-14,69.04393610462007,69.82350047748322,68.18738379319227,68.21625518798828,846800.0
2025-02-18,68.22587757232077,68.84182510202113,67.93714895535396,68.49535369873047,1118300.0
2025-02-19,68.10076536219574,68.10076536219574,66.51277266337118,67.26345825195312,1159000.0
2025-02-20,67.25383765521558,67.44632586247609,66.30104489296758,66.95549011230469,1164000.0
2025-02-21,67.25383514148487,67.26346138715668,65.5022329055922,66.27217102050781,1205100.0
2025-02-24,66.71488642019604,66.98436257196785,66.0219435483974,66.25292205810547,1124100.0
2025-02-25,66.42615316656888,68.13926507749343,66.42615316656888,67.27308654785156,1445000.0
2025-02-26,67.6388054522264,68.19701022874953,67.05172928082693,67.35970306396484,1030800.0
2025-02-27,67.69655058610306,68.78408878193109,66.92661977293506,67.40782928466797,1097400.0
2025-02-28,67.6965428025489,68.42798323223286,67.38856904415675,68.26437377929688,2958400.0
2025-03-03,68.12001813024334,69.0439395228278,64.8574181886351,65.4733657836914,1385500.0
2025-03-04,64.94403170596232,65.53110048967507,63.17317708169109,64.53981018066406,1576800.0
2025-03-05,64.0778609189751,65.43486793603509,62.94220616739871,65.13652038574219,2133900.0
2025-03-06,63.96235976827604,64.8092857642676,63.30791461688644,64.16446685791016,1614300.0
2025-03-07,64.33770396120583,66.57051558368434,64.17409450545117,66.40690612792969,1357800.0
2025-03-10,65.97381713528677,67.27308115424434,65.0017720109181,65.60809326171875,2282600.0
2025-03-11,65.92569598590522,65.92569598590522,62.53798462003365,63.10580825805664,1579400.0
2025-03-12,63.51001797568656,64.15484418683786,62.836327716481456,63.606258392333984,1123000.0
2025-03-13,63.58701916536338,64.33770476483669,61.32533612158067,61.5659408569336,1518900.0
2025-03-14,62.53798433536035,63.1924294913498,61.96052711214867,63.04806518554688,1182500.0
2025-03-17,63.79874949701481,66.65713479296498,63.74100671291027,66.06043243408203,1765100.0
2025-03-18,65.44449311871251,66.40691213516418,65.05952404359698,65.8390884399414,1418500.0
2025-03-19,65.82945917436726,67.22496374714349,65.66584971131675,66.27217102050781,1462700.0
2025-03-20,66.14705102619654,66.72450086971271,65.61771771974738,65.89682006835938,1346500.0
2025-03-21,65.95456757233939,66.41653188583344,64.90553447148476,65.7717056274414,2903000.0
2025-03-24,66.4069092575363,67.24421640892878,66.27217118848566,66.8688735961914,1555400.0
2025-03-25,67.11908907616966,67.27307961787588,65.27124663173403,65.93531799316406,1139100.0
2025-03-26,66.01231027212354,66.55126986094422,65.41561524036752,66.32991027832031,1106700.0
2025-03-27,66.21442863472875,66.82074994760917,65.5696023389268,65.7524642944336,1063100.0
2025-03-28,65.93532994462103,66.24330374118372,64.54944418875168,65.13652038574219,1216700.0
2025-03-31,65.03885446183807,66.09354040054389,64.3552658629863,65.61502838134766,1582200.0
2025-04-01,65.8884587178613,66.10330296101998,64.16971222314824,65.39041137695312,1340100.0
2025-04-02,64.72635282689309,66.3572051608431,63.974405402141365,66.23025512695312,1148100.0
2025-04-03,64.23807719128844,64.90213789217933,61.025199543915264,61.13261795043945,1449700.0
2025-04-04,59.78496599358213,60.4490266650937,57.49981691226956,59.00371551513672,2530800.0
2025-04-07,57.48028727161197,60.5662148476228,55.11701157036805,57.11896133422852,2276600.0
2025-04-08,58.55450093438477,59.93144954418145,54.65803100093562,55.52716827392578,1983800.0
2025-04-09,54.49201381582769,60.51738725549311,52.94905189981486,60.14629364013672,2482700.0
2025-04-10,58.39824954550648,58.75957546910928,55.53693029512055,58.261531829833984,2200500.0
2025-04-11,57.68536136094832,59.36504465991786,56.20099067992753,59.21855926513672,1907200.0
2025-04-14,60.536918949124775,61.87480428634529,59.8337949878277,61.36699295043945,1903300.0
2025-04-15,61.269337029356905,62.34355085530002,60.93730669174711,62.09941101074219,1486600.0
2025-04-16,62.09940982475763,62.60722113877307,61.01542833957835,61.59159851074219,1412100.0
2025-04-17,61.98222493960629,63.29081093040495,61.88456676659852,62.38261413574219,1413500.0
2025-04-21,61.39628814901951,61.77714571720142,60.13652936009744,61.10332107543945,1388600.0
2025-04-22,62.245897317266845,62.82206750785478,61.46464682304165,62.43144226074219,1588200.0
2025-04-23,64.10135774232032,65.87869553350926,63.48612800902461,63.75956344604492,1742400.0
2025-04-24,63.749796332580765,64.73612341107612,63.55448743313237,64.48221588134766,1004100.0
2025-04-25,64.16971691217574,64.4919833004625,63.788859344402994,64.30643463134766,770200.0
2025-04-28,63.96464212045575,65.20486930775229,63.78886112652992,64.68729400634766,1331000.0
2025-04-29,64.40409028584094,64.70682877014967,62.40214796018683,63.59355163574219,2443200.0
2025-04-30,60.66386853964634,62.70487782304083,59.3552788020832,62.23612976074219,3881200.0
2025-05-01,62.919720717145225,63.74979469430463,61.71855313506919,62.77323532104492,1244100.0
2025-05-02,63.82791945916745,64.55057128914856,62.94901455753823,63.52518844604492,1254700.0
2025-05-05,63.00760980891279,64.0330001688863,62.85136417771662,63.22245407104492,691800.0
2025-05-06,62.841596323097576,63.34941138682937,62.21659889893306,62.48027038574219,1038400.0
2025-05-07,62.93924754287625,63.5935479741197,62.431439955768,62.54862976074219,1337100.0
2025-05-08,62.90019608159413,63.15409616745515,61.98222783877578,62.05058670043945,1402800.0
2025-05-09,62.2263677288347,62.9099563458454,61.80644687822609,62.70487976074219,1105300.0
2025-05-12,64.57986480689834,65.57595948032707,64.41385151151232,65.03884887695312,1216100.0
2025-05-13,65.37088642697161,65.53689973126816,63.94511064487351,64.49198150634766,1215800.0
2025-05-14,64.29666567776931,65.24392946366787,63.83768902995818,64.56034088134766,2143500.0
2025-05-15,64.56034091736983,65.44900607488195,64.26737012446527,65.40995025634766,923200.0
2025-05-16,65.48807123408481,66.34744827777786,64.96072826197053,66.24978637695312,1103300.0
2025-05-19,65.5954960837821,66.39627453006486,65.32206063147441,66.30838775634766,1044500.0
2025-05-20,65.91775693087057,66.7575985781825,65.91775693087057,66.01541137695312,1217800.0
2025-05-21,65.91775696732556,65.91775696732556,63.41776738355771,63.466590881347656,1257900.0
2025-05-22,63.28105678345213,63.91581447998297,62.42167967949592,63.11503601074219,999800.0
2025-05-23,62.548633869386784,63.49589024889679,62.3630851952953,63.09550476074219,1369700.0
2025-05-27,64.0818284877276,65.75174411495692,63.83768864543285,65.51736450195312,1619300.0
2025-05-28,65.58573262478598,66.25955354178247,64.94119984702934,66.18142700195312,1392000.0
2025-05-29,66.71853163135471,67.26540245971259,66.1325975366061,67.2361068725586,1643800.0
2025-05-30,66.92361544789978,66.92361544789978,65.2634674243581,65.75174713134766,2502800.0
2025-06-02,65.24393061801749,66.15213115091541,64.27713890575741,66.00564575195312,1110600.0
2025-06-03,65.90799144370966,69.1599360152846,65.54666923612815,68.7302474975586,1838300.0
2025-06-04,68.70094862813198,70.01930225756053,68.13454241827017,69.5603256225586,1886600.0
2025-06-05,69.63844457022616,70.73219371980741,69.28688260966634,70.12672424316406,1314200.0
2025-06-06,70.93727246370179,72.60718810229146,70.69313261974617,72.38258361816406,1741000.0
2025-06-09,72.69508612776589,72.84156408136555,70.66384073153623,70.8786849975586,3455100.0
2025-06-10,71.19117942300072,71.67945910703973,69.4236019004009,71.18141174316406,2044200.0
2025-06-11,71.50368217301722,72.47047391602155,70.9275082389249,71.2693099975586,1693600.0
2025-06-12,71.22047300066663,71.88453365022869,70.97633316554169,71.75758361816406,806100.0
2025-06-13,71.15211455740295,71.82594289043278,69.82399325057821,70.40992736816406,1065600.0
2025-06-16,71.06422904404835,71.88454286956436,70.39040807906308,71.1130599975586,2143300.0
2025-06-17,71.49390828805977,71.50367596760202,69.8532883011156,70.05836486816406,1669000.0
2025-06-18,70.09743448443261,70.7126716918559,69.78493576578609,70.0290756225586,1775300.0
2025-06-20,70.2048537772093,70.98610426749745,69.66774313381657,69.7947006225586,3225600.0
2025-06-23,70.8689162827837,70.8689162827837,67.41189506770192,69.3259506225586,2169500.0
2025-06-24,69.69704744355903,70.16579178582539,68.09549061479446,68.6911849975586,2004700.0
2025-06-25,67.74392949519498,67.88064721764283,65.00956014512373,65.07791900634766,2886700.0
2025-06-26,65.67361403934656,66.29861140590698,65.17556670173998,66.17166137695312,2988900.0
2025-06-27,66.71853843489096,67.60721107215,66.28884991133212,66.99197387695312,1996900.0
2025-06-30,67.13067604057423,67.32881550217809,66.05079556678605,66.84336853027344,1473100.0
2025-07-01,66.30838496403348,69.25080216690331,65.88237830573017,67.48733520507812,1392900.0
2025-07-02,67.37835313784275,67.87370934297033,66.83345828878808,67.63593292236328,1222200.0
2025-07-03,67.28919049878502,68.56721051775808,67.28919049878502,68.19074249267578,774300.0
2025-07-07,67.8638055663644,67.94306437961474,66.35792590729017,66.70467376708984,1560600.0
2025-07-08,66.54615474514142,68.01241252538007,66.31829510999539,67.66566467285156,1149900.0
2025-07-09,67.93315105764265,69.03284246019022,67.91334013478831,68.38887786865234,1479800.0
2025-07-10,68.32944259828912,69.93439201702488,68.23037285961377,69.62727355957031,1400900.0
2025-07-11,68.63655724250418,70.38021326875705,68.63655724250418,70.11271667480469,1490500.0
2025-07-14,70.08299638654344,71.03407942866833,70.06318546335874,70.56845092773438,1605700.0
2025-07-15,70.88548080007449,70.99445977730014,69.2210835352622,69.27061462402344,1042100.0
2025-07-16,69.5678323117633,70.46937674793189,68.57711982098579,69.44894409179688,1654400.0
2025-07-17,69.32014997206207,69.56782807968926,67.68547295001545,68.38887786865234,1366500.0
2025-07-18,68.73563039477172,68.91395894676512,68.16102289038098,68.30962371826172,1369000.0
2025-07-21,68.80498032204106,69.05265844783463,68.08176442750428,68.36907196044922,873900.0
2025-07-22,68.75544602100535,70.59817179553399,68.51767714773797,70.45947265625,848700.0
2025-07-23,70.81613286303953,71.37092944459992,70.25142704008368,70.82603454589844,1055800.0
2025-07-24,70.19197916286535,70.77650346871717,69.79569265087818,70.08300018310547,1175100.0
2025-07-25,70.29104420657357,71.3808339313867,69.90466696178929,71.1331558227539,1540300.0
2025-07-28,70.86565803227023,70.94491683973882,68.86442227417163,68.95358276367188,1287200.0
2025-07-29,69.17154370056775,70.03346626241036,68.71581687569095,69.77587890625,2058900.0
2025-07-30,69.12200228620765,69.74615594888975,65.0799013530855,65.81302642822266,3158500.0
2025-07-31,65.21860554157293,66.1696886323979,64.6935291271261,64.82231903076172,4179700.0
2025-08-01,65.73377243626099,65.73377243626099,62.6823799213035,64.01984405517578,2711900.0
2025-08-04,64.22788830225585,65.5653485637876,63.86132198407298,65.12943267822266,2056300.0
2025-08-05,65.2780429057205,65.9319167526199,64.53500856617273,65.48609161376953,2195200.0
2025-08-06,65.63469701352294,65.82293478972714,65.00064167724497,65.40682983398438,1537500.0
2025-08-07,65.85265714331327,65.93191595261867,64.59444811083225,65.07990264892578,1255100.0
2025-08-08,64.94120501371546,65.30776378779171,62.44460537261238,62.66256332397461,2107600.0
2025-08-11,62.414887047865335,63.18764158290164,61.414269092991866,61.53315353393555,1535100.0
2025-08-12,62.246464238530585,63.08856829837852,61.66194374945688,63.07865905761719,2294100.0
2025-08-13,63.128195724215445,65.09971129590689,63.07865708049757,64.89166259765625,1183300.0
2025-08-14,64.00993648781666,64.84213137607615,63.36597183845205,64.60436248779297,1105600.0
2025-08-15,64.8421312972941,65.06999850225212,63.950496077681294,64.83222961425781,937200.0
2025-08-18,65.05018103844014,65.33748098834492,64.35667781024458,64.55482482910156,1156000.0
2025-08-19,64.99073804436853,66.27866730898585,64.83222797589023,66.24894714355469,1306300.0
2025-08-20,66.37773220584135,66.57587166662353,65.456369351986,65.81302642822266,1188500.0
2025-08-21,65.23841764255324,65.9021932139768,65.01055799673878,65.8031234741211,1031000.0
2025-08-22,66.01116579483558,69.21117023580051,65.94181622780715,68.72572326660156,1286900.0
2025-08-25,68.50776814880746,69.33006130499344,68.10157241194345,69.03284454345703,1128400.0
2025-08-26,68.99321159316791,69.57773584521385,68.44831674452645,68.83470153808594,2430100.0
2025-08-27,68.83470324090368,70.5387222782339,68.70590578701906,70.39012145996094,1120500.0
2025-08-28,70.62789597969366,71.15297240237318,69.68671455694319,71.00436401367188,1303700.0
2025-08-29,70.91520021354887,71.97526225107143,70.84585064318894,71.83656311035156,1088000.0
2025-09-02,70.85575302173679,71.93563355199066,70.5189144076901,71.72758483886719,1486000.0
2025-09-03,71.4997170306595,73.21365292675418,71.41055653660057,73.09476470947266,1364000.0
2025-09-04,73.52077271904369,74.90777171190575,73.20374502569263,74.59074401855469,2322200.0
2025-09-05,75.33377607196047,76.70095654036156,74.97711898306693,76.11643981933594,2049900.0
2025-09-08,74.30343397241802,75.4031253998927,72.6390367490944,75.08609771728516,3498700.0
2025-09-09,74.30343576708555,74.30343576708555,71.34120757756125,71.72758483886719,3222900.0
2025-09-10,70.52881984609812,73.63965625113474,70.52881984609812,73.18392944335938,2389100.0
2025-09-11,73.27308938595023,75.88856955970778,72.95606171514737,75.52201080322266,1508300.0
2025-09-12,75.56163620225756,77.19631327737405,75.3436858096401,76.46318817138672,2141900.0
2025-09-15,76.96845302210188,77.21613113576957,75.57154483291876,77.08733367919922,2099900.0
2025-09-16,77.22603598982718,78.48424509171367,76.93873601768516,78.19693756103516,2682900.0
2025-09-17,78.20684420577277,78.59322146145148,75.630985756533,75.72015380859375,1667700.0
2025-09-18,75.74987309757273,77.45389972268408,75.53191514898367,77.02789306640625,1480000.0
2025-09-19,77.30529360723727,77.50344063836475,75.4031274596318,75.73006439208984,6244800.0
2025-09-22,74.92758312928463,75.68052674040275,74.33315714515409,74.93749237060547,1453900.0
2025-09-23,75.34368459018101,76.55234742590817,75.16535604744485,75.48238372802734,1105000.0
2025-09-24,74.55111418886422,75.53191742858002,74.15482768479089,74.75916290283203,2856200.0
2025-09-25,74.10529862904136,74.78888511982314,73.05513823065407,74.66009521484375,5472200.0
2025-09-26,74.66009245313062,74.83842100033301,73.32263212838082,74.12510681152344,2563300.0
2025-09-29,74.82850822645486,74.95730567912582,73.6198378589837,74.66999816894531,1982700.0
2025-09-30,74.8499984741211,75.19999694824219,73.0199966430664,74.33999633789062,2480900.0
2025-10-01,74.98999786376953,76.37000274658203,74.01000213623047,76.31999969482422,1844000.0
2025-10-02,76.37000274658203,76.37000274658203,74.73999786376953,75.61000061035156,1465700.0
2025-10-03,76.12999725341797,76.36000061035156,75.37999725341797,75.61000061035156,1509900.0
2025-10-06,75.4000015258789,75.94000244140625,74.5199966430664,74.61000061035156,1015700.0
2025-10-07,74.9000015258789,75.0199966430664,73.56999969482422,73.7699966430664,2118700.0
2025-10-08,73.87999725341797,73.94999694824219,72.83999633789062,73.02999877929688,2479300.0
2025-10-09,73.04000091552734,73.11000061035156,71.26000213623047,71.44999694824219,1309900.0
2025-10-10,71.68000030517578,71.86000061035156,69.41000366210938,69.48999786376953,1541800.0
2025-10-13,70.43000030517578,70.80999755859375,69.77999877929688,70.0999984741211,1847600.0
2025-10-14,69.58000183105469,70.58999633789062,69.44000244140625,70.52999877929688,2539900.0
2025-10-15,70.68000030517578,72.63999938964844,70.52999877929688,71.7300033569336,2067400.0
2025-10-16,71.80000305175781,72.08999633789062,70.0,70.38999938964844,2237000.0
2025-10-17,70.66999816894531,71.37000274658203,70.11000061035156,71.05999755859375,1403900.0
2025-10-20,71.30999755859375,71.8499984741211,70.62999725341797,70.66999816894531,905800.0
2025-10-21,70.66999816894531,72.31999969482422,70.52999877929688,71.97000122070312,1938500.0
2025-10-22,72.19999694824219,73.31999969482422,71.94999694824219,73.19999694824219,1505300.0
2025-10-23,73.37999725341797,74.02999877929688,72.16999816894531,73.7300033569336,1333900.0
2025-10-24,74.33000183105469,74.95999908447266,73.95999908447266,74.18000030517578,1350400.0
2025-10-27,73.9000015258789,74.66000366210938,73.51000213623047,74.52999877929688,1586000.0
2025-10-28,74.75,74.7699966430664,73.44000244140625,74.08999633789062,1913100.0
2025-10-29,73.05000305175781,73.87000274658203,69.9800033569336,70.36000061035156,3187100.0
2025-10-30,70.83000183105469,71.75,69.75,70.43000030517578,2219200.0
2025-10-31,70.13999938964844,71.45999908447266,69.83000183105469,71.19000244140625,2345100.0
2025-11-03,70.26000213623047,70.87000274658203,69.43000030517578,70.61000061035156,1369000.0
2025-11-04,69.87999725341797,70.86000061035156,69.5,69.7300033569336,1702200.0
2025-11-05,69.72000122070312,69.80000305175781,68.01000213623047,69.37000274658203,1547500.0
2025-11-06,70.33000183105469,70.76000213623047,68.97000122070312,70.0999984741211,1681300.0
2025-11-07,70.19000244140625,72.54000091552734,70.0999984741211,72.36000061035156,1903500.0
2025-11-10,72.36000061035156,72.37999725341797,71.01000213623047,71.61000061035156,1307300.0
2025-11-11,72.01000213623047,72.86000061035156,71.5999984741211,72.41999816894531,1875700.0
2025-11-12,72.13999938964844,73.02999877929688,71.6500015258789,71.6500015258789,1535600.0
2025-11-13,71.4800033569336,72.1500015258789,70.6500015258789,70.80000305175781,1392700.0
2025-11-14,70.5199966430664,71.11000061035156,70.04000091552734,70.63999938964844,1059400.0
2025-11-17,70.54000091552734,70.76000213623047,68.70999908447266,69.11000061035156,1064300.0
2025-11-18,69.2300033569336,69.4800033569336,68.45999908447266,69.12999725341797,1117200.0
2025-11-19,69.29000091552734,69.68000030517578,68.55999755859375,69.37999725341797,976600.0
2025-11-20,69.9800033569336,70.9000015258789,68.62999725341797,68.66000366210938,1135400.0
2025-11-21,68.86000061035156,70.44999694824219,68.80999755859375,70.04000091552734,1252800.0
2025-11-24,70.22000122070312,71.05000305175781,69.72000122070312,70.66000366210938,1500400.0
2025-11-25,70.7699966430664,73.16999816894531,70.7699966430664,72.43000030517578,1447000.0
2025-11-26,72.33999633789062,73.12000274658203,72.08999633789062,72.70999908447266,1231300.0
2025-11-28,72.5,72.81999969482422,72.25,72.36000061035156,414000.0
2025-12-01,71.69999694824219,72.72000122070312,71.22000122070312,71.97000122070312,1465700.0
2025-12-02,72.0199966430664,72.4000015258789,71.33000183105469,71.75,889300.0
2025-12-03,71.87999725341797,72.5,70.7300033569336,71.1500015258789,1081700.0
2025-12-04,71.55999755859375,71.6500015258789,70.25,70.55999755859375,1082100.0
2025-12-05,70.55000305175781,70.80999755859375,68.69999694824219,69.27999877929688,1915900.0
2025-12-08,69.08000183105469,69.08000183105469,68.05000305175781,68.52999877929688,1279700.0
2025-12-09,68.5199966430664,69.86000061035156,68.04000091552734,68.9800033569336,909700.0
2025-12-10,69.05000305175781,70.75,69.0,70.33999633789062,1805200.0
2025-12-11,70.5999984741211,71.77999877929688,70.45999908447266,71.62000274658203,940300.0
2025-12-12,71.69000244140625,72.23999786376953,70.94999694824219,71.41000366210938,1118000.0
2025-12-15,71.86000061035156,72.31999969482422,71.18000030517578,71.62000274658203,1258700.0
2025-12-16,71.56999969482422,71.93000030517578,69.7699966430664,70.69999694824219,1816500.0
2025-12-17,70.87000274658203,71.58000183105469,68.73999786376953,69.54000091552734,1730800.0
2025-12-18,70.0,70.0,68.66999816894531,69.19000244140625,1562900.0
2025-12-19,68.98999786376953,69.44999694824219,68.36000061035156,68.70999908447266,2810300.0
