date,open,high,low,close,volume
2015-12-21,172.17358765298565,172.67293696153746,169.43078845005076,170.1400146484375,663700.0
2015-12-22,170.62493514222618,172.01442302072198,169.48149999329704,169.61900329589844,458800.0
2015-12-23,170.50188379503848,172.41966367488033,168.80120273731723,172.3472900390625,350700.0
2015-12-24,172.02888701754435,173.09994843947993,171.21111125369686,172.5065155029297,137800.0
2015-12-28,172.05055262965791,174.3518880573723,171.73935930472933,174.28675842285156,304900.0
2015-12-29,175.53881730942686,177.09476251110823,175.21315795552533,176.79080200195312,361500.0
2015-12-30,176.08466094816362,177.89005700414674,175.32027601501096,177.0965576171875,401900.0
2015-12-31,177.1620465866585,177.569715526974,174.20643566122564,174.28651428222656,341100.0
2016-01-04,173.58764361514946,174.2209967416722,171.4692092050762,172.76502990722656,364600.0
2016-01-05,173.18723327404922,175.1163958025376,173.09987882728475,174.7451171875,257700.0
2016-01-06,173.26738322272013,174.70879883664912,172.26277334688493,173.2965087890625,189500.0
2016-01-07,171.4837456233781,173.25275083153528,170.879518146987,171.58566284179688,460000.0
2016-01-08,172.0079476142571,173.74782780698027,169.72207977392438,170.10791015625,384200.0
2016-01-11,170.9669115070112,172.2044811057286,170.4281997745162,171.5784149169922,477200.0
2016-01-12,170.78490765282905,171.48376548632237,167.72009269486037,170.9159393310547,640600.0
2016-01-13,171.27267238082356,172.55391927625132,169.15423783839773,170.18797302246094,613900.0
2016-01-14,170.18800038847766,171.69493173049926,167.82932959111042,168.0404510498047,632900.0
2016-01-15,166.686364535141,168.64464171188112,164.71352457972284,167.54537963867188,606100.0
2016-01-19,168.30249980321028,170.23893849472407,166.83197008705395,169.1324005126953,484800.0
2016-01-20,168.60823450999447,168.60823450999447,163.0318790400026,163.41770935058594,717300.0
2016-01-21,163.88362656240415,165.1357589533713,159.65404460223485,160.88433837890625,587400.0
2016-01-22,162.20926733314886,164.08017890429323,161.24104807331724,163.68707275390625,733700.0
2016-01-25,163.69441212468925,165.41245406846227,161.94725572105378,162.42044067382812,432500.0
2016-01-26,162.60964231366813,164.98287521654404,162.39853202328788,164.7572021484375,471400.0
2016-01-27,164.75718410892983,164.75718410892983,159.421065241331,160.4766387939453,515200.0
2016-01-28,159.70501332970062,161.02266160113882,152.79644636802928,153.44435119628906,998600.0
2016-01-29,154.3616162887592,155.51183155051731,149.76804218593284,155.14056396484375,1223100.0
2016-02-01,153.88841656899282,157.49921926340815,153.19683453326516,155.9558868408203,805200.0
2016-02-02,155.9558767619183,157.63024076157114,151.1293544944575,151.65350341796875,566300.0
2016-02-03,152.42518424628443,154.3106587891909,150.8673000469949,153.15316772460938,610800.0
2016-02-04,152.2941171182787,154.74742860191014,150.87455178391895,153.54624938964844,579200.0
2016-02-05,152.7746628566162,156.7203332584834,147.11095044322104,147.4167022705078,691900.0
2016-02-08,149.95001376239682,149.95001376239682,143.18705303804168,144.26446533203125,622100.0
2016-02-09,143.2890219078562,145.73504739476508,139.52534780328838,140.85755920410156,741700.0
2016-02-10,143.15063360998326,145.5966579071491,142.36441032430744,143.25982666015625,455400.0
2016-02-11,141.2506464122782,141.86214992440242,139.22685304490471,139.9621124267578,473200.0
2016-02-12,143.3690521966234,144.04607142493495,140.06400134874562,142.34986877441406,512900.0
2016-02-16,143.4127183152171,145.0142794453318,141.0831738434008,144.59933471679688,434800.0
2016-02-17,144.96332761851127,148.04269406977517,142.91769618826365,146.73960876464844,544800.0
2016-02-18,146.89248230840275,148.36301181405466,144.7740480530763,147.07447814941406,398700.0
2016-02-19,147.02353647811094,151.9956534644962,147.02353647811094,150.77992248535156,1054600.0
2016-02-22,151.82095734988016,153.517160195439,151.63896147943152,152.5343780517578,407400.0
2016-02-23,151.52247104474657,153.9903344341286,151.52247104474657,152.2722930908203,446700.0
2016-02-24,151.4496677046453,153.94665664273134,149.56419328920302,150.99832153320312,265800.0
2016-02-25,151.893726812296,156.41450846046914,151.52973512464789,153.6044921875,468000.0
2016-02-26,153.57538547694762,154.1432116496332,152.72363510977385,152.86195373535156,450700.0
2016-02-29,152.97840676644373,156.20337848892223,152.25769931677138,152.3523406982422,573000.0
2016-03-01,153.34246525034527,157.81955995265298,152.519840226715,157.67396545410156,511300.0
2016-03-02,157.040562084515,159.4647478639146,154.2305460356276,158.7003631591797,459700.0
2016-03-03,159.1808658267519,160.9571472441922,158.1107292532636,160.92074584960938,454700.0
2016-03-04,162.09279576908398,162.96637367735582,160.92074198380766,161.9690399169922,430000.0
2016-03-07,160.75323561491206,162.68238641234936,160.36739434728386,162.4639892578125,335900.0
2016-03-08,162.4640283453788,163.98551074474574,161.29197481245626,161.5613250732422,387700.0
2016-03-09,161.75063168981578,163.344917096033,159.91611043119576,161.7870330810547,398600.0
2016-03-10,162.72618345151696,163.55608436337494,159.5521743116104,160.64414978027344,435500.0
2016-03-11,161.87441232109376,163.4759738075454,160.51308672383186,163.38133239746094,542100.0
2016-03-14,162.95183905007346,163.73078679905078,159.45751570515523,160.96444702148438,499600.0
2016-03-15,160.26555912119224,161.20466403354683,159.86517709260397,161.1173095703125,325900.0
2016-03-16,160.52032380356616,162.20196351372903,159.17355020367998,161.62686157226562,315000.0
2016-03-17,161.91082301491642,165.3396192935383,160.92076494874533,164.80091857910156,502300.0
2016-03-18,165.01203983895553,167.1959906198961,163.7526313322279,164.57525634765625,976500.0
2016-03-21,164.57522136466525,165.55071650684002,164.34953716776295,164.7062530517578,388500.0
2016-03-22,164.64076530623086,167.15230637744247,164.05837623408746,166.32968139648438,442500.0
2016-03-23,166.3442256289568,167.69827534973717,166.08215113112362,166.35150146484375,533700.0
2016-03-24,165.79095305969844,166.1403820015348,163.60700273396603,164.67713928222656,319800.0
2016-03-28,164.67711393033588,166.30051364559526,163.95640643486396,166.1767578125,344100.0
2016-03-29,166.24279275276268,171.477285024513,166.24279275276268,171.3086700439453,370800.0
2016-03-30,171.55052803223683,172.24699161386062,170.2089135860087,170.34088134765625,354400.0
2016-03-31,170.20895885655045,172.12240801021602,169.45384397852877,171.44793701171875,483600.0
2016-04-01,170.92006380565678,171.68984414825098,169.85703913567144,170.6854705810547,356000.0
2016-04-04,170.9273631097422,172.27631588068434,170.1795868409371,171.3965606689453,373900.0
2016-04-05,170.09899167313898,171.5432430957144,169.2558945516633,169.981689453125,295400.0
2016-04-06,169.66644937350077,171.000737021198,168.89668008535105,170.37757873535156,498100.0
2016-04-07,169.65174933965054,170.54615899356943,168.10486161228783,169.05792236328125,347100.0
2016-04-08,170.3115939012161,170.74413325706837,169.46116957724672,169.66644287109375,336600.0
2016-04-11,169.88639023993855,169.88639023993855,166.50669672966302,166.5213623046875,381800.0
2016-04-12,166.66795363978673,167.84095332035227,164.2853071277131,167.6283416748047,528000.0
2016-04-13,168.46410644661407,168.46410644661407,162.87772015456127,163.44955444335938,861600.0
2016-04-14,163.2369722511955,163.2369722511955,159.43206669753752,160.4730987548828,511100.0
2016-04-15,160.39979362688143,165.4436777039372,160.0478981197667,164.857177734375,445600.0
2016-04-18,164.7692005079255,166.19878643964856,163.66951730097605,166.0081787109375,578000.0
2016-04-19,166.36005965283624,168.5447603006368,165.8395492448824,168.08290100097656,469400.0
2016-04-20,168.11957128606443,168.20020398082227,162.99504359870696,163.34693908691406,370900.0
2016-04-21,162.7677491963359,165.50961831060923,162.18124936037958,162.9730224609375,431200.0
2016-04-22,163.25896999160835,165.26771748160323,162.70912839049774,164.59324645996094,269200.0
2016-04-25,164.1093647915343,166.8219139644204,164.1093647915343,166.7559356689453,267500.0
2016-04-26,166.72666329861894,168.07560557444415,164.7179042757833,165.2677459716797,408600.0
2016-04-27,164.05072202804365,164.9524590050359,161.97598531239376,164.69586181640625,556000.0
2016-04-28,164.2780079199974,167.05653586532242,163.750159092478,164.46128845214844,379000.0
2016-04-29,164.0360343801391,164.71783241606192,160.44374134207794,161.61672973632812,971200.0
2016-05-02,160.86165143647483,163.97742039240484,160.5537414938049,163.43490600585938,384900.0
2016-05-03,162.45983875101385,164.08003209733258,161.90999725413977,163.867431640625,385300.0
2016-05-04,162.6357863947406,166.82191805521262,162.38652759246423,165.61959838867188,406900.0
2016-05-05,166.63861620827333,168.6180431734335,166.48465568155348,167.78961181640625,298100.0
2016-05-06,167.8189978558033,170.326274323407,165.52432189444727,170.20164489746094,305800.0
2016-05-09,170.3702520057487,171.5432518929325,170.3702520057487,171.19134521484375,377500.0
2016-05-10,172.2837071018221,174.11651249652235,170.96408498032665,173.09747314453125,517700.0
2016-05-11,173.08275461936327,173.08275461936327,168.55939363142426,169.05792236328125,335600.0
2016-05-12,169.1899154548158,169.49049819723444,166.82926142423767,168.56675720214844,323900.0
2016-05-13,168.383487251028,168.53012062784217,166.44804525457562,166.96856689453125,242600.0
2016-05-16,167.6063473982409,169.035944241837,166.5140027819503,168.24417114257812,306800.0
2016-05-17,167.9142631234345,168.24417698282676,163.34691605516508,164.4246063232422,451900.0
2016-05-18,164.06536652518085,164.9524490622214,161.5434362562237,163.867431640625,432900.0
2016-05-19,162.6504586220279,162.67977858197295,160.89097017490204,162.25457763671875,283100.0
2016-05-20,163.29563973002854,163.9407796468232,162.13730533380976,163.3616180419922,322300.0
2016-05-23,163.7135053848451,164.2560198025354,162.7311243894695,162.87774658203125,196600.0
2016-05-24,164.25603615662445,164.70324115972514,162.8704356038301,163.84548950195312,349100.0
2016-05-25,164.11671182328104,165.95684424547923,162.9583775765176,165.6855926513672,426700.0
2016-05-26,165.4069776844748,166.56531175621765,164.60055021774116,166.4773406982422,273800.0
2016-05-27,166.7412748476684,167.7603140130728,165.23104526880837,166.3453826904297,262700.0
2016-05-31,166.30873203475647,166.9685373675147,164.50524697250106,166.58731079101562,371200.0
2016-06-01,165.31901258562638,165.34833254382386,159.89391420821414,160.5023956298828,804700.0
2016-06-02,160.34111723215798,161.16221029087362,158.66226159093284,159.8572540283203,541000.0
2016-06-03,160.0405436094584,161.28684884046015,156.03769234797028,156.33094787597656,1072500.0
2016-06-06,156.1109770706101,157.02737943325192,152.7239575179826,153.95559692382812,592000.0
2016-06-07,154.6814200552048,155.70045922231668,152.98789878104154,153.36912536621094,396500.0
2016-06-08,151.9248467971135,153.6843460527424,151.90285403524146,153.3617706298828,437700.0
2016-06-09,153.36180372848648,154.63010174522503,152.97324993615297,153.41311645507812,443300.0
2016-06-10,152.4967478697648,153.9923234523933,152.12285956738626,153.4718017578125,403700.0
2016-06-13,153.69909936390448,156.44830823294564,153.46450602409058,154.95274353027344,633600.0
2016-06-14,154.85006203143578,156.49225968110238,154.16092541785645,155.61984252929688,407300.0
2016-06-15,155.9717432626644,159.58603022818153,155.9717432626644,158.6329803466797,530900.0
2016-06-16,158.23706009482575,159.51269648501594,157.6285674528327,159.4320526123047,290400.0
2016-06-17,159.21942918886916,160.48039991269334,157.26933318781656,159.84991455078125,714100.0
2016-06-20,161.46282534683752,162.4378791427076,160.05523216990997,160.28982543945312,367500.0
2016-06-21,160.89831555588069,161.8587037610463,160.48043057018242,161.1988983154297,281800.0
2016-06-22,161.53609117333943,162.6137813574142,160.5757031885028,161.4481201171875,306200.0
2016-06-23,162.48914290685494,162.56245957392971,159.70327735630485,160.15048217773438,379600.0
2016-06-24,156.8441553631986,160.98629105726556,156.1843387128895,159.01419067382812,862400.0
2016-06-27,158.00247219208248,160.83232383929882,157.35732118860673,160.2238311767578,519800.0
2016-06-28,161.6196597674241,164.89872984581436,161.06576309929216,164.86180114746094,544900.0
2016-06-29,166.35360649274648,167.71249673355248,165.17195594566442,165.81448364257812,364100.0
2016-06-30,166.16896816225417,168.45101928710938,164.55158840242618,168.45101928710938,385000.0
2016-07-01,168.45104965339493,169.5957716720133,167.7051395409293,168.8646240234375,292600.0
2016-07-05,169.2043189136456,171.68577591381762,169.2043189136456,170.75523376464844,453900.0
2016-07-06,170.26043551562347,171.27222769948628,169.10833231676622,169.90594482421875,360900.0
2016-07-07,169.8985550334074,169.8985550334074,167.86020830514292,168.9458465576172,347300.0
2016-07-08,170.59283592331806,171.7597132197976,169.20439764944584,170.84393310546875,353100.0
2016-07-11,171.0728753167861,171.53075973942083,169.59581715958055,170.84393310546875,202800.0
2016-07-12,171.14668024468125,172.09199627385675,169.82470728873415,171.39039611816406,326700.0
2016-07-13,172.2618718247359,173.17765174896053,171.1836146354221,173.00778198242188,231900.0
2016-07-14,173.87179925747543,173.87179925747543,169.0344454873195,169.52186584472656,299100.0
2016-07-15,169.04920812272317,169.7803555631736,166.10986717028712,167.35060119628906,448600.0
2016-07-18,167.1807662022622,168.08916476906467,165.5855525076727,166.63426208496094,483500.0
2016-07-19,166.37574514546003,167.3432159423828,165.519049146256,167.3432159423828,383000.0
2016-07-20,167.4244786878372,167.4244786878372,165.65939528570777,167.16600036621094,258000.0
2016-07-21,166.8115008152044,167.2841588088112,165.63724269704838,167.2324676513672,267200.0
2016-07-22,167.284200357533,168.4436963010088,167.284200357533,167.63870239257812,402100.0
2016-07-25,167.96362577566669,169.0492641825409,166.70074764133994,167.20294189453125,250800.0
2016-07-26,166.32412909202498,166.84109716321456,163.982982132033,164.49256896972656,346000.0
2016-07-27,162.66838365236973,163.21489913620232,160.3789506521652,161.59751892089844,918400.0
2016-07-28,161.56797732226588,164.2709846441058,161.06577178948731,162.91209411621094,446400.0
2016-07-29,163.56196710358134,173.01513758508148,163.56196710358134,172.72711181640625,1134600.0
2016-08-01,172.62375333821066,174.70639902691664,172.092011615763,173.27365112304688,485700.0
2016-08-02,172.59424820585983,173.1776925048223,170.45251832609372,170.97686767578125,343600.0
2016-08-03,171.23528599136557,171.23528599136557,169.6031324043057,170.17918395996094,283200.0
2016-08-04,170.54846549606935,170.54846549606935,169.2043488208056,169.499755859375,236100.0
2016-08-05,169.72132367762,170.60755609843903,168.64307780082478,170.31214904785156,200200.0
2016-08-08,170.59277220734347,174.28541622116407,170.31212765619543,172.22491455078125,314100.0
2016-08-09,172.45387105048172,172.874837912291,171.24268416375932,172.51295471191406,367500.0
2016-08-10,172.79354863118684,173.46561240527268,170.9472270116452,171.86300659179688,248800.0
2016-08-11,171.79656986949794,173.10376903141847,167.33586077151315,168.8867645263672,449100.0
2016-08-12,168.8941808756018,171.73751046219036,168.07441332190308,169.4333038330078,384200.0
2016-08-15,169.32990556436857,171.81136312314462,169.32990556436857,171.08021545410156,279800.0
2016-08-16,170.29731187528287,170.9472206673386,169.13782780114977,169.93544006347656,279200.0
2016-08-17,170.0758094800713,170.0758094800713,166.2650090537059,168.40673828125,301500.0
2016-08-18,167.94144957139363,169.0418615727467,167.09952716529534,168.08177185058594,211400.0
2016-08-19,167.4539892281535,167.4539892281535,164.84698400965183,165.8587646484375,287200.0
2016-08-22,166.24283338434503,167.00351712850266,164.70669216505007,165.44522094726562,180800.0
2016-08-23,165.85879526225756,166.33883446307573,164.9577892464302,165.44522094726562,192500.0
2016-08-24,165.76279439283775,165.76279439283775,163.51027919729225,164.82485961914062,168600.0
2016-08-25,165.08333274462586,167.6090997503666,164.00508706619706,166.55300903320312,256400.0
2016-08-26,166.74503444516216,168.00053117305615,162.91206810384904,163.96817016601562,285300.0
2016-08-29,164.47775299257964,167.5278692548219,164.47775299257964,166.46438598632812,241800.0
2016-08-30,166.66383197928903,166.87061919019777,164.69196097372907,166.72291564941406,234800.0
2016-08-31,166.58994625060112,168.2073148510167,165.69632144729883,167.7198944091797,410600.0
2016-09-01,167.52788984115892,168.08178650580933,166.64165743152958,167.54266357421875,261700.0
2016-09-02,168.29593973709845,170.88079043245784,166.2797480809987,166.82626342773438,325100.0
2016-09-06,166.8706152729962,169.8838147642934,165.91052537685297,169.85427856445312,244100.0
2016-09-07,169.61793429984886,169.83949522782598,167.71252834973686,169.8025665283203,227100.0
2016-09-08,169.5071368702361,169.5071368702361,167.3727890444383,167.52049255371094,516100.0
2016-09-09,162.59450012874643,166.19113170822172,161.7747327260364,162.4541778564453,451200.0
2016-09-12,161.97411974671786,167.05518953516798,161.49406933071964,166.18373107910156,460300.0
2016-09-13,164.85436957922963,165.12762157930928,161.4645257098813,161.73777770996094,466800.0
2016-09-14,162.09234952662246,163.6728012115417,161.16918823241593,163.2296905517578,295400.0
2016-09-15,162.7348722591746,164.16760907607005,161.9520220406507,163.9239044189453,328800.0
2016-09-16,163.3330221492348,164.07893213487435,162.7495781221541,163.9312286376953,440500.0
2016-09-19,164.41868211141872,166.44224395597436,164.3078960220608,166.19114685058594,186500.0
2016-09-20,167.48357290490424,169.70654070251692,166.64903169230988,166.9370574951172,251500.0
2016-09-21,166.99615509989175,170.71095465074262,165.68896703057013,170.03150939941406,602200.0
2016-09-22,171.47157613356725,172.6753814362557,169.91329150412292,170.73304748535156,430200.0
2016-09-23,170.23089590277192,172.28400515573645,168.01530940512197,170.54107666015625,461000.0
2016-09-26,170.05362811458448,171.73747278480897,169.87638842449005,170.4967498779297,344600.0
2016-09-27,170.6961602748956,171.43468905380269,168.281168012534,168.53965759277344,437100.0
2016-09-28,168.67353027157907,170.24282901649397,167.83310809821705,169.13465881347656,442100.0
2016-09-29,168.30908232091534,170.10150609152794,166.64309352787927,167.81077575683594,346100.0
2016-09-30,169.05287700986457,169.17931202596998,165.5944633923241,165.63165283203125,376700.0
2016-10-03,165.1853606042461,165.5795435717025,161.883139153493,162.06163024902344,321600.0
2016-10-04,162.15831730407737,162.16575065003835,159.39159189153926,161.86082458496094,483200.0
2016-10-05,162.09887400404645,162.60462542433137,158.5809708509663,158.6553497314453,549500.0
2016-10-06,158.2016500692369,159.9048173160934,156.6844073078462,158.0231475830078,254500.0
2016-10-07,158.82644154471316,160.7973574645402,156.96708262086645,157.87445068359375,290300.0
2016-10-10,158.12727115025794,158.94539335945888,157.38352781411987,157.91159057617188,222000.0
2016-10-11,157.9339200511727,158.5140390118919,155.31594003060405,156.38693237304688,392600.0
2016-10-12,156.66212505557954,157.69592803145906,155.25645034235305,157.40586853027344,326700.0
2016-10-13,152.7053776441388,157.36120655080305,152.67562155733114,155.12254333496094,688400.0
2016-10-14,155.12254338778513,155.50184838004708,153.39705350825673,155.23410034179688,644500.0
2016-10-17,155.56139068082172,155.56139068082172,153.98464676912505,154.1557159423828,339200.0
2016-10-18,155.59107869244204,155.88113809306338,154.40852970134125,154.4754638671875,186100.0
2016-10-19,154.4159781310538,155.37541332971614,153.62017871258962,155.12254333496094,257500.0
2016-10-20,154.89194664956597,156.55050206987232,153.9771457390007,154.3267059326172,275800.0
2016-10-21,153.15906795498984,154.83249055080026,153.15906795498984,153.70944213867188,231800.0
2016-10-24,154.75062795761318,157.10829215716487,152.281395486995,152.72764587402344,341700.0
2016-10-25,151.35176453708792,152.8318178188023,148.75609628335567,152.18475341796875,435300.0
2016-10-26,151.7385136276566,154.3862380014768,150.474152267516,154.31185913085938,448300.0
2016-10-27,154.02925807965875,154.72836732193733,149.91635810837258,153.09957885742188,1035600.0
2016-10-28,154.70606292322944,159.88252206008235,154.43831484117456,155.6357421875,903600.0
2016-10-31,156.35711733082937,159.37671266704697,155.33075951346822,159.22796630859375,686200.0
2016-11-01,158.81899252795446,159.75611666321566,156.76626441734234,158.633056640625,637300.0
2016-11-02,159.16106193185925,161.66747315408702,159.004870849654,160.224609375,594200.0
2016-11-03,159.9866298053552,163.0731601169514,159.25031981562574,162.3963623046875,689400.0
2016-11-04,162.29966242937394,164.58294843933123,161.6600427429642,163.72021484375,708500.0
2016-11-07,165.29693918870095,166.3084304741267,163.15495497282953,163.6458282470703,667000.0
2016-11-08,164.15159259256689,166.1150744967472,163.40040457880218,165.65394592285156,509700.0
2016-11-09,163.64583388611942,163.7945802732091,158.99000501334262,161.22866821289062,437000.0
2016-11-10,161.62286937404548,161.62286937404548,156.2679193978231,158.72227478027344,455400.0
2016-11-11,158.61069914887298,162.85747857473572,158.1644599581374,160.15025329589844,316700.0
2016-11-14,159.85275030301796,164.82839505356654,157.87440164748014,163.74996948242188,371400.0
2016-11-15,164.20365339282762,164.47883479655806,157.77771140108814,159.74862670898438,595800.0
2016-11-16,159.4437038731155,161.5782436676839,157.9859619057805,160.0981903076172,354800.0
2016-11-17,160.09821288386968,161.64520064028002,157.68104664234565,158.18679809570312,321300.0
2016-11-18,158.4099135624416,159.56270677327092,157.7405376818121,158.38015747070312,457300.0
2016-11-21,158.54373353572302,160.16509958185094,156.18606899886038,156.424072265625,355000.0
2016-11-22,156.87031558774075,159.65935260917496,155.85882437402245,159.36929321289062,425200.0
2016-11-23,157.62898393343147,158.5735412645303,155.38287560343724,157.37611389160156,320600.0
2016-11-25,157.07855801697454,158.97510540379653,157.07855801697454,158.29086303710938,148800.0
2016-11-28,159.53297233288788,162.1732638883086,158.27604406842457,160.17259216308594,375500.0
2016-11-29,159.42884661605586,162.60463432955527,159.20572131102293,160.55189514160156,314500.0
2016-11-30,160.44775249703045,161.7121139442061,158.56608269682752,160.5890655517578,575300.0
2016-12-01,159.65938588449765,160.48494146884474,156.95959385351503,157.8446502685547,363000.0
2016-12-02,158.81891475690068,161.85338831402032,158.14955042974182,159.5329132080078,310400.0
2016-12-05,159.4065091627642,160.0386841836228,157.9785233320557,159.1461944580078,345200.0
2016-12-06,159.36191550708278,160.96095941822497,158.29092310113887,159.28753662109375,330400.0
2016-12-07,159.40651201767943,162.1732381606728,159.10900787139786,161.8831787109375,411100.0
2016-12-08,161.27329852458337,164.04746927470967,160.0089371523505,163.0434112548828,345200.0
2016-12-09,163.36322741158307,165.4233997333103,162.03936511495286,162.69386291503906,295400.0
2016-12-12,162.1360235933465,164.18875081572202,161.8236527996342,162.83514404296875,341300.0
2016-12-13,163.4896662451548,164.35984459005033,161.7195534665716,162.87979125976562,348900.0
2016-12-14,162.98392217468538,165.02178310057693,161.1766312270826,163.45248413085938,638900.0
2016-12-15,163.28886959190578,166.91832975246504,162.19556586022352,164.7242889404297,491500.0
2016-12-16,166.1225470880309,169.92307679206624,166.04816819926404,168.82977294921875,881900.0
2016-12-19,169.35780700070666,172.04272100805898,169.07518088984122,170.30235290527344,529400.0
2016-12-20,170.22799030409286,172.25840657604144,169.30574441732162,170.7709197998047,463600.0
2016-12-21,170.91965284667617,171.79727587733504,168.86692534143847,169.2611083984375,511900.0
2016-12-22,168.69589653232282,171.12792946812868,167.8182733509028,170.7560577392578,475800.0
2016-12-23,171.3659112063908,172.3997140283062,170.3692978223964,171.5592803955078,359000.0
2016-12-27,171.72289178042996,172.63025952328852,170.3469621223809,170.53289794921875,235700.0
2016-12-28,170.7276381134564,170.7276381134564,169.03497073259615,170.4280548095703,270800.0
2016-12-29,170.61527480948956,172.7797964664629,169.97116050524997,171.90350341796875,342700.0
2016-12-30,171.64138184077737,175.31134016500604,170.97479927631755,174.1354522705078,441600.0
2017-01-03,175.1091237335213,175.1091237335213,170.29324246609062,171.70130920410156,455800.0
2017-01-04,172.33042105828687,174.54737621259528,170.62277119996097,173.03445434570312,405600.0
2017-01-05,172.02332675315145,174.43500970246464,169.55173629471474,174.3301544189453,431200.0
2017-01-06,174.20285647113565,175.83561632887344,173.36401408014842,175.06417846679688,287600.0
2017-01-09,175.22893346573255,175.54349932780255,172.6824299567763,172.80975341796875,252400.0
2017-01-10,172.263019606184,173.2291854267968,171.1395651304915,172.33792114257812,442200.0
2017-01-11,172.4128483093423,173.0719454004945,169.8513729255995,169.9187774658203,390500.0
2017-01-12,169.7689603876361,171.29686497426405,168.05382480453318,171.08714294433594,385800.0
2017-01-13,170.39059086849815,171.86606195424437,170.26326740277,170.76507568359375,253300.0
2017-01-17,170.73512861915674,173.18425117745386,170.73512861915674,171.94845581054688,391100.0
2017-01-18,172.21810548975174,172.487735055863,170.55539173679412,170.69020080566406,377600.0
2017-01-19,170.18093290202216,170.8999375694171,169.1473508357222,169.7689971923828,455800.0
2017-01-20,170.00111912294992,172.04581438962367,169.2671321040351,171.1695098876953,391400.0
2017-01-23,172.0233582365467,173.61118179977112,171.2669029404529,173.09439086914062,535300.0
2017-01-24,172.10572074865334,173.66357890066794,169.1098423244027,169.7989044189453,469200.0
2017-01-25,169.68659308139613,170.0910431661863,168.1362315653591,169.1548309326172,317300.0
2017-01-26,169.48433383429412,170.54038376344124,168.41331274085917,168.8027801513672,315600.0
2017-01-27,169.4243884315279,170.08347379226015,167.9414206560542,168.82521057128906,273800.0
2017-01-30,168.6904547052042,169.82140634932145,167.08017430343168,167.20001220703125,382300.0
2017-01-31,167.49210339840042,169.357030701047,166.94534727026766,167.99391174316406,500400.0
2017-02-01,167.85909199196414,170.06106482357413,165.9267487199058,166.0615692138672,314100.0
2017-02-02,166.36866364225577,170.81754603763432,166.36866364225577,169.52182006835938,385500.0
2017-02-03,166.90042806968424,168.94512385922383,163.58249732976284,167.08018493652344,778800.0
2017-02-06,166.93032584610023,168.45073301709516,165.85929351816287,167.14752197265625,354400.0
2017-02-07,167.05018044047137,168.33840911212346,166.61578811413312,167.73924255371094,375600.0
2017-02-08,167.82167140853628,171.21450374562014,167.8066888123388,170.8175506591797,355900.0
2017-02-09,171.0945677909256,171.2293767943366,169.27456624631668,169.67901611328125,298100.0
2017-02-10,168.99756208131603,171.96348781380786,168.99756208131603,171.04974365234375,394000.0
2017-02-13,171.05716787151331,171.27436402878902,168.29346819660307,169.7989044189453,330900.0
2017-02-14,168.3833584765176,169.4543795667252,166.5334025676411,169.28211975097656,311100.0
2017-02-15,168.14365852882608,169.75393843782174,165.88926437055852,168.84019470214844,356000.0
2017-02-16,168.63052119195282,171.0796552790651,168.57809925638688,170.6752166748047,302300.0
2017-02-17,170.81003114944238,172.023358429066,169.32707431563895,170.83999633789062,375500.0
2017-02-21,170.6602362472761,173.94072718935786,170.2557976378821,172.98953247070312,373400.0
2017-02-22,173.543747093912,173.97065381344188,171.4765837308129,171.88851928710938,266200.0
2017-02-23,172.89212378930537,174.84693472230572,172.3229110599708,173.4463653564453,355400.0
2017-02-24,174.3376982592751,174.45752473807858,172.86971246730698,174.02313232421875,284000.0
2017-02-27,174.70466347185308,175.7681990462268,173.98565897882006,175.4985809326172,189800.0
2017-02-28,175.49858714897422,176.69693182259945,174.51742723342497,175.78318786621094,316900.0
2017-03-01,174.7121177918638,175.88799395958256,173.25162955816384,174.22528076171875,372200.0
2017-03-02,173.53625795996666,174.8769199741811,172.86218987606594,173.56622314453125,333500.0
2017-03-03,173.13928420753467,173.56620232359643,170.54035903423977,172.6749267578125,218100.0
2017-03-06,172.39034129133807,174.15791010527033,171.82861405930498,173.32655334472656,313600.0
2017-03-07,173.64111101952892,175.05666312023928,172.9520603521938,175.03419494628906,286700.0
2017-03-08,174.91433913042437,175.21393379965536,172.45023440347768,172.71986389160156,374300.0
2017-03-09,172.9445522914269,173.8133596658076,169.1697395612606,169.2146759033203,445900.0
2017-03-10,169.2146996247604,172.04581528345025,166.72064086387232,167.95643615722656,393500.0
2017-03-13,168.1286970207587,170.13594154419275,167.64187133932913,167.7991485595703,319100.0
2017-03-14,167.98644044166338,169.73903855341666,166.6907258179716,168.60060119628906,228700.0
2017-03-15,168.86272577312656,174.77958225865137,168.86272577312656,173.8583526611328,421500.0
2017-03-16,173.3190448726146,175.48356639704997,173.1093343146212,174.47994995117188,343700.0
2017-03-17,174.83199454082228,176.67446506245133,173.77595593153222,174.62228393554688,741200.0
2017-03-20,174.6223152155842,175.498619993336,173.84339160337166,174.5923614501953,211800.0
2017-03-21,175.1015841639061,176.16513097031705,174.06051695784984,174.95928955078125,420700.0
2017-03-22,176.00787250030413,176.41980810459592,173.6261544346411,176.24005126953125,360000.0
2017-03-23,175.98542454076767,178.25480198794108,175.98542454076767,177.3335723876953,383500.0
2017-03-24,177.77547170516524,178.68173018920223,177.01901632342157,177.2436981201172,295800.0
2017-03-27,177.14633791617194,177.76048720116796,174.225348878389,174.8544921875,231400.0
2017-03-28,174.981757421742,175.2364043227293,172.25550875118174,174.50990295410156,305700.0
2017-03-29,174.17786158317426,175.81542340763704,173.58924531502095,175.0758819580078,251700.0
2017-03-30,175.04571316171774,176.10974324649615,173.3779592812039,175.50604248046875,185300.0
2017-03-31,175.0985253874211,176.42668314485857,174.24578139008457,174.72120666503906,462900.0
2017-04-03,174.7966763631991,174.90232514568655,173.57415586315483,174.22314453125,305700.0
2017-04-04,174.14770455898133,176.2833301327193,172.91764171066336,174.2986297607422,343000.0
2017-04-05,174.14770352338644,175.54377602494105,173.01574724462907,174.60047912597656,345300.0
2017-04-06,174.24581184244528,175.73244878963337,173.35534502912944,175.24948120117188,296700.0
2017-04-07,175.40793470265828,176.57007133550664,175.166445186046,176.14747619628906,214400.0
2017-04-10,176.1097608517769,177.76241892389623,175.27966645807965,177.5435791015625,216900.0
2017-04-11,177.69451243081622,179.39244699104327,177.32473587012984,178.6906280517578,273300.0
2017-04-12,178.78118873125138,179.4150815238587,176.96250943152415,177.1511688232422,498100.0
2017-04-13,177.21907779985952,177.49074777588055,175.96637671515956,176.2606964111328,357900.0
2017-04-17,176.97005527144293,178.16238403320312,176.78139587587685,178.16238403320312,309700.0
2017-04-18,177.6265850475732,179.5961894564933,177.6265850475732,178.80381774902344,343800.0
2017-04-19,178.2680085664048,179.20376318637574,177.18888249779965,177.50582885742188,328600.0
2017-04-20,177.90581837574717,177.9510947904329,176.46445776235058,177.38511657714844,253200.0
2017-04-21,177.0681330213119,178.26046158900218,177.0681330213119,177.70957946777344,237600.0
2017-04-24,178.78118817247608,179.56600617303383,173.9213204146318,176.7738494873047,338700.0
2017-04-25,177.63415397525233,180.01881168600033,175.6494532933179,179.90560913085938,449500.0
2017-04-26,179.86788127164985,182.80342115185528,178.61518005931123,181.8903045654297,606800.0
2017-04-27,181.8903180793911,183.542976431793,180.6149785648944,182.19972229003903,500300.0
2017-04-28,183.5278436918013,186.01814982611583,180.0414220126739,184.4862365722656,870400.0
2017-05-01,186.4709061660752,188.10091419896293,184.94653539375176,187.13497924804688,563600.0
2017-05-02,187.21047447913492,188.58390875679748,186.43319876661536,187.56515502929688,337400.0
2017-05-03,188.23676605191625,188.23676605191625,185.4370560654905,186.80294799804688,515800.0
2017-05-04,186.2973939263612,189.7083593460177,184.73529997057392,189.02919006347656,580700.0
2017-05-05,189.41405456572812,190.1460540244815,188.1160768562804,188.93862915039065,354700.0
2017-05-08,189.6404213853124,189.6404213853124,187.39914690791804,188.55374145507807,414700.0
2017-05-09,188.410351081449,189.05179758907616,187.0520012219681,188.9838714599609,347500.0
2017-05-10,188.93108066808708,190.4554519303486,188.4782934765697,189.64044189453125,351800.0
2017-05-11,188.6971202842575,190.62899055558628,187.542525762489,189.66305541992188,337000.0
2017-05-12,189.79890348670955,191.02896649093492,189.37630826227428,190.67428588867188,355800.0
2017-05-15,190.40256734706708,192.0401291817291,190.1158014400795,191.6250762939453,358600.0
2017-05-16,191.1648068457956,192.70426251939023,190.4705301044276,191.92698669433597,357900.0
2017-05-17,192.24386904767275,194.7115249445586,191.03644465576016,191.481689453125,412400.0
2017-05-18,189.9422283807196,193.9870852436362,189.81394140645807,193.09661865234372,336000.0
2017-05-19,193.3758839292613,193.3758839292613,191.45910950241128,192.09300231933597,410500.0
2017-05-22,192.168460617815,194.22107581510247,191.164802740884,192.1231842041016,373500.0
2017-05-23,192.0477112380048,192.0477112380048,189.9498198030394,190.11582946777344,441500.0
2017-05-24,190.5912587916326,194.10787255675984,190.3044928363653,193.8135528564453,456200.0
2017-05-25,194.56067679118075,194.7719744036744,191.82133854476163,193.4060821533203,328700.0
2017-05-26,193.26266054267649,193.9569141179721,192.54574573477652,193.41357421875,205000.0
2017-05-30,193.38341063491984,193.7229836877317,191.8590396803457,192.5759429931641,239000.0
2017-05-31,193.18719311822235,194.21348902740303,192.55330040436812,193.8814697265625,522200.0
2017-06-01,193.79845294086337,195.1417067586422,192.31181615688547,195.0662384033203,352700.0
2017-06-02,195.85107923233488,198.6507780488008,194.42482626157303,198.19046020507807,439600.0
2017-06-05,198.054619842431,200.86940296073095,197.0358546178905,200.8316802978516,283500.0
2017-06-06,199.95633579740007,201.171291339925,197.97918887123345,198.24331665039065,272300.0
2017-06-07,198.5904290035432,199.6016406006769,197.8659833725556,198.9073638916016,273200.0
2017-06-08,198.90733737035197,200.5977409902154,197.1113195081662,200.49208068847656,275300.0
2017-06-09,200.43922522627204,201.2693309575796,199.54122792343185,200.90711975097656,213800.0
2017-06-12,198.46964120467737,199.97891604273576,197.6244509801177,198.19798278808597,392700.0
2017-06-13,198.28852486507944,198.9903320996753,196.28871738908796,197.9489288330078,229700.0
2017-06-14,198.4696948753814,199.797864461546,197.42073752500997,198.0999298095703,337900.0
2017-06-15,198.07733036587504,199.90354087452883,197.6849039860488,199.05079650878903,314200.0
2017-06-16,199.51863870002543,201.0580827653953,199.065851550918,200.95997619628903,515100.0
2017-06-19,201.32973063203335,202.65787687656407,200.47698663344687,202.5371551513672,280300.0
2017-06-20,202.47675568545293,202.9748191249833,199.4506523907614,201.5787353515625,251100.0
2017-06-21,201.62403421752512,201.7070563148833,199.3752292902493,201.10333251953125,317600.0
2017-06-22,200.88453559797568,201.0580875045981,198.5828771314726,199.17149353027344,298400.0
2017-06-23,199.3676943437148,200.99771420029217,199.0658439324323,200.5751190185547,783900.0
2017-06-26,200.7335962557748,201.4655956294749,199.66955450453784,200.3562774658203,219200.0
2017-06-27,199.7072702389653,200.6580977867927,196.42459265292445,196.59814453125,318200.0
2017-06-28,197.37311155652725,198.1404341641635,196.6437435374603,197.7149810791016,253500.0
2017-06-29,196.93242299262005,198.07963911734487,195.62566777827857,197.66937255859372,282500.0
2017-06-30,197.76817624199447,199.5535722145223,195.3749967486064,195.45855712890625,406200.0
2017-07-03,196.3170546943916,198.67225625070677,195.51933597980343,198.47471618652344,216600.0
2017-07-05,198.48990794933653,199.91061967253225,196.4689944443932,197.3199005126953,380900.0
2017-07-06,196.84128139895287,196.96284273410012,192.68549744451244,192.9969940185547,299200.0
2017-07-07,193.41484034897343,195.17743321455035,193.3160703219764,194.296142578125,323000.0
2017-07-10,194.53926849420523,194.94193027585916,192.0473190711397,192.2828369140625,301800.0
2017-07-11,192.56394821612056,193.3160843448072,190.20874661044505,191.2495880126953,351600.0
2017-07-12,192.81464669063016,193.83270835346272,192.2220496890625,192.9741973876953,360000.0
2017-07-13,193.0349709530905,194.0454277500639,191.5610717393508,191.65223693847656,249800.0
2017-07-14,192.6398968636892,193.52879230763335,190.95327117228973,192.6095123291016,348800.0
2017-07-17,192.5639597351989,195.98278265622005,191.9181752455108,195.86122131347656,264300.0
2017-07-18,195.6636774449604,196.87926751936092,194.31893280897276,196.6285400390625,279800.0
2017-07-19,197.008386289648,200.22209824155863,195.82319248868436,200.18409729003903,339400.0
2017-07-20,200.35889768069325,202.1290840111539,199.78909193002983,200.70079040527344,257900.0
2017-07-21,200.4424261726803,201.6276432761188,200.22211801100124,201.2173767089844,232600.0
2017-07-24,201.2554115243556,202.18990141841604,199.4396423628782,199.62957763671875,338900.0
2017-07-25,200.0853621308852,200.51842002968223,197.21354231512885,198.63427734375,326200.0
2017-07-26,199.0065370657724,204.04362304027077,197.4338678077208,202.9571990966797,326700.0
2017-07-27,202.13664261134508,202.71405305930784,199.49273618617104,200.6019744873047,329400.0
2017-07-28,200.31330286865523,202.09869874902537,198.67986445338403,201.0730438232422,441800.0
2017-07-31,200.2069450428559,201.07306093380612,197.912535511521,198.82423400878903,671600.0
2017-08-01,199.93341002563344,201.05783485940083,198.6874238704763,199.96380615234372,386500.0
2017-08-02,199.15091634409663,200.6551887179184,197.93532608073195,200.16136169433597,296900.0
2017-08-03,199.93340740789245,201.8859469817026,198.3607382639076,200.0169677734375,324800.0
2017-08-04,199.7358862245953,201.6580298535867,198.95335399268464,199.0521240234375,249700.0
2017-08-07,198.98373179536628,199.9030117457517,197.77574660797112,198.67984008789065,322400.0
2017-08-08,198.45953483992983,199.6751250151113,198.2772044285616,199.57635498046875,394100.0
2017-08-09,199.8270575287017,201.5061017318657,199.234460511542,201.0730438232422,394300.0
2017-08-10,200.5488016748215,200.84508856255252,199.31802515488133,199.45477294921875,292900.0
2017-08-11,200.0702014148836,200.13857532579252,196.65897158639356,196.8793029785156,216100.0
2017-08-14,198.01890964897527,200.4500669902488,198.01890964897527,200.16136169433597,340900.0
2017-08-15,200.0246110838305,201.6276766625392,198.6115039420313,201.3921356201172,444900.0
2017-08-16,202.1366877362188,203.8081272032157,199.1737024860471,199.5839691162109,338400.0
2017-08-17,199.006550501446,201.2781685705841,198.71024039566925,199.51556396484372,373400.0
2017-08-18,199.18132987205,199.72834437906448,197.87457428226315,198.11009216308597,670600.0
2017-08-21,198.27723509374587,201.27819844375784,197.81378097923576,200.72360229492188,218200.0
2017-08-22,200.9894620409875,202.09870053803044,199.43200234447892,201.506103515625,288400.0
2017-08-23,201.35416003966776,203.7549444264804,201.14143348313783,202.972412109375,251200.0
2017-08-24,203.31426311313172,204.05881758581447,202.27342172840676,202.402587890625,396500.0
2017-08-25,202.4861815923943,203.22313135757707,201.82521057128903,201.82521057128903,226900.0
2017-08-28,201.99228389799185,202.35696783076057,200.20688837107605,202.1442413330078,236500.0
2017-08-29,202.13668052112487,203.48141369058112,200.76915604999832,201.057861328125,220700.0
2017-08-30,200.74634762041583,202.35699462890625,199.8118579607567,202.35699462890625,201400.0
2017-08-31,202.6760665117765,203.7397222937172,201.756786537538,202.0682830810547,427700.0
2017-09-01,202.91921497354076,203.8537047229763,201.54408565859168,201.91635131835935,275600.0
2017-09-05,202.151849517319,202.9115904212536,200.33608081335052,202.15945434570312,318000.0
2017-09-06,202.76732957253492,203.22315572073128,199.6068035607656,199.63717651367188,426400.0
2017-09-07,199.85741077289228,202.29617222187363,199.5307277970293,202.1290283203125,345800.0
2017-09-08,201.92390913833484,204.14236247858847,201.87072171776333,202.5316925048828,300600.0
2017-09-11,202.86597507276585,205.1604070709428,202.5392921013197,204.6665802001953,245500.0
2017-09-12,204.33233422543617,204.92493122871883,200.2449242758017,201.0198516845703,360200.0
2017-09-13,201.00468662145664,201.03505956863705,198.0189099863448,198.4291534423828,384000.0
2017-09-14,198.3075901738738,199.26487126625616,197.19076996124625,199.1737060546875,404900.0
2017-09-15,199.19651315236317,200.44247645168997,198.1936493746769,199.0445556640625,561800.0
2017-09-18,199.21923304386823,199.81943476640956,197.34267234477903,197.66177368164065,445400.0
2017-09-19,197.76058092754224,198.3607828334514,195.34461001551892,195.56494140625,496800.0
2017-09-20,195.77761632524115,196.64370881495267,193.93144008024004,194.5924224853516,419400.0
2017-09-21,194.70645178345697,195.20027887050315,193.80235800289083,193.93911743164065,344600.0
2017-09-22,194.29616024626017,195.3066171295941,193.148943959823,193.73394775390625,393100.0
2017-09-25,194.5088464040424,195.35217081409536,193.53639062451785,194.1669769287109,531000.0
2017-09-26,194.3569095573892,195.20781559860453,193.4983986883396,193.66554260253903,287500.0
2017-09-27,192.80710391852472,193.48327306358252,190.8241790965213,191.0141143798828,341400.0
2017-09-28,191.228311263012,193.7606787410786,190.85343626321637,193.6000213623047,319100.0
2017-09-29,193.07968865823784,194.39560301656292,192.48293815550664,194.3497009277344,312900.0
2017-10-02,194.86999250835976,194.86999250835976,192.78135363893705,193.0873870849609,353300.0
2017-10-03,193.18683082717675,194.5869031484322,192.7048471371577,194.0896148681641,212000.0
2017-10-04,193.9748629424907,197.27994257881724,193.56173236569344,197.0580902099609,227100.0
2017-10-05,197.6395351328756,198.496428862981,196.01759857411804,196.67556762695312,260100.0
2017-10-06,196.30064251640272,196.9050512508226,192.9573191908099,196.629638671875,353900.0
2017-10-09,196.41546604690691,197.18053229409907,195.6580462595523,197.08106994628903,238400.0
2017-10-10,197.32583799340176,198.90187212550205,196.47660257094196,197.93788146972656,296000.0
2017-10-11,198.18275727839497,198.542339330474,196.98925586042364,197.61659240722656,186200.0
2017-10-12,197.54772145230748,199.7664085884935,197.4253080681638,199.7587738037109,167500.0
2017-10-13,200.56207763403532,200.77629521259055,198.8253859560327,200.3096160888672,193100.0
2017-10-16,200.4473440808558,201.1971173609304,198.733603266934,199.69757080078125,206500.0
2017-10-17,199.29210228357985,200.14133797179235,198.97078752974645,199.9730224609375,157600.0
2017-10-18,199.6516442403353,200.0953956561332,197.83078317460624,199.8429107666016,172100.0
2017-10-19,199.94238002889568,200.133646561794,197.82315524964915,198.8712921142578,201400.0
2017-10-20,199.0625422732688,199.0625422732688,197.4252896793074,198.4122314453125,206400.0
2017-10-23,198.79476861731868,198.9095238604139,197.70838785206504,198.6417694091797,251700.0
2017-10-24,198.0220901755092,198.2669169826828,194.83942340014556,197.03517150878903,307300.0
2017-10-25,197.5094880481781,198.9324999375219,196.56844824047317,197.10400390625,332600.0
2017-10-26,198.21330554381697,199.11610124358785,197.012169568057,198.6493988037109,259100.0
2017-10-27,198.56526381725084,201.1358747280524,197.6548332826841,200.7533416748047,276400.0
2017-10-30,200.5774267201158,201.373078800393,199.10848926396704,199.52926635742188,296800.0
2017-10-31,199.82766196157075,200.7916529381016,198.95547520223903,200.77633666992188,388100.0
2017-11-01,201.18174070755552,202.03097607424007,199.34558705121225,200.85276794433597,291000.0
2017-11-02,200.63858493003403,201.3730418493545,192.21521136305967,194.20437622070312,750700.0
2017-11-03,192.7813606560536,195.27548371750785,192.18461000706355,194.31149291992188,538200.0
2017-11-06,193.1562563972277,197.8996759787105,192.69721202676703,194.1814422607422,413000.0
2017-11-07,194.4339005890686,195.94107008462444,193.29394788335205,195.09185791015625,396100.0
2017-11-08,195.64274186965355,198.08330506857584,195.61213268230267,197.9915008544922,319300.0
2017-11-09,197.8002078631724,198.412251440597,196.0099558838413,196.5837554931641,251300.0
2017-11-10,195.4743821612987,197.5859719996341,195.3290177392125,196.14764404296875,266400.0
2017-11-13,196.30832283010645,198.0832819215404,195.3978922335505,197.8690643310547,167900.0
2017-11-14,197.1651954540665,198.0756260610675,195.88754802942907,196.4842987060547,323800.0
2017-11-15,196.3772024791737,198.7871565342972,192.73549127556856,192.9114532470703,352900.0
2017-11-16,192.7278157048724,194.7934919649645,192.20756465494784,194.2808990478516,299100.0
2017-11-17,194.28853755150072,195.1913216375882,191.4348442115295,191.91683959960935,233300.0
2017-11-20,192.0469020109399,192.62070160482355,189.476279363382,191.4272003173828,283000.0
2017-11-21,192.06983021146775,193.31687990884652,191.35066627151733,192.88079833984372,305700.0
2017-11-22,192.05451360988,193.24036822345903,191.06758362408945,191.24354553222656,196300.0
2017-11-24,192.03160172859407,193.0873967407047,191.3353887373042,191.5496063232422,81800.0
2017-11-27,191.580206228448,191.7408635731297,189.4074212911686,189.43801879882807,362600.0
2017-11-28,189.4074349016849,190.1342454191453,187.0892736960008,188.79537963867188,519400.0
2017-11-29,188.87187543896096,189.6139905333665,186.7756016734708,189.4915771484375,360400.0
2017-11-30,189.98126943945468,190.0807201202598,188.213956478261,188.96372985839844,421100.0
2017-12-01,189.460982228978,190.79220154181596,187.63247458479492,189.0019378662109,388800.0
2017-12-04,189.82055887556945,190.1648363008949,187.55595798354776,188.4204864501953,348000.0
2017-12-05,188.69591388890524,188.85658291620837,185.85751334909187,185.90342712402344,383200.0
2017-12-06,185.75802433265184,186.21705692133892,184.3655986301457,185.1153717041016,573300.0
2017-12-07,185.0848307717848,185.17663498857624,183.4475894197565,184.0825958251953,497800.0
2017-12-08,184.18201961694,186.91329956054688,183.868339709926,186.91329956054688,345200.0
2017-12-11,187.9997181732633,190.7386566301064,187.3647118124827,190.6239013671875,463800.0
2017-12-12,190.8381171932964,191.21299216465627,187.9538143143461,190.61624145507807,368400.0
2017-12-13,192.52890669658004,192.52890669658004,189.32328908915895,189.7211151123047,367900.0
2017-12-14,190.18015370565377,191.14413289630969,189.23146743343275,190.50148010253903,426200.0
2017-12-15,191.6261165228377,192.89612911370048,190.78453910142676,191.1058654785156,742200.0
2017-12-18,191.26650027968645,192.1463215113807,189.98884145869584,191.1670379638672,309500.0
2017-12-19,191.06766444630784,192.0316437941937,185.6356889761608,185.77340698242188,329000.0
2017-12-20,186.04121126644347,187.0128489476596,183.08040777662904,183.8454742431641,391900.0
2017-12-21,184.14379306695204,184.57222828861356,181.5731700629989,181.7567901611328,525400.0
2017-12-22,182.4376944641904,183.90662019368665,181.932747961368,183.14920043945312,349500.0
2017-12-26,183.27924537199388,184.83232872550576,182.39176583456336,184.0443115234375,285300.0
2017-12-27,184.78643747691285,185.19192162707373,183.6311917230184,184.55691528320312,261100.0
2017-12-28,185.0347206176367,186.1136355402407,183.84790244348167,185.6589508056641,280900.0
2017-12-29,186.2061072086384,186.60685206942628,185.08095477547107,186.0134429931641,256600.0
2018-01-02,186.4681718002165,187.0307481143144,184.43363780252335,185.0193328857422,310900.0
2018-01-03,185.87473561925893,186.9536505524798,185.0886623054604,186.9151153564453,321400.0
2018-01-04,187.46229685043303,188.67223386613728,183.7862600286369,183.97122192382807,292600.0
2018-01-05,184.0868242300492,185.2351073335313,183.2082757662222,184.4721527099609,344200.0
2018-01-08,182.59174110052183,184.22554179130407,181.4126369362982,183.53965759277344,543100.0
2018-01-09,183.54731193060277,184.3410874215764,181.5898490109417,182.08306884765625,403600.0
2018-01-10,181.1043543597807,181.2661974675515,177.99860828746043,178.96192932128906,389400.0
2018-01-11,179.33955035661918,180.53405899754347,178.39163401929974,179.1314697265625,359000.0
2018-01-12,178.97735003189652,179.3703807897562,174.70020218752225,175.01617431640625,435600.0
2018-01-16,175.32444937963908,179.3010419108753,174.87746695472106,175.40151977539062,378800.0
2018-01-17,176.60372212252392,176.74243470757273,174.27633520151073,175.21653747558594,420800.0
2018-01-18,174.48447177969928,174.48447177969928,172.36516481607998,173.08958435058594,478800.0
2018-01-19,172.5731981662321,173.71377887263887,171.6869474134118,172.34201049804688,331500.0
2018-01-22,172.73502312149336,174.9853396763295,172.288040744539,174.63084411621094,462700.0
2018-01-23,175.224257231625,178.86175877444643,175.224257231625,178.66139221191406,433500.0
2018-01-24,178.33771092446543,179.8404894844061,177.64411267883003,178.4456024169922,271100.0
2018-01-25,178.2683409617342,178.71531156844424,176.095083088351,178.2220916748047,317300.0
2018-01-26,178.3839635864207,178.3916659225078,174.86976980685287,177.12008666992188,272700.0
2018-01-29,176.7347410123884,177.0584154859486,174.53066189875318,175.5093994140625,248300.0
2018-01-30,175.139475471221,176.2415209065552,174.35341393307587,174.74644470214844,283700.0
2018-01-31,174.45361028043092,179.77115029929396,173.94498562969997,179.5476531982422,898400.0
2018-02-01,179.58616371957325,180.19498921256297,175.0161742714021,175.0701141357422,520300.0
2018-02-02,172.704203490704,175.34755082187775,171.78711996461018,173.69064331054688,366600.0
2018-02-05,174.2223760527262,175.72515435418876,167.99546813964844,167.99546813964844,547300.0
2018-02-06,166.51582557039248,170.05313756956352,164.94367906456762,168.6351318359375,1026000.0
2018-02-07,168.6351366874821,172.2495074174462,167.63328043581632,167.8567657470703,540100.0
2018-02-08,168.38855488054062,174.16848239360266,166.8087056751118,168.21900939941406,773200.0
2018-02-09,169.86049791952237,177.34357017554544,168.35000515235436,175.66354370117188,764500.0
2018-02-12,176.24919791617722,176.91196319735118,170.51550976449346,175.59414672851562,932800.0
2018-02-13,175.2088319145726,176.90427455881706,172.203263274999,175.925537109375,480700.0
2018-02-14,174.29945857193593,174.83121368058914,171.0935232496864,173.21282958984375,426200.0
2018-02-15,173.37465194073644,177.01985511668678,173.02785875118877,176.919677734375,288800.0
2018-02-16,176.4187724737202,177.86761117860962,175.78683994367304,176.99676513671875,370700.0
2018-02-20,176.11820422120005,178.2066894022402,173.6829258189077,173.73687744140625,478100.0
2018-02-21,173.2282712347518,173.9218577978645,169.25167848269896,169.66012573242188,663600.0
2018-02-22,170.06089436706372,172.55011341262943,169.56767431222573,170.7698974609375,546400.0
2018-02-23,171.28617299728268,175.1471710205078,171.28617299728268,175.1471710205078,398300.0
2018-02-26,175.9255471202766,175.9255471202766,173.30531849909588,175.0238800048828,343900.0
2018-02-27,174.93912903633418,175.9564018628558,170.48473277077792,170.954833984375,412900.0
2018-02-28,171.7639874173963,175.49396342183326,171.33242150075588,172.49610900878906,450900.0
2018-03-01,171.75627672513963,175.3321237957778,171.4403163751708,172.60400390625,535300.0
2018-03-02,174.168422093452,175.11632658481113,170.4307322253417,171.25534057617188,441500.0
2018-03-05,170.21492868861336,174.4689566433804,169.7910769431098,173.94491577148438,435700.0
2018-03-06,174.2147317145191,177.82141284142506,172.94315227936443,177.28965759277344,665000.0
2018-03-07,177.12780085539643,178.98508703501906,176.48045180202095,178.3916778564453,482400.0
2018-03-08,179.27016069699695,181.643784782588,178.00628415888104,180.4492645263672,543300.0
2018-03-09,180.7575956004226,183.62444048439625,179.7634415187762,183.04644775390625,503800.0
2018-03-12,182.75356239543524,185.23507835864572,182.75356239543524,183.9866180419922,691100.0
2018-03-13,184.60318173918395,185.72064385190467,182.1987355431972,183.4549102783203,418000.0
2018-03-14,183.63987054544796,184.34117131096093,182.3528746320778,183.93272399902344,516100.0
2018-03-15,184.4798048766472,186.4372677234007,183.7168505091965,186.2754364013672,578900.0
2018-03-16,185.72831245882296,187.97092685472572,185.64353972965267,187.7859649658203,473100.0
2018-03-19,187.50083065457517,187.50083065457517,185.19656223452608,186.49127197265625,429200.0
2018-03-20,185.21968928745457,187.2927583727985,183.99434755424485,184.54151916503903,323900.0
2018-03-21,184.4875381462099,184.70332111796367,181.87501196170783,182.48382568359372,338300.0
2018-03-22,181.97521262352168,184.52608501183747,179.9560836039768,180.02545166015625,299000.0
2018-03-23,180.07167298682563,180.141029277473,176.0950810263212,176.61141967773438,421200.0
2018-03-26,177.75201441125665,179.67095438098258,177.29732964936417,179.27792358398438,244900.0
2018-03-27,179.04672084642954,183.09266961342215,177.72119002392864,180.2951812744141,333500.0
2018-03-28,181.9342571409009,186.6107943721857,181.9342571409009,186.1524658203125,353900.0
2018-03-29,186.7584642633398,188.4907989043489,182.81215035804925,186.96820068359372,432100.0
2018-04-02,186.93709241879128,187.2167527725928,182.95193534050205,184.1094207763672,404900.0
2018-04-03,184.2181777396132,187.3332738123824,182.8897880897781,186.51760864257807,299200.0
2018-04-04,185.383474864819,189.01128449600265,185.150422533495,188.2344512939453,266200.0
2018-04-05,188.34315253020213,188.34315253020213,185.756297299488,187.60516357421875,212100.0
2018-04-06,187.78385449350083,190.79020653162289,187.6906383183297,188.28880310058597,475100.0
2018-04-09,187.9936108800259,188.74713993803425,186.8128212447656,187.5119781494141,284200.0
2018-04-10,188.94910306526447,189.2443034230702,187.21676864944732,187.9547576904297,285500.0
2018-04-11,187.69064182213737,190.0522091809713,187.13132105360495,187.37991333007807,378200.0
2018-04-12,188.49853727763897,188.49853727763897,185.38344097414432,186.64190673828125,395600.0
2018-04-13,186.44769379948616,188.86364502979436,186.2146533701409,188.76266479492188,357600.0
2018-04-16,189.06558511272087,190.65031893033432,187.54298749275367,188.34312438964844,316500.0
2018-04-17,188.8714579999056,192.0642428971533,188.27329312232928,191.24856567382807,356000.0
2018-04-18,191.76899568761283,191.87775183394427,190.0521895345976,190.5493621826172,414300.0
2018-04-19,189.9978413650726,189.9978413650726,185.9816156532112,186.6263885498047,337900.0
2018-04-20,186.95263041164512,187.38765498993024,184.8163396869352,185.96604919433597,419200.0
2018-04-23,186.75063676809955,186.75063676809955,182.95970002581112,184.3580017089844,358400.0
2018-04-24,184.35798436347704,186.09031836305684,183.487923479402,184.5988006591797,397800.0
2018-04-25,184.04725736651665,186.33114808985616,183.4102605242449,183.83750915527344,361900.0
2018-04-26,183.7443212317645,185.8340040426505,183.72878125170263,184.71536254882807,510600.0
2018-04-27,184.6221599500824,188.31211722623263,184.6221599500824,187.3643798828125,374500.0
2018-04-30,187.97803896738145,188.91801207766372,186.01265249941244,186.1990966796875,515800.0
2018-05-01,186.362251992052,187.46536540174108,185.43005466254937,187.10801696777344,342600.0
2018-05-02,186.3156191799062,187.52747673280183,184.7308851153959,186.66519165039065,558300.0
2018-05-03,185.58540360511915,191.481575231426,184.11718967250047,185.2202911376953,608100.0
2018-05-04,184.7774854976937,187.8770532276904,184.31138098745072,187.3488006591797,276600.0
2018-05-07,188.22664740486144,188.22664740486144,186.65744134972329,187.69839477539065,196500.0
2018-05-08,188.17228015500217,188.17228015500217,186.57976991523867,187.5741271972656,394100.0
2018-05-09,187.63623241240865,189.5239427140103,187.07692357313357,189.4695587158203,253600.0
2018-05-10,190.32410115405264,190.6892136433246,188.26549827073788,189.47735595703125,357200.0
2018-05-11,189.7725005850908,190.36290116495744,188.09455055930823,188.3275909423828,233900.0
2018-05-14,188.5451249062118,189.02675752776733,186.5564226563537,188.0401763916016,237800.0
2018-05-15,186.15251037918597,186.15251037918597,181.0098674500296,181.6080322265625,394600.0
2018-05-16,182.30716369327007,182.59459996515776,178.5006867149938,178.7725830078125,335400.0
2018-05-17,178.4851205280208,179.74359787014237,176.25561392698893,176.65179443359375,314100.0
2018-05-18,176.752793678293,178.20546744834942,175.7351444477061,177.7937469482422,358900.0
2018-05-21,178.59392416408784,181.25070378552607,177.12571008567846,180.83120727539065,355700.0
2018-05-22,180.79234723912356,181.33612798787192,179.5571855697812,180.6758270263672,365500.0
2018-05-23,181.0720248897204,184.1715932337904,181.0720248897204,183.39476013183597,263000.0
2018-05-24,183.77544775021116,184.37360081851773,180.2719222043897,181.11866760253903,242600.0
2018-05-25,181.670144792187,182.8043260562491,181.34387639243667,181.93426513671875,291400.0
2018-05-29,181.3283675809338,183.7598588000793,180.49716238827293,182.08966064453125,406100.0
2018-05-30,181.27400833712477,187.69840952932896,181.27400833712477,187.4498291015625,390200.0
2018-05-31,186.28456612943836,186.7118266739032,184.9717163898697,185.6864013671875,509000.0
2018-06-01,186.24568404991425,186.24568404991425,184.86292246385307,185.27464294433597,529700.0
2018-06-04,186.13696372089163,188.0246623035124,184.9561741904131,187.90814208984372,466600.0
2018-06-05,188.29659354712655,188.8326103365286,186.57978700813848,187.15464782714844,494500.0
2018-06-06,186.3156222922229,188.4829929817863,186.3156222922229,188.4674530029297,422400.0
2018-06-07,188.84809063585192,189.15105500539164,186.1058713323557,187.00698852539065,498100.0
2018-06-08,187.5508420762956,188.21115506689588,185.23588235696087,187.20904541015625,359700.0
2018-06-11,187.6284434274752,187.72943549439591,185.62421318672912,185.8805694580078,349300.0
2018-06-12,186.0748163785092,186.64190117645168,184.7153585639478,185.37567138671875,401700.0
2018-06-13,185.8184656558147,186.6496827200433,180.53599847498984,180.9943389892578,546500.0
2018-06-14,181.6157930469208,184.70759711200225,181.11862037042263,182.4237060546875,405600.0
2018-06-15,183.00632155036612,184.36577931513352,181.67016782756943,182.1595764160156,610200.0
2018-06-18,181.63907913567928,181.8565914051066,178.89684802144933,180.59811401367188,476900.0
2018-06-19,179.95338906271274,181.81779567895464,179.463992253283,180.62924194335935,502600.0
2018-06-20,180.7535028849118,181.6546320403427,179.03670853462268,181.4060516357422,667600.0
2018-06-21,181.5847154978267,182.43923654746416,180.44277002855253,182.25279235839844,376000.0
2018-06-22,182.8897843149365,184.6842784706479,181.26620621806157,182.8509521484375,641400.0
2018-06-25,183.0840235365736,184.49786550084417,181.227392858938,182.12075805664065,673100.0
2018-06-26,182.05082004372548,184.35801502421563,181.0486988261024,182.25279235839844,466000.0
2018-06-27,182.625633899716,182.9907462915729,180.9010640051879,181.02536010742188,439000.0
2018-06-28,181.1115304503536,184.8938247616532,181.1115304503536,184.4866180419922,524200.0
2018-06-29,183.8601234276777,187.9008361383192,182.34877838857628,187.21173095703125,737900.0
2018-07-02,186.976845731098,187.50933676164107,182.85781898195464,184.97998046875,435000.0
2018-07-03,184.69024340500772,187.45452713151136,183.96979608888788,184.97998046875,239800.0
2018-07-05,185.0425866661448,187.0942610938885,184.64320653479723,186.92198181152344,225300.0
2018-07-06,187.2900323710685,188.8796905221681,187.2430492846561,187.9556579589844,285000.0
2018-07-09,188.1044701565484,188.1044701565484,185.8100295642239,186.9063415527344,345500.0
2018-07-10,186.90633815915848,188.8092370140499,186.185902872803,188.42552185058597,348800.0
2018-07-11,188.2845818504638,190.8374295310572,188.2845818504638,189.9838714599609,452400.0
2018-07-12,190.1796315307642,190.75127905663717,189.0989726348392,190.0465087890625,379200.0
2018-07-13,190.27358602947228,190.5085134205393,187.40751009494585,187.64242553710935,246100.0
2018-07-16,186.914177671312,186.914177671312,183.7348609959168,184.9173126220703,345600.0
2018-07-17,185.23838291462584,185.3323491001202,181.99641807711865,182.2548370361328,369300.0
2018-07-18,182.12951886198428,183.24149573557108,180.43805603361147,181.346435546875,319300.0
2018-07-19,180.82961430303936,183.9306297732636,180.82961430303936,182.09820556640625,349300.0
2018-07-20,181.5579286315876,181.83200070894696,178.46473900252246,179.6002197265625,372900.0
2018-07-23,180.43806052113567,180.67298791129176,178.62131339832897,179.8350830078125,488700.0
2018-07-24,179.8507665351622,180.4067610174724,177.79909181098714,179.88992309570312,346600.0
2018-07-25,181.04888189406665,183.9697796659285,180.4145862441703,182.2548370361328,319000.0
2018-07-26,183.07706451651345,183.07706451651345,181.5657192760524,182.8499755859375,220100.0
2018-07-27,183.4686303853627,183.93065873764536,181.14288335257905,182.685546875,329800.0
2018-07-30,182.5289358600019,184.02462825955104,181.7223607856704,183.08493041992188,302000.0
2018-07-31,184.02460196580415,189.72544825376863,183.17887044630555,188.2924041748047,545600.0
2018-08-01,187.8304183181912,189.23997107949097,185.36370994759645,188.63699340820312,556300.0
2018-08-02,188.48032635364524,189.28690121797925,181.6988219292748,183.3824462890625,700900.0
2018-08-03,185.88831670681031,190.2892410085442,183.5312283375548,189.8272247314453,649200.0
2018-08-06,189.8507728958023,191.3934484055773,189.50621423083027,190.10919189453125,293800.0
2018-08-07,190.5633734882515,190.9470767539053,187.29790479562965,190.53204345703125,351100.0
2018-08-08,190.1717964924031,190.7356174608056,187.24306045925147,187.35269165039065,236900.0
2018-08-09,187.00031415219013,188.15144768050925,186.7262301887221,187.5797882080078,189900.0
2018-08-10,187.4936756012627,188.0340051250091,184.80770494704117,185.293212890625,174100.0
2018-08-13,185.19925245957745,186.04498409495287,184.1734149603156,184.90951538085935,190200.0
2018-08-14,185.60645290840495,186.39736293494985,184.01679437308331,185.4341735839844,273800.0
2018-08-15,185.39501475557387,188.0496672872117,184.82336715819852,187.70510864257807,446700.0
2018-08-16,187.79904967634025,188.8013953814417,186.88283166647247,188.7152557373047,226500.0
2018-08-17,188.69960764233969,190.59466803434637,188.56648489835743,190.55551147460935,266900.0
2018-08-20,190.99403112493417,191.51870750325804,189.9838588247775,190.2892608642578,297500.0
2018-08-21,189.85856091072768,189.9681921047124,188.04964023552745,188.9031982421875,279100.0
2018-08-22,189.12243601493245,189.4356764919076,188.05744229102177,189.26339721679688,266500.0
2018-08-23,189.40432436589512,190.0934413859167,189.0362743164655,189.6392517089844,192200.0
2018-08-24,189.30261119953636,191.76149293246576,188.7701082015822,191.1820068359375,273900.0
2018-08-27,191.4717268035456,191.4795652852117,189.92122494459213,191.36993408203125,324100.0
2018-08-28,191.02540590866465,193.5860925005243,190.3284620168694,193.25718688964844,381300.0
2018-08-29,193.44508426568257,194.6432008679172,192.83428019195136,193.648681640625,322800.0
2018-08-30,194.04022800681736,194.44743471542856,191.67532477154305,192.08251953125,258100.0
2018-08-31,192.160829100675,193.9619232547121,191.64399120493405,192.85777282714844,302800.0
2018-09-04,192.0433580594472,193.31194921658317,190.28142058613477,190.98619079589844,228500.0
2018-09-05,190.2579180416216,193.03002758183135,189.3338735622833,191.988525390625,296500.0
2018-09-06,192.5915495622897,193.13970559877248,192.2078343622991,192.88128662109372,193400.0
2018-09-07,192.49757320403847,192.93609801006576,190.89224979354904,192.74815368652344,266700.0
2018-09-10,193.37460953418037,195.9117920087593,193.09269904268223,195.22268676757807,427800.0
2018-09-11,194.4630787700853,196.506926676252,194.212486376747,195.95877075195312,365200.0
2018-09-12,195.88832130235988,195.88832130235988,193.9071211190068,194.20469665527344,326100.0
2018-09-13,195.2148295046938,196.1545390185461,194.00105995562308,194.4239196777344,398200.0
2018-09-14,193.4920907687324,195.15223584210145,190.46938811166427,192.88128662109372,423100.0
2018-09-17,192.82646301829345,193.8209703449481,191.35426238507864,192.83428955078125,389000.0
2018-09-18,192.3566347940265,192.6620368879481,191.1193614022937,192.1765289306641,421300.0
2018-09-19,192.7403337726056,194.3456452893168,190.61817236117813,190.9940490722656,405000.0
2018-09-20,191.23680322589004,192.575869154486,189.584496766552,192.1373443603516,275800.0
2018-09-21,191.90242995670224,194.98778068743675,191.4952232135892,193.60955810546875,493100.0
2018-09-24,193.1240613858868,193.1318998686915,187.5093537631001,188.54302978515625,392500.0
2018-09-25,188.9188529920412,190.85306976926057,187.8930157435773,190.3988800048828,307500.0
2018-09-26,190.3988940421877,190.3988940421877,187.78339840002383,188.0183258056641,422200.0
2018-09-27,188.32610187537207,191.41185328679595,188.05776571778557,190.8988800048828,564900.0
2018-09-28,190.7805242658418,194.8606721053053,190.7805242658418,194.7028350830078,694100.0
2018-10-01,194.7580656442533,195.48412555456352,193.029722012864,193.74789428710935,422700.0
2018-10-02,194.03986950967325,194.86852879789072,192.51672502518772,193.77154541015625,389200.0
2018-10-03,193.5900718695387,195.72090186038648,191.38031734332145,192.75352478027344,441600.0
2018-10-04,191.60125181196943,193.07704638786905,190.235944337332,191.94061279296875,414900.0
2018-10-05,192.2484343105328,193.14811859741135,191.3803126117055,192.3273468017578,259500.0
2018-10-08,192.61143921214568,196.9125609297705,192.61143921214568,195.7445526123047,485500.0
2018-10-09,195.697237748204,197.78860558721132,194.3161425980913,197.57553100585935,527700.0
2018-10-10,196.94414640854035,198.20685459256228,194.48974284995296,194.84487915039065,406900.0
2018-10-11,195.56303200981395,195.56303200981395,188.60230822680128,189.1626434326172,634600.0
2018-10-12,190.0623684642854,191.40400133356405,187.05552897450517,188.3182373046875,535200.0
2018-10-15,188.1761904589152,192.3905007996297,188.11305323511272,189.880859375,447900.0
2018-10-16,190.81995412606508,193.5505812849595,189.60459593766168,193.1244201660156,532100.0
2018-10-17,192.50889598664236,193.74005391808436,190.8200142079228,191.6171112060547,520900.0
2018-10-18,191.54606009345565,193.17180441892944,191.54606009345565,192.6746063232422,354200.0
2018-10-19,192.8087343710723,194.34766625014063,192.406248200298,193.85836791992188,345200.0
2018-10-22,193.5506097316534,194.8527802707688,191.1119933187388,191.3487548828125,588900.0
2018-10-23,190.496411167379,194.44239690177864,188.99692936299144,192.8324279785156,364400.0
2018-10-24,193.2427940833944,200.1719433602501,193.20333182165177,198.7356109619141,579900.0
2018-10-25,198.8382175588691,201.60040755643044,196.89679933278248,200.77964782714844,425300.0
2018-10-26,200.67703825671595,200.976937009162,195.31049555137403,195.6498565673828,572200.0
2018-10-29,197.5597556551333,203.58922236541184,197.51240574529837,202.4685516357422,683100.0
2018-10-30,203.04464910186712,204.4888693412552,200.28245897737884,201.7503662109375,1107800.0
2018-10-31,202.27911513708773,202.27911513708773,197.63863214373447,197.91485595703125,746800.0
2018-11-01,198.483083610194,199.54060490312,196.66004011690688,199.39065551757807,474700.0
2018-11-02,198.672491616249,199.1617899877186,194.81331809776043,195.62619018554688,477300.0
2018-11-05,196.3127689492999,198.79084723947477,195.4998969397394,196.96780395507807,673200.0
2018-11-06,196.71528349016504,198.64882620252075,196.4864216079977,197.3308563232422,459200.0
2018-11-07,200.4561030369179,202.8236948050705,199.34333201575956,201.24530029296875,554800.0
2018-11-08,200.3377069077259,202.1844253998827,198.30946439564931,200.235107421875,344100.0
2018-11-09,200.16408361082745,201.14268040210504,199.0592003390649,200.4008331298828,394900.0
2018-11-12,200.4797080957865,203.4234215049372,200.4797080957865,201.0084686279297,407400.0
2018-11-13,201.11901599879783,202.3028118249373,199.73792086830176,201.41891479492188,511000.0
2018-11-14,202.08181126095317,202.2948858115412,199.28015909536265,199.82470703125,414200.0
2018-11-15,198.7671921926208,199.1223284972368,195.9892148875801,197.8675079345703,398100.0
2018-11-16,198.00167120350343,202.00290650842385,197.8596214976731,201.77403259277344,355400.0
2018-11-19,202.12126115722305,203.83382949047132,200.87434031515028,203.46290588378903,463900.0
2018-11-20,203.4392032135974,205.2148964768381,202.3659068460972,203.8969268798828,563900.0
2018-11-21,203.6602205989356,206.95118340846625,203.5339461610912,204.1968688964844,266100.0
2018-11-23,203.6918085860256,204.0469328866369,201.60832839374763,202.46066284179688,94200.0
2018-11-26,203.42345753086832,203.7075569338048,201.46624000122853,202.36593627929688,268300.0
2018-11-27,202.61844214136664,204.1179357981844,201.56092098850425,203.86538696289065,226800.0
2018-11-28,203.62861209663333,205.3806304931641,203.62861209663333,205.3806304931641,233900.0
2018-11-29,205.08075347355657,205.45167708591995,202.76841167607557,204.67037963867188,227900.0
2018-11-30,206.61180234607173,207.23527483249592,204.4967597836736,207.17214965820312,351400.0
2018-12-03,207.2984232638175,208.91626776630548,205.84627933263863,207.38522338867188,305900.0
2018-12-04,207.3220913278504,208.9083611484328,204.5204271245967,204.86767578125,294100.0
2018-12-06,204.67828189002896,209.87908812237072,202.08181657084424,209.67388916015625,440700.0
2018-12-07,209.83174584049632,211.03921653817136,207.49572897843203,208.0797271728516,329400.0
2018-12-10,208.2770410104855,208.2770410104855,204.29158060286815,207.24319458007807,238000.0
2018-12-11,208.85314067214537,209.8475126815556,207.68512024585212,207.7877197265625,236500.0
2018-12-12,208.9320779079745,209.38192613289263,203.62079568585463,203.7075958251953,325000.0
2018-12-13,203.96009914504904,208.89258098847253,203.92064892405529,206.5565643310547,255900.0
2018-12-14,206.2882885658236,207.3536856262402,205.5464411959224,206.99066162109372,218800.0
2018-12-17,207.992879528822,208.861001128392,199.91150918602472,200.6691436767578,483700.0
2018-12-18,201.73458091220897,204.85979502638608,201.71880563886197,203.68389892578125,361900.0
2018-12-19,203.62074838985868,204.1731719008501,200.669146945434,201.71878051757807,404700.0
2018-12-20,202.3974588323861,204.23630135649577,199.7694433811316,201.5530242919922,412000.0
2018-12-21,200.92169106699333,207.36154242991927,198.6093492951252,198.6803741455078,878900.0
2018-12-24,198.84608300206293,199.2722440868928,189.0916075226961,189.1310577392578,299100.0
2018-12-26,189.54938103023187,193.4638045092452,187.7026624400664,193.1954803466797,386900.0
2018-12-27,192.37473660478352,194.05573076925648,188.38140004631876,193.91368103027344,561800.0
2018-12-28,196.10762060981773,196.6205939835253,191.774923557224,194.1898651123047,283400.0
2018-12-31,194.5874475198042,195.2077089559498,192.10640177522177,194.99301147460935,231100.0
2019-01-02,193.51392087714544,193.51392087714544,187.279479349536,188.1383056640625,417200.0
2019-01-03,187.7168545272828,191.54976405476944,187.7168545272828,189.13232421875,356200.0
2019-01-04,189.99117898445505,191.5975032612831,188.7506558903584,189.49815368652344,344600.0
2019-01-07,190.28538513183597,192.63125927914024,189.3072823390233,190.28538513183597,340600.0
2019-01-08,190.9692513248065,195.5655539173288,190.37284515310645,195.0407257080078,386300.0
2019-01-09,194.74651253607357,195.12026141684453,193.10043762481743,194.87374877929688,220100.0
2019-01-10,194.72262387668255,198.1102185017644,194.20574341132917,197.7523651123047,345700.0
2019-01-11,197.77627706050728,198.5635255732147,196.94925356899813,198.34881591796875,321300.0
2019-01-14,197.86368378406715,199.23939038926608,196.77424044416765,197.9193420410156,171400.0
2019-01-15,198.1101948351756,201.79995987793205,198.1101948351756,200.86956787109372,291300.0
2019-01-16,200.5753658091908,205.028524558091,199.85968326519875,204.09814453125,417600.0
2019-01-17,203.34268597750517,206.61892761288783,203.34268597750517,205.3068389892578,419300.0
2019-01-18,206.3962728201608,206.80183675650292,204.75814591548323,206.69845581054688,310800.0
2019-01-22,206.9290791814277,208.1059960561592,205.7680820021378,207.7640380859375,385500.0
2019-01-23,207.61293499596863,208.34453717840847,206.58713394605547,208.18548583984372,291900.0
2019-01-24,207.970818854373,208.92507848996507,206.2213509450644,208.0264892578125,230700.0
2019-01-25,208.23318004623192,210.36435618374543,207.9628122061513,208.99659729003903,468500.0
2019-01-28,208.26503709493227,212.45580012946905,207.97877377174012,211.9071044921875,384200.0
2019-01-29,212.1853851802269,213.95870813454945,211.445847406904,213.8394317626953,309100.0
2019-01-30,213.02037858207973,225.91069683514831,213.02037858207973,215.50938415527344,418300.0
2019-01-31,214.6664664201094,216.88507985754947,211.02439922114056,215.6604766845703,784100.0
2019-02-01,215.74792593092263,216.05806876472997,211.15958354197303,214.77777099609372,349400.0
2019-02-04,214.17338669048377,218.51524038516877,213.24300680435508,218.4357147216797,318500.0
2019-02-05,218.42780810798828,220.5669203576928,216.3443662630761,220.20909118652344,313300.0
2019-02-06,220.4714380938804,220.4714380938804,218.15737969083727,219.08778381347656,251200.0
2019-02-07,216.90097930833147,220.97244108869324,216.90097930833147,220.6384429931641,230700.0
2019-02-08,219.4695340552385,221.32238301042884,219.4297833468089,221.1235809326172,344800.0
2019-02-11,221.06785687337089,222.74573435432097,220.2726487551213,221.5926971435547,286000.0
2019-02-12,221.42575001883776,221.42575001883776,218.22106169719623,219.93869018554688,341500.0
2019-02-13,219.18322587801012,221.57681017096291,218.4516237034659,221.0917205810547,229400.0
2019-02-14,221.3939536385263,222.22097709511715,219.39797296838685,220.9486389160156,181800.0
2019-02-15,222.07779985591773,222.4117979996876,220.415817520956,221.719970703125,261800.0
2019-02-19,221.68818472304977,223.1672848858713,221.2031192739944,222.84918212890625,242600.0
2019-02-20,222.6821645881629,222.6821645881629,218.5391364134672,220.10569763183597,259700.0
2019-02-21,219.30253531230017,222.97639362985169,218.32442040564368,222.6662750244141,207500.0
2019-02-22,223.28650427000267,224.98823709963227,222.1414025872609,223.8272399902344,209600.0
2019-02-25,224.74172457920335,224.74172457920335,221.67223275361292,222.1732177734375,212100.0
2019-02-26,222.6503800507577,223.02412894916037,221.4416720848632,222.69015502929688,180300.0
2019-02-27,221.95853122103213,222.7060289456259,219.9148401172422,222.5310821533203,169800.0
2019-02-28,222.68217366794016,226.00613845391527,222.2130036949004,222.5310821533203,465300.0
2019-03-01,222.8571369680405,222.8571369680405,219.6683437634693,221.9346923828125,248900.0
2019-03-04,222.7696217132656,224.62244601597007,221.3620877631568,224.2725524902344,222000.0
2019-03-05,224.1453210500657,225.01209503570516,223.15131084619105,223.72386169433597,194300.0
2019-03-06,224.30439718204624,224.8371731202272,223.53304420786924,223.74774169921875,292900.0
2019-03-07,224.0817050183254,227.4692751389773,223.55686474209455,224.47930908203125,293400.0
2019-03-08,223.85910204596937,226.13338619379928,223.80343163926057,225.44155883789065,320100.0
2019-03-11,226.46740694800343,227.66815512943597,224.861070449178,227.21490478515625,240100.0
2019-03-12,227.5488248894141,228.5110200304312,226.6581955752996,228.216796875,220100.0
2019-03-13,228.6939593888736,231.52489908586145,228.6939593888736,229.9821929931641,352600.0
2019-03-14,230.1173211995876,231.5884610211392,229.4891000128618,231.34988403320312,243400.0
2019-03-15,230.6899104684101,231.35788246394543,229.41757245736844,230.1332550048828,466900.0
2019-03-18,230.68992895141864,231.37379642979585,226.22879784131936,227.6283721923828,291300.0
2019-03-19,227.54887872304656,228.0180487667345,226.0141323358893,227.21490478515625,255600.0
2019-03-20,227.21484378894604,228.62235354216148,224.97235087948857,226.84109497070312,257700.0
2019-03-21,226.6661769074576,230.65015392295612,226.6661769074576,230.2127990722656,251200.0
2019-03-22,230.84093772811684,234.2762178536962,230.84093772811684,231.17491149902344,302700.0
2019-03-25,230.30825934396591,231.72372936470248,228.32819813848755,229.71185302734372,299600.0
2019-03-26,229.88671761202207,232.98802449543916,229.88671761202207,232.8846435546875,164600.0
2019-03-27,232.88465783611497,233.87866806918143,230.74557014095768,231.82704162597656,251100.0
2019-03-28,231.82699331439133,232.84372383111423,230.91436431467525,232.29934692382807,213400.0
2019-03-29,232.47550710589056,232.98785473444585,230.96243127108607,231.55484008789065,349000.0
2019-04-01,231.234647151444,231.2586630676385,227.6561290509706,230.7783203125,270500.0
2019-04-02,230.8743924510054,234.14067898394376,228.40063109770983,233.55625915527344,379100.0
2019-04-03,233.2520451955257,233.50823124235544,230.49011725274025,232.22732543945312,322100.0
2019-04-04,232.707598398444,232.91575255298957,228.84089066537229,230.38597106933597,270900.0
2019-04-05,230.8503398184092,231.7629933846414,229.52941572681817,231.64291381835935,285000.0
2019-04-08,231.68294542582623,231.68294542582623,228.89700160402805,230.1618804931641,281800.0
2019-04-09,230.2659434981849,230.66622500496305,229.1371467173213,230.1298370361328,235000.0
2019-04-10,230.71427885864537,231.87510511162915,230.3780316111012,231.12257385253903,330100.0
2019-04-11,231.474772861826,232.38740188025363,230.41802395102235,232.01914978027344,151900.0
2019-04-12,231.3866960655344,232.30733852246576,229.3452704248934,232.2913360595703,245100.0
2019-04-15,232.63562538837144,233.21203179041396,230.7382947740952,231.12257385253903,275300.0
2019-04-16,230.61825951015916,231.16263665245503,222.54057931178545,222.9568634033203,452400.0
2019-04-17,223.6212743955265,223.6212743955265,219.00203421899187,219.858642578125,312800.0
2019-04-18,219.98672563589815,222.9568076875037,219.5784306655815,222.7886962890625,298500.0
2019-04-22,222.04424216832223,222.04424216832223,217.41698691715095,220.29103088378903,272300.0
2019-04-23,220.8433261103135,223.2049970392688,219.5624446890975,221.6759185791016,310600.0
2019-04-24,223.06886692138545,223.79735768943104,221.50775943273504,223.0848693847656,403600.0
2019-04-25,223.01287366396744,226.5433599464012,222.3724085107638,222.8287353515625,353600.0
2019-04-26,224.149646937454,226.63941079813415,223.17295901137865,225.30245971679688,288400.0
2019-04-29,225.6947102139713,226.49527313772347,222.1882406989379,222.2762908935547,173200.0
2019-04-30,222.23628863382885,226.71944621815555,221.73994349411203,226.15904235839844,499100.0
2019-05-01,225.86283589255763,230.45004610020075,225.55861805326504,227.10369873046875,368400.0
2019-05-02,227.23178370179735,229.68150436249903,225.55861007610525,226.6073455810547,261700.0
2019-05-03,227.30383108018043,228.17644175836557,225.510577901616,227.63206481933597,220100.0
2019-05-06,227.80826779570432,228.78495590078413,225.49465279550532,227.24786376953125,159800.0
2019-05-07,226.97555591999645,227.7280869053657,221.56376801336285,223.28497314453125,239300.0
2019-05-08,224.00551862070125,225.73473753630523,222.8446925627461,222.94078063964844,226100.0
2019-05-09,222.6205207849944,225.1503024841835,221.39566052357836,224.2296600341797,240600.0
2019-05-10,224.1256832039109,228.10448357936772,224.1256832039109,227.23187255859372,277900.0
2019-05-13,226.68741451889576,227.71213414777523,225.4465272511653,227.0476531982422,370000.0
2019-05-14,227.03169057684428,228.19251686469096,225.6226916781472,226.22311401367188,210200.0
2019-05-15,225.63869014325343,228.44864970617223,225.50258368127,227.4960021972656,183400.0
2019-05-16,227.2238088361244,229.77760702244927,227.11975615770135,228.9130096435547,208200.0
2019-05-17,228.30455027601167,229.0731083458324,227.1837669632447,228.97702026367188,335900.0
2019-05-20,229.3613375681556,229.9137280843379,226.29519151900053,227.3999481201172,165800.0
2019-05-21,228.296628773304,230.35405772219423,228.296628773304,229.5054626464844,218400.0
2019-05-22,229.96978306643592,231.17861683481,228.3526298338278,230.51416015625,180200.0
2019-05-23,230.21790028718897,231.9150898830001,229.96972771975865,231.69093322753903,208700.0
2019-05-24,232.0832262568464,234.3328065014226,232.0832262568464,232.93983459472656,293500.0
2019-05-28,234.05255934388063,234.8851516064153,231.5147886147357,231.5628204345703,422800.0
2019-05-29,231.8750342400582,231.8750342400582,227.2157526169073,228.44061279296875,339500.0
2019-05-30,228.46472851152896,229.8817165715123,227.97637225830036,228.5287628173828,250400.0
2019-05-31,228.44067390943135,234.99728732108844,228.0563948456316,233.55625915527344,499600.0
2019-06-03,234.36481807886457,235.813835153307,229.0731083797257,231.8670654296875,337000.0
2019-06-04,231.93114816594968,231.93114816594968,227.13578261578763,230.51416015625,268200.0
2019-06-05,231.53882758465423,236.6864417166112,230.353985571168,236.64642333984372,237000.0
2019-06-06,236.59840967525017,238.4556973759481,235.57368995266864,237.366943359375,151800.0
2019-06-07,238.37566255410692,239.8967274690353,237.10277023118684,237.5030517578125,114700.0
2019-06-10,237.6151110618796,238.5757964707093,234.9732628344649,236.97467041015625,104700.0
2019-06-11,237.3990183128573,239.59255366418887,235.54971927423475,239.3843994140625,286700.0
2019-06-12,239.5524988047574,240.93745729473792,238.4237019321817,239.2322540283203,213300.0
2019-06-13,239.69655567335252,239.87268049951564,237.5270369206675,238.73587036132807,219800.0
2019-06-14,238.67986539684836,239.93673074357815,238.23954108653416,239.52044677734372,144600.0
2019-06-17,240.12088586899472,242.6346411699864,240.12088586899472,242.02622985839844,194800.0
2019-06-18,242.44250849143944,243.0749601348044,239.4083677242152,241.0575256347656,244500.0
2019-06-19,239.96072897438597,243.1149489276909,238.83994573923133,241.48980712890625,285500.0
2019-06-20,242.28242243731705,244.3558778843004,242.01822293922373,242.49856567382807,373700.0
2019-06-21,241.89816061946192,241.89816061946192,238.35167178294637,240.15293884277344,599500.0
2019-06-24,240.6572065076872,240.6572065076872,237.967326836298,238.5677490234375,263700.0
2019-06-25,239.2803132927126,240.31302208656973,235.3175162314111,235.5096435546875,212500.0
2019-06-26,235.76580758745567,235.81383941378888,229.97772820186032,230.80230712890625,319900.0
2019-06-27,233.1155678402289,235.17089544494027,231.66475124838752,232.43045043945312,313600.0
2019-06-28,232.8496289420709,236.2832352867407,232.47080099962287,235.2998962402344,666900.0
2019-07-01,236.283302321692,237.36335951564703,231.9952964369439,236.9925994873047,274300.0
2019-07-02,237.2505170065586,241.41760072633363,237.1940900538807,240.6519012451172,215300.0
2019-07-03,241.5143318044318,243.45680619107537,241.47401629829392,243.15858459472656,101900.0
2019-07-05,241.5464579262498,243.3196999477078,237.6695295316032,242.6910095214844,138900.0
2019-07-08,242.5217978281718,245.8345067516401,242.5217978281718,244.98013305664065,166200.0
2019-07-09,244.9478669546184,246.6324347571556,243.81138325482095,246.14077758789065,204100.0
2019-07-10,248.2848300095544,248.84098224341508,244.78672838929648,248.3976593017578,175000.0
2019-07-11,248.47817898273232,248.48624699993871,244.9639671466176,246.6162872314453,159200.0
2019-07-12,246.6727421859329,247.2611171661352,244.37559540390475,244.98817443847656,344500.0
2019-07-15,245.25412961495547,247.180516379518,243.9483898553912,245.72967529296875,177900.0
2019-07-16,245.5201283023108,245.7055205402213,243.9887052772249,245.26222229003903,167300.0
2019-07-17,245.65722266942907,246.4793490204217,242.811991028174,244.7061309814453,163900.0
2019-07-18,244.4320181951035,244.7947100402593,241.4497540587601,244.2305145263672,181500.0
2019-07-19,244.26275602686,244.6254724972869,237.36327185108857,237.69374084472656,266100.0
2019-07-22,237.7743752961109,238.8947477187708,235.3563308015742,235.3966217041016,363400.0
2019-07-23,235.73514806313256,238.30633722683484,234.63895515123752,238.2660217285156,354000.0
2019-07-24,238.7093750760498,238.7093750760498,235.88025491362876,236.76687622070312,364400.0
2019-07-25,238.9994705186651,241.61097487883347,236.71845973555992,240.67599487304688,546000.0
2019-07-26,241.3207552930317,245.2460422800428,241.3207552930317,245.08485412597656,319500.0
2019-07-29,245.94735199107248,248.99408675435376,245.01237193175623,248.11550903320312,336100.0
2019-07-30,248.13160076609492,250.29978201870924,245.83445422512435,247.1885528564453,327400.0
2019-07-31,247.067671194984,249.1310667438223,242.05425905734995,243.59375,347700.0
2019-08-01,243.5937906768752,247.2127892106448,238.98338509683583,245.73779296875,338000.0
2019-08-02,246.01187716182804,247.6319750373845,245.1333238425451,246.1489105224609,364600.0
2019-08-05,245.62493868568737,245.62493868568737,234.70344814458696,237.306884765625,353800.0
2019-08-06,237.153724102578,242.5943235585145,236.589503949582,241.3449859619141,339600.0
2019-08-07,240.36167957576657,244.67386390771017,237.65348150865657,242.33642578125,368500.0
2019-08-08,241.98983076453968,245.6330087828952,241.19185939108684,245.19775390625,267300.0
2019-08-09,244.00480836768529,248.05099279881588,243.6823828500509,247.8656005859375,237200.0
2019-08-12,247.84140811830204,252.20194982088023,246.96285520339023,251.7022247314453,392600.0
2019-08-13,250.67060895479705,252.62921906345872,247.2853368726295,252.53250122070312,467200.0
2019-08-14,252.00857397167445,252.60501701374432,247.1483060268695,247.67221069335935,353000.0
2019-08-15,248.6152696284321,252.53248966653007,247.75282790728707,251.98440551757807,287100.0
2019-08-16,252.75817518126576,255.40997072913527,252.61309842241585,253.66897583007807,399300.0
2019-08-19,254.46687014258356,256.4657952659271,252.98380618563093,256.12725830078125,324000.0
2019-08-20,257.2396483825483,257.2396483825483,253.77379417898752,254.4911346435547,206300.0
2019-08-21,254.89406292547795,256.6270140866616,253.90268065669432,256.5705871582031,304300.0
2019-08-22,256.95754266993526,258.9000415487098,255.5550846021356,258.72271728515625,372100.0
2019-08-23,258.7468301467467,259.8833138254953,253.3384783969144,254.0477752685547,329600.0
2019-08-26,255.28901023034567,257.6989859858952,253.4109824588893,257.69091796875,284000.0
2019-08-27,258.77916132564206,260.0849016264122,256.98980712890625,256.98980712890625,410200.0
2019-08-28,257.5781401926114,258.4566933205518,256.0144696059672,257.71514892578125,187600.0
2019-08-29,259.3272475947333,259.6012897317808,257.2799872889742,259.1741027832031,190800.0
2019-08-30,259.5286826448499,259.8027247093644,257.4572434222524,258.9403076171875,541700.0
2019-09-03,258.118179803451,260.2541387687629,257.87638519488985,260.0364990234375,333500.0
2019-09-04,261.20525183481755,263.0993917496788,260.10905879143354,262.2853088378906,301700.0
2019-09-05,261.455053411556,261.93866715309537,258.65011338872097,261.7290954589844,226400.0
2019-09-06,262.08378062594016,263.9134254038406,262.08378062594016,263.6152038574219,279600.0
2019-09-09,263.91341180654905,263.91341180654905,261.6243327978555,262.4948425292969,279200.0
2019-09-10,261.35029527976155,261.35029527976155,254.32991335634176,258.8758239746094,352600.0
2019-09-11,258.2229390149417,259.7463186845088,256.6995839429925,259.68182373046875,226300.0
2019-09-12,261.72913721359834,263.2605604747727,259.16601595143715,261.1649169921875,365900.0
2019-09-13,260.22184936340017,261.7129814696082,257.11868786618163,260.0445251464844,299900.0
2019-09-16,260.4313740742431,261.5517462115573,259.49641875371714,261.3905334472656,250100.0
2019-09-17,263.0912844087546,266.6296764634216,261.77747639613125,265.0337829589844,356900.0
2019-09-18,265.5416927931898,265.9849912729261,262.51913607417924,264.70343017578125,275500.0
2019-09-19,265.0498976778292,265.6624767827325,263.08321964404206,263.5104064941406,223700.0
2019-09-20,264.38088046956835,264.437282802428,259.61733080569286,260.1976623535156,656300.0
2019-09-23,258.5533730645621,263.905322036084,258.42440777153115,262.0756530761719,298500.0
2019-09-24,263.1074313117413,265.07410958627844,260.971496799779,262.08380126953125,397700.0
2019-09-25,261.5921216056356,265.0902478593692,261.5921216056356,263.8247985839844,217600.0
2019-09-26,265.1788428457899,267.2905974762988,264.67104963663667,266.15411376953125,251100.0
2019-09-27,266.3487510610084,268.0433261426499,263.06500923309494,264.60552978515625,206700.0
2019-09-30,264.2892989180576,266.0244289522227,264.1109212953279,264.8487548828125,271700.0
2019-10-01,264.4756844090661,265.46486450474765,261.1595049658028,264.0216369628906,323400.0
2019-10-02,263.9162838665725,265.0595186645515,262.18927012374746,264.2649230957031,430700.0
2019-10-03,264.0460240218564,268.45679291938694,263.5190071881182,266.05682373046875,304600.0
2019-10-04,266.3973774619793,268.7406095318942,266.3973774619793,267.8892517089844,266300.0
2019-10-07,266.7541450179872,268.31898862321214,265.68387928792805,267.21630859375,226000.0
2019-10-08,267.5244060995,268.18924562093105,264.5730718943486,265.70819091796875,285900.0
2019-10-09,267.65409441231174,270.2567891572766,265.943312419776,266.9486999511719,166100.0
2019-10-10,266.218965981436,270.2405406027891,265.32707802773734,268.3594970703125,259700.0
2019-10-11,268.48924152746866,268.6919422202652,264.2568500721292,265.1000671386719,365700.0
2019-10-14,265.3920229602108,265.8541865722466,263.94067877646734,265.5541687011719,131900.0
2019-10-15,265.56227628021253,266.7460416012678,264.2001333291017,266.2190246582031,286400.0
2019-10-16,265.1244245529067,267.2892791194615,263.0325640196963,267.0054931640625,173600.0
2019-10-17,267.0054714677662,268.01085903449444,265.8297974953916,266.4784545898437,230800.0
2019-10-18,266.9729984960615,268.91082884329177,266.38112835578687,268.6189270019531,232000.0
2019-10-21,268.1000763145851,269.6973589364956,267.11901178348467,269.6243896484375,178600.0
2019-10-22,270.20818369165494,270.9460173035073,268.1406214403128,268.3676452636719,238400.0
2019-10-23,267.4352290239252,270.7433187551842,264.4271571542868,266.2190246582031,394900.0
2019-10-24,262.8541313675581,266.3486890526466,261.0946786074251,264.5487060546875,551000.0
2019-10-25,264.04608695158976,265.18932205992587,261.2488069265395,263.5839233398437,291800.0
2019-10-28,262.91089978353574,262.91089978353574,260.1136204820567,262.2055053710937,234900.0
2019-10-29,261.6542011022696,263.99743339762307,260.8920443846194,262.0677185058594,622400.0
2019-10-30,263.18657689744344,265.8054539369738,261.42712404738785,265.6595153808594,374500.0
2019-10-31,266.4622658024961,267.9865544060822,264.6136115137258,265.2379455566406,534800.0
2019-11-01,265.75684210310453,267.45953304240305,261.1839268809416,263.2757873535156,309600.0
2019-11-04,262.99203530861683,262.99203530861683,259.88667086992666,261.1596374511719,197700.0
2019-11-05,259.94341316405786,259.94341316405786,253.732660017238,258.1028747558594,661600.0
2019-11-06,258.2325849991231,260.5514939559892,255.8326155543765,257.7947692871094,389300.0
2019-11-07,256.82175143793603,256.8866047657364,253.0190848515109,255.26499938964844,347000.0
2019-11-08,255.0866563225609,257.2433947338196,254.50290206217045,255.3380279541016,196100.0
2019-11-11,254.883879784586,257.10549561513466,253.067689976018,254.11363220214844,226300.0
2019-11-12,254.11375990601624,256.27049875941645,250.2300067803683,250.56243896484372,439800.0
2019-11-13,251.4542356005316,255.3947246933838,251.4380037111681,253.9190826416016,338400.0
2019-11-14,254.5109833701823,256.537990285752,253.2380170887077,254.79476928710935,303500.0
2019-11-15,254.7947744291778,258.6622947943908,254.1218190068718,258.6460876464844,361900.0
2019-11-18,260.7055712405021,262.8217549312585,259.2704342723543,260.1866455078125,303000.0
2019-11-19,261.07045908168146,262.40018792467004,258.6056356919259,261.4758605957031,346300.0
2019-11-20,261.6379846105912,262.68392725917107,258.4109802246094,258.4109802246094,441200.0
2019-11-21,257.34073610680025,258.516385428089,254.3975177145992,255.6056060791016,352400.0
2019-11-22,255.9541928386008,256.2623018265368,251.34883939717471,251.96505737304688,620300.0
2019-11-25,252.91366974031936,254.21907489969996,250.84613283891247,251.5434112548828,475800.0
2019-11-26,252.046129047465,254.55153130016345,251.52722815820297,253.17315673828125,912800.0
2019-11-27,253.8623646023552,254.00830316956757,251.4867183090252,253.74884033203125,549900.0
2019-11-29,254.55148469629535,255.04606240244573,252.5731243842309,253.1163482666016,185500.0
2019-12-02,252.8245144179106,252.86504465711045,246.6867317839193,247.06781005859372,469900.0
2019-12-03,246.7435394034825,249.46782521458636,246.7435394034825,248.26785278320312,666700.0
2019-12-04,247.10836629502367,253.7650752560176,246.7516110750836,252.50831604003903,531500.0
2019-12-05,251.9164832740813,253.19754103162077,250.54622432642475,252.2975616455078,325800.0
2019-12-06,252.37862440993908,253.967816001585,251.26782833152583,252.91375732421875,279200.0
2019-12-09,253.0272287927226,253.1326371128288,250.83805139528727,252.32992553710935,213800.0
2019-12-10,252.1515856595794,254.1299467127765,249.83270124527343,251.0002593994141,224600.0
2019-12-11,251.65698875107896,251.8191344723928,246.28136197755825,247.10028076171875,296300.0
2019-12-12,247.1246066921753,248.3326950163397,242.65707508672423,243.4840850830078,362300.0
2019-12-13,243.9543509878528,245.10567711002545,240.67058479400688,243.65435791015625,412600.0
2019-12-16,244.25439579269255,244.6192670283034,241.31929298731123,244.0435791015625,440800.0
2019-12-17,244.06782331388848,244.8543029338119,239.5516710159629,240.1516571044922,430700.0
2019-12-18,240.1841870241684,241.86253046684143,238.78148889472985,240.33824157714844,633100.0
2019-12-19,241.10035792641705,242.2192699777239,239.389575546334,242.17062377929688,575600.0
2019-12-20,241.7571342763761,243.30574618626767,240.07876617731333,241.0922698974609,798100.0
2019-12-23,242.43818168281243,242.43818168281243,239.5760484516671,240.6625213623047,257800.0
2019-12-24,241.19761892860373,242.5840847485612,240.4030232996656,241.9759826660156,96100.0
2019-12-26,242.59223461701848,243.60573822965017,241.116567418529,242.9489898681641,175400.0
2019-12-27,243.92190609136549,244.0597534516198,242.14624601838577,243.0219268798828,199500.0
2019-12-30,242.05717253746,243.9301257819077,241.65986217935904,243.00579833984372,260100.0
2019-12-31,242.9322378482165,245.53561401367188,242.7118715162708,245.53561401367188,311800.0
2020-01-02,246.6537392110703,247.5351299289468,241.4550806246588,243.4300842285156,412400.0
2020-01-03,242.5160237256505,246.1313965740296,241.97738641979987,245.8131256103516,400700.0
2020-01-06,245.33986359218136,246.41713863085025,243.81373640696208,244.83387756347656,369200.0
2020-01-07,243.45456559723567,244.58080505289183,240.37782983530548,241.83865356445312,327200.0
2020-01-08,242.2466929716034,244.4991717255625,241.4795700381592,243.2342071533203,450500.0
2020-01-09,243.266887814015,244.67877189710177,242.5079089019159,244.39312744140625,505900.0
2020-01-10,245.0051613307273,247.5106330377517,244.18090452498592,246.79244995117188,736400.0
2020-01-13,246.53947104709053,249.7957525982532,246.53947104709053,249.32241821289065,420300.0
2020-01-14,248.42471273984685,248.9143853643434,244.9888850826996,246.31915283203125,335100.0
2020-01-15,246.87408062050565,249.1918375953233,245.87842217516027,247.1433868408203,428600.0
2020-01-16,247.7882305557703,249.93461177817173,246.88235706051404,249.75506591796875,292100.0
2020-01-17,249.28977611809893,252.12168815776724,248.36756479049825,252.07272338867188,383700.0
2020-01-21,252.98680838447416,255.12502001569175,252.1380689728281,254.2191467285156,410600.0
2020-01-22,255.35356391271443,256.5287435140734,250.85677409848176,252.87257385253903,429300.0
2020-01-23,252.52976996094085,255.85135493218576,250.8812311217189,255.0434112548828,487300.0
2020-01-24,255.36171542745652,255.72897618614104,251.68106327089407,252.5624542236328,279800.0
2020-01-27,252.30935227103535,254.6597603377723,251.50140883776123,252.1298065185547,560800.0
2020-01-28,249.52641845733103,253.28868545296848,248.0900523632465,251.69728088378903,516500.0
2020-01-29,252.36648883332717,252.5052140174093,247.69015502929688,247.69015502929688,584200.0
2020-01-30,248.44913870719864,256.8142923813339,248.07373390617252,254.73321533203125,1170700.0
2020-01-31,254.3006552136233,256.00632731795275,251.2320643013034,252.79901123046875,1736600.0
2020-02-03,253.81920669994892,255.7778721054433,252.19512556841937,254.12933349609372,515800.0
2020-02-04,254.5455553613868,262.21701003787643,252.98677705927736,254.28439331054688,395100.0
2020-02-05,254.1211872562678,255.96561000610856,252.19514825181932,253.01126098632807,409000.0
2020-02-06,253.64779549466596,257.74469683782144,253.0438801181897,256.86328125,440600.0
2020-02-07,257.6712616700219,258.18539173007736,256.0880011014163,256.90411376953125,328200.0
2020-02-10,258.30780596029,259.2300171795177,256.91223548772325,258.98516845703125,667500.0
2020-02-11,258.7239911115028,261.2947655634247,258.36489959776696,259.3850402832031,269600.0
2020-02-12,259.46670604367733,261.49884361287025,257.94057927189715,260.4868469238281,339300.0
2020-02-13,260.0216505066396,262.8372492310501,260.0216505066396,262.3883972167969,328800.0
2020-02-14,263.4983036823699,265.5712369157065,263.3350960857045,264.55926513671875,477300.0
2020-02-18,265.6201892740034,266.0037632216297,260.8622634099235,264.355224609375,446300.0
2020-02-19,264.08587131813056,264.10218460393065,261.70283649075765,262.4862976074219,243400.0
2020-02-20,263.03309934210995,266.6484973403725,260.9112263589119,266.1424865722656,378500.0
2020-02-21,266.0445537926994,269.10497621857,266.0445537926994,268.5255432128906,463100.0
2020-02-24,267.3748672297884,269.0642266758738,265.17137764887264,265.897705078125,412600.0
2020-02-25,266.297550676146,266.5342303208809,258.8219806366043,259.45037841796875,435800.0
2020-02-26,260.2256748255305,262.8862101080064,258.5934494803614,258.65875244140625,520600.0
2020-02-27,255.54125068261044,257.703944746129,242.1325225830078,242.1325225830078,635200.0
2020-02-28,237.83158418415067,238.88435168010025,227.0425728315865,231.25369262695312,1030500.0
2020-03-02,232.322818231991,239.8718608683045,231.5067055145517,239.4801177978516,751100.0
2020-03-03,239.1617871056838,245.75599085093936,235.99529114333197,238.21511840820312,645900.0
2020-03-04,240.97360912123787,247.4617156182294,240.97360912123787,247.1760711669922,416700.0
2020-03-05,243.73200149884792,246.71897633993305,239.11280160181096,242.45069885253903,591500.0
2020-03-06,237.7662840124189,241.2755837575124,232.1269419587914,240.4757843017578,368200.0
2020-03-09,227.2547447098527,234.0366395301805,224.5942341355937,227.8913116455078,758700.0
2020-03-10,233.87348546677828,240.288121063336,228.51978670392728,240.0677795410156,855600.0
2020-03-11,233.89782165599684,233.9386173141817,224.04733889122323,226.50384521484372,790100.0
2020-03-12,213.7317617309556,230.127462484304,204.2240415367324,214.4009552001953,1176800.0
2020-03-13,223.7127791775808,226.07950070733708,211.1854459403893,225.0267333984375,767900.0
2020-03-16,204.7790211913594,209.89605190692512,182.0992520793849,182.5399475097656,724700.0
2020-03-17,186.1716231460502,194.9856427022717,179.34076390510194,192.65972900390625,637500.0
2020-03-18,183.62532182173297,190.0889316555113,164.24264896277225,168.32321166992188,676000.0
2020-03-19,167.4826258698592,175.3417940567771,164.1773674064804,170.62466430664062,562700.0
2020-03-20,173.01586928037318,175.36627752722,156.87316322770917,160.22738647460938,819900.0
2020-03-23,158.81552118467087,158.81552118467087,143.48075804731104,148.72019958496094,967500.0
2020-03-24,154.57989731502275,157.8606611444214,145.0803467336892,153.4373321533203,914500.0
2020-03-25,151.94385825442885,173.71775181611187,149.97703608902785,163.8509521484375,813700.0
2020-03-26,164.93640610326096,178.52467959158912,161.5903385560441,178.48387145996094,654000.0
2020-03-27,173.18729714974967,191.6232817150636,170.90217889329142,186.5633850097656,786100.0
2020-03-30,188.27478957789992,191.1820938632787,174.51244087317585,185.7298583984375,590200.0
2020-03-31,184.32155356403,185.26868787456945,174.28187457694042,181.38954162597656,785800.0
2020-04-01,169.84266012653356,170.5097735938656,157.2251119658265,164.98342895507812,765000.0
2020-04-02,156.48389937657643,167.13303449666498,155.94032070999907,160.16539001464844,707900.0
2020-04-03,158.97936280162332,165.9552494799212,155.27316616311393,157.19215393066406,477600.0
2020-04-06,166.36706412531024,176.95032050864793,165.70818215000213,175.10545349121094,555500.0
2020-04-07,183.7038237618665,185.9934287778846,175.67373070124196,176.7691192626953,569100.0
2020-04-08,177.31269819993778,194.48474964213383,175.37724727133923,192.82107543945312,687200.0
2020-04-09,197.4661922901101,209.74606265065265,195.9837233887518,203.3961181640625,801800.0
2020-04-13,201.44418124159105,204.6479825164211,194.4106476503106,197.4991455078125,484800.0
2020-04-14,203.12429602259425,209.1859872730724,200.90881193147837,208.05764770507807,635000.0
2020-04-15,199.88756654130148,205.1421345947942,196.9390792597976,202.1112823486328,624500.0
2020-04-16,203.31370054353147,203.94787545109563,197.71322342799257,202.63011169433597,657200.0
2020-04-17,207.30819843879763,215.9724671413585,206.5257690006292,214.82765197753903,621400.0
2020-04-20,211.97801082492077,211.97801082492077,199.05573464079453,199.2286834716797,435000.0
2020-04-21,193.42231124089588,198.77570698452496,192.86225715127085,196.6672821044922,438500.0
2020-04-22,200.10994011487108,203.5608234890262,198.3803764094585,201.55123901367188,428600.0
2020-04-23,201.0735303045728,201.0735303045728,196.12370309222857,198.69332885742188,864300.0
2020-04-24,200.1428410047364,201.79828347226064,193.9740909183552,198.98980712890625,634000.0
2020-04-27,201.94655457067893,208.15650059854067,199.6734249286457,207.6046905517578,274800.0
2020-04-28,213.34515744049767,214.4652403596409,200.99940011931372,203.8078765869141,297400.0
2020-04-29,207.8764709312801,209.52366963142376,203.44551497354115,205.25743103027344,275900.0
2020-04-30,202.901902819183,202.901902819183,197.16964676146563,201.0405731201172,437600.0
2020-05-01,196.230745898204,197.78734792342243,192.7386932436463,195.0365295410156,393400.0
2020-05-04,192.37638181132587,200.14291943121265,190.26796900240612,199.5499267578125,456900.0
2020-05-05,201.1394075825122,205.3562316736962,200.15932247527363,201.3864898681641,453500.0
2020-05-06,202.6466309304,204.5079610139244,198.71805835023832,198.80865478515625,423600.0
2020-05-07,195.82721024628856,207.41524593140895,195.82721024628856,205.12564086914065,507400.0
2020-05-08,208.3459315873745,209.88605837266223,202.1442293975735,203.14077758789065,356500.0
2020-05-11,201.3041244441665,202.3830374362795,197.18612825006983,200.0687255859375,367700.0
2020-05-12,200.40643553891263,200.40643553891263,187.69829076747027,189.34548950195312,752000.0
2020-05-13,186.3310562195777,190.8690825248053,185.31802032548543,190.0701904296875,621700.0
2020-05-14,187.38534255165584,188.27483142853828,180.50005093471827,185.31809997558597,479400.0
2020-05-15,184.296805638336,187.3935342596744,179.9811410922442,186.5864105224609,1005100.0
2020-05-18,194.11412901523235,201.1476617971149,194.0400080912931,198.1580047607422,529500.0
2020-05-19,198.10032586656624,199.1957143730819,190.1114156844536,190.24319458007807,439200.0
2020-05-20,192.2445960933009,194.4353738057521,190.1691218095508,194.25418090820312,327400.0
2020-05-21,193.94935936442184,198.21559673138023,191.93977552086417,193.89993286132807,246900.0
2020-05-22,193.62820967908775,195.15186091638031,191.7586356602468,194.7071228027344,288500.0
2020-05-26,203.0584111886096,205.5374405728284,200.39818895189603,203.60198974609372,344000.0
2020-05-27,208.13178809129425,209.38364999976568,201.5512250507716,204.2855682373047,380900.0
2020-05-28,206.33634692494104,206.33634692494104,200.48878643445155,204.9609375,401300.0
2020-05-29,203.0666415076369,203.8820093392462,199.311030708336,199.94520568847656,562800.0
2020-06-01,199.895789662324,205.0679922099755,198.82510806945123,203.3549041748047,359900.0
2020-06-02,205.59510464484768,206.52576334153665,202.8278103950388,203.25607299804688,463400.0
2020-06-03,205.85041806328104,209.40836062554547,205.43037436301395,208.4200439453125,379900.0
2020-06-04,206.7975315404967,207.76938518511167,200.53818481485155,206.29513549804688,397700.0
2020-06-05,213.5593126587713,220.53520052636557,213.33694987088245,216.2113037109375,759500.0
2020-06-08,219.59623872042897,227.67574412594624,219.4397528759388,227.47808837890625,698700.0
2020-06-09,222.61068221280027,224.0354930463064,219.28333369861676,220.7575836181641,432500.0
2020-06-10,219.1432761684476,219.90924256874305,212.8674539396513,214.38287353515625,397100.0
2020-06-11,205.9986543682737,207.85175280653115,200.74409934232864,202.67955017089844,625600.0
2020-06-12,205.0597287911413,208.33766271132384,196.93904003809084,205.63624572753903,735100.0
2020-06-15,198.94041743161145,204.56560227185977,197.69677442062428,201.4853363037109,539400.0
2020-06-16,209.0789245672981,211.6897329122516,205.03504887665312,207.2093505859375,547400.0
2020-06-17,208.5188651400414,211.5497045376088,199.953437430533,200.2169952392578,433400.0
2020-06-18,197.9273832942192,200.54642294980235,196.11545484014928,200.07696533203125,511400.0
2020-06-19,204.0879281888025,204.0879281888025,192.22808961654184,192.5410614013672,1495900.0
2020-06-22,192.25276482941064,194.6906241127504,188.71129814616756,192.37631225585935,430700.0
2020-06-23,194.4188717769657,194.4188717769657,190.00437850336596,191.2809600830078,430500.0
2020-06-24,189.23840025668264,190.49850608427136,184.65094647310147,187.59120178222656,588200.0
2020-06-25,186.99819695989413,189.01601244423964,185.07097788833764,188.8183441162109,277500.0
2020-06-26,187.78887742653689,189.35372368312605,184.48624865996004,185.1368865966797,652400.0
2020-06-29,186.57332306936596,188.294073800846,184.53668046033425,188.22756958007807,355700.0
2020-06-30,188.82612832762683,191.7605594101988,188.2192946466639,190.5053253173828,857700.0
2020-07-01,191.2617990160564,200.34772584918144,190.7796528375216,198.9844207763672,475900.0
2020-07-02,201.77756478769456,202.45090280826813,195.01923439194877,197.05587768554688,267900.0
2020-07-06,201.53644352544148,201.53644352544148,195.14386916833823,195.5179443359375,240800.0
2020-07-07,192.0016255159572,192.9160427945485,189.4495780921333,189.6324615478516,292000.0
2020-07-08,189.6324562351625,190.4803692620664,187.92001363812537,188.63491821289065,322500.0
2020-07-09,187.537646262018,188.11954243450168,183.39784345409416,186.14108276367188,589600.0
2020-07-10,186.39876936017225,188.90925007450625,186.3322651317492,187.3131866455078,258500.0
2020-07-13,188.08627298997084,188.64323162855692,184.9772796138518,186.94741821289065,349700.0
2020-07-14,186.731324327882,190.3972770364358,185.8751028439598,189.7821350097656,324800.0
2020-07-15,191.8935807426284,193.074002409626,187.87016953662769,188.09461975097656,294000.0
2020-07-16,187.1635634710127,188.76794798069025,186.23252956967792,186.42372131347656,349700.0
2020-07-17,187.0555195543492,187.8701742805748,184.5450384526,185.51763916015625,395100.0
2020-07-20,183.414464742052,185.53424105696573,178.76759115131384,178.925537109375,530000.0
2020-07-21,179.60717262732788,182.19246570705693,178.69276807410324,179.3245391845703,406100.0
2020-07-22,177.8947626554563,184.17095892153304,177.01360371105724,183.5724334716797,480600.0
2020-07-23,182.8575382209657,184.3787894275371,176.93047938049023,179.8316650390625,419900.0
2020-07-24,179.03361172393804,180.4135460594553,177.8947568256929,177.9945068359375,291600.0
2020-07-27,176.6311886410637,177.22140575483994,174.020957863212,176.69769287109375,411800.0
2020-07-28,176.44830077232916,182.05946661156537,176.08254654287683,181.24481201171875,462700.0
2020-07-29,182.3088660092283,182.94895814956544,178.02775909356356,182.1758575439453,440900.0
2020-07-30,179.37443154115107,183.90492607272185,178.58471440554635,183.39784240722656,520100.0
2020-07-31,183.19835690615292,184.478528579695,179.55732922671868,183.49761962890625,974400.0
2020-08-03,182.8824752057148,182.8824752057148,177.02192062247246,178.0942840576172,460600.0
2020-08-04,176.64782563150357,178.7177270723409,172.9569231511601,178.11920166015625,679000.0
2020-08-05,178.11919465959406,181.56901757435017,176.4316894534592,180.6961669921875,426600.0
2020-08-06,179.5739523144751,183.82181356705075,179.26636864491977,182.86582946777344,369100.0
2020-08-07,182.08439022989987,185.5342254638672,181.38611491183792,185.5342254638672,243000.0
2020-08-10,186.20760078615405,188.00317712370176,184.10445345273988,185.77532958984372,261600.0
2020-08-11,186.77283618887188,187.86182861063784,181.8848961201504,182.49172973632807,331300.0
2020-08-12,183.2482287549172,184.3954046197684,180.68787276756547,183.8883209228516,269900.0
2020-08-13,182.6995747608213,185.59243918489165,179.1915556835856,179.58226013183594,397500.0
2020-08-14,179.04192644367188,184.24575897511107,178.65122200464398,182.1758575439453,497500.0
2020-08-17,182.16753021804095,184.1792354785904,180.7875960749288,183.0902557373047,504500.0
2020-08-18,183.42276934081497,184.19586988732053,179.7983713874957,181.8267059326172,299500.0
2020-08-19,181.68539607969765,181.68539607969765,174.91874605354042,175.15150451660156,425200.0
2020-08-20,174.61946993352305,178.50988464511704,174.48646148360547,176.65611267089844,269900.0
2020-08-21,177.09670992841714,177.80330629105177,173.36425347339576,177.08009338378906,327400.0
2020-08-24,176.48988746378572,178.84242248535156,173.879656455882,178.84242248535156,308400.0
2020-08-25,178.50990948059467,179.63213513639798,177.57055461339036,179.58226013183594,269500.0
2020-08-26,177.96125917616925,178.4932803658164,175.36765746218774,176.897216796875,409000.0
2020-08-27,178.04436118767558,181.22817971730836,177.72016100760248,180.08932495117188,279000.0
2020-08-28,180.6379743489196,183.6389094087178,178.75926482136367,183.4144592285156,326300.0
2020-08-31,182.10937496197025,182.86583369119305,178.66784734635036,179.9812774658203,518300.0
2020-09-01,178.25219117067047,179.03360002488702,176.63951114475924,178.90060424804688,329800.0
2020-09-02,179.18323265575782,183.82179796384247,178.16075709327637,183.6970977783203,420300.0
2020-09-03,185.17680921094453,188.90097046132905,182.96560353123775,184.4951629638672,316700.0
2020-09-04,184.229132342912,187.63740137861848,182.5748855135322,186.42372131347656,346400.0
2020-09-08,184.8941599848198,185.98313984352103,181.07026172847887,184.1875762939453,403900.0
2020-09-09,182.1425894283532,186.01637488496328,180.06437997966327,181.6438140869141,707200.0
2020-09-10,182.3254653779277,183.9630953709118,179.09177211610108,179.54898071289062,576700.0
2020-09-11,180.06441265755353,180.06441265755353,175.26790082788412,177.23805236816406,372200.0
2020-09-14,179.11673413606616,187.3713767684722,179.11673413606616,184.8692169189453,545000.0
2020-09-15,184.8110354309469,185.9166318119834,179.11673586728762,179.8815155029297,531800.0
2020-09-16,181.153403156031,184.24578057222627,180.13092741363337,182.51670837402344,325900.0
2020-09-17,181.90157409686955,184.73624294548625,178.95051330923943,179.95635986328125,392200.0
2020-09-18,178.36023323181053,179.4492128773294,175.3343609933284,175.76663208007812,595600.0
2020-09-21,173.73832285509863,174.39503150868478,169.41564941663344,169.839599609375,443500.0
2020-09-22,170.02249229334925,173.41413207244048,170.02249229334925,172.4747772216797,437500.0
2020-09-23,172.54961388705948,174.14567753318104,167.6367227467936,167.8611602783203,396100.0
2020-09-24,167.9193400669445,169.2244618183459,164.8602215443288,165.4088592529297,431600.0
2020-09-25,164.95999180863257,169.87288307902253,164.66072907428426,169.67337036132812,296100.0
2020-09-28,172.9652347721746,174.21216053285855,170.65425402607306,172.50802612304688,399900.0
2020-09-29,172.13687102791792,173.25366299698698,167.09032639717785,167.6025390625,330400.0
2020-09-30,169.26514007682917,170.4910834040938,166.60331757838748,168.60177612304688,438700.0
2020-10-01,168.80333572276925,173.80790728094453,168.77814597972755,173.6651611328125,432000.0
2020-10-02,171.16281445847682,179.32462173558048,168.5009923520562,178.0986785888672,741300.0
2020-10-05,179.60176140146817,180.3994664167433,175.3445286751086,179.1903076171875,677700.0
2020-10-06,180.3070920793416,180.3070920793416,175.8651262360967,176.98191833496094,489400.0
2020-10-07,177.42696728116596,178.3170389774766,174.0094138220144,176.6796417236328,470300.0
2020-10-08,178.06509808056538,182.1040148819372,177.31777265175316,181.356689453125,336900.0
2020-10-09,182.84293048854823,183.3299533793807,178.89638070529298,180.91163635253903,355200.0
2020-10-12,181.00401691320988,182.96050093442256,179.35822766426412,182.1711883544922,251300.0
2020-10-13,179.66052924368998,183.2963847997783,175.27733541056205,175.9071044921875,413300.0
2020-10-14,176.86436070745276,176.86436070745276,172.43078720420934,173.72390747070312,342000.0
2020-10-15,172.48116628243608,174.4292453928846,171.77582795689534,171.8765869140625,304600.0
2020-10-16,171.5910819164956,172.03611769451217,168.13994695029237,169.65138244628906,401300.0
2020-10-19,170.39869768759013,170.709392451661,166.81322194062906,167.1490936279297,389200.0
2020-10-20,168.70254104869852,169.68497925747658,167.6445208141033,167.81246948242188,342500.0
2020-10-21,166.83842864771864,168.8116974335315,166.56972102039774,167.879638671875,496300.0
2020-10-22,168.33307203556893,171.28038661912692,168.33307203556893,170.054443359375,310500.0
2020-10-23,171.4483397582496,172.28803192157775,170.49109120456296,170.650634765625,326100.0
2020-10-26,169.76895707494197,170.48270054575408,165.49492699727406,167.11553955078125,425200.0
2020-10-27,167.11554079551698,168.74454567030529,163.9750874383124,164.0254669189453,333100.0
2020-10-28,161.220923212391,161.9934385985945,156.4346796170607,156.45147705078125,790500.0
2020-10-29,158.98731895035064,168.49264085689654,158.57587797019917,165.90638732910156,1020300.0
2020-10-30,165.34377340337787,172.85062277825276,165.34377340337787,171.7926025390625,1194200.0
2020-11-02,172.95137796618585,182.4734830355941,171.4483219746303,182.2131805419922,934700.0
2020-11-03,184.077294184067,189.5352925671244,183.90095321411036,188.1162109375,679100.0
2020-11-04,188.8131530256942,191.00474976723035,184.2536185762686,189.35055541992188,701800.0
2020-11-05,190.50936201767905,191.9452284411256,187.2849343745212,189.8795928955078,565700.0
2020-11-06,190.18189931604252,192.9612785696839,187.9818969431078,190.74449157714844,549700.0
2020-11-09,207.35356963891,231.8725892581162,207.35356963891,213.6596527099609,1270400.0
2020-11-10,213.71005800067763,222.63600303247097,213.55052724474336,217.42990112304688,930000.0
2020-11-11,217.9589380527891,217.9589380527891,206.6314842305,207.19407653808597,716500.0
2020-11-12,211.09858586603025,211.09858586603025,204.43983375613684,207.5550842285156,771100.0
2020-11-13,209.1001427058524,215.02835442001955,207.8489967902326,214.04592895507807,435800.0
2020-11-16,221.39327824876725,222.43448851642904,215.3978628357128,220.79710388183597,417200.0
2020-11-17,218.3451512876307,221.88865322699917,216.8169054067067,218.3199615478516,536800.0
2020-11-18,218.5718518701837,219.4283542456905,212.62684284641483,213.44973754882807,563100.0
2020-11-19,211.98869161055453,214.96960138692376,208.49556909620247,213.4077606201172,719000.0
2020-11-20,213.9451605210793,215.33906539904987,211.55204554472348,213.36578369140625,439100.0
2020-11-23,214.88561325193805,216.06958221479223,211.5268447758817,211.9970703125,487700.0
2020-11-24,215.6581311276801,217.6566026144108,214.0963159744096,216.2459259033203,516400.0
2020-11-25,216.245916285542,216.3802701032948,212.42531447723536,213.61767578125,332500.0
2020-11-27,213.39935963514296,214.28943125221215,208.40319397198343,209.93142700195312,161000.0
2020-11-30,209.0329567939565,209.90623095445372,204.09556306629915,206.4635009765625,1302900.0
2020-12-01,210.20012517431792,210.8550839880628,206.73219269723663,207.01768493652344,450500.0
2020-12-02,206.74059578766767,211.493243294857,206.22838309859736,208.8314208984375,409000.0
2020-12-03,210.17494852061057,212.3497481224794,208.30243860641855,208.9573974609375,616300.0
2020-12-04,210.9642751343044,213.23144153534255,210.6619854266536,212.2154083251953,614600.0
2020-12-07,210.6031803459356,212.8955362653452,210.34287783656663,212.44210815429688,504900.0
2020-12-08,211.19938304937597,214.6589107693813,210.99785231136832,212.01388549804688,392500.0
2020-12-09,212.4252980934403,213.9031643493672,207.16883030295887,210.07415771484372,396400.0
2020-12-10,208.96578292756317,212.0390591828659,205.5902169944816,206.06884765625,341800.0
2020-12-11,204.33911832885008,206.38795669796687,202.6849235376077,204.83453369140625,450100.0
2020-12-14,206.98412980475467,208.596337310742,201.5261304387064,201.74444580078125,451700.0
2020-12-15,201.05584727190185,203.61691034198392,199.6955503810672,203.60011291503903,657200.0
2020-12-16,204.0451707864065,206.56424696895476,201.60166381429056,201.97113037109372,414000.0
2020-12-17,203.79327468078884,204.59097963115323,199.72916790063053,203.0795440673828,483100.0
2020-12-18,203.37342032045171,203.56654591235136,195.6062685381741,196.7986297607422,1042800.0
2020-12-21,194.1872300737145,197.0505837942676,193.12922242430523,196.34524536132807,498700.0
2020-12-22,196.69788824089036,198.32689307933975,195.63147561143475,197.10093688964844,383100.0
2020-12-23,198.59556279048024,199.75434192337573,194.1703948974609,194.1703948974609,360300.0
2020-12-24,194.88413795121133,196.9161913117181,194.00245867671967,196.6978759765625,106700.0
2020-12-28,197.319241388859,200.39250458454077,196.30320836075373,200.11541748046875,216000.0
2020-12-29,200.11543620117115,201.51772053216732,197.12612143137451,197.19329833984372,224600.0
2020-12-30,197.7390899117237,200.57724039189287,197.7390899117237,200.1406097412109,290700.0
2020-12-31,200.60482906128192,201.52814010881772,197.30122022024352,201.11306762695312,316900.0
2021-01-04,200.96907795533164,202.7055889063006,193.21832627283055,193.3453826904297,569100.0
2021-01-05,193.8367106938948,195.79345729567703,192.1086656693309,192.4729156494141,677400.0
2021-01-06,193.2268035772832,201.0876798936513,193.0319794172293,200.477783203125,623200.0
2021-01-07,199.54596832257013,199.54596832257013,195.1835132909126,196.09835815429688,476400.0
2021-01-08,196.20847416345063,198.707349040625,195.5646872907696,198.12286376953125,215600.0
2021-01-11,197.6231482047772,198.30081266938816,194.4550742648113,195.91204833984372,288000.0
2021-01-12,196.05598922079457,197.96191266673628,193.90441910676125,196.87765502929688,304300.0
2021-01-13,196.60658283560343,200.63866482481237,196.60658283560343,200.19818115234372,219600.0
2021-01-14,201.1807982738286,202.91730880189772,199.55441189777508,200.8250274658203,312300.0
2021-01-15,200.333714665598,205.24676395283032,199.2240458405834,203.7389678955078,522000.0
2021-01-19,204.96729758929288,204.96729758929288,199.67306440554947,200.9097900390625,339100.0
2021-01-20,200.9097601828132,208.0082711168199,199.6476234516083,207.35601806640625,641900.0
2021-01-21,205.51787777217768,208.69441745215508,203.1799492208486,207.70333862304688,476300.0
2021-01-22,207.11880107787883,207.5338734779679,205.3314680178497,206.2209014892578,366300.0
2021-01-25,205.45010031431636,208.20310123995668,204.3065538388892,205.5178680419922,385300.0
2021-01-26,205.6703537074753,207.72874516897767,204.93338772927416,206.4920196533203,361400.0
2021-01-27,205.05199813926583,206.06848826424243,199.69846366215015,202.61241149902344,465200.0
2021-01-28,203.49331579111475,208.82990378302543,202.07023255346925,206.15313720703125,395000.0
2021-01-29,205.41623822102173,207.63557653496028,201.3587437800265,202.9681854248047,667300.0
2021-02-01,203.8321934422972,205.2383317894345,200.07116855696867,205.05198669433597,374600.0
2021-02-02,205.7381244612836,208.0506417104585,204.23879412538264,206.8477935791016,332600.0
2021-02-03,205.1027984243557,211.21021755552837,203.45946665357792,210.236083984375,517200.0
2021-02-04,209.5414779398642,216.20798413760645,208.6266330341603,213.9123992919922,653500.0
2021-02-05,219.08810529152143,220.30787293224523,213.46349909741988,218.63067626953125,678100.0
2021-02-08,218.58824941643812,223.04388352212075,217.27529016703213,220.722900390625,752000.0
2021-02-09,220.0282843790544,221.65468384195773,217.18211763240168,219.6725006103516,365800.0
2021-02-10,219.79959303870805,226.75408935546875,218.35955151163265,226.75408935546875,611400.0
2021-02-11,226.39833355669117,230.34571675284812,223.45052118971967,230.06619262695312,518900.0
2021-02-12,229.430848252357,230.34568018808665,226.16959609728505,228.1602325439453,457000.0
2021-02-16,228.21955749736432,228.21955749736432,225.3479532941988,227.1352996826172,388700.0
2021-02-17,227.1352793728282,227.1352793728282,223.3657757156372,225.97476196289065,324300.0
2021-02-18,225.4326736968316,226.10187196556308,223.87405465188127,224.2298126220703,244400.0
2021-02-19,224.88206694654448,225.97477793456545,223.44202534969813,223.53521728515625,400200.0
2021-02-22,222.7813343040601,226.127300045504,222.42555045669775,223.7300567626953,560500.0
2021-02-23,224.85665375493767,228.9480252688855,223.97568622608603,228.00778198242188,421600.0
2021-02-24,228.70241116397625,230.5066901006412,226.8981322273113,228.82101440429688,669300.0
2021-02-25,228.97342899283933,228.97342899283933,220.1638315473492,221.1294860839844,513400.0
2021-02-26,220.95160158968167,221.04479351894167,215.6912597053016,215.8267822265625,533400.0
2021-03-01,218.92712777680325,223.5352301306226,218.92712777680325,220.2146759033203,573900.0
2021-03-02,220.24006260901112,224.25520009356825,218.4188518768161,221.7393798828125,618500.0
2021-03-03,221.70554109440283,229.464771916583,221.5869378693619,226.38987731933597,560100.0
2021-03-04,227.4317394625401,229.13437283421152,220.15534972675172,222.12057495117188,589900.0
2021-03-05,223.3318851989517,225.06840886512165,218.5628367132101,224.3822784423828,383800.0
2021-03-08,225.8053950588748,231.85351335082456,223.696155068812,230.8370361328125,498700.0
2021-03-09,228.93108272962928,234.26765852520683,226.61855276448247,231.19276428222656,520000.0
2021-03-10,231.49773316167372,233.84412767848016,226.73716347624844,230.97254943847656,351600.0
2021-03-11,230.6929870821991,236.13123373956608,229.8798002593918,234.7335357666016,366100.0
2021-03-12,233.35284591752372,244.017545200129,232.5735234872847,243.8227081298828,625700.0
2021-03-15,244.06836861848404,249.70990612328256,241.2814772684265,248.83741760253903,476100.0
2021-03-16,248.5409443542072,249.11695069237976,240.95959246383708,242.6876373291016,404900.0
2021-03-17,243.7379687860268,243.84809295070465,239.87529908309264,242.33181762695312,455400.0
2021-03-18,241.6541415714118,243.2551296160693,239.48562637548503,242.2640380859375,303400.0
2021-03-19,241.39159540127883,241.39159540127883,232.7937668246209,233.23423767089844,673200.0
2021-03-22,232.9462222528403,235.3603973627003,232.19231116155592,233.7763671875,594100.0
2021-03-23,234.0643528129879,235.07237664011092,231.48075212174925,233.97116088867188,361500.0
2021-03-24,233.58999059835293,237.96091155945976,232.4972538953908,234.0389404296875,382900.0
2021-03-25,233.53922184852445,236.6140907315564,230.57445129981647,235.3773651123047,431400.0
2021-03-26,236.35995782042056,241.06122609404275,236.3176142993321,240.84945678710935,334200.0
2021-03-29,239.72282882684092,240.4851930769898,234.30154034154148,236.1820526123047,386100.0
2021-03-30,236.7624483854617,238.5547506821676,235.60170910868703,237.368408203125,282700.0
2021-03-31,237.47080868970264,237.7012635441394,231.9317658366351,232.00857543945312,803600.0
2021-04-01,232.0853459472596,236.09668705859391,231.72690119448916,235.9771881103516,584000.0
2021-04-05,238.54620331656824,238.54620331656824,233.57897379790276,235.38833618164065,554800.0
2021-04-06,234.23616813606884,236.23329603281115,233.57045883715472,235.4395446777344,421100.0
2021-04-07,236.66859029075027,241.95160224961725,235.7041854878032,241.3883056640625,403200.0
2021-04-08,239.9629510838214,242.1393011622766,239.43380093429772,240.32139587402344,327600.0
2021-04-09,242.13934231043217,242.3100476987628,239.71547686285325,241.8150177001953,245800.0
2021-04-12,242.05388563502848,242.34408987972196,237.48781798750383,242.1477813720703,358200.0
2021-04-13,241.891800739358,244.49488804625489,241.1065925882201,244.4522247314453,377600.0
2021-04-14,244.1876462311384,245.39104874435267,239.8520059966912,240.17633056640625,227300.0
2021-04-15,241.70406906837368,247.0894928677507,241.70406906837368,246.790771484375,539600.0
2021-04-16,248.36114285376945,248.4977019341209,245.0069934642025,247.0723876953125,300800.0
2021-04-19,248.30139428121825,249.21461848354625,246.15919044319213,247.99415588378903,185400.0
2021-04-20,247.8917642735832,252.8333645764968,247.8917642735832,251.6641082763672,293700.0
2021-04-21,251.73241398506968,254.23308901035253,250.23028993488623,253.49057006835935,178400.0
2021-04-22,253.75512487314583,254.96704446082265,251.0495983919525,251.22882080078125,278600.0
2021-04-23,251.63849934342537,255.0182521569706,250.6143452417969,253.77218627929688,175800.0
2021-04-26,255.18895523348496,256.67399299277133,252.1761903489892,253.3795928955078,300100.0
2021-04-27,254.48055910454548,254.8902102852346,251.6470168902036,253.51612854003903,267900.0
2021-04-28,252.62855342298923,252.90167162367212,244.19621781029667,244.9216766357422,576500.0
2021-04-29,246.04825398520495,246.96145221363943,241.601631585536,244.2388916015625,504700.0
2021-04-30,244.1791031569485,248.3696668239672,243.2402758305121,247.95144653320312,674600.0
2021-05-03,248.531830949792,248.531830949792,244.221768297192,244.7850646972656,356500.0
2021-05-04,244.6059132534506,246.10801137664512,240.2873323130405,242.09669494628903,560500.0
2021-05-05,240.85909288778623,241.14075413049204,237.52200361469613,239.7410430908203,408700.0
2021-05-06,240.38972098046696,244.9302132749185,239.8861739620725,243.4878387451172,270000.0
2021-05-07,242.2673284437537,246.7651570161785,242.2673284437537,246.55178833007807,473800.0
2021-05-10,248.30137762421148,250.6228297509875,246.74804748546129,248.6683654785156,345800.0
2021-05-11,247.43082610801736,248.16480176698053,244.61434428111963,247.95997619628903,308400.0
2021-05-12,248.5830064430283,248.5830064430283,238.65709323220676,240.0567779541016,423700.0
2021-05-13,240.0141726708367,247.149209151122,239.7069082138099,245.7153778076172,195300.0
2021-05-14,245.67271860789205,247.5332873619253,244.87045023762397,246.11651611328125,216400.0
2021-05-17,246.9358208716661,247.88319132252792,245.2459576530172,245.9116668701172,310000.0
2021-05-18,246.00552612790491,249.71814608492343,244.6826508315553,248.2331085205078,289100.0
2021-05-19,244.6997594544096,246.2616329678145,241.89184603703768,243.5134429931641,231900.0
2021-05-20,242.6001668650681,246.3725362410196,242.6001668650681,246.2359771728516,242300.0
2021-05-21,246.00555000817656,247.78930908407648,245.4251934376984,245.90313720703125,306300.0
2021-05-24,247.14070515434065,250.7252837022307,246.3298936724455,249.5218811035156,249700.0
2021-05-25,249.5218127085451,250.580138886293,248.28429021000116,249.9400329589844,241400.0
2021-05-26,250.30713583684675,251.73245048375463,248.8306147758932,250.1023101806641,268200.0
2021-05-27,251.3482963863,251.50191557957547,248.7708121971938,248.78787231445312,503000.0
2021-05-28,250.0510431482437,253.26009051644024,249.25729183098255,252.02256774902344,315900.0
2021-06-01,252.45777542957916,258.0139033919806,251.8091524469817,257.7066650390625,288100.0
2021-06-02,258.9869180442219,263.4676603906895,257.83472194593384,263.01531982421875,527700.0
2021-06-03,261.12910679718084,263.894382482208,260.11346984042365,262.7165832519531,446900.0
2021-06-04,264.0565594248081,264.0565594248081,259.4477750423917,260.45489501953125,299900.0
2021-06-07,260.9754484847858,267.0436661170391,260.1731803191042,265.10626220703125,385800.0
2021-06-08,265.1062625101326,267.4789207348038,264.5173629826084,266.34381103515625,330300.0
2021-06-09,267.24004980831853,267.24004980831853,264.4577133694872,264.6113586425781,321800.0
2021-06-10,264.8929136858052,270.2356731426009,264.28695399837903,268.0251770019531,259300.0
2021-06-11,268.63116673998684,268.63116673998684,265.6269451175735,268.0849304199219,291700.0
2021-06-14,267.55577329604534,269.35661844300773,266.91566727600303,269.1859130859375,351100.0
2021-06-15,268.4434330533591,268.7933608537224,264.79910496262426,265.49041748046875,232900.0
2021-06-16,266.130467264783,267.77766706132854,263.52735399723696,263.74072265625,404900.0
2021-06-17,263.92853479177046,264.53452064363614,261.2400944219721,263.42498779296875,284500.0
2021-06-18,262.75921873437403,264.50031419666834,256.61421729341714,257.0409545898437,824900.0
2021-06-21,259.23440696358654,264.18457604060654,258.15904651170194,263.01531982421875,405900.0
2021-06-22,262.87015601896064,263.6041316148673,261.03519098321823,261.1376037597656,348600.0
2021-06-23,260.70240898560235,263.62130430517016,259.8233309703906,262.30694580078125,266400.0
2021-06-24,262.45206593373973,262.97267310301174,259.97696797088287,261.359619140625,287500.0
2021-06-25,261.0864545255185,263.13478864279074,260.54021820305576,262.3154602050781,313800.0
2021-06-28,262.6141712039475,262.964072904616,258.5601664469394,260.8645324707031,254200.0
2021-06-29,260.70983909022647,262.3339983977252,259.523930839349,259.6356506347656,207500.0
2021-06-30,260.03958898697783,261.637969081447,257.60761124069404,257.8138732910156,302900.0
2021-07-01,258.83651434616496,263.92385723910104,257.9599596007014,261.1825256347656,390600.0
2021-07-02,261.8613876203194,264.33632222239805,261.7668453912632,262.8410339355469,287900.0
2021-07-06,262.8410336980492,265.87456732065937,260.5723611317312,265.3761291503906,410700.0
2021-07-07,264.61992074581843,270.30881960242414,263.14183612421294,268.87371826171875,324900.0
2021-07-08,266.8714311955985,270.394775390625,265.53944769244333,270.394775390625,287000.0
2021-07-09,273.2221112111401,275.54236984432947,271.4174685214724,275.1986083984375,324700.0
2021-07-12,274.66570129638075,279.2202763179349,273.9352478638828,278.5413818359375,391500.0
2021-07-13,278.335186682492,278.335186682492,273.88372891184014,275.44775390625,330100.0
2021-07-14,275.9117711664002,280.12258489500334,275.01803897992465,279.7186889648437,266800.0
2021-07-15,278.49837095461515,281.77252133868586,277.95700202802203,280.9905090332031,211200.0
2021-07-16,282.0389716971146,283.2076763156747,281.4631950634981,282.1506652832031,227900.0
2021-07-19,280.1483467729772,280.1483467729772,274.5797444266871,277.3210754394531,383200.0
2021-07-20,278.5929724936773,285.7771334843184,278.5929724936773,284.213134765625,312700.0
2021-07-21,284.7888602753012,287.3669127694505,283.98106839577656,284.0412292480469,304300.0
2021-07-22,283.07874513257343,284.531050056728,280.7327080492534,281.44598388671875,237500.0
2021-07-23,282.2366221475433,285.47639196655814,281.3257122516938,285.2271728515625,133900.0
2021-07-26,284.50526072581295,286.6794170867513,282.11626667614433,284.5482177734375,281200.0
2021-07-27,283.6631466405631,288.191916621369,282.8553546646252,285.13262939453125,237300.0
2021-07-28,286.0865324873732,286.3185478064727,283.5256571743016,284.56549072265625,302100.0
2021-07-29,285.020952276235,286.79121320446643,282.5374153454253,284.1014404296875,308800.0
2021-07-30,285.716963632468,289.3863821100212,279.6757285530958,281.9530029296875,690700.0
2021-08-02,282.7264034414682,286.92003939677033,280.5780265156212,282.1248474121094,366600.0
2021-08-03,281.8671006381609,282.6748925977705,277.4930076198069,281.59210205078125,354400.0
2021-08-04,281.8585159366251,281.8585159366251,277.02036578499536,278.4211120605469,351900.0
2021-08-05,279.9507622447301,280.3890396412185,276.12666607887604,279.8132629394531,296200.0
2021-08-06,280.3202721424682,282.78660501245884,279.9765108045856,280.8874206542969,274900.0
2021-08-09,279.8733875902789,279.8733875902789,275.4047787608644,276.2641296386719,219600.0
2021-08-10,276.0750735005845,276.0750735005845,272.9985826484146,273.1446838378906,201300.0
2021-08-11,274.5196611095627,275.4821299411977,270.2572616761668,270.8330383300781,236700.0
2021-08-12,271.65796735279696,271.9501434741604,269.1228982592152,270.6009826660156,239200.0
2021-08-13,271.17679690615563,272.8439399284678,270.0338716260646,272.3713073730469,150900.0
2021-08-16,272.4142007529284,274.62273857991966,270.6439402214543,271.786865234375,269400.0
2021-08-17,270.6439922374976,274.5282491183217,269.9221405813432,273.9095153808594,354200.0
2021-08-18,273.376710163404,273.85794458003187,270.88459774330033,271.61505126953125,225900.0
2021-08-19,269.87052826613456,273.88368175188674,269.3978695984983,273.8321228027344,207000.0
2021-08-20,273.6774267786487,276.37577442133244,270.81580039998846,274.553955078125,203000.0
2021-08-23,274.94075124515933,276.2727347575921,271.0564943046212,272.45721435546875,136900.0
2021-08-24,272.76650746954425,272.77510936859795,269.7845595064491,270.7040710449219,229700.0
2021-08-25,270.99627354864833,276.1953352742764,270.4548783615381,273.2305908203125,325700.0
2021-08-26,271.3485668031475,275.5679815976318,271.3485668031475,273.780517578125,163800.0
2021-08-27,275.04382965989294,277.05470749240226,274.36493514849883,275.6453857421875,159800.0
2021-08-30,275.8602534086661,281.3085352166305,275.8602534086661,280.8358764648437,432900.0
2021-08-31,280.9132301978449,285.0123245775857,280.4061900851285,284.2217102050781,471300.0
2021-09-01,284.82329214896737,289.2059874111059,284.25611735266136,288.9997253417969,431000.0
2021-09-02,288.7075858795103,289.97083303531303,284.7803713154899,289.601318359375,374600.0
2021-09-03,288.3637733515932,288.5270521135092,284.67715080801,288.3809509277344,294100.0
2021-09-07,287.4700771536372,287.4700771536372,278.94533021413866,281.4546203613281,328900.0
2021-09-08,280.9991906139672,286.49905829790504,279.4609711212547,285.0467529296875,155200.0
2021-09-09,283.6287112602023,285.038059111704,281.1881582194766,282.1248474121094,303800.0
2021-09-10,283.5428327546649,284.8146552702151,276.332866298357,276.659423828125,232300.0
2021-09-13,279.10859005175405,283.26784531879986,278.06018089010104,278.85076904296875,236500.0
2021-09-14,280.174138212014,280.2858580112402,276.9343951609786,278.824951171875,201700.0
2021-09-15,278.75623196227986,283.4482802440896,278.23201430841965,281.2225646972656,320400.0
2021-09-16,281.2225953147028,283.0959740711589,279.20311535920683,281.6178894042969,213800.0
2021-09-17,280.64680350265354,282.1678713696604,276.45319316800783,277.1664428710937,521100.0
2021-09-20,275.08675843916,278.9194817004416,273.22198198125704,276.24688720703125,363900.0
2021-09-21,279.08274218850846,283.61151094393585,278.128849272764,278.137451171875,325400.0
2021-09-22,277.5101053148643,285.09818641018325,276.28984205075056,283.2763671875,321300.0
2021-09-23,283.2849729264317,286.7739349157008,283.2849729264317,284.3591613769531,218600.0
2021-09-24,283.2248812621828,286.2498134619426,281.36870624454343,281.4546203613281,193500.0
2021-09-27,281.4546124465096,284.96935466928306,275.27587704556595,275.4649353027344,257500.0
2021-09-28,274.56257802545446,276.6679979558342,272.62043684356803,274.70867919921875,304700.0
2021-09-29,279.18080638554403,282.28617609130225,277.5459316725115,280.2015075683594,262300.0
2021-09-30,282.3034245013952,282.95217918297163,276.3867849731655,276.5770874023437,242200.0
2021-10-01,278.83473945859186,282.8570128014188,274.8816549931205,282.1044616699219,264000.0
2021-10-04,280.93681726156126,284.99369996305114,280.2015564380127,283.3934326171875,252400.0
2021-10-05,284.9330503711938,284.9330503711938,279.89870771545753,281.5508728027344,212600.0
2021-10-06,279.82090141116686,284.8206371600427,275.59103400045655,284.4746398925781,213100.0
2021-10-07,289.275390287654,289.64733662493364,283.1078917456621,284.8205871582031,205000.0
2021-10-08,284.37080991792834,285.50396601443884,282.3380399134605,282.5196838378906,103600.0
2021-10-11,285.21856604742106,285.35697023736014,279.6911625526723,282.2342834472656,125200.0
2021-10-12,285.7115012231094,288.0989264809675,282.86565019094826,285.8758544921875,237200.0
2021-10-13,284.7427514565588,288.29794087617177,282.80514590104747,288.1854858398437,163300.0
2021-10-14,289.77712790097894,291.4984820940183,288.6180225571229,289.6646728515625,273800.0
2021-10-15,291.2130177234479,291.2130177234479,285.6683242945999,288.1249389648437,300100.0
2021-10-18,285.95374428589724,289.621388605333,285.36554639242274,288.0643615722656,221800.0
2021-10-19,288.9380253475965,288.9380253475965,285.18390153695503,285.521240234375,175300.0
2021-10-20,286.5506149874785,288.30657664390054,285.8759111588507,288.2287292480469,325700.0
2021-10-21,287.8654318600407,288.9380311423368,286.2305574076101,288.02978515625,169900.0
2021-10-22,288.8947840611758,291.07459021122435,288.7909611415496,290.0884704589844,124900.0
2021-10-25,290.8497273300609,291.247649258442,288.6872114502028,289.6646728515625,232900.0
2021-10-26,289.6040468473278,293.8858378251291,288.4449417805328,292.7094421386719,259100.0
2021-10-27,293.7906960060546,298.4876729779136,289.353210315224,295.7629089355469,430800.0
2021-10-28,296.8355518402069,300.34747514978267,294.5865302809086,299.0586242675781,416000.0
2021-10-29,298.36662710953715,299.30084872887954,291.9828761696575,294.0415954589844,475100.0
2021-11-01,295.29584667477866,295.29584667477866,285.87591565973577,291.0313720703125,248700.0
2021-11-02,292.3288733150406,292.67487053613416,288.7390762522442,290.7632141113281,207800.0
2021-11-03,290.8496419028594,292.0520130498963,289.0504408343472,290.2614440917969,302200.0
2021-11-04,291.57633682693097,291.7580071718927,284.6217045889849,287.1648254394531,219200.0
2021-11-05,289.9414155199202,292.82187440411326,289.4137480378951,291.5762634277344,175400.0
2021-11-08,292.3288538053242,292.99489907142555,287.86541867678324,292.7699890136719,180600.0
2021-11-09,293.0641268803102,294.9065945418312,291.5676828606486,294.65576171875,169200.0
2021-11-10,294.79418320444216,297.89092103208424,294.79418320444216,296.5155639648437,165100.0
2021-11-11,297.3459142562226,297.787075914519,294.1972786677261,297.709228515625,142600.0
2021-11-12,297.5708533948068,300.3215673492239,296.11762261320365,299.6641540527344,204300.0
2021-11-15,300.0620257318915,304.0669824284022,298.496340159425,304.02374267578125,179900.0
2021-11-16,304.70714664362004,305.89220112468826,298.88564437917427,298.98944091796875,238500.0
2021-11-17,297.38916997903425,301.00491655292547,290.1317804926913,300.60699462890625,193200.0
2021-11-18,300.57234656381246,303.980472907308,300.1917417459069,303.2884521484375,233000.0
2021-11-19,303.5479991125474,303.9805022293511,299.02400700753896,300.5204772949219,203400.0
2021-11-22,300.3301810925815,302.12938248070293,298.30604323383807,298.53961181640625,201500.0
2021-11-23,299.39587360701915,305.3211700085781,298.97202911277105,303.9631042480469,272300.0
2021-11-24,304.8022334960122,309.58571677358054,304.61193107420735,309.0234680175781,246000.0
2021-11-26,304.81962119072546,305.9787266112359,294.2924815763156,294.69903564453125,257100.0
2021-11-29,297.2507954323382,303.18472633526954,295.50346570687765,299.7247009277344,302900.0
2021-11-30,297.50160660624493,299.8803739007229,293.3668776012138,293.61773681640625,742400.0
2021-12-01,297.3112792198485,298.11575506342587,283.7047483317916,283.8604431152344,414000.0
2021-12-02,285.3741573305593,296.13483501386577,285.3741573305593,294.9670715332031,352200.0
2021-12-03,295.373710091444,295.373710091444,287.7443479891363,291.12652587890625,539300.0
2021-12-06,294.43955633171174,299.8890863732224,292.28567233420654,296.1522521972656,279900.0
2021-12-07,299.0672776390108,300.53779894713387,296.3598036246077,298.3839416503906,318100.0
2021-12-08,297.1642690039141,303.12414863006734,296.95664954322297,301.54119873046875,335300.0
2021-12-09,301.5065325835813,301.5065325835813,297.3285646181545,298.08111572265625,222000.0
2021-12-10,300.19177255366293,300.19177255366293,296.63658318470783,299.0153503417969,250300.0
2021-12-13,299.1970936374253,307.0772897252985,297.4930298751463,304.8888244628906,329600.0
2021-12-14,305.5028340590387,305.7709838259161,297.20742910802574,299.0498962402344,257500.0
2021-12-15,300.68483152457424,305.58942893001444,300.68483152457424,304.6811828613281,318600.0
2021-12-16,302.5099958712456,303.3144453723575,293.565834145963,295.9705505371094,648700.0
2021-12-17,297.397763775775,300.10523726219407,294.56054464579927,295.62451171875,712900.0
2021-12-20,292.22501367123044,293.91178620921795,288.5401054526601,291.567626953125,287900.0
2021-12-21,293.6090576079336,297.3026510958117,291.844463909458,294.73358154296875,331400.0
2021-12-22,295.1487396452301,299.0931655586238,295.1487396452301,297.2074584960937,284000.0
2021-12-23,298.49626234793305,298.69522323349435,294.21449843670416,296.41162109375,296600.0
2021-12-27,297.5449028436464,299.9323024918289,295.7283841737099,299.7333679199219,222300.0
2021-12-28,299.41331767534393,303.00308883237363,299.41331767534393,302.42352294921875,199400.0
2021-12-29,303.03763287683665,305.9267770289817,299.4478621605222,304.6638488769531,180900.0
2021-12-30,304.5081941852835,306.48040767116777,303.6691369427245,305.0791015625,179800.0
2021-12-31,305.84478400508016,308.9686647955126,305.84478400508016,306.4974060058594,204500.0
2022-01-03,307.0717999955499,308.42925200161835,300.3541413132241,307.91583251953125,317000.0
2022-01-04,309.26460258170545,312.8148555650459,307.9245442667727,310.3262023925781,387700.0
2022-01-05,309.39503035134027,310.1694878579699,303.83470481504025,303.9739074707031,333400.0
2022-01-06,306.1058902775492,307.2284078040692,302.88627706872177,303.6433410644531,184700.0
2022-01-07,302.08571263191527,303.5562898484048,299.4926179984331,299.6057434082031,264600.0
2022-01-10,298.4658220715989,302.09441240908683,297.3868287635421,300.2235412597656,285000.0
2022-01-11,300.08425537922665,301.8854982978113,296.2120478212248,301.1197509765625,264200.0
2022-01-12,299.5361594496286,305.1747975723084,299.5361594496286,303.78253173828125,273000.0
2022-01-13,305.42710806502777,306.9586029165408,302.22491569846267,302.62518310546875,186100.0
2022-01-14,300.9110150906485,302.2597568952613,296.0033103918435,299.3012084960937,220700.0
2022-01-18,299.79716036493164,299.79716036493164,292.9750878380144,298.22216796875,353600.0
2022-01-19,299.56232695445595,303.80001657328427,295.2811132518749,295.3855285644531,263600.0
2022-01-20,295.01999722538085,299.3186034955136,292.1832580566406,292.1832580566406,314600.0
2022-01-21,294.3673215447885,295.68995917353976,288.3457845016522,288.9635925292969,305900.0
2022-01-24,286.2748453915019,290.8954076433587,279.9487715209742,289.6771850585937,473800.0
2022-01-25,286.3270660462222,290.4690495779168,281.32362981816306,287.6236267089844,374300.0
2022-01-26,288.53717170494286,293.7581465514383,283.39450829451465,285.361083984375,281500.0
2022-01-27,287.1449698341237,290.13833153144463,277.9995782663545,279.10467529296875,284300.0
2022-01-28,279.10470265071257,289.19859588303734,276.285383832454,289.015869140625,341700.0
2022-01-31,286.7186134281015,289.5379321155692,284.94347406123813,289.3291015625,388100.0
2022-02-01,288.6765071719855,290.3820188143032,286.3792646472114,288.45025634765625,303600.0
2022-02-02,289.3290685541054,295.3592890833402,289.1637355333683,294.4195251464844,493500.0
2022-02-03,288.0238799263129,291.93961243286395,282.2373027554617,286.9622802734375,696200.0
2022-02-04,285.5264078207909,287.1187934135864,280.4446623198271,284.5257263183594,322000.0
2022-02-07,284.15165749584645,286.41408613290304,280.0793018823017,281.23663330078125,380900.0
2022-02-08,282.0545453791568,282.6984572681842,273.8227872617013,274.8930969238281,316100.0
2022-02-09,277.7560031761841,286.5533371863046,277.58195997729035,285.92681884765625,365500.0
2022-02-10,280.218482853312,286.0920808610435,276.46808387946254,278.1474914550781,339400.0
2022-02-11,280.33166091096183,282.06327644752,274.9105369122092,277.31219482421875,326900.0
2022-02-14,277.99093542197375,280.01840324139283,273.657514733924,275.2760314941406,256100.0
2022-02-15,278.1475359757711,279.37446872040164,275.4500259627349,276.8771057128906,273300.0
2022-02-16,278.06051189510333,278.9045708726375,275.3195043883518,277.7385559082031,269600.0
2022-02-17,277.1033362183679,279.17430124094693,272.7699161969596,273.7532043457031,186400.0
2022-02-18,273.9968849174947,276.9554333230116,273.88375949713674,274.4754638671875,270800.0
2022-02-22,274.2665514165077,276.61600105345354,271.9432055952943,275.3890686035156,252600.0
2022-02-23,277.5906518973764,279.5659119544762,272.79604622364064,273.04840087890625,351100.0
2022-02-24,269.6895662504907,276.1896838148128,267.1226017711679,275.4152526855469,278200.0
2022-02-25,277.3295339782604,282.52440612151605,274.85827521008906,282.4721984863281,280600.0
2022-02-28,278.13883553607394,280.19240688973485,272.68289807114667,275.9895324707031,305500.0
2022-03-01,276.52033097274244,278.7044480782922,273.0744937519804,274.8148193359375,349600.0
2022-03-02,277.87778852653685,286.11823139849145,277.87778852653685,284.4127197265625,535000.0
2022-03-03,286.4924264148164,288.18925470208853,283.60350575150846,287.319091796875,365400.0
2022-03-04,284.543205543496,297.1257508669195,284.412686448335,295.98583984375,478100.0
2022-03-07,295.82923280718,303.06028317504,295.82923280718,298.5963439941406,510000.0
2022-03-08,298.3962257976888,301.0153976516985,292.40950175093514,293.1056213378906,465300.0
2022-03-09,297.8219889108853,300.8153516752336,296.229575792533,297.9176940917969,375400.0
2022-03-10,295.01128312203053,300.4846143858339,293.62772750309017,298.2308959960937,414500.0
2022-03-11,299.1010640447892,301.2416570632563,291.72207405830494,292.39208984375,210800.0
2022-03-14,294.0715533825318,297.5869922676308,289.64240099288924,290.6343994140625,371100.0
2022-03-15,294.8633218462765,295.4811564874014,289.2159743812983,291.73944091796875,258100.0
2022-03-16,293.0707963793725,298.40489815469573,291.42620263100275,297.9524230957031,468900.0
2022-03-17,295.0895479866692,300.127797069474,295.0895479866692,298.2395324707031,385100.0
2022-03-18,297.8305832601321,299.76234555195776,294.0366865647089,297.2475891113281,626900.0
2022-03-21,297.6130460294013,299.2837701478754,292.18323911606376,294.28033447265625,324400.0
2022-03-22,296.7254745363015,297.70876261571755,290.7648548540662,292.0700988769531,357600.0
2022-03-23,291.8178413114869,293.6016913358292,289.0681496907866,291.7047424316406,228700.0
2022-03-24,291.3740221592841,293.00993249047525,290.5473568679072,292.4443054199219,313400.0
2022-03-25,293.8626893685004,298.3266290489388,293.8626893685004,297.1606140136719,309800.0
2022-03-28,298.64854951556924,300.1104431152344,296.1511866758951,300.1104431152344,274700.0
2022-03-29,304.1740824405998,311.50954789730423,303.3648374731896,310.4218444824219,369000.0
2022-03-30,308.5656406152157,308.5656406152157,302.67309742180936,305.3260498046875,306800.0
2022-03-31,306.91966261921067,309.19613028808345,302.16533830274176,302.48931884765625,390900.0
2022-04-01,303.5049521133452,309.5025329589844,303.27729734721834,309.5025329589844,289600.0
2022-04-04,309.95780664911075,312.1204465171095,303.5224186435242,306.3504943847656,217700.0
2022-04-05,305.9915338794048,311.2536453332275,303.9689870269628,305.5362243652344,208500.0
2022-04-06,305.53624283897227,311.29745830400043,302.2704122389296,311.0960693359375,203600.0
2022-04-07,308.39931916792773,309.7038984471361,305.51871171352786,307.9352722167969,209900.0
2022-04-08,309.0909877352456,309.0909877352456,306.1491112879881,307.7076110839844,206700.0
2022-04-11,307.812625952529,308.23290540187986,300.9482219333484,301.6749267578125,164800.0
2022-04-12,302.357920775215,305.16849502892813,300.0289485440993,303.6362609863281,189200.0
2022-04-13,303.7325384887104,305.95647408025246,302.55052410989657,304.0915222167969,117700.0
2022-04-14,305.26478512598607,306.67445429835544,302.17405133071463,302.5155334472656,178300.0
2022-04-18,302.36670217633014,304.292950056222,298.75062535455845,300.7644348144531,194600.0
2022-04-19,303.0934159107479,305.877697637319,301.9464047048544,304.4154968261719,203500.0
2022-04-20,305.03716354968554,312.6020079527353,305.03716354968554,311.68267822265625,237700.0
2022-04-21,313.5651399875935,318.14431385031577,312.25179649900394,314.5982971191406,293000.0
2022-04-22,314.8259669048176,314.8259669048176,307.5325174200861,307.78643798828125,198200.0
2022-04-25,307.1472106728344,307.1472106728344,300.1252114114494,304.7744445800781,208600.0
2022-04-26,304.4767901878822,306.5168385924956,300.6243214072989,301.8413391113281,272200.0
2022-04-27,298.2865688813911,310.9909868703358,298.22527310533513,299.40728759765625,415600.0
2022-04-28,300.7819065686314,303.2509985912497,296.185204635477,302.165283203125,299600.0
2022-04-29,301.3948178659956,301.6749774926431,287.4646185720728,288.29638671875,745200.0
2022-05-02,290.6166551212131,291.8949686184881,272.6676276779434,279.6195678710937,465600.0
2022-05-03,280.5038530054249,283.9273043560603,278.83152602524007,282.0185852050781,321100.0
2022-05-04,281.7034138520582,283.48956847639704,275.3468495431574,283.1305847167969,279200.0
2022-05-05,282.16745824405325,284.9167367446992,275.1629597089549,277.15924072265625,359700.0
2022-05-06,275.7758330148247,276.073520962694,269.9708512312776,274.4274597167969,388200.0
2022-05-09,271.5818676822043,271.5818676822043,257.6691986848517,259.14013671875,583400.0
2022-05-10,258.3959292171846,261.44289549319444,249.47394767361956,250.83108520507807,842600.0
2022-05-11,251.63660410066015,257.0475727969945,250.99746071124792,252.80111694335935,592200.0
2022-05-12,252.96743650329083,256.94246955736367,251.96928279365324,255.85678100585935,440800.0
2022-05-13,258.1419842172283,259.8581053181151,253.6503727057224,259.4115600585937,299600.0
2022-05-16,260.024495144668,260.68116685368574,255.2614342109894,255.56788635253903,340900.0
2022-05-17,260.2083335137561,260.2083335137561,255.086289276951,259.1664123535156,448100.0
2022-05-18,259.5867138426088,259.5867138426088,251.29513799980705,252.18820190429688,295300.0
2022-05-19,249.6315242220816,252.82734760514091,246.444491731409,246.55831909179688,609400.0
2022-05-20,249.88544371023647,249.88544371023647,244.1505220531033,246.96983337402344,1091200.0
2022-05-23,249.23758168727315,252.214488332427,244.38695878802616,251.47901916503903,439600.0
2022-05-24,251.47900041956257,251.47900041956257,243.22245448964657,247.63526916503903,669300.0
2022-05-25,241.06855499109648,247.7228337789144,241.06855499109648,247.3988800048828,790200.0
2022-05-26,250.26199752327025,250.9712276737655,246.75101034981864,247.8979949951172,461400.0
2022-05-27,248.04678913658867,253.14256814021812,248.04678913658867,252.76608276367188,389500.0
2022-05-31,248.44083502101927,250.83986748543364,245.62152297858697,248.5283966064453,845600.0
2022-06-01,249.517756757868,249.517756757868,242.75841465492215,247.4339141845703,502700.0
2022-06-02,246.59341569743148,252.1006841456335,242.65338476104765,252.01312255859372,417700.0
2022-06-03,250.80481701306692,252.27575517915812,247.51269440511487,248.60714721679688,366700.0
2022-06-06,251.28637037780885,252.00433784884072,241.62891965125425,242.13673400878903,448200.0
2022-06-07,240.8322105188961,248.37955472438028,240.34189767399545,247.86297607421875,544100.0
2022-06-08,246.9611162905432,246.9611162905432,242.3206464862211,242.8459625244141,258500.0
2022-06-09,241.926583410583,243.4062856298929,237.16352302180516,237.18978881835935,316100.0
2022-06-10,234.5368610972278,239.2211245878835,232.34795542122416,237.19857788085935,443800.0
2022-06-13,231.7788435743577,232.85579477819667,224.9669702298425,225.95635986328125,373500.0
2022-06-14,226.36786424611847,228.3816466677123,223.8199749749474,224.32778930664065,440900.0
2022-06-15,226.27156022395576,229.3097624931969,222.30526404837963,225.2209014892578,615300.0
2022-06-16,219.43339802972787,223.2858797914169,219.43339802972787,222.34027099609372,506600.0
2022-06-17,223.7674858684421,226.2365782149101,221.74492553015529,224.2140045166016,951000.0
2022-06-21,224.9932292203982,227.970135483642,223.3559321116161,223.6798858642578,727500.0
2022-06-22,221.17578186097649,226.6217667980996,220.92187468533064,224.0826416015625,627300.0
2022-06-23,225.05452450894663,228.2940887484808,224.88816554658783,227.15586853027344,501800.0
2022-06-24,227.68995031289472,229.94015168733583,227.383524904268,229.1433868408203,641700.0
2022-06-27,229.13465634598072,235.99029715126423,227.98767191189137,233.1184539794922,534300.0
2022-06-28,233.65256380035456,236.8833911187639,231.07843498670525,231.1659698486328,413400.0
2022-06-29,230.82164383571737,232.137212243898,229.3295076901316,231.63394165039065,309900.0
2022-06-30,229.7003111281702,234.76825979110532,227.57247217055112,230.8922576904297,892800.0
2022-07-01,231.25422855454255,236.4457712624003,231.06879610655773,235.5010681152344,515100.0
2022-07-05,233.92068276101537,234.91838605713892,227.6784357421931,233.53219604492188,407900.0
2022-07-06,234.60934150366344,236.4899641164157,232.1636644922059,234.87420654296875,498800.0
2022-07-07,236.7901656299695,237.8408419140797,233.58516376705865,234.9183807373047,459200.0
2022-07-08,234.90951392982828,235.20970326758928,231.02467428087004,232.1371612548828,286200.0
2022-07-11,231.27190819172628,232.2696114179545,229.6738262443461,231.8634490966797,312700.0
2022-07-12,230.2124354338549,234.936060427356,230.2124354338549,233.15257263183597,300500.0
2022-07-13,230.918742705996,232.86998699568173,227.60779502359296,231.02468872070312,300500.0
2022-07-14,227.35172919316815,231.1217850607182,227.35172919316815,230.6891632080078,450100.0
2022-07-15,234.7417521826361,235.59818498945504,231.13061544509705,234.37094116210935,341200.0
2022-07-18,234.8565714432486,235.9248964230053,230.8216231288255,231.83697509765625,313500.0
2022-07-19,233.93833936869504,236.01320554884416,231.54563510710915,235.37750244140625,515100.0
2022-07-20,234.99783010240245,239.12988641654317,234.61818122812303,236.7725067138672,362400.0
2022-07-21,236.33106059533287,238.2028455147038,234.62700558215016,238.0438995361328,328100.0
2022-07-22,239.37714154575235,241.8228459178328,237.39941039699173,241.752197265625,530000.0
2022-07-25,241.01938590250725,243.31495515250467,240.5955748229588,241.752197265625,415600.0
2022-07-26,241.98172339572704,243.49150800635124,240.89572284727865,241.64620971679688,372000.0
2022-07-27,240.6573353024725,248.42701485650747,240.6573353024725,244.83352661132807,545100.0
2022-07-28,246.02551012833328,252.2412708730317,244.8688877537438,251.45545959472656,402900.0
2022-07-29,251.95870515892636,253.8393277942361,249.786730976886,252.9828948974609,976600.0
2022-08-01,251.2611826105597,252.16177761302188,246.828937070528,247.1203155517578,298200.0
2022-08-02,246.9172097643976,248.82431864784493,243.53561382364668,244.453857421875,538500.0
2022-08-03,245.33683587267748,248.67427048746623,242.3525636671315,243.21783447265625,325700.0
2022-08-04,245.3014537005233,245.63696734077956,241.56672236028584,245.4956970214844,471600.0
2022-08-05,244.1007296191353,246.32567682553568,242.8028370125946,246.11378479003903,235800.0
2022-08-08,248.64773965156124,250.40474051188767,247.66771211978917,247.95022583007807,295200.0
2022-08-09,248.14443673288432,252.7886004659992,248.14443673288432,252.63851928710935,359600.0
2022-08-10,256.0466564703865,257.47698175747,252.89462737059,257.1061706542969,399700.0
2022-08-11,258.45705223659627,260.8232701882994,257.10618638894965,258.4747009277344,392400.0
2022-08-12,260.4612654878273,262.64207783935547,259.31348085841927,262.3418884277344,232400.0
2022-08-15,262.3330150374611,263.9664213613322,260.46123016907103,262.2182312011719,248300.0
2022-08-16,260.7084180499202,265.1671498777415,259.8696339106384,263.5249328613281,244300.0
2022-08-17,261.5118985646287,264.16949457400915,260.88503333672867,262.69500732421875,243200.0
2022-08-18,263.00404347360256,263.18061119243134,257.6712025850223,258.9514465332031,365900.0
2022-08-19,257.9361037160531,258.1126714411358,255.0136155174201,256.05548095703125,490900.0
2022-08-22,253.25660499386703,254.2366595681835,246.9084121635228,251.1376037597656,335500.0
2022-08-23,250.22818693907743,250.74026832841352,244.15369723965708,245.17788696289065,327200.0
2022-08-24,245.8047374660844,247.8089816009792,244.53333146816612,247.46463012695312,396100.0
2022-08-25,247.473453611703,250.3429412841797,246.590534327864,250.3429412841797,318100.0
2022-08-26,250.41360714455627,250.925715508472,242.6086025319541,242.62625122070312,384000.0
2022-08-29,241.1782879651353,241.8846127700649,238.6884485692276,238.7502593994141,276200.0
2022-08-30,238.77674704484735,239.5625313732371,234.6446903327163,235.1479339599609,336200.0
2022-08-31,237.0992114232249,237.832022756785,233.5057225710877,234.02664184570312,408200.0
2022-09-01,232.8523647751392,236.7990159389403,230.6803634485192,236.62242126464844,356500.0
2022-09-02,237.83201118791615,239.16522819790927,234.547549711216,234.83892822265625,276700.0
2022-09-06,235.8631220940827,238.86504292792333,235.46579755148088,238.1940155029297,226200.0
2022-09-07,238.78560103940455,242.3084413916071,238.20287090802503,242.2731170654297,222500.0
2022-09-08,241.06349533284344,243.73874017720937,239.3594672682691,243.0500640869141,175900.0
2022-09-09,243.14716296337295,247.6765164135114,241.46959471010783,245.6811370849609,257500.0
2022-09-12,246.27273484996928,247.1821408763209,244.86005823133308,245.78713989257807,289400.0
2022-09-13,241.69035054888036,242.45848612406184,235.7218336626017,236.7283477783203,465900.0
2022-09-14,235.6423948050796,235.81896253573063,231.1395000327293,233.61166381835935,444500.0
2022-09-15,232.7993904194329,234.35331037707135,230.1859293667169,230.3801727294922,367800.0
2022-09-16,230.55679069474505,230.7245475679333,226.40705795466585,230.49497985839844,705800.0
2022-09-19,227.22812968344036,228.22583294218077,223.32564092422,227.3694000244141,538900.0
2022-09-20,226.0185559140956,226.0185559140956,219.59972771029365,221.7010803222656,583700.0
2022-09-21,223.88187234364827,224.35864287825584,218.6196669418273,218.6373291015625,353600.0
2022-09-22,217.71907527504868,220.2618872673664,215.7501689330337,219.0169677734375,330000.0
2022-09-23,217.1363527350877,222.86650425781863,215.99739268326152,219.03463745117188,391700.0
2022-09-26,218.19586170495904,218.19586170495904,210.03768211970177,212.76589965820312,395700.0
2022-09-27,213.87843465248795,215.8914901299795,210.34675648534025,210.44387817382807,351400.0
2022-09-28,212.6599771013411,217.39242584406333,210.2849216494504,216.0503845214844,746200.0
2022-09-29,214.09031971758512,215.35543772893365,210.26822529682195,212.6291961669922,494500.0
2022-09-30,214.87435110152876,217.5115081676764,212.5133935751076,215.8098297119141,770500.0
2022-10-03,219.1419051420517,221.12867389338845,215.83655109346125,219.88137817382807,422300.0
2022-10-04,221.0663236689854,222.4383490086902,216.16621180724724,218.74099731445312,715900.0
2022-10-05,216.1929606063777,216.1929606063777,208.9764260558913,210.5711975097656,453400.0
2022-10-06,210.25933469038185,211.39081881488005,203.7020938782915,203.74664306640625,506700.0
2022-10-07,202.08953894191035,203.3368347968596,196.22722123463817,197.08251953125,537400.0
2022-10-10,197.78631755755745,199.14943838829925,195.2560814424748,197.2873992919922,689600.0
2022-10-11,197.90217254709208,203.20320030931137,196.4232263266529,202.10736083984372,555100.0
2022-10-12,201.80441936392435,201.87569534933596,198.7307155635108,199.5860137939453,551100.0
2022-10-13,195.87083740997147,205.49286422051532,194.9620855998187,204.20101928710935,550300.0
2022-10-14,207.2034577760589,207.39944973777065,197.72395587764456,198.3386993408203,505800.0
2022-10-17,202.5438977630893,206.9539958187004,200.53040210147512,206.04525756835935,321700.0
2022-10-18,208.72692788882011,211.42644274286155,205.94723265562973,207.83599853515625,318100.0
2022-10-19,205.2701325362676,206.6956250433336,201.68860606278375,202.34788513183597,274700.0
2022-10-20,203.0517242820531,205.84924207446196,201.0471331175865,201.99151611328125,498800.0
2022-10-21,202.65972712604295,205.5997970886552,199.4791024006658,202.9359130859375,515300.0
2022-10-24,205.3503113185786,205.6710464292069,201.22530406692889,202.8111572265625,376300.0
2022-10-25,203.72883311600404,210.8028150343964,203.72883311600404,210.66026306152344,380700.0
2022-10-26,209.61790032151447,211.7828661649862,202.7577456073577,203.3635711669922,721600.0
2022-10-27,200.00475637141835,203.9693896900889,195.630289525709,197.4032440185547,1174400.0
2022-10-28,196.10246863637184,198.3208877121684,194.5611645976637,198.00015258789065,958400.0
2022-10-31,197.0023024265244,199.83546495672869,196.00446585966185,198.00015258789065,1070600.0
2022-11-01,199.95127827515705,199.95127827515705,196.76176299336265,197.24285888671875,563900.0
2022-11-02,195.79066191334465,200.4502329837079,192.6100506693171,192.7258758544922,467900.0
2022-11-03,189.7858064501916,192.78823452370992,187.6832122802767,190.65000915527344,792800.0
2022-11-04,191.41619393782875,194.03551504900173,185.9458877681336,190.8727264404297,559200.0
2022-11-07,190.8727298458936,192.0309272527649,185.87461509851,186.63189697265625,711000.0
2022-11-08,186.8368281624246,187.914845225668,184.10166811984703,185.26878356933597,686100.0
2022-11-09,185.40241105577948,186.453701208117,183.37999753882923,184.7252960205078,657800.0
2022-11-10,191.5498056068231,195.1491541119934,190.43614394631837,194.7215118408203,1296700.0
2022-11-11,193.9285911171133,195.14915998350935,188.5028346065682,191.8170928955078,852900.0
2022-11-14,190.4718101187999,191.69239276714,187.34465249580816,187.5139312744141,869900.0
2022-11-15,190.66780177471244,190.89945212621083,186.0616982685484,189.0373992919922,944500.0
2022-11-16,187.87030378690943,190.81037392579728,185.8300811649254,187.11302185058597,588300.0
2022-11-17,184.28876005902285,185.85679097903727,183.31763663782493,184.88568115234372,541400.0
2022-11-18,188.03065337115828,188.51174926757807,185.2598623818509,188.51174926757807,934200.0
2022-11-21,187.9772117595905,190.9261860986412,187.1130090953696,190.23126220703125,503100.0
2022-11-22,190.24906459085116,190.8103544822587,188.7523096731033,190.42726135253903,301300.0
2022-11-23,189.51850390837643,190.5163404906254,186.9971720636902,188.75230407714844,284000.0
2022-11-25,189.8749014031777,190.4094645711418,188.71670386343237,189.4205322265625,132900.0
2022-11-28,189.13540909031065,190.2668933110228,186.917003435294,187.5050201416016,582700.0
2022-11-29,186.46261505702165,191.10436338468372,186.46261505702165,191.095458984375,503100.0
2022-11-30,189.7412424742864,196.43211762353064,187.62974406786464,196.3430328369141,793600.0
2022-12-01,199.57707269647955,199.57707269647955,193.6523981379553,195.9242706298828,492400.0
2022-12-02,194.61461476854137,195.71045409287103,193.59003783101883,193.97314453125,374200.0
2022-12-05,191.9329014561282,193.34057144661423,190.67670141681407,190.9974365234375,408900.0
2022-12-06,192.25365836583265,192.6100382994433,187.7722843587756,188.0573883056641,519900.0
2022-12-07,187.602994898006,191.11324502674657,187.5406233197593,189.6788482666016,531600.0
2022-12-08,190.5163486361425,193.72370006550696,190.1421599018007,190.56089782714844,294000.0
2022-12-09,190.1688593976646,192.93074570949395,190.1688593976646,191.3627014160156,309400.0
2022-12-12,191.54093759125243,194.97100800045624,189.3759718428489,194.7660980224609,524400.0
2022-12-13,199.50580600051725,200.68183928662617,195.5055418557298,198.8643493652344,877700.0
2022-12-14,198.59709691368803,202.13408809498355,195.879759236124,196.8419647216797,720900.0
2022-12-15,195.2026452097742,196.61030175797376,193.3940595390639,194.45425415039065,573400.0
2022-12-16,190.0085247627669,191.24691613594305,187.47827483083157,188.98394775390625,998900.0
2022-12-19,188.21774040324007,188.7523034817609,184.19074929786416,185.82115173339844,372100.0
2022-12-20,184.21746899656705,185.53604065309088,182.85434815279848,184.8678436279297,351800.0
2022-12-21,186.2042669227893,187.8970275479216,184.55604189739307,186.0706329345703,470500.0
2022-12-22,184.34219347850492,187.0595306914284,183.70962766388885,186.1418609619141,689100.0
2022-12-23,185.52717192978832,188.5652313232422,184.94805957325167,188.5652313232422,291200.0
2022-12-27,188.1998986800028,188.65426770110656,186.5694965296873,187.9326171875,294000.0
2022-12-28,188.5295808632601,190.1688877834052,186.4091644287109,186.4091644287109,508600.0
2022-12-29,187.8079185030912,191.49636564122065,187.09517227077797,190.89944458007807,407500.0
2022-12-30,190.02627057074525,191.2955023570275,188.4689634827618,190.764404296875,410900.0
2023-01-03,190.6293865867281,192.5917545244133,188.1449036194541,190.21530151367188,500500.0
2023-01-04,192.177680740928,194.9862123354588,191.06146277450932,193.7619781494141,513700.0
2023-01-05,191.09745246977448,191.09745246977448,185.1023191257485,185.32736206054688,543400.0
2023-01-06,186.8666396347978,194.13103183629093,186.3625456812155,193.2668609619141,611800.0
2023-01-09,192.75381431323143,196.4445108805008,191.1515094220036,191.34954833984372,677900.0
2023-01-10,190.0622955825761,193.03286561790665,190.0622955825761,192.6907958984375,340100.0
2023-01-11,193.66298398520243,200.47729193052717,193.66298398520243,200.26124572753903,376800.0
2023-01-12,201.449459225424,201.449459225424,195.67936790664416,198.48789978027344,399800.0
2023-01-13,196.45351594310864,199.2260469804617,195.78738380743175,196.7235565185547,293200.0
2023-01-17,198.97397476764843,200.8013362147202,197.43468863405192,198.1098175048828,386600.0
2023-01-18,198.61390022324008,198.9019617847833,193.73497084273376,193.84298706054688,406500.0
2023-01-19,192.94282898615975,196.7325584781009,192.94282898615975,194.62615966796875,426800.0
2023-01-20,193.7620057532953,194.74318984943207,191.3855524342442,194.6081695556641,406600.0
2023-01-23,194.11306828603335,195.6073569390205,193.13188420994655,195.22027587890625,357800.0
2023-01-24,195.33730335032925,198.1908466404088,195.0942530900731,196.7505798339844,453800.0
2023-01-25,195.94040527836987,196.5435187706437,194.21207697166005,195.0132293701172,406400.0
2023-01-26,196.3544934436705,198.57791905060145,194.82419028368565,195.86839294433597,362300.0
2023-01-27,195.7603891093218,201.54848797866228,195.7603891093218,201.1164093017578,431500.0
2023-01-30,199.1090100281534,201.12538614423616,197.34466719104887,197.62371826171875,437200.0
2023-01-31,197.7317269274481,203.5018310546875,196.99357951049575,203.5018310546875,1979200.0
2023-02-01,202.53869010542672,206.50845172802124,201.39546787532657,204.528076171875,580800.0
2023-02-02,207.0395108171055,214.62795238139043,207.0395108171055,213.27769470214844,538200.0
2023-02-03,209.12791582094604,209.12791582094604,204.72606260330875,207.34556579589844,732100.0
2023-02-06,204.41103278866527,204.98714224421957,202.8897401090913,203.9519500732422,460900.0
2023-02-07,202.09758085873133,208.9388925402268,201.6835094919257,207.3275909423828,745300.0
2023-02-08,206.4814440938189,212.6206095851517,205.1221756730108,211.6484222412109,739600.0
2023-02-09,212.7015979518285,214.87101538195927,211.99946501572904,212.8276214599609,1106600.0
2023-02-10,211.64840554510675,213.86283438753992,210.1811347380974,210.4331817626953,752500.0
2023-02-13,210.82924118321213,213.89881655107368,210.71221445502903,212.1524810791016,607300.0
2023-02-14,210.8562367925153,216.2662640941587,210.6401906265687,214.98802185058597,1018200.0
2023-02-15,213.38574005941896,215.51914295124612,212.77361605816813,215.339111328125,588400.0
2023-02-16,212.1705086585293,216.91441829619544,211.59439920667944,213.41275024414065,501900.0
2023-02-17,213.39473404136197,213.8358231874407,210.57719178879,213.1876983642578,445100.0
2023-02-21,210.6852265811472,211.69341466898177,207.20155214276787,208.32676696777344,338900.0
2023-02-22,208.569841123092,209.8750877226049,207.219583178313,208.20977783203125,334700.0
2023-02-23,210.50520074580217,210.84725672184936,206.7784896923089,209.0559234619141,264100.0
2023-02-24,207.78668265359912,207.78668265359912,205.46423748848824,206.55345153808597,409900.0
2023-02-27,208.85787977666783,209.29895519938296,203.4028404773263,204.86111450195312,414200.0
2023-02-28,204.44703386333703,208.31777571097396,204.2039973442828,205.29319763183597,606300.0
2023-03-01,202.8447290262085,203.6458814534768,198.89297500521707,200.59429931640625,430600.0
2023-03-02,198.95596733343717,204.4740109123707,198.95596733343717,203.91590881347656,1293100.0
2023-03-03,206.3013614969504,209.7580315636077,205.68025450795272,209.0018768310547,366300.0
2023-03-06,210.1901265830522,212.58458699611492,209.96508362097185,211.2343292236328,327500.0
2023-03-07,210.9552939361893,211.07230694506623,204.44704109616575,205.23919677734372,366500.0
2023-03-08,204.69005723057828,210.61318909649623,204.51902239742915,209.20892333984372,431700.0
2023-03-09,209.7850933882193,209.7850933882193,203.43887785836247,203.93397521972656,558300.0
2023-03-10,204.09595765341888,204.09595765341888,189.7292227637004,190.26931762695312,1094300.0
2023-03-13,189.0361014853841,194.37411432951063,188.4689887855573,192.62779235839844,763500.0
2023-03-14,196.2014475221705,197.5066938581248,191.5655546065332,193.07785034179688,615700.0
2023-03-15,191.57458469375416,195.40931192972064,190.71041365163904,195.14825439453125,622000.0
2023-03-16,193.347898359637,193.59995910486447,188.59499226890244,190.72840881347656,498000.0
2023-03-17,190.32334246475665,190.7284308172094,186.416599628234,186.50662231445312,724900.0
2023-03-20,186.50660471618272,189.0991039966984,185.24635590569557,187.75784301757807,381300.0
2023-03-21,188.3879710551626,189.0901040268481,184.33719757134656,185.5614318847656,506400.0
2023-03-22,182.83391297276543,185.1653548693667,179.15221324230566,179.33224487304688,476700.0
2023-03-23,180.03434452661233,181.591637760819,176.46066168891664,176.58668518066406,505800.0
2023-03-24,176.01060304415756,180.85353205615635,175.56051711324417,180.72750854492188,552300.0
2023-03-27,182.5098372297159,183.5810438974546,180.79951625913728,181.0155487060547,451300.0
2023-03-28,178.4950776400747,181.64567924828987,178.4950776400747,180.26841735839844,263100.0
2023-03-29,182.16777269157583,183.92311878559812,181.5376551443657,183.9141082763672,434900.0
2023-03-30,186.4179133280124,187.07344995881635,184.66982027673825,185.89894104003903,374000.0
2023-03-31,187.02790638675384,190.64245717674217,186.2995308770324,190.4148406982422,597800.0
2023-04-03,189.99603275802147,192.70923136282173,188.7578123704669,189.6864776611328,377200.0
2023-04-04,190.77903331761047,190.77903331761047,186.864040759126,189.63185119628903,387600.0
2023-04-05,189.6227296273336,191.9079939475532,189.13107028028608,190.6879730224609,487900.0
2023-04-06,192.1083026245422,192.1083026245422,189.3040660186446,190.96112060546875,401500.0
2023-04-10,189.07646054467085,191.96263591425728,188.3298856962422,191.8989105224609,455900.0
2023-04-11,191.56204882836585,193.3556680345429,190.5696441812228,192.48162841796875,427500.0
2023-04-12,195.7319165734717,196.41476586339425,191.6166215222136,192.12648010253903,343200.0
2023-04-13,191.17052959122404,193.10071288849204,189.75930464218436,191.9080047607422,246300.0
2023-04-14,192.02635023311177,192.7547256706776,187.00057499577397,189.322265625,286100.0
2023-04-17,187.08252252425183,193.9747558082148,187.08252252425183,193.92922973632807,433700.0
2023-04-18,193.79266691063896,194.42087669414497,192.3086030898281,193.1098175048828,230600.0
2023-04-19,191.6803848764606,196.2782404514421,191.3435169389879,196.1143493652344,240300.0
2023-04-20,195.54987860707203,195.54987860707203,192.09921871677903,192.76385498046875,216800.0
2023-04-21,192.8366843991655,194.1750704113406,191.48919872914016,193.4011688232422,358900.0
2023-04-24,194.74865242203248,194.74865242203248,190.10528462064835,192.7274169921875,350900.0
2023-04-25,192.035453252843,192.035453252843,189.0764392736573,189.25852966308597,267200.0
2023-04-26,189.367795477818,191.2251396827405,186.93685334680487,187.53775024414065,373400.0
2023-04-27,190.0506466432838,194.27520763409015,189.3951101194857,192.5271148681641,434700.0
2023-04-28,194.32983184145144,201.07638707538683,193.36474027024784,200.05665588378903,592800.0
2023-05-01,201.1037154776709,203.94436468297803,200.7577339848065,200.9034118652344,412800.0
2023-05-02,200.0384824344329,200.97626126299667,194.2023922893108,197.72589111328125,351900.0
2023-05-03,199.756222754734,200.0931046013215,196.3966150878315,197.25244140625,395500.0
2023-05-04,197.12495669459364,198.7091722790501,195.012683141258,197.2069091796875,268600.0
2023-05-05,198.5544125668821,200.74863880219212,198.1629049910804,200.3025054931641,283700.0
2023-05-08,199.20992278486392,200.2842657764108,197.95347551652097,199.05514526367188,267500.0
2023-05-09,196.66972855287383,198.1811052387961,194.8487968038417,196.94287109375,285600.0
2023-05-10,199.68336968944465,199.7197822093847,195.69552496462077,197.36167907714844,382600.0
2023-05-11,195.79570956855636,197.64395437569576,194.93076967583625,197.5529022216797,211800.0
2023-05-12,197.2069450743579,197.83515495704535,194.32075557153107,196.0415496826172,313500.0
2023-05-15,194.64850861007687,195.9322689290036,192.9823681533005,194.8852386474609,276400.0
2023-05-16,193.35564171053196,195.0855352826962,190.22363674355495,190.4148406982422,250000.0
2023-05-17,190.860972670293,192.41786159254696,189.42243486906304,192.08099365234372,282800.0
2023-05-18,190.7152840428196,192.9914486837158,189.13106845141752,190.8609619140625,288200.0
2023-05-19,192.79116234397347,194.12044872601103,190.48768463257096,190.9975433349609,236300.0
2023-05-22,190.97022449800755,194.11132910693843,190.1872232602137,192.1083068847656,191900.0
2023-05-23,192.4269892899115,195.0309225329875,191.9899556194229,192.30862426757807,301700.0
2023-05-24,191.971745077269,191.971745077269,188.73958827789477,189.59542846679688,425000.0
2023-05-25,190.33288619818973,191.7714238892349,188.19328592200725,188.30255126953125,571600.0
2023-05-26,187.5650628131634,192.09919270184648,186.24489012286747,191.54380798339844,409900.0
2023-05-30,193.47399995034905,196.4057012021817,192.1720404073697,195.3040313720703,539000.0
2023-05-31,195.25854895699305,197.7441173041454,194.83972847462672,196.7152862548828,704600.0
2023-06-01,196.58781475817256,200.22057905710744,193.77447818523797,199.5468292236328,449900.0
2023-06-02,202.1780763154474,208.5877646902347,202.1234505786489,208.0870056152344,813900.0
2023-06-05,206.16589950830823,207.7956273477826,204.30854130245288,205.0551300048828,538900.0
2023-06-06,205.95649769728945,205.95649769728945,203.1613607111485,205.47393798828125,494200.0
2023-06-07,206.8214483243417,210.90943154438463,206.18412493851625,210.1355438232422,400800.0
2023-06-08,208.5695305543857,212.40258422299533,206.22052685946963,212.12945556640625,495700.0
2023-06-09,212.967092908787,213.7318809697244,211.49212862828455,213.3221740722656,406600.0
2023-06-12,212.90336539276652,212.99441754950504,208.8062684064876,211.0733337402344,285200.0
2023-06-13,209.4162613420132,213.3494807864453,208.98834124803267,213.27664184570312,370500.0
2023-06-14,213.54978086934807,214.93369293535167,211.11883856927903,212.4936370849609,263700.0
2023-06-15,211.9746709897181,213.8957406427559,210.96405331608324,213.7773895263672,419100.0
2023-06-16,215.7895038990532,216.1445850212155,214.5421701429508,215.7075653076172,729300.0
2023-06-20,214.25084086750277,215.01562888431903,212.55737374877688,213.23110961914065,335100.0
2023-06-21,211.73796227511815,212.6484282387316,210.3995761971978,211.8472137451172,384100.0
2023-06-22,211.33735639692185,211.33735639692185,203.70766101940532,204.85484313964844,534400.0
2023-06-23,204.17199160967735,204.55438564591364,199.8290650888523,200.3207244873047,672300.0
2023-06-26,200.32072693452704,208.17803882140885,200.01115794584223,208.1234130859375,413400.0
2023-06-27,208.4875655751577,210.47237432244984,206.921563310044,210.34490966796875,376800.0
2023-06-28,209.033875802808,212.411710617147,207.93221977433268,209.6529998779297,372600.0
2023-06-29,209.0644013823625,214.4170017607082,208.12631157170472,214.3526306152344,316500.0
2023-06-30,216.56907077912783,218.46363407608035,211.46477731238585,215.4838409423828,609700.0
2023-07-03,214.5825524508012,218.69356293861543,214.00314197777425,217.5899353027344,149400.0
2023-07-05,215.27232499131236,218.7579516879321,214.4261959554924,216.3391571044922,390100.0
2023-07-06,213.230593825526,216.46789953130835,209.56101772771635,215.9896697998047,455500.0
2023-07-07,214.10426890896784,215.8608837385581,212.8626792782684,214.51812744140625,375900.0
2023-07-10,213.12023053720205,215.59420434736083,212.6787822914157,215.47463989257807,342000.0
2023-07-11,216.5874682266107,219.1534027582996,215.17114870674027,218.96946716308597,215000.0
2023-07-12,221.85731480049955,224.340480590475,221.29630207473505,221.36068725585935,557800.0
2023-07-13,220.86402760065363,225.08542453482704,219.9351437351372,224.80030822753903,479400.0
2023-07-14,223.72425132945511,226.45573745357692,222.7493801399354,225.72918701171875,333800.0
2023-07-17,224.2301068726482,226.52014503120023,222.51947917149295,223.0529022216797,339000.0
2023-07-18,220.30303596302397,222.1608179048889,218.49125546549428,220.532958984375,463500.0
2023-07-19,220.9192514400245,224.3221094946005,220.9192514400245,223.5311737060547,440800.0
2023-07-20,222.88733316852225,224.40481916014485,220.0270908547768,224.34963989257807,294600.0
2023-07-21,224.86467531812744,225.76596947389933,223.36557299199004,225.45327758789065,393900.0
2023-07-24,226.25340966651967,227.06274306640307,223.9449879434336,224.772705078125,399600.0
2023-07-25,224.2760627946908,225.1037798747268,219.06141151034163,220.5145263671875,451100.0
2023-07-26,220.83643731387457,222.56546275488532,218.11415686780032,220.22024536132807,471600.0
2023-07-27,221.4342362137457,221.4342362137457,212.8443026778478,213.13861083984372,611900.0
2023-07-28,219.0982206667064,221.2503106065406,215.0423896225194,218.25210571289065,815200.0
2023-07-31,219.2269703546502,226.9155957836577,218.05897165702007,223.9909820556641,1892800.0
2023-08-01,222.61147212168575,224.58880449233104,222.1424201766712,224.441650390625,655500.0
2023-08-02,223.47594830993177,226.01429299819804,222.6942045519247,224.97503662109372,435200.0
2023-08-03,223.37480644982307,224.66236968834087,218.77634626456413,224.5612030029297,383200.0
2023-08-04,223.705854061445,228.81933858017365,223.5219044619294,224.33123779296875,342500.0
2023-08-07,224.7359280978215,226.2074408484256,224.46001770291,225.63722229003903,241100.0
2023-08-08,224.00015757340756,224.36804275451368,221.4710048410149,223.0712738037109,313400.0
2023-08-09,222.57465442318792,223.14487300218912,220.9743993349428,221.9400787353516,243900.0
2023-08-10,223.3104077997472,225.71999630077792,221.74693423775489,223.33799743652344,257700.0
2023-08-11,221.74692916091627,225.96831189166397,221.74692916091627,225.8119659423828,207900.0
2023-08-14,225.3245158792201,226.32697668389488,220.42255635996395,220.68006896972656,346900.0
2023-08-15,218.57402239546747,220.50536733720247,218.1969452758713,219.0430603027344,198600.0
2023-08-16,219.51207637712665,220.5237431745956,217.1576671394381,218.90509033203125,219500.0
2023-08-17,219.40171702558948,221.25030689115573,217.15766634370732,217.46116638183597,267900.0
2023-08-18,215.84250102688557,219.38330653292263,215.6769491823325,217.3323974609375,233700.0
2023-08-21,216.1643952468548,217.1484723943889,212.61438366830035,214.4261779785156,234100.0
2023-08-22,215.62179270586316,216.5047032255822,214.1778835222914,215.25392150878903,214900.0
2023-08-23,216.17360483952467,219.0430393547653,215.7045529437277,218.97866821289065,216200.0
2023-08-24,219.7603915614252,223.6230949959953,218.1693283961642,218.49122619628903,226500.0
2023-08-25,219.53966185244252,219.9719041391167,217.87500770849996,218.18771362304688,347300.0
2023-08-28,219.44768559595104,220.55131307317475,218.22449368062163,218.8866729736328,259400.0
2023-08-29,218.39926275456912,219.9535444969333,216.798993605024,219.81558227539065,395800.0
2023-08-30,220.53293440409456,223.10807476288232,220.00871727120415,220.87322998046875,280700.0
2023-08-31,220.47776050603025,221.24110655445224,218.3624660871168,219.2453765869141,484700.0
2023-09-01,220.33983016268047,220.6801117415228,217.64512507150263,218.4452667236328,291700.0
2023-09-05,218.5647994441068,219.47529958136425,216.38513388225024,216.8541717529297,240000.0
2023-09-06,216.12762359063876,218.2521099005921,215.82412354159015,217.4243927001953,321100.0
2023-09-07,216.21958240038407,216.6058513342024,212.48562130670297,212.6695709228516,728400.0
2023-09-08,211.09690205692652,212.14535036774177,205.48677528557292,207.1974029541016,683900.0
2023-09-11,207.5468924603016,207.62046950448672,203.969291132944,206.0753936767578,417700.0
2023-09-12,205.46839742410396,207.5836918754212,203.08639846184823,207.53770446777344,514800.0
2023-09-13,207.35375700673848,208.01592231211103,203.72096251121684,205.09130859375,375100.0
2023-09-14,207.1973889806214,208.32862015989969,205.06371099785244,207.0226593017578,590200.0
2023-09-15,205.71669263385365,207.85038473530315,204.08884795478747,207.13302612304688,596400.0
2023-09-18,206.3328928461004,207.3353536950868,203.54622738390285,205.873046875,386900.0
2023-09-19,206.4156670824149,206.4156670824149,203.44506596175512,204.2451934814453,287300.0
2023-09-20,205.90981622413724,208.66889188788468,204.7693932311032,205.89141845703125,293800.0
2023-09-21,204.74181783691995,205.9466120485415,201.38494782591087,201.48611450195312,464900.0
2023-09-22,201.19182232242116,201.8172201967369,198.00048987323115,198.3223876953125,370400.0
2023-09-25,197.43946571096515,199.35242669574347,196.81408190635327,198.9385681152344,311000.0
2023-09-26,197.5774356965452,198.77303811322244,195.830012461898,196.51058959960935,269800.0
2023-09-27,197.9361034760244,198.31318054520256,193.2640666653801,193.81588745117188,386500.0
2023-09-28,194.8945510561201,197.3215509420813,194.8945510561201,195.9732208251953,257200.0
2023-09-29,198.96745680735543,200.51106901961188,195.62917369653263,197.21926879882807,362600.0
2023-10-02,196.31723347926172,198.49317424088667,193.36020724284504,194.20640563964844,322100.0
2023-10-03,193.2021802534936,194.6155950167607,191.94683002395465,192.8023223876953,415000.0
2023-10-04,194.5318837492393,195.3408931172556,192.32806146745867,195.19210815429688,348500.0
2023-10-05,195.42460829029383,197.8701958575108,194.18785970669023,197.4703521728516,251700.0
2023-10-06,195.7779302778252,201.89657367474712,194.90385052590665,200.79000854492188,435500.0
2023-10-09,199.41376671977577,204.1375825952242,199.41376671977577,203.45877075195312,355600.0
2023-10-10,202.956649846556,205.7835075635478,201.52463350821637,202.01747131347656,474400.0
2023-10-11,204.1004050777252,207.029536310012,203.8307305594638,206.71337890625,343700.0
2023-10-12,205.77418519433525,206.9179536256736,203.9981161476176,205.0209808349609,238300.0
2023-10-13,205.92295590640487,205.97874671599192,202.97522322560616,204.07249450683597,477300.0
2023-10-16,205.8578832434376,205.8578832434376,202.2406322609237,204.1096954345703,589200.0
2023-10-17,202.88224083287605,205.70909831958136,202.3615076613553,203.7284393310547,350400.0
2023-10-18,202.33362894020829,203.33790622049293,200.0833094411859,200.5017547607422,249000.0
2023-10-19,199.29289365889167,201.98025984661385,198.17702067927075,199.2742919921875,361700.0
2023-10-20,199.6090498914097,201.81287205445105,196.6985062868493,196.8286895751953,316800.0
2023-10-23,194.4667980247197,197.49821713494163,193.92746317892903,194.6434783935547,445400.0
2023-10-24,195.71284692418843,200.1205058025226,195.40598325016688,199.6462554931641,439800.0
2023-10-25,199.06045122564436,199.33940532190925,195.41529022673075,195.517578125,340100.0
2023-10-26,196.4939519455025,198.82797184029096,193.5369251354068,193.9181671142578,748400.0
2023-10-27,196.36377957413563,200.13910974688775,189.5570299369524,192.0956115722656,1199100.0
2023-10-30,194.141323427201,196.16847941902893,191.07270112847536,195.3129730224609,603600.0
2023-10-31,196.23357785126865,200.42735296990267,194.1506309012012,198.9209442138672,826600.0
2023-11-01,198.9116472482966,198.9116472482966,192.11419209955235,193.29513549804688,687000.0
2023-11-02,195.4896766892324,196.97749803839156,193.7972937387569,196.9123992919922,895700.0
2023-11-03,199.8322352489621,206.583207890185,199.8322352489621,202.0267639160156,379400.0
2023-11-06,200.8830196523095,200.8830196523095,195.46178936476392,197.3773498535156,282400.0
2023-11-07,197.60051460428403,197.60051460428403,193.4532222664077,194.7085723876953,284600.0
2023-11-08,195.9825051334973,196.53114792050093,194.0111540006156,196.09410095214844,362200.0
2023-11-09,196.61485465760185,196.88451502057163,192.5791578200304,193.0162048339844,278500.0
2023-11-10,193.6299141787102,196.60554279693775,192.74652642799023,195.88023376464844,333700.0
2023-11-13,193.5090334979638,194.5969970165923,190.29162583117184,191.2401123046875,357500.0
2023-11-14,196.64274646322565,202.900867406668,196.64274646322565,200.97601318359372,444300.0
2023-11-15,201.11548348646653,202.74278188709425,198.35372449428792,198.60479736328125,318900.0
2023-11-16,199.57183935039225,199.57183935039225,196.6520021124449,196.73570251464844,264000.0
2023-11-17,197.75859314163543,197.80509021810863,194.58768265763356,196.2242889404297,280400.0
2023-11-20,195.6477505734288,198.97673976360537,194.50399627547796,198.1119537353516,332400.0
2023-11-21,197.6935072798701,199.17202065510816,196.7543145836285,197.74929809570312,258000.0
2023-11-22,199.9996032665576,199.9996032665576,197.1076612778382,197.92596435546875,197200.0
2023-11-24,198.0003391663008,199.7392331757119,197.358730652339,199.6648406982422,76600.0
2023-11-27,198.8093710068176,198.8744555639033,197.13557554647005,197.30294799804688,334400.0
2023-11-28,196.7078292290735,199.59047785615655,195.6105719485309,197.60052490234372,437800.0
2023-11-29,199.7206505387845,201.32005348449047,196.76362376941464,197.3494415283203,315700.0
2023-11-30,197.84226393804485,199.2185035119697,196.5311372928037,198.49319458007807,583500.0
2023-12-01,199.05112480285908,205.4115330072546,198.10263839693215,205.18836975097656,452200.0
2023-12-04,203.85862131825343,207.58746809207275,203.59825473416063,207.15042114257807,595300.0
2023-12-05,205.59753304353572,206.12755999637025,203.2635131363356,205.9787750244141,374900.0
2023-12-06,206.43442813511237,210.2841506868321,206.05317195709048,207.9966278076172,588300.0
2023-12-07,207.5781869102401,210.5817251312438,206.71340082784425,209.0846099853516,491100.0
2023-12-08,208.11750308749063,210.33992706666984,207.68976404939255,210.25624084472656,331900.0
2023-12-11,209.59600584496405,211.1954086651496,208.2104867219404,211.14892578125,471800.0
2023-12-12,210.5817306210316,212.92503024088683,209.50306078330453,211.65109252929688,596300.0
2023-12-13,212.5251691121148,223.5257077521084,211.63247348100955,221.67523193359372,483300.0
2023-12-14,226.6036117076124,233.8474074978816,226.04567519507148,231.07635498046875,728800.0
2023-12-15,229.09570320791605,229.68153514570415,224.89263431924448,227.7752685546875,1034800.0
2023-12-18,227.67299688190917,230.11859850925777,227.04068201232707,228.90045166015625,581400.0
2023-12-19,229.95120487176044,229.95120487176044,227.2824400487144,228.60287475585935,443400.0
2023-12-20,228.4820095838989,229.05853364249032,223.38623046019327,223.57220458984372,496100.0
2023-12-21,225.11581186600336,225.91551337590937,221.61015632311955,225.14370727539065,362700.0
2023-12-22,226.31536977356663,229.23520751167183,226.31536977356663,227.23594665527344,267000.0
2023-12-26,227.4870110659736,230.11858668510396,227.35682776487135,229.79312133789065,231300.0
2023-12-27,229.12359717910036,231.8202714728007,228.88183225163007,231.7551727294922,202600.0
2023-12-28,232.09923485768763,235.1213602376632,231.6342924915376,235.0283660888672,329800.0
2023-12-29,233.4517363777064,235.08466495406853,232.5695943741668,232.6822052001953,458200.0
2024-01-02,231.80943747617548,235.66651593737097,231.80943747617548,234.49343872070312,328200.0
2024-01-03,232.49454000691108,232.5696186720372,226.9294538826868,227.8022308349609,364300.0
2024-01-04,226.79806878962196,230.52376340115777,226.79806878962196,228.7969970703125,372100.0
2024-01-05,226.7886854308213,230.45807456068053,226.15052395094585,228.5905303955078,476300.0
2024-01-08,228.6749824000849,233.07637048152336,227.08897968555812,233.0482177734375,370800.0
2024-01-09,230.3454459074348,233.8271454855592,227.97113869941603,232.62591552734372,333500.0
2024-01-10,232.9074426114641,234.1180663523439,231.54667586565023,232.62591552734372,319800.0
2024-01-11,230.84280804969984,232.991893390579,230.61758640334696,232.81358337402344,334900.0
2024-01-12,235.24424142994903,236.2765552420529,232.9356331880326,233.7520904541016,415900.0
2024-01-16,232.99193544086177,233.8083926958234,231.33085390027145,233.46116638183597,422700.0
2024-01-17,230.69268529128763,233.24528819915815,224.8929839526284,226.81683349609372,517200.0
2024-01-18,226.4790080482968,227.09839632811548,223.7856270251652,224.1516265869141,417300.0
2024-01-19,224.6489939215176,227.2391433765364,223.16622253501708,226.02853393554688,700200.0
2024-01-22,227.1640669145159,228.11192252179032,225.7000687596737,227.3142242431641,396800.0
2024-01-23,227.8960646104466,227.8960646104466,222.3309928991996,224.067138671875,378800.0
2024-01-24,225.20266622316657,225.9534384835577,220.0786587918027,220.2194366455078,441100.0
2024-01-25,222.31224218481177,223.23193085078364,218.793010008101,219.52500915527344,495800.0
2024-01-26,220.16315696309687,222.0025341802496,218.15484916571253,221.8617706298828,293100.0
2024-01-29,221.8054517051673,223.58852339361144,220.98898020337623,222.32159423828125,280600.0
2024-01-30,220.2945111125402,221.90866642974623,219.00880880815112,220.04112243652344,299500.0
2024-01-31,221.9837531346455,224.179764681755,218.50206779317563,218.9149932861328,801200.0
2024-02-01,218.19238487545783,223.04423102721668,216.19345650910415,222.97854614257807,574300.0
2024-02-02,220.33206026945768,222.05882654479444,217.87329493566747,221.49575805664065,503900.0
2024-02-05,218.8023585166214,218.8023585166214,215.75235772831024,216.165283203125,444300.0
2024-02-06,215.3582164319829,218.93375370802133,215.3582164319829,218.63345336914065,421900.0
2024-02-07,218.2299042099804,218.2299042099804,211.9046807400803,214.9265289306641,668100.0
2024-02-08,214.58867476040544,215.40513192936956,211.9140529506541,215.2268218994141,439200.0
2024-02-09,214.61683039334036,216.18405987410245,214.40098818982693,215.6585235595703,276400.0
2024-02-12,216.6814631912537,217.03808328846577,214.21330386120732,216.57823181152344,283900.0
2024-02-13,211.26653285686044,212.0079257576823,209.3333036842534,211.7076110839844,402200.0
2024-02-14,212.08300503339584,214.99222826426796,211.23838075104572,213.27484130859372,457800.0
2024-02-15,215.57404859087592,220.25696342180484,215.3957385724225,220.181884765625,366700.0
2024-02-16,217.6292937343663,221.6928351969055,217.6292937343663,220.88575744628903,405300.0
2024-02-20,220.11622974627028,221.6271538973204,218.43637501595563,218.61468505859372,627600.0
2024-02-21,219.60006001543977,221.4863630681401,218.4832881882973,220.75436401367188,329000.0
2024-02-22,219.95667906740107,220.67928433592783,215.78990642589028,215.79928588867188,513000.0
2024-02-23,215.72420549887383,216.32482046726628,213.84728193267375,215.2268218994141,917300.0
2024-02-26,215.1611517281265,216.2028449513636,211.529294641818,211.89529418945312,401800.0
2024-02-27,213.7346851116683,215.21745654453915,211.9516133348113,213.7159118652344,404300.0
2024-02-28,212.4302337917788,218.4363841541673,212.2706969890051,215.4990081787109,445000.0
2024-02-29,217.9295949690046,218.6052885939301,216.24036090669085,217.16004943847656,410300.0
2024-03-01,215.54590783613725,220.0411480541892,212.880679655962,219.94729614257807,455600.0
2024-03-04,220.322684104502,228.74068772251275,218.69913485586912,228.5905303955078,697000.0
2024-03-05,226.94822664360655,230.42991202266523,226.55407439238056,227.8585357666016,559100.0
2024-03-06,229.3788651514864,230.0264061798278,225.8221007074248,227.76470947265625,276700.0
2024-03-07,229.72608256207437,229.72608256207437,226.37578102009007,227.57701110839844,515100.0
2024-03-08,229.72606604512427,231.3308420819792,229.1536037535902,230.3360748291016,372700.0
2024-03-11,230.33606821526436,232.37252861820335,227.8022242001683,228.01806640625,277700.0
2024-03-12,226.71360310577495,229.04098435759943,224.0483750335413,225.8220672607422,300000.0
2024-03-13,225.305915547583,228.1400742545762,225.305915547583,227.4268341064453,278900.0
2024-03-14,226.09420889138983,226.1786670143068,220.2006700957921,222.53744506835935,409100.0
2024-03-15,220.56668416645883,225.08068330639009,220.56668416645883,224.3580780029297,562300.0
2024-03-18,225.3434597458169,225.3434597458169,222.1245424037349,222.97854614257807,305400.0
2024-03-19,223.30699212719392,224.2454539678796,220.9326848158425,221.5989990234375,244900.0
2024-03-20,219.937897011446,226.7417447208684,219.937897011446,225.8877410888672,353200.0
2024-03-21,226.63854541170437,229.73547249867983,225.38100992153232,228.99407958984372,315100.0
2024-03-22,229.34129651539047,229.9325177048412,225.39036608407395,227.09837341308597,360000.0
2024-03-25,226.43205726144072,228.32775406765884,223.66359787282616,224.7897491455078,310100.0
2024-03-26,225.09008909701743,225.9159258192829,223.0911606973974,223.1005401611328,324100.0
2024-03-27,225.20560903495252,229.01751434233225,225.20560903495252,228.9132080078125,258600.0
2024-03-28,230.74328646353075,232.90525909189097,229.8993586785033,232.1371917724609,350000.0
2024-04-01,233.7207630328108,233.7207630328108,226.99778598511813,227.26329040527344,293000.0
2024-04-02,225.70818973907456,225.70818973907456,222.3135095025757,223.3091583251953,294600.0
2024-04-03,222.493661916104,225.7366209952651,221.0144189468977,225.2056121826172,239400.0
2024-04-04,228.50545279775196,228.7140654603966,223.01518364263248,223.7642822265625,253200.0
2024-04-05,222.313489540638,226.40986793939825,222.313489540638,225.37628173828125,170200.0
2024-04-08,227.1589595885102,232.12771150116663,227.1589595885102,230.8950042724609,286100.0
2024-04-09,231.6820476923745,236.81199782976051,231.6820476923745,236.6697540283203,315100.0
2024-04-10,230.5915954366744,232.20360521909015,229.74766754220195,231.37863159179688,434500.0
2024-04-11,233.2940415045001,233.5595459029986,228.49597912875623,231.60618591308597,378600.0
2024-04-12,230.6389836339728,231.3596508336384,225.6133398458453,226.90293884277344,376300.0
2024-04-15,228.353745021372,228.7899246088242,222.1333171138984,223.39447021484372,248400.0
2024-04-16,222.13332620717907,222.247124143746,219.88601590742465,220.65408325195312,294100.0
2024-04-17,221.09028288186173,222.76864694767127,219.50673355185157,220.60667419433597,342600.0
2024-04-18,221.4506044391503,222.37039275295848,218.94726677809132,221.8583526611328,285000.0
2024-04-19,222.61692796062917,225.20560305178375,222.61692796062917,222.9962158203125,335800.0
2024-04-22,223.87807717304813,228.33477455674205,223.2143017268116,227.4718780517578,381800.0
2024-04-23,228.12616339739267,231.35964517762125,227.60463174430677,229.6148834228516,557100.0
2024-04-24,226.97879787839344,236.06288253244983,226.97879787839344,234.91552734375,396600.0
2024-04-25,233.2276712136699,234.7069141302352,231.83376589562084,234.4129638671875,466800.0
2024-04-26,235.99651523441972,239.6092849597464,234.1284928381955,234.13796997070312,422600.0
2024-04-29,236.30943119020543,236.7835482497614,233.9198771587501,235.1810302734375,313400.0
2024-04-30,232.9906301896102,235.6646430930378,232.9906301896102,233.50267028808597,599300.0
2024-05-01,234.9724336492636,236.1103117760902,228.1261816844284,232.76304626464844,714600.0
2024-05-02,234.2138379378572,238.6895043385545,232.6397657569117,236.868896484375,605000.0
2024-05-03,239.8653225233589,240.40580847758605,236.4611508493985,237.3524932861328,399500.0
2024-05-06,239.8558204671505,242.42554132766944,237.54212687321424,242.26434326171875,283000.0
2024-05-07,244.57804893299024,244.70132401341104,242.6341803291905,244.3315277099609,304400.0
2024-05-08,243.16516861364187,244.00908196250924,240.60493929323528,241.3255920410156,164100.0
2024-05-09,242.37813236748636,246.33226704825543,241.6859254872599,246.14260864257807,216100.0
2024-05-10,247.0339479177352,247.0339479177352,243.84789509512945,245.5452423095703,205100.0
2024-05-13,246.55036695560955,248.16234762408573,245.39352015220464,247.07188415527344,253200.0
2024-05-14,249.83126503752817,251.45273741178784,247.3658503378012,251.2536163330078,365500.0
2024-05-15,255.29308066956912,255.29308066956912,251.4906526162068,253.9750213623047,407600.0
2024-05-16,253.84228929950447,255.0749820988361,250.9691410304017,251.00704956054688,210600.0
2024-05-17,252.1829291209393,252.73289229421,249.9640353456144,252.5053253173828,361800.0
2024-05-20,252.0880465952204,252.0880465952204,248.5795687760181,249.77435302734372,361800.0
2024-05-21,249.29076557378903,251.40533825893937,249.0726902278296,250.4855499267578,214800.0
2024-05-22,250.0683263583187,252.7328621663571,247.9821995267032,249.3287048339844,342800.0
2024-05-23,248.9494193713423,249.72694943635037,244.5306444486929,244.6159820556641,211700.0
2024-05-24,245.9529848210352,246.4650393778712,244.7961379705896,245.9719390869141,225600.0
2024-05-28,247.6597861693412,248.02961137473065,241.7048769173332,242.1126251220703,289600.0
2024-05-29,238.75586952773972,240.25408121639964,236.54649669767232,239.81790161132807,370700.0
2024-05-30,241.83762907065457,242.605710879114,240.9273323974433,242.36865234375,197300.0
2024-05-31,244.1228867217117,246.806376559147,242.95654833194936,246.3417510986328,489400.0
2024-06-03,248.058063444391,249.36663122263036,245.0521484075796,247.1382751464844,317300.0
2024-06-04,247.204631446704,251.28202633666672,247.204631446704,250.15362548828125,292800.0
2024-06-05,249.4424960090012,254.52504656573677,247.36586071545565,254.2026214599609,247800.0
2024-06-06,253.2923440701206,255.41637966285157,252.05965104315663,254.43023681640625,200300.0
2024-06-07,251.6139173948509,255.0085826480988,251.6139173948509,254.193115234375,262100.0
2024-06-10,253.59578751985103,258.37489657006233,253.59578751985103,255.4258728027344,295300.0
2024-06-11,253.51988157531832,255.31205810172492,251.7846257236427,251.88894653320312,266700.0
2024-06-12,257.68262213720635,259.49375277913464,256.1559790939934,257.388671875,291900.0
2024-06-13,258.10936836174824,261.0963003915181,256.9145839747154,260.9540710449219,433300.0
2024-06-14,260.62214231827505,264.6426455518649,258.39378644576834,264.08319091796875,414600.0
2024-06-17,261.5703942283989,267.67702442654496,261.54194836161105,266.7287902832031,514300.0
2024-06-18,268.41663525074733,270.0286158677834,266.0081125196366,269.8579406738281,321600.0
2024-06-20,267.9709895926952,268.87179471626064,263.2298186124204,265.5814208984375,372100.0
2024-06-21,266.9847863560677,266.9847863560677,262.366890997382,263.81768798828125,910500.0
2024-06-24,264.41512214327463,267.82877117588123,263.6660089952469,264.7375183105469,368400.0
2024-06-25,263.35308404998966,264.0737223349065,260.26183142388186,261.352294921875,204700.0
2024-06-26,258.5929287710521,261.9781316555452,258.04296569280245,259.0860290527344,292100.0
2024-06-27,259.2187493657686,260.4040419819839,256.62059721112325,259.2282409667969,422500.0
2024-06-28,261.505433738014,262.76842847271325,257.7547592646214,260.4433898925781,649500.0
2024-07-01,258.55845922400795,261.6106817109195,257.49638624480167,261.0365905761719,366400.0
2024-07-02,262.15608878595845,263.08419468471635,260.1946420141113,261.19927978515625,233500.0
2024-07-03,260.8356943038936,262.0986892248419,257.84090658305337,257.9557189941406,176600.0
2024-07-05,258.4149481017391,260.86440587474567,256.81709350860234,260.4816589355469,268600.0
2024-07-08,260.92181716493764,262.02214163786607,259.0081992295864,261.3045349121094,275700.0
2024-07-09,261.11315713670723,265.0265022460856,259.78320787728626,264.0505676269531,273600.0
2024-07-10,265.61017921966675,265.7536947270555,261.7350853232129,264.44287109375,180100.0
2024-07-11,268.3944975783858,270.60472399655924,265.2848683788483,266.3851928710937,308700.0
2024-07-12,267.3419589729463,267.3419589729463,262.15604226116506,262.4813537597656,371200.0
2024-07-15,262.9406604898409,267.4376741538493,261.448040890615,264.1653747558594,384400.0
2024-07-16,265.49531257179285,267.3132434261219,264.22274053412167,266.71044921875,352600.0
2024-07-17,267.9065197980067,272.63315859040245,266.63397667674326,271.7146301269531,294600.0
2024-07-18,270.9587261257925,276.59431560013843,269.7818406174662,271.8677062988281,230100.0
2024-07-19,273.30291745584407,274.2118684218939,269.61919722634934,272.4896240234375,347900.0
2024-07-22,272.48961252655533,278.1252017166595,272.1930041059967,277.5989685058594,465400.0
2024-07-23,277.6372857237461,279.41693648225686,276.8239922181873,278.48883056640625,254200.0
2024-07-24,278.6419251521438,279.74224968990376,273.0637413897033,273.6091003417969,232100.0
2024-07-25,273.9343964684136,276.7665720436329,266.7296260913146,270.509033203125,282600.0
2024-07-26,272.1451509536408,275.0825613118749,270.566422093836,274.3553771972656,234400.0
2024-07-29,274.5276464976963,274.5276464976963,269.9732263906716,273.6473693847656,458000.0
2024-07-30,274.7093668479846,275.1399424976473,267.8681896110972,268.6719055175781,577000.0
2024-07-31,265.7632792636959,275.96286678745685,261.3045457848627,266.3373413085937,1436200.0
2024-08-01,268.1935843930485,273.48473765347694,266.0025125340363,273.3507995605469,829100.0
2024-08-02,273.34120442705733,276.4221307589285,266.77750831104635,269.4948425292969,590000.0
2024-08-05,267.9256569367995,269.80102367931033,260.8165727756788,260.84527587890625,514600.0
2024-08-06,260.2520223513303,271.10223183806823,260.2520223513303,268.2796630859375,564300.0
2024-08-07,267.9543138292393,271.74329799879496,265.06476153785155,265.4474792480469,365200.0
2024-08-08,266.5477870511521,268.77716794362374,264.38541898314963,267.2271423339844,240600.0
2024-08-09,267.7342566624706,271.0256814085927,265.71537482599126,270.4324645996094,270900.0
2024-08-12,268.9016231484704,270.23157254205984,267.16022367243704,269.4278564453125,250800.0
2024-08-13,271.8293909663595,273.4176971077846,270.394177739715,272.173828125,183800.0
2024-08-14,272.28867110301314,276.0489523709023,270.5281461844717,273.8004455566406,220500.0
2024-08-15,273.5420951293357,274.50845220860487,271.71458672866424,272.6905212402344,321800.0
2024-08-16,273.5612170764755,273.6664520324009,269.11206184081686,271.7432861328125,375400.0
2024-08-19,272.0781578678909,274.8816300651968,271.4562379386076,273.08282470703125,160300.0
2024-08-20,273.09238580882345,275.5800653771945,272.8531836042118,274.73809814453125,294000.0
2024-08-21,274.7381470671674,277.2545301802048,273.82916684798573,276.7187194824219,230300.0
2024-08-22,277.4746151956603,278.08698698288373,274.958202806622,277.7999267578125,258900.0
2024-08-23,278.98632669911615,283.4833402167283,276.5847562115956,283.3015441894531,300500.0
2024-08-26,285.3108650308868,285.3108650308868,280.2397892420122,281.8950500488281,181300.0
2024-08-27,280.01013766623595,282.8997194271676,279.388217679109,282.7753295898437,325500.0
2024-08-28,284.1722437939053,284.8515699382287,281.43578435090456,283.3015441894531,341400.0
2024-08-29,282.86141870531543,286.7651861547229,281.8089230794121,285.1768798828125,320400.0
2024-08-30,285.7605545131101,289.00412155639253,284.57412080045697,288.75537109375,400000.0
2024-09-03,287.6646175938184,290.8699335567935,286.3633713805052,289.61651611328125,270200.0
2024-09-04,289.8653204240358,294.45799229588744,287.2627985767877,288.6023254394531,358000.0
2024-09-05,290.90823307770034,293.6351447226588,287.0235906527684,288.9659118652344,305800.0
2024-09-06,288.11430409893035,288.11430409893035,282.0672645743422,285.3299865722656,463200.0
2024-09-09,286.0667517469507,288.55443166921987,284.2966493411114,287.09051513671875,604600.0
2024-09-10,288.5257177519225,295.2712381483991,287.3010035039758,294.9554748535156,267000.0
2024-09-11,292.1329023305883,294.9459228515625,290.0757690215809,294.9459228515625,309200.0
2024-09-12,295.7496372473278,296.8499616439828,292.1233233353522,296.8212585449219,249200.0
2024-09-13,298.33301970069004,300.7346195152299,296.0462614880199,300.48583984375,372900.0
2024-09-16,301.1938928772206,302.4664359132171,298.055560737851,301.538330078125,393600.0
2024-09-17,300.8685820221558,304.0069141686075,297.902468476545,298.6583557128906,344600.0
2024-09-18,299.58641686325745,303.1074957622084,297.8737499776141,298.7539978027344,237400.0
2024-09-19,300.4954210492645,302.6482412193491,295.96015590145726,298.92626953125,357600.0
2024-09-20,299.0123494384899,299.4524733430256,292.55388956316136,292.98443603515625,1278100.0
2024-09-23,294.89807171308274,298.89755522631367,293.72121541855864,296.27587890625,605300.0
2024-09-24,288.9562976465493,292.25730014383123,287.0618054481755,287.26275634765625,765800.0
2024-09-25,288.7649011681561,290.1714113549775,283.9330281233587,284.650634765625,570200.0
2024-09-26,284.727170083296,285.43522850124793,280.1153735312834,281.4644775390625,474100.0
2024-09-27,284.03828384512366,284.03828384512366,280.33543797226827,281.8759155273437,390500.0
2024-09-30,279.89799682367857,285.6483919779874,279.89799682367857,285.0309143066406,641300.0
2024-10-01,286.35276395959977,286.35276395959977,280.1199222403682,282.4162292480469,466800.0
2024-10-02,279.93660983840044,283.07231651807786,279.010349126925,282.734619140625,301500.0
2024-10-03,283.0047927131373,283.0047927131373,278.11308285354147,279.5410461425781,294700.0
2024-10-04,278.74021367387587,280.9979190840512,276.2123562345606,279.6857604980469,344500.0
2024-10-07,278.1420176292618,278.585832503514,275.73959321342,277.7850341796875,278600.0
2024-10-08,279.8015267886206,279.8015267886206,275.60449799791894,278.3349914550781,473700.0
2024-10-09,278.6533674250706,279.3191044336739,274.8808675244393,278.05517578125,373000.0
2024-10-10,276.6079327875356,279.2708808821382,273.7423780383669,275.2764587402344,248100.0
2024-10-11,277.6402810252629,277.9779489316228,274.842242500187,277.9490051269531,312200.0
2024-10-14,277.7560936764092,281.7312004233391,276.2026974314996,281.10406494140625,192800.0
2024-10-15,282.62847204056555,286.6518378717785,281.6925830236009,282.3293762207031,471600.0
2024-10-16,282.56091100231464,287.3465027433742,282.56091100231464,287.0184631347656,224900.0
2024-10-17,286.6518486320257,288.2341592115625,282.8407470567869,283.9020690917969,291800.0
2024-10-18,285.30111295283217,287.2211210867343,284.2397908269197,286.0729675292969,198700.0
2024-10-21,283.10124639273795,284.7414444470794,278.77878495165766,281.1233215332031,346300.0
2024-10-22,280.6795154299263,284.50990285165767,280.6795154299263,283.0819396972656,212000.0
2024-10-23,284.03712830837,291.2733739563644,284.03712830837,289.4112243652344,343100.0
2024-10-24,290.8392261476088,291.64002448371406,288.7841273989673,291.1479797363281,337500.0
2024-10-25,292.8170618078888,292.8170618078888,284.8282483631546,285.2527770996094,228200.0
2024-10-28,287.69381840890605,289.8646920668308,286.0343049237404,289.1314392089844,319900.0
2024-10-29,289.21827211163986,289.38227718890926,285.5808338305703,287.9350280761719,342500.0
2024-10-30,287.5201906243296,288.1955854001852,281.7311934976652,283.6801452636719,470700.0
2024-10-31,280.8338762315271,281.1715735836472,273.7326918647229,273.8774108886719,594200.0
2024-11-01,273.269598954787,274.6010434582923,266.7376621879941,267.229736328125,485400.0
2024-11-04,266.0140546980733,270.83821890942755,265.9079372187171,270.7417297363281,361500.0
2024-11-05,269.2655077058265,280.7759846538766,266.5061002070008,280.7663269042969,364000.0
2024-11-06,283.88276336209293,288.94813552673,280.3418140552949,283.4292907714844,836400.0
2024-11-07,283.429307601278,287.11494671268366,282.12677736415617,286.1115417480469,340600.0
2024-11-08,287.8289171796281,295.2291679895486,287.56839348899763,293.9459533691406,441800.0
2024-11-11,293.9942072449497,297.3036062730158,293.1162058247984,293.4442749023437,239700.0
2024-11-12,293.35740262623625,294.804651833952,290.1541800908727,290.2313537597656,253000.0
2024-11-13,292.9522123094864,297.5255107422992,292.46979586908463,296.4738464355469,253700.0
2024-11-14,294.9686877142338,296.0975550569292,291.8233233328965,292.0934753417969,250400.0
2024-11-15,292.02598119179464,292.91361095390914,289.1314825473673,291.1479797363281,328600.0
2024-11-18,290.0576785825579,292.6530810735363,289.5752622005078,291.9005126953125,250300.0
2024-11-19,291.19618013386565,292.0838392505128,288.1569627536556,291.167236328125,269700.0
2024-11-20,289.41122414126954,290.38571464330687,287.1052891742931,290.0190734863281,244200.0
2024-11-21,290.04805802832635,295.39324047132567,289.3630349223888,293.6372375488281,241500.0
2024-11-22,293.9170262252263,298.2684316590711,293.9170262252263,294.7853698730469,213700.0
2024-11-25,296.0782455326436,300.77697669891086,294.64065403958784,298.7122497558594,432900.0
2024-11-26,299.0981723148078,300.30421333220625,297.4000571401154,298.8569641113281,284800.0
2024-11-27,301.0278313409209,303.58463235286126,300.56470100042685,301.8382873535156,220700.0
2024-11-29,302.2917716421488,302.66807057918,298.7701377011669,299.5419921875,238700.0
2024-12-02,297.6509121804468,297.6509121804468,292.2767865373172,293.39599609375,295200.0
2024-12-03,294.7564204523334,294.7564204523334,290.37607129513475,290.4146728515625,322900.0
2024-12-04,291.25408602834307,291.25408602834307,288.8034023591423,290.7909851074219,272600.0
2024-12-05,288.44638676587897,291.67858232321635,288.3788708520115,289.1314392089844,261800.0
2024-12-06,291.0418047278485,291.0418047278485,287.96398577734743,289.5463256835937,319000.0
2024-12-09,289.2858055198435,290.9260330578789,286.3913071193296,290.4146728515625,421700.0
2024-12-10,291.1382837284701,291.1479414782119,285.4940062246471,287.1631774902344,372900.0
2024-12-11,289.57527388045,291.3795065109933,286.3816796580141,287.55877685546875,293900.0
2024-12-12,287.742098171996,295.5572203407252,286.217645850529,291.6689453125,241800.0
2024-12-13,290.810247268791,292.58553602329266,288.0508102494748,289.2472229003906,213400.0
2024-12-16,289.46915324182567,292.84606835897216,288.224540012876,288.53326416015625,320500.0
2024-12-17,284.6256984359041,286.9123476410538,282.4162229053191,283.7573547363281,509200.0
2024-12-18,283.4196465875417,287.4815845971921,273.7230883288445,274.0028686523437,430600.0
2024-12-19,273.6458939632397,276.90703377595,268.3586286783906,269.1980285644531,448700.0
2024-12-20,270.5584371984517,277.14823252186864,270.45229027527785,273.7809753417969,1417600.0
2024-12-23,272.38195040783603,274.9194654294708,271.2145109428465,274.3309020996094,386400.0
2024-12-24,274.5914205523982,276.7236927942963,272.34334364132866,276.70440673828125,121600.0
2024-12-26,276.1158783414397,279.029692608058,275.66240569066986,277.5920715332031,231600.0
2024-12-27,275.8456734644299,278.40247432717155,273.4625354276047,274.4273681640625,298700.0
2024-12-30,272.39160490797025,273.64587577826273,268.9374869729965,272.8547058105469,249500.0
2024-12-31,274.3116201748141,275.66238025105923,272.32406689597616,275.4018859863281,340000.0
2025-01-02,274.8277132193692,276.9881872704192,271.59672865666744,272.0249328613281,282700.0
2025-01-03,272.4044892345551,277.046575633483,271.9568320028255,276.62811279296875,331200.0
2025-01-06,274.3021768010037,276.78381878573947,264.8428379062556,265.47540283203125,371700.0
2025-01-07,267.3536537486295,268.3560341205647,262.3320105253792,262.818603515625,606700.0
2025-01-08,263.1397688222089,265.7770944864965,260.77490434241446,265.3294372558594,541300.0
2025-01-10,262.90617752320827,269.98125836223426,262.28335396103483,264.6092529296875,1105500.0
2025-01-13,267.2076730719367,276.59891153737175,266.6529499533312,275.36297607421875,781200.0
2025-01-14,275.48942680503944,280.6667824566849,275.21693596544094,276.8324279785156,505800.0
2025-01-15,281.9806327210361,283.66425512841886,274.08810881838923,275.2656555175781,499700.0
2025-01-16,276.4334233617205,276.65726679454554,272.5698744254359,276.1414794921875,338800.0
2025-01-17,276.9687321042234,277.56236128834564,275.041813198128,275.8106384277344,364600.0
2025-01-21,276.70591952980953,279.44059909032825,274.8666137178168,277.5915222167969,363500.0
2025-01-22,274.4676357243651,275.40188593225554,271.13932666604256,272.3947448730469,426700.0
2025-01-23,272.1612048526364,272.715928009694,267.0909140240658,270.1856384277344,461100.0
2025-01-24,268.92043574595107,270.9738733550893,267.09087127572724,270.4775390625,411100.0
2025-01-27,271.5188495016274,279.0318453783173,270.8084131463179,275.4991760253906,431800.0
2025-01-28,274.78875107829026,278.632847187598,272.774278876255,273.6598815917969,271000.0
2025-01-29,273.7279755353032,275.0709767709691,268.3657416542612,269.2026672363281,282900.0
2025-01-30,272.2487455295754,275.81060935671724,271.36314282917647,273.6209411621094,290300.0
2025-01-31,273.27058436964205,277.0562917143615,270.8084252708935,276.93951416015625,534500.0
2025-02-03,273.5820064657585,279.6839008657773,272.81318131422586,276.76434326171875,407000.0
2025-02-04,276.4042176601679,280.23857205253995,273.5722434445262,279.4405822753906,530900.0
2025-02-05,275.4115876001179,289.28922692430154,275.2850686913859,287.858642578125,790900.0
2025-02-06,288.7247720556375,292.2866358454218,287.57641987566905,290.0775146484375,683900.0
2025-02-07,290.0580205921451,291.6248651995982,283.7323127878604,284.3065185546875,444500.0
2025-02-10,284.24812572468727,284.851525932458,279.1291880660191,283.4014587402344,422800.0
2025-02-11,280.20940682247164,283.800465140749,279.99530473820954,283.7712707519531,460800.0
2025-02-12,278.18522329378806,286.1653306528183,278.18522329378806,282.6326904296875,356700.0
2025-02-13,283.4014967537905,284.5887849036961,281.9028116443392,283.8005065917969,422300.0
2025-02-14,284.0340129323703,285.91228422743006,279.9661031354862,280.6376037597656,441900.0
2025-02-18,280.3553878352512,284.1897427506184,279.66443414521336,282.9830017089844,595000.0
2025-02-19,280.3164528671832,285.0461217129054,280.3164528671832,283.3917236328125,594100.0
2025-02-20,282.8370141173733,287.3623224724964,282.1460604655502,286.5156555175781,492900.0
2025-02-21,287.3137038292714,288.44260311529825,283.83942279804376,286.8368225097656,456300.0
2025-02-24,287.60559773496215,293.3765823900789,284.36490209485186,290.4667663574219,591900.0
2025-02-25,291.5275609467176,294.90451715114483,291.5275609467176,293.1625061035156,357200.0
2025-02-26,293.2209064003747,296.8217061912584,292.46182256923373,293.4642028808594,308500.0
2025-02-27,292.8900150581508,297.5807781424578,292.8900150581508,295.76092529296875,297600.0
2025-02-28,298.5636880733096,303.73130243687154,298.17441968250506,303.21551513671875,884900.0
2025-03-03,303.2836547785223,307.23478698261766,302.82625623768985,305.43438720703125,468300.0
2025-03-04,305.6679319788022,307.8089526718902,298.9821501180004,299.3422241210937,392700.0
2025-03-05,295.7998898668268,300.383587507006,294.8753513080964,299.95538330078125,275800.0
2025-03-06,297.15256612062325,297.15256612062325,290.10671001714684,293.3571472167969,398100.0
2025-03-07,294.1357018448789,298.5247798312522,291.4886349645166,293.64910888671875,554600.0
2025-03-10,292.80240988418853,296.40320926066903,290.26240917590167,291.0993347167969,483400.0
2025-03-11,292.7343249174919,292.7343249174919,283.87835644003127,287.6153869628906,487400.0
2025-03-12,286.7395196391592,287.7905473867572,283.2263029518663,285.0267028808594,350500.0
2025-03-13,285.1239955608904,286.3501895128856,279.518435668542,280.8808898925781,332700.0
2025-03-14,282.55481771879914,287.868404926193,281.3285938635238,287.099609375,579000.0
2025-03-17,286.6908349992312,293.87295180039075,286.6908349992312,292.2380065917969,403800.0
2025-03-18,292.5299711112948,294.5542145878442,287.33316152518466,290.8852844238281,436000.0
2025-03-19,290.75875117263774,293.5907258080286,288.29659194451324,291.22589111328125,354600.0
2025-03-20,292.3937124160615,295.3716588623568,289.35734749305465,293.97998046875,445300.0
2025-03-21,293.2209011741768,295.3716634068068,287.9170558137108,292.01416015625,849500.0
2025-03-24,293.1722479662697,297.3180293416939,291.4010425270787,297.0357971191406,454600.0
2025-03-25,296.97741455825786,299.95536105386736,292.0725492775518,294.88507080078125,376200.0
2025-03-26,295.9361056488113,299.0308297758648,294.4276793382507,298.01873779296875,574700.0
2025-03-27,298.7291297448105,301.7849476670981,296.1404517371874,296.6270446777344,287600.0
2025-03-28,298.6123639658623,298.6123639658623,295.1380831055325,297.7948913574219,288700.0
2025-03-31,299.0707618011922,303.33015852679256,297.17658175353733,300.8765869140625,568100.0
2025-04-01,301.28876841107547,302.4272292268253,296.1068263933184,299.8362731933594,411400.0
2025-04-02,298.4819103177806,302.7903666641005,296.8134695754285,301.4949035644531,516000.0
2025-04-03,299.6988467941549,301.29858020430964,287.1561904840085,288.8835144042969,627200.0
2025-04-04,283.024406047786,284.52599072228617,265.898463691177,265.9966125488281,686900.0
2025-04-07,263.1504809728609,271.5613320832943,251.42239607879537,257.51708984375,708800.0
2025-04-08,265.25071804435703,265.25071804435703,247.00596251281328,249.9208068847656,563000.0
2025-04-09,244.3757363999561,268.0674386345651,239.3213847898812,266.8995361328125,892600.0
2025-04-10,264.249673983803,268.9507257809255,253.82690611963812,257.9685363769531,737000.0
2025-04-11,255.13217461313457,261.1090712901009,250.04838157077117,258.5868225097656,552300.0
2025-04-14,260.5496933518089,268.2538844287052,259.6467657996171,267.5963439941406,596800.0
2025-04-15,268.9409039658548,272.6310854415773,267.9496514001081,268.31280517578125,697500.0
2025-04-16,267.2724710299953,273.3278994309409,266.2027173157294,266.8504638671875,615800.0
2025-04-17,267.9398342032541,273.8676414386998,267.9398342032541,270.177490234375,361600.0
2025-04-21,267.2430104572816,269.61808097791084,262.257366074194,265.8592224121094,253600.0
2025-04-22,270.71730123893457,272.4446254132016,267.53748169160514,271.2374572753906,403100.0
2025-04-23,274.68225560149386,279.3146000316985,269.039040858912,271.9440612792969,368900.0
2025-04-24,273.1119581948327,274.9570488129622,269.7751068401085,271.4631652832031,360900.0
2025-04-25,271.14908853849016,271.8753361078571,268.3422171589623,270.3835754394531,241800.0
2025-04-28,270.0400603388668,273.0824948430055,269.72599601374304,272.4151306152344,510600.0
2025-04-29,271.2472709790311,271.93425310380513,268.16557046099257,270.0499267578125,437600.0
2025-04-30,270.2756385972626,274.07376251617603,264.6422180236221,273.9657897949219,731100.0
2025-05-01,274.00506959921216,281.3167250863423,271.24725746452555,279.18701171875,412400.0
2025-05-02,282.6612883751841,288.39282836685953,282.6612883751841,287.3819580078125,413300.0
2025-05-05,285.8509457713958,287.8432449251442,281.1106281619346,282.9557189941406,653300.0
2025-05-06,281.9644430656038,282.38648015357,278.4509416283583,280.9143371582031,213100.0
2025-05-07,281.55225890949896,283.16178633825024,279.3636622143401,279.6482849121094,608900.0
2025-05-08,280.7180348264708,281.2578086022273,276.20345705812605,276.4193725585937,438300.0
2025-05-09,276.3310443258718,278.176134953482,270.7565368621995,277.4400634765625,214000.0
2025-05-12,280.11940010652205,282.3472325318721,278.9711153189295,280.9830322265625,238900.0
2025-05-13,280.933941993124,280.933941993124,273.1610141576938,275.58514404296875,380800.0
2025-05-14,275.25147894695914,275.25147894695914,270.38360108498176,273.4653015136719,447700.0
2025-05-15,274.5252016252769,280.138974260618,272.670287245995,280.129150390625,379200.0
2025-05-16,280.9339604283053,283.54456431843687,277.9504088466082,283.3482666015625,422400.0
2025-05-19,280.11938869766,282.7201687250342,279.5697610788157,281.16949462890625,189500.0
2025-05-20,279.0103585125474,283.7506457003951,277.1260023314668,282.1607360839844,484900.0
2025-05-21,281.19893627937347,281.19893627937347,272.26795919905607,272.6703186035156,693400.0
2025-05-22,273.4653107455903,273.4653107455903,267.930038432349,268.6759338378906,243000.0
2025-05-23,267.80245845217576,267.9202251101451,264.1024828437714,264.4656066894531,411900.0
2025-05-27,267.2822669092177,270.68782542033915,264.4263060295028,269.50030517578125,394900.0
2025-05-28,270.32468703113466,273.39656323957394,268.7151298040225,273.0039978027344,479600.0
2025-05-29,273.48493069670246,277.97986105573125,272.50350197674766,276.8414001464844,416000.0
2025-05-30,274.6037304487248,279.4618143555164,272.9451135969578,278.6275939941406,820600.0
2025-06-02,276.3310695989799,279.7071868112948,272.0716725237424,279.3735046386719,412800.0
2025-06-03,277.90133902373424,278.24484504003425,272.6310719863101,275.6145935058594,609300.0
2025-06-04,274.1915251084025,278.9906953538129,273.0530643464073,277.5087585449219,562800.0
2025-06-05,276.9689706969293,278.9809173982296,272.5819834370922,272.9745788574219,676800.0
2025-06-06,274.0050702429776,277.3223039090757,271.18837477822143,273.90692138671875,345000.0
2025-06-09,273.27880971769207,280.29601832196835,271.8361084561866,278.450927734375,399100.0
2025-06-10,279.93287840955577,282.8084568965954,279.2556903084,282.5238342285156,655900.0
2025-06-11,282.8183004980689,283.69175640129043,279.4814192070589,280.87506103515625,648800.0
2025-06-12,281.0418999473065,284.437664714723,279.3636653055537,284.36895751953125,574900.0
2025-06-13,281.34616393709183,284.61430815931664,276.35066575784504,279.1771850585937,438300.0
2025-06-16,281.5816941042183,281.8368751343456,278.4999938047043,279.8543701171875,267700.0
2025-06-17,279.8445838459682,280.6493325884434,276.7923251241361,278.2742919921875,334200.0
2025-06-18,278.84350796247645,281.01245692943286,277.6068982582952,278.7355651855469,327800.0
2025-06-20,279.5992214506272,281.866319227756,276.458637801802,279.0594177246094,607500.0
2025-06-23,279.0201361676763,282.818289969818,276.203440906397,280.4922790527344,299300.0
2025-06-24,283.70156886922405,283.70156886922405,278.9318103613548,280.718017578125,487100.0
2025-06-25,277.58727922526185,280.8161879101626,272.87643362698617,276.66473388671875,666200.0
2025-06-26,278.41166787914653,282.93606945914684,274.9963153992173,282.37664794921875,603000.0
2025-06-27,283.7408261855393,285.61535852466034,278.32335075185694,280.10955810546875,579700.0
2025-06-30,279.7728483680149,280.88203146215227,274.6923666752493,280.6641540527344,559500.0
2025-07-01,280.5948034533509,284.5958109616864,274.2070879618662,282.0209045410156,677200.0
2025-07-02,281.02069446040576,282.0011276912999,275.712422223212,280.6641540527344,433400.0
2025-07-03,280.17886575281136,283.11028223786536,275.0092570351512,281.4564208984375,194500.0
2025-07-07,281.7238044746516,285.0711797010118,278.86168924896344,280.852294921875,293700.0
2025-07-08,278.94093512462433,284.46705403470514,278.0000940752612,283.21923828125,393800.0
2025-07-09,283.14000579251405,284.83348953099664,281.6743125870556,282.03082275390625,468100.0
2025-07-10,282.2586236193184,286.17047357821417,278.70328384032365,283.9917297363281,374500.0
2025-07-11,281.6148705412663,284.3878584251381,279.426213593807,283.86297607421875,528900.0
2025-07-14,283.8431457793246,286.1704656883092,281.5851573666221,281.79315185546875,404500.0
2025-07-15,281.5158521352183,282.6448312142105,275.87086607134466,277.7228088378906,402400.0
2025-07-16,278.3467400726967,283.5460583608747,275.930292583782,283.3182678222656,360400.0
2025-07-17,283.536125500842,285.78423088032,282.9518248272906,284.2491760253906,275900.0
2025-07-18,284.6750698280186,286.4973034816218,283.1400148548018,284.5958251953125,301100.0
2025-07-21,285.80402723668766,287.20041910807294,281.96147886260104,282.2486877441406,327700.0
2025-07-22,282.9023292405197,289.8941717391322,282.9023292405197,289.24053955078125,354600.0
2025-07-23,289.9833142239017,291.2509563512809,287.74512178689935,289.7555236816406,379000.0
2025-07-24,288.8642048815059,289.1415006398039,284.55619238193594,284.63543701171875,328100.0
2025-07-25,284.8236138461912,284.9721597528146,282.0110338632241,284.288818359375,310200.0
2025-07-28,283.28853763287657,287.09149389499686,280.34720801048275,280.42645263671875,365100.0
2025-07-29,280.3373449464004,288.65624813492946,279.7728402806395,287.8639831542969,657500.0
2025-07-30,282.1100520880464,282.52601086101896,264.402684402536,265.8683776855469,2675600.0
2025-07-31,262.491286301372,264.481892123506,256.30162165341494,257.6683044433594,1256400.0
2025-08-01,261.6692963482052,261.6692963482052,250.77548722500427,254.24169921875,830800.0
2025-08-04,253.0730845238136,256.1431791816377,251.91438117685584,252.0926513671875,723500.0
2025-08-05,252.98396877977208,258.40117956389696,252.3501477285129,254.87551879882807,761200.0
2025-08-06,255.20233843756588,256.3115214490795,250.80519848265817,252.0629425048828,889300.0
2025-08-07,253.2513649595391,256.04414886633225,251.85497300614256,254.53880310058597,581300.0
2025-08-08,255.66780676026536,255.66780676026536,251.5083552847288,252.13226318359372,367400.0
2025-08-11,250.8448102064361,253.52865535554253,248.71557168456772,249.64649963378903,437300.0
2025-08-12,250.53781121055323,251.8450756242496,248.3887614802971,251.5380706787109,382700.0
2025-08-13,252.7363635896599,256.72747293676423,250.8646097548693,256.2322998046875,382500.0
2025-08-14,253.12260339678883,255.7866373217016,251.0527832875649,253.7267303466797,370200.0
2025-08-15,253.4197234431281,257.08400186588966,252.776004368996,256.87603759765625,378400.0
2025-08-18,256.9255369139774,257.4009140248309,253.9842071533203,253.9842071533203,508300.0
2025-08-19,255.7767272620061,260.1342751474565,254.4992022993345,259.8272399902344,680600.0
2025-08-20,259.8272332964229,264.2342862940013,259.5103454589844,259.5103454589844,612700.0
2025-08-21,257.5890942454558,260.698766099486,257.5593850635788,260.2234191894531,359700.0
2025-08-22,261.67920401952847,266.1060530251868,261.67920401952847,264.17486572265625,394400.0
2025-08-25,263.18454777686463,264.09567973519734,260.7483041695657,262.8973388671875,274400.0
2025-08-26,263.71933503557085,264.501686882725,261.8475659481124,262.2139892578125,364900.0
2025-08-27,261.5999656808613,265.4920193354728,261.5999656808613,265.0364685058594,351600.0
2025-08-28,263.6994870645133,265.6405874894586,262.2337939463345,265.3236694335937,322300.0
2025-08-29,264.78889102225304,268.06693492707586,264.78889102225304,267.6014709472656,388700.0
2025-09-02,265.6703155298474,265.76932598423645,257.7277186392998,258.0842590332031,384000.0
2025-09-03,256.99486787503093,259.6589018712264,256.99486787503093,258.9854736328125,385500.0
2025-09-04,260.708661373261,262.00601259796457,256.3214345531422,261.94659423828125,435800.0
2025-09-05,263.3231938088413,267.2845790328334,262.1941845129776,265.5316467285156,418300.0
2025-09-08,262.71905582074254,264.01640700931654,261.609872840249,263.1448974609375,319100.0
2025-09-09,262.62994179697984,266.5418218319717,262.50119194030333,266.2644958496094,256400.0
2025-09-10,266.0268148355906,267.7599208382141,260.9364506352582,261.09490966796875,276000.0
2025-09-11,260.98596888928097,266.91813377448227,260.46108653977365,266.2149963378906,288100.0
2025-09-12,266.7794982294749,267.52225797424194,263.46183199158776,264.5115966796875,259300.0
2025-09-15,264.5215044861369,264.70967270219205,261.7782258746858,262.0753479003906,740500.0
2025-09-16,262.81810824769127,264.31354084523133,261.45142550596205,262.9864501953125,496700.0
2025-09-17,263.0656982717542,268.22539414543627,262.7190710145611,263.659912109375,379300.0
2025-09-18,263.95700979753974,267.00726323826035,262.788408365398,266.0367431640625,385000.0
2025-09-19,265.4920148827764,267.3142786166084,264.5809132388301,264.9671325683594,858700.0
2025-09-22,264.2144918414131,264.640333487233,261.5999631617405,263.818359375,366100.0
2025-09-23,264.9374459266574,266.046659231208,263.4321303477972,265.2543640136719,263100.0
2025-09-24,266.1357844638045,266.4031670969777,261.6792259064202,262.0357360839844,286700.0
2025-09-25,261.9069805466797,262.8973268713001,260.6591647292785,261.1147155761719,430900.0
2025-09-26,261.9862133586912,265.4524253384935,261.12461693081553,265.2147216796875,321300.0
2025-09-29,262.2635151173891,265.9376914377342,262.2436888486352,263.6499938964844,446000.0
2025-09-30,262.489990234375,268.2200012207031,262.3299865722656,267.6600036621094,358800.0
2025-10-01,268.6600036621094,270.489990234375,265.3699951171875,266.5899963378906,381200.0
2025-10-02,265.8599853515625,267.6600036621094,263.3500061035156,263.8800048828125,403900.0
2025-10-03,264.6600036621094,267.3299865722656,264.25,264.4700012207031,311300.0
2025-10-06,264.4700012207031,264.6700134277344,260.4200134277344,261.3399963378906,357400.0
2025-10-07,261.5,264.6700134277344,260.25,262.0799865722656,243300.0
2025-10-08,260.9700012207031,263.3299865722656,260.3999938964844,262.1099853515625,241900.0
2025-10-09,263.17999267578125,263.4100036621094,258.32000732421875,259.04998779296875,304300.0
2025-10-10,259.2200012207031,260.0899963378906,254.55999755859372,255.8600006103516,507300.0
2025-10-13,255.8600006103516,258.82000732421875,255.8600006103516,257.5799865722656,363200.0
2025-10-14,257.3299865722656,259.4599914550781,255.72000122070312,259.3699951171875,525200.0
2025-10-15,259.69000244140625,263.0599975585937,255.42999267578125,257.1499938964844,739100.0
2025-10-16,257.5599975585937,258.69000244140625,254.4199981689453,257.6000061035156,610600.0
2025-10-17,258.0799865722656,260.1199951171875,256.20001220703125,259.6199951171875,522600.0
2025-10-20,260.4100036621094,261.8099975585937,258.79998779296875,260.79998779296875,377100.0
2025-10-21,261.2900085449219,263.8800048828125,260.67999267578125,261.9800109863281,472200.0
2025-10-22,262.4599914550781,265.0,261.010009765625,264.2200012207031,703300.0
2025-10-23,265.6099853515625,266.5799865722656,260.6099853515625,263.760009765625,388800.0
2025-10-24,264.3900146484375,265.8800048828125,263.760009765625,264.6600036621094,306300.0
2025-10-27,264.6199951171875,264.6199951171875,261.6499938964844,262.32000732421875,434100.0
2025-10-28,261.0199890136719,262.8599853515625,255.75,256.1499938964844,510100.0
2025-10-29,253.8699951171875,254.7400054931641,246.6199951171875,247.17999267578125,859200.0
2025-10-30,250.16000366210935,255.3999938964844,243.25,249.82000732421875,1097300.0
2025-10-31,249.50999450683597,257.1700134277344,248.1699981689453,251.7700042724609,861200.0
2025-11-03,248.27999877929688,254.6499938964844,247.3999938964844,254.32000732421875,620000.0
2025-11-04,253.83999633789065,256.8500061035156,252.0500030517578,256.5599975585937,563500.0
2025-11-05,257.0,261.510009765625,255.94000244140625,260.3599853515625,552800.0
2025-11-06,259.9800109863281,260.5799865722656,256.1400146484375,256.260009765625,431300.0
2025-11-07,256.9700012207031,260.4200134277344,256.1499938964844,260.4200134277344,644700.0
2025-11-10,259.2099914550781,261.510009765625,256.010009765625,260.1499938964844,451200.0
2025-11-11,261.0899963378906,263.1300048828125,259.4100036621094,261.7099914550781,328600.0
2025-11-12,260.1000061035156,262.1199951171875,253.94000244140625,254.97000122070312,911800.0
2025-11-13,252.4499969482422,255.91000366210935,252.0200042724609,253.6100006103516,524400.0
2025-11-14,253.8500061035156,256.9700012207031,252.3300018310547,254.58999633789065,398200.0
2025-11-17,255.7400054931641,255.82000732421875,251.66000366210935,252.2899932861328,385900.0
2025-11-18,253.0500030517578,255.0500030517578,251.13999938964844,253.5800018310547,311000.0
2025-11-19,254.41000366210935,255.94000244140625,251.4499969482422,254.6300048828125,252000.0
2025-11-20,257.1199951171875,258.6099853515625,254.97999572753903,255.72999572753903,457400.0
2025-11-21,256.1000061035156,262.1700134277344,256.1000061035156,261.20001220703125,392200.0
2025-11-24,260.760009765625,262.1000061035156,259.1000061035156,260.25,492000.0
2025-11-25,260.1600036621094,263.5899963378906,259.75,261.1600036621094,383700.0
2025-11-26,259.6499938964844,263.7699890136719,259.6499938964844,262.1199951171875,264300.0
2025-11-28,261.8399963378906,264.70001220703125,261.1700134277344,263.6199951171875,142200.0
2025-12-01,261.42999267578125,263.9100036621094,260.0599975585937,260.239990234375,458800.0
2025-12-02,260.5400085449219,261.7099914550781,258.239990234375,260.7300109863281,438100.0
2025-12-03,260.3299865722656,262.8699951171875,259.57000732421875,259.7799987792969,459700.0
2025-12-04,259.9800109863281,262.1000061035156,257.1600036621094,257.57000732421875,396500.0
2025-12-05,256.7900085449219,258.7799987792969,255.0,255.3699951171875,314300.0
2025-12-08,255.3999938964844,255.6999969482422,252.00999450683597,252.22000122070312,412700.0
2025-12-09,253.41000366210935,255.5800018310547,250.77999877929688,252.1999969482422,486300.0
2025-12-10,252.3999938964844,257.2300109863281,252.3999938964844,255.2100067138672,635200.0
2025-12-11,256.6400146484375,259.010009765625,255.25,258.1300048828125,480800.0
2025-12-12,259.6600036621094,261.25,257.6000061035156,257.6199951171875,763400.0
2025-12-15,259.20001220703125,260.1600036621094,257.3800048828125,259.260009765625,614200.0
2025-12-16,258.25,259.07000732421875,252.55999755859372,255.44000244140625,626500.0
2025-12-17,255.5800018310547,264.1199951171875,255.4199981689453,262.45001220703125,542400.0
2025-12-18,263.57000732421875,263.57000732421875,260.44000244140625,261.07000732421875,489800.0
2025-12-19,260.0299987792969,260.9200134277344,257.3699951171875,257.3900146484375,1207600.0
