date,open,high,low,close,volume
2015-12-21,31.0791638824807,31.27120326866104,30.92631578060812,31.22025489807129,1985600.0
2015-12-22,31.322143550611663,31.561214210285637,30.9890132348684,31.553377151489254,2444800.0
2015-12-23,31.612163501382923,31.659191831307,30.844000224796265,31.255516052246094,3599600.0
2015-12-24,31.298628462214005,31.420122305645823,31.18105165301372,31.28295135498047,1028800.0
2015-12-28,31.208487030966943,31.361335094683355,31.08699318291097,31.35741806030273,1453400.0
2015-12-29,31.45147216394081,31.60432020066955,31.329978337336435,31.54945182800293,1699600.0
2015-12-30,31.3574258882001,31.490676852867143,30.98510121201809,31.22025489807129,2154600.0
2015-12-31,31.14577366876505,31.23983330172257,30.938057275520528,30.9929256439209,1879600.0
2016-01-04,30.66764468880225,30.69899890898421,30.40505982251007,30.65588760375977,3086000.0
2016-01-05,30.785221956177867,31.31039169621272,30.648047988461464,31.279037475585938,3858400.0
2016-01-06,30.96550419528658,31.56905948602413,30.74602764131644,31.38485717773437,5574800.0
2016-01-07,31.00468684093136,31.11834361630916,30.48735430582334,30.816564559936523,4977400.0
2016-01-08,30.941983832991987,31.286874243498133,30.57749927922701,30.636287689208984,2862200.0
2016-01-11,30.746021802467443,30.789133100054684,30.197337996997973,30.585336685180664,3741400.0
2016-01-12,30.867527479897216,31.251606253761015,30.73427352460535,31.161466598510746,2729200.0
2016-01-13,31.208488665801536,31.45147936474496,30.68331898144016,30.742107391357425,2457200.0
2016-01-14,30.867973228813632,31.206274176999315,30.73815944611972,31.01351928710937,2279400.0
2016-01-15,30.63983452618773,30.66737052674113,29.699672934322965,29.943565368652344,5302000.0
2016-01-19,30.372335703120427,30.59262367157292,29.998632470753027,30.250391006469727,4525600.0
2016-01-20,29.982896178307616,30.136311437060677,29.007329634330745,29.723268508911133,4956600.0
2016-01-21,29.81768185542726,30.03796982864229,29.08993922740176,29.298429489135746,3902000.0
2016-01-22,29.60919123391493,29.94356076216583,29.45971053979228,29.88848876953125,2442200.0
2016-01-25,29.89634943759984,30.081235236681938,29.644590945589577,29.707529067993164,3080000.0
2016-01-26,29.762599437032087,30.470668960575065,29.70752446182117,30.22284507751465,2476000.0
2016-01-27,30.222856957041305,30.54542278927942,30.00650054466265,30.136314392089844,2320400.0
2016-01-28,30.254326717412376,31.076475060071864,30.21498700625088,30.812915802001957,3832800.0
2016-01-29,31.01353909360537,31.67834070724588,30.95846709023624,31.63113784790039,5641200.0
2016-02-01,31.69800252578082,32.398206106321005,31.540652698410383,32.26445770263672,4003800.0
2016-02-02,32.20546195312068,32.20546195312068,31.86322622068903,31.993040084838867,4651400.0
2016-02-03,32.46902583050395,32.50049640828672,31.32037675222809,31.438386917114254,4296600.0
2016-02-04,31.391175198242287,31.391175198242287,30.773579539136254,30.85225296020508,3218400.0
2016-02-05,30.958467610819344,31.391180503423247,30.73424502156057,31.052879333496094,3932600.0
2016-02-08,31.03319419670726,32.15430659107907,30.883713544523573,32.02056121826172,4050000.0
2016-02-09,31.81994894331215,32.68143696899006,31.741275525956443,32.59489440917969,4434200.0
2016-02-10,32.57915780220071,33.122011562782376,32.49261524590544,32.78371047973633,2580500.0
2016-02-11,32.59488205356029,32.98825499362141,31.996953503996863,32.799434661865234,3423600.0
2016-02-12,32.89385959524023,33.20069013204859,32.3352675141496,32.64996719360352,3707000.0
2016-02-16,34.19198657824654,35.9700345381327,33.90875748720639,34.96299743652344,7179300.0
2016-02-17,34.9787336409123,35.26196273941336,34.31000060371691,34.986602783203125,5467300.0
2016-02-18,34.43588695218989,34.56963238665771,33.649140628405426,33.74354934692383,4288500.0
2016-02-19,33.58619030172581,34.04250448537079,33.36590235166174,33.63339614868164,4990100.0
2016-02-22,33.93236752894077,33.995305670035165,33.641269247632806,33.85369110107422,2071200.0
2016-02-23,33.86155184607415,34.38080413641236,33.767140156050395,34.278526306152344,2445200.0
2016-02-24,34.223455911576515,34.506684992415764,33.91662540773341,34.388671875,2407200.0
2016-02-25,34.53028453691706,34.6168270848208,34.22345404976602,34.514549255371094,2001600.0
2016-02-26,34.61683573134589,34.73484887181865,33.72781160972792,33.806488037109375,2164200.0
2016-02-29,33.70420007946908,34.05036725258931,33.40523574743011,33.44457244873047,4085000.0
2016-03-01,33.68847154271643,34.02677264377937,33.57832755654683,33.845821380615234,2430200.0
2016-03-02,33.9087631085956,34.16052167543482,33.69634425629908,34.10544967651367,2140900.0
2016-03-03,34.1054438667122,34.97086641884783,34.05037187717246,34.68763732910156,3850500.0
2016-03-04,34.624698638916016,34.76631319377445,34.317868103788925,34.624698638916016,2368600.0
2016-03-07,34.404411393585136,34.45948338817392,34.105446993532695,34.17625427246094,1685800.0
2016-03-08,34.0661057480053,34.58535805728397,34.026769042992925,34.3729362487793,1572900.0
2016-03-09,34.44375004757549,34.72697917927175,34.31787076695479,34.55389404296875,2357300.0
2016-03-10,34.585367313845495,34.63257317321363,33.8458268576055,34.23133087158203,2020700.0
2016-03-11,34.45948195946933,34.56175980283601,34.00317073733841,34.286399841308594,2219500.0
2016-03-14,34.12904502070792,34.54601947331665,34.034633332375414,34.49881362915039,1730000.0
2016-03-15,34.40439711935232,34.86071117227802,34.28638703756618,34.67975997924805,1688100.0
2016-03-16,34.56963157330961,35.19116187476385,34.333608281967194,34.947269439697266,2252800.0
2016-03-17,34.88432317234618,34.9157937375163,34.42014284028075,34.65616607666016,2718500.0
2016-03-18,34.72698474016973,34.78992589115836,34.270673400299245,34.38081741333008,3892000.0
2016-03-21,34.31000171561856,34.54602497161889,34.14478573653818,34.32573699951172,2004300.0
2016-03-22,34.357191950729586,34.49880645257108,34.168374615739204,34.25491714477539,1745400.0
2016-03-23,34.20772028700841,34.60896248124996,34.03463518351612,34.3729362487793,2211500.0
2016-03-24,34.26279513907763,34.490952248903774,33.89302647960604,34.04250717163086,1434700.0
2016-03-28,34.04250956092382,34.5302913807334,34.04250956092382,34.4594841003418,1332000.0
2016-03-29,34.51454873242706,35.15181411999165,34.48308117101,34.93152618408203,2232300.0
2016-03-30,35.15181217613148,35.15181217613148,34.20771635827232,34.57748794555664,2659300.0
2016-03-31,34.53816573655329,34.64830974463136,33.83009282576688,34.01891326904297,2885700.0
2016-04-01,33.885164900851095,34.56963338191362,33.845828183769186,34.5460319519043,3021400.0
2016-04-04,34.56176272223667,34.601099434177826,33.95596775450693,34.26279830932617,2164700.0
2016-04-05,33.49965631705245,33.727810445586655,32.98827006091983,33.23216247558594,5827900.0
2016-04-06,33.184950384664006,33.83794808008628,33.16921510268781,33.830081939697266,3219400.0
2016-04-07,33.85367676685642,33.94808844032078,33.114136665237695,33.19281005859375,2922200.0
2016-04-08,33.30296801080123,33.318700293710684,32.49261738582998,32.90172576904297,3516300.0
2016-04-11,32.988263792047086,33.082672482506595,32.24872354791762,32.39033508300781,3462400.0
2016-04-12,32.41394543791725,32.437546864551386,31.926163613219877,32.00483703613281,4812800.0
2016-04-13,32.0048300913763,32.1385754815465,31.06860335659069,31.32822799682617,6597500.0
2016-04-14,31.284800537698384,31.58485752761744,30.96895376972225,30.99264144897461,4452300.0
2016-04-15,31.00053193472817,31.276901206139737,30.6373068476726,31.158456802368164,3544200.0
2016-04-18,31.111083984375,31.237423286343198,30.95315910387312,31.111083984375,2058200.0
2016-04-19,31.25322926338148,31.36377582272961,30.8426256056828,31.166370391845703,2317900.0
2016-04-20,31.07950166307938,31.300594711653385,30.455699976412003,30.471492767333984,3158300.0
2016-04-21,30.43201967261028,30.447812467360315,29.713464078405284,29.879283905029297,4104300.0
2016-04-22,30.00561973991382,30.05299811862021,29.60291406349488,29.73714828491211,3745200.0
2016-04-25,29.816101108576586,30.147743644772053,29.666074135158656,29.934545516967773,2832300.0
2016-04-26,30.116159725156283,30.408318799857344,30.03719878999381,30.19512367248535,3437300.0
2016-04-27,30.25039019092165,31.04001141531585,30.210906719969195,30.455690383911133,3270900.0
2016-04-28,30.353053611563343,30.81103559131752,30.33726081789933,30.58204460144043,2478100.0
2016-04-29,30.455701773176937,30.66100505510791,30.163542654301224,30.43990898132324,2854600.0
2016-05-02,30.44780462086368,30.929471181858663,30.43990671944017,30.566246032714844,2344000.0
2016-05-03,30.51885566599286,30.66098770005801,30.28196693444071,30.42409896850586,2577400.0
2016-05-04,30.34515872081504,30.795242797653504,30.34515872081504,30.58204460144043,2971300.0
2016-05-05,30.589935755309813,30.90578252240272,30.068785728048127,30.155641555786133,3464200.0
2016-05-06,30.163542654301224,30.534662720278355,29.895071217122524,30.43990898132324,2765600.0
2016-05-09,30.64520104112603,31.600642007143662,30.566237110773777,31.379549026489254,4691600.0
2016-05-10,31.47431712184698,31.663824617009595,31.2690138212256,31.584863662719727,3115200.0
2016-05-11,31.505900432783907,31.853332823598823,31.498002530624984,31.592756271362305,3387600.0
2016-05-12,31.65591197024011,31.971761634570104,31.482194353642047,31.75066566467285,2594200.0
2016-05-13,31.66381365382812,32.003351061615355,31.395342285163007,31.50589179992676,2120100.0
2016-05-16,31.474309404157264,31.869120103131305,31.42693103590041,31.77436637878418,2916800.0
2016-05-17,31.584848454757545,31.75856608515179,30.44779499476599,30.63730239868164,5410700.0
2016-05-18,30.510975810698604,30.510975810698604,27.747300421872037,28.015771865844727,12774800.0
2016-05-19,28.007873252527357,28.165795129732984,27.447239744647145,27.92890930175781,8261800.0
2016-05-20,27.999978682529903,28.094735434726584,27.423555328085317,27.526206970214844,7726200.0
2016-05-23,27.55778836203754,27.770983491629934,27.478824413886077,27.53409767150879,3291400.0
2016-05-24,27.660437179309312,27.786776485111897,27.320899730183623,27.47882461547852,3385100.0
2016-05-25,27.47092847579548,27.541994520333844,27.06821988602257,27.32879638671875,4454200.0
2016-05-26,27.376169481446382,27.69991711152194,27.17086926537772,27.557785034179688,3754700.0
2016-05-27,27.597270891951133,27.636751362893325,27.336694361832336,27.46303367614746,2106000.0
2016-05-31,27.50250656009476,27.739392306621617,27.09190319377089,27.17086410522461,4306600.0
2016-06-01,27.19455946981146,27.455135973226405,26.997154123163728,27.186664581298828,2934200.0
2016-06-02,27.17087367668182,27.305110888039582,27.00505389691642,27.06822204589844,2493400.0
2016-06-03,27.210357036726894,27.51041405972352,27.131396089070083,27.376176834106445,2786800.0
2016-06-06,27.297211497841147,27.376172432803305,26.783956384087343,26.85502243041992,3789600.0
2016-06-07,26.855024229790388,27.336693796966056,26.791856080021518,27.16297912597656,3424400.0
2016-06-08,27.07611987819984,27.297212917324224,26.933987778143667,27.27352523803711,3363000.0
2016-06-09,27.265622979550468,27.613058285127646,27.18666205310089,27.557785034179688,2656100.0
2016-06-10,27.38406887260425,27.52620095768637,27.25772957610529,27.447237014770508,2653900.0
2016-06-13,27.32090989418554,27.51831532120182,27.00506301826016,27.19457054138184,3114900.0
2016-06-14,27.068223745884172,27.194563063949552,26.92609163653976,27.123497009277344,3115800.0
2016-06-15,27.210356594122327,27.265629859016435,26.918197477943902,26.9892635345459,2276500.0
2016-06-16,26.98926357228223,27.62885808259449,26.98136567033373,27.605167388916016,2824300.0
2016-06-17,27.534094287572188,27.589367538401827,27.202454782594355,27.5419921875,2907400.0
2016-06-20,27.668341219456316,27.82626613979238,27.33669858553384,27.35249137878418,2366000.0
2016-06-21,27.3840704314067,27.715709974032187,27.28931670668036,27.57357788085937,3015600.0
2016-06-22,27.57358274972652,27.66833950335134,27.297216415405277,27.297216415405277,1624100.0
2016-06-23,27.56568598959298,27.60516646150803,27.186668037308003,27.313007354736328,2048200.0
2016-06-24,26.712893058676457,28.110520267701503,26.610241434611567,27.90522003173828,5930700.0
2016-06-27,27.70781777871005,28.44216599409628,27.66833730725027,28.27634620666504,5820300.0
2016-06-28,28.307930110297526,28.639572712952667,27.376176481544693,27.620960235595703,4093800.0
2016-06-29,27.83415773600523,28.04735590140063,27.55779141725211,27.88943099975586,2552000.0
2016-06-30,27.8973353261903,28.9317377964573,27.87364462757917,28.9001522064209,4686000.0
2016-07-01,29.010702559894188,29.294963841443412,28.53692773297666,28.64747428894043,2908400.0
2016-07-05,28.552704666080885,29.152815498852576,28.489536531552,29.00278854370117,3785200.0
2016-07-06,28.90803533805189,29.516044080806584,28.84486419025945,28.923828125,3829500.0
2016-07-07,29.018583590499144,29.07385684207917,28.71852664466021,28.773799896240234,2377900.0
2016-07-08,28.829073245881524,28.986998113290053,28.655358602681822,28.908037185668945,3079600.0
2016-07-11,28.915941505223408,28.963319884549502,28.686953535565504,28.75801658630371,2159500.0
2016-07-12,28.647467033194904,28.78170425441437,28.568506088124845,28.639572143554688,2148600.0
2016-07-13,28.647462847871857,28.908039350434024,28.536916336057555,28.868558883666992,2059100.0
2016-07-14,28.801173981598723,29.12620773724393,28.76946263369173,29.1024227142334,2586900.0
2016-07-15,29.094502013809112,29.149995371293883,28.729830514863124,28.753612518310547,2556000.0
2016-07-18,28.80909816380631,29.0786385526474,28.753604821176708,28.9597225189209,1896200.0
2016-07-19,28.983507091821167,29.20548045890591,28.920084401705346,29.189624786376957,2060500.0
2016-07-20,29.292691001870303,29.31647300333803,29.070714566248167,29.205486297607425,1430100.0
2016-07-21,29.14999546176367,29.213415145874023,28.943874684042367,29.213415145874023,1560500.0
2016-07-22,29.18170261895205,29.364038342767195,29.13413559458954,29.23719596862793,1411400.0
2016-07-25,29.205483659475743,29.387819377300055,29.015218592437837,29.18170166015625,1354700.0
2016-07-26,29.237194298260327,29.41160066263724,28.9755802154541,28.9755802154541,1451700.0
2016-07-27,29.0548620622308,29.134137416966333,28.69018756762891,28.706043243408203,2737500.0
2016-07-28,28.78532041198874,29.070713491533503,28.49199495864645,29.023149490356445,2809800.0
2016-07-29,29.09450065375429,29.689074905435263,29.09450065375429,29.60979652404785,5806200.0
2016-08-01,29.60979686077937,29.78420627765409,29.2768367276488,29.76835060119629,2119200.0
2016-08-02,29.57016644190879,29.760431581956013,29.197568538232428,29.260988235473636,2080900.0
2016-08-03,29.30061782106254,29.30061782106254,28.53956351966997,28.642623901367188,2502100.0
2016-08-04,28.78531825937613,28.97558029817787,28.595053196413808,28.76946258544922,1734900.0
2016-08-05,28.817028388447223,28.959726438568808,28.63469266310537,28.864595413208008,1743500.0
2016-08-08,28.912167209689034,28.920093536376957,28.58713338058138,28.920093536376957,1441900.0
2016-08-09,28.76153738910521,29.062789188891188,28.65848002994137,28.92802047729492,1447500.0
2016-08-10,28.93594869714655,29.1817071583409,28.872525988130764,29.149995803833008,1016800.0
2016-08-11,29.19755479714824,29.27683013743128,28.76153135311037,28.880447387695312,1713000.0
2016-08-12,28.98351521939226,29.411606401078323,28.95973019184886,29.379898071289062,1720300.0
2016-08-15,29.22926508170078,29.25305010471132,28.92801634906611,29.1024227142334,2214900.0
2016-08-16,29.039012063282662,29.094505427278115,28.5474950905208,28.69019317626953,3694300.0
2016-08-17,28.64261788031765,28.959722260491283,28.436497160252472,28.81702423095703,3689400.0
2016-08-18,29.356116745233763,30.07753350568233,29.22927433759978,29.36404609680176,5737600.0
2016-08-19,29.530514309703094,30.680024867530317,29.42745394991105,30.648313522338867,5060200.0
2016-08-22,31.05262980909021,31.710626766083735,30.86236774202388,31.32217025756836,3918700.0
2016-08-23,31.3776602193288,31.433153562887156,30.894072776182774,30.981277465820312,1911700.0
2016-08-24,31.09226328253816,31.12397160356928,30.57696450773827,30.648313522338867,2344600.0
2016-08-25,30.69588903182881,30.727597361631712,30.410492894474515,30.46598625183105,3040100.0
2016-08-26,30.41842122053525,30.465988254608327,29.958618654474343,30.061676025390625,2384000.0
2016-08-29,30.12509415049973,30.47390994143917,29.998251769779856,30.442201614379883,2529900.0
2016-08-30,30.35500210696483,30.410495469019423,29.934834191772516,30.02996826171875,2117500.0
2016-08-31,30.18058671198138,30.410489466060387,30.02203298419721,30.33121109008789,2505400.0
2016-09-01,30.20437357731243,30.38671235933566,30.006182141702347,30.29157829284668,2024300.0
2016-09-02,30.31535499354348,30.569039719501124,30.28364364675865,30.489761352539062,1694600.0
2016-09-06,30.489772492678448,30.64832626037336,30.378785762540485,30.640399932861328,1351200.0
2016-09-07,30.584901249646883,30.632465254771752,30.006179644565137,30.17266273498535,1956300.0
2016-09-08,30.09338224978947,30.14887560133108,29.72871078989865,29.73663711547852,2269200.0
2016-09-09,29.60187088948338,29.60187088948338,28.539564747365016,28.5474910736084,3090400.0
2016-09-12,28.53956397040029,28.983513831971152,28.53956397040029,28.92802047729492,2896500.0
2016-09-13,28.824962828607948,29.086573950592054,28.674335402344354,28.967660903930664,3248500.0
2016-09-14,29.07863897363478,29.14205864148948,28.7536052374584,28.801172256469727,1385600.0
2016-09-15,28.72982423840751,29.094495657685627,28.68225721774321,29.07863998413086,1592200.0
2016-09-16,29.07864225791389,29.118279932819995,28.64262178562528,28.832883834838867,2560600.0
2016-09-19,29.09450161158689,29.09450161158689,28.80117915119944,28.99937057495117,2190700.0
2016-09-20,29.126205546400488,29.284756225688263,28.84873580932617,28.84873580932617,1381200.0
2016-09-21,29.514673203840584,29.697008992441305,28.81703838611822,29.625659942626957,2757400.0
2016-09-22,29.70492746735713,29.99824988733517,29.56222941998172,29.92690086364746,2393200.0
2016-09-23,29.80006406826863,30.117171571599567,29.80006406826863,30.02203750610352,2226100.0
2016-09-26,29.926896971296063,29.950678968045263,29.562225575060204,29.593936920166016,2113700.0
2016-09-27,29.85555232498754,30.394633174016757,29.83177032475885,30.32328414916992,2546700.0
2016-09-28,30.36291791205892,30.49768961903149,30.220219880751667,30.41841125488281,2104000.0
2016-09-29,30.259868037018595,30.402566117776527,30.014112583394372,30.02996826171875,2036000.0
2016-09-30,30.10922727707145,30.323274281960938,29.99031429046159,30.069589614868164,2599200.0
2016-10-03,29.990319292887484,30.442195370530012,29.8476212658256,30.15679931640625,2445800.0
2016-10-04,30.06959500796232,30.14887034658722,29.348178539498548,29.411598205566406,2440800.0
2016-10-05,29.37990432602337,29.451253375520857,29.134145816829417,29.260988235473636,3167800.0
2016-10-06,29.213411425759727,29.84762633106772,29.110354074183853,29.63357925415039,3509100.0
2016-10-07,29.633572595107275,29.728703599862,29.197552213807988,29.68906593322754,2720400.0
2016-10-10,29.926908824097666,30.18059363709749,29.720791047595878,29.974475860595703,2509100.0
2016-10-11,29.926903612185352,30.077527998621573,29.792134901820468,29.966541290283203,1843000.0
2016-10-12,29.9982579404451,30.31536546955452,29.911053218731936,30.212305068969727,1564100.0
2016-10-13,30.05374527370135,30.29157436072884,29.847627538053768,30.16473197937012,1922000.0
2016-10-14,30.164736420468262,30.25194113752155,30.02203834241041,30.061676025390625,1150600.0
2016-10-17,30.283649445824796,30.315360798682075,30.061672999984854,30.17266273498535,1272500.0
2016-10-18,30.32328807612569,30.537335178385916,30.13302297717399,30.33914375305176,1360700.0
2016-10-19,30.37877906494314,30.37877906494314,29.998251920866966,30.16473197937012,2043700.0
2016-10-20,30.216458410123327,30.280120687090506,29.87426494370332,30.0413818359375,1847900.0
2016-10-21,29.977715531960293,30.06525381615856,29.78672567164508,30.00954818725586,1409000.0
2016-10-24,30.07321205084496,30.303994237039863,29.96180079840023,30.232372283935547,1386800.0
2016-10-25,30.208496491300075,30.29603477191097,29.874262731580973,30.26420211791992,2489100.0
2016-10-26,30.303998451898423,30.598442950845275,30.240333135515662,30.28808212280273,1707000.0
2016-10-27,30.264196895877397,30.351735161383694,29.9617958423282,30.176658630371094,2157700.0
2016-10-28,30.15279043534409,30.566605824148628,30.10504449076633,30.4154052734375,1660400.0
2016-10-31,30.41540685522237,30.741683981630818,30.30399559777496,30.638229370117188,2666000.0
2016-11-01,30.60640223496041,30.90880644237873,30.272168402337236,30.33583068847656,2380900.0
2016-11-02,30.35969401907335,30.542727189388824,30.025457290350207,30.06524658203125,2304400.0
2016-11-03,30.00158285832173,30.02545582501961,28.92725382099388,28.99091911315918,4060400.0
2016-11-04,29.04662472593971,29.35698543592502,28.959086467076528,28.99091911315918,3049700.0
2016-11-07,29.25355172307649,29.58778867392765,29.03072911299598,29.51616668701172,3825700.0
2016-11-08,29.555949790894683,30.518865051406777,29.555949790894683,29.778772354125977,3289300.0
2016-11-09,29.126217298553406,29.50820316360661,28.52936855853609,29.34904289245605,3577700.0
2016-11-10,29.205788335577868,29.25353427455643,27.51073768008176,27.677854537963867,5857800.0
2016-11-11,27.590316268865077,27.88476372596621,27.45503206078772,27.677854537963867,3578400.0
2016-11-14,27.677857723781457,28.17125474536117,27.558489826866825,27.908639907836918,3813400.0
2016-11-15,28.08372486620397,28.513456709381558,28.051892203213814,28.402042388916016,2485900.0
2016-11-16,28.42591797557197,28.521412927373248,28.258798015257508,28.449790954589844,1975000.0
2016-11-17,28.409994716335948,28.656690201308265,28.13942322243831,28.600984573364254,2138300.0
2016-11-18,28.62485968611837,28.648732658567244,28.187168286362656,28.314498901367188,2633000.0
2016-11-21,28.31450255117342,28.31450255117342,26.86614697608988,27.80518913269043,5697200.0
2016-11-22,29.158046551010354,29.26945781707155,28.2030880714826,28.537324905395508,5324600.0
2016-11-23,28.457738897360237,29.22170738526801,27.956388276965296,28.035966873168945,4187400.0
2016-11-25,28.099636487699676,28.62486319608054,28.043930854669075,28.537324905395508,1693400.0
2016-11-28,28.56915991045162,28.59303288778932,27.916605553564832,28.107595443725582,3248700.0
2016-11-29,28.17125550864899,28.314499417410826,28.03596824560548,28.226961135864254,2416900.0
2016-11-30,28.1155528970144,28.314502454330167,27.176510743625627,27.24813270568848,5609300.0
2016-12-01,27.240169899661147,27.33566482621776,26.436415115995743,26.49212074279785,4379200.0
2016-12-02,26.46029100294491,27.009390685782567,26.43641802760872,26.90593910217285,3390200.0
2016-12-05,26.90594242329449,27.25609259293964,26.826360769468533,26.890026092529297,3829900.0
2016-12-06,26.842279059813396,26.85023874364192,26.404590556871756,26.508045196533203,2754300.0
2016-12-07,26.523958891457056,26.96164735088385,26.476209900422827,26.95368766784668,3244000.0
2016-12-08,26.75473892083857,27.23221973878162,26.635370993150087,27.12876510620117,2897200.0
2016-12-09,27.14467399132918,27.43116179636625,27.025303060654117,27.36749649047852,2778300.0
2016-12-12,27.295881997061944,27.765403131216573,27.25609268787522,27.5107479095459,1864100.0
2016-12-13,27.65399306657445,27.988226921307916,27.606244072014032,27.741531372070312,2381700.0
2016-12-14,27.85294281710211,27.964354102653743,27.264050690390818,27.319759368896484,2050700.0
2016-12-15,27.39137557664476,27.60624147838508,27.04122542328805,27.423208236694336,2194200.0
2016-12-16,27.4470851969304,27.797235362372515,27.423209183204367,27.558496475219727,3711800.0
2016-12-19,27.614192274082928,27.85293107616145,27.566443299375795,27.677854537963867,1616800.0
2016-12-20,27.653984056359526,27.813144283973557,27.43911820443992,27.75743865966797,1449000.0
2016-12-21,27.646032049742068,28.028014838670728,27.622156038370093,27.661945343017575,1435300.0
2016-12-22,27.74948732725634,28.203092139202624,27.67786535506852,27.972312927246094,2540100.0
2016-12-23,27.940473931114138,28.13942347145448,27.78131369169605,28.099634170532227,1305900.0
2016-12-27,28.11554888988986,28.322455064288373,27.93251265180449,28.195127487182617,1387600.0
2016-12-28,28.131471191598862,28.147387523301383,27.661950031429203,27.733572006225582,1522100.0
2016-12-29,27.80518627273957,28.163296047444646,27.781313299668906,28.043928146362305,1202200.0
2016-12-30,28.043933781062435,28.091679736797072,27.590325951475943,27.701740264892575,1893600.0
2017-01-03,27.76540441590425,28.290631214368144,27.61420381970686,28.083724975585938,2579600.0
2017-01-04,28.2587937045132,28.62486319608054,28.171258449557488,28.537324905395508,2941300.0
2017-01-05,28.521401166061203,28.79992925884628,28.409989928947173,28.77605628967285,2580300.0
2017-01-06,28.712403399013724,28.98297189990833,28.537326805983547,28.919309616088867,2298600.0
2017-01-09,28.56915405991836,29.014799069518432,28.091673360838204,28.314498901367188,3690200.0
2017-01-10,28.18717335190741,28.27471164759015,27.733568579487315,27.78927421569824,3204900.0
2017-01-11,27.813144983159415,28.03596748598321,27.70173373174752,27.908639907836918,1985700.0
2017-01-12,27.876665604445066,28.38845701752325,27.868667147699654,28.308490753173828,2378800.0
2017-01-13,28.26849956291744,28.508404414503165,28.236514893153995,28.41244125366211,1611500.0
2017-01-17,28.452425655663347,29.09216476880712,28.42043793737698,29.068172454833984,2695500.0
2017-01-18,28.94821716257856,29.260089725751936,28.740300086785584,28.924224853515625,2568000.0
2017-01-19,28.844264017404104,29.036187273209112,28.732310055899788,28.972211837768555,2774500.0
2017-01-20,29.116146285995463,29.380040315874663,28.852255306632173,29.00419235229492,3180600.0
2017-01-23,28.964219824902624,29.092167660247984,28.82827353393236,28.94022750854492,2673700.0
2017-01-24,28.948216680647757,29.276083094232728,28.948216680647757,29.22010612487793,1561500.0
2017-01-25,29.24409803131236,29.332062719840383,29.172127199836364,29.20411491394043,2643600.0
2017-01-26,29.180125217031243,29.300074567352357,28.796278754558127,28.916231155395508,1936700.0
2017-01-27,28.90024641007296,29.0201988487282,28.764303160079763,28.884252548217773,1679800.0
2017-01-30,28.93222153055659,29.124141688181545,28.78028448489384,29.00419235229492,1641000.0
2017-01-31,29.036185252227398,29.132145348192537,28.84426200978066,29.028186798095703,3585700.0
2017-02-01,28.83627198196755,28.948225956550644,28.28449446364084,28.484413146972656,3400900.0
2017-02-02,28.716321621752986,28.860263328169168,28.47641979456509,28.76430320739746,2094800.0
2017-02-03,29.012188157668497,29.02018661048164,28.7642910297482,28.90023422241211,2291600.0
2017-02-06,28.924229857746194,29.020193009568512,28.66833422058658,28.684328079223636,2046400.0
2017-02-07,28.78828440699084,29.100156999983955,28.676330455712943,28.98820304870605,2050200.0
2017-02-08,28.96421273243909,29.212109886802352,28.96421273243909,29.17212677001953,1262400.0
2017-02-09,29.17212729694197,29.571964573024804,29.01219177640556,29.523983001708984,1886100.0
2017-02-10,29.484011688431387,29.803882857567903,29.404045421406035,29.69192886352539,1896700.0
2017-02-13,29.699917148251007,29.851857289889885,29.507996933203856,29.78788185119629,1500400.0
2017-02-14,29.731902209062003,30.06776408062118,29.64393751398225,30.05976867675781,1833500.0
2017-02-15,29.95580968456852,30.339653125234047,29.843855729022305,30.283676147460938,2640800.0
2017-02-16,30.20370317493482,30.36363866885516,29.61194276258432,29.77987670898437,3163700.0
2017-02-17,29.619947307931334,29.97180302652066,29.4760056388456,29.795873641967773,2523200.0
2017-02-21,29.96380687796884,30.1397332076315,29.80387135512576,30.06776237487793,1804100.0
2017-02-22,30.06776932237301,30.16373248856205,29.73190739226261,29.82786750793457,1997400.0
2017-02-23,28.156550290342217,28.572381571817044,27.34088159020129,28.22052574157715,9063700.0
2017-02-24,28.14054519210911,28.22850987717756,27.572777016415166,27.71671867370605,4444500.0
2017-02-27,27.68473456991426,27.82867624596976,27.57278061087478,27.70872688293457,2448900.0
2017-02-28,27.70873204770073,28.29249426472873,27.70873204770073,28.188535690307617,4096700.0
2017-03-01,28.228516165965896,28.308485465896613,28.10056833659362,28.20452690124512,2672800.0
2017-03-02,28.228518196082764,28.47641846792098,28.11656421864521,28.14855194091797,2287700.0
2017-03-03,28.188526682875267,28.340463742696425,27.980612650987567,28.284486770629883,1751300.0
2017-03-06,28.03659470649727,28.116560952372463,27.88465456861096,27.98861312866211,2542600.0
2017-03-07,27.988616220421864,28.06858247513053,27.83667911626858,27.8686637878418,2031900.0
2017-03-08,27.876657821493787,28.020599497549284,27.68473456991426,27.70872688293457,2405700.0
2017-03-09,27.812682273117712,27.932634686176343,27.62875747680664,27.62875747680664,1772300.0
2017-03-10,27.8126779387944,28.0685735329586,27.77269482417801,28.044584274291992,1844500.0
2017-03-13,28.044590427680586,28.180536707824203,27.860665619676556,27.94063186645508,2232200.0
2017-03-14,27.93262967358355,28.012595900928076,27.676734085461835,27.74870491027832,1658100.0
2017-03-15,27.820682455019163,28.42043845651877,27.73271775338321,28.33247375488281,1901800.0
2017-03-16,28.268499763557703,28.268499763557703,27.9246393943956,27.980619430541992,2226800.0
2017-03-17,28.028595397704347,28.03659385235824,27.76470435394229,27.924636840820312,3587900.0
2017-03-20,27.94062520414584,28.068572998793,27.81267740949868,27.94862365722656,1375100.0
2017-03-21,27.93263286700528,28.036591414851134,27.51680172613824,27.572778701782227,3160300.0
2017-03-22,27.62875915413097,27.772700838333304,27.41284662782748,27.74071311950684,1738500.0
2017-03-23,27.70073212274346,27.988615513248163,27.644755135758324,27.764707565307617,1860600.0
2017-03-24,27.836667435726053,27.924629058789176,27.50080259574434,27.604761123657227,1820000.0
2017-03-27,27.57277272324403,27.71671435812273,27.260900197845416,27.308881759643555,2530000.0
2017-03-28,27.308882205317992,27.500802354611203,27.156942115735447,27.46081924438477,2739400.0
2017-03-29,27.45282946531572,27.65274810791016,27.38885403543763,27.65274810791016,3648900.0
2017-03-30,27.5567893254878,27.69273561024161,27.300893666498517,27.35687065124512,2971000.0
2017-03-31,27.388864091582693,27.748718390480715,27.268911641777517,27.69274139404297,2436000.0
2017-04-03,27.676736710983864,27.89264920591561,27.47681807314147,27.59676742553711,2033600.0
2017-04-04,27.588773408975044,27.660744244236508,27.284896210035924,27.500808715820312,1485200.0
2017-04-05,27.572779441325697,27.820679661909832,27.49281320269415,27.556785583496094,2206400.0
2017-04-06,27.556785490938637,27.60476706426628,27.36486529866096,27.49281311035156,1753600.0
2017-04-07,27.500812766392013,27.588777472502997,27.380863390299982,27.388858795166016,1863700.0
2017-04-10,27.42083773599419,27.572774783936637,27.364860768304037,27.50880241394043,1087800.0
2017-04-11,27.46082835620839,27.58078077720509,27.2449158287244,27.42884063720703,1147600.0
2017-04-12,27.308892544437995,27.500812766392013,27.164950852714018,27.388858795166016,3948400.0
2017-04-13,27.461186412144865,27.597810831618386,27.316529770545905,27.356712341308597,1416200.0
2017-04-17,27.477254864743408,27.726391661598484,27.404925024736,27.694244384765625,1320000.0
2017-04-18,27.70227854192029,28.03981570035333,27.678166555080367,27.927303314208984,1662800.0
2017-04-19,27.935350770597477,28.047866271496737,27.742473186238023,27.758546829223636,1147400.0
2017-04-20,27.78264700117722,27.88712411477588,27.525474925959735,27.7504997253418,2002200.0
2017-04-21,27.734433456204822,28.03982652631554,27.726398167977543,27.879093170166016,2009800.0
2017-04-24,28.04786143106204,28.10411763893614,27.943384302552964,28.080005645751957,1476300.0
2017-04-25,28.104108620743485,28.48986666483902,28.08803498568962,28.47379302978516,2620300.0
2017-04-26,28.42558124596909,28.42558124596909,28.03982307808951,28.080005645751957,2438300.0
2017-04-27,28.1603779623289,28.208595824277307,28.05590081855094,28.120195388793945,1352000.0
2017-04-28,28.08804301674509,28.224664355167693,28.039822097795955,28.19252014160156,2166700.0
2017-05-01,28.023749106344237,28.12822623361729,27.951419259114168,28.047861099243164,1865100.0
2017-05-02,28.04786429455705,28.10412050817453,27.87909258797092,27.975534439086918,1223600.0
2017-05-03,27.96749146071154,28.01571237829594,27.67013679994076,27.79068756103516,1446900.0
2017-05-04,27.774608370974885,28.15232808649768,27.75049638413496,27.927303314208984,1518400.0
2017-05-05,28.015706779246,28.136254450515256,27.774608370974885,27.927303314208984,1109800.0
2017-05-08,27.9514179768383,28.120189656454933,27.581733470503245,27.71031951904297,2103400.0
2017-05-09,27.766575569376357,27.879087978006744,27.581733317235965,27.79068756103516,1747600.0
2017-05-10,27.814795967540675,27.91927308748924,27.63798900543282,27.662097930908203,2239300.0
2017-05-11,27.5254823362542,27.694250981225927,27.412969906273048,27.63799476623535,1424100.0
2017-05-12,27.629955251653943,27.94338356315427,27.60584325910778,27.6540641784668,1245300.0
2017-05-15,27.646025677476104,27.80675592518731,27.533510212052114,27.7504997253418,1682300.0
2017-05-16,27.76657577811852,27.79068776995859,27.46118276258787,27.469221115112305,1873300.0
2017-05-17,27.469217674420342,27.6701335421,27.429035114030984,27.47725296020508,2583400.0
2017-05-18,27.46118280199903,27.597807203511408,27.19597541724347,27.445112228393555,3416700.0
2017-05-19,27.557632295182284,28.063938279233906,27.48530243092718,27.99161148071289,2554600.0
2017-05-22,28.07197033168253,28.409507578604536,27.959457916041863,28.296995162963867,2267400.0
2017-05-23,28.296995162963867,28.46576378642487,28.24073895514353,28.296995162963867,2120000.0
2017-05-24,28.31307496332784,28.51399091089537,28.224671455880674,28.44969940185547,2347100.0
2017-05-25,27.36475066410892,27.838912409457244,26.472683391865964,26.62538146972656,7972600.0
2017-05-26,26.59322734740588,27.01113276687693,26.57715370830316,26.61733627319336,4113000.0
2017-05-30,26.56108704737978,26.818259209121617,26.44053932103866,26.73789405822754,2767700.0
2017-05-31,26.79414892508328,27.08346835887854,26.778075282568672,27.027212142944336,3091900.0
2017-06-01,27.17990365609332,27.27634243305644,26.90665789991993,27.252233505249023,2365600.0
2017-06-02,27.33259757542443,27.44511305418081,27.244197155001547,27.412965774536133,1972400.0
2017-06-05,27.38082184769016,27.501372628252565,27.21205320748975,27.45315170288086,1113500.0
2017-06-06,27.461186078536503,27.73443184843041,27.40492986700543,27.726396560668945,1858800.0
2017-06-07,27.73442923007489,28.12019045234556,27.73442923007489,28.11215209960937,2022700.0
2017-06-08,28.112151359071653,28.12822499838729,27.324561427004795,27.469221115112305,2359000.0
2017-06-09,27.54958201013357,27.9996346445749,27.509399450889266,27.943378448486328,1995300.0
2017-06-12,27.975532279121342,28.160374547554937,27.911237716674805,27.911237716674805,1653000.0
2017-06-13,27.92730799082273,28.00767311845991,27.70228318085213,27.87105178833008,1737900.0
2017-06-14,28.007679949846143,28.256816811461643,27.75854615396449,27.90320587158203,1552500.0
2017-06-15,28.047860409273326,28.07196933584582,27.71032010859197,27.806758880615234,2276900.0
2017-06-16,27.927306324340947,27.943379962055857,26.914691674165027,27.28437614440918,4102200.0
2017-06-19,27.32456345313297,27.63799177869567,26.89058435663071,27.605844497680664,2353200.0
2017-06-20,27.5897699231275,27.597805209349623,27.244194366649005,27.276338577270508,2211100.0
2017-06-21,27.252230324691052,27.348669090398985,26.962910961834176,27.324560165405277,2414800.0
2017-06-22,27.348669636795652,27.887125809699967,27.171865740420948,27.662097930908203,4037900.0
2017-06-23,27.62191762978661,28.401472318518305,27.62191762978661,28.080005645751957,7690300.0
2017-06-26,28.200562010010067,28.361295378285853,27.95142513589589,27.967498779296875,1468200.0
2017-06-27,27.846944014661496,28.096077760078348,27.437073875857585,27.445112228393555,2092800.0
2017-06-28,27.69425550082466,27.846953594204937,27.429048024835904,27.49333953857422,1703600.0
2017-06-29,27.396894661860856,27.597810579573025,27.147757820233664,27.29241752624512,2017800.0
2017-06-30,27.364744855069112,27.67817316727143,27.364744855069112,27.412965774536133,2246900.0
2017-07-03,27.54155099869256,27.75854053116523,27.445112228393555,27.445112228393555,1083800.0
2017-07-05,27.453148144917908,27.453148144917908,27.05131634943273,27.107572555541992,1621500.0
2017-07-06,27.04328657403629,27.163834297810244,26.62538105367196,26.641454696655277,1779700.0
2017-07-07,26.7057419233501,26.794145412724998,26.569120578485943,26.68163299560547,1438400.0
2017-07-10,26.649483459685527,26.713778015875125,26.23961639404297,26.23961639404297,2330300.0
2017-07-11,26.18336266675669,26.279801444429417,25.92618748340696,26.143177032470703,2072300.0
2017-07-12,26.24765287953868,26.416421498644965,26.11103153999549,26.215505599975582,1827200.0
2017-07-13,26.2962945760262,26.4578699708329,26.19127010713269,26.42555427551269,1643100.0
2017-07-14,26.47402935337926,26.58713121176297,26.40132057559052,26.52250289916992,1350400.0
2017-07-17,26.522495837382092,26.837566096645617,26.401313546068277,26.81332778930664,1594300.0
2017-07-18,26.813334928530374,26.902201554916,26.47402935337926,26.52250289916992,1200700.0
2017-07-19,26.546735319110788,26.62752147174316,26.20742669810764,26.35284423828125,4302300.0
2017-07-20,26.385162320506907,26.724470972225177,26.352846623810983,26.60328865051269,1737000.0
2017-07-21,26.538652998778176,26.853726368315648,26.538652998778176,26.845645904541016,1030300.0
2017-07-24,26.82141170614483,26.974906624020026,26.80525385976943,26.9102783203125,1888200.0
2017-07-25,26.982987985172343,27.564655065054318,26.837570444753304,27.55657768249512,2435100.0
2017-07-26,27.540427150666847,27.798946606345787,27.395009571623067,27.47579574584961,2801800.0
2017-07-27,27.47578957805458,27.74238944038655,27.403080804854437,27.73431205749512,1521100.0
2017-07-28,27.71006929033922,27.742384980298247,27.51618131417269,27.588890075683597,992000.0
2017-07-31,27.588900086299237,27.74239504660944,27.44348251051275,27.60505485534668,1796300.0
2017-08-01,27.653523135603248,27.661603600381326,27.209193108433627,27.580814361572266,1552600.0
2017-08-02,27.564655817133957,27.69391551416716,27.281901192934523,27.59697151184082,1112300.0
2017-08-03,27.605053272830418,27.78278654011273,27.38693000344999,27.41116523742676,1279200.0
2017-08-04,27.475788069990948,27.475788069990948,27.144559917324692,27.20111083984375,1222700.0
2017-08-07,27.265745734259493,27.645447475844176,27.265745734259493,27.629289627075195,1743300.0
2017-08-08,27.588894689446587,27.588894689446587,27.10416850438061,27.193035125732425,1826500.0
2017-08-09,27.201106024036218,27.265737399354872,27.03953374932677,27.15263557434082,1814100.0
2017-08-10,27.04761757839206,27.411161446742963,27.0153018830288,27.193035125732425,1534800.0
2017-08-11,27.22535675667033,27.661609493801667,27.12033226473982,27.47579574584961,1250000.0
2017-08-14,27.5807994385545,27.895869594950398,27.548483760515776,27.807003021240234,1368700.0
2017-08-15,27.807018395600146,27.831256708426768,27.54849899194161,27.661603927612305,1365300.0
2017-08-16,27.66160375990412,27.847414387545,27.65352329507944,27.75046730041504,1093100.0
2017-08-17,27.62928383633274,27.726227826833867,27.338448783035464,27.35460662841797,1819600.0
2017-08-18,27.43539606553525,27.669680229002687,27.330374680638208,27.54042053222656,1782300.0
2017-08-21,27.58081803885365,27.629291588601944,27.40308477157133,27.41116523742676,2330000.0
2017-08-22,27.45155886045907,27.80702232021013,27.38693054132016,27.77470970153809,1730400.0
2017-08-23,27.693915070688234,27.80701691855684,27.386925221271795,27.403079986572266,2669000.0
2017-08-24,25.53689586446496,26.134720857256028,24.930990406428474,25.92467498779297,10569200.0
2017-08-25,25.407632253539475,25.81156916351055,25.28644994783053,25.31876564025879,5070500.0
2017-08-28,25.359165207414733,25.45611076862273,24.94714926885123,25.084487915039062,3190900.0
2017-08-29,25.06024630016325,25.254135832318266,24.890591996466974,25.019851684570312,2644300.0
2017-08-30,24.9633043753688,25.13295870361094,24.906753446253838,24.93099021911621,2425500.0
2017-08-31,24.89866952855129,24.99561505966118,24.76940984766941,24.83403968811035,3174500.0
2017-09-01,24.955222992099056,25.01177391564173,24.712861450945567,24.97945976257324,1900100.0
2017-09-05,24.89867129200088,25.124876520013647,24.640151911927465,24.801727294921875,2172400.0
2017-09-06,24.82596324217744,24.930987706432205,24.66438939540432,24.922908782958984,2776500.0
2017-09-07,24.96330324406666,25.24605941772461,24.96330324406666,25.24605941772461,3304600.0
2017-09-08,25.149110735971743,25.577284405034597,25.10063873938441,25.528812408447266,3113100.0
2017-09-11,25.60960076311869,25.78733244916192,25.56112722437297,25.59344291687012,2016700.0
2017-09-12,25.61767941295728,25.738861724920884,25.52073541246292,25.66615295410156,1169700.0
2017-09-13,25.60960395541833,25.69039011493733,25.27029684638796,25.31068992614746,3029900.0
2017-09-14,25.246059390554283,25.318768164870857,24.874438135955973,24.97138214111328,3507500.0
2017-09-15,24.93906939889261,25.37532052860384,24.93906939889261,25.351083755493164,3231100.0
2017-09-18,25.43995034455484,25.633839906457933,25.359162641870903,25.569210052490234,1798600.0
2017-09-19,25.56920690021595,25.649994592940057,25.294529669492228,25.63383674621582,2056400.0
2017-09-20,25.64999506626019,25.876198760985343,25.246058136082866,25.391475677490234,2228900.0
2017-09-21,25.44802845037619,25.57728815415394,25.07640718723945,25.197587966918945,1386100.0
2017-09-22,25.29452690231218,25.496495341578896,25.18142506940983,25.2622127532959,1719100.0
2017-09-25,25.246061881695876,25.504581308820864,25.09256539400391,25.472267150878903,1672800.0
2017-09-26,25.5288142803201,26.01353890442624,25.472263356672183,25.609601974487305,1586500.0
2017-09-27,25.6257602627838,25.64999703517783,25.1248792938182,25.31068992614746,2181500.0
2017-09-28,25.278377815067905,25.61768341064453,25.22990426635923,25.61768341064453,3167300.0
2017-09-29,25.78733331046192,26.142798235317976,25.78733331046192,25.965065002441406,4090800.0
2017-10-02,25.98929944997974,26.078166063744952,25.7630957653367,25.78733253479004,3023000.0
2017-10-03,25.85196418193801,25.9650660321469,25.6096026340912,25.67423248291016,2094500.0
2017-10-04,25.674227454860368,25.779250360787028,25.464180102110213,25.658069610595703,2692400.0
2017-10-05,25.68231466608825,25.81965176397364,25.553053411148035,25.585369110107425,1906100.0
2017-10-06,25.6015185651063,25.666148400936265,25.431864282992123,25.544967651367188,1638000.0
2017-10-09,25.6257595966442,25.75501929759118,25.18950849117245,25.24605941772461,2172200.0
2017-10-10,25.35915505548932,25.68230576955211,25.35915505548932,25.64999008178711,1552800.0
2017-10-11,25.682307768048037,25.827723751615824,25.54496916615324,25.625755310058597,1719400.0
2017-10-12,25.593443727063804,25.795412188873467,25.53689280430063,25.69038772583008,1554000.0
2017-10-13,25.690390748220576,25.86004353646919,25.63383981880437,25.730785369873047,2242000.0
2017-10-16,25.68231203768182,25.77117711893074,25.375319092575584,25.46418571472168,2004800.0
2017-10-17,25.351087416874964,25.553055932608476,25.334931106698377,25.456111907958984,1731800.0
2017-10-18,25.47226209749897,25.51265517213726,25.141033954594445,25.31876564025879,3221500.0
2017-10-19,25.262214455802567,25.27029337882533,24.583600330860538,24.737096786499023,4172700.0
2017-10-20,24.8102146689811,25.013310722723904,24.607118615238296,24.97269058227539,3071600.0
2017-10-23,24.858959194659548,24.89145376001072,24.525881764934866,24.720853805541992,2428400.0
2017-10-24,24.77771981798841,24.81021593200151,24.387775746831213,24.59087181091309,2257500.0
2017-10-25,24.58274618170305,24.655860883971663,24.16843005201425,24.631488800048828,2962000.0
2017-10-26,24.68835992797694,24.86708547685481,24.542130496895112,24.6721134185791,2043700.0
2017-10-27,24.63961250452215,24.73709928943366,24.45276451206663,24.68023109436035,1817600.0
2017-10-30,24.590872108661085,24.680233324279097,24.45276672143322,24.493385314941406,2156200.0
2017-10-31,24.793965087399155,25.34638656751287,24.728974416179884,25.31389045715332,4948600.0
2017-11-01,25.15953923029258,25.55760731997981,25.1026725816944,25.354511260986328,3326200.0
2017-11-02,25.21640840668896,25.68759121985389,25.18391229222929,25.598228454589844,3135200.0
2017-11-03,25.41950382340946,25.63884639240198,25.297644946802524,25.44387435913086,2761300.0
2017-11-06,25.257025384148506,25.297643975124007,24.93207200784471,24.99706268310547,2832100.0
2017-11-07,25.02955946451645,25.598229085577863,25.02143543570128,25.59010505676269,3022400.0
2017-11-08,25.711957101350503,26.150643720636708,25.630718379408687,26.11815071105957,2539900.0
2017-11-09,26.0450397945202,26.280628868378045,25.80944762166242,25.955677032470703,2247100.0
2017-11-10,25.93130247719177,26.34561858517931,25.88255986139907,26.264381408691406,1839500.0
2017-11-13,26.264380768106697,26.56496203258036,26.199388549301812,26.361865997314453,1882300.0
2017-11-14,26.30500159121697,26.873671158096855,26.280627957593666,26.792430877685547,2778300.0
2017-11-15,26.670578315726345,26.946786005370598,26.58121554601782,26.873674392700195,3200300.0
2017-11-16,26.88991772501726,27.019899082457226,26.68682166032982,26.751813888549805,3107600.0
2017-11-17,26.694939961130327,27.019891716646107,26.67056943169141,26.906158447265625,1986600.0
2017-11-20,26.979279579941057,27.149879524768167,26.865546283389648,27.133634567260746,3317100.0
2017-11-21,28.01100860116749,28.99399280106722,27.85665670912537,28.04350471496582,6793900.0
2017-11-22,27.88102309720328,28.15723382539816,27.686052641418367,27.840404510498047,3144000.0
2017-11-24,27.94601532438009,28.02725249781744,27.856652574199305,27.954137802124023,1035400.0
2017-11-27,27.937891959831763,28.14911358589317,27.588566508191548,27.76729202270508,4252800.0
2017-11-28,27.84853207250338,28.13286842934988,27.694180175243915,28.100372314453125,2915400.0
2017-11-29,28.140982996453303,29.383929601286503,28.092241936812293,29.237703323364254,4654700.0
2017-11-30,29.327071870405863,29.782008192184517,29.24583468033832,29.611408233642575,4573200.0
2017-12-01,29.64389803060165,29.91198317988168,29.262076500870027,29.87136459350586,3316300.0
2017-12-04,30.01758446315981,30.659368460945284,30.01758446315981,30.61062431335449,3424300.0
2017-12-05,30.781240125505303,30.870602892877333,30.058218606222667,30.13945579528809,2423700.0
2017-12-06,30.147581373594697,30.147581373594697,29.782007824800075,30.13945579528809,2451600.0
2017-12-07,30.115077957505164,30.17194459586468,29.78200060468541,30.001344680786133,1382800.0
2017-12-08,30.05821361955444,30.26943213548337,29.86324005954345,30.25318717956543,1219100.0
2017-12-11,30.15570041107502,30.25318874562681,29.749508314108493,30.050092697143555,1803700.0
2017-12-12,30.041967119764355,30.163825988454217,29.871367182798355,30.050092697143555,2234400.0
2017-12-13,30.13945262768828,30.28568203183769,30.001348800991497,30.15570068359375,1219100.0
2017-12-14,29.920122447386632,29.99323407691779,29.72514880496748,29.74951934814453,1943800.0
2017-12-15,29.89573959009441,30.009472888531192,29.55453969478408,29.88761711120605,2611500.0
2017-12-18,30.01758704579576,30.285672133114197,29.920101841225307,30.11507225036621,1801700.0
2017-12-19,30.15570003266053,30.236940310434235,29.887614863506617,29.911985397338867,1281200.0
2017-12-20,30.03384519109082,30.03384519109082,29.473298103657537,29.692642211914062,1963000.0
2017-12-21,29.69264221368719,29.790127451029303,29.53016475211712,29.57890892028809,1820700.0
2017-12-22,29.65202490531024,29.8388729095459,29.51392107135343,29.8388729095459,834900.0
2017-12-26,29.773877801442524,29.94447771465368,29.725133640953903,29.84699249267578,679700.0
2017-12-27,29.90386130568245,30.009469012590912,29.6438986288316,29.725135803222656,859800.0
2017-12-28,29.69264701597507,29.78200978924153,29.53016952812699,29.68452453613281,1384000.0
2017-12-29,29.74950820935184,29.903863189015443,29.56266021728516,29.56266021728516,1288400.0
2018-01-02,29.676395766624736,29.74951047334541,29.31082533202136,29.538291931152344,2068400.0
2018-01-03,29.489545170554464,29.513918803320845,28.98586784571186,29.245830535888672,2972700.0
2018-01-04,29.24583468033832,29.63577877086281,29.148349432457238,29.611408233642575,5675000.0
2018-01-05,29.619523651099,29.70076392079722,29.35143850859341,29.530160903930664,2945000.0
2018-01-08,29.49767173900296,29.63577556698764,29.35144233348988,29.57890892028809,2752600.0
2018-01-09,29.52204135580533,29.619526590116816,29.44080417704571,29.570785522460938,2707100.0
2018-01-10,29.424560848474243,29.424560848474243,28.734032322086943,28.750280380249023,3691800.0
2018-01-11,28.854819731916557,28.87115144720159,27.997258248582504,28.046262741088867,3320300.0
2018-01-12,28.152442939325255,28.23411399348881,27.88292285259373,28.2177791595459,3186500.0
2018-01-16,28.35662078857422,28.552632544729413,28.185106607500064,28.35662078857422,3350500.0
2018-01-17,28.54446802547161,28.76498359815424,28.41379247672089,28.51996421813965,2448800.0
2018-01-18,28.14426646952817,28.307611649906107,27.768574735544025,27.972755432128903,5715500.0
2018-01-19,28.08710322100648,28.405624689677463,28.005432167955288,28.38928985595703,2611200.0
2018-01-22,28.503628073909024,28.70780878184376,28.299447365974288,28.487293243408203,1624900.0
2018-01-23,28.585299429181955,28.65880460947901,28.4056194072224,28.53629493713379,1403000.0
2018-01-24,28.61797407524423,28.61797407524423,28.070768056486717,28.08710289001465,1835900.0
2018-01-25,28.144273366332182,28.503633474335523,28.1116036991408,28.25044822692871,2250400.0
2018-01-26,28.234106290540492,28.34028112442685,28.09526491323155,28.3076114654541,1374600.0
2018-01-29,28.34028333138661,28.47095886190362,28.16877228174873,28.291278839111328,1883500.0
2018-01-30,28.242280375772676,28.51996318065962,28.160606213555287,28.34028625488281,1950900.0
2018-01-31,28.41378528501915,28.41378528501915,27.79307424889582,28.03809356689453,4753300.0
2018-02-01,27.85842212560421,28.185109457412462,27.515396844321888,27.83392143249512,2345700.0
2018-02-02,27.744080057112,27.99726218175357,27.474559983789337,27.482728958129883,2169000.0
2018-02-05,27.45821858109815,27.548058584044224,26.518989267457663,26.535324096679688,2935200.0
2018-02-06,26.061631786239413,26.83751928855109,25.89828655698152,26.7395133972168,4836900.0
2018-02-07,26.71500958771989,27.368387389200365,26.62516955585049,26.7395133972168,3304800.0
2018-02-08,26.951850430228223,26.951850430228223,26.306638717651367,26.306638717651367,3622800.0
2018-02-09,26.58433074396638,27.0090270413618,25.99629079526336,26.796680450439453,4129800.0
2018-02-12,26.943687460243336,27.21320437333395,26.747672610727157,27.00902366638184,2382200.0
2018-02-13,26.97635611090686,27.10703164893277,26.69867020315797,27.017194747924805,1312500.0
2018-02-14,27.286708501658925,27.850246109547044,27.01719159894729,27.801244735717773,2807600.0
2018-02-15,27.93192732048249,27.93192732048249,27.017198429647976,27.83392143249512,2779900.0
2018-02-16,27.580732352113746,28.08709967124651,27.229541260386828,28.05443000793457,2989400.0
2018-02-20,27.891083256908622,28.02175877274665,27.474552908234237,27.605228424072266,2588100.0
2018-02-21,27.63789854395061,27.80124372036636,26.68233128702607,26.69050025939941,4910900.0
2018-02-22,26.061628497375224,27.139702512657536,25.99629072547252,26.95185661315918,5559400.0
2018-02-23,27.009024171130005,27.0498596901735,26.14329683587609,26.657833099365234,3947700.0
2018-02-26,26.7068370924468,27.03352435423998,26.355646027245133,27.00902366638184,2455900.0
2018-02-27,26.99268926378386,27.237705492899742,26.73950717710261,26.74767303466797,2294000.0
2018-02-28,26.94368751432413,26.95185337177646,26.510822296142575,26.510822296142575,2995300.0
2018-03-01,26.46998896411802,26.68233554647145,26.126965285106277,26.42915344238281,2812000.0
2018-03-02,26.363816347616,26.77217783064872,26.363816347616,26.66600608825684,1785800.0
2018-03-05,26.56799244492427,27.074362838565573,26.56799244492427,26.845678329467773,2277300.0
2018-03-06,26.837509745391685,27.40104731461424,26.510819403043826,27.303041458129883,3746500.0
2018-03-07,27.058025977479588,27.13153115068177,26.821175628766994,27.0906925201416,2533700.0
2018-03-08,27.09885940424413,27.376545246548467,26.97634975316434,27.36021041870117,1390900.0
2018-03-09,27.556237174060637,27.6624089277345,27.32755260068733,27.572568893432617,2288700.0
2018-03-12,27.605236344859826,27.78491639902409,27.49906148416721,27.5235652923584,2152100.0
2018-03-13,27.69507350027092,27.842083871970907,27.531728296654205,27.793079376220703,2095300.0
2018-03-14,27.83391481359901,28.17693689775978,27.49088961388797,27.539894104003903,2302500.0
2018-03-15,27.51538643389703,27.76040573448912,27.139694742462243,27.19686508178711,1999300.0
2018-03-16,27.270370423315967,27.450050414086373,27.237700767621376,27.36021041870117,3907900.0
2018-03-19,27.36838593083436,27.80125123263457,27.23771037750151,27.5235652923584,1975900.0
2018-03-20,27.49089269296032,27.73590893988213,27.327547489828916,27.40922164916992,1940000.0
2018-03-21,27.05802413211797,27.23770100893036,26.72316794715641,26.78033828735352,3375700.0
2018-03-22,26.71500446568735,27.09069624006385,26.478154084451965,26.70683860778809,2427100.0
2018-03-23,26.69867031189708,27.066196237701384,26.56799477333895,26.58432960510254,4648900.0
2018-03-26,26.788503676445508,27.360210183997204,26.74766816495249,27.286705017089844,2185800.0
2018-03-27,27.39288441344142,27.850247203412792,27.229539224644355,27.41738510131836,2536500.0
2018-03-28,27.49089241027832,27.825748671256687,27.343882040526783,27.49089241027832,3081400.0
2018-03-29,27.6542326772826,28.10342956446016,27.637897848497047,28.029924392700195,2776800.0
2018-04-02,27.891089705503003,27.97276075345336,27.13970297904647,27.352052688598636,5097200.0
2018-04-03,27.466388956698346,28.02992657367288,27.23770445145701,27.94825553894043,3212300.0
2018-04-04,27.784907337044643,29.810379310876566,27.784907337044643,29.29584312438965,7944800.0
2018-04-05,29.45919358604883,29.45919358604883,28.29944860948324,28.67514038085937,4484300.0
2018-04-06,28.626131620091414,29.14883367896857,28.34844576186917,28.528125762939453,3524300.0
2018-04-09,28.60980876453116,29.222351080292807,28.54447253760327,28.90382957458496,2959000.0
2018-04-10,29.010001724230094,29.197847642891663,28.71598094178553,28.86299133300781,4102400.0
2018-04-11,28.78947823227622,29.050829274786203,28.650636853996,28.879318237304688,2490500.0
2018-04-12,28.871154345594277,28.928324701482524,28.519963236251765,28.6588077545166,3078900.0
2018-04-13,28.73927960140769,28.8378133972736,28.55042185419268,28.772125244140625,2094300.0
2018-04-16,28.86244004582214,29.330479343228387,28.780325965020754,29.100563049316406,1966400.0
2018-04-17,29.24836772805149,29.26479054559621,28.993821886938846,29.084142684936523,1398800.0
2018-04-18,29.092356198004293,29.264791086915118,28.97739960539708,29.182680130004883,2160800.0
2018-04-19,29.13340854520961,29.273000915752323,28.84601709458032,29.067720413208008,2181700.0
2018-04-20,29.190894692109094,29.355119764812358,28.84602485853171,29.108783721923828,3697100.0
2018-04-23,29.256579668466888,29.404381888810804,28.944552410815053,29.37153625488281,2141300.0
2018-04-24,29.41259920420673,29.773891872214843,29.264796946309588,29.72462654113769,2946900.0
2018-04-25,29.699979100091475,30.04485194409652,29.543967058953253,29.68355941772461,2748400.0
2018-04-26,29.716406410500326,29.93810974397337,29.50291605178485,29.814943313598636,2219900.0
2018-04-27,29.855999464395573,30.08591264548444,29.69998426380056,29.94632339477539,1822000.0
2018-04-30,30.05306413255688,30.069486948538064,29.69177157796642,29.76567268371582,3541900.0
2018-05-01,29.634302881095337,29.90527160167029,29.24837441143856,29.658935546875,1985200.0
2018-05-02,29.609661299254505,29.62608411560667,28.969183990847828,29.0430850982666,1930700.0
2018-05-03,29.19089266811346,29.231948150359447,28.870655521329244,28.96097946166992,2058900.0
2018-05-04,28.977398044743047,29.560393951470694,28.895283959923063,29.37153625488281,2207500.0
2018-05-07,29.33048996001621,29.396178116102625,29.00203978258501,29.174474716186523,2455000.0
2018-05-08,29.166253974516717,29.28121055396888,29.00202894715712,29.15804100036621,2764600.0
2018-05-09,29.18267613666724,29.699980732612087,29.141620663830125,29.634292602539062,1869900.0
2018-05-10,29.77388470796811,29.855998793893,29.6260856179675,29.69998359680176,1190700.0
2018-05-11,29.798517701861687,30.053063513497012,29.585024230835884,29.773881912231445,1290200.0
2018-05-14,29.798525916707423,29.847791244885745,29.53576705864749,29.62609100341797,1557400.0
2018-05-15,29.5850337728208,29.6178794147002,29.24837377438892,29.52755546569824,1605500.0
2018-05-16,29.53576134709086,29.90526376630542,29.42901460279249,29.87242126464844,1740000.0
2018-05-17,29.913476740968715,29.962745191952283,29.757464678018835,29.87242126464844,1618300.0
2018-05-18,29.7574703277608,29.765680171650747,29.05951456847422,29.47828865051269,2329200.0
2018-05-21,29.65071827757892,29.913477087874377,29.593239983597545,29.69998359680176,1749700.0
2018-05-22,29.68356893895622,29.864213693919552,29.396174288046044,29.42901992797852,2057100.0
2018-05-23,29.429016659695108,29.72462112159329,29.404383998647685,29.41259384155273,3282800.0
2018-05-24,28.64894898316419,29.273003520534644,28.01668460318746,29.084142684936523,5729300.0
2018-05-25,28.93634731956297,29.568608648661648,28.837810401600198,29.44544219970703,3656300.0
2018-05-29,29.2976363271969,30.06948996166532,29.174466761161685,29.97916603088379,3475200.0
2018-05-30,30.028430963552527,30.56216151069336,29.8888417285866,30.52110290527344,2781600.0
2018-05-31,30.488266552387373,30.496476395727303,29.387962737222058,29.47007369995117,3468800.0
2018-06-01,29.58501838130384,29.716397748138927,29.33868246002944,29.3879508972168,2327900.0
2018-06-04,29.42079700812103,29.74924386447001,29.38795138278676,29.716398239135746,1531500.0
2018-06-05,29.708195481551154,29.8395748818785,29.560393264641387,29.73282814025879,1453500.0
2018-06-06,29.71642101792921,29.71642101792921,29.108792145130234,29.281227111816406,2048300.0
2018-06-07,29.0512987490098,29.75746420693484,28.87886073946316,29.5357608795166,2493700.0
2018-06-08,29.53576060593376,29.73282814025879,29.51112481489414,29.73282814025879,1682700.0
2018-06-11,29.77388847299113,30.266563653844862,29.691777509015093,30.061283111572266,2182500.0
2018-06-12,30.266560028284974,30.34867098242514,29.72461958689639,29.85599899291992,2940900.0
2018-06-13,29.88063379021856,30.102337141055184,29.39617160853832,29.65072059631348,2524500.0
2018-06-14,29.683566233252016,29.683566233252016,29.355116128531314,29.65072059631348,2197600.0
2018-06-15,29.62608486763862,29.938108989254395,29.502915308036805,29.92168617248535,3093300.0
2018-06-18,29.83137628006014,29.88064161603833,29.02667362597389,29.28943252563477,2399100.0
2018-06-19,29.23195311341575,29.519347802597096,29.08415084637004,29.3222770690918,2739500.0
2018-06-20,29.396170699422203,29.44543915330632,29.02666512612196,29.22373580932617,2747800.0
2018-06-21,29.20732154411568,29.49471311176565,29.15805307580433,29.28943252563477,1316100.0
2018-06-22,29.461859767332616,29.855997971924744,29.281211915603382,29.78209686279297,2674600.0
2018-06-25,29.741044817643377,30.414364719694657,29.667143699987392,30.085914611816406,2263000.0
2018-06-26,30.135179787021,30.52931799416748,29.905263483603196,30.430784225463867,3072400.0
2018-06-27,30.40614665505128,30.455415102686526,29.962743155661435,30.217288970947266,3379600.0
2018-06-28,30.20086617029026,30.603217328684625,30.05306395964187,30.578584671020508,3475900.0
2018-06-29,30.51290531060428,30.709976045790345,30.143399639838584,30.5539608001709,2772700.0
2018-07-02,30.50468458093346,30.742807588385947,29.91347571866367,30.04485511779785,3334700.0
2018-07-03,30.20085989568059,30.553942533057494,30.01200225071895,30.233705520629883,1419200.0
2018-07-05,30.315821996703743,30.57858391203704,30.15160010657662,30.43899154663086,2382700.0
2018-07-06,30.488259725558585,30.751018506254614,30.29940204770405,30.504682540893555,1887700.0
2018-07-09,30.512892382395165,30.767441321589583,30.430781438052065,30.504682540893555,1853600.0
2018-07-10,30.480050691356688,30.66890839362161,30.25834735417644,30.652488708496094,1638600.0
2018-07-11,30.65249581578793,30.83314058504344,30.529326222462597,30.808507919311523,1892300.0
2018-07-12,30.841352462768555,31.021997225586546,30.77566118004728,30.841352462768555,1752100.0
2018-07-13,30.84795120249653,31.10377756116804,30.790183757113308,31.013002395629883,1526000.0
2018-07-16,30.996491845647576,30.996491845647576,30.451825201865564,30.674640655517575,2031300.0
2018-07-17,30.2290089111324,30.369300366608147,29.71734994294119,30.303281784057617,3780400.0
2018-07-18,30.2620226770904,30.27027696911493,29.915417966220154,30.088720321655277,2283800.0
2018-07-19,30.03094601836073,30.74891500428204,29.997935153973952,30.61687469482422,2262200.0
2018-07-20,30.600370179811783,30.773672483073888,30.517843024861445,30.74066162109375,1747200.0
2018-07-23,30.74891352276463,30.74891352276463,30.435319770467427,30.674640655517575,1556200.0
2018-07-24,30.633385867170624,30.86445881308775,30.295032314027928,30.790185928344727,1998400.0
2018-07-25,30.13822449961471,30.40230507249352,29.453263349399293,29.832881927490234,3924200.0
2018-07-26,30.055705006879485,30.443574824357167,30.055705006879485,30.26201820373535,2338300.0
2018-07-27,30.229006577281325,30.460076320502367,30.13822827870473,30.245512008666992,1217100.0
2018-07-30,29.55230599574355,29.74211377542485,29.34599278112172,29.486284255981445,2916100.0
2018-07-31,29.5440449325224,29.857641828334085,29.24695346786807,29.68433952331543,2883400.0
2018-08-01,29.51104014291076,29.88240455014704,29.4367672614635,29.65133476257324,2851400.0
2018-08-02,29.585310336170288,30.154736758223144,29.585310336170288,30.146482467651367,1981600.0
2018-08-03,30.29502805510869,30.823189317658347,30.229009471334702,30.550857543945312,2515300.0
2018-08-06,30.707654050292412,30.790181214087838,30.46832999741981,30.5838680267334,1856800.0
2018-08-07,30.625129793038628,30.83969412103558,30.41881660731144,30.724159240722656,1421100.0
2018-08-08,30.69114900202093,30.75717073388436,30.352795496444468,30.550857543945312,1340500.0
2018-08-09,30.674644807276728,30.75717197543733,30.476585899870425,30.63338279724121,1129700.0
2018-08-10,30.608627319335938,30.699405633525718,30.38580867944004,30.608627319335938,1092100.0
2018-08-13,30.74066343026902,30.74066343026902,30.427066519179807,30.559106826782227,1251800.0
2018-08-14,30.66639061030375,30.79017977617116,30.55085573447511,30.73241233825684,2088100.0
2018-08-15,30.649889141118575,31.36785821094553,30.592121695735354,31.013002395629883,4545700.0
2018-08-16,31.08727870367713,31.458643179768316,30.9222306237169,31.219322204589844,3847800.0
2018-08-17,31.178042418162377,31.896014451335564,30.880950976585726,31.88776016235352,3690600.0
2018-08-20,31.929020886402142,32.29213403296168,31.80523488942036,32.21786117553711,2762300.0
2018-08-21,32.22612471850042,32.30865189633804,31.66495250156435,31.73922538757324,3554300.0
2018-08-22,31.772226382629704,31.813488384677665,31.47513493094205,31.78047752380371,2928100.0
2018-08-23,29.95667208081794,31.16979454507537,29.9154100758484,30.806684494018555,7002600.0
2018-08-24,30.674635505289512,31.442120621953013,30.13822324131401,31.32658576965332,4875200.0
2018-08-27,31.400871245917116,31.56592245043935,31.211063462548,31.31009292602539,2290400.0
2018-08-28,31.277078676861727,31.516399567984404,31.17804608596004,31.285329818725582,1755300.0
2018-08-29,31.466890170445996,31.772232825223316,31.37611185867959,31.70621109008789,1663200.0
2018-08-30,31.631936466584406,32.11058137990916,31.607176745694268,31.81348991394043,2169700.0
2018-08-31,31.92077357815973,32.37466191776301,31.904268146962817,32.30864334106445,3324000.0
2018-09-04,32.3003828857894,33.076122263522464,32.3003828857894,32.993595123291016,3745500.0
2018-09-05,32.85331601633375,33.307204439357406,32.671759387888414,33.29069900512695,2617100.0
2018-09-06,33.32370735713563,34.148960117801074,33.32370735713563,34.06643295288086,3787000.0
2018-09-07,33.83536389661201,34.239739142974805,33.67856700211066,34.07468795776367,2458100.0
2018-09-10,34.15721210659953,34.40478731131572,34.10769895451001,34.264495849609375,2748500.0
2018-09-11,34.32225423062049,34.58633479900669,34.14069765932171,34.33050537109375,2572900.0
2018-09-12,34.3305200228363,34.74314648055352,34.23149055444939,34.68537902832031,2899100.0
2018-09-13,34.792660519586846,34.8999442730614,34.58634730418415,34.809165954589844,2177300.0
2018-09-14,34.800906134644464,34.84217128964158,34.42129063414999,34.57809066772461,1766400.0
2018-09-17,34.04167624213004,34.24798943147628,33.7858467540285,33.87662506103516,2762100.0
2018-09-18,33.810617709858754,33.810617709858754,33.208183374600495,33.48876953125,3483500.0
2018-09-19,33.52176455966684,33.52176455966684,32.63049326027686,32.729522705078125,4011900.0
2018-09-20,32.75427861529685,32.94408635902224,32.50670343426761,32.89457321166992,1867900.0
2018-09-21,32.91933829892918,33.1339058199113,32.87807628276801,33.018367767333984,2899200.0
2018-09-24,33.043110565794244,33.17515083871288,32.85330287022924,32.88631057739258,1482000.0
2018-09-25,33.01010639430557,33.02661182527341,32.61398549534459,32.6717529296875,1293600.0
2018-09-26,32.77078832198398,32.902828645629874,32.41592936191883,32.44068908691406,2146100.0
2018-09-27,32.325148539881056,32.39117027062383,32.04456562849242,32.102333068847656,1753600.0
2018-09-28,32.12707634653441,32.51494598388672,32.01154151364345,32.51494598388672,1773400.0
2018-10-01,32.57272103122009,32.6469938909198,32.30864045186309,32.43242645263672,1617400.0
2018-10-02,32.47368781280606,32.89456839217138,32.432425813361505,32.59747695922852,2103300.0
2018-10-03,32.63049021926684,32.97709481781398,32.63049021926684,32.74602508544922,2001000.0
2018-10-04,32.729520364030414,32.74602579499825,32.39116689941234,32.6717529296875,1228800.0
2018-10-05,32.67176059234287,33.05137614936896,32.67176059234287,32.76253890991211,1365600.0
2018-10-08,32.76253259288531,33.56302556564484,32.76253259288531,33.44749069213867,2384600.0
2018-10-09,33.43097696381169,33.71156293615957,33.28243441194603,33.60428237915039,2125000.0
2018-10-10,33.71982450756058,33.91788338488834,33.010106709609715,33.051368713378906,3755700.0
2018-10-11,33.001854537773774,33.21641883952834,32.67175222174783,32.74602508544922,5089700.0
2018-10-12,32.812055173087536,32.87807691869442,32.42418843596244,32.75428771972656,2325900.0
2018-10-15,32.77078892735209,33.56303088386239,32.77078892735209,33.38972854614258,2181000.0
2018-10-16,33.46399581818773,34.140702769477485,33.315450082725185,34.08293533325195,1742400.0
2018-10-17,33.9921590354672,34.02516990042236,33.31545204433306,33.752838134765625,1994200.0
2018-10-18,33.81885614442944,34.173715066470486,33.719826699328706,33.93439102172852,2533100.0
2018-10-19,34.10683833121246,34.69545827162769,34.09025708693399,34.59597396850586,1883900.0
2018-10-22,34.77834921273168,34.90270374636006,34.23947007936594,34.54621505737305,3014600.0
2018-10-23,34.388712466631404,35.300661908296505,34.11512984791611,35.184593200683594,4136100.0
2018-10-24,35.275784390957824,35.64056539055471,34.71203481207949,34.74519729614258,4885100.0
2018-10-25,34.78664844412725,34.78664844412725,34.21460983168748,34.57938766479492,2935500.0
2018-10-26,34.32238895243262,34.39700296521155,33.66744408054515,34.13170623779297,3855900.0
2018-10-29,34.496476868023485,35.51619929373956,34.471606592106546,35.38355255126953,3826700.0
2018-10-30,35.532786056680735,35.97217786645382,35.51620481597538,35.94730758666992,3716700.0
2018-10-31,35.648859996412575,36.3867079880049,35.37527420399797,36.179447174072266,4954900.0
2018-11-01,36.21261151719826,36.46132387414031,35.63228057596736,36.03851318359375,4700100.0
2018-11-02,36.08824167089645,36.32037586717271,35.52449216394406,35.814659118652344,2902700.0
2018-11-05,35.88927563356311,36.884127960447046,35.88927563356311,36.66028594970703,3403400.0
2018-11-06,36.25405299925312,36.55250900986532,35.83124242591806,36.544219970703125,3993700.0
2018-11-07,36.63541132843891,36.7017362906204,36.121405521725386,36.59395980834961,2791400.0
2018-11-08,36.58567909824843,37.03336004469708,36.47790259144182,36.92558670043945,1893000.0
2018-11-09,36.96702431864742,37.41470825917399,36.867540052713,37.32351303100586,1849100.0
2018-11-12,37.33181154078803,37.85410960392248,37.33181154078803,37.56394577026367,2951100.0
2018-11-13,37.56395215575062,37.71318019915627,37.23233357872714,37.54737091064453,3682700.0
2018-11-14,37.58880736238029,37.75461658437322,37.01676886717991,37.17428588867188,3017700.0
2018-11-15,36.99190470937022,37.69659328900724,36.87583917361907,37.68830108642578,2481200.0
2018-11-16,37.63855900186398,38.17743513360687,37.58052623633088,38.0447883605957,2576000.0
2018-11-19,38.05308417278762,38.3515370684644,37.373269001295455,37.60540008544922,5403100.0
2018-11-20,37.14112994190224,37.35668291715586,35.93072778487276,37.26548767089844,6281900.0
2018-11-21,37.381558258608536,37.9453078912938,37.35668797446176,37.66343307495117,3521500.0
2018-11-23,37.505906843823816,38.10281565539674,37.505906843823816,37.86239242553711,1766100.0
2018-11-26,37.9618900089426,38.2188913845068,37.48933562398057,37.89556503295898,2901500.0
2018-11-27,37.28206759344568,37.43129559794292,36.146276318933474,37.29864883422852,3902300.0
2018-11-28,37.04994236249239,37.505918688135935,37.00849083176545,37.21575164794922,3866500.0
2018-11-29,37.19088212953224,37.62198501559704,37.09139782122471,37.49762725830078,3551400.0
2018-11-30,37.54736673467024,37.7877900181452,37.207459154172405,37.38155746459961,8325300.0
2018-12-03,37.39813462821443,37.77120465453908,36.9421615571725,37.75462341308594,3395900.0
2018-12-04,37.796079956368665,37.88727521520134,37.15771630708878,37.232330322265625,2659800.0
2018-12-06,37.22403519969803,37.25719451904297,36.45302488969525,37.25719451904297,4978700.0
2018-12-07,37.22403469222885,37.33180801309023,36.602252396674125,36.75976943969727,2353200.0
2018-12-10,36.8924188534309,37.04993590777077,36.2789255528862,36.69344711303711,2414900.0
2018-12-11,36.93387528183555,37.4478811991702,36.86755346792895,37.190879821777344,3088600.0
2018-12-12,37.53078983185486,37.53907887317007,37.04994320929488,37.44788360595703,3055500.0
2018-12-13,37.464458316539,37.63855977928288,37.21574600732451,37.56394577026367,3216600.0
2018-12-14,37.48104958626232,37.55566361524328,36.89242955905112,36.950462341308594,2397600.0
2018-12-17,36.93386366128627,37.0001886168739,35.5908149361162,35.7897834777832,3427600.0
2018-12-18,35.822955059191074,36.33696410797544,35.516209968015644,35.86440658569336,3914300.0
2018-12-19,36.2291844069989,36.50276698777304,35.45817406451505,35.65714263916016,3920800.0
2018-12-20,35.49133557468663,36.02192264259032,35.0022000284851,35.474754333496094,4167100.0
2018-12-21,35.48304017793508,36.278920708129775,35.201165428172615,35.26749038696289,6171300.0
2018-12-24,35.26748615364426,35.51619839415752,33.91614532470703,33.91614532470703,1774500.0
2018-12-26,34.08196194873453,35.1016845703125,33.965896422098595,35.1016845703125,3356400.0
2018-12-27,34.911006650305325,35.28407669067383,34.13170408541365,35.28407669067383,2760400.0
2018-12-28,35.47474844923789,35.69029822386451,34.96903174572993,35.126548767089844,2210000.0
2018-12-31,35.20116209441781,35.49132901782262,35.060226314158065,35.38355255126953,2582100.0
2019-01-02,35.02706898168539,35.209459465321444,34.065379166915015,34.26435089111328,4318100.0
2019-01-03,34.24777456527068,34.89442722725334,34.1731605533074,34.55451965332031,3745400.0
2019-01-04,34.69546055347484,35.02707913575611,34.45504040199756,34.57110595703125,2488700.0
2019-01-07,34.504768324854176,35.292359797100666,34.24776702223393,34.98561477661133,3332200.0
2019-01-08,34.97732910452947,35.26749610243945,34.67058402678337,35.07681655883789,2689600.0
2019-01-09,35.07681736724981,35.60740448559533,34.83639409095303,35.35869216918945,4405600.0
2019-01-10,35.449884702059215,35.90586097745529,35.20946458531705,35.85611724853516,3863300.0
2019-01-11,35.89777310080566,35.964418508778365,35.33127283212992,35.4395751953125,3355200.0
2019-01-14,35.36459809169028,35.76448008439457,35.098010096554084,35.581199645996094,2722400.0
2019-01-15,35.63950784232776,36.24766177296831,35.63950784232776,36.23100280761719,2065200.0
2019-01-16,36.32264842250594,36.38929701159433,35.631186789601934,35.68950271606445,3284100.0
2019-01-17,35.8061342909243,36.114376068115234,35.71449407062925,36.114376068115234,1704000.0
2019-01-18,36.14770027237891,36.53925278430824,36.04773056775128,36.52259063720703,2265500.0
2019-01-22,36.57257195988291,36.61422573281634,35.5395412300464,35.7144889831543,2512800.0
2019-01-23,35.75613455424752,36.039384594392985,35.3895769873445,35.58951950073242,2084200.0
2019-01-24,35.17298459081996,35.339599687346386,34.33989639627077,34.63980865478516,4683100.0
2019-01-25,34.68146736401795,35.04802507770746,34.44820047532488,34.53984069824219,3339200.0
2019-01-28,34.573157076815,34.8980609360482,34.49817901868588,34.856407165527344,3280500.0
2019-01-29,34.839737563217646,34.914715605295434,34.64812771745847,34.78142166137695,1585900.0
2019-01-30,34.78142491301424,34.90638938748597,34.448188433075366,34.59814453125,2664300.0
2019-01-31,34.614815920911475,35.26462691260117,34.45653029854036,35.25629425048828,4112800.0
2019-02-01,35.23962611262548,35.40624436878023,34.8564063480548,34.98970031738281,2107500.0
2019-02-04,34.98970122500416,35.07300876625305,34.756437567124074,35.02302551269531,1951000.0
2019-02-05,35.03968973773857,35.222966974967754,34.82308503285974,35.12299728393555,2990100.0
2019-02-06,35.122990740435945,35.339592226982205,34.97303464283523,35.081336975097656,1777300.0
2019-02-07,34.75643800346096,35.39791624866338,34.63147351203981,35.389583587646484,2343600.0
2019-02-08,35.21464047656328,35.7894702211988,35.21464047656328,35.77280807495117,3088600.0
2019-02-11,35.94775526866549,36.08104924675133,35.7644748570553,35.939422607421875,2272700.0
2019-02-12,35.922755418469855,36.61422001755204,35.922755418469855,36.464263916015625,2272200.0
2019-02-13,36.42261834827188,36.57257448356323,36.01440371820554,36.23933792114258,2027600.0
2019-02-14,36.05605462853733,36.23100555779299,35.78946667097906,35.864444732666016,2090300.0
2019-02-15,36.18934978608223,36.50592418773636,35.822792126994806,35.989410400390625,5896700.0
2019-02-19,36.047735568240334,36.22268337010209,35.75615272049069,36.07272720336914,3058800.0
2019-02-20,36.07271476278799,36.18934659047241,35.481222963543296,35.93109130859375,3484500.0
2019-02-21,35.356259958544875,35.356259958544875,34.49818018059489,34.98137283325195,4465100.0
2019-02-22,34.348218431492064,35.764468690707574,34.189932852924485,35.747806549072266,5003900.0
2019-02-25,35.82278869536453,35.88110460876983,35.264621187634084,35.431236267089844,3944900.0
2019-02-26,35.506215060576444,35.53120986539644,34.98137182904139,35.131324768066406,4704200.0
2019-02-27,34.92304801700664,35.78113083234288,34.9063890533499,35.747806549072266,2137200.0
2019-02-28,35.739487531067695,36.28932565410045,35.739487531067695,36.12270736694336,2763900.0
2019-03-01,36.08938152742135,36.22267551583924,35.80613140478592,36.14769744873047,1651400.0
2019-03-04,36.23933660446724,36.29765252407517,35.46456432627132,35.839454650878906,2052900.0
2019-03-05,35.73948070230785,36.30598086361281,35.68949427231781,36.23100280761719,1965200.0
2019-03-06,36.23100616953432,36.34763800568794,36.00607198067554,36.2143440246582,1828900.0
2019-03-07,36.231007080400985,36.4059548390297,36.07271828908802,36.18935012817383,2035400.0
2019-03-08,36.255996454322464,36.33930399763673,35.65617197292673,35.81446075439453,1814600.0
2019-03-11,35.65617867204762,35.806134820570485,35.18965125706956,35.78114318847656,2655200.0
2019-03-12,35.77280401304565,35.8144609629244,35.247960766747546,35.331268310546875,2219300.0
2019-03-13,35.422908227224106,35.87277658722902,35.297943734563056,35.64784240722656,1767400.0
2019-03-14,35.647854061074845,35.73949429525438,35.43124929338136,35.5728759765625,1418200.0
2019-03-15,35.514557538400645,35.847790974315664,35.32294759770404,35.456241607666016,6112100.0
2019-03-18,35.32293375230377,35.67282919956429,35.206298758571634,35.44789505004883,2309100.0
2019-03-19,35.44790422808027,35.65617628955898,35.26462697500504,35.42291259765625,1654900.0
2019-03-20,35.47289467936489,35.614518138344735,35.13965815073846,35.239627838134766,2266200.0
2019-03-21,35.231304203428635,35.99774389732821,35.17298827793539,35.91443634033203,1958400.0
2019-03-22,35.947754345374655,36.56423778644557,35.847781480893666,36.31431198120117,3009000.0
2019-03-25,36.19768900001615,36.78918095856079,36.00607906321914,36.714202880859375,1861100.0
2019-03-26,36.88082147386519,37.2640413504668,36.8474971772964,36.97246170043945,1856600.0
2019-03-27,37.03077525608129,37.16406925582999,36.522590888920725,36.61423110961914,2055100.0
2019-03-28,36.68087733405963,37.06410037256895,36.67254784925669,36.99745178222656,1744500.0
2019-03-29,37.01409555519751,37.34733198552411,36.78083196075576,37.28901290893555,2703600.0
2019-04-01,37.22237965299045,37.26403342585338,36.21434373100334,36.472599029541016,2196700.0
2019-04-02,36.44760615802622,36.4642683021988,35.864443823901986,35.88943862915039,3067200.0
2019-04-03,35.84777678407449,35.881101067868634,34.914719083688865,34.93138122558594,4455000.0
2019-04-04,34.99803365470039,35.15632244557146,34.589822219039675,34.63980865478516,2754400.0
2019-04-05,34.723109218840484,35.07300466474311,34.68145545308712,34.93138122558594,1937000.0
2019-04-08,34.881403904894114,35.26462691260117,34.68979399003031,35.25629425048828,2294400.0
2019-04-09,35.23961939497308,35.30626795592148,34.67311933882497,34.78142166137695,2370200.0
2019-04-10,34.78142166137695,35.00635578761032,34.573149675380684,34.78142166137695,2119900.0
2019-04-11,34.84808024807557,34.84808024807557,34.26491788391525,34.623146057128906,2591800.0
2019-04-12,34.55615824074528,34.6063985345933,34.2547228658946,34.45568084716797,2726400.0
2019-04-15,34.53941369029001,34.63989109030845,34.14587268188258,34.413814544677734,2107700.0
2019-04-16,34.44730558108194,34.74874095342365,33.8528098156962,34.145870208740234,2457200.0
2019-04-17,34.25472393810285,34.313336019034125,33.55137577280867,34.09563446044922,3869400.0
2019-04-18,34.053761341308565,34.237972538798644,33.70208890332032,33.819313049316406,4197300.0
2019-04-22,33.72720696861136,34.062135833058406,33.70208842171926,33.852806091308594,2281700.0
2019-04-23,32.55497173923785,33.308557110842294,32.47123790186893,32.856407165527344,6212700.0
2019-04-24,33.09085207264167,33.50951163348868,32.864775526490014,33.333675384521484,4916800.0
2019-04-25,33.216444447256535,33.82769015109116,33.09922029390259,33.20807266235352,2758800.0
2019-04-26,33.28343067943161,33.45926690511185,33.10759445375137,33.44252014160156,2077400.0
2019-04-29,33.37554590696894,33.53463541501927,32.98200483627877,33.06573867797852,2512800.0
2019-04-30,33.1578315501637,33.57649105556536,32.99874208799374,33.44252014160156,4314400.0
2019-05-01,33.50950807047108,33.54300159836607,32.688935801755484,32.69730758666992,2184500.0
2019-05-02,32.54658938516417,33.33367130752577,32.496352288243095,33.2415657043457,2595600.0
2019-05-03,33.400651577209025,33.517875716246806,33.14945653725402,33.224815368652344,1828200.0
2019-05-06,33.082474116141114,33.425774797382616,32.96524996071016,32.99037170410156,1994100.0
2019-05-07,32.93176504317856,33.10760130524747,32.39587808230503,32.48798370361328,3110300.0
2019-05-08,32.64707784697616,33.14109631535449,32.47123838295589,32.931766510009766,3616600.0
2019-05-09,32.789417150410486,33.216448503217464,32.66381800269837,33.08247756958008,3281900.0
2019-05-10,33.14108956023395,33.517880577757985,32.85640095522819,33.37553787231445,2475800.0
2019-05-13,32.95688676215062,33.249947227081115,32.856409344762945,33.14109802246094,2420200.0
2019-05-14,33.115976781768964,33.27506948870871,32.99038080663289,32.99875259399414,2898900.0
2019-05-15,32.89827112640152,33.30018394679035,32.89827112640152,33.12434768676758,2070700.0
2019-05-16,33.15783740798126,33.660230819689524,33.107600302693804,33.34204864501953,3112300.0
2019-05-17,33.342051232815926,33.7607108446736,33.26669237491677,33.316932678222656,4925500.0
2019-05-20,33.38390816084659,33.71046206492502,33.157831643995706,33.2583122253418,2855800.0
2019-05-21,33.425779283244694,33.62673728675182,33.266689792969245,33.34204864501953,4019100.0
2019-05-22,33.40066446241913,33.492770091229126,32.88989920746877,33.06573867797852,4689000.0
2019-05-23,31.399462793541822,33.35041761495745,30.980803289627936,32.7642936706543,9823000.0
2019-05-24,32.78942423186672,33.94492578036455,32.714065365788166,33.718849182128906,5651400.0
2019-05-28,34.0286463689192,34.39706880260378,32.52147268727148,32.5382194519043,7067200.0
2019-05-29,32.462866358841346,33.09922755702482,32.18654948462898,32.83966064453125,4272100.0
2019-05-30,32.98200041613772,33.241570499441,32.93176331196994,33.174583435058594,1921200.0
2019-05-31,33.03224514129862,33.090857233428714,32.755928254868635,33.06573867797852,1988300.0
2019-06-03,33.06572536363719,33.91141606249988,32.99036653351136,33.84442901611328,2381500.0
2019-06-04,33.97003504294811,34.13749949887061,33.66859966111139,33.785823822021484,2617300.0
2019-06-05,33.98678188433806,34.68175506591797,33.83606419308096,34.68175506591797,2304900.0
2019-06-06,34.62314814603328,34.8241061623692,34.48917719984911,34.74037551879883,2268700.0
2019-06-07,34.941328598290376,35.35998818349987,34.89108829818234,35.20927047729492,2936400.0
2019-06-10,35.1925218495072,35.33486776189272,34.55616071905386,34.72362518310547,2573200.0
2019-06-11,34.70687806204321,35.17577472364551,34.70687806204321,35.03343200683594,2546200.0
2019-06-12,35.12554021651527,35.33487001137636,34.681758879408704,34.790611267089844,2361700.0
2019-06-13,34.765478270293585,35.125525623400314,34.74873151036794,34.95806121826172,2733700.0
2019-06-14,35.0083143078905,35.08367315807145,34.656638609006414,34.69013214111328,1680300.0
2019-06-17,34.70687665408181,34.824100814726926,34.053765596872296,34.29658889770508,2045900.0
2019-06-18,34.40544460627734,34.50592201169088,34.0119035767389,34.22123336791992,2053400.0
2019-06-19,34.26310345622056,34.581285677455064,33.752341377708845,34.48080825805664,2374600.0
2019-06-20,34.51429589288329,34.824103079611554,34.22960725817869,34.79898452758789,2411900.0
2019-06-21,34.73199006236764,34.95806656476331,34.58127239410387,34.673377990722656,3176400.0
2019-06-24,34.748738542782,35.40184634146818,34.63151439369664,35.28462219238281,3532200.0
2019-06-25,35.22601739173096,35.22601739173096,33.91142654418945,33.91142654418945,5116700.0
2019-06-26,33.6602279864096,33.836064228353244,33.224821677226174,33.60161590576172,4340300.0
2019-06-27,33.73559595171522,33.861191932432995,33.342054851736165,33.718849182128906,1350500.0
2019-06-28,33.760700760474755,34.053761123591315,33.67697014076099,33.94491195678711,2901200.0
2019-07-01,34.10400490898047,34.31333467384835,33.94491543756362,34.254722595214844,2318500.0
2019-07-02,34.330086488999925,34.51429773130294,34.17936878059185,34.49755096435547,1679200.0
2019-07-03,34.69013056164138,35.150655427726164,34.58965316401462,34.97481918334961,1222500.0
2019-07-05,34.79061410285768,34.79898908404151,34.53104718030902,34.748748779296875,1082600.0
2019-07-08,34.765487900603084,34.90783060822432,34.40544044776041,34.639888763427734,1547000.0
2019-07-09,34.598032446374724,34.67339130945344,34.34683730081889,34.48080825805664,2328200.0
2019-07-10,34.4221864711809,34.59802270414546,34.24635023821634,34.581275939941406,2007400.0
2019-07-11,34.665007529974886,34.665007529974886,34.16261421854254,34.51428985595703,2114900.0
2019-07-12,34.63211366474795,34.66577548955582,34.35438193938037,34.514286041259766,1497800.0
2019-07-15,34.50587582679906,34.73311002847643,34.37963353348667,34.707862854003906,1078100.0
2019-07-16,34.724698625704306,34.91827103426766,34.54796195055565,34.6994514465332,2223700.0
2019-07-17,34.75834989209702,34.76676775546722,34.45537102025386,34.674190521240234,1895300.0
2019-07-18,34.758364681202984,35.296992589001725,34.59004265739698,35.170753479003906,1828000.0
2019-07-19,35.16232919619242,35.23807393256065,34.682613602685265,34.724693298339844,1501100.0
2019-07-22,34.69102872670213,35.05291985958864,34.682610861951424,34.80885314941406,1734900.0
2019-07-23,34.87617789526602,34.95192262104487,34.59003151015416,34.63211441040039,1793900.0
2019-07-24,34.53111832150833,34.64052808018653,33.91674587896444,34.00932312011719,3422200.0
2019-07-25,33.916758192063185,34.44697144994226,33.71477432937871,34.36281204223633,1882600.0
2019-07-26,34.46380003253631,34.9771807080724,34.337557724938,34.82569122314453,1424200.0
2019-07-29,34.82568058751946,35.1034090847532,34.63211146266581,34.87617492675781,1256600.0
2019-07-30,34.935091922850354,35.221238322867904,34.80885284695935,35.03608703613281,1300600.0
2019-07-31,34.88459771599239,35.12866442502093,34.13556828043388,34.497459411621094,2202400.0
2019-08-01,34.64895387771553,35.3811541784322,34.52271477138455,34.6994514465332,3225500.0
2019-08-02,34.77518811136073,35.23807114793252,34.66577834292476,34.80885314941406,3697600.0
2019-08-05,34.817272399824816,35.153916403848164,34.1103225597559,34.27864456176758,3509000.0
2019-08-06,34.33755084384356,34.33755084384356,33.83258813559313,34.10190200805664,3248100.0
2019-08-07,34.05981871485967,34.55636671665718,33.798919523923935,34.413291931152344,4404000.0
2019-08-08,34.41330109868645,35.26332575369329,34.26181161978375,35.162330627441406,3123500.0
2019-08-09,35.179157355151474,35.48213626306207,35.069747591633856,35.10341262817383,2802900.0
2019-08-12,35.01083438890954,35.31381328821804,34.926675010423615,35.20440673828125,2406000.0
2019-08-13,35.28016006557357,35.6925488633745,35.06975833843496,35.170753479003906,3102400.0
2019-08-14,35.06133948943063,35.09500453226138,34.23656520292835,34.24497985839844,2461200.0
2019-08-15,34.44696429877663,34.91826523132468,34.2870601731411,34.834102630615234,2072700.0
2019-08-16,34.926681289825964,35.010840683442744,34.72469425048059,34.88460159301758,2270700.0
2019-08-19,35.06974399246255,35.12865940559837,34.43853906925358,34.6826057434082,3038300.0
2019-08-20,34.57320807469951,34.884601684468,34.32072347223713,34.42171859741211,3030100.0
2019-08-21,34.58161705070233,34.69944146691493,34.19447876586819,34.48062515258789,3832300.0
2019-08-22,35.557881679550334,36.26483140822547,34.64894493819317,36.14700698852539,5667000.0
2019-08-23,35.93659833903491,35.97867802211216,34.84251052665613,35.34747314453125,3552300.0
2019-08-26,35.57472182690653,35.87770080566406,35.12025335877024,35.87770080566406,3037600.0
2019-08-27,35.86086119339367,35.93660592310753,35.49055219902603,35.69253921508789,2555200.0
2019-08-28,35.74303512578602,35.919771750154894,35.50738308281963,35.59996032714844,1830000.0
2019-08-29,35.768283610020944,35.87769337646686,35.40639248371687,35.72620391845703,1778900.0
2019-08-30,35.96185463906004,36.18908883795066,35.70095540096898,35.860862731933594,1643600.0
2019-09-03,35.700962978992635,36.09651924737285,35.49897912186588,36.05443954467773,2305200.0
2019-09-04,36.04602175506735,36.30691781538426,35.62521834374306,35.79353713989258,2857300.0
2019-09-05,36.07967380824321,36.13017135968533,35.6504558576455,35.810359954833984,2391300.0
2019-09-06,35.92818842555621,35.98710063699401,35.692539579805015,35.85244369506836,1474600.0
2019-09-09,35.91977692947074,36.13859327541105,35.67571019749789,36.11334609985352,1764700.0
2019-09-10,35.743042231325425,36.76138570043483,35.743042231325425,36.752967834472656,2444400.0
2019-09-11,36.694048524758415,37.51040799969468,36.51731189940352,37.48516082763672,3289400.0
2019-09-12,37.45150410045277,37.64507328695088,36.90445837434593,37.03070068359375,3139200.0
2019-09-13,36.79504685564141,37.18218517664192,36.02918486823828,36.17225646972656,3139300.0
2019-09-16,36.05442753196317,36.189084462007465,35.69253643050513,36.04601287841797,1613400.0
2019-09-17,36.02917765829494,36.60147037067402,35.945015076783775,36.3321533203125,1464200.0
2019-09-18,36.51731334001549,36.76979470197926,35.8187814648999,36.15542221069336,1831200.0
2019-09-19,36.205919767276,36.39107426427096,35.99551809722707,36.15542221069336,1584300.0
2019-09-20,36.24800536624269,36.332164763787176,35.96185891992614,36.13859558105469,2571600.0
2019-09-23,36.21433482845754,36.52573161517131,35.83561438649305,35.85244369506836,1615500.0
2019-09-24,36.09650999991764,36.22275228613688,35.8945261945365,36.15542221069336,3570900.0
2019-09-25,36.22275773949474,36.54256601457465,36.180678041244775,36.44157409667969,2208000.0
2019-09-26,36.6014711863465,36.7613752790699,36.36581916333789,36.643550872802734,1751500.0
2019-09-27,36.75295741549408,36.803454965526136,36.45839639982617,36.643550872802734,1441300.0
2019-09-30,36.70246726636013,36.92970145173689,36.59305750070287,36.80345916748047,1886300.0
2019-10-01,36.84554486922032,36.95495465272519,36.57623094865077,36.71088790893555,2030400.0
2019-10-02,36.65196755507693,37.02227652153158,35.860858490288805,35.97026824951172,2680800.0
2019-10-03,36.32374791228422,36.54256425895655,36.05443400385288,36.23117065429688,1975400.0
2019-10-04,36.31533765300144,36.82030048981444,36.16384815986245,36.81188583374024,1850900.0
2019-10-07,36.64356035787378,36.92970679450828,36.626727836839386,36.77821731567383,2778100.0
2019-10-08,36.77821154915339,36.88762131348485,36.23958380240558,36.25641632080078,2296700.0
2019-10-09,36.24800874545568,36.26484126862883,35.87770286707295,36.05443954467773,2828700.0
2019-10-10,35.928175377660985,36.01233794234623,35.06973648071289,35.06973648071289,3870800.0
2019-10-11,35.0613406802134,35.06975533596928,34.60687221798878,34.64053726196289,3386500.0
2019-10-14,34.73310650311126,34.85934557313566,34.42171294448159,34.48062515258789,1979000.0
2019-10-15,34.514286041259766,34.6405283183313,34.261804697591174,34.514286041259766,2594400.0
2019-10-16,34.691026969267455,34.758353831488634,34.06823663873003,34.13556671142578,1891900.0
2019-10-17,34.04299523915433,34.455380767680325,33.88308789462476,34.38805389404297,2544100.0
2019-10-18,34.4388095896291,34.62492062671264,34.25270177960614,34.523406982421875,1561000.0
2019-10-21,34.52339918786095,34.63337093307171,34.3457463166362,34.37958526611328,1457900.0
2019-10-22,34.44725910385466,34.523395117672,34.25269000789023,34.28652572631836,1459800.0
2019-10-23,34.3034548361902,34.53186294181062,34.3034548361902,34.498023986816406,1203700.0
2019-10-24,34.430354603965725,34.6418432646448,34.31192147031518,34.57416534423828,997400.0
2019-10-25,34.354220126299765,34.49803087314143,34.176570417709115,34.32038116455078,1859200.0
2019-10-28,34.430346650404765,34.46418560279108,34.04120837914252,34.2526969909668,1523600.0
2019-10-29,34.30345476601713,34.63337650888494,34.19347977604107,34.54878234863281,1732200.0
2019-10-30,34.548771201343506,34.633365334301025,34.37112158589712,34.591068267822266,1217700.0
2019-10-31,34.64182668383236,34.90407043223627,34.45571571885464,34.591068267822266,2208600.0
2019-11-01,34.57416149436072,35.022519599476496,34.43035077010168,34.904083251953125,1762000.0
2019-11-04,34.93792053862309,35.284761757856764,34.8110292986461,35.25938415527344,3189400.0
2019-11-05,35.183252002770665,35.45395721706506,35.056357521731115,35.2086296081543,1807700.0
2019-11-06,35.29322447947688,35.51317124020719,35.13249105138504,35.191707611083984,1707200.0
2019-11-07,35.140954564244545,35.42011790183543,35.11557373205579,35.21709060668945,1458300.0
2019-11-08,35.293226319566074,35.5131730917638,35.191709445880385,35.50471496582031,1151700.0
2019-11-11,35.45395721706506,35.487796175617035,35.124035438835065,35.2086296081543,1477600.0
2019-11-12,35.217087639824825,35.35244023420625,34.963301928742204,35.34397888183594,1322000.0
2019-11-13,35.38627724796541,35.673898671566654,35.3185993409579,35.656982421875,1267800.0
2019-11-14,35.71620465457136,35.86001538923272,35.572390692849254,35.72466278076172,1251500.0
2019-11-15,35.73312174947918,35.87693247454381,35.58930779735403,35.85155487060547,1664800.0
2019-11-18,35.843085985064626,36.29144399846414,35.79233078785476,36.13071060180664,1296300.0
2019-11-19,36.06303809419608,36.30836242524011,35.910766039308044,36.15609359741211,1786900.0
2019-11-20,36.198394117424655,36.29144962949449,36.04612204804862,36.249149322509766,1623500.0
2019-11-21,36.22377721711997,36.43526587589673,36.020749911848334,36.1391830444336,1639600.0
2019-11-22,36.39297017901138,36.55370040407639,35.70774573667136,35.79234313964844,2174500.0
2019-11-25,35.98690778553548,36.21531590416453,35.851555184910175,36.17301559448242,3194500.0
2019-11-26,36.325283203788366,37.71265122330952,35.83463129704345,37.4588623046875,10254700.0
2019-11-27,37.45886742854124,38.16946939835104,37.06127097396402,37.9664421081543,5040200.0
2019-11-29,38.00873217840105,38.24559838228016,37.62805204569534,37.67034912109375,2072900.0
2019-12-02,37.59421673127917,38.57552381992637,37.48424497001703,38.43171310424805,4205500.0
2019-12-03,38.22022090748758,38.53322313893179,37.81416317362644,38.52476501464844,2054400.0
2019-12-04,38.38095547179808,38.73625804644556,38.194847672754506,38.279441833496094,2470600.0
2019-12-05,38.27098673640611,38.710880279541016,38.1779312159912,38.710880279541016,3284100.0
2019-12-06,38.73625571607968,38.77855279390589,38.33865608498092,38.35557556152344,2126400.0
2019-12-09,38.37249374389648,38.55014340101118,38.26251876360927,38.37249374389648,1938900.0
2019-12-10,38.364038548168764,38.61782750140925,38.16101125804908,38.57552719116211,2284000.0
2019-12-11,38.66856676486117,38.702405708280665,38.32172566245949,38.54167556762695,1207400.0
2019-12-12,38.541700960618805,38.71935069002583,38.338670393395496,38.36404800415039,1814200.0
2019-12-13,38.25405780248916,38.55014054239146,37.94105236080977,37.98335266113281,1845400.0
2019-12-16,38.0087319065757,38.12716500766825,37.61113230114212,37.95797348022461,2537900.0
2019-12-17,37.94951787911712,38.23714252677616,37.56883772382424,37.64497375488281,2278300.0
2019-12-18,37.73803446146882,37.85646758675131,37.34889612780906,37.57730102539063,1923800.0
2019-12-19,37.74648911330933,38.00027481942272,37.64497547627604,37.81416702270508,1884300.0
2019-12-20,38.10179274893467,38.21176451418734,37.83108755790277,38.03411483764648,5661500.0
2019-12-23,38.11872063513231,38.42326162192471,37.94952904665133,38.40634536743164,1780000.0
2019-12-24,38.3132927826406,38.46556490129274,38.2540762061716,38.36404800415039,602300.0
2019-12-26,38.30481590607901,38.50784639103176,38.27098018113695,38.32173538208008,2239000.0
2019-12-27,38.37249640305589,38.516307118192685,38.16100777934157,38.287899017333984,1676700.0
2019-12-30,38.160999062506015,38.44016230397036,38.05102409971845,38.06794357299805,1295700.0
2019-12-31,38.03412006929511,38.211769770271935,37.898767455161206,38.161014556884766,1495600.0
2020-01-02,38.18638974793643,38.36403943767528,37.25584098801429,37.48424911499024,2405700.0
2020-01-03,37.41657508703378,37.70419980714619,37.23046402488428,37.43349456787109,1858700.0
2020-01-06,37.475790357089735,37.77187642088554,37.40811566314785,37.45041275024414,2276200.0
2020-01-07,37.39119684846096,37.788793346716375,37.33198028005992,37.6788215637207,2076400.0
2020-01-08,37.65342958074113,37.873379535730464,37.65342958074113,37.72110748291016,2016700.0
2020-01-09,37.83108955035246,37.86492528071816,37.47578695149761,37.63652038574219,2242900.0
2020-01-10,37.75813019632128,38.48097596095109,37.698601874248254,38.18333435058594,2356600.0
2020-01-13,38.285377067773496,39.04223983712743,38.268368514703205,39.03373718261719,2379100.0
2020-01-14,38.97421426197426,38.982716917661065,38.30239092095805,38.65105819702149,2676200.0
2020-01-15,38.75310150961137,38.99121476809997,38.52349090576172,38.52349090576172,1558900.0
2020-01-16,38.58302506584151,39.2463457699191,38.52349674220062,39.13579177856445,2061100.0
2020-01-17,39.20381526998137,39.71406211750796,39.118775750751794,39.37389755249024,3373300.0
2020-01-21,39.40792049578444,40.020215505903295,39.399417840221766,39.92667007446289,4061300.0
2020-01-22,39.960684961012205,40.28383775921361,39.484455174749584,39.603511810302734,2262100.0
2020-01-23,39.59500613735536,40.16477806237563,39.433426506519936,39.9606819152832,2872300.0
2020-01-24,40.10523992034361,40.16476821899414,39.75657278079803,40.16476821899414,1667200.0
2020-01-27,40.09674878747256,40.385887711434975,39.722567095256544,39.81611251831055,2318900.0
2020-01-28,39.75658548104306,40.13076394124193,39.70555981845003,40.0117073059082,1441700.0
2020-01-29,40.037217792276245,40.4113962154009,39.90114937217671,40.24131393432617,2281300.0
2020-01-30,40.23281215271982,40.80258407602104,40.045721315074765,40.71754455566406,2476400.0
2020-01-31,40.64950587415317,40.82809079369475,40.0882366669872,40.19028472900391,3577500.0
2020-02-03,40.31785320184482,40.632503331956215,40.22430777947525,40.33486175537109,1898200.0
2020-02-04,40.50494293416045,40.80258450257117,40.42840606741915,40.43690872192383,1688700.0
2020-02-05,40.58997350591692,40.692021557721965,40.27532345382273,40.30083465576172,2133800.0
2020-02-06,40.020208124746325,40.39438653744586,39.55248105380991,39.87563705444336,3810000.0
2020-02-07,39.875640669669686,40.17328549125533,39.63752740764109,40.04572296142578,1654500.0
2020-02-10,40.03721866426715,40.26682601806164,39.96918445273563,40.24982070922852,1616000.0
2020-02-11,40.30935321123948,40.58998625284597,40.113756454784834,40.377384185791016,1512300.0
2020-02-12,40.37738431136528,40.69203446325115,40.28383888252216,40.61549758911133,1397100.0
2020-02-13,40.59848909087163,41.22778934523393,40.39438969450693,41.20227813720703,1818100.0
2020-02-14,41.219278845573065,41.55093746299963,41.15975054214005,41.31282424926758,1466600.0
2020-02-18,41.159751228633446,41.26179928707076,40.92163476688068,41.04069137573242,2114700.0
2020-02-19,41.108728034501645,41.44038667728344,41.02368852139587,41.19376754760742,2092200.0
2020-02-20,39.91817296700216,40.045735536889865,38.20034744451583,38.71909713745117,4520300.0
2020-02-21,38.412938139539456,38.68507175729407,38.038759686708026,38.0727767944336,3623500.0
2020-02-24,37.55401989701366,38.10678643506373,37.47748304165364,37.90268707275391,3433800.0
2020-02-25,38.013253437326405,38.41294315107244,37.93671655698349,38.0302619934082,2521200.0
2020-02-26,38.217336140377554,38.56600330693015,37.34141689748794,37.36692810058594,3147900.0
2020-02-27,37.06078147215641,37.35842296871429,36.159347841932686,36.167850494384766,2669700.0
2020-02-28,35.41949901384482,35.62359514320097,34.135380953443615,35.376976013183594,4121100.0
2020-03-02,35.59809963917702,36.74614979430806,35.51305684439451,36.72914123535156,3812000.0
2020-03-03,36.78014855223859,37.69859081311446,36.24439056672768,36.559043884277344,4089300.0
2020-03-04,37.28190072797938,38.31089401245117,36.924727548115854,38.31089401245117,2005400.0
2020-03-05,37.639069881939605,37.84316930105774,36.90772146988763,37.24788284301758,2355600.0
2020-03-06,36.388972797963405,37.53702273255124,36.295427363698415,37.37544631958008,2611400.0
2020-03-09,35.87021245810157,37.52000293712007,35.717138746805595,36.91621398925781,2570200.0
2020-03-10,37.31591087275767,37.70709784677543,35.7256452819491,37.21385955810547,3485800.0
2020-03-11,36.491015176225545,36.62708035639033,35.64060698918319,35.946754455566406,3227100.0
2020-03-12,33.710184120666774,35.22390983985357,33.174425989249464,34.08436584472656,4250500.0
2020-03-13,35.138862086230475,36.09982413809536,33.84624139768156,36.05730438232422,5237200.0
2020-03-16,33.846246187599824,36.78015516770663,33.42954798040241,36.25290298461914,6520100.0
2020-03-17,36.831184196455794,41.355356038343466,36.49952223845542,41.27031326293945,8303900.0
2020-03-18,38.965697719034246,43.821527046476525,38.736087149604046,41.049198150634766,8444500.0
2020-03-19,41.18527377056418,41.9251280750033,38.74460288503729,40.156280517578125,5974200.0
2020-03-20,40.24982320820621,40.58148189988955,37.92820587832287,38.370418548583984,5160100.0
2020-03-23,38.52349683971992,38.52349683971992,35.59809334178239,35.98077774047852,4950000.0
2020-03-24,36.1338437785691,38.38742343323712,36.1083293280746,38.14080429077149,3415500.0
2020-03-25,37.42645932748626,37.73260676477441,35.462018678303124,35.666114807128906,6298400.0
2020-03-26,35.717142357022,38.251358258781885,35.58957983669848,38.14080429077149,3487300.0
2020-03-27,37.63056306493962,39.31437092127128,37.51150643530756,38.234352111816406,2457500.0
2020-03-30,38.88916884986861,40.181789778046266,38.88916884986861,39.78209686279297,2387000.0
2020-03-31,39.82460831370535,40.24130641825749,39.101759565160215,39.663028717041016,3274100.0
2020-04-01,38.97419924439166,39.84161252842395,38.52348080945643,39.41640853881836,2304000.0
2020-04-02,38.84665561839581,40.683537615935954,38.84665561839581,40.462432861328125,2842400.0
2020-04-03,40.07123734883663,41.81457367853254,40.01170902860678,41.14275360107422,3875600.0
2020-04-06,41.39787698720673,41.67000738817692,40.41990612843553,41.28732299804688,2864400.0
2020-04-07,40.9556554690806,41.39786808659325,40.36036912842704,40.7430534362793,2748400.0
2020-04-08,40.68353697026008,40.81109952469623,39.952185245467255,40.28384399414063,2164200.0
2020-04-09,39.96165062955101,41.46576938489573,39.79927554372595,40.62825012207031,2933400.0
2020-04-13,40.696607173265626,41.012815841229205,39.824902870929634,40.2522087097168,1955000.0
2020-04-14,41.05555282952741,41.92725728168788,40.73934410721535,41.457218170166016,3154500.0
2020-04-15,41.79051934321704,42.14945474312977,41.260657667033406,41.585411071777344,2714800.0
2020-04-16,41.74778451525972,43.1322579582684,41.61959470318612,42.91005706787109,2705300.0
2020-04-17,43.00406779411967,43.37155114840064,42.53403193122799,43.16644287109375,2471500.0
2020-04-20,43.1664333800868,43.43991210972803,42.62803038319518,42.66221237182617,1835400.0
2020-04-21,42.63658878198456,42.83314913520857,41.61105381117971,41.816162109375,1734100.0
2020-04-22,41.71360329441317,42.072538686972926,41.311934703618405,41.36321258544922,2254300.0
2020-04-23,41.02136577959601,41.25211135331647,40.31203643148291,40.337677001953125,3319400.0
2020-04-24,40.51715451959871,40.74790014927139,39.48307478891025,39.83346557617188,5055700.0
2020-04-27,40.23513248050429,40.25222185076024,39.18395690503852,39.86764907836914,4305000.0
2020-04-28,39.68817388903096,40.952999059679854,39.65399189205114,40.81626129150391,3653100.0
2020-04-29,39.27796053109839,40.84190180881456,39.22668590565559,40.67952346801758,3791300.0
2020-04-30,40.79916615168653,40.91026333130508,39.474515338512965,40.03855895996094,5039400.0
2020-05-01,39.86764240895387,40.39750082056835,39.54288900695806,39.82490921020508,1675900.0
2020-05-04,39.78218024066807,40.12402627847397,39.380514895344376,39.705265045166016,1433200.0
2020-05-05,39.55143054200402,40.08983685454037,39.346325548713565,39.55997848510742,1558900.0
2020-05-06,39.94455657338595,40.00437913799048,39.65398843384171,39.73090362548828,1735600.0
2020-05-07,40.06421017209895,40.31204516638733,39.60271892466107,39.81637191772461,1857600.0
2020-05-08,40.23511895277772,40.50004648378862,40.06419596691226,40.371856689453125,1141300.0
2020-05-11,40.508600516859154,41.35466437097293,40.33767750529431,40.89317321777344,1581000.0
2020-05-12,41.08119309825191,41.77342989952653,41.02991521146228,41.23502349853516,2000000.0
2020-05-13,41.33757714067864,42.20928167938888,41.072649535246256,41.52559280395508,2412400.0
2020-05-14,41.56832400376194,41.81616224737413,40.08130106226046,40.66243743896485,1984100.0
2020-05-15,40.54278203342172,41.115373626404775,40.48295946909166,40.95299530029297,4108300.0
2020-05-18,41.24355593266591,41.37174898152085,40.653875080119406,41.14955139160156,2385600.0
2020-05-19,41.19228238999272,41.57685828645136,40.465860527774254,40.50004577636719,1712400.0
2020-05-20,40.594059986370745,41.20083357427288,40.34622178508612,41.012821197509766,2137700.0
2020-05-21,40.92736136101121,40.92736136101121,38.67118657733924,39.3206901550293,4478800.0
2020-05-22,38.86773838989774,40.34621618891,38.807915833759104,40.10692596435547,2458500.0
2020-05-26,40.16675932997131,40.44878282202288,38.944664051252566,39.08140182495117,2994300.0
2020-05-27,39.03011343369048,40.12401858897862,38.372065316165525,40.10692596435547,2963600.0
2020-05-28,40.5085985463458,41.05554954867901,40.303490290428286,40.9188117980957,4078500.0
2020-05-29,41.02137199101409,41.85889127795368,40.542788144154734,41.7307014465332,3201300.0
2020-06-01,41.858876454115546,42.12380722803287,41.33756284806656,41.74777603149414,1943800.0
2020-06-02,41.87597617644806,41.87597617644806,41.414485044328,41.67086791992188,2401500.0
2020-06-03,41.6366906060808,41.64523529019056,40.47441796202293,40.73934555053711,1935800.0
2020-06-04,40.61969249511957,41.1837360789032,40.59405518770187,40.995723724365234,1539100.0
2020-06-05,40.98718086519814,41.28629694920316,40.53423765752389,41.021366119384766,2342300.0
2020-06-08,40.6111657142092,41.20084686534389,40.45733528172427,41.11538696289063,2191100.0
2020-06-09,41.0042724609375,41.31193322070813,40.679519074503474,41.0042724609375,2570800.0
2020-06-10,41.23501651129367,41.56831456873507,40.88462582781872,41.047000885009766,1808200.0
2020-06-11,40.67097671896136,41.05555269068533,39.96164734221655,40.0300178527832,2098400.0
2020-06-12,40.31204104991451,40.491512023426495,39.5770775672991,39.88473510742188,1762700.0
2020-06-15,39.65399042505874,40.26076404513668,39.25232181961413,40.24367141723633,1863600.0
2020-06-16,40.69661060326857,41.038456607143786,40.32058260707391,40.85044097900391,1561400.0
2020-06-17,41.047007484738806,41.31193834072793,40.67097943179654,41.02991485595703,1811600.0
2020-06-18,40.97862841315652,41.25210387463472,40.82479805856445,41.14955139160156,1798500.0
2020-06-19,41.687969658011326,41.80761480876687,41.3290342057447,41.49140930175781,3672400.0
2020-06-22,41.431586683690206,41.67942493004895,41.21793369753663,41.35467147827149,1507600.0
2020-06-23,41.593957902716944,41.593957902716944,40.653886155296185,40.67952346801758,1474300.0
2020-06-24,40.54278575515202,40.99573226105435,40.33768073293087,40.81626129150391,1822400.0
2020-06-25,40.89317455735696,41.61104862137728,40.79916999499791,41.59395599365234,1906200.0
2020-06-26,41.67941998750276,41.927258204471656,40.92736065260097,41.20083618164063,2380100.0
2020-06-29,41.41449175433812,41.88452764576336,41.072648951522346,41.31193923950195,2028200.0
2020-06-30,41.55122617814899,41.6281413730976,40.9786378180424,41.25211334228516,2941300.0
2020-07-01,41.337574938662094,41.337574938662094,40.500055703358896,40.54278564453125,2269300.0
2020-07-02,40.79916500814214,41.40593854782753,40.77352443964607,41.0897331237793,2034200.0
2020-07-06,41.34611927367896,41.65378003939983,40.83335024411576,41.012821197509766,1436000.0
2020-07-07,40.87607593012336,41.20082600307581,40.56841522093921,41.14955139160156,2672800.0
2020-07-08,41.115377217595366,41.24356704089132,40.67097865798123,40.944454193115234,1273400.0
2020-07-09,40.67952170704664,40.82480741304491,40.04711078000119,40.17530059814453,2449300.0
2020-07-10,40.2208268752532,41.44900622667093,40.2036491063511,41.39747619628906,1812800.0
2020-07-13,41.62935763696346,41.861252527314456,41.1140345662979,41.2772216796875,1705200.0
2020-07-14,41.2772315087832,42.18763024733037,41.2772315087832,42.161865234375,1260200.0
2020-07-15,42.17044813926174,42.41952082660673,41.79254712407622,41.92996597290039,1298600.0
2020-07-16,41.90420717754173,42.72013314683944,41.84408662703473,42.53976821899414,1873200.0
2020-07-17,42.78882835833388,43.14096431187309,42.73729506891717,42.87471389770508,2097000.0
2020-07-20,42.82319462007374,43.02073403120783,42.367995249909285,42.68577575683594,1116600.0
2020-07-21,42.5139968335329,43.321332159582006,42.5139968335329,42.72871398925781,1660800.0
2020-07-22,42.84896217236993,42.90908272382904,42.05021395861393,42.754486083984375,1076400.0
2020-07-23,42.96061029496607,43.43298739751804,42.82319144192688,43.415809631347656,1182600.0
2020-07-24,43.51028939361542,43.8796032067598,42.88331561873232,43.175331115722656,1306400.0
2020-07-27,43.27839077830847,43.6648823263324,43.26121301213808,43.415809631347656,1013100.0
2020-07-28,43.45875640346174,43.90536853597392,43.32133753779063,43.42440414428711,1120200.0
2020-07-29,43.647704893610495,43.87101257920758,43.32133388652763,43.66488265991211,1254700.0
2020-07-30,43.40721621516326,43.716409409624006,43.08084525697431,43.58757781982422,1134500.0
2020-07-31,43.33851146976591,43.94830742743983,43.15814983884667,43.68206024169922,2196000.0
2020-08-03,43.83665741737682,44.00843180552193,43.48452139602511,43.63052749633789,1210000.0
2020-08-04,43.57041069735133,43.9483117626967,43.29557296322302,43.91395950317383,1572300.0
2020-08-05,43.83665686143682,44.17161511209365,43.450165312092814,43.68206024169922,1509800.0
2020-08-06,43.647715861213534,43.99985196807005,43.5790080550664,43.9569091796875,807500.0
2020-08-07,43.91396445516052,44.61823663782254,43.77654557260024,44.334808349609375,1252900.0
2020-08-10,44.42068516792973,44.81576393874609,44.26608855738008,44.64398956298828,1028500.0
2020-08-11,44.68694339612365,44.832952798362726,44.051382307764,44.15444564819336,1162500.0
2020-08-12,44.40351805110599,45.09061244258525,44.30904195796675,44.68694305419922,1296900.0
2020-08-13,44.618226539215854,44.88447372098312,44.34338883630031,44.76423263549805,1069200.0
2020-08-14,44.82435570879084,45.09919342722229,44.62681630343849,44.85871124267578,932800.0
2020-08-17,44.81576970592858,45.245204062423625,44.70411585586911,45.02189636230469,855000.0
2020-08-18,44.99612407982612,45.43414888742589,44.7384641628211,45.27096176147461,1040300.0
2020-08-19,45.27955210301308,45.33967264086586,44.75564175059001,45.03047943115234,1121200.0
2020-08-20,44.89307034759379,45.23661588479852,44.83294979667485,45.13355255126953,737200.0
2020-08-21,45.15931174821714,45.37402889435437,44.88447078694374,45.24519729614258,1420100.0
2020-08-24,45.47709641257351,45.49427417901183,44.79858938171802,45.210845947265625,1685800.0
2020-08-25,45.04766072266811,45.35685395658947,44.025604946503215,44.266090393066406,2828100.0
2020-08-26,43.98266130745127,44.1973784627616,43.12379268620992,43.78512191772461,2335800.0
2020-08-27,43.96548351642085,44.76423159581889,43.90536297507466,44.06855010986328,1429000.0
2020-08-28,43.84524688144071,43.93972296351814,43.20968587235925,43.47593307495117,1470300.0
2020-08-31,43.34710036247399,43.92254076607027,43.23544652434196,43.78512191772461,2453400.0
2020-09-01,43.85383647801755,43.85383647801755,42.99496778826939,43.53605270385742,2240100.0
2020-09-02,43.53605279168772,44.16302654330985,43.355691152794506,44.085731506347656,2094200.0
2020-09-03,44.14585246641877,44.97895287706339,43.355691559161805,43.79371643066406,1927000.0
2020-09-04,43.75935979585566,44.09431805603696,43.3986332474361,43.87101364135742,1351900.0
2020-09-08,43.87960339570505,44.03420002867881,43.123797998536006,43.15815353393555,1944700.0
2020-09-09,43.48452667602657,44.13726549864648,43.347107804089525,43.51887893676758,1386800.0
2020-09-10,43.43299043208916,43.613352074993855,42.60847725624703,42.70295333862305,1760800.0
2020-09-11,42.685774284722136,43.02073254754225,42.41952381298931,42.79742813110352,1304800.0
2020-09-14,42.90049357108734,43.458756277871096,42.88331580338757,43.15815353393555,1020600.0
2020-09-15,43.24404486315888,43.2526353863165,42.75448988556271,42.78025817871094,1422400.0
2020-09-16,42.82319008164599,43.0293167164952,42.44528579054944,42.47105407714844,1390000.0
2020-09-17,42.41952730393241,42.63424449277704,42.00727069450964,42.52259063720703,1586100.0
2020-09-18,42.39376060283767,42.78883942827368,41.66372022401983,41.869850158691406,2086100.0
2020-09-21,41.655129024438615,42.23915996152635,41.16557416192741,41.62936401367188,1587500.0
2020-09-22,41.65512575187755,42.14468057592775,41.50911966723825,41.835487365722656,1340500.0
2020-09-23,42.093145059361404,42.15326887045849,40.71036948324375,40.93367385864258,2415700.0
2020-09-24,41.01098331409656,41.80114100112515,40.97662777735854,41.46618270874024,1353100.0
2020-09-25,41.32017737026489,42.00727173634365,41.285821832879854,41.94715118408203,1055400.0
2020-09-28,42.075988784361066,42.350826569809456,41.85268103598122,42.05022048950195,1169200.0
2020-09-29,42.02444573477729,42.33363899085429,41.56065585066179,41.663719177246094,1345100.0
2020-09-30,41.826905546098445,42.28210489997747,41.69807393303034,41.99008941650391,1490300.0
2020-10-01,42.14468490692667,42.42811313751571,41.61218725480888,42.32504653930664,1316800.0
2020-10-02,42.23916064428846,42.72871551471293,41.92996740479429,42.10174179077149,983300.0
2020-10-05,42.07597835087324,42.52258718423863,41.85267065786651,42.51399993896485,904800.0
2020-10-06,42.462459190229815,42.65141131635024,41.81830778899034,41.95572662353516,1192200.0
2020-10-07,41.97291410822087,42.59988789080745,41.86126353176757,42.36799621582031,1355400.0
2020-10-08,42.4796492186933,42.7802552585226,41.98150702826743,42.17045593261719,1044100.0
2020-10-09,42.179052134823,42.43671214914026,41.88703657824348,42.05022048950195,1675400.0
2020-10-12,42.39375877168656,43.25262745579261,42.12750830013704,43.0293197631836,2254500.0
2020-10-13,42.98637799020426,43.88818947435488,42.98637799020426,43.49311065673828,2421300.0
2020-10-14,43.432991451654615,43.6477086343408,42.88331598818986,43.14097595214844,1649000.0
2020-10-15,42.9520210379963,43.48452197598055,42.80601493573623,43.34710311889648,1502700.0
2020-10-16,43.40145547183139,43.677567851882486,42.71117452170365,42.74568939208984,5536400.0
2020-10-19,42.6507777284996,43.02180437883363,42.20209426085103,42.2970085144043,1902800.0
2020-10-20,42.34015533815395,42.59901032852418,41.91735962190384,42.07266998291016,1059000.0
2020-10-21,41.9518706159096,42.71118142961721,41.9518706159096,42.512725830078125,1265500.0
2020-10-22,42.49546914820203,42.84061133098823,42.33152842171447,42.56449890136719,1000600.0
2020-10-23,42.58175551870504,42.85786796434596,42.41781478270574,42.80609893798828,975500.0
2020-10-26,42.6507799774021,42.9959221373365,42.50409340739813,42.66803741455078,1350400.0
2020-10-27,42.77158395006844,43.53089481939997,42.66804260609777,43.168495178222656,1918800.0
2020-10-28,42.98728927809173,43.12534547574902,41.90009713298048,41.95186614990234,1895800.0
2020-10-29,42.07266974919296,42.53861070418291,41.675758546728815,42.02090072631836,1798700.0
2020-10-30,41.9087305400894,42.50409736532041,41.762047247946064,42.01227188110352,2034300.0
2020-11-02,42.409187992439406,42.762957271502735,42.10718774007997,42.67667007446289,1735400.0
2020-11-03,42.875119493000966,43.66894513342413,42.875119493000966,43.14260482788086,2111100.0
2020-11-04,43.35832522852812,44.17803551801825,43.06495533412703,43.27204132080078,3339200.0
2020-11-05,43.61717262570007,43.83288564886527,42.71117858671012,42.7629508972168,1533700.0
2020-11-06,42.87512634901696,43.3410673456298,42.693928169729766,43.05632781982422,1784400.0
2020-11-09,43.91055163168991,44.32472032760942,42.58175834174799,42.70256042480469,1972100.0
2020-11-10,42.650784210589805,43.97094701405683,42.40055628437765,43.95368957519531,1497400.0
2020-11-11,44.26431516075253,45.0149956185145,43.94506078309832,44.833797454833984,1511900.0
2020-11-12,45.03225490750481,45.03225490750481,44.19529051593037,44.62671661376953,1510500.0
2020-11-13,44.68711818169216,45.10991393492569,44.42826316867896,44.997745513916016,1122900.0
2020-11-16,45.15305450963668,45.30836486816406,44.678483194759536,45.30836486816406,1070100.0
2020-11-17,45.00637255436458,45.11854426681043,44.212550076181806,44.29020690917969,1536500.0
2020-11-18,44.393742849749565,44.4196273604233,43.142606600044346,43.1512336730957,1697200.0
2020-11-19,43.14261450138917,43.2979281769158,42.59038956241464,43.13398742675781,1640100.0
2020-11-20,43.09083959851076,43.41872437071135,42.64215603958365,43.25478363037109,2570100.0
2020-11-23,43.15986810435842,43.392838596932414,42.78884138931688,43.168495178222656,3348900.0
2020-11-24,42.53861364581715,42.97003975437822,40.70073750172141,40.73525238037109,5300100.0
2020-11-25,40.3987373233464,41.02861899667389,40.26068111126804,40.44187927246094,3062300.0
2020-11-27,40.7179893562203,40.74387715741682,40.13124966573209,40.72661972045898,1146200.0
2020-11-30,40.7697652336029,40.83016462247925,40.20028293025464,40.70936584472656,3412800.0
2020-12-01,40.9078150307219,41.2702145986334,40.69210202100674,41.011356353759766,2122700.0
2020-12-02,41.14941905255329,41.34787465787758,40.29519724231047,40.528167724609375,1848100.0
2020-12-03,40.37285099373687,40.93370289000384,40.21753735070428,40.76113510131836,2042400.0
2020-12-04,40.93370414120912,40.96821901660905,40.50227807326903,40.881935119628906,2105200.0
2020-12-07,40.98548008145572,41.14942081683435,40.50228165765347,40.6834831237793,1655900.0
2020-12-08,40.58857355407061,41.13216814083808,40.33834559357871,40.96822738647461,1653800.0
2020-12-09,40.80427706481676,40.80427706481676,40.32970906270265,40.61444854736328,1680200.0
2020-12-10,40.64896836858048,40.73525227345824,40.114000916994414,40.20891189575195,1621500.0
2020-12-11,40.303820743790894,40.97684761906827,40.1830219766056,40.72661972045898,1599300.0
2020-12-14,40.812903613728615,41.43415817813249,40.69210484654332,40.72661972045898,1616600.0
2020-12-15,40.72661159208167,41.02860844977119,40.57992505297612,40.83878326416016,1356300.0
2020-12-16,40.95960194160528,41.32199834720512,40.71800104635156,40.74388885498047,1557200.0
2020-12-17,40.85604145288007,41.43415401252828,40.81289951058256,41.21844100952149,1854400.0
2020-12-18,41.22707136222645,41.57221351111146,41.07175772438016,41.36512756347656,3127000.0
2020-12-21,41.05450082163404,41.19255701361077,40.53678763308182,41.10626983642578,1805200.0
2020-12-22,40.98547085353833,41.080385102158026,40.48501510318695,40.57992935180664,1464000.0
2020-12-23,40.700729364896446,40.968214683676266,40.56267316941768,40.847415924072266,1145700.0
2020-12-24,40.75251313639707,40.80428545858516,40.398743830245785,40.70074081420898,567300.0
2020-12-28,40.79565788919732,40.9250870577804,40.43326148359747,40.74388885498047,984200.0
2020-12-29,40.8215391811271,40.89056564623709,40.11400063326993,40.338340759277344,1374500.0
2020-12-30,40.32108594852418,40.33834338880662,40.036346412664265,40.07085800170898,903700.0
2020-12-31,40.157145160499695,40.25205943619232,39.58766279786413,40.21754455566406,2257800.0
2021-01-04,40.286556758869615,40.32970199001137,39.47547710279724,39.95867538452149,2593400.0
2021-01-05,39.846513959992265,39.95868566508614,39.27703165250618,39.51000213623047,2307900.0
2021-01-06,39.37193703989471,39.99318823153579,39.29428022949969,39.751590728759766,2258300.0
2021-01-07,39.77748165742751,39.81199653240223,39.21662975092664,39.44960021972656,1882900.0
2021-01-08,39.575385638505054,39.66213770420827,38.95078731170654,39.41923522949219,2171800.0
2021-01-11,39.4105649919014,39.61008979591906,38.41293766255989,38.54306411743164,2896900.0
2021-01-12,38.52570906114558,38.52570906114558,37.770984317879154,38.23075866699219,3507600.0
2021-01-13,37.909791579854456,38.65584291458634,37.87509074818008,38.17871475219727,2695800.0
2021-01-14,38.40426203761928,38.42161245128284,37.69291162367831,38.14401245117188,2677700.0
2021-01-15,38.15268001057177,39.02885756206511,38.07460481597585,38.92475509643555,6809000.0
2021-01-19,39.05488524354725,39.150310858170045,38.51703569024487,38.82065963745117,2391300.0
2021-01-20,38.80331039428711,39.04620955937248,38.5777616423154,38.80331039428711,2577300.0
2021-01-21,38.70788714066514,39.410564023042376,38.63848879322531,39.25441360473633,2257200.0
2021-01-22,39.26309252467886,39.62744465361965,39.150319781015824,39.39321899414063,1826500.0
2021-01-25,39.39320858103406,40.94603570419092,39.34983420576348,40.80723571777344,4178200.0
2021-01-26,40.77253539071203,42.29933525991004,40.49493541449421,42.09113693237305,4779800.0
2021-01-27,42.07378678274627,44.06036431371928,42.03041240667647,43.80878829956055,5654800.0
2021-01-28,43.340340711865686,43.80879195471105,41.301715083218966,41.60533905029297,3757100.0
2021-01-29,41.6400391140785,42.394763896430334,40.147936653529726,40.65108871459961,8025900.0
2021-02-01,40.47758768941164,40.91133809470291,39.88768687347527,40.7031364440918,3333100.0
2021-02-02,40.78121180076462,44.12109191945444,40.33878784179687,42.29066467285156,7651100.0
2021-02-03,41.94366908343468,42.09114596389929,40.56434245784124,41.535945892333984,3892800.0
2021-02-04,41.70944505586598,42.646344311443976,41.35376650831631,42.52489471435547,4486200.0
2021-02-05,42.66369237684694,42.68104279108302,42.11716591079637,42.5595932006836,2301300.0
2021-02-08,42.61164105472001,43.22756917656695,42.507541878750686,43.201541900634766,2612800.0
2021-02-09,43.3316651820433,43.3663660079118,42.81116272177454,42.9239387512207,2497500.0
2021-02-10,43.140809894166274,43.444437128098016,42.802485146880194,43.2275619506836,3001300.0
2021-02-11,43.11478995327175,43.2882907732367,41.34508754628448,41.79618835449219,3973900.0
2021-02-12,41.90029546745741,42.04777235062912,41.353768939179794,41.84824752807617,3261600.0
2021-02-16,41.761485109930746,41.80485948509663,40.52095878652086,40.83325958251953,3601700.0
2021-02-17,40.76385838639973,40.92000546419985,40.26070640384085,40.737831115722656,3326700.0
2021-02-18,40.77253970710934,41.67474137995548,40.12191407348525,41.19761657714844,2201500.0
2021-02-19,41.24966714360981,41.7181184239494,40.84194397079867,40.85929107666016,2544400.0
2021-02-22,40.89399229682293,41.13689149223956,40.24336661545408,41.01544189453125,2022100.0
2021-02-23,41.20628962512743,41.509913593400825,40.86796482926477,41.06748962402344,1476600.0
2021-02-24,40.92868753288733,41.16291314327447,40.65108754485504,40.66843795776367,2094300.0
2021-02-25,40.74650987763853,41.4144858291534,40.685785091978325,40.92868423461914,2510600.0
2021-02-26,40.850614849829554,40.96339088606726,40.139264422951264,40.22601318359375,2443800.0
2021-03-01,40.24335988046533,40.72916149924987,40.1479342670208,40.19998550415039,1707000.0
2021-03-02,40.25204029322804,41.09351385760062,40.18263863759772,40.63373947143555,2160800.0
2021-03-03,40.48626280771218,41.024115713743065,40.26071404430636,40.71181488037109,1978700.0
2021-03-04,40.83325671994951,41.18893186617986,40.44288075231805,40.737831115722656,2245000.0
2021-03-05,40.876634254701685,41.72678458929056,40.59036072912459,41.39713668823242,1848100.0
2021-03-08,41.561968688573074,41.95234476201683,41.26701824522151,41.55329513549805,1681900.0
2021-03-09,41.43183251073386,41.891610137960434,41.223634193227845,41.28435897827149,2168000.0
2021-03-10,41.39714663433552,42.19524592454732,40.93736887786231,41.84824752807617,1495700.0
2021-03-11,41.64003573911976,41.67473656312301,41.36243576559918,41.42316055297852,1302800.0
2021-03-12,41.77016343652687,42.19523696102513,41.56196179546958,42.02173614501953,2035000.0
2021-03-15,42.07379013131601,42.24729095865658,41.66606368345362,42.013065338134766,1261900.0
2021-03-16,41.882935838764006,41.99571186470658,41.56196148258432,41.83956146240234,1348900.0
2021-03-17,42.06511674090181,42.07379029313834,41.518590290915554,41.60533905029297,1443900.0
2021-03-18,41.44918198599385,41.90028274273949,41.07615642386289,41.89160919189453,1329600.0
2021-03-19,41.95234229390161,42.16921750980536,41.475217480764,41.614017486572266,3587600.0
2021-03-22,41.44918482177181,42.14318806993972,41.33641210680935,42.11716079711914,2176000.0
2021-03-23,42.27332540867874,42.377424607199394,41.666074017009535,42.23862457275391,2327300.0
2021-03-24,41.91763782971773,42.04776427167569,41.43183619689464,41.69208908081055,1301500.0
2021-03-25,41.908964898278896,42.2472896812743,41.52726242782013,42.05643844604492,1697700.0
2021-03-26,42.05644888648526,42.05644888648526,41.032797422185496,41.561973571777344,3151600.0
2021-03-29,41.4925626149782,42.48151294416913,41.4925626149782,42.22126007080078,2149900.0
2021-03-30,42.26463304087263,42.42945697426598,41.65738191951193,41.7788314819336,1144600.0
2021-03-31,41.66606343800675,42.021738642795846,41.35376261248404,41.44918823242188,1976500.0
2021-04-01,41.41449796009376,41.49257318013383,40.9547201935229,41.29304504394531,1667100.0
2021-04-05,41.1455593218013,41.64870801745832,41.1455593218013,41.46653366088867,1699900.0
2021-04-06,41.40581107100537,41.84823831385253,41.24966066873611,41.70943832397461,1748700.0
2021-04-07,41.76148725706728,41.89161369850798,41.145562493987406,41.2323112487793,1462300.0
2021-04-08,41.0588159713524,41.31038869762674,40.92868952283739,40.9633903503418,2055100.0
2021-04-09,40.97646825143674,41.12471094826096,40.017238473734295,40.41836929321289,2210700.0
2021-04-12,40.523012916893805,41.04622671672675,40.44453051426765,41.01134490966797,1710600.0
2021-04-13,40.99389985449458,41.33399244910666,40.54044971470223,40.67997360229492,1971800.0
2021-04-14,40.627653526531006,40.77589621134395,40.27884212171737,40.60149383544922,1627100.0
2021-04-15,40.60149912170935,40.836946351636655,40.313729176294025,40.44453430175781,2211900.0
2021-04-16,40.60150275164283,40.97647392988289,40.540461241372384,40.84566879272461,1665300.0
2021-04-19,40.723577043995256,40.784618541182816,40.20035993401485,40.56661224365234,1658500.0
2021-04-20,40.444536253768696,41.22063827514648,40.444536253768696,41.22063827514648,1606100.0
2021-04-21,41.46480408485416,41.5956092159329,41.05495443873191,41.25551986694336,1805100.0
2021-04-22,41.16830982300916,41.19447284162805,40.81077961599842,40.99390411376953,1436800.0
2021-04-23,40.92414146008257,40.959023265216366,40.32244529082883,40.4532470703125,1801500.0
2021-04-26,40.48813798233143,40.549179491789445,40.034684393134185,40.11316680908203,2512100.0
2021-04-27,40.03468682169128,40.400939227169495,40.03468682169128,40.25269317626953,1993500.0
2021-04-28,40.41836910961776,40.58405603650675,40.04339798504379,40.06956100463867,1718900.0
2021-04-29,40.0259664522962,40.74974579115883,39.99108463857652,40.61022186279297,2012000.0
2021-04-30,40.76718808017767,40.77590687064677,40.14805083497017,40.287574768066406,2889000.0
2021-05-03,40.331176087694175,41.22936121500082,40.29629427217412,40.80207061767578,1503600.0
2021-05-04,40.97646728169804,41.33399749520902,40.78462066539527,41.14215087890625,2876400.0
2021-05-05,41.09854738735784,41.63920206388438,40.92414168723288,41.4560775756836,2578200.0
2021-05-06,41.68280904117716,42.11010290559948,41.29911910334823,41.3950424194336,1953200.0
2021-05-07,41.30783852646542,41.42120274962476,40.74974285323881,41.10727310180664,1413500.0
2021-05-10,41.2991218704093,41.708974856957134,40.897991000369565,41.48224639892578,1931000.0
2021-05-11,41.66537219095033,41.7612955163715,41.02879405357961,41.177040100097656,1907900.0
2021-05-12,41.31655535990195,41.40375655025207,40.87182064018463,40.88054275512695,1888600.0
2021-05-13,40.68870262848438,41.49968646872106,40.557897495602575,41.3514404296875,1335500.0
2021-05-14,41.2903910951003,41.56943888761134,40.6014937285017,40.618934631347656,1537100.0
2021-05-17,40.62765906273428,40.906706894005325,40.453253336561744,40.59277725219727,2176500.0
2021-05-18,40.50558378609068,40.88927379571809,40.36605984381588,40.39221954345703,1946800.0
2021-05-19,40.331175481878326,40.331175481878326,39.69459732750807,40.08700942993164,2890700.0
2021-05-20,41.0287912140603,43.4879023847045,40.967749706928274,43.04317092895508,6714900.0
2021-05-21,43.051888901473895,43.60126578174744,42.96468770051544,43.095489501953125,3861300.0
2021-05-24,43.08677208156958,43.54894444905787,42.92980725364664,42.95596694946289,2541900.0
2021-05-25,42.93852574007745,42.9908451272871,42.55483249247382,42.73795700073242,2340700.0
2021-05-26,42.79900574331308,42.88620694764399,42.38915276462984,42.53739547729492,2063100.0
2021-05-27,42.589715850194565,42.85132277529215,42.25834530426428,42.38042831420898,4779300.0
2021-05-28,42.50251163972776,42.85131973964362,42.31066502254104,42.32810592651367,1656400.0
2021-06-01,42.52867676394392,42.755401891519625,41.97929986143567,42.15370559692383,1934500.0
2021-06-02,42.136268874723086,42.90365219116211,41.857221000838535,42.90365219116211,1969700.0
2021-06-03,42.82515833345165,43.33965333726582,42.82515833345165,43.287330627441406,1853200.0
2021-06-04,43.29606035785499,43.4443030719976,42.92980797768679,43.10421371459961,1810100.0
2021-06-07,43.11293271108045,43.19141512674162,42.55483701149564,42.886207580566406,1496300.0
2021-06-08,42.85132211377979,42.973405121839846,42.41530946984387,42.48507308959961,2035400.0
2021-06-09,42.04906381672976,42.6420413261425,41.953140495131706,42.10138320922852,2266900.0
2021-06-10,42.12754098969007,42.54611271015731,41.97929496752806,42.44146728515625,1951200.0
2021-06-11,42.52867668746692,42.68564151647273,42.14498673129311,42.53739547729492,1677000.0
2021-06-14,42.44146550652125,42.711794520009896,42.01417501513362,42.65075302124024,1770500.0
2021-06-15,42.73795833441278,42.973405563740805,42.371709306466414,42.41530990600586,1233000.0
2021-06-16,42.52867426189758,42.5809969774196,41.813613782326,41.8310546875,1493600.0
2021-06-17,41.79617533610383,42.24962891776796,41.59560990457189,42.15370559692383,1956600.0
2021-06-18,42.03162246355508,42.03162246355508,41.29912103774495,41.3514404296875,3939300.0
2021-06-21,41.51712040946325,41.778727304823846,41.42991589333496,41.70024490356445,1550300.0
2021-06-22,41.7351352783877,41.90954101993827,41.57817044364348,41.6304931640625,1580800.0
2021-06-23,41.54327768167872,41.71768337726625,41.30783049161234,41.36015319824219,1827000.0
2021-06-24,41.29911782419976,41.64792594055544,41.15087179670144,41.33399963378906,1244800.0
2021-06-25,41.24679549607038,41.6915302562176,41.24679549607038,41.647926330566406,1397600.0
2021-06-28,41.71768440980802,41.86592709249376,41.50839690462058,41.65664291381836,1171700.0
2021-06-29,41.63048327580856,41.82232655208517,41.35143215970139,41.4560775756836,1136100.0
2021-06-30,41.42119961883385,41.75257014720798,41.4037587145497,41.63920593261719,2000700.0
2021-07-01,41.62177032444016,41.65665213744695,41.3688821699101,41.48224639892578,1344100.0
2021-07-02,41.630483223111945,41.770007117732895,41.57816051518707,41.65664291381836,1440100.0
2021-07-06,41.59560618197573,41.839772193899904,41.43864136673522,41.77001190185547,1305600.0
2021-07-07,41.72639704229948,42.11009019078783,41.62175496839882,41.88336181640625,1392100.0
2021-07-08,41.80488953354808,42.37170727998969,41.53456383342465,41.63920593261719,1342000.0
2021-07-09,41.7487710428947,41.83642196263224,41.415691529289184,41.58222961425781,1638700.0
2021-07-12,41.61728949968961,41.64358410572735,41.03878476118246,41.23162078857422,1775900.0
2021-07-13,41.24916384409999,41.880257981392525,41.16150955859471,41.31052017211914,2974700.0
2021-07-14,41.20532910572221,41.44199062705973,40.99496553809018,41.38063430786133,1410200.0
2021-07-15,41.3981653096926,42.029262702170726,41.012496538549655,41.94160842895508,1964600.0
2021-07-16,42.13444819975608,42.51135324862919,41.98544093766012,42.30975341796875,1856400.0
2021-07-19,42.38863976831422,42.80060652149057,41.748778576495575,42.34481430053711,1776500.0
2021-07-20,42.414925271261374,42.8444227880439,41.89777683774845,41.95913314819336,2639300.0
2021-07-21,41.96790320039604,41.96790320039604,41.32804210095029,41.3455696105957,1748700.0
2021-07-22,41.2754525102763,41.371870538604085,40.88101664151203,40.98619842529297,1410800.0
2021-07-23,41.012492562081626,41.634822795064295,40.78459481748597,41.49457931518555,1135000.0
2021-07-26,41.40693004007703,41.64358820504916,41.30174491823559,41.42445755004883,1204100.0
2021-07-27,41.503343269847214,42.19579691794067,41.36309978929256,41.801361083984375,1230500.0
2021-07-28,41.67864585374004,41.73123840953939,41.03002105055526,41.117671966552734,1408500.0
2021-07-29,41.25792169316342,41.50334697009798,41.09138359005335,41.126441955566406,931200.0
2021-07-30,41.17026658868918,41.33680467491018,40.5742309677206,40.65311813354492,1646000.0
2021-08-02,40.72323223654795,40.977424549603306,40.5303995711851,40.837181091308594,1036600.0
2021-08-03,40.83718489041394,41.100140981221,40.539167095854445,40.58299255371094,1189800.0
2021-08-04,40.486582661299245,40.57423693826263,39.80289601932878,39.93437576293945,1507400.0
2021-08-05,40.06584150269632,40.12719780841144,39.723998272664176,39.8993034362793,1373600.0
2021-08-06,39.87301728216154,40.1710351203647,39.82042471883089,39.86425018310547,1307700.0
2021-08-09,40.03078532744399,40.24115222155662,39.95190150377864,40.2236213684082,1273600.0
2021-08-10,40.100913904487726,40.32880833743012,39.89054698328271,40.07461929321289,1257900.0
2021-08-11,40.06585219367543,40.33757543696758,40.01326297112576,40.07461929321289,1253600.0
2021-08-12,40.06584922200959,40.19732895596953,39.75906763432776,39.78536224365234,1351400.0
2021-08-13,39.978205924756246,40.407700229477285,39.90808249495002,40.32004928588867,1668500.0
2021-08-16,40.46904276768559,40.75829680156054,40.337566397107175,40.591758728027344,1143300.0
2021-08-17,40.661882951177056,41.31927490234375,40.50410861540358,41.31927490234375,1614100.0
2021-08-18,41.3368055653335,41.3368055653335,40.425221261431474,40.50410842895508,1638500.0
2021-08-19,40.512886245365216,40.92484970149345,40.45152991479996,40.70571899414063,966700.0
2021-08-20,40.64435325522995,41.02125825212448,40.45152055109141,40.60929489135742,1532300.0
2021-08-23,40.52163519722477,40.60928945434158,40.258679113210384,40.31127166748047,1010100.0
2021-08-24,40.38139932539813,40.495348209250174,39.74153817459124,39.7765998840332,1729100.0
2021-08-25,39.785366888086045,39.873021168848034,39.56623620168445,39.75030517578125,1397400.0
2021-08-26,39.6275893060709,39.79413075415033,39.07538242865528,39.12797164916992,1745000.0
2021-08-27,39.110437898343726,39.47857913302887,39.01401987631503,39.37339401245117,1258900.0
2021-08-30,39.31202850257846,39.776587650636415,39.18055214810998,39.69770050048828,2159700.0
2021-08-31,39.75029816735917,39.96942881512558,39.51364001019958,39.916839599609375,2167000.0
2021-09-01,39.960668347285605,40.10967559506215,39.72400682699173,40.03078842163086,2526600.0
2021-09-02,38.67217695036575,39.59252503006639,37.96219577009278,38.19009017944336,6352600.0
2021-09-03,38.04108187426945,38.1287327961035,37.37492283112464,37.52393341064453,5048400.0
2021-09-07,37.41874970703604,37.690472924866185,36.989255492672136,37.00678634643555,3809300.0
2021-09-08,37.03308123944354,37.55022972659316,36.88407399681376,37.33986282348633,2905100.0
2021-09-09,37.13826506333146,37.33110112315445,36.84901431726564,36.9892578125,3122700.0
2021-09-10,36.98926386958301,37.27851466301436,36.73507144794964,37.0856819152832,2614400.0
2021-09-13,37.1820906331312,37.72553710440144,37.12950141206347,37.40998840332031,3392300.0
2021-09-14,37.40121515934309,37.58528743384476,36.98048474158008,37.17332077026367,2092400.0
2021-09-15,37.147032119428175,37.1733267298576,36.44581464407128,36.4545783996582,2719400.0
2021-09-16,36.49840235171634,36.88407445492428,36.25297708143387,36.69123840332031,3068300.0
2021-09-17,36.53346410063234,37.04184549587913,36.28803883007655,36.83148193359375,6440500.0
2021-09-20,36.80519108316263,37.120736458817554,36.38445722828498,36.55099868774414,2469100.0
2021-09-21,36.57728872364127,36.85777569602227,36.15655826506976,36.21791458129883,1917900.0
2021-09-22,36.41075437425235,36.4370489857216,35.744595238568486,35.79718780517578,2007100.0
2021-09-23,35.80594993280416,36.06890941021354,35.59558636327905,35.61311721801758,1791500.0
2021-09-24,35.551759546384275,35.92866454975905,35.551759546384275,35.76212310791016,1584200.0
2021-09-27,35.823477974618044,36.279270131024376,35.67447073654379,35.88483428955078,2297500.0
2021-09-28,36.02507457853078,36.27926691423836,35.79718019236859,36.05137252807617,2468200.0
2021-09-29,36.02508091178881,36.62988370263669,35.990022545678464,36.48087310791016,2177400.0
2021-09-30,36.568528760582346,36.673710550214935,35.91113672395828,35.93743133544922,2442900.0
2021-10-01,36.01631624817012,36.03384710261767,35.48163689036012,35.84101104736328,1888200.0
2021-10-04,35.79718622297828,36.279273026063294,35.79718622297828,36.147796630859375,2197700.0
2021-10-05,36.18285509468119,36.340629444288005,36.04261159988276,36.17409133911133,1945700.0
2021-10-06,36.20915004360471,36.69123680798495,35.99001939218928,36.64741134643555,1239000.0
2021-10-07,36.64740979239978,36.88407128713299,36.17408680293335,36.235443115234375,1952500.0
2021-10-08,36.48086857138412,36.81394808552791,36.349392191565336,36.5422248840332,2037800.0
2021-10-11,36.69123479162505,36.91036543099819,36.55975507053389,36.74382400512695,1600700.0
2021-10-12,36.88408206685064,37.33110723621516,36.73507144794964,37.0856819152832,2290000.0
2021-10-13,37.08567968760384,37.26098156707128,36.79642556787832,37.1295051574707,2544500.0
2021-10-14,37.18209362279758,37.6028274871811,37.12950439750136,37.585296630859375,3926200.0
2021-10-15,37.73956560010785,37.74837971595203,37.30759994032168,37.607330322265625,3020800.0
2021-10-18,37.4574622216595,37.70429778963592,37.08720550681247,37.13128280639648,2147700.0
2021-10-19,37.09603182695153,37.13129165729411,36.53183082398869,36.71696090698242,1822800.0
2021-10-20,36.7345896106827,37.11366053550152,36.69932977988901,36.91971969604492,1308000.0
2021-10-21,37.12248306265479,37.12248306265479,36.487758941704,36.72578048706055,1619700.0
2021-10-22,36.72576872133608,37.08720798266569,36.6993230123967,37.0343132019043,1048500.0
2021-10-25,36.99023272421481,37.12246798332618,36.65524256346205,36.98141860961914,1100800.0
2021-10-26,36.97260708666805,37.31641814315274,36.85800676405603,37.192996978759766,1242100.0
2021-10-27,37.41338833396794,37.554437735907314,36.96379441618715,37.25470733642578,1860000.0
2021-10-28,37.28996727008232,37.81008752483802,37.1753635901171,37.78364181518555,2204600.0
2021-10-29,37.66022711316226,37.986403222905786,37.22826143035354,37.30760192871094,4596200.0
2021-11-01,37.31642147867558,37.93351054138449,37.22826349622918,37.86298751831055,1740000.0
2021-11-02,37.97758273650701,38.27730972126871,37.3957502708898,37.96876525878906,2055000.0
2021-11-03,37.94232745567282,38.30376677110913,37.94232745567282,38.22442626953125,2368500.0
2021-11-04,38.162718540182006,38.42718576596357,37.85417064103416,38.03048324584961,1466100.0
2021-11-05,38.15389105048711,38.2067858269195,37.88060977945896,38.09218215942383,1280300.0
2021-11-08,38.08337961464216,38.453633073506005,37.545627660963696,38.38311004638672,1910400.0
2021-11-09,38.44481869210419,38.53297331611857,37.98640724888604,38.12745666503906,1714400.0
2021-11-10,38.26849886366627,38.46244303537961,38.08337217042137,38.34783935546875,1700700.0
2021-11-11,38.12745804383135,38.3037706611194,37.83654172087354,38.2067985534668,2246000.0
2021-11-12,38.29494482659268,38.48007488394475,38.056923349610926,38.27731323242188,1824000.0
2021-11-15,38.34784171404369,38.39191902044877,38.02166561118663,38.2861328125,2142200.0
2021-11-16,38.39192103981433,38.39192103981433,37.924695514155815,37.98640441894531,1589300.0
2021-11-17,37.92469605457077,38.26850377554944,37.81009235995017,38.171531677246094,1406400.0
2021-11-18,38.17152415110564,38.17152415110564,37.31641375705806,37.57206344604492,1168000.0
2021-11-19,37.69548716800567,37.995217567727,37.57206936157036,37.58088684082031,1783400.0
2021-11-22,37.67785845157745,38.20679286176225,37.50154586055486,37.9246940612793,1703500.0
2021-11-23,38.12745666503906,38.409555497345096,37.97759313163794,38.12745666503906,2134200.0
2021-11-24,38.17153377834277,38.28613747927157,37.7660171293742,37.85417175292969,1176500.0
2021-11-26,37.79245440545146,38.49770132507571,37.72193139493032,37.73956298828125,1174700.0
2021-11-29,37.77482088628056,37.81890154885186,37.3252270488419,37.457462310791016,1544200.0
2021-11-30,37.23706914594516,37.510350397501405,36.36432389284866,36.496559143066406,5493200.0
2021-12-01,36.64643018480496,37.65140753265597,36.637616068982936,37.07839584350586,3669300.0
2021-12-02,37.18418236828148,37.50154434673464,36.97260659501844,36.99023818969727,2581000.0
2021-12-03,37.11365719953221,37.77482688857055,37.11365719953221,37.66904067993164,2224900.0
2021-12-06,37.90706030182829,38.40073485593176,37.79245661977372,37.93350601196289,1735800.0
2021-12-07,37.801277853743365,37.90706406767379,37.30760325059621,37.40457534790039,2067500.0
2021-12-08,37.2811517116627,37.98639863245711,37.25470264015113,37.72193145751953,2519500.0
2021-12-09,37.75719599285252,40.093326711603694,37.65140642879294,39.49386596679688,4475700.0
2021-12-10,39.84649927805605,40.58700956364666,39.80242196544967,40.5517463684082,3297400.0
2021-12-13,40.55173868871231,41.7947375009597,40.31371721025437,41.68013381958008,3071700.0
2021-12-14,41.73302908687205,42.464721762137,41.53027079462073,42.22670364379883,4048400.0
2021-12-15,42.42064593338321,42.940766218693305,42.06802412006566,42.83498001098633,3215200.0
2021-12-16,42.843782896680544,43.40798370328691,42.55287006102107,43.3639030456543,2762600.0
2021-12-17,43.48733788708593,43.75180510183691,42.332493568450815,42.464725494384766,4570600.0
2021-12-20,42.32367845016045,42.85261627205408,42.20026063391692,42.72919845581055,2316100.0
2021-12-21,42.50879857125285,42.72918843798414,41.69776211298283,41.88288879394531,1955800.0
2021-12-22,41.94459833391177,42.08564770496933,41.68894529796922,42.050384521484375,1185700.0
2021-12-23,42.13854822043052,42.29722921751014,41.93578991591389,42.11210250854492,1327700.0
2021-12-27,42.200257671495066,42.341307074855166,42.05920826813497,42.2972297668457,1068800.0
2021-12-28,42.35894177566972,42.71156699135995,42.31486446442926,42.69393539428711,1199800.0
2021-12-29,42.71155478405461,42.90549557065944,42.6057685947354,42.78207778930664,1138800.0
2021-12-30,42.91432057196959,43.00247518471071,42.64103589185945,42.81734848022461,926500.0
2021-12-31,42.81734346613235,43.152337008508695,42.67629408453429,43.0289192199707,1225000.0
2022-01-03,42.99366172086268,43.43444151702136,42.517618733919406,43.3110237121582,2571200.0
2022-01-04,43.19642041125411,43.74298642178927,43.18760629492033,43.20523452758789,2304900.0
2022-01-05,43.3815454202155,44.05153257334972,43.27575921394063,43.76061630249024,2323300.0
2022-01-06,43.884022772810496,44.0691527895947,43.46087469408459,43.48732376098633,1996600.0
2022-01-07,43.5049599959308,44.122052318735456,43.39917379749882,43.94573974609375,2231300.0
2022-01-10,44.23665599538496,44.73033052620521,43.87521673476664,43.94573974609375,2988300.0
2022-01-11,43.97218977565247,44.14850235213456,43.47851523407915,43.80469131469727,1775000.0
2022-01-12,43.64600655819396,43.65482403584112,42.95839126854108,43.22285842895508,2667400.0
2022-01-13,43.284575858705175,43.751804742574514,43.00247705023613,43.64601516723633,1893100.0
2022-01-14,43.65487665206706,43.74350003274187,42.883871833695856,43.495361328125,2455000.0
2022-01-18,43.42445578186224,43.7700784604488,43.052247783580015,43.6282844543457,2210600.0
2022-01-19,43.45105168380128,43.78781379805094,43.05225826869965,43.55739974975586,1665700.0
2022-01-20,43.43332074902449,43.6725987919964,43.28266608158076,43.35356140136719,1759200.0
2022-01-21,43.68145923072626,43.94732257419358,43.380146539960414,43.53966522216797,1931100.0
2022-01-24,43.52195010890547,43.97391755401919,42.81297991037583,43.433326721191406,3667700.0
2022-01-25,43.35355684819387,43.37128152143798,42.55596683602321,42.72434616088867,2353900.0
2022-01-26,42.361003025095805,42.46734769450404,41.1468915224966,41.26210021972656,3635100.0
2022-01-27,41.421621203428586,42.13059133972664,41.31527314750667,41.4393424987793,1784200.0
2022-01-28,41.26210402388871,41.89131483179865,41.01396193154392,41.855865478515625,1746000.0
2022-01-31,41.55454472823092,42.14830944906018,41.43933604258301,42.06855010986328,4961500.0
2022-02-01,42.30783867642964,42.316699324933815,41.26210635983375,41.7495231628418,2022100.0
2022-02-02,41.70520710323974,42.35214253047743,41.6608937252436,42.1660385131836,1883300.0
2022-02-03,42.316690066935166,42.69776210133959,42.077412042032215,42.36100006103516,1539000.0
2022-02-04,42.21034796142318,42.24579393046843,41.44820384645534,41.634307861328125,1463100.0
2022-02-07,41.96220454993279,42.17489726057048,41.43047784429251,42.059688568115234,1617100.0
2022-02-08,42.12172513518745,42.34327850262376,41.97107046803609,42.1660385131836,1638700.0
2022-02-09,42.18376030487997,42.74207574397899,42.12172563171743,42.5471076965332,1748300.0
2022-02-10,42.27238770771093,42.59142513187,41.69634753846412,41.76724624633789,2278500.0
2022-02-11,41.96220480380113,42.65345358207864,41.87358481253692,42.46734619140625,1764800.0
2022-02-14,42.57369398011866,42.61800397548269,41.55454718356618,42.059688568115234,1713900.0
2022-02-15,42.15717501363592,42.40531370647066,41.80268826904101,41.89131164550781,1904800.0
2022-02-16,41.83814317042995,42.183765932914994,41.37731169357104,41.7495231628418,1722200.0
2022-02-17,41.6431735795071,42.03310629992203,41.43048085342137,41.92676162719727,1588500.0
2022-02-18,41.740661663825776,42.281252532536776,41.6786269786265,42.05083847045898,1582000.0
2022-02-22,42.18376541137695,42.27238879850601,41.72293732085207,42.18376541137695,1860100.0
2022-02-23,42.42303165932646,42.42303165932646,42.06854835153983,42.27237701416016,1954000.0
2022-02-24,42.0774161316978,42.19262483206402,40.90761459445421,41.678619384765625,2860500.0
2022-02-25,41.94447754343175,43.02565548172801,41.94447754343175,42.94589614868164,2187800.0
2022-02-28,42.36100560643259,42.70662833854749,41.92676287451665,42.21921157836914,4191500.0
2022-03-01,42.724353337465445,44.87785247913867,42.61800866077338,43.903018951416016,3994500.0
2022-03-02,43.73463507527846,45.23233806082143,43.59284104984727,44.73605728149414,3972300.0
2022-03-03,44.82467109229984,45.84381437609793,44.52335842999529,45.62226104736328,3778900.0
2022-03-04,44.85126806976038,46.02106967913743,44.37271194393257,45.84382629394531,3207900.0
2022-03-07,45.445027279593226,47.13769493239952,45.445027279593226,46.260345458984375,2789300.0
2022-03-08,46.0742466455154,46.41100538014436,44.47905945775042,44.55881881713867,2335600.0
2022-03-09,44.98419518244452,45.08167920706758,44.18660507128856,44.23091506958008,1857400.0
2022-03-10,44.417019879114896,44.88671533512266,44.16888117976937,44.73605728149414,2079500.0
2022-03-11,44.73605728149414,45.267787412338286,44.60312728426028,44.73605728149414,1599800.0
2022-03-14,44.9221594674088,44.966472845309305,44.02708535237768,44.34612274169922,1465900.0
2022-03-15,43.39786603236543,43.7080393326066,42.73320606273256,43.59283065795898,3026900.0
2022-03-16,43.43332388395076,43.76122532611808,42.963631791976425,43.75236129760742,1768600.0
2022-03-17,43.85870722672641,44.23977591827634,43.504220477508944,44.0448112487793,1098000.0
2022-03-18,44.124572175582514,44.151157499501466,43.34470332780888,43.654876708984375,2748200.0
2022-03-21,43.86757318697983,44.44361337906349,43.85871253846256,44.08912658691406,1231800.0
2022-03-22,44.24863541578715,44.3283947571628,43.60170003824504,44.07139205932617,1295600.0
2022-03-23,44.425885350479206,44.7094734105539,44.02708858455031,44.24864196777344,1386600.0
2022-03-24,44.21318627597161,44.69174232647258,44.11570226042854,44.54108428955078,974000.0
2022-03-25,44.72719015858727,45.15257217329648,44.67401613901022,44.9310188293457,1738000.0
2022-03-28,44.93102450299811,45.08167917320337,44.48791775914337,44.6651611328125,1860300.0
2022-03-29,44.90443235204676,45.10826441353079,44.53222433848999,44.94874572753906,1821200.0
2022-03-30,44.90443298879116,45.63999176025391,44.86012299330645,45.63999176025391,1362000.0
2022-03-31,45.63999239280989,45.9767544483058,45.29436969034863,45.67544174194336,1875500.0
2022-04-01,45.551364790016976,46.47302404904675,45.551364790016976,46.455299377441406,1939300.0
2022-04-04,46.278069271914205,46.34896459278863,45.409580462226536,45.81723785400391,1468900.0
2022-04-05,45.657716180737474,46.61482492430263,45.657716180737474,46.3223762512207,2204400.0
2022-04-06,46.34010338585027,46.80979544545967,46.14513533968661,46.74776077270508,1830200.0
2022-04-07,46.52620480611459,47.06679553619215,46.47303078359296,46.88069152832031,1748600.0
2022-04-08,47.13896999809975,47.24583993985879,46.78273232912404,46.94303894042969,1832700.0
2022-04-11,47.272550184611525,47.504102243364514,46.77381823078437,47.29926681518555,1807000.0
2022-04-12,47.22802119732246,47.7801898477469,47.01428134330903,47.49520111083984,1518500.0
2022-04-13,47.49520143405073,47.70894128951869,47.281458181249015,47.628787994384766,959200.0
2022-04-14,47.71784899056844,47.94940106635677,47.397235810758666,47.584259033203125,1180300.0
2022-04-18,47.50411261981743,47.771289175918206,47.01428836741029,47.21912384033203,919500.0
2022-04-19,47.26364313687007,48.0028349697606,47.14786540696347,47.85143280029297,1267700.0
2022-04-20,47.90486941271374,48.71530672659901,47.90486941271374,48.69749450683594,1798800.0
2022-04-21,48.51047721995568,49.08045473265171,48.439228332201694,48.81327819824219,2666200.0
2022-04-22,48.75983138867791,48.90232573720812,47.66440544735199,47.71784210205078,1891000.0
2022-04-25,47.70894713745627,47.8959703832486,46.67586198317376,47.700042724609375,1840400.0
2022-04-26,47.62878919384582,47.904873527889606,46.62242077345016,46.63132858276367,2033200.0
2022-04-27,46.80944218978613,47.55753841418911,46.64913561331882,47.06771087646485,1781500.0
2022-04-28,47.09443129643325,47.68222094926568,46.83615921026946,47.67331314086914,1496200.0
2022-04-29,47.62879073156228,47.68222739716709,46.57789342267186,46.65804672241211,3040900.0
2022-05-02,47.07662873102101,47.20131089547332,45.61606040914965,46.1504135131836,2003500.0
2022-05-03,46.22165875998164,46.64023407943798,45.74073896588227,46.00791549682617,1726400.0
2022-05-04,45.99901028963265,46.60461222788354,45.80307925157093,46.53336334228516,1749100.0
2022-05-05,46.42649693764758,46.77382678798729,45.71402501421559,45.927764892578125,1845800.0
2022-05-06,45.669483696934165,46.57788649306509,45.669483696934165,46.31961441040039,1530400.0
2022-05-09,46.14150570409365,47.0499086319566,45.94557466161324,46.800540924072266,1882000.0
2022-05-10,46.82725774424475,47.25474084615945,46.19493580432891,46.41758346557617,1452300.0
2022-05-11,46.48883438110352,46.72038646410086,46.10588011522286,46.48883438110352,1369200.0
2022-05-12,46.66695964968103,47.192408361748846,46.12369871379159,46.59571075439453,1531600.0
2022-05-13,46.64914382080924,47.432861224389065,46.31071838902055,47.38833236694336,1404800.0
2022-05-16,47.47738186757872,47.61096840724445,46.98755436347136,47.53081512451172,1102800.0
2022-05-17,47.37942680351792,47.55754562630821,46.37305834248663,47.07662582397461,1465800.0
2022-05-18,46.80945759743286,46.80945759743286,42.775078624840525,42.95319747924805,3045500.0
2022-05-19,42.579139709472656,42.98881058839743,41.43918138040616,42.579139709472656,2722500.0
2022-05-20,42.80179255782787,43.1402145958759,41.92010622277116,42.97990798950195,2130500.0
2022-05-23,43.44301592670153,43.63894697988056,42.95319169108806,43.166934967041016,1406700.0
2022-05-24,43.17583727396547,43.79034364169125,43.033342896058016,43.75472259521485,1445900.0
2022-05-25,43.68347528743424,43.923935195849566,43.371769886155526,43.59441757202149,1764300.0
2022-05-26,43.51426044343012,43.843778038286914,43.12239837646485,43.12239837646485,1733900.0
2022-05-27,43.01553259017579,43.33614580408199,42.91756706400066,43.30942916870117,1925600.0
2022-05-31,43.11349111953792,43.74580963471611,42.63257137672625,43.34504318237305,3496900.0
2022-06-01,43.30051979128192,43.48754642417989,42.570235673745735,42.99771881103516,1993800.0
2022-06-02,42.44554517535088,42.44554517535088,40.21906881617944,40.75342178344727,4196300.0
2022-06-03,40.62874411223482,41.43918146007172,40.0943910862912,40.18344879150391,2687100.0
2022-06-06,40.39719154764691,40.68218027765263,40.21907274205993,40.610931396484375,1718000.0
2022-06-07,40.31703638044995,40.67327057772708,40.00532763583229,40.63764953613281,1930900.0
2022-06-08,40.61984252929688,40.9938889940382,40.30813374467852,40.61984252929688,1523600.0
2022-06-09,40.77124075346399,40.98498401416566,40.28141655280111,40.34375762939453,1902300.0
2022-06-10,39.987522505579584,41.10966525673877,39.889556988150254,40.82467651367188,2308400.0
2022-06-13,40.55750219284288,40.89592422026798,40.13001905504225,40.28141784667969,1973100.0
2022-06-14,40.450625304475714,40.53968640702211,39.70253242708812,40.18344879150391,1880600.0
2022-06-15,40.2992203027216,40.64655005568004,39.55112414352913,39.978607177734375,1933700.0
2022-06-16,39.65800113387352,40.51297075227609,39.37301239351725,39.98752212524414,2034200.0
2022-06-17,40.07657179146947,40.5842080957081,39.56002767988176,39.80048751831055,3678600.0
2022-06-21,40.03205554341617,40.60203308911807,39.70253791180742,40.35266876220703,1620100.0
2022-06-22,40.31704127650321,40.82467770220334,39.960803638631525,40.71780776977539,1615400.0
2022-06-23,40.85139354172748,41.44809106396124,40.77124024463141,41.243255615234375,1298200.0
2022-06-24,41.50151602411188,42.40101433341835,41.252151770759504,42.18727111816406,2415900.0
2022-06-27,42.107125284394606,42.48117512791272,41.88447761957047,42.32977294921875,1203800.0
2022-06-28,42.47226885801139,42.659295485215175,41.88447913746746,41.93791580200195,1258000.0
2022-06-29,42.169473287407406,42.89085306300396,41.90229672518678,42.71273422241211,1340600.0
2022-06-30,42.605858363831175,42.72163610374753,41.91119871900076,42.17837524414063,1959800.0
2022-07-01,42.2229047663922,42.55242237269715,41.937916015425664,42.49898910522461,1345200.0
2022-07-05,42.55241931750928,42.70382149159016,41.78651083027737,42.3921127319336,1610500.0
2022-07-06,42.52570299221768,43.0956804573358,42.40992525794879,42.76616287231445,1603100.0
2022-07-07,42.703824355395966,43.13130747982113,42.703824355395966,43.06005859375,1832900.0
2022-07-08,43.18541807203953,43.18541807203953,42.47804672353961,42.576541900634766,1449700.0
2022-07-11,42.63026249651048,43.06005678807557,42.621306527437504,42.80038833618164,1275700.0
2022-07-12,42.87202368526317,43.49880832642784,42.86306771592713,43.05110549926758,1115000.0
2022-07-13,43.006332400184704,43.43612670353684,42.845159109464966,43.14959716796875,1027900.0
2022-07-14,42.5407292055626,43.18542249202234,42.42432890772015,43.06006622314453,1474600.0
2022-07-15,43.26599912552398,43.29286020100045,42.61235343521962,42.79143524169922,928300.0
2022-07-18,42.764567111353,42.80038415274123,42.3437288299949,42.41535949707031,1088300.0
2022-07-19,42.53176942473855,42.80039044322817,42.48699982427388,42.728759765625,880100.0
2022-07-20,42.74667065023267,42.9526135563075,42.030343340422434,42.28105926513672,1002500.0
2022-07-21,42.26315477303173,42.50491475080307,42.0482558764454,42.33478546142578,962500.0
2022-07-22,42.53177144232188,42.93470469702106,42.31687256791507,42.61235809326172,947400.0
2022-07-25,42.46013123362676,43.03319367765394,42.35268351974096,42.77352523803711,812000.0
2022-07-26,42.37954865712479,43.185411647125726,42.34373161338218,43.1137809753418,1142800.0
2022-07-27,43.05111037983387,43.3286839780919,42.46909527226374,43.2122802734375,988700.0
2022-07-28,43.23018734759845,44.17931864657711,43.22123479324944,44.098731994628906,1119100.0
2022-07-29,43.937553731112935,44.28676137823641,43.59729863732791,44.17931365966797,1974300.0
2022-08-01,44.25094379134859,44.58224632773626,44.11663499870884,44.17036056518555,1521100.0
2022-08-02,44.358398982102266,44.4210771075414,43.973374259718085,44.22408676147461,1056700.0
2022-08-03,44.12558863290944,44.38525708702277,43.82115058015278,44.18826675415039,1105000.0
2022-08-04,44.07186709665783,44.39421367651643,43.69579494825564,43.812198638916016,1149800.0
2022-08-05,43.83906205160596,43.83906205160596,43.176463749431214,43.79429244995117,1164600.0
2022-08-08,43.91069264102479,44.12558807809134,43.70474975729376,43.89278411865234,1436000.0
2022-08-09,43.98232251095377,44.806097446523225,43.874874794384304,44.64492416381836,1394600.0
2022-08-10,44.83295757728398,45.04785642159715,44.42107182602675,44.63596725463867,1278800.0
2022-08-11,44.72551196483241,45.04785853860008,44.30467022511336,44.42107391357422,1053700.0
2022-08-12,44.52852047837566,44.66283268586349,44.188265390920805,44.64492416381836,902900.0
2022-08-15,44.73447264455479,45.19113151224794,44.58225529912509,45.14635848999024,952700.0
2022-08-16,45.06577205170797,45.41497974006052,45.06577205170797,45.34334564208984,967200.0
2022-08-17,45.40602142978007,45.64778137441832,45.32543478156733,45.5045166015625,748500.0
2022-08-18,45.46869427599593,45.65673204379759,45.14634772056591,45.62986755371094,881500.0
2022-08-19,45.737326636657365,45.90745249685305,45.37916297595909,45.72837066650391,1727500.0
2022-08-22,45.65673414032044,45.83581253204807,45.21798388290444,45.41497421264648,1137600.0
2022-08-23,45.36124982514684,46.01489553591201,45.36124982514684,45.907447814941406,1255800.0
2022-08-24,46.014900829292166,46.16712158257111,45.78209683779139,46.068626403808594,854600.0
2022-08-25,46.05071694024292,46.14025614690988,45.871635111207226,46.059669494628906,875100.0
2022-08-26,46.11339635300616,46.28352221669467,45.70151052573805,45.7373275756836,1513600.0
2022-08-29,45.486610383766816,46.15816468101446,45.29857600030591,45.91640472412109,1040100.0
2022-08-30,45.87163665547955,45.88954518055619,45.271716436070655,45.36125564575195,1466700.0
2022-08-31,45.54928943630184,45.65674058534816,44.98518627446702,45.02099990844727,2485300.0
2022-09-01,42.49595646341679,43.36450114187523,41.484150415979656,42.066162109375,4583100.0
2022-09-02,42.22732351975811,42.80933846484788,41.45727423820584,41.53786087036133,2329700.0
2022-09-06,41.63637129108779,42.21838644960968,41.56473718481339,41.6811408996582,2175000.0
2022-09-07,41.69904555767734,42.36164731643522,41.60055037853883,42.25419616699219,2637500.0
2022-09-08,41.88707414585224,42.29000736121771,41.466235823760655,41.940799713134766,1775600.0
2022-09-09,42.23628712490174,42.28106014447236,41.7259061262535,41.95871353149414,1578300.0
2022-09-12,42.09302295312412,42.32583036173867,41.87812748515886,42.155704498291016,1412200.0
2022-09-13,41.82439740737642,42.11988291364313,41.25133833356384,41.34087753295898,1751900.0
2022-09-14,41.37669434740462,41.448328439081,41.00062561320811,41.143890380859375,1733600.0
2022-09-15,41.143890380859375,41.33192474795764,40.803635276799554,41.143890380859375,1346300.0
2022-09-16,41.15284676046058,41.32297603615821,40.81259504046896,41.00062942504883,3650400.0
2022-09-19,41.0633065912079,41.43042279732569,40.8484077169357,41.42146682739258,1098400.0
2022-09-20,41.22447725482959,41.29610793120183,41.00062584065137,41.19761276245117,1105400.0
2022-09-21,41.627416402066366,42.32583182057847,41.484151613251015,41.69904708862305,1556600.0
2022-09-22,41.79753464748968,42.33477665362858,41.70799545170031,42.12883377075195,1553600.0
2022-09-23,41.91394446692351,42.04825328025801,41.61845892932425,41.96766662597656,1918400.0
2022-09-26,41.922896482118375,42.2452430950966,41.68113652238471,41.95871353149414,1808100.0
2022-09-27,42.11092853469228,42.41536660611565,41.43937426676143,41.54682540893555,1765500.0
2022-09-28,41.761716748413065,42.27209766851261,41.41250910999773,42.02138519287109,1588700.0
2022-09-29,41.985570782922174,42.17360515144942,41.00957847847404,41.09912109375,1465900.0
2022-09-30,41.29610910836861,41.367743202484334,40.64246337021988,40.687232971191406,1557900.0
2022-10-03,40.875271988909454,41.591595873087904,40.54396941721928,41.36774444580078,1779300.0
2022-10-04,41.4930975210472,42.26314691845716,41.42146343026421,41.99452590942383,1402800.0
2022-10-05,41.87812573870723,42.20942489716352,41.36774475394692,41.46623992919922,1915100.0
2022-10-06,41.33193040513283,41.36774745587336,40.15894761114506,40.21267318725586,2337700.0
2022-10-07,40.1589479655648,40.248490593206384,39.72915359999116,39.88137435913086,1779000.0
2022-10-10,40.07836060690187,40.740962377041726,40.07836060690187,40.54397201538086,1329100.0
2022-10-11,40.597695838890616,41.43937599344898,40.57978731444872,41.188663482666016,1508300.0
2022-10-12,41.30506507593836,41.55577757392776,40.821545187786,40.83049774169922,1117600.0
2022-10-13,40.499199207219085,41.30506569964153,40.391751480129976,41.17075347900391,1637400.0
2022-10-14,41.3508396376371,41.45890180070019,40.30626277390236,40.4233283996582,1496100.0
2022-10-17,40.63946000764435,40.99965700746673,40.5944358120573,40.82856369018555,1771200.0
2022-10-18,40.99965740076273,41.33284400858014,40.936622839311,41.21577835083008,994300.0
2022-10-19,41.30583561940827,41.56698082161415,41.0987215251119,41.53096008300781,1304500.0
2022-10-20,41.62999507286256,41.70203651490462,40.36029385543391,40.4233283996582,2072800.0
2022-10-21,40.4053323817904,40.79254668240302,40.16219758128064,40.495384216308594,1610400.0
2022-10-24,40.8465743872021,41.24279212076257,40.52239468014081,40.657470703125,1473900.0
2022-10-25,40.55841843799251,40.873591268310285,40.10816957460926,40.66647720336914,3049800.0
2022-10-26,41.01766816439492,41.50393773042268,40.70249535407656,41.20677185058594,1960100.0
2022-10-27,41.25180963938887,41.68404821502164,41.035688634009055,41.44991683959961,2210400.0
2022-10-28,41.53996125925176,42.32339332275248,41.45891632612229,42.28737258911133,1597200.0
2022-10-31,42.23333815662543,42.49447984586481,41.78308936363422,41.8281135559082,2389100.0
2022-11-01,41.8281135559082,42.08925868027327,41.67502718002584,41.8281135559082,1656700.0
2022-11-02,41.99020824132525,42.39543288880019,41.657021622775815,41.70204925537109,1814700.0
2022-11-03,41.39588307523697,41.51294531060121,41.01767223023909,41.26080703735352,1300900.0
2022-11-04,41.49493526228064,41.74707351659406,40.99965878398487,41.47692489624024,926200.0
2022-11-07,41.60300023528271,42.44946695481379,41.57598296462503,42.332401275634766,1445900.0
2022-11-08,42.4134377902078,43.19687321621406,42.269358304124914,42.73761749267578,1357700.0
2022-11-09,42.78264224776775,43.115828854733714,42.40443488002384,42.44945907592773,1070400.0
2022-11-10,43.079808116552,43.142842677831815,41.99921023941443,42.845680236816406,1730100.0
2022-11-11,42.89070398235109,42.89070398235109,41.404881487497626,42.683589935302734,1813800.0
2022-11-14,42.82766703799791,43.16985365227075,42.3143836814629,42.323387145996094,1384000.0
2022-11-15,42.620555829538894,42.70159732109035,42.09826553870097,42.44945907592773,1510100.0
2022-11-16,42.58453664081161,43.32294447277744,42.58453664081161,43.21488571166992,1335200.0
2022-11-17,43.07981220067301,43.4760299712984,42.96274653214398,43.28692626953125,1087200.0
2022-11-18,43.59309000963015,43.92627316996808,43.47602435622056,43.81821441650391,1251700.0
2022-11-21,43.926267914193765,44.52960303869189,43.71015043312386,44.40353393554688,1323000.0
2022-11-22,44.574632240436905,44.78174628105616,44.21443181797901,44.385528564453125,1691300.0
2022-11-23,44.39453686069341,44.45757142621476,44.15140206434268,44.259464263916016,1302000.0
2022-11-25,44.34950801136611,44.49358749389648,44.10637324051002,44.49358749389648,784000.0
2022-11-28,44.48458339477877,44.53861105300361,44.061348418013374,44.22343826293945,1498800.0
2022-11-29,44.07035850934429,44.15140344399371,43.13384346299432,43.39498519897461,2825500.0
2022-11-30,43.088808730969134,43.3949780519835,41.17975478324026,42.323387145996094,5305500.0
2022-12-01,42.32338917615124,43.0617969678187,42.00821637548558,42.85468292236328,2475900.0
2022-12-02,42.6925975417472,43.124836042967885,42.57553187418964,42.89971160888672,2365500.0
2022-12-05,42.48548429636933,42.6205603334812,42.01722505220821,42.49448776245117,1526700.0
2022-12-06,42.46746881666834,42.80065198360762,42.12527874960518,42.1793098449707,1490500.0
2022-12-07,42.40443970893812,42.935733525408885,42.359415507906974,42.8817024230957,1761900.0
2022-12-08,42.85468700881061,43.3229462395408,42.665583310379056,42.90871810913086,1634300.0
2022-12-09,42.863690861823706,42.980756529345264,42.260359027532296,42.34140396118164,1933000.0
2022-12-12,42.413435989963176,42.494480912140205,42.01721827883423,42.485477447509766,1204800.0
2022-12-13,42.80966231133322,42.93573144215406,41.99921299159043,42.0172233581543,2076100.0
2022-12-14,42.08025551370938,42.37742139230568,41.69304124257686,41.88214492797852,1555900.0
2022-12-15,41.593994346186975,41.72006693036401,40.91862096045144,41.14374542236328,2184300.0
2022-12-16,40.94563259079455,41.24279505331301,40.85558075736,41.11672592163086,4968100.0
2022-12-19,41.11673273928831,41.40489178380672,40.70250454218393,40.96364974975586,1964800.0
2022-12-20,40.945631821549554,41.03568021816615,40.40533113647155,40.73851776123047,1801200.0
2022-12-21,40.8285669965483,41.09871562707363,40.76553243059659,40.8916015625,1649000.0
2022-12-22,40.80155316403363,40.90060502829616,40.31528356801231,40.8916015625,1468400.0
2022-12-23,40.93662384322585,41.29682429046287,40.837568548479375,41.0897102355957,1315600.0
2022-12-27,41.125726021700174,41.41388842998141,41.05368799597431,41.27881240844727,937600.0
2022-12-28,41.32383858887201,41.4679180823704,40.84657591074472,40.8555793762207,1056700.0
2022-12-29,40.94563019531462,41.170754613041,40.90960946404816,40.98164749145508,1195100.0
2022-12-30,41.00865858444152,41.12572079074716,40.70248928501621,41.01766204833984,1194200.0
2023-01-03,40.972644743372186,41.37786938939778,40.82856525091042,41.19776916503906,1546900.0
2023-01-04,41.26980961887623,41.58498242744651,41.04468520271861,41.32383728027344,1654500.0
2023-01-05,41.35985582907979,41.53094913968709,41.02667267258103,41.46791458129883,1640100.0
2023-01-06,41.79210263335327,42.350410305818,41.79210263335327,42.24235153198242,1348200.0
2023-01-09,42.12528278036548,42.23334498143646,41.4589163827256,41.50394058227539,2395400.0
2023-01-10,41.65701926564108,41.74707109061002,41.28781537108309,41.34184646606445,1434500.0
2023-01-11,41.59398616491353,42.170307559555496,41.53095160278685,42.16130065917969,2048900.0
2023-01-12,42.2603583915154,42.278368758180456,41.54896436631382,41.9001579284668,1654800.0
2023-01-13,41.9499817964883,42.04962255309668,41.54234795382115,41.75975036621094,1099600.0
2023-01-17,41.94998606339511,42.46632116477574,41.84128139059437,41.9862174987793,1767300.0
2023-01-18,41.7053976633903,41.86845118549299,40.23791596446613,40.27415084838867,2082900.0
2023-01-19,40.32850317427248,40.464378805658896,40.05674845595091,40.27415084838867,1681500.0
2023-01-20,40.32850594674681,40.41908970723181,39.929932562844265,40.38285827636719,2120000.0
2023-01-23,40.40097084012135,40.60025925282332,40.31944407633862,40.446266174316406,1305200.0
2023-01-24,40.57308826493311,40.69990691814001,40.183571855483855,40.40097427368164,1602700.0
2023-01-25,40.391912991647146,40.564023509079306,40.219802474214994,40.54590606689453,1411000.0
2023-01-26,40.42814787601669,40.5549665157613,40.246976909717766,40.54590606689453,1422300.0
2023-01-27,40.57308582663452,40.763313795012834,40.328505529198566,40.66366958618164,1369400.0
2023-01-30,40.72707175248421,41.05317875842918,40.45531706604617,40.56401824951172,1344800.0
2023-01-31,40.64555536574013,41.044132232666016,40.51873671009978,41.044132232666016,3357900.0
2023-02-01,40.82672022647691,41.315880786706686,40.80860278474076,41.0713005065918,1485400.0
2023-02-02,40.92636442825135,41.35211567017897,40.58213994636201,41.0713005065918,1614300.0
2023-02-03,41.08942554969422,41.21624420975944,40.44627179904959,40.9807243347168,1369900.0
2023-02-06,40.79048960354738,41.41552931430891,40.68178839732544,41.34305953979492,1740700.0
2023-02-07,41.09847924456978,41.22529789445242,40.45532554556548,40.926368713378906,1410700.0
2023-02-08,40.78142838019336,40.79048537329381,40.36473758659873,40.41908645629883,1442100.0
2023-02-09,40.47344165603312,40.618377744774776,40.22886135836615,40.33756256103516,1526000.0
2023-02-10,40.47344109852431,40.74519582922797,40.31944456261128,40.718021392822266,1051100.0
2023-02-13,40.81766469183993,41.216238057630434,40.81766469183993,41.09847640991211,1637300.0
2023-02-14,41.08942126242828,41.14377013647157,40.58214321954744,40.75425720214844,1109300.0
2023-02-15,40.77236744715649,40.899189537896966,40.58213949436873,40.89012908935547,1085200.0
2023-02-16,40.59120274886382,40.87201447318642,40.39191433375833,40.718021392822266,1174100.0
2023-02-17,40.7995466885547,41.49705266076055,40.68178504245533,41.43364334106445,1575700.0
2023-02-21,41.43364724628212,41.54234845378524,41.06224828639314,41.198123931884766,1457300.0
2023-02-22,41.3430537939896,41.705395705103655,41.11659096343045,41.134708404541016,1288000.0
2023-02-23,41.13471179438921,41.40646652234536,40.82672218122589,40.99883270263672,1058600.0
2023-02-24,40.87201835393082,40.93542768193068,40.62743803641028,40.85390090942383,1258000.0
2023-02-27,41.00788928367703,41.00788928367703,40.48249386437698,40.58213806152344,1618200.0
2023-02-28,40.43721438123032,40.65462028303836,40.18357704207892,40.20169448852539,2482900.0
2023-03-01,40.02051877411299,40.16545487309399,39.53135814422118,39.70347213745117,2263700.0
2023-03-02,38.607381685141,38.607381685141,36.88626627747245,37.89176177978516,4071900.0
2023-03-03,37.13990878338952,37.158026226730215,36.288409679670416,36.80474472045898,3952700.0
2023-03-06,36.96780169400592,37.29390533782828,36.61451669932041,36.71416091918945,2860500.0
2023-03-07,36.71416388150482,36.72322433252359,36.206889202040585,36.215946197509766,2438800.0
2023-03-08,36.29746579830462,36.55110308786038,36.09817738191144,36.44240188598633,2148500.0
2023-03-09,36.614516264266406,36.64169415925733,35.96230552882196,35.98042297363281,2153400.0
2023-03-10,35.94418625919386,36.02571302892912,35.35538142715599,35.49126052856445,2523500.0
2023-03-13,35.509378386276246,36.16158909620997,35.48220049234837,35.627140045166016,2322000.0
2023-03-14,35.8536005289464,35.917009851313,35.273852722874985,35.6090202331543,2341600.0
2023-03-15,35.47313884994891,35.82642032477784,35.119857375119985,35.726776123046875,2224600.0
2023-03-16,35.72678184496996,35.92607028034949,35.23762466215993,35.47314453125,2403500.0
2023-03-17,35.455022374090234,35.46408282297552,34.621640765180324,34.73939895629883,4484600.0
2023-03-20,34.811868724300005,35.22855952874436,34.784694288742394,35.11079788208008,2260000.0
2023-03-21,35.18327486825363,35.18327486825363,34.63070486157274,34.88434219360352,2314600.0
2023-03-22,34.956806198534935,35.19232604569335,34.57634680783423,34.58540725708008,2031700.0
2023-03-23,34.47670031364352,34.73033756150706,34.22305961023164,34.37705612182617,2474600.0
2023-03-24,34.44952763355037,35.15609407526875,34.259299668896865,35.01115798950195,2263800.0
2023-03-27,35.26479051019269,35.49125332957202,35.15608932444417,35.301025390625,2331800.0
2023-03-28,35.36444331901991,35.70866440034008,35.30103399058992,35.47314453125,1862600.0
2023-03-29,35.581842883974545,35.835483632860104,35.482198674292604,35.59996032714844,2460500.0
2023-03-30,35.46408556667402,35.636196097773336,35.31008902364913,35.54561233520508,2121300.0
2023-03-31,35.65431162460632,36.143472209495165,35.65431162460632,36.1253547668457,3059100.0
2023-04-03,36.23405745262773,36.76850993827594,36.08006436711757,36.6145133972168,4402700.0
2023-04-04,36.64168643747991,37.11272953664791,36.64168643747991,37.04932022094727,3767900.0
2023-04-05,37.221438444846925,37.45695831549122,36.65075102966175,36.67792892456055,2365300.0
2023-04-06,36.83192013262059,36.89532945821697,36.297467634344585,36.51487350463867,2743200.0
2023-04-10,36.451463238030286,36.58733887985095,36.351819027365735,36.43334579467773,1766800.0
2023-04-11,36.49675371439747,36.80474332844276,36.46957582263983,36.54204559326172,1852700.0
2023-04-12,36.42428534522696,36.70510053386805,36.30652714675885,36.43334579467773,2616500.0
2023-04-13,36.333691575912496,36.48768461866839,36.00758459649055,36.36992645263672,2144300.0
2023-04-14,36.39273264418042,36.43833687468596,35.66305103857278,35.80898666381836,1864600.0
2023-04-17,36.027895716407244,36.32888993300121,35.91844485554586,36.319766998291016,1785900.0
2023-04-18,36.18294704290042,36.328886148017546,35.95492241022458,36.25591659545898,1268700.0
2023-04-19,36.483946858195175,36.529551095891854,36.08262469533194,36.32889175415039,1378700.0
2023-04-20,36.3836115933868,36.47482353849806,36.22855650576756,36.39273452758789,1953600.0
2023-04-21,36.62075835694908,36.72108627527054,36.13734375705908,36.34712600708008,1281700.0
2023-04-24,36.392743791016215,36.4839522799638,36.07350712093804,36.21032333374024,1243100.0
2023-04-25,36.17382977394178,36.62075961191454,36.17382977394178,36.5021858215332,1321800.0
2023-04-26,36.255923672350825,36.529552589096255,36.146472801528745,36.3380126953125,1510700.0
2023-04-27,36.319767998377785,36.88526818767647,36.26504082675008,36.857906341552734,1796400.0
2023-04-28,36.93999251775971,37.09504760637385,36.73932971660733,36.8852653503418,3939200.0
2023-05-01,36.98559748910554,37.22274507326971,36.91263141047197,37.05856704711914,2115300.0
2023-05-02,37.00384360366623,37.07681316902544,36.4930670842929,36.67548751831055,1668200.0
2023-05-03,36.84878478690009,37.34131538597176,36.784938163328206,37.05856704711914,2240600.0
2023-05-04,37.14065591910428,37.34131524411934,36.92175072527509,37.3139533996582,1639800.0
2023-05-05,37.34131312356334,37.66054970146111,37.26834704935058,37.578460693359375,1787300.0
2023-05-08,37.28658551726794,37.41427874324887,36.93086767935549,37.06768035888672,2015600.0
2023-05-09,36.94911595842432,37.1589017164664,36.60252096552944,36.6298828125,2032100.0
2023-05-10,36.61163562898609,36.8852645010151,36.47482293266153,36.602516174316406,1483700.0
2023-05-11,36.66636603081668,36.76669743793649,36.29240572752109,36.74845504760742,1698200.0
2023-05-12,36.67548882881641,36.86702872565796,36.56603795624703,36.70285415649414,1331400.0
2023-05-15,36.76669071916891,36.81229494696776,36.09173631785545,36.1373405456543,1695300.0
2023-05-16,35.973169135284905,35.982292070144474,35.28909515478551,35.59920883178711,2230800.0
2023-05-17,35.590091999346406,35.90020569920381,35.243493516122136,35.891082763671875,1579400.0
2023-05-18,35.6995414328964,35.87284240722212,35.526243937950994,35.818115234375,1910900.0
2023-05-19,35.881961822509766,36.07350170818803,35.73602617446247,35.881961822509766,2185300.0
2023-05-22,35.84547210491032,35.90019927016001,35.325576212867624,35.47151184082031,2013100.0
2023-05-23,35.617447373994466,35.763383001558815,35.16139810293338,35.66305160522461,2941900.0
2023-05-24,35.699536476957626,35.79986787355882,35.46239238630194,35.47151184082031,2213800.0
2023-05-25,35.22524561491669,35.4441508014988,34.83304295351783,34.8786506652832,2550200.0
2023-05-26,34.80567672513782,35.12490979099897,34.641498725729384,35.08842849731445,2503600.0
2023-05-30,34.82392676108625,35.152282832029755,34.70535296227216,34.96074295043945,3640500.0
2023-05-31,35.134042488699826,35.28909759824674,34.69623552839153,34.88777542114258,6814900.0
2023-06-01,36.62076234033634,37.56934229592087,36.39273767689559,36.66636657714844,5360600.0
2023-06-02,36.73020715689884,37.20449879628867,36.65723760650979,37.186256408691406,3692400.0
2023-06-05,37.20450655573326,37.56934394563071,36.90351231667198,36.99472427368164,2039700.0
2023-06-06,37.09504994861045,37.4598907956732,36.3380098881185,36.87614822387695,4054400.0
2023-06-07,36.47482758516862,36.85790735899658,35.98229346506382,36.8214225769043,2381600.0
2023-06-08,36.784938163328206,37.16801790475951,36.53867112410236,37.05856704711914,2139800.0
2023-06-09,37.01296746709856,37.36868540869312,36.95824029170692,37.27747344970703,1638400.0
2023-06-12,37.32307569313176,37.38692580069696,37.08593157121351,37.28659439086914,1348100.0
2023-06-13,37.14065447207278,37.41428334416344,36.99471884166577,37.24098587036133,2283700.0
2023-06-14,37.45076792627171,37.69703495368277,37.32307120587423,37.62406539916992,1610800.0
2023-06-15,37.77000150400799,37.91593713548987,37.54197686235632,37.66967010498047,2071400.0
2023-06-16,37.70615007997666,38.06186791894388,37.614941626685386,37.64230346679688,3334200.0
2023-06-20,37.5602181576256,37.71527323933186,37.18625789538013,37.19537734985352,2493600.0
2023-06-21,37.05856370827272,37.18625694391177,36.60251444991626,37.10416793823242,1937900.0
2023-06-22,37.30484228102296,37.405170226260445,36.87615473197423,37.04033279418945,1543400.0
2023-06-23,37.16802616899212,37.26835759387929,36.86703189433062,36.91263961791992,1842900.0
2023-06-26,36.830540021461246,37.19537734985352,36.52954583314231,37.19537734985352,1231200.0
2023-06-27,37.22274898954957,37.386927032973645,36.88526996729989,36.93087768554688,1336100.0
2023-06-28,36.5569158112616,36.5569158112616,35.7086637826298,35.96405029296875,2261200.0
2023-06-29,35.88195907328028,36.44745923121312,35.75426582594512,36.35625076293945,1700100.0
2023-06-30,36.48394564502337,36.730212695652895,36.35625239196661,36.684608459472656,2014800.0
2023-07-03,36.53867685200899,37.15890427483307,36.42922249783022,37.0494499206543,1055600.0
2023-07-05,36.86702693813231,36.90351172034661,36.53867433634458,36.6298828125,2446400.0
2023-07-06,36.51130921637842,36.52955160758869,36.100867591978606,36.31064987182617,1894400.0
2023-07-07,36.18295407184585,36.3653745092997,35.85460145968546,35.891082763671875,2049900.0
2023-07-10,35.89107708792921,36.31976452624692,35.59920582591117,35.644813537597656,1755500.0
2023-07-11,35.663058172592066,35.91844817739472,35.62657686851779,35.763389587402344,1834100.0
2023-07-12,36.09174756325202,36.10087049928203,35.663060033738184,35.70866775512695,1903300.0
2023-07-13,35.73602217640222,36.31064524852989,35.580963610548125,36.26503753662109,2510400.0
2023-07-14,36.35229358087816,36.894176327073865,36.14104676003346,36.85744094848633,2481100.0
2023-07-17,36.73804350478779,36.83907368500401,36.15941833857578,36.17778778076172,1649100.0
2023-07-18,36.085945592841,36.43495449823023,35.89307169718701,36.122684478759766,1413200.0
2023-07-19,36.28800179617387,36.49006216142791,36.09512790403844,36.333927154541016,1541300.0
2023-07-20,36.45332463206043,36.940106120677086,36.2328983195963,36.9309196472168,1538100.0
2023-07-21,36.94929130222442,37.031952050249615,36.70130905814882,36.86663055419922,1639800.0
2023-07-24,36.84825916025076,37.27074935203411,36.820706746904506,37.21564102172852,1282100.0
2023-07-25,37.2431830903433,37.33503028200765,36.98601796090736,37.32584381103516,1731000.0
2023-07-26,37.29829609669065,37.77589104258041,37.28910962456269,37.48198699951172,1238700.0
2023-07-27,37.50036038626192,37.66567836222323,37.22482225122957,37.31666946411133,1452400.0
2023-07-28,37.65649460560549,37.75752478585712,37.43606480290985,37.69323348999024,1284200.0
2023-07-31,37.70241873456224,37.78507947760994,37.47280594872007,37.54628372192383,2517500.0
2023-08-01,37.63812933284225,37.72997655397865,37.197273182227214,37.27993392944336,1286000.0
2023-08-02,37.3442177704078,38.31777709824018,37.30747888929431,38.014686584472656,1366500.0
2023-08-03,37.92284591911323,38.01468962563188,37.46362037929431,37.491172790527344,1577100.0
2023-08-04,37.54628615286788,37.72079062010556,37.197273714779215,37.234012603759766,1804700.0
2023-08-07,36.92173905721511,37.43606948852539,36.85744775330133,37.43606948852539,1197300.0
2023-08-08,37.43606931636543,37.43606931636543,36.70130905814882,36.86663055419922,1183900.0
2023-08-09,36.99520631086017,37.52790958918235,36.92173205045072,37.39014053344727,1278700.0
2023-08-10,37.417701190345824,37.702418802994536,37.40851471687215,37.463623046875,1313200.0
2023-08-11,37.56464857402985,38.20756149291992,37.44524895897342,38.20756149291992,1907200.0
2023-08-14,38.271858158238814,38.32696648914354,37.48199310361661,37.5370979309082,1784300.0
2023-08-15,37.44525502444783,37.52791577078224,36.94929054644141,36.95847702026367,1540800.0
2023-08-16,37.00439802254175,37.07787229335427,36.76559875927156,36.802337646484375,1585600.0
2023-08-17,36.68293835398028,36.82989040057699,36.17779091277992,36.18697738647461,2019400.0
2023-08-18,36.12268783342245,36.45332732655831,35.9206274457172,36.0859489440918,1940900.0
2023-08-21,35.929809715364534,36.049209351553365,35.60835319902528,35.764488220214844,1952500.0
2023-08-22,35.61753169136088,35.938991670897856,35.52568798498621,35.7736701965332,2105700.0
2023-08-23,35.73692660815094,35.81040436646836,35.23177928236191,35.33280944824219,1883900.0
2023-08-24,35.47976847069374,35.902255153648866,35.47976847069374,35.746116638183594,1761900.0
2023-08-25,36.03083293590619,36.30636753997342,35.837959063420385,36.168601989746094,1536500.0
2023-08-28,36.26964330947078,36.51762207681818,36.20534849526874,36.4992561340332,1425100.0
2023-08-29,36.60946326896706,36.71967642556219,36.18697658234151,36.56354141235352,1702600.0
2023-08-30,36.73804331422362,36.84825646315469,36.34310906830669,36.4257698059082,2397600.0
2023-08-31,36.32474360631867,36.51761751398446,35.22260148540767,35.44303131103516,5648000.0
2023-09-01,35.31444602488741,35.82877640628207,35.066463803738,35.268524169921875,3217300.0
2023-09-05,35.28688558013619,35.34199390118974,34.57049492450253,34.579681396484375,2960400.0
2023-09-06,34.61641652086217,34.74500260238173,34.20311637862152,34.21229934692383,2451200.0
2023-09-07,34.30414320838667,34.35006856095515,33.890843064170255,33.964317321777344,2960100.0
2023-09-08,33.97350701930804,34.129642021304946,33.780629629600384,34.09290313720703,2633900.0
2023-09-11,34.10209586649938,34.5245826002975,34.07453994656405,34.31333923339844,1970200.0
2023-09-12,34.35008239746094,34.40518723695983,33.955148030854005,34.35008239746094,2033400.0
2023-09-13,34.405178004436706,34.51539466108599,34.19393466794501,34.48783874511719,1824400.0
2023-09-14,34.53376323798934,35.35118773764937,34.53376323798934,35.2777099609375,2101800.0
2023-09-15,35.26852261875247,35.46139650329255,35.112384114401365,35.1215705871582,4139400.0
2023-09-18,35.240972214902,35.31444999399562,34.70827233092663,35.103206634521484,1846100.0
2023-09-19,35.12156947645365,35.424656499201234,35.01135282853391,35.29607391357422,1844200.0
2023-09-20,35.46139894359492,35.78285543994965,35.27770801555806,35.6267204284668,2041300.0
2023-09-21,35.59916411344992,36.35229726033252,35.42465966075532,36.122684478759766,2692500.0
2023-09-22,36.13186508593924,36.168603969455816,35.72774787809521,35.73693084716797,2100800.0
2023-09-25,35.59916391671387,35.91143743807158,35.48895076317967,35.75530242919922,1674900.0
2023-09-26,35.74611502699398,36.04920557085253,35.654271318704474,35.68182373046875,1996400.0
2023-09-27,35.654274188808216,35.77367382208633,34.983805254207255,35.2042350769043,1626000.0
2023-09-28,35.296077535584686,35.41547716461061,34.91032623550595,34.92869567871094,1755700.0
2023-09-29,35.094017163942816,35.314446978789675,34.88277382250498,34.92869567871094,2004800.0
2023-10-02,34.79093029774188,34.800113267587385,34.0929054666395,34.47865676879883,1888000.0
2023-10-03,34.184750437369104,34.80929745422516,34.10208969973778,34.625606536865234,2483500.0
2023-10-04,34.58887132818157,35.029727474524314,34.42354983535139,34.99298858642578,1817500.0
2023-10-05,34.89196131660128,35.14912652176788,34.16638405503765,34.30414962768555,3170600.0
2023-10-06,34.13883118227142,34.17557007303266,33.02750601384494,33.86329650878906,2782900.0
2023-10-09,33.70715931626158,33.835741922064265,32.52235644231415,33.110164642333984,4866300.0
2023-10-10,33.42243430121457,34.2031198227976,33.42243430121457,33.80818557739258,3151900.0
2023-10-11,33.863290307822275,33.97350695992337,33.14689958722925,33.275482177734375,2250900.0
2023-10-12,33.06424244801993,33.23874691075039,29.574128668118245,30.00579833984375,8080400.0
2023-10-13,29.723293869683687,29.87149338545561,28.43580991391095,29.658456802368164,7341800.0
2023-10-16,29.6862443965437,30.0289551291446,29.00082116466424,29.751081466674805,5147300.0
2023-10-17,29.704768956982733,30.25125534251383,29.63993188864474,30.01969337463379,3473700.0
2023-10-18,30.084526522414944,30.214200642192047,29.50099121674058,29.51025390625,2647900.0
2023-10-19,29.51025441773748,29.84370417914657,29.362054916372863,29.473203659057617,2657000.0
2023-10-20,29.630665948022106,29.760341837152787,29.0841796224299,29.10270500183105,3068400.0
2023-10-23,28.963768099937628,29.1860673520305,28.63958102813149,28.6766300201416,2984000.0
2023-10-24,28.6766300201416,28.91745465157823,28.58400665677763,28.6766300201416,5064600.0
2023-10-25,28.74147288413981,29.79739315486055,28.64884774109066,29.751081466674805,5677100.0
2023-10-26,29.825182398886906,29.871494086147862,29.334270387203627,29.676982879638672,3609900.0
2023-10-27,29.51951904693112,29.649191410798277,28.991556301118795,29.07491874694824,2891500.0
2023-10-30,29.260167554302047,29.769603127375685,29.260167554302047,29.695505142211918,2557100.0
2023-10-31,29.852969242297483,30.28830688377357,29.80665755420233,30.14936828613281,7189300.0
2023-11-01,30.11231478628108,30.2605142947332,29.769604085489625,30.04747772216797,4235700.0
2023-11-02,30.30682750262513,30.908886419952385,30.195675228639217,30.73290061950684,3305300.0
2023-11-03,31.1034051209751,31.196028494485205,30.40871921958369,30.44576644897461,2215500.0
2023-11-06,30.43650377657793,30.54765252507629,30.09379307425089,30.130840301513672,1999100.0
2023-11-07,30.140106846022647,30.306831746996014,30.010432708233413,30.186418533325195,2129000.0
2023-11-08,30.26977706590712,30.279037988826857,29.99190344470257,30.07526588439941,1894900.0
2023-11-09,30.17715290904533,30.195674754397324,29.91780114050625,30.11231231689453,2175000.0
2023-11-10,30.232728175648774,30.232728175648774,29.936329156934963,30.10305404663086,2115500.0
2023-11-13,29.93632781658196,30.26051312461185,29.908541513995075,30.03821563720703,2379100.0
2023-11-14,30.316089161711076,30.714375986446584,30.13083890059028,30.492074966430664,3841700.0
2023-11-15,30.538392106829438,30.58470379169035,30.177156018217172,30.32535552978516,2059100.0
2023-11-16,30.26051405141274,30.55691659928864,30.103053620791293,30.25125312805176,7867200.0
2023-11-17,30.417979149473044,30.417979149473044,29.94559430664165,30.121580123901367,3708400.0
2023-11-20,29.945593724252685,30.084528777275125,29.788129757467885,29.815916061401367,2797200.0
2023-11-21,29.899277751668347,30.306829043629836,29.78812900538564,30.05674171447754,8459100.0
2023-11-22,30.334618052706496,30.408719579074774,29.95485656345721,30.186418533325195,3400000.0
2023-11-24,30.288305978507854,30.48281718270706,30.214204453086133,30.30683135986328,1191400.0
2023-11-27,30.31608979406776,30.35314055373572,29.519517894658645,29.60287857055664,3757500.0
2023-11-28,29.57509110648895,29.751076907970923,29.315741099026592,29.593616485595703,5487500.0
2023-11-29,29.22311629981196,29.371315800982902,27.89858347893126,28.222768783569336,8596600.0
2023-11-30,28.250557084219512,28.593269537661225,27.91710732051162,28.333919525146484,7201800.0
2023-12-01,28.333919878617014,29.028605717223165,28.29686911921951,29.01008033752441,2968900.0
2023-12-04,29.01007904176243,29.5658280411598,29.01007904176243,29.39910316467285,2454900.0
2023-12-05,29.426893254501863,29.519518388544004,28.973032041040632,29.02860641479492,2153100.0
2023-12-06,28.954506133063248,29.593617602957917,28.843355620903434,29.547304153442383,3016700.0
2023-12-07,29.63993054975416,29.68624223456714,29.195332015510456,29.50099372863769,2546700.0
2023-12-08,29.538043275966174,29.538043275966174,29.04713304772196,29.065656661987305,2133700.0
2023-12-11,29.2972171564072,29.57509255660096,29.074917896258672,29.37131690979004,3222700.0
2023-12-12,29.35279073788853,29.4083651064121,29.056391750193065,29.32500267028809,1899500.0
2023-12-13,29.25090507531273,30.29756429844828,29.093442880680573,30.28830337524414,2468100.0
2023-12-14,30.362404106456317,30.42724117481288,29.519520451143293,29.565832138061523,3134600.0
2023-12-15,29.42689417050726,29.51951930743265,28.741470983943454,28.787782669067383,5677200.0
2023-12-18,28.973030555490944,29.482466116585904,28.69515516761219,29.2786922454834,2884300.0
2023-12-19,29.325005922147028,29.454680051974066,29.05639497226565,29.389842987060547,3151000.0
2023-12-20,29.2045960420307,29.436158010045503,29.08418282932354,29.111970901489254,2917400.0
2023-12-21,29.334264755249023,29.491726935053435,28.96376602826137,29.334264755249023,2072700.0
2023-12-22,29.40836845903588,29.63066772515012,29.25090625803693,29.417631149291992,1526400.0
2023-12-26,29.35279092897732,29.565827481935656,29.195328744904348,29.463939666748047,1567500.0
2023-12-27,29.43615336564403,29.491727734529395,29.27869118157106,29.463939666748047,1521800.0
2023-12-28,29.38984334420163,29.732554053388384,29.38984334420163,29.5843563079834,2798900.0
2023-12-29,29.556567207376407,29.797390081113413,29.51951821398513,29.741817474365234,1987000.0
2024-01-02,29.723294796001174,30.58470561244461,29.67698310838325,30.38092994689941,3226600.0
2024-01-03,30.47355781949463,30.584706579964795,30.103057240120226,30.195680618286133,3092400.0
2024-01-04,30.130841999460152,30.26978059292889,29.78813127782053,29.93633079528809,2851000.0
2024-01-05,29.862233240363288,30.07526982900669,29.565832434411774,29.788131713867188,1842100.0
2024-01-08,29.621402417756475,29.86222880978276,29.46394023066977,29.71402931213379,2265600.0
2024-01-09,29.58435347383228,29.973377597450163,29.41762859704213,29.85296440124512,2410800.0
2024-01-10,29.852962609558656,29.89001336514496,29.45467582039227,29.53803825378418,2736300.0
2024-01-11,29.575092741947376,29.658455185860188,29.287956416624077,29.42689323425293,3559900.0
2024-01-12,29.6072641884526,29.766141622871995,29.4390408128843,29.728757858276367,1883500.0
2024-01-16,29.831562725756683,29.85025460886742,29.13997909366416,29.27081871032715,2227500.0
2024-01-17,29.10259662247322,29.317549722699688,28.981102941959275,29.16801643371582,2469000.0
2024-01-18,28.962412348917468,29.083907817402824,28.719423194502998,29.04652404785156,2544000.0
2024-01-19,29.093247726773097,29.093247726773097,28.485775820765387,28.63530731201172,2946200.0
2024-01-22,28.597927712735636,28.60727365453656,28.177369244474587,28.36428451538086,3103000.0
2024-01-23,28.53250593675478,28.710073471069336,28.21475106764156,28.710073471069336,3500500.0
2024-01-24,28.719421600996903,28.831571120871796,28.411012649536133,28.411012649536133,2109200.0
2024-01-25,28.48577853505912,28.700729851388058,28.261481276817257,28.42970466613769,3004100.0
2024-01-26,28.597929046044552,29.08390734701351,28.597929046044552,28.962411880493164,2519000.0
2024-01-29,29.037175449922007,29.046521391455105,28.541853026560297,28.56988906860352,2947500.0
2024-01-30,28.569889676069607,28.756804945593714,28.364284305637984,28.67269325256348,2419800.0
2024-01-31,28.738115340515105,28.934374784774544,28.37363249685828,28.38297843933105,5709100.0
2024-02-01,28.280173542819675,28.887645514920248,27.95307270167131,28.840917587280277,3024200.0
2024-02-02,28.83157028580157,28.91568197763251,28.36428390121015,28.59792709350586,3126100.0
2024-02-05,28.485779120313847,28.485779120313847,27.812887331763356,27.850269317626957,3511000.0
2024-02-06,27.803541031702554,28.36428507288678,27.784849147733308,28.12129592895508,2875700.0
2024-02-07,28.23344174896067,28.270825514358624,27.63531576304176,27.784847259521484,3104500.0
2024-02-08,27.66335604623201,27.831579440364987,27.42036689721286,27.541860580444336,3589100.0
2024-02-09,27.4764405860078,27.4764405860078,27.074573987693935,27.1586856842041,3791900.0
2024-02-12,27.13064679923429,27.68204484858812,27.037189170392697,27.663352966308597,2900500.0
2024-02-13,27.6259722556835,27.85026952016484,26.766165183893587,26.840930938720703,4173700.0
2024-02-14,26.878313206381847,26.943733015382648,26.64467001277549,26.915695190429688,2690400.0
2024-02-15,27.046536376663795,27.308215610593397,26.96242468502754,27.20541381835937,2380300.0
2024-02-16,27.11195741745071,27.26148892436593,26.887660157077875,27.093265533447266,5655100.0
2024-02-20,27.18672173300669,27.76615584601796,27.10261004199601,27.513822555541992,2673800.0
2024-02-21,27.63531582961034,27.81288515056627,27.448402349838464,27.794193267822266,3797700.0
2024-02-22,27.439057337407924,28.36428417388675,27.270833952128843,28.298864364624023,3779800.0
2024-02-23,28.2427917504156,28.73811601780867,28.158680048734585,28.513818740844727,4050700.0
2024-02-26,28.52316059059892,28.700728128617584,28.28017146311669,28.457740783691406,2845300.0
2024-02-27,28.55119887039777,29.00914111976328,28.485779058361604,28.87829971313477,3677000.0
2024-02-28,29.009140778735382,29.083906531977227,28.57923636067764,28.81287956237793,4769600.0
2024-02-29,32.48574746963004,33.644619257136306,31.775473742850952,33.00910949707031,14658900.0
2024-03-01,33.00910681839318,33.037142857996464,31.02781373226333,31.18668937683105,6864500.0
2024-03-04,31.13996739435372,31.61660154917739,31.06520341944978,31.56052589416504,3110500.0
2024-03-05,31.64463885874253,32.289492874148515,31.59791092692112,31.794170379638672,3373900.0
2024-03-06,31.868925581801054,32.046496664982534,31.73808598268525,31.95303726196289,2512000.0
2024-03-07,32.02780955135171,32.02780955135171,31.56052316203834,31.747438430786133,2566400.0
2024-03-08,31.71940140051379,32.00912026886961,31.579217611396466,31.87828063964844,2765200.0
2024-03-11,31.784813901639225,32.31752358607196,31.73808598268525,31.95303726196289,2610900.0
2024-03-12,31.86892931073334,32.03715269074055,31.74743742025977,31.925004959106445,2115600.0
2024-03-13,32.01846433445077,32.28014715723481,31.887624705615004,32.22407150268555,2769600.0
2024-03-14,32.04650012210092,32.205375776705985,31.382954332081955,31.5137939453125,3273200.0
2024-03-15,31.33622674419925,31.93435280206704,31.22407899962717,31.90631675720215,5402700.0
2024-03-18,31.77547434957465,32.569859782269134,31.72874642384772,32.10257339477539,3799000.0
2024-03-19,32.10257603371841,32.28949131710343,31.92500847531451,32.22407150268555,2195000.0
2024-03-20,32.34556327696444,32.429674966624376,32.04650028375403,32.242759704589844,2233800.0
2024-03-21,32.22406645610319,32.392289828293144,32.00911516166311,32.01845932006836,2073300.0
2024-03-22,32.14930711898672,32.19603504795978,31.89697202439723,32.130615234375,1585400.0
2024-03-25,32.186688431190696,32.24276408695637,31.906317282587505,31.9810848236084,1622900.0
2024-03-26,32.12126527808861,32.35490847183548,32.03715358573525,32.10257339477539,2733000.0
2024-03-27,32.23341158415092,32.57920245909263,32.23341158415092,32.569854736328125,3725000.0
2024-03-28,32.663322053766706,32.822197728147216,32.49509865435645,32.60724639892578,2274700.0
2024-04-01,32.66332061530603,32.83154400730789,32.44836929555083,32.69135665893555,3229200.0
2024-04-02,32.77546602416361,33.186676750307626,32.653970568555025,32.93434524536133,4290700.0
2024-04-03,32.83154464026899,32.868924844124884,32.2894906855655,32.45771408081055,3263800.0
2024-04-04,32.6446239263111,32.95303105617936,32.30817719182802,32.868919372558594,2576900.0
2024-04-05,32.75678280796927,32.831550358929086,32.261460260756216,32.429683685302734,1949400.0
2024-04-08,32.420332298845864,32.906310629881894,32.345568321439444,32.8128547668457,2537400.0
2024-04-09,32.8689203154081,33.149294978927806,32.756772589067374,32.99976348876953,2614400.0
2024-04-10,32.738085484058814,32.99976830385257,32.33621887716255,32.49509811401367,2395200.0
2024-04-11,32.700706219076466,32.803506239859104,32.35491169104486,32.66332244873047,2286100.0
2024-04-12,32.628458095140154,32.628458095140154,31.780474809926226,31.96891593933105,3025800.0
2024-04-15,32.0725586075778,32.31752955884007,31.827584062099938,31.950071334838867,2459200.0
2024-04-16,32.0914026360456,32.14793245790056,31.8370076550517,31.855852127075195,2266300.0
2024-04-17,31.98776102653813,32.2515764562464,31.808740332765524,32.07255935668945,2193600.0
2024-04-18,32.270418920986614,32.411750660516525,32.063133328133524,32.392906188964844,2064600.0
2024-04-19,32.48712688986427,32.77921082501053,32.38348408725703,32.73210144042969,2359700.0
2024-04-22,32.88285180037553,33.25973045029542,32.543658499496814,33.108978271484375,2024100.0
2024-04-23,33.20320062962594,33.31626386518036,33.04302441789301,33.108978271484375,1595900.0
2024-04-24,32.78863178285043,33.61777062260699,32.60961468092551,33.54239273071289,2209000.0
2024-04-25,33.60834302281897,33.796784138342964,33.16551053468523,33.23146438598633,1816400.0
2024-04-26,33.13724415297018,33.542391319313886,33.071290297445906,33.2785758972168,2088200.0
2024-04-29,33.353954226766426,33.523550884417645,33.2597318646182,33.37279510498047,1470100.0
2024-04-30,33.335106878707435,33.627187190631844,33.080711914175815,33.50470352172852,4486400.0
2024-05-01,33.2974219278652,33.48586306427539,33.024182459781215,33.212623596191406,1774900.0
2024-05-02,33.316265281907135,33.457593433806075,33.07129073453733,33.37279510498047,1668900.0
2024-05-03,33.44817743798974,33.44817743798974,32.807479667133215,33.13724899291992,1627900.0
2024-05-06,33.269156509458455,33.288000982234486,32.59076986638423,32.788631439208984,2212200.0
2024-05-07,32.96765302552468,33.306842762024054,32.835741712523195,33.26915740966797,1575200.0
2024-05-08,33.25973031675058,33.30683969852448,32.99591490344439,33.09013366699219,1200000.0
2024-05-09,33.19377981949186,33.37279692601844,32.84516604605976,33.34453201293945,1044600.0
2024-05-10,33.34452956676094,33.64603393153755,33.259731239529046,33.57065963745117,1093900.0
2024-05-13,33.57065910659238,34.060604590160665,33.43875139836543,33.49528121948242,1671900.0
2024-05-14,33.58950666994148,33.90043149734881,33.50470833624569,33.71199035644531,1674000.0
2024-05-15,33.75910237280058,33.8627415828314,33.41990904770854,33.54239273071289,1704600.0
2024-05-16,33.65545654879113,34.18308736784489,33.561234192377675,34.00407028198242,2217400.0
2024-05-17,34.00407151926267,34.23020158866759,33.8156303937945,34.21135711669922,2887600.0
2024-05-20,34.20193543970384,34.72956990851921,34.02291833499551,34.644771575927734,3195500.0
2024-05-21,34.64477361964934,34.67303853410861,34.08887420524914,34.324424743652344,2338000.0
2024-05-22,33.8815874581127,33.97580982688005,33.30684358838739,33.4199104309082,2329200.0
2024-05-23,33.21262093413648,33.287998820345166,32.69441054620581,32.74151992797852,2290800.0
2024-05-24,32.86400534542177,33.20319862583036,32.788627463457544,33.080711364746094,2474900.0
2024-05-28,32.96764784513469,32.97706828318949,32.34579470127745,32.69440841674805,2640800.0
2024-05-29,32.4494304996281,32.55307327845654,32.053707446881155,32.12908172607422,3770900.0
2024-05-30,31.733366094321543,31.884118282176598,28.746585452143105,29.01040267944336,9427900.0
2024-05-31,28.935025701127827,29.528614032000466,28.87849407817592,29.18942070007324,9146800.0
2024-06-03,29.245953769920806,29.58514530067841,28.80311763696136,29.12346649169922,3096800.0
2024-06-04,29.00098011330202,29.29306224931152,28.94444669566833,28.96329116821289,2372700.0
2024-06-05,28.878494045034685,28.963292377919178,28.65236575637868,28.83138465881348,3118600.0
2024-06-06,28.88791387952463,29.25537209339615,28.718317227858467,29.095197677612305,2016400.0
2024-06-07,28.88791452528646,29.302483927836857,28.756006814200884,28.869070053100582,1877200.0
2024-06-10,28.812536239624023,28.869067854769085,28.3979668686424,28.812536239624023,2419100.0
2024-06-11,28.680632682545458,28.897338736168987,28.595834349021832,28.878494262695312,1772000.0
2024-06-12,29.02924183289545,29.038664068131645,28.652361408985776,28.737159729003903,2068700.0
2024-06-13,28.73716430585857,28.98213706969261,28.50161377876137,28.878494262695312,2240400.0
2024-06-14,28.87849336453777,28.96329169542406,28.59583345965537,28.718318939208984,2177000.0
2024-06-17,28.614677411677512,29.04808949755562,28.5204568460625,28.96329116821289,1929100.0
2024-06-18,28.991557894782225,29.114043372181268,28.56756624780896,28.61467742919922,2291200.0
2024-06-20,28.576988986767784,28.944447222536475,28.51103512876908,28.718318939208984,1888400.0
2024-06-21,28.85022737802249,29.057511180743795,28.6429417781934,28.869070053100582,3818400.0
2024-06-24,28.86906982408135,29.31190593139753,28.840804913134544,29.170574188232425,2435800.0
2024-06-25,29.104621135903216,29.236530646688127,28.605255192921167,28.61467742919922,2350200.0
2024-06-26,28.5110356566781,28.61467846237102,28.388548377748663,28.47334671020508,1892100.0
2024-06-27,28.5110356566781,28.567567279279743,28.275485132545374,28.47334671020508,1716700.0
2024-06-28,28.43565909945985,28.746585714385827,28.341438531913955,28.72774124145508,3256900.0
2024-07-01,28.82196152306185,28.96329147442466,28.63352038983956,28.67120933532715,2159500.0
2024-07-02,28.727743428942617,28.887917866834847,28.59583570259889,28.78427505493164,1786600.0
2024-07-03,28.83138271603028,28.869069863046143,28.41681331620913,28.492189407348636,727000.0
2024-07-05,28.48276559816745,28.55814168514381,28.322591188704237,28.53929901123047,1649100.0
2024-07-08,28.605253953533,28.62409662816489,28.24721617891109,28.407390594482425,1820700.0
2024-07-09,28.379125172966138,28.49218840715251,28.27548237737221,28.303749084472656,2522600.0
2024-07-10,28.492190307464867,28.69947411537,28.37912706573764,28.65236473083496,1967300.0
2024-07-11,28.708896917918672,29.25537405599921,28.661787532454504,29.08577919006348,2581000.0
2024-07-12,29.274218967273864,29.462660106167306,28.9915590560416,29.17999839782715,2506400.0
2024-07-15,29.27794197850738,29.392047910976945,29.030710039915192,29.04972648620605,1789800.0
2024-07-16,29.16383463511485,29.86749394066516,29.09727253797485,29.81995010375977,2099700.0
2024-07-17,29.94356457782656,30.713785965338165,29.857984222138484,30.58066177368164,2918400.0
2024-07-18,30.323919370276016,31.046598703652585,30.323919370276016,30.6472225189209,1824100.0
2024-07-19,30.75182168158586,30.84690935103834,30.07668798365079,30.228832244873047,2235500.0
2024-07-22,30.21932072026536,30.27637368015153,29.582223591547013,29.800928115844727,1759600.0
2024-07-23,29.857981946268964,29.99110794145929,29.55369706642984,29.648786544799805,1619600.0
2024-07-24,29.56320726190793,30.029143727676907,29.56320726190793,29.962581634521484,1845100.0
2024-07-25,30.12423237569856,30.78034597322584,30.04816115510057,30.27637481689453,2360900.0
2024-07-26,30.285883893623023,30.523604870608366,30.20981267315705,30.438024520874023,1632000.0
2024-07-29,30.361956725867344,30.51409917487585,30.181286887539343,30.33342933654785,2012400.0
2024-07-30,30.18128439057924,30.533114908354406,30.02914195415779,30.447534561157227,2076500.0
2024-07-31,30.44753694042682,30.675748799211306,30.323920067624,30.533117294311523,4401200.0
2024-08-01,30.61869474044016,30.961016123469854,30.47605962172387,30.86592483520508,1630800.0
2024-08-02,31.14168478947733,31.36038931607421,30.50458946774231,31.25579071044922,1633800.0
2024-08-05,31.17020968981244,31.51253107269809,30.33342630392416,30.52360343933105,2918300.0
2024-08-06,30.57115255626533,30.82788998000133,30.209812896124305,30.238338470458984,2805000.0
2024-08-07,30.238340407387675,30.694767762788896,30.067181509373032,30.399991989135746,1909100.0
2024-08-08,30.238340407387675,30.656734870360424,30.124234475377914,30.399991989135746,1461700.0
2024-08-09,30.36195502903641,30.523604785102947,30.03865188954143,30.4570426940918,1350100.0
2024-08-12,30.409501271259504,30.51409988752613,29.66780726844119,29.715351104736328,1531400.0
2024-08-13,30.808875348686172,30.86592649735553,29.95307184502636,30.238338470458984,2754400.0
2024-08-14,30.5616428955848,30.932489886943813,30.49508080110304,30.67574882507324,1829800.0
2024-08-15,30.75181943400013,30.894454555116027,30.36195421396005,30.447534561157227,2402500.0
2024-08-16,30.38097444579239,30.808876209579164,30.28588496343077,30.77083969116211,2223500.0
2024-08-19,30.76132890311931,31.103650315876315,30.67574854993006,31.075124740600582,1426400.0
2024-08-20,30.98954349411767,30.98954349411767,30.58065999926225,30.74231338500977,1625000.0
2024-08-21,30.903963345978827,31.075124048545515,30.69476612565021,30.846908569335938,1525400.0
2024-08-22,30.90396517772489,30.90396517772489,30.238340586886068,30.3809757232666,1652700.0
2024-08-23,30.62820519201387,30.837402420257103,30.247849068409437,30.31441116333008,2325700.0
2024-08-26,30.42851828013269,30.82789084142565,30.33342879777107,30.77083969116211,1833000.0
2024-08-27,30.78985773415944,30.80887599323442,30.45704364139033,30.628204345703125,1712500.0
2024-08-28,30.628205287737256,30.951508447231724,30.52360667328873,30.799365997314453,2171900.0
2024-08-29,30.98954410032778,31.103650027735696,30.50459118832261,30.60918617248535,1800400.0
2024-08-30,30.628202530619674,30.970523918958666,30.55213312618979,30.951505661010746,3679900.0
2024-09-03,30.95150724544934,31.53155144678769,30.694766191052263,31.51253318786621,3205800.0
2024-09-04,28.384101338793087,29.563206153322582,27.775529766304903,29.48713493347168,5813500.0
2024-09-05,29.819948887726344,30.666241483162825,29.553698696342696,30.533117294311523,4269600.0
2024-09-06,30.48557283113192,31.15119376167204,30.428518053930475,30.97052574157715,2687700.0
2024-09-09,30.970527716280937,31.046600757400004,30.656735490070403,30.80887794494629,2533500.0
2024-09-10,30.865928154992268,30.94200119378613,30.5616432545411,30.63771629333496,2123500.0
2024-09-11,30.476059946593555,30.637713324686,29.696329511319345,29.800928115844727,1760200.0
2024-09-12,29.67731357177161,30.095706208875896,29.544189383744307,30.06718063354492,2398900.0
2024-09-13,30.1147239333108,30.542623878804235,30.06718009948297,30.50459098815918,1703200.0
2024-09-16,30.76132868994921,31.00856243183246,30.675748337353014,30.9324893951416,1711600.0
2024-09-17,30.68525634997937,31.09413981473661,30.68525634997937,30.78034400939941,1759400.0
2024-09-18,30.799367001125283,31.217761472555654,30.69476838326769,30.80887794494629,1699400.0
2024-09-19,30.82788923593812,30.922980527028493,30.323918088925616,30.552133560180664,1817000.0
2024-09-20,30.542624543050074,30.61869758071865,30.076688069416317,30.209814071655277,6532300.0
2024-09-23,30.133741508665224,30.28588394987979,29.88650958827132,29.934053421020508,2028100.0
2024-09-24,30.01963452444912,30.06718017207274,29.582225448397903,29.639278411865234,1919000.0
2024-09-25,29.772402951269527,29.81043946981994,29.411065093445742,29.582225799560547,3227600.0
2024-09-26,29.47762843760777,30.057672674338647,29.47762843760777,30.019636154174805,3654600.0
2024-09-27,30.19079316421148,30.53311454897097,30.12423107577066,30.16226577758789,1653200.0
2024-09-30,30.39999066171936,30.39999066171936,30.03865280789149,30.143251419067383,1978800.0
2024-10-01,30.067180367966145,30.238339259483272,29.80093018058225,30.10521507263184,2161500.0
2024-10-02,29.97209158840327,30.16226874355199,29.83896558475,29.99110984802246,1906800.0
2024-10-03,29.85798330432693,29.85798330432693,29.36351944525772,29.582225799560547,2163600.0
2024-10-04,29.515664293564694,29.886511288411278,29.477627774256806,29.81044006347656,1816800.0
2024-10-07,29.81043767823636,29.81043767823636,29.58222402169242,29.724857330322266,1620800.0
2024-10-08,29.66780441012373,29.7248573709174,29.25892092812709,29.544187545776367,1869300.0
2024-10-09,29.61075107260628,29.65829672030908,29.363519145594744,29.458608627319336,1914900.0
2024-10-10,29.58222641193487,29.79142182724956,29.363520053104654,29.46811866760254,1702300.0
2024-10-11,29.64878706610145,29.72485828739876,29.420573402209524,29.55369758605957,1814300.0
2024-10-14,29.610750673140416,29.715349282994477,29.392046137701016,29.69633102416992,1571500.0
2024-10-15,29.81435998216838,30.22698257685378,29.71840094126793,29.88153076171875,2068200.0
2024-10-16,29.862340303118387,30.083044815155667,29.78557343674601,29.967893600463867,2239400.0
2024-10-17,29.93910735682529,30.34213386536869,29.871934746845987,30.284557342529297,1934900.0
2024-10-18,30.361325215427836,30.908289388660865,30.0638538252999,30.88909721374512,2855600.0
2024-10-21,30.43809270131401,30.59162644321657,29.98708756325857,30.054258346557617,1880400.0
2024-10-22,30.04466174816968,30.04466174816968,29.660827399938167,29.833553314208984,1409900.0
2024-10-23,29.71840365595584,30.006280804953903,29.63204069428308,29.92951393127441,1311100.0
2024-10-24,30.0062792284798,30.19819548746228,29.82395722671988,29.833553314208984,1383700.0
2024-10-25,29.939109098802703,30.16940971276068,29.785575356164053,29.804765701293945,1173800.0
2024-10-28,29.87193541859239,30.07344959252889,29.622444468410464,29.68961524963379,1612200.0
2024-10-29,29.62244438673498,29.80476455519088,29.382547694303675,29.4497184753418,2414100.0
2024-10-30,29.43052789486722,29.64163633674608,29.344164934492547,29.382549285888672,1941900.0
2024-10-31,29.36335480987604,29.55527106102219,29.181032815560695,29.31537437438965,3654900.0
2024-11-01,29.43052681109858,29.718402114902183,29.29618524669244,29.67042350769043,1897300.0
2024-11-04,29.71840043195363,29.823955558161767,29.3729504530054,29.49769592285156,1983300.0
2024-11-05,29.50729344656483,29.862341360019634,29.20022597020745,29.843149185180664,1781100.0
2024-11-06,29.91991697175621,30.21738836981599,29.392143129099708,29.47850608825684,2872400.0
2024-11-07,29.440122322826134,29.63203857818633,28.99871145799132,29.04669189453125,2487400.0
2024-11-08,28.98911611655245,29.200226382226845,28.76841159358973,29.09467124938965,2147100.0
2024-11-11,29.142650820545896,29.478504723646815,29.04669177811713,29.133054733276367,1901500.0
2024-11-12,29.38254678001446,29.651229895806413,29.14265009504796,29.161840438842773,1898500.0
2024-11-13,29.161840438842773,29.20022478696531,28.82598654410284,29.161840438842773,2638600.0
2024-11-14,29.23860687185091,29.78557284289879,29.15224392012053,29.181032180786133,2596900.0
2024-11-15,29.104265613214164,29.440121336677564,28.00074123349137,28.02952766418457,4146000.0
2024-11-18,28.27902190211925,28.37498094669653,27.90478364156105,28.21185111999512,2885200.0
2024-11-19,27.97195459639572,28.566899212235075,27.91437990140048,28.528514862060547,1809100.0
2024-11-20,28.4901327052446,29.01790471500471,28.470940529912745,28.99871253967285,2590200.0
2024-11-21,28.96992553616328,29.324971621474525,28.797199622112814,29.267396926879883,2093500.0
2024-11-22,29.324973501999168,29.622446742058404,29.286590979896896,29.43052864074707,1999900.0
2024-11-25,29.728000022189352,30.18860126857731,29.699213588206767,30.159814834594727,4316800.0
2024-11-26,30.092641695851437,30.428495601171328,29.96789439078989,30.342134475708008,2312200.0
2024-11-27,30.4956690390891,30.76435400089425,30.399709993425365,30.6300106048584,2220600.0
2024-11-29,30.61081648848594,31.176974638972396,30.56283788382992,31.11939811706543,1904800.0
2024-12-02,31.167377503477123,31.167377503477123,30.562838650422247,30.84111785888672,3020800.0
2024-12-03,30.75475642140988,30.87950373122522,30.40930641559284,30.5340518951416,2999400.0
2024-12-04,29.766383158816414,30.73556422215822,29.59365724090866,30.69718170166016,4124700.0
2024-12-05,30.84111881665869,31.58959534080236,30.706777251867067,31.53202247619629,3162900.0
2024-12-06,31.64716921172476,31.714339988487023,31.12899151053061,31.15778160095215,2147600.0
2024-12-09,31.071419777301788,31.963835741536883,31.071419777301788,31.839088439941406,2633100.0
2024-12-10,31.848681953287848,32.39564609143393,31.59919101645376,32.19413375854492,2393700.0
2024-12-11,32.40524788909923,32.43403432280691,31.791112899780277,31.791112899780277,3725900.0
2024-12-12,31.97343128125796,31.97343128125796,31.48404363310526,31.704748153686523,1633600.0
2024-12-13,31.666362150975164,31.77191727716368,31.31131608514071,31.60878562927246,2508600.0
2024-12-16,31.5512129957853,31.78151176319224,31.023441021567063,31.033035278320312,2665000.0
2024-12-17,30.917888328715307,31.378489560324244,30.745162409295308,30.850717544555664,2710000.0
2024-12-18,30.4668793091356,30.86030973017083,30.07344888810036,30.610816955566406,4278500.0
2024-12-19,30.3709217748036,30.649202824606387,30.17900551346365,30.30375099182129,2889300.0
2024-12-20,30.36132535153452,30.601222048257178,30.246175962056903,30.39970970153809,4859800.0
2024-12-23,30.207790691365187,30.42849520635932,30.07344913098032,30.274961471557617,1845800.0
2024-12-24,30.21738928629412,30.476478171623533,30.08304771476034,30.33254051208496,844000.0
2024-12-26,30.17900517981721,30.48607265877957,30.11183256731097,30.39970970153809,1253000.0
2024-12-27,30.20779347701855,30.706779076271967,30.20779347701855,30.562841415405277,1718600.0
2024-12-30,30.46688182618357,30.486074002030985,29.85274684119936,29.939109802246094,1626300.0
2024-12-31,29.948702134772745,30.14062022037695,29.75678587943505,30.102237701416016,1529000.0
2025-01-02,30.217387503675152,30.438092023965343,30.11183237211613,30.24617576599121,1452200.0
2025-01-03,30.063851662792835,30.284556167648937,29.92951010857893,30.092639923095703,1817400.0
2025-01-06,30.054257555822296,30.063853643222053,29.276992779107317,29.44012260437012,2071300.0
2025-01-07,29.612847286490982,29.977489441196628,28.86436897281125,28.92194366455078,2262500.0
2025-01-08,28.96032892198847,29.23860813269032,28.778006923777014,29.209821701049805,2030000.0
2025-01-10,29.056289089115637,29.363356573606872,28.61487820745954,28.835582733154297,3194500.0
2025-01-13,29.01968295075664,29.44601418015891,28.87434082680845,29.320053100585938,3314200.0
2025-01-14,29.01968027416541,29.37818613164655,28.79682323378064,29.077816009521484,2150300.0
2025-01-15,29.20377683906737,29.252224824886675,28.44800674130305,28.680551528930664,2851200.0
2025-01-16,28.5352128269688,29.00999202533196,28.21546349549558,28.961544036865234,2894800.0
2025-01-17,28.82589420109942,29.06812860615068,28.777448059329902,29.000303268432617,2515100.0
2025-01-21,28.980923413704456,29.93048181637605,28.94216687079021,29.90141487121582,3362300.0
2025-01-22,29.930482432859144,29.930482432859144,29.33943174250483,29.407257080078125,2217800.0
2025-01-23,29.358808485601934,29.969240207392108,29.242537008757388,29.90141487121582,2138400.0
2025-01-24,29.8238993465592,30.066133741306132,29.707626023915896,29.92079162597656,1518600.0
2025-01-27,30.405262031599808,30.957558033384466,30.269611354723857,30.47308921813965,2775600.0
2025-01-28,30.31805778030713,30.47308764533578,29.416945534764476,29.51383781433105,2449200.0
2025-01-29,29.59135466600275,29.601042415501254,29.106885874599445,29.242536544799805,2098900.0
2025-01-30,29.533217869710025,29.55259706542851,29.23284772848073,29.484771728515625,1736400.0
2025-01-31,29.30067200729489,29.3975661342865,29.0003018769125,29.048748016357425,11604200.0
2025-02-03,28.845270984512933,29.019680037259064,28.2542184942292,28.680551528930664,2914400.0
2025-02-04,28.845272901066178,28.89371904200268,28.46738597897456,28.477075576782227,2235600.0
2025-02-05,28.341426314894328,28.670865264351505,28.20577563503616,28.36080551147461,4301300.0
2025-02-06,28.728999633909343,28.738689231736718,28.22515163549693,28.27359962463379,1796300.0
2025-02-07,28.37049321979855,28.37049321979855,27.92478096865374,28.292978286743164,3772300.0
2025-02-10,28.32204665415745,28.35111544855148,27.934471969413103,27.97323036193848,2224000.0
2025-02-11,27.90540150348559,28.10887935585172,27.71161509677216,28.09918975830078,2422900.0
2025-02-12,27.74068156903808,28.00229515415409,27.64378929138184,27.64378929138184,2661300.0
2025-02-13,27.643790931824185,27.740683215230224,27.39186692914443,27.65348052978516,3037500.0
2025-02-14,27.779439915234803,27.953848971706662,27.488759386516197,27.57596206665039,2791100.0
2025-02-18,27.46938108408117,27.556585615149828,27.159321350548986,27.411245346069336,4050200.0
2025-02-19,27.5275170144498,27.827887152395316,27.353107951093754,27.6728572845459,2681400.0
2025-02-20,27.566275126775206,27.95384979248047,27.537206333809145,27.95384979248047,2183200.0
2025-02-21,28.02167607180354,28.874340365074893,27.87633579828138,28.72900009155273,2828400.0
2025-02-24,28.661172887428204,28.83558194353839,28.25421903920501,28.322044372558597,4401700.0
2025-02-25,28.44800783283418,28.767757159103425,28.35111370557949,28.50614356994629,2754700.0
2025-02-26,28.360805029997668,28.39956157439837,27.67285834789205,27.83757781982422,4349500.0
2025-02-27,27.67285839592205,27.827888269997658,26.73298955332595,27.498449325561523,4641800.0
2025-02-28,27.76006179742221,27.876335122281425,27.30466179193572,27.74068260192871,6051400.0
2025-03-03,27.740682239576515,28.59334834913497,27.595341971477303,28.56427955627441,3583400.0
2025-03-04,28.82589574603831,28.94216907985945,27.99260875660895,28.00229835510254,2826700.0
2025-03-05,27.7891308783137,28.26391008420824,27.70192634579207,27.86664581298828,2029200.0
2025-03-06,27.963539088791205,28.244530025361293,27.701925499221225,28.09918975830078,1970200.0
2025-03-07,27.982917400886723,29.36849848072753,27.982917400886723,29.009992599487305,2855000.0
2025-03-10,29.26191519046556,30.114579434157683,29.184400259220823,29.329740524291992,3639500.0
2025-03-11,29.26191521365172,29.281292560401955,28.806513375139016,28.990612030029297,3360000.0
2025-03-12,28.515832891580203,28.79682382498817,28.215462763288446,28.312355041503903,2912600.0
2025-03-13,28.3898702304666,28.82589287879837,28.31235529833004,28.5739688873291,2376200.0
2025-03-14,28.38018305114564,28.74837852416526,28.312355867074576,28.62241744995117,2700600.0
2025-03-17,28.69024267570452,29.2619160025376,28.62241733999581,29.029369354248047,2412500.0
2025-03-18,29.135953675790184,29.310362741518656,28.86465232741419,29.009992599487305,2408800.0
2025-03-19,28.845272064208984,28.98092273337716,28.68055260246117,28.845272064208984,3208700.0
2025-03-20,28.835584930800028,28.96154601320553,28.535214774216197,28.75806999206543,3137800.0
2025-03-21,28.699931746530105,29.12626294833036,28.6030376195385,29.048748016357425,9492800.0
2025-03-24,28.79682661735622,29.097198622876164,28.1185713635703,28.35111618041992,4098900.0
2025-03-25,28.399559340475417,28.41893853520233,27.866644422197545,27.91509056091309,3311400.0
2025-03-26,28.01198649374744,28.76775850394285,28.01198649374744,28.66117477416992,2194800.0
2025-03-27,28.922787181512245,29.49446050252676,28.84527224890528,29.37818717956543,2717400.0
2025-03-28,29.571976280780007,29.61073282414089,29.22315815002291,29.41694641113281,2168300.0
2025-03-31,29.630111396237915,30.259920459436564,29.56228606070753,29.97892951965332,3340700.0
2025-04-01,30.11457991630092,30.163026056066368,29.630111126239388,29.785140991210938,2517200.0
2025-04-02,29.80452160217184,29.949861876474092,29.436324269297486,29.66887092590332,2209600.0
2025-04-03,29.794832398718363,30.550604422441555,29.794832398718363,30.46339988708496,3776100.0
2025-04-04,30.40526045109713,31.07382789885055,29.630111126239388,29.785140991210938,4262100.0
2025-04-07,29.320051513194503,29.87234564037035,28.84527231881348,29.10688591003418,4345300.0
2025-04-08,29.484773571009463,29.504152767938955,28.13795080214296,28.409252166748047,3648700.0
2025-04-09,28.099191248203397,28.99061394103599,27.886025635085417,28.78713607788086,4226700.0
2025-04-10,28.787135872392383,29.320052673536047,28.18639558148363,28.59334945678711,5056200.0
2025-04-11,28.82589331533759,29.61073224611862,28.632105058010573,29.368497848510746,3581500.0
2025-04-14,29.2511021555101,30.16091935545726,29.202188014720303,29.88699531555176,3908600.0
2025-04-15,30.297879858288244,30.297879858288244,29.632638972980523,29.720684051513672,2187200.0
2025-04-16,29.96525918826254,29.96525918826254,29.417412972068515,29.525026321411133,2438900.0
2025-04-17,29.51524177993262,30.023957033421468,29.456544440208457,29.916343688964844,2859000.0
2025-04-21,29.78916563824183,29.80873017406816,29.446761070891565,29.740249633789062,2259400.0
2025-04-22,29.769601605536927,30.10222299846677,29.67177145480081,30.04352378845215,2322800.0
2025-04-23,29.984826114106085,30.20983415215222,29.691337531085463,30.14135360717773,2047900.0
2025-04-24,29.9652587720304,30.04352251611385,29.4369789659558,29.534809112548828,1879600.0
2025-04-25,29.42719705157189,29.49567759739526,28.9380481631708,29.055444717407227,2383900.0
2025-04-28,28.99674534987556,29.143491508363084,28.73260636969884,28.879350662231445,2257300.0
2025-04-29,28.86956563830587,29.00652672056376,28.546727468730264,28.967395782470703,2341400.0
2025-04-30,29.23153604461658,29.388065401807182,28.713039429631337,29.25110244750977,3312000.0
2025-05-01,28.91848125654445,29.00652820420078,28.59564307045619,28.75217056274414,2391000.0
2025-05-02,28.898916225320875,28.996744506861862,28.605425782833308,28.673906326293945,2964800.0
2025-05-05,28.654342119229387,28.67390665618976,28.19454098049527,28.57607650756836,2530600.0
2025-05-06,28.49781335741803,28.673907255425632,28.390201871044987,28.517379760742188,1759900.0
2025-05-07,28.546729141332744,28.713039836370964,28.351068841538996,28.478248596191406,2286400.0
2025-05-08,28.4978129212875,29.09457515185711,28.419549175143526,28.75217056274414,2614300.0
2025-05-09,28.61520931339887,28.879350154890187,28.54672876915036,28.57607650756836,1609200.0
2025-05-12,28.546728013716876,29.006527274328413,28.39020052644678,28.9086971282959,2999300.0
2025-05-13,28.80108776981864,28.90869925902662,28.360853013202004,28.6347770690918,2685900.0
2025-05-14,28.497812947316,28.66412364126821,28.272804910190924,28.527162551879883,4189600.0
2025-05-15,28.703255006849425,29.544591635908365,28.703255006849425,29.50545883178711,2966100.0
2025-05-16,29.47611103919574,29.88699617793253,29.35871635153089,29.867431640625,3068500.0
2025-05-19,29.8380819051702,29.8380819051702,29.40763036505447,29.46632957458496,2622300.0
2025-05-20,29.43697910895501,29.79894822736629,29.407629505048074,29.48589324951172,3773300.0
2025-05-21,29.41741207962117,29.476109420229665,28.74238613178169,28.781518936157227,3265500.0
2025-05-22,28.654343624631867,28.889134874085435,28.36085316334867,28.810871124267575,3260800.0
2025-05-23,28.81086962724452,28.91848111143068,28.370634891171964,28.80108642578125,2770800.0
2025-05-27,29.15327132274645,29.603289244445605,29.026093440109296,29.544591903686523,4867600.0
2025-05-28,29.66198751422635,29.789167266801627,29.163055437260404,29.38806533813477,4251500.0
2025-05-29,28.67390578477312,29.828297398322267,28.1456259838001,29.720684051513672,6055400.0
2025-05-30,29.85764792355151,30.19026930945128,29.691337230601626,30.014175415039062,4464400.0
2025-06-02,29.77938474130611,30.18048667907715,29.74025193471629,30.18048667907715,3431100.0
2025-06-03,30.043523721967706,30.503324869623476,29.916345832460635,30.18048667907715,2921300.0
2025-06-04,30.229399423350237,30.278315429325303,29.89677804653909,30.033740997314453,2566900.0
2025-06-05,30.01417604939976,30.248967291593488,29.85764855460394,30.04352378845215,2838000.0
2025-06-06,30.12178958929874,30.248967479878868,29.710904446413416,29.994609832763672,2049700.0
2025-06-09,29.86743280202469,30.542456947233266,29.85764960001305,30.51310920715332,2933100.0
2025-06-10,30.581587576411167,30.747898266849884,30.28809713483733,30.473974227905277,2371600.0
2025-06-11,30.493540238849008,30.493540238849008,30.12178792344308,30.25874900817871,2703200.0
2025-06-12,30.288097462350947,30.395710812020493,30.05330622612593,30.376144409179688,1766600.0
2025-06-13,30.32722879894356,30.50332268407084,29.838079947347698,29.916343688964844,1980200.0
2025-06-16,30.033741264204405,30.14135274639617,29.4271958464074,29.62285614013672,2133300.0
2025-06-17,29.505461072186897,29.730469115104945,29.32936717217975,29.40763092041016,2141000.0
2025-06-18,29.397845486408464,29.60328897613544,29.231534800802734,29.50545883178711,2511500.0
2025-06-20,29.46632895598692,29.86743088291692,29.456545754603887,29.75003433227539,7404200.0
2025-06-23,30.09243973020498,30.43484432404621,29.965259974742988,30.18048667907715,3746000.0
2025-06-24,30.053304598467665,30.121787004701535,29.701118696181624,29.740249633789062,3699300.0
2025-06-25,29.40763053903733,29.495677487899066,29.075009146882973,29.192405700683597,3790100.0
2025-06-26,29.309800515615684,29.72068565676707,29.309800515615684,29.593507766723636,2571100.0
2025-06-27,29.593508144416404,29.847865793704493,29.534810799489907,29.808732986450195,3848800.0
2025-06-30,29.730468858455783,29.95547876538637,29.3195837173044,29.593507766723636,2979500.0
2025-07-01,29.593506273312983,30.43484291653586,29.593506273312983,30.033740997314453,2830800.0
2025-07-02,29.994609315667425,30.248966958397585,29.89677916600892,30.14135360717773,2679900.0
2025-07-03,30.21961813284558,30.229401334659155,29.71090470022435,29.808732986450195,2548100.0
2025-07-07,29.75003400420435,29.88699509014672,29.485893167639908,29.847864151000977,2602100.0
2025-07-08,29.661987358632523,30.493540815880472,29.64242095588437,30.4250602722168,3262000.0
2025-07-09,30.425060841692403,30.67941848431472,30.21961734090115,30.591371536254883,3778300.0
2025-07-10,30.41527599518004,31.168565680749484,30.31744585085397,30.85551071166992,3102600.0
2025-07-11,30.855511490883003,30.855511490883003,29.18262139192972,29.847864151000977,8333500.0
2025-07-14,29.788602994820973,29.90712611740235,29.097222194795396,29.40340614318848,6466800.0
2025-07-15,29.38365298673436,29.43303652392389,28.84042654220476,28.85030174255371,3614800.0
2025-07-16,28.89968591464808,29.581189624806,28.86017757951493,29.54168128967285,4336200.0
2025-07-17,29.630573307350208,29.719465177981142,28.95894667763249,29.31451416015625,3134200.0
2025-07-18,29.314515415945117,29.354021869106194,28.70214937912816,28.781164169311523,3128600.0
2025-07-21,28.800918252531947,28.98857908510964,28.504613261187117,28.534242630004883,1954300.0
2025-07-22,28.633010591355674,29.17623890171997,28.553995804157736,29.08734703063965,1879500.0
2025-07-23,29.176238771558477,29.413283132094776,29.028084397844808,29.15648460388184,2456900.0
2025-07-24,29.166362895552528,29.265129970303608,28.899687272457747,28.939193725585938,2040800.0
2025-07-25,28.939193023750143,28.968824275773567,28.71202574315403,28.879932403564453,1986100.0
2025-07-28,28.75153451736578,28.75153451736578,28.18855390736886,28.198429107666016,3198900.0
2025-07-29,28.24781345873784,28.544118436822405,28.13916742097165,28.346582412719727,2549300.0
2025-07-30,28.297196913053337,28.45522648542899,27.87249173084586,27.941631317138672,2907100.0
2025-07-31,27.704586511559324,27.951507966685025,27.605819436598,27.74409484863281,4744500.0
2025-08-01,27.95150737110253,28.03052215970468,27.437912187119117,27.773725509643555,3709900.0
2025-08-04,27.84286246902824,28.0008920420032,27.74409351495362,27.87249183654785,2445300.0
2025-08-05,27.931755283965312,28.060153609901995,27.76384862151816,27.95150756835937,3253100.0
2025-08-06,27.971261276056712,28.050276063915472,27.79347753240922,27.91200065612793,2527700.0
2025-08-07,28.0206472443995,28.208306191824352,27.556433708263583,28.198429107666016,3402400.0
2025-08-08,28.19842923999545,28.29719819818114,28.030522576238138,28.129291534423828,1862600.0
2025-08-11,28.257691020530903,28.32682872432943,28.00089248937841,28.22805976867676,2435900.0
2025-08-12,28.139168117546976,28.573750395508565,28.139168117546976,28.40584373474121,3181200.0
2025-08-13,28.40584334429729,28.781163112927217,28.26756793751697,28.613256454467773,2638000.0
2025-08-14,28.524365260732992,28.60338004989276,27.95150756835937,27.95150756835937,3233900.0
2025-08-15,28.040399660442827,28.19842923999545,27.961384870666517,28.129291534423828,7569300.0
2025-08-18,28.139168179395263,28.139168179395263,27.832986109274,27.93175506591797,3189200.0
2025-08-19,28.07003104543291,28.089785213935443,27.74409480058588,28.06015396118164,3777600.0
2025-08-20,28.64288858632964,28.96882482937136,28.247814637773192,28.28732109069824,3931300.0
2025-08-21,28.14904600239913,28.633011830412123,28.07003121178193,28.55399703979492,3262100.0
2025-08-22,28.67252035746333,28.98857952202444,28.633012019962585,28.88981056213379,2258500.0
2025-08-25,28.81079511664455,28.820672200795407,28.465104706809186,28.51449012756348,2896700.0
2025-08-26,28.445350186995277,28.49473560713929,28.257691242031463,28.40584373474121,2965900.0
2025-08-27,28.39596591498378,28.741656311590585,28.28731987734307,28.662641525268555,4648000.0
2025-08-28,24.4748548752987,25.28475693230017,23.41802948369849,24.9094352722168,17411400.0
2025-08-29,24.939067222566813,25.50204784458914,24.929190138197495,25.126728057861328,7784900.0
2025-09-02,25.156357370382807,25.452664249210407,24.652637371850982,24.721776962280277,6862900.0
2025-09-03,24.692145658833194,25.156357319029222,24.642762121060013,25.0378360748291,5709200.0
2025-09-04,25.047712808408463,25.1366046822444,24.76128301852355,24.92918968200684,3889400.0
2025-09-05,24.948943092571973,25.452663067721588,24.909434757017745,25.344017028808597,3326000.0
2025-09-08,25.245248092047262,25.423031834447634,25.057589149612312,25.18598747253418,3758000.0
2025-09-09,25.116850010270586,25.27487958639679,25.037835222207484,25.20574188232422,2680300.0
2025-09-10,25.116850180243475,25.116850180243475,24.42546936711671,24.66251373291016,4482900.0
2025-09-11,24.623007821788796,25.16623426985699,24.59337656896534,25.10697364807129,3109200.0
2025-09-12,25.08721928461558,25.116850537208823,24.761283041534675,24.771160125732425,2397400.0
2025-09-15,24.810667173072197,24.909434242194205,24.366207826578798,24.42546844482422,4119000.0
2025-09-16,24.51436089307948,24.830420043000903,24.455100273434496,24.711898803710938,3511300.0
2025-09-17,24.65263570298642,24.90943422704183,24.5637457176029,24.583498001098636,4216600.0
2025-09-18,24.494607899155127,24.761283526129763,24.385963738576045,24.652637481689453,3855400.0
2025-09-19,24.692144167278627,24.830419571779835,24.514360427856445,24.514360427856445,8505000.0
2025-09-22,24.50448399447461,24.50448399447461,24.01064109802246,24.01064109802246,5239900.0
2025-09-23,24.07977939522078,24.237810859130217,23.97113523635085,24.13904190063477,4131900.0
2025-09-24,24.089656778364606,24.445224279815697,24.079779694006387,24.40571594238281,3666500.0
2025-09-25,24.55386867932015,24.55386867932015,24.03039454656311,24.10940933227539,2907200.0
2025-09-26,24.178547828678568,24.4254692776247,24.14891846047617,24.41559219360352,2715600.0
2025-09-29,24.543993374077804,24.543993374077804,24.12916524806467,24.336578369140625,4608900.0
2025-09-30,24.40571535103685,24.52423847660249,24.20817932024234,24.435346603393555,3466000.0
2025-10-01,24.534116263021588,24.6230081387751,24.227934182015737,24.49460792541504,3017800.0
2025-10-02,24.385962122791845,24.54399169485532,24.31682442049671,24.35633087158203,3243900.0
2025-10-03,24.37608670679008,24.48473275146485,24.27731774652767,24.336578369140625,2839000.0
2025-10-06,24.29707088221806,24.36620858630358,24.00076401403008,24.01064109802246,4183000.0
2025-10-07,24.07977993409137,24.07977993409137,23.59581409888051,23.70446014404297,8872800.0
2025-10-08,23.714336879093548,23.714336879093548,23.50692187628137,23.595813751220703,3330000.0
2025-10-09,23.625443595288043,23.763718999676183,23.427905688566906,23.47729110717773,4172800.0
2025-10-10,23.58593669204935,23.75384335779581,23.398277741520705,23.43778419494629,4793400.0
2025-10-13,23.40815460847032,23.497046482678936,23.062464195865843,23.26000022888184,5650900.0
2025-10-14,23.200000762939453,23.950000762939453,23.1299991607666,23.920000076293945,4775200.0
2025-10-15,23.920000076293945,24.1299991607666,23.59000015258789,23.649999618530277,3786800.0
2025-10-16,23.700000762939453,23.950000762939453,23.670000076293945,23.75,4464200.0
2025-10-17,23.809999465942383,24.1200008392334,23.75,24.030000686645508,4006900.0
2025-10-20,24.049999237060547,24.07999992370605,23.780000686645508,23.959999084472656,4041100.0
2025-10-21,24.0,24.15999984741211,23.93000030517578,24.07999992370605,4258500.0
2025-10-22,24.059999465942383,24.459999084472656,23.920000076293945,24.149999618530277,4392000.0
2025-10-23,24.1299991607666,24.18000030517578,23.649999618530277,23.770000457763672,3760900.0
2025-10-24,23.940000534057617,23.940000534057617,23.61000061035156,23.82999992370605,3197800.0
2025-10-27,23.739999771118164,23.809999465942383,23.3700008392334,23.739999771118164,5497800.0
2025-10-28,23.63999938964844,23.88999938964844,23.520000457763672,23.649999618530277,3370400.0
2025-10-29,22.90999984741211,23.040000915527344,21.459999084472656,21.489999771118164,12021600.0
2025-10-30,21.56999969482422,21.799999237060547,21.21999931335449,21.290000915527344,7752000.0
2025-10-31,21.209999084472656,21.690000534057617,21.030000686645508,21.59000015258789,8031400.0
2025-11-03,21.489999771118164,21.530000686645508,21.149999618530277,21.479999542236328,5120900.0
2025-11-04,21.489999771118164,21.63999938964844,21.239999771118164,21.57999992370605,3679300.0
2025-11-05,21.540000915527344,21.6299991607666,21.309999465942383,21.549999237060547,4197500.0
2025-11-06,21.57999992370605,21.850000381469727,21.399999618530277,21.71999931335449,3820100.0
2025-11-07,21.90999984741211,22.11000061035156,21.68000030517578,22.030000686645508,6408100.0
2025-11-10,22.0,22.209999084472656,21.809999465942383,22.149999618530277,4559200.0
2025-11-11,22.309999465942383,22.549999237060547,22.229999542236328,22.51000022888184,4244000.0
2025-11-12,22.459999084472656,22.649999618530277,22.239999771118164,22.270000457763672,4163900.0
2025-11-13,22.209999084472656,22.82999992370605,22.209999084472656,22.65999984741211,6832700.0
2025-11-14,22.739999771118164,22.8799991607666,22.36000061035156,22.63999938964844,3823500.0
2025-11-17,22.6200008392334,22.649999618530277,22.200000762939453,22.280000686645508,4301500.0
2025-11-18,22.290000915527344,22.40999984741211,22.07999992370605,22.31999969482422,3513100.0
2025-11-19,22.25,22.270000457763672,22.030000686645508,22.190000534057617,3690000.0
2025-11-20,22.1299991607666,22.51000022888184,22.030000686645508,22.31999969482422,3743400.0
2025-11-21,22.46999931335449,23.01000022888184,22.32999992370605,22.690000534057617,9186300.0
2025-11-24,22.559999465942383,22.709999084472656,22.459999084472656,22.600000381469727,8567300.0
2025-11-25,22.979999542236328,23.049999237060547,22.81999969482422,22.979999542236328,4164800.0
2025-11-26,23.040000915527344,23.26000022888184,23.01000022888184,23.229999542236328,3109900.0
2025-11-28,23.299999237060547,23.3700008392334,23.18000030517578,23.209999084472656,2114300.0
2025-12-01,23.200000762939453,23.51000022888184,22.989999771118164,23.299999237060547,6675000.0
2025-12-02,23.239999771118164,23.290000915527344,22.850000381469727,23.09000015258789,6381000.0
2025-12-03,23.1200008392334,23.459999084472656,23.059999465942383,23.270000457763672,6891900.0
2025-12-04,25.100000381469727,25.299999237060547,23.68000030517578,24.15999984741211,10459100.0
2025-12-05,24.229999542236328,24.6299991607666,24.01000022888184,24.34000015258789,6182100.0
2025-12-08,24.270000457763672,24.299999237060547,23.75,23.850000381469727,6146300.0
2025-12-09,23.850000381469727,24.0,23.59000015258789,23.6299991607666,4503800.0
2025-12-10,23.600000381469727,23.739999771118164,23.34000015258789,23.739999771118164,7692100.0
2025-12-11,23.809999465942383,24.06999969482422,23.690000534057617,23.709999084472656,4382100.0
2025-12-12,23.809999465942383,24.26000022888184,23.780000686645508,24.049999237060547,4669500.0
2025-12-15,24.149999618530277,24.190000534057617,23.8700008392334,24.0,5069000.0
2025-12-16,24.09000015258789,24.100000381469727,23.649999618530277,23.65999984741211,4867800.0
2025-12-17,23.780000686645508,24.100000381469727,23.739999771118164,23.989999771118164,5446700.0
2025-12-18,23.850000381469727,24.209999084472656,23.850000381469727,24.0,5207800.0
2025-12-19,23.920000076293945,23.96999931335449,23.63999938964844,23.670000076293945,7963900.0
