date,open,high,low,close,volume
2015-12-21,35.128843897051176,35.367426093373375,34.9856931230677,35.34833908081055,1294700.0
2015-12-22,35.44375937295069,36.14041873058655,35.17654856193263,36.07361602783203,1063800.0
2015-12-23,36.312204215443145,36.78936853796007,36.188140472255775,36.7130241394043,1320300.0
2015-12-24,36.74165283380335,36.84662956723305,36.43626795863051,36.7130241394043,410300.0
2015-12-28,36.53169390482564,36.66529931267808,36.44580419399559,36.58895492553711,902600.0
2015-12-29,36.87524645407953,37.085199853711295,36.74164106903157,37.02793884277344,776600.0
2015-12-30,36.93251493662937,37.104294363720975,36.6939328034993,36.75119018554688,760000.0
2015-12-31,36.61758501450471,36.961143870949385,36.44580558628237,36.646217346191406,1284500.0
2016-01-04,36.02591002948363,36.09271275022081,35.453314240172006,36.05453872680664,1629400.0
2016-01-05,36.0354364188741,36.27401850322713,35.97817904853254,36.15950012207031,1177600.0
2016-01-06,35.5773556235367,35.70141931407372,35.10973682458483,35.35786056518555,1254600.0
2016-01-07,34.661210632510624,35.13837487980892,34.479889529108014,34.50851821899414,1448200.0
2016-01-08,34.69938142844602,34.86161551005633,34.22221722539362,34.26039123535156,1651200.0
2016-01-11,34.43217577168988,34.53714885400916,33.90729215772091,34.212677001953125,1543400.0
2016-01-12,34.489428014151294,34.60394640355116,33.88820009897257,34.26039123535156,1879200.0
2016-01-13,34.3367385825512,34.52760500836372,33.46829980355479,33.57327651977539,1631500.0
2016-01-14,33.69733832021466,34.3653653117366,33.56372928143621,34.145870208740234,1496100.0
2016-01-15,33.32514751053581,33.916833766841464,33.32514751053581,33.8309440612793,1690900.0
2016-01-19,34.2794659048753,34.2794659048753,33.143816700238474,33.46828842163086,1666600.0
2016-01-20,32.8288976929746,33.17245285140803,32.52351290294009,32.704833984375,3372400.0
2016-01-21,32.65712583753206,33.220179856816216,32.63803882868644,32.809818267822266,1800200.0
2016-01-22,33.391955204190786,33.54464761577048,32.952961335484204,33.40149688720703,1018500.0
2016-01-25,33.31560212830197,33.35377613552917,32.5903141933536,32.6475715637207,1016100.0
2016-01-26,32.781178824106405,33.267888342915924,32.695289123167896,33.04839324951172,994400.0
2016-01-27,33.21062735739307,34.26993245638877,33.1629116658248,33.916831970214844,1823800.0
2016-01-28,34.260383901583,34.49896595203839,33.869109484455095,34.327186584472656,970800.0
2016-01-29,34.55624741206841,35.33879679203559,34.48944468259382,35.31970977783203,2000100.0
2016-02-01,35.11927441752257,35.49146180534013,34.88069238528332,35.291053771972656,1082100.0
2016-02-02,34.90933178887295,35.0143048463633,34.451250990398464,34.565773010253906,1342500.0
2016-02-03,34.84252845259451,34.89978946744517,33.77368165869984,34.642120361328125,1853600.0
2016-02-04,34.64212844496737,34.976145648827234,34.39400460366344,34.88071060180664,1702700.0
2016-02-05,34.832987901239605,35.06202832760429,34.49897440495159,34.6325798034668,1590400.0
2016-02-08,32.323100112157825,34.880700374827505,32.29447142668295,34.66120529174805,2427500.0
2016-02-09,34.26039428820809,34.94750832630823,34.079069544987455,34.71847152709961,1565200.0
2016-02-10,34.87115902761887,35.271975190006465,34.59440293046147,34.62303161621094,1514900.0
2016-02-11,33.764139572912015,34.19358807797431,33.5828148482891,33.916831970214844,1457300.0
2016-02-12,33.95500298353389,34.46079582238044,33.79276527794861,34.22221374511719,1768000.0
2016-02-16,34.985681763129044,34.985681763129044,34.4321731404344,34.86161804199219,1221600.0
2016-02-17,35.176534539709415,35.796845623798,35.176534539709415,35.68232727050781,1720700.0
2016-02-18,35.701419573445975,35.796850941953416,35.453295831042624,35.529640197753906,707500.0
2016-02-19,35.43421068985928,35.47238105498253,35.19562861558964,35.23379898071289,963600.0
2016-02-22,35.6250789382579,35.79685469146914,35.54873092307625,35.73959732055664,988200.0
2016-02-23,35.56782208899497,35.777775514839384,34.75664071489783,34.83298873901367,1050200.0
2016-02-24,34.394001550617034,34.57532266314865,34.15541941495594,34.52760696411133,1291500.0
2016-02-25,34.53714042480486,34.77572250366211,34.346277674097955,34.77572250366211,1491400.0
2016-02-26,34.98890987645027,35.5529389208937,34.72123631189366,35.00802993774414,1278300.0
2016-02-29,34.93155100874652,35.11318610875157,34.66387381527027,34.74991226196289,2878000.0
2016-03-01,35.113196441624034,35.75370587699353,34.988917838323154,35.61986541748047,1142400.0
2016-03-02,35.677228421599445,35.8875455134601,35.49559325385246,35.734588623046875,1409300.0
2016-03-03,35.7441496673963,36.04050526153628,35.629432902185435,36.021385192871094,1064000.0
2016-03-04,36.05004230227213,36.38463783725291,35.868407226787525,36.20299911499024,1122800.0
2016-03-07,35.85884970731013,36.01180653850918,35.6676564033952,35.74413299560547,1273300.0
2016-03-08,35.44779545095019,35.524272073935265,35.036723117912935,35.05583953857422,1232500.0
2016-03-09,35.323513938728915,35.323513938728915,34.635206154418455,34.76904296875,1365300.0
2016-03-10,34.912428846359205,35.05582381769285,34.46311657993475,34.979347229003906,1738400.0
2016-03-11,35.31395566077345,36.09786020710261,35.20880075798593,36.05962371826172,1434700.0
2016-03-14,35.90665338843398,36.10740855516329,35.017590625171394,35.97357177734375,1059500.0
2016-03-15,35.48602390010262,35.973576392455534,35.48602390010262,35.9544563293457,901800.0
2016-03-16,35.91620207769277,36.20299561798936,35.78236533533955,36.107398986816406,1062600.0
2016-03-17,36.088286083804654,37.14942567531631,35.99268943368476,37.05382537841797,1337400.0
2016-03-18,37.20678211666117,37.66565624710613,37.07294534810574,37.6369743347168,3848400.0
2016-03-21,37.46489302130664,37.72300832164569,37.34061812048925,37.60829162597656,937700.0
2016-03-22,37.47446805183297,37.8759784512626,37.35018946053268,37.52226638793945,857100.0
2016-03-23,37.49358834484761,37.58918501764501,36.91999736772529,36.93911743164063,1031700.0
2016-03-24,36.67142868041992,36.833943686392,36.50891002767005,36.67142868041992,744200.0
2016-03-28,36.61408135971046,36.81483654815721,36.57584123425991,36.680999755859375,830300.0
2016-03-29,36.59495783475435,36.69055813933601,36.31772606841434,36.58539962768555,779700.0
2016-03-30,36.872189364322445,37.11118463043642,36.74791080484523,36.85306930541992,531800.0
2016-03-31,36.79570737395816,36.90086221231798,36.39419348950332,36.575828552246094,1007900.0
2016-04-01,36.39420715710528,36.88175965369911,36.24125029767527,36.83395767211914,657200.0
2016-04-04,36.900870776462014,36.92955269065117,36.24124509856996,36.28904342651367,481800.0
2016-04-05,36.03093338012695,36.29861062019234,35.94489491845937,36.03093338012695,781900.0
2016-04-06,36.04049523518957,36.21257215852475,35.69634138851922,36.03093338012695,625500.0
2016-04-07,35.772811717867576,35.887532077813205,35.610296678112455,35.868412017822266,1359700.0
2016-04-08,36.145653837361415,36.36552909614145,36.11697191889152,36.25080871582031,1031100.0
2016-04-11,36.39419903706266,36.77659292370998,36.36552077193655,36.53759765625,999100.0
2016-04-12,36.62363398439725,37.00602420219365,36.51847548930034,36.98690414428711,1023200.0
2016-04-13,37.11118983866425,37.71345901489258,37.053829653906696,37.71345901489258,1038100.0
2016-04-14,37.71346026310149,37.91421544622907,37.57006161985093,37.77081680297852,722500.0
2016-04-15,37.74214511883107,37.83774544660615,37.52226983511782,37.61786651611328,987000.0
2016-04-18,37.43622201150466,37.76125575118346,37.08251000404731,37.703895568847656,779300.0
2016-04-19,37.87597938245526,38.210575036985375,37.73258437061039,37.990699768066406,968300.0
2016-04-20,38.02893711447655,38.32529264720775,37.80906184055834,38.19145584106445,406900.0
2016-04-21,38.08629813513389,38.23925500929991,37.35975389454019,37.417110443115234,703400.0
2016-04-22,37.5987426563344,38.12453159131206,37.493584139983085,38.105411529541016,644800.0
2016-04-25,37.90465989333608,37.96201643723033,37.58918431480068,37.9333381652832,555700.0
2016-04-26,38.11496603824429,38.43999976325203,38.11496603824429,38.32528305053711,709300.0
2016-04-27,38.37308103671892,38.71723481859096,38.37308103671892,38.46868133544922,818300.0
2016-04-28,38.10541410818433,38.392207760599945,37.92377533245709,38.0002555847168,662600.0
2016-04-29,37.9333381652832,38.08629502696663,37.617862586747805,37.9333381652832,1159400.0
2016-05-02,38.00025073438858,38.78415498609782,38.00025073438858,38.38264465332031,1105800.0
2016-05-03,38.06717140599892,38.277488438701546,37.90465635111336,38.105411529541016,855100.0
2016-05-04,37.93333860772037,38.191453998592806,37.78038174425292,38.00981521606445,737700.0
2016-05-05,38.10541954407722,38.22969814833853,37.82818406025573,37.96202087402344,592000.0
2016-05-06,37.81862222955868,38.07673762287275,37.77082024626475,37.91421890258789,922200.0
2016-05-09,37.82817877085238,38.00981390031396,37.675221912679696,37.68478012084961,926400.0
2016-05-10,37.80905648146628,38.248806966972026,37.76125814987286,38.22969055175781,1174700.0
2016-05-11,38.17233287324633,38.24880947946362,37.85685729980469,37.85685729980469,703000.0
2016-05-12,38.05761230032259,38.1914490827824,37.70389663607443,37.90465545654297,811100.0
2016-05-13,37.81861307499497,38.15320499638355,37.598737862828415,37.6369743347168,555000.0
2016-05-16,37.65610234955097,38.19145318365322,37.4840254259745,38.07673645019531,934700.0
2016-05-17,38.0576167550195,38.37308868677566,37.78993951198907,37.9333381652832,1142900.0
2016-05-18,37.82817707616006,38.621643249544455,37.82817707616006,38.52604293823242,892200.0
2016-05-19,38.24880714931085,38.52604257936482,37.99069542812014,38.134090423583984,1424000.0
2016-05-20,38.29661665345129,38.7172471616258,38.24881466545764,38.40177154541016,1366700.0
2016-05-23,38.39221147616315,38.4878081539604,38.23925460361985,38.31573486328125,514000.0
2016-05-24,38.42086935840274,38.79370495620161,38.42086935840274,38.47822952270508,892500.0
2016-05-25,38.64075681201504,38.87975210248057,38.449563497065576,38.45912170410156,1063300.0
2016-05-26,38.49737869909958,38.79373430200905,38.4113402109504,38.688575744628906,787500.0
2016-05-27,38.72016984630224,39.026560621651456,38.72016984630224,38.92124176025391,795500.0
2016-05-31,38.997821290382205,39.13186674188315,38.53823531989413,38.75845336914063,1200700.0
2016-06-01,38.452062904321735,38.90207576717659,38.29886758009992,38.72015380859375,784300.0
2016-06-02,38.691435944926944,38.86378116403295,38.47121786550596,38.82548141479492,713500.0
2016-06-03,38.45207911129934,38.672297254407816,38.164838213873765,38.54782485961914,678800.0
2016-06-06,38.61482876757772,38.72972432911113,38.31801127678036,38.4903564453125,957700.0
2016-06-07,38.624425044863365,38.681874686323496,38.43292989246251,38.45207977294922,654000.0
2016-06-08,38.61483073919793,38.9020714839296,38.59568086922059,38.81589889526367,968600.0
2016-06-09,38.59567934453212,38.700998146550624,38.33716158874687,38.39460754394531,657600.0
2016-06-10,38.09779357910156,38.35631133405163,37.95417138664128,38.09779357910156,808600.0
2016-06-13,37.99248291567919,38.27972373727901,37.96375992925877,38.02120590209961,1072100.0
2016-06-14,37.94461021297038,38.17440141022592,37.63821951498618,37.68609237670898,966100.0
2016-06-15,37.848860104448505,38.09780482453281,37.68609164724852,37.80098724365234,943300.0
2016-06-16,37.47543981516376,38.03077512562172,37.37011734921729,38.00204849243164,1039400.0
2016-06-17,37.99248679451436,38.356327153668445,37.91588728628589,38.33717727661133,1457900.0
2016-06-20,38.796763368585424,38.988258486691024,38.308450634792855,38.33717727661133,951700.0
2016-06-21,38.50950933667574,38.710577498255766,38.27014143409066,38.62440490722656,1128600.0
2016-06-22,38.729718274195385,38.98823598657752,38.46162380257864,38.53822326660156,906400.0
2016-06-23,39.0073953790321,39.21803665161133,38.93079589630194,39.21803665161133,542200.0
2016-06-24,37.46586089297468,38.29886007695863,37.39883818003712,37.69565200805664,1725400.0
2016-06-27,37.17864321950006,37.27438896805857,36.54670813013565,36.70948028564453,1252100.0
2016-06-28,37.06372655287132,37.3701171875,36.88180825495569,37.3701171875,895200.0
2016-06-29,37.78183106114103,38.222267150878906,37.69565846510844,38.222267150878906,977100.0
2016-06-30,38.26057365636325,39.3425178527832,38.212700795098336,39.3425178527832,1202700.0
2016-07-01,39.361676414198456,39.49572191630772,39.07443553075487,39.17018127441406,605800.0
2016-07-05,38.806328852277865,38.82547872557047,38.27014700994427,38.31801986694336,633600.0
2016-07-06,38.0882263430581,38.45206664313648,37.98290386257765,38.42334365844727,1319400.0
2016-07-07,38.47121651708429,38.98825215628015,38.25099844538198,38.42334365844727,923200.0
2016-07-08,38.92122375999669,39.08399218617001,38.7105788296882,39.045692443847656,761800.0
2016-07-11,39.25633253343305,39.28505551040074,38.8063197477979,38.90206909179688,797300.0
2016-07-12,39.25634451465776,39.56273520403836,39.15102203034596,39.45741271972656,727000.0
2016-07-13,39.51486234365985,39.5244354547495,39.23719464001332,39.45741271972656,639800.0
2016-07-14,40.04146192745273,40.04146192745273,39.639325609563066,39.72549819946289,1118000.0
2016-07-15,39.85954997485148,39.85954997485148,39.35208746367968,39.62018203735352,710400.0
2016-07-18,39.62018285350245,39.63933272719255,39.43826087967901,39.48613739013672,576200.0
2016-07-19,39.24677130974644,39.495712374598654,39.24677130974644,39.4765625,453200.0
2016-07-20,39.505287714264135,39.601037092658856,39.38081900104897,39.42869186401367,420900.0
2016-07-21,39.33294296264648,39.44783855497905,39.23719359198182,39.33294296264648,369800.0
2016-07-22,39.41911056489943,39.56273278973558,39.29464186600399,39.543582916259766,500300.0
2016-07-25,39.54357607833493,39.572302709813655,39.285058309812015,39.40953063964844,379900.0
2016-07-26,39.419108790440376,39.62018062665268,39.32336307983622,39.53400802612305,523300.0
2016-07-27,39.48613375875049,39.64890219144971,39.35208465524779,39.44783401489258,601800.0
2016-07-28,39.30420606389166,39.57230057929507,39.30420606389166,39.43825149536133,402000.0
2016-07-29,39.33294345043455,39.66805712075421,39.07442562513149,39.57231140136719,1135600.0
2016-08-01,39.77337448203112,39.897843170713685,38.662707478820366,38.7967529296875,949800.0
2016-08-02,38.614842224378734,38.74888770162493,38.31802463014407,38.46164321899414,826400.0
2016-08-03,38.53822984375774,38.84462044721285,38.3563115643513,38.7297248840332,717100.0
2016-08-04,38.787190237339566,38.94996238134048,38.63399485899713,38.67229461669922,613000.0
2016-08-05,38.94994672328148,39.39995956420898,38.902073871631934,39.39995956420898,584200.0
2016-08-08,39.514853279758206,39.5818759994075,39.24676240116104,39.37123107910156,765800.0
2016-08-09,39.42868024040166,39.54357580813869,39.35208076026748,39.46697998046875,504500.0
2016-08-10,39.55315390985926,39.55315390985926,39.13186405977207,39.21803665161133,386000.0
2016-08-11,39.24675024505837,39.62016346814927,39.03610538999657,39.50526428222656,579800.0
2016-08-12,39.30421260528319,39.45740793138251,39.15101727918387,39.31378936767578,553300.0
2016-08-15,39.37123954671032,39.59145762327253,39.34251656138722,39.57231140136719,472400.0
2016-08-16,39.38081900104897,39.51486447833626,39.2659197469753,39.42869186401367,406300.0
2016-08-17,39.52444809329202,39.5914708497465,39.304229943160685,39.5818977355957,608900.0
2016-08-18,39.60103673583196,39.80210494995117,39.52443723380639,39.80210494995117,545100.0
2016-08-19,39.60103366145432,39.77337887516678,39.5148610545981,39.68720626831055,889800.0
2016-08-22,39.59145300107837,39.725502106021445,39.42868456663018,39.70635223388672,477700.0
2016-08-23,39.71592712402344,39.84997258251057,39.64890439477987,39.71592712402344,760400.0
2016-08-24,39.70635223388672,39.89784365030467,39.620179635512784,39.70635223388672,512700.0
2016-08-25,39.6776278795314,39.99359530921448,39.54358241935004,39.95529556274414,617300.0
2016-08-26,40.08933504965057,40.204234271941736,39.51485354805201,39.66804885864258,683000.0
2016-08-29,39.80517676843178,40.15998344942514,39.80517676843178,40.054500579833984,732100.0
2016-08-30,40.05450048682949,40.3421787117565,39.88189282026786,40.08326721191406,776800.0
2016-08-31,40.10245384077267,40.33259865910498,39.74765075145365,40.140811920166016,1162100.0
2016-09-01,40.20793507969744,40.21752277013834,39.40243373563899,39.613399505615234,761900.0
2016-09-02,39.74764227652568,39.97778338775989,39.68051748091345,39.92024993896485,732200.0
2016-09-06,39.977793631973256,40.16958037916466,39.56545340582152,39.843544006347656,774500.0
2016-09-07,39.70928941916742,39.85313037609547,39.61339788656704,39.79559326171875,798800.0
2016-09-08,39.75723100717047,40.2271082467964,39.73805197106052,40.054500579833984,860400.0
2016-09-09,39.88190008128335,40.12163258870677,39.51750564575195,39.51750564575195,1019100.0
2016-09-12,39.22981908088613,40.140803148249205,39.14351525012484,40.03532028198242,1391400.0
2016-09-13,39.58461652594144,39.78599454141625,39.29693834986861,39.507904052734375,1376300.0
2016-09-14,39.54628079794105,39.64217234925064,38.92297474034409,39.02845764160156,884200.0
2016-09-15,39.03803100951268,39.29694249268147,38.913372770156,39.24899673461914,935600.0
2016-09-16,38.99968677699695,39.00927812682856,38.52022171020508,38.52022171020508,2386200.0
2016-09-19,38.73118465545583,38.97091717118212,38.55857695149066,38.712005615234375,873200.0
2016-09-20,38.951730642896166,38.951730642896166,38.62569433786437,38.65446472167969,622900.0
2016-09-21,38.86543094541216,39.23941305258353,38.75036037198119,39.19146728515625,1033500.0
2016-09-22,39.45996856689453,39.56544778774578,39.08598281686263,39.45996856689453,1289200.0
2016-09-23,39.24899391519456,39.344885424430906,38.472259521484375,38.472259521484375,1619800.0
2016-09-26,38.26130676269531,38.47226886586034,38.15582388209905,38.26130676269531,1705700.0
2016-09-27,38.14622918392924,38.76953506469727,38.079104385449874,38.76953506469727,1015200.0
2016-09-28,38.951737192842415,39.28736490159266,38.64487987274537,39.25859451293945,1132800.0
2016-09-29,39.306539179059975,39.63257549941472,38.99967823811372,39.09557342529297,1063800.0
2016-09-30,39.39284376361308,39.7188764321073,39.24900280913717,39.45996856689453,1261300.0
2016-10-03,39.41202957231679,39.52710382955863,39.15312163859363,39.23942184448242,772200.0
2016-10-04,39.37366632261851,39.41202074174378,38.94214709971786,39.19146728515625,651900.0
2016-10-05,39.43119154761391,39.63256958160756,39.37365810192443,39.5654411315918,782300.0
2016-10-06,39.60380450307488,39.73805410502672,39.34489298872749,39.46955490112305,966900.0
2016-10-07,39.53667066540321,39.690099269426526,39.36406302862367,39.59420776367188,869200.0
2016-10-10,39.88190208739153,40.00656402177013,39.728473421244,39.843544006347656,475300.0
2016-10-11,39.85314114990693,39.85314114990693,39.33531795461174,39.488746643066406,585600.0
2016-10-12,39.45037677021518,39.805179820384986,39.45037677021518,39.69010925292969,655800.0
2016-10-13,39.3257257083996,39.45997900851509,39.124351245268976,39.23942184448242,1022500.0
2016-10-14,39.61339458473717,39.891481469310335,39.32571269485975,39.45037460327149,1328900.0
2016-10-17,39.55585889991419,39.61339601156753,39.268180657702096,39.325714111328125,526400.0
2016-10-18,39.76681540045141,39.76681540045141,39.39283340677123,39.59420776367188,978100.0
2016-10-19,39.785997577425206,40.14080056638863,39.67092337179376,40.11203384399414,1100100.0
2016-10-20,39.94902971655888,40.09287070160002,39.63258467070786,39.70929718017578,603500.0
2016-10-21,39.37367156341959,39.37367156341959,39.06681422140793,39.12434768676758,716200.0
2016-10-24,39.287363739777305,39.39284662632151,39.172289504623066,39.21064758300781,452900.0
2016-10-25,39.201053619384766,39.36406993939216,39.08597940264496,39.201053619384766,778600.0
2016-10-26,39.057212677473565,39.42160704776206,39.057212677473565,39.201053619384766,668600.0
2016-10-27,39.42160929741704,39.42160929741704,39.10516067036461,39.325714111328125,848200.0
2016-10-28,39.402429059456935,39.65174921963573,39.18187562521452,39.33530426025391,955800.0
2016-10-31,41.27233243372709,41.88604681581539,40.629847675085344,41.26274108886719,2953200.0
2016-11-01,41.25317108992935,41.34906263148569,40.43807835458915,40.62027740478516,1368300.0
2016-11-02,40.562737372043614,40.67780794525306,39.98738084796884,40.07368469238281,1199400.0
2016-11-03,40.02573492745459,40.390125649228686,40.02573492745459,40.1312141418457,890500.0
2016-11-04,40.16958321106795,40.17917456101907,39.68053044637883,39.70929718017578,1078900.0
2016-11-07,40.0832634635729,40.26546246014265,39.92024715930181,40.11203384399414,1151800.0
2016-11-08,40.11204029155802,40.91753791229241,39.98737837776598,40.802467346191406,1635500.0
2016-11-09,41.2052202097107,41.59838133418431,40.677805822466645,41.36823654174805,1546100.0
2016-11-10,41.75181965769565,41.857302559603376,41.320300358085966,41.69428253173828,1661300.0
2016-11-11,41.57920191017329,41.71345151366854,41.2243988640748,41.62714767456055,1307500.0
2016-11-14,41.85729035537798,42.24086010917261,41.799753246196566,42.15455627441406,1608100.0
2016-11-15,42.15456264524937,42.231278802418736,41.81893860270269,42.13538360595703,1335200.0
2016-11-16,41.8764726696678,41.91483074880858,41.58879439216741,41.818939208984375,637400.0
2016-11-17,41.81893990870686,42.30799262283766,41.77099413799252,42.18333435058594,1003100.0
2016-11-18,42.09703575791329,42.192927311318606,41.905248993074366,42.05867767333984,1387300.0
2016-11-21,42.29838552016462,42.38468933105469,42.087419836205335,42.38468933105469,709800.0
2016-11-22,42.52854023855252,42.72032695302953,42.26004103310112,42.62443542480469,1517600.0
2016-11-23,42.720332722037895,42.969656581935205,42.4422421313939,42.92170715332031,914700.0
2016-11-25,42.92170646551344,42.92170646551344,42.56690337922129,42.64361953735352,419400.0
2016-11-28,42.45442654623714,42.78092534294989,42.43522030369919,42.56966400146485,795600.0
2016-11-29,42.61768095798759,42.80973973448977,42.53125469172242,42.65608978271485,756200.0
2016-11-30,42.86736724210507,43.17465990838974,42.80014720030639,42.87697219848633,1566100.0
2016-12-01,43.088223826345256,43.45313515834808,43.04021004500147,43.22266387939453,971600.0
2016-12-02,43.17466451332204,43.251489519696,42.905784317449054,43.097843170166016,1022600.0
2016-12-05,43.45314638700657,43.54917397450848,43.23228000517807,43.41473388671875,880400.0
2016-12-06,43.54917398629663,44.20217183849576,43.43394014861963,44.1157455444336,1467100.0
2016-12-07,44.11574671922447,44.65351074806711,44.05813163046052,44.6439094543457,1655700.0
2016-12-08,44.7495318437908,45.42173586648477,44.69191676338835,45.07603073120117,991800.0
2016-12-09,44.99921749325296,45.57539038016988,44.9608049906004,45.48896408081055,959600.0
2016-12-12,45.565774823058895,45.777036195082935,45.38331732418125,45.61378860473633,648300.0
2016-12-13,45.83465119003578,45.95948994278123,45.41212481725727,45.81544494628906,668800.0
2016-12-14,45.57538909427185,45.89228673738749,45.1336563158844,45.354522705078125,1376900.0
2016-12-15,45.431336313275246,45.86346402627675,45.17205748754423,45.55617141723633,639400.0
2016-12-16,45.62338959368918,45.75783330999919,45.39292197787688,45.60418701171875,1950500.0
2016-12-19,45.6714124157229,45.69061866317143,45.1816622638282,45.546573638916016,683700.0
2016-12-20,45.719421649862014,45.83465545986074,45.527362857719616,45.82505416870117,772400.0
2016-12-21,45.83465447924696,46.141947074813686,45.7002144265886,45.99790573120117,586700.0
2016-12-22,45.92108021833612,45.92108021833612,45.700213896784085,45.78664016723633,698700.0
2016-12-23,45.87308690314331,45.87308690314331,45.55618921570132,45.62340927124024,356600.0
2016-12-27,45.62339144651287,45.7002164303814,45.46014385061751,45.55617141723633,533000.0
2016-12-28,45.62338985786168,45.71942108435344,45.25848218684315,45.31609725952149,462000.0
2016-12-29,45.39291725944312,45.527357298561846,45.04721220844277,45.08562469482422,511200.0
2016-12-30,45.229669278210295,45.229669278210295,44.88396786555302,44.97039413452149,933400.0
2017-01-03,45.3545102038637,45.5945827776698,45.095231384567086,45.32570266723633,725000.0
2017-01-04,45.45054955292073,45.59459092501323,45.01841811020837,45.03762435913086,1075700.0
2017-01-05,44.90316732451708,45.0952260936716,44.53825969266145,44.6919059753418,774100.0
2017-01-06,44.76872738188894,45.12403738771891,44.65349358543355,44.8935661315918,725400.0
2017-01-09,44.653499533484535,44.76873334528959,44.44223449249458,44.45183944702149,543800.0
2017-01-10,44.45184226394903,44.72072239627212,44.25978345662523,44.62469482421875,643600.0
2017-01-11,44.57666442631658,44.72070940577142,44.269371889147855,44.58626937866211,854500.0
2017-01-12,44.44222934524868,44.461435588861214,43.99089544161149,44.3173942565918,662900.0
2017-01-13,44.34621510371519,44.76874160038975,44.19256877190467,44.26939010620117,628200.0
2017-01-17,44.03892237463327,44.23098120491531,43.78924479630136,43.86606979370117,813600.0
2017-01-18,44.02932707210443,44.471063577572366,43.86607941166281,44.42304611206055,819600.0
2017-01-19,44.413424257517605,44.46143803758511,43.73161905619581,43.8852653503418,759800.0
2017-01-20,44.13494366475819,44.365414960876166,43.990902309999306,44.20216369628906,646900.0
2017-01-23,44.15414628830408,44.22136631431922,43.80844120410241,44.10613250732422,522600.0
2017-01-24,44.32700577898384,44.999209807724746,44.27899199047747,44.883975982666016,915500.0
2017-01-25,45.10483607619887,45.24887742171348,44.78793852227659,45.22006988525391,854200.0
2017-01-26,45.143250966442345,45.31610353484723,45.066429637827525,45.27769470214844,781500.0
2017-01-27,45.306497075274486,45.32570332104203,44.75913189215837,44.84555816650391,643200.0
2017-01-30,44.711107659899184,44.77832767276716,44.096518928624015,44.57666397094727,923100.0
2017-01-31,44.586290188909146,44.77834903008532,44.1157462111884,44.7303352355957,1550500.0
2017-02-01,44.89357647101371,45.03762149717014,44.25018365747391,44.36541748046875,989200.0
2017-02-02,44.30777846616039,44.4326171875,44.06770597454642,44.4326171875,864100.0
2017-02-03,44.82635623499869,45.162456410236224,44.48065110434455,44.75913619995117,921800.0
2017-02-06,44.46144460610825,45.13364861601143,44.15415197241831,44.65350341796875,846100.0
2017-02-07,44.73991519020947,44.9799877113711,44.31738887172276,44.57666397094727,744800.0
2017-02-08,44.37501295518848,44.576673034796286,44.154146630396575,44.41342544555664,624700.0
2017-02-09,44.40382766723633,44.60548776279691,44.25018135682584,44.40382766723633,765900.0
2017-02-10,44.65349884808124,44.71111758470777,44.461440055876245,44.63429260253906,820300.0
2017-02-13,44.57667843157732,45.00880984249444,44.44223836222914,44.9511947631836,890700.0
2017-02-14,44.97039500522494,45.28728888876719,44.8167450456691,45.09523010253906,820100.0
2017-02-15,44.96079312522141,45.37371826171875,44.85516060241276,45.37371826171875,771900.0
2017-02-16,45.47935870187324,45.488959995065066,45.10484599269358,45.18166732788086,1425000.0
2017-02-17,45.04722088546143,45.13364716485899,44.72072201476143,45.11444091796875,996800.0
2017-02-21,45.1144384214289,45.46014351988853,45.10483713012361,45.24887847900391,766900.0
2017-02-22,45.0664246384688,45.34490970814093,45.0472183926414,45.24887847900391,784000.0
2017-02-23,45.34490928644956,45.5465693709367,45.14324553874562,45.53696441650391,712700.0
2017-02-24,45.34492141129482,45.46015525278333,45.1432576096677,45.354522705078125,620300.0
2017-02-27,45.41508868745391,45.47278438332077,45.20354147071838,45.27085494995117,624400.0
2017-02-28,45.17470169067383,45.376631151908455,45.10739187026228,45.17470169067383,1068700.0
2017-03-01,45.86703413878737,46.0304997927461,45.59779119681122,45.982421875,1224800.0
2017-03-02,46.040110483450846,46.040110483450846,45.395854746965966,45.43431854248047,741600.0
2017-03-03,45.49202022343248,45.95357482602823,45.35739692141255,45.847801208496094,820200.0
2017-03-06,45.68434143066406,45.86704268750517,45.482411937628754,45.68434143066406,593100.0
2017-03-07,45.64586458769735,45.74202040592634,45.45354928313004,45.62663269042969,620300.0
2017-03-08,45.80933798283303,45.89587970116271,45.42471097656441,45.443939208984375,730300.0
2017-03-09,45.501639514965,45.69395487161502,45.1939364115691,45.328556060791016,853700.0
2017-03-10,45.60740707441251,45.60740707441251,45.2035445123885,45.38624572753906,608500.0
2017-03-13,45.32855131361445,45.463170948737904,45.23239547941484,45.33816909790039,836200.0
2017-03-14,45.16508438066561,45.48240155901105,44.95353714969543,45.38624572753906,692400.0
2017-03-15,45.42469800852541,45.79971079152378,45.26122873474394,45.71316909790039,940600.0
2017-03-16,45.75164625763552,45.9151119110764,45.48240331651232,45.549713134765625,561900.0
2017-03-17,45.5977805434753,45.60739832564345,45.1843076129735,45.39585113525391,1008100.0
2017-03-20,45.30932008946698,45.39586180878239,44.95353909588584,45.07854461669922,504800.0
2017-03-21,45.29970174843056,45.30931586385342,44.54005824618631,44.68429565429688,999100.0
2017-03-22,44.50159964746627,44.62660517122603,44.241974483400654,44.453521728515625,956000.0
2017-03-23,44.42467220990239,44.96315072869128,44.318898595680345,44.55929183959961,483200.0
2017-03-24,44.540063714584925,44.69391525700744,44.03043116808098,44.27082443237305,781400.0
2017-03-27,43.70349680577962,44.213129359558486,43.51118145797868,44.15543365478516,515900.0
2017-03-28,44.02081726869394,44.7708468137985,44.02081726869394,44.70353698730469,1170900.0
2017-03-29,44.6073686751515,44.77083798447733,44.54005886193195,44.56890487670898,719500.0
2017-03-30,44.53044650203434,45.09777471304493,44.48236491803067,45.05931091308594,559800.0
2017-03-31,44.9727783203125,45.26124954230385,44.91508260866999,44.9727783203125,851000.0
2017-04-03,44.9823840827024,45.12662150096122,44.50159757931957,44.94392395019531,705500.0
2017-04-04,44.89584114228595,45.29008591759519,44.84776322687942,45.28047180175781,688000.0
2017-04-05,45.12662557119125,45.63625813694856,44.97277402295638,45.19393539428711,1295200.0
2017-04-06,45.1362472867728,45.54010996144787,45.00162761791807,45.48241424560547,800600.0
2017-04-07,45.39585201172152,45.540089402155424,45.2131544961999,45.42470169067383,835700.0
2017-04-10,45.42470219880795,45.72278742914564,45.35738872590572,45.63624572753906,647800.0
2017-04-11,45.45354682393537,45.63624433592961,45.13622603835105,45.39585113525391,471800.0
2017-04-12,45.28047890754878,45.28047890754878,44.86700216756875,44.92469787597656,989700.0
2017-04-13,44.76121971477575,44.84776142627685,44.29005102735509,44.35736083984375,883600.0
2017-04-17,44.53044305639384,44.84776021122775,44.39581976695416,44.69390869140625,1723700.0
2017-04-18,44.40544711259376,44.58814468543993,44.1362078119551,44.38621520996094,1013500.0
2017-04-19,44.62659485856657,44.69390466316502,44.02080294907122,44.11696243286133,736700.0
2017-04-20,44.26120463656998,44.37659603922643,43.953501565706006,44.29005432128906,941800.0
2017-04-21,44.25159021253415,44.44390554751363,44.12658469458099,44.18428039550781,712400.0
2017-04-24,44.80929585415761,45.27085407596251,44.79968173908688,45.24200439453125,1262600.0
2017-04-25,45.54971241051859,45.67471792876282,45.40547866003056,45.52086639404297,850500.0
2017-04-26,45.49201307766537,46.08818722052565,45.30931188767722,45.62663269042969,820400.0
2017-04-27,45.6266410936817,45.69395091246059,45.32855213329658,45.5112533569336,619800.0
2017-04-28,45.41508943718948,45.58817285953779,44.8189152424951,44.82852935791016,1253600.0
2017-05-01,44.93430703475902,45.540099067804725,44.76122359674597,45.40547943115234,846500.0
2017-05-02,45.44393382400244,45.58817122683016,45.20354059802926,45.24200439453125,997300.0
2017-05-03,45.07854276911915,45.2804722165422,44.94392313750379,45.20354461669922,812900.0
2017-05-04,45.3958481227572,45.626627194059246,44.83813784161632,44.95352554321289,1104800.0
2017-05-05,45.04969308512311,45.20354461669922,44.85738142173536,45.20354461669922,705700.0
2017-05-08,45.26124280271167,45.26124280271167,44.90546180417001,44.96315383911133,776000.0
2017-05-09,44.91507390105576,45.05931131814365,44.46313708585948,44.54967880249024,866300.0
2017-05-10,44.43429802060179,44.7035410189696,44.43429802060179,44.665077209472656,684500.0
2017-05-11,44.51121557435091,44.59775729209412,44.116970786434095,44.14581680297852,1262700.0
2017-05-12,44.04966468847902,44.21313035351308,43.86696345331124,44.001583099365234,617900.0
2017-05-15,44.08812012679112,44.42467287417638,44.08812012679112,44.29966735839844,554900.0
2017-05-16,44.30929564445378,44.61699878075326,44.27083183538867,44.5977668762207,1140300.0
2017-05-17,44.59775786197923,44.59775786197923,44.04004374759418,44.06889343261719,1066700.0
2017-05-18,44.05928370318759,44.645843941721004,44.01120577683958,44.28044509887695,898200.0
2017-05-19,44.35736678743674,44.37659868902784,44.07850971653088,44.15543365478516,1050900.0
2017-05-22,44.39581945019289,44.626598562333335,44.3573593215941,44.588134765625,652900.0
2017-05-23,44.57851726816622,45.06891780060555,44.50158968058634,44.98237609863281,702900.0
2017-05-24,45.03047200232195,45.126627849281554,44.69391920174247,44.70353698730469,860600.0
2017-05-25,44.83813784161632,45.02083534148664,44.62659066526517,44.95352554321289,710900.0
2017-05-26,44.91790639489443,45.158623998997705,44.86975993562646,45.13936614990234,614400.0
2017-05-30,44.98530703019862,45.19713602412928,44.83124791049489,45.13936614990234,762500.0
2017-05-31,45.14900959057948,45.46675870615071,44.985323323571606,45.40898513793945,1416100.0
2017-06-01,45.59193653149963,46.03485994563074,45.38010742706585,45.90005493164063,939100.0
2017-06-02,45.78450277930484,45.87116129249965,45.47638443751448,45.54378509521485,1053200.0
2017-06-05,45.40897495380213,45.64006550175868,45.36083216095359,45.38971710205078,655800.0
2017-06-06,45.20677818984826,45.20677818984826,44.88902910920269,45.02383041381836,957700.0
2017-06-07,45.12011083947178,45.139368689650674,44.86013537164573,44.92753601074219,686100.0
2017-06-08,44.9275296847041,45.14898942098964,44.88901398976952,44.96604537963867,1125600.0
2017-06-09,45.09123708849867,45.7171008458312,45.04309061457595,45.70747375488281,1015800.0
2017-06-12,45.71709317790499,45.96744157729638,45.70746608857131,45.88078308105469,909600.0
2017-06-13,45.90003718804854,46.12150064603343,45.79412451330489,45.9963264465332,619600.0
2017-06-14,45.938542714909005,46.02520119181836,45.57265463289957,45.89039993286133,884000.0
2017-06-15,45.7556061761983,46.40072764214364,45.70746338625691,46.265926361083984,1052900.0
2017-06-16,46.5933101305797,46.5933101305797,46.111874805943735,46.35259246826172,1576700.0
2017-06-19,46.40072774588948,46.5259019384645,46.09260948190437,46.20815658569336,714600.0
2017-06-20,46.082990056282426,46.082990056282426,45.58229687578124,45.7459831237793,763600.0
2017-06-21,45.86153056074821,45.86153056074821,44.96606055317192,45.08160400390625,897300.0
2017-06-22,44.95641082596372,45.06232714156717,44.65792339805417,44.67718124389648,731500.0
2017-06-23,44.70608520597489,44.98531857996069,44.45573677651862,44.56165313720703,1108200.0
2017-06-26,44.69645058488931,44.9949417871535,44.5327643492688,44.87939834594727,779900.0
2017-06-27,44.97568514334397,45.12974429344536,44.84088384613775,44.8890266418457,848000.0
2017-06-28,45.17788197906086,45.476373155583495,45.17788197906086,45.22602844238281,924300.0
2017-06-29,45.717095990670416,45.72672675365628,44.99494303524544,45.09123229980469,1029600.0
2017-06-30,45.33195505670258,45.37046709380347,44.74460333245566,45.07197952270508,1033600.0
2017-07-03,45.37046178766212,46.227416036694656,45.37046178766212,45.64006805419922,865500.0
2017-07-05,45.659310697164855,45.72671500156288,45.16824842982873,45.26453399658203,960000.0
2017-07-06,45.2645391433815,45.44748688329732,44.985309498823575,45.0430793762207,886100.0
2017-07-07,45.22602072091513,45.55339678109024,45.02381515944018,45.45710754394531,781900.0
2017-07-10,45.27417500907533,45.61117824208256,45.19714359978239,45.39934921264648,635900.0
2017-07-11,45.486010348142685,45.486010348142685,44.946801471016414,45.158634185791016,615200.0
2017-07-12,45.09123100623244,45.25491724169755,44.96605680242633,45.05271530151367,551400.0
2017-07-13,44.95643230074704,45.2260385982664,44.93717444570564,45.1875228881836,507100.0
2017-07-14,45.06233980271684,45.4956322732646,44.87939572540091,45.20677185058594,450700.0
2017-07-17,45.062342306579495,45.47637694887967,44.90828316105337,45.39934921264648,502100.0
2017-07-18,45.2741673941686,45.534142847215975,45.22602460798779,45.48600006103516,802400.0
2017-07-19,45.54377103358674,46.18889613775709,45.50525533448956,46.13112258911133,806600.0
2017-07-20,46.13113150538502,46.36222207157426,45.928929555631896,46.02521514892578,968700.0
2017-07-21,45.86152888044685,46.19853212984971,45.803755320666376,46.11187362670898,530100.0
2017-07-24,46.14075222033889,46.29481502521854,46.13112513156363,46.23704147338867,587000.0
2017-07-25,46.65107340577573,46.78587467926196,46.52589922051313,46.67995834350586,589000.0
2017-07-26,46.72810885929639,46.72810885929639,46.23704647136926,46.33333206176758,470200.0
2017-07-27,46.30444711926005,46.40073270965837,46.09261441271197,46.33333206176758,632400.0
2017-07-28,46.37185023821106,46.59331004637618,46.18890613748162,46.46813583374024,537300.0
2017-07-31,45.977058373174245,47.15176135410852,45.34156410069775,46.87252807617188,1080000.0
2017-08-01,46.98807896813487,47.44062927179853,46.58367512720433,47.36359786987305,1118200.0
2017-08-02,47.25770301495314,47.62359129283746,47.15178663391159,47.29621505737305,1135500.0
2017-08-03,47.42137028487227,47.73911930061095,47.11325203067317,47.15176773071289,1296800.0
2017-08-04,47.33471424139548,47.42137273443154,47.1517701663458,47.31545639038086,937100.0
2017-08-07,47.334725785913854,47.37324149733674,47.1421509018598,47.19992446899414,692200.0
2017-08-08,47.1132519398586,47.36359664351556,47.03622053992765,47.12287902832031,792000.0
2017-08-09,46.93994132922102,47.05548477172852,46.71848153397342,47.05548477172852,1043600.0
2017-08-10,46.81476477678048,47.02659747164027,46.67033639915213,46.77625274658203,693600.0
2017-08-11,46.718477944287656,46.814763526802345,46.39110182145438,46.477760314941406,527000.0
2017-08-14,46.76662700179543,46.96882895600499,46.62219493561144,46.64145278930664,715900.0
2017-08-15,46.814768558539335,46.95920062089472,46.56442381325792,46.57405090332031,354000.0
2017-08-16,46.69921373493121,46.80513006511226,46.48738107456913,46.51626968383789,714700.0
2017-08-17,46.37184804051331,46.64145063366576,45.65932217896203,45.66895294189453,828200.0
2017-08-18,45.54378253575234,46.08299144011328,45.50526682692796,45.81338882446289,793600.0
2017-08-21,45.8230121464788,45.8230121464788,45.563036642885805,45.64006805419922,685600.0
2017-08-22,45.73635095821409,46.01558429823013,45.72672386889545,45.9963264465332,626700.0
2017-08-23,45.73634599086096,46.03483715015527,45.71708814125559,45.72671890258789,603300.0
2017-08-24,45.81337221179332,45.85188423359247,45.45710754394531,45.45710754394531,722200.0
2017-08-25,45.57266603909529,45.84226862448709,45.43786107333965,45.71709442138672,1045200.0
2017-08-28,45.76819689270243,45.76819689270243,45.07400778832644,45.218631744384766,613300.0
2017-08-29,44.881179231637645,45.006519754387625,44.70763194719619,44.94866943359375,639600.0
2017-08-30,44.93902955243152,45.14150015829983,44.9197461121669,44.94866943359375,447600.0
2017-08-31,45.02580362368556,45.13186070718149,44.77512257579696,44.91010665893555,904300.0
2017-09-01,45.00652124559194,45.3632557074568,44.90046415959259,45.228275299072266,769800.0
2017-09-05,45.03544178403406,45.0836485443428,44.04236854550192,44.19663238525391,1669900.0
2017-09-06,44.360540983374456,44.79440922973739,44.17735380288364,44.51480484008789,908200.0
2017-09-07,44.5051620633338,44.5051620633338,43.45423845847373,43.50244522094727,928000.0
2017-09-08,43.40602875657939,44.52444248875239,43.3963851979736,44.32197189331055,1175000.0
2017-09-11,44.81369575380288,45.41146777993896,44.74620554172013,45.05473327636719,882400.0
2017-09-12,45.12220326754954,45.32467381306338,45.01614621667876,45.199337005615234,1164600.0
2017-09-13,45.13185975462436,45.65249792398089,44.96795235324277,45.46931076049805,1184700.0
2017-09-14,45.42109975847886,45.662137219580586,45.25719237240101,45.527156829833984,890600.0
2017-09-15,45.36324354102098,45.79711165013644,45.30539691176512,45.78747177124024,1298300.0
2017-09-18,45.88389659856575,45.94174692004147,45.65249899060306,45.797122955322266,890600.0
2017-09-19,45.79713276978625,46.07673719992868,45.7007192246052,45.98031997680664,888000.0
2017-09-20,46.09601226191847,46.15385890733119,45.78748455991619,46.07672882080078,765500.0
2017-09-21,46.10564126014008,46.32739526373728,45.98030076143228,45.99958419799805,702000.0
2017-09-22,45.92246260882745,45.9513859300468,45.76819876575735,45.90317916870117,665800.0
2017-09-25,45.91282141027064,46.13457546621351,45.78748455991619,46.07672882080078,639800.0
2017-09-26,46.04778967920964,46.32739398478518,45.88388598983462,46.16349029541016,637200.0
2017-09-27,46.41417173106892,46.41417173106892,45.94174037907048,46.12492752075195,650700.0
2017-09-28,46.10564408300553,46.20205759379796,45.75854955944931,46.12492752075195,615800.0
2017-09-29,46.02852147751497,46.25027553066614,45.999594477232456,46.14421844482422,802300.0
2017-10-02,46.14421248840765,46.41417326992873,45.93209834410406,46.39488983154297,648400.0
2017-10-03,46.43345077451799,46.66484832763672,46.29847040100678,46.66484832763672,448000.0
2017-10-04,46.597364616673296,46.97338247455079,46.55879773947052,46.799835205078125,672800.0
2017-10-05,46.81912716397454,47.28191874080866,46.73235351344687,47.14693832397461,492900.0
2017-10-06,47.18548598092208,47.26261972394631,46.84803505003929,47.166202545166016,570900.0
2017-10-09,47.21443133573565,47.243354661648695,46.72271272756964,46.819129943847656,376900.0
2017-10-10,46.828755257240296,47.21441664648469,46.828755257240296,47.19513320922852,597700.0
2017-10-11,47.06015481823087,47.06015481823087,46.73234372688016,46.954097747802734,458000.0
2017-10-12,46.87697030982407,47.14693480126154,46.74198990307545,47.10836791992188,821500.0
2017-10-13,47.17586194886589,47.45546634434176,47.03123797108444,47.09872817993164,458200.0
2017-10-16,47.13728204785398,47.34939617590919,46.92516791979876,47.30118942260742,811000.0
2017-10-17,47.31083629333699,47.33011973309517,46.78055457277736,46.91553497314453,550000.0
2017-10-18,46.992676083113935,47.09872950146345,46.81912877608288,46.94446563720703,594200.0
2017-10-19,46.85768207919975,47.22406005859375,46.79019188272452,47.22406005859375,709600.0
2017-10-20,47.52294385936515,47.542227296447926,47.108359156934334,47.24333953857422,601000.0
2017-10-23,47.37832235157553,47.37832235157553,46.88660755351933,46.954097747802734,634400.0
2017-10-24,46.95410301367247,47.069799977142246,46.655215206940376,46.77091217041016,833900.0
2017-10-25,46.69378426124841,46.87697143509889,46.3081227944744,46.52023696899414,743600.0
2017-10-26,46.7034231258881,46.77091332941292,46.44310219317512,46.63593292236328,842900.0
2017-10-27,46.52021642340514,46.5877065985926,46.009218331860446,46.23097229003906,1158800.0
2017-10-30,46.77090465152339,47.73505444063526,46.39488682224009,47.68684768676758,2230400.0
2017-10-31,47.53258724342295,47.79290814632407,47.281909898744,47.73505783081055,3330200.0
2017-11-01,47.82182367893657,47.96644760520333,47.64827643859216,47.76397705078125,2416900.0
2017-11-02,47.831478987111375,48.14000667287143,47.55187462253503,47.72542190551758,1238900.0
2017-11-03,47.53259790136311,47.93754284487642,47.0505228644772,47.831485748291016,901300.0
2017-11-06,47.71577298416842,47.99537361783128,47.71577298416842,47.89896011352539,1579200.0
2017-11-07,47.94717609156153,48.19785713569539,47.60008152457012,47.715782165527344,888300.0
2017-11-08,47.715773828247904,47.8989609608454,47.65792351787736,47.802547454833984,800200.0
2017-11-09,47.54221316655121,47.82181372630324,47.38794939367688,47.571136474609375,1305500.0
2017-11-10,47.58079400071431,47.79290814632407,47.45545716734475,47.73505783081055,873900.0
2017-11-13,47.5904459071663,48.16893445201964,47.53259558150478,48.101444244384766,1182900.0
2017-11-14,47.83147161185647,48.16892256676783,47.59043416465134,48.14963912963867,1083300.0
2017-11-15,47.90860366821289,48.00502085785511,47.68684964894536,47.90860366821289,1194000.0
2017-11-16,48.00502489397602,48.03394821433061,47.41689286049909,47.43617630004883,981100.0
2017-11-17,47.27228015844783,47.58080790882452,47.20478994292424,47.45547103881836,1027100.0
2017-11-20,47.41688016860287,47.63863414715878,47.2626163714362,47.58078384399414,717000.0
2017-11-21,47.68685221537625,47.99537988295639,47.59043869848493,47.60972213745117,902000.0
2017-11-22,47.64828166257358,47.94716942658886,47.54222827334845,47.59043502807617,831100.0
2017-11-24,47.77361450993725,47.94716174149214,47.52293721876853,47.58078384399414,356100.0
2017-11-27,47.66756269521931,47.976090323439024,47.60971606364027,47.879676818847656,789500.0
2017-11-28,47.94050060193221,48.38457201662833,47.88257680247162,48.37491989135742,1132700.0
2017-11-29,48.44249170187668,48.934831066336486,48.38456790733554,48.58729934692383,1044400.0
2017-11-30,48.78037945749879,48.90587919202757,48.34596381490503,48.53903579711914,1447800.0
2017-12-01,48.71278507736267,48.84793688676896,47.69914282420487,48.74174880981445,1001700.0
2017-12-04,48.9638047229636,49.25341638910992,48.8286528576028,48.8962287902832,1281800.0
2017-12-05,48.93483522236304,49.012066954977165,48.365264083474806,48.37491989135742,869000.0
2017-12-06,48.33630960114045,48.46180933981024,48.19150192708976,48.23011779785156,557700.0
2017-12-07,48.14323137335872,48.37492290301372,48.046695384192766,48.25907897949219,830700.0
2017-12-08,48.39423260575712,48.39423260575712,48.00808126975897,48.11427307128906,1130200.0
2017-12-11,48.11426594916413,48.47145348839181,48.11426594916413,48.316993713378906,1551000.0
2017-12-12,48.278380719816006,48.74176375502102,48.278380719816006,48.5776481628418,1077700.0
2017-12-13,48.519719522996,48.64521923595438,48.14322406673224,48.17218780517578,975900.0
2017-12-14,48.278381305204974,48.432841091275606,47.67985009450777,47.73777389526367,1124500.0
2017-12-15,47.99842565249062,48.355613218611936,47.87292592502731,48.02738571166992,2258100.0
2017-12-18,48.1625325003046,48.57764382374684,48.03703278603775,48.24941635131836,998800.0
2017-12-19,48.423195087428496,48.4811188955071,47.91154767187701,47.921199798583984,1078400.0
2017-12-20,48.085307755504736,48.22045960355182,47.75708026055682,47.795692443847656,1006700.0
2017-12-21,47.89222656884568,48.23976195654495,47.89222656884568,48.06599426269531,661100.0
2017-12-22,48.21080587449701,48.26872967584829,47.82465824665732,47.94050216674805,808800.0
2017-12-26,48.075650077447925,48.28803364903769,48.075650077447925,48.19149398803711,512300.0
2017-12-27,48.14322662923863,48.30734221378283,48.13357450431795,48.26872634887695,676600.0
2017-12-28,48.42319282281854,48.45215288419734,48.21080921907512,48.40388488769531,821900.0
2017-12-29,48.46179929122243,48.558335265498,48.26872366005991,48.29768371582031,989600.0
2018-01-02,48.50041608809133,48.51006821266024,47.95980504694644,48.16253280639648,1104900.0
2018-01-03,48.18185809395305,48.82866115140102,48.18185809395305,48.722469329833984,1111500.0
2018-01-04,48.84795092507012,49.25341015242361,48.732107009802704,48.96379852294922,1159700.0
2018-01-05,49.09895149771044,49.17617954879006,48.78037612015112,48.86725997924805,1089200.0
2018-01-08,48.74175994684186,48.99275569557359,48.62591235578588,48.828643798828125,1166200.0
2018-01-09,49.05069188888989,49.56233932290166,49.01207601544422,49.35961151123047,1231500.0
2018-01-10,49.36926411949065,49.755415492486414,49.36926411949065,49.43684005737305,945700.0
2018-01-11,49.65886831669646,49.890559842064825,49.57198445500981,49.726444244384766,1557800.0
2018-01-12,49.90020296655339,50.98142497975464,49.65885935902633,50.95246124267578,2419000.0
2018-01-16,51.02004734177868,51.14554707387364,50.151212390828505,50.38290023803711,1463000.0
2018-01-17,50.633896997011306,50.65320493034912,50.42151341290715,50.537357330322266,1131700.0
2018-01-18,50.50839758412305,50.96212481383947,50.43116953290573,50.701473236083984,938700.0
2018-01-19,50.77870974041458,50.8559414871004,50.62424992965531,50.69182586669922,1224000.0
2018-01-22,50.79799973946666,50.97176742553711,50.64353998324971,50.97176742553711,850200.0
2018-01-23,50.78835031012475,51.097269838946566,50.691810655735885,51.06830978393555,833600.0
2018-01-24,51.12624039807248,51.5123917297419,51.02004859773278,51.20347213745117,1104700.0
2018-01-25,51.21311077235092,51.45445437041347,51.039343087137006,51.30965042114258,827300.0
2018-01-26,51.45447268468448,51.637896241369326,51.28070493762113,51.60893249511719,768900.0
2018-01-29,51.60892148252378,51.73442120253691,51.27104187011719,51.27104187011719,950200.0
2018-01-30,51.00073789854396,51.33861750908464,50.189823150634766,50.189823150634766,1752400.0
2018-01-31,50.1705223805448,50.4311739812916,49.82298691288239,49.861602783203125,1924900.0
2018-02-01,49.78435723132888,50.01604870636506,49.48508984328444,49.80366516113281,1832100.0
2018-02-02,49.678176223815925,49.8615997553951,49.05068494096237,49.06033706665039,1320600.0
2018-02-05,48.67418535864906,49.07964460389375,46.51174832605016,46.52140045166016,2142500.0
2018-02-06,45.72978535699856,46.550355825588056,44.99610241633884,46.1545524597168,3454200.0
2018-02-07,45.951839385375,46.96548587981261,45.951839385375,46.20283889770508,2184800.0
2018-02-08,46.23177914477398,46.241434950977286,44.42653005891689,44.45549011230469,2111500.0
2018-02-09,44.90922215958186,45.44017739779554,43.9438476600619,45.1119499206543,2000900.0
2018-02-12,45.55602582366096,46.46348030005864,45.36295385070231,45.85529327392578,1895400.0
2018-02-13,45.6332550775162,46.56001375472556,45.507755355827975,46.42486190795898,1602200.0
2018-02-14,46.20282970365625,47.19716437954287,46.12559796673477,47.1778564453125,1158400.0
2018-02-15,47.41919400580156,48.17218861357683,47.35161808598488,48.16253280639648,1680700.0
2018-02-16,47.94050327084087,48.79968608964047,47.94050327084087,48.34596252441406,1750500.0
2018-02-20,48.14322487464723,48.57764413247692,47.99842091044496,48.16253280639648,1572400.0
2018-02-21,48.16253756465573,48.69349285107645,47.99842565249062,48.02738571166992,1304000.0
2018-02-22,48.1528795294817,48.57764296996604,47.863267925396414,47.882572174072266,1646200.0
2018-02-23,48.10461872817356,48.635574028743015,48.08531079400225,48.59695816040039,1248500.0
2018-02-26,48.73210986923669,48.98310933009085,48.57765007894639,48.97345352172852,1466500.0
2018-02-27,48.91835115226479,49.53695843348371,48.502723693847656,48.502723693847656,1291800.0
2018-02-28,48.76370373964264,48.85069562687652,47.66180895947394,47.6811408996582,1205200.0
2018-03-01,47.69080388888612,47.91311566491783,46.73389315213267,47.023868560791016,1550200.0
2018-03-02,46.80155899143127,47.27518235631963,46.57924718740317,47.18819046020508,1450700.0
2018-03-05,46.859556112034575,48.783042007159565,46.859556112034575,48.68638229370117,1926900.0
2018-03-06,48.8120218742294,49.24698122242783,48.43505833485404,49.1793212890625,2546000.0
2018-03-07,48.75403253684975,49.48863146402409,48.75403253684975,49.23731994628906,1616300.0
2018-03-08,49.43064670228031,49.62396244672766,49.06334715654948,49.546634674072266,1730200.0
2018-03-09,49.778601451768125,50.01058102264491,49.44030175172927,49.991249084472656,1889000.0
2018-03-12,50.01058833556037,50.25223206726309,49.546629125963285,49.788272857666016,1185000.0
2018-03-13,50.049241746400654,50.1652333766731,49.48863028217807,49.52729415893555,1516100.0
2018-03-14,49.73027997612756,49.89459594136985,49.208328638550825,49.25665664672852,2298700.0
2018-03-15,49.35331157933153,49.77860317224961,49.1889919427832,49.23731994628906,1915000.0
2018-03-16,49.02467862957451,49.71094590295455,49.02467862957451,49.44997024536133,3027400.0
2018-03-19,49.43063617270259,49.72060788400906,48.9956767621477,49.28565216064453,2140300.0
2018-03-20,49.48863241272238,50.02024783585865,49.48863241272238,49.69161224365234,2126400.0
2018-03-21,49.77859727097194,50.31021262089386,49.75926533442334,49.8655891418457,1172900.0
2018-03-22,49.35330568350066,49.720601416019726,48.5413827851487,48.56071472167969,1584900.0
2018-03-23,48.57040291272778,48.57040291272778,47.35251980534015,47.42984390258789,1561100.0
2018-03-26,48.019441039946365,48.512392613635946,47.57481747352978,48.444732666015625,1345700.0
2018-03-27,48.29007912738077,48.48339483684571,47.27517626167791,47.45882415771485,2026800.0
2018-03-28,47.44915680925397,48.0194360854937,47.36216493026179,47.78745651245117,1599400.0
2018-03-29,48.0194477123301,48.46407134052788,47.97111969834184,48.06777572631836,1470100.0
2018-04-02,48.01943948980048,48.34807509071485,46.337597605782165,47.023868560791016,1772000.0
2018-04-03,47.188184519892815,47.913115667192095,47.149520640444464,47.81645965576172,1503900.0
2018-04-04,47.12053799608064,48.3577529933072,47.12053799608064,48.2610969543457,1428900.0
2018-04-05,48.52206895443842,49.09234838973544,48.4254092357153,48.82170486450195,1158500.0
2018-04-06,48.49306066333048,48.88935990958328,47.45882582170009,47.729469299316406,1834400.0
2018-04-09,47.96143967025966,48.74436657139188,47.77779178899218,47.97110748291016,1552000.0
2018-04-10,48.599366592466026,49.04399368222565,48.512374736555365,48.74435424804688,1627200.0
2018-04-11,48.20309098527191,48.628386316555485,48.16443079012949,48.40607452392578,1111500.0
2018-04-12,48.66704497204352,49.13100417098224,48.66704497204352,48.8506965637207,1150700.0
2018-04-13,49.21797370685772,49.22764151706404,48.64769826911914,48.74435424804688,1168700.0
2018-04-16,49.16967519085968,49.51764282308235,49.09235109880545,49.31466293334961,1140700.0
2018-04-17,49.53696232216031,49.58529032845114,49.11167070473425,49.295318603515625,1135600.0
2018-04-18,49.4499828598381,49.80761462087075,49.24700297010536,49.31466293334961,1153400.0
2018-04-19,49.33399134921941,49.95259879016905,49.33399134921941,49.79794692993164,1119900.0
2018-04-20,49.95258770716951,50.18456360246145,49.76893981613086,49.84626388549805,1536900.0
2018-04-23,50.00091610767031,50.11690405623546,49.72060851871332,49.89459228515625,1189400.0
2018-04-24,49.749603864442015,50.25222317995634,49.3726402996038,49.56595230102539,1761500.0
2018-04-25,49.56596823353989,50.029923823028014,49.25666450721446,49.81727981567383,1058900.0
2018-04-26,49.81726058058356,50.223220181942686,49.64327684080398,49.9719123840332,1112900.0
2018-04-27,49.86560038770667,50.11690824513452,49.74961242944695,50.0202522277832,1390700.0
2018-04-30,50.107248424365736,51.26713916821316,50.107248424365736,50.70652389526367,1787600.0
2018-05-01,50.53253155291582,50.76451113732772,50.19423183313847,50.68718338012695,958100.0
2018-05-02,50.50354343487168,50.532539504789625,49.31465663475293,49.38231658935547,1382800.0
2018-05-03,49.07301511142639,49.12134312587801,48.12577201684808,48.75404357910156,1475200.0
2018-05-04,48.5413956841027,49.48863870269352,48.406075779617,49.26632690429688,1169200.0
2018-05-07,49.304992025643465,49.66262745144179,49.16967210764031,49.48864364624024,772500.0
2018-05-08,49.55629922924322,49.77861103021623,49.169667765782656,49.51763534545898,1247400.0
2018-05-09,49.79793777114889,49.96225372928417,49.488634107560856,49.88492965698242,828700.0
2018-05-10,49.9912479635947,50.18455996660245,49.70127258470286,50.12656784057617,1056700.0
2018-05-11,50.17489355942778,50.41653723938788,49.93324987946768,49.96224594116211,973700.0
2018-05-14,50.0879180210866,50.10724996425045,49.46931058860801,49.546634674072266,1269100.0
2018-05-15,49.44030307149856,49.74960671613075,49.42097113281026,49.62395095825195,1288800.0
2018-05-16,49.58529281616211,49.75927659729035,49.31465301760294,49.58529281616211,726600.0
2018-05-17,49.56596597336864,49.88493750064195,49.4596421309442,49.73028564453125,722200.0
2018-05-18,49.71094339056295,49.71094339056295,49.40163974249737,49.59495544433594,1543300.0
2018-05-21,49.78828203755528,49.93326977818584,49.57563802173959,49.701290130615234,837800.0
2018-05-22,49.72061039266424,49.9429221721223,49.49829861320619,49.575626373291016,868600.0
2018-05-23,49.40164376738712,49.449971774986594,48.77336860702204,49.005348205566406,877200.0
2018-05-24,48.90869297654214,48.91836079126067,48.32874945792345,48.46406936645508,831100.0
2018-05-25,48.26109146946252,48.35774749743904,47.845463912219465,48.06777572631836,916300.0
2018-05-29,47.548067248566575,47.548067248566575,46.25121367675405,46.44477462768555,1437400.0
2018-05-30,46.84157736122851,47.30612147243056,46.58027060645203,47.2093391418457,1448800.0
2018-05-31,47.06416612511303,47.41257509403319,46.65768776408351,47.29643630981445,3070500.0
2018-06-01,47.7996881182162,47.82872096519005,47.33514410729661,47.59645080566406,1369400.0
2018-06-04,48.18682051510984,48.23520983460828,47.828731428710846,48.041648864746094,1682800.0
2018-06-05,48.02227783203125,48.099703673238,47.58676670491153,48.02227783203125,1585300.0
2018-06-06,48.157769745401446,48.31261773717956,47.9642125245793,48.11906051635742,1112400.0
2018-06-07,48.19648543317798,48.58360728078084,48.16745258676141,48.51586151123047,1172300.0
2018-06-08,48.45778381411325,48.81586906200627,48.39971443937374,48.796512603759766,1003300.0
2018-06-11,48.93200811455176,48.999753872900655,48.40939481426004,48.419071197509766,890300.0
2018-06-12,48.41906656266209,48.50616877103964,48.01259205147792,48.17711639404297,1168800.0
2018-06-13,48.25455994262606,48.69974753034202,48.18681416588093,48.21584701538086,2161700.0
2018-06-14,48.33197230038191,48.41907452307965,47.80936265606272,48.01259994506836,1845600.0
2018-06-15,47.886790170847775,48.312621256288445,47.47063547040611,48.28358840942383,3376100.0
2018-06-18,47.84807588473946,48.34165641858987,47.77065373134905,48.32229995727539,1763800.0
2018-06-19,47.91582102352748,48.206164247560416,47.83839887115483,48.12873840332031,1750800.0
2018-06-20,48.27390599262,48.34165175475104,47.58676460378539,47.60612106323242,922500.0
2018-06-21,47.40289416215978,47.45128347544522,46.9189936455695,47.00609588623047,1042100.0
2018-06-22,47.31578870785915,47.577095412094366,47.18997354836788,47.19965362548828,1269300.0
2018-06-25,47.20934399451684,47.441617919927616,46.93836082476159,47.28676986694336,985000.0
2018-06-26,47.27707459227012,47.32546759291776,47.00609150960788,47.07383728027344,907400.0
2018-06-27,46.98673409421707,47.34481940216375,46.52219009399414,46.52219009399414,1029700.0
2018-06-28,46.45445185194899,46.86092653355684,46.05765355672165,46.73511505126953,1471500.0
2018-06-29,46.98674007522202,47.470640598534025,46.715756963565056,46.725433349609375,1331600.0
2018-07-02,46.54155409684611,46.783504366908346,46.45445185194899,46.73511505126953,1014900.0
2018-07-03,46.87060429146208,47.09319808587559,46.715756273962775,46.74478912353516,664000.0
2018-07-05,46.95770828328397,47.17062569973651,46.70607793804584,46.802860260009766,1583800.0
2018-07-06,46.86091846859305,47.56741638442743,46.65768116276713,47.32546615600586,1034200.0
2018-07-09,47.5674175962734,48.50618199599551,47.5674175962734,48.44811630249024,1056500.0
2018-07-10,48.50618532299041,48.62232410170201,47.993251971884966,48.30294799804688,1282700.0
2018-07-11,48.11905755173412,48.2642254584069,47.838394430219445,47.93517303466797,692400.0
2018-07-12,48.22552037307316,48.39972113766642,47.615804775460745,47.770652770996094,1092300.0
2018-07-13,47.61580975593528,48.00292793933135,47.470638129744366,47.8964729309082,679800.0
2018-07-16,47.896473103835845,48.29327136607344,47.886793026392,48.20616912841797,637200.0
2018-07-17,48.273914532564,48.273914532564,48.01260782160307,48.1093864440918,662800.0
2018-07-18,48.04163001068397,48.60295623380353,48.03195362732917,48.56424331665039,847600.0
2018-07-19,48.322307522992105,48.45779908153956,47.69323535331542,47.7996940612793,844500.0
2018-07-20,47.7996840763628,48.06099075263463,47.52870101587377,48.02227783203125,909400.0
2018-07-23,48.022281712039465,48.3803707187519,47.90614663271339,48.28358840942383,946400.0
2018-07-24,48.29328039804496,48.57393993465327,48.25456746476501,48.42877197265625,1300000.0
2018-07-25,48.41907461796625,48.50617684083468,48.01260003915839,48.27390670776367,1167500.0
2018-07-26,48.48682497294635,48.63199658876431,48.26423120272835,48.51586151123047,1388600.0
2018-07-27,48.49651007758339,48.7384603344527,48.11906826756613,48.167457580566406,1110700.0
2018-07-30,48.041642534645405,48.72878037984195,48.01260968514548,48.21584701538086,2331700.0
2018-07-31,48.55455753871039,49.193309521115,48.34164390310874,49.14491653442383,1692900.0
2018-08-01,49.27074712778185,50.141769475633055,49.22235781776072,49.92885208129883,1768900.0
2018-08-02,49.53204128182689,49.754635005018,49.24170180339791,49.32880401611328,1644100.0
2018-08-03,49.17395577752826,49.49332809448242,48.86425984332622,49.49332809448242,983500.0
2018-08-06,49.503024446465375,49.57077022360627,49.24171772383567,49.30946350097656,770700.0
2018-08-07,49.38688761935188,49.58044857250406,49.13526096456172,49.203006744384766,785300.0
2018-08-08,49.202997231946576,49.290099459432135,48.91265770428383,49.09653854370117,738000.0
2018-08-09,49.05783598625988,49.14493823214688,48.68039415137229,48.70943069458008,652500.0
2018-08-10,48.34166533947552,48.61264846414994,48.0900349878194,48.49651336669922,839700.0
2018-08-13,48.49650226557486,48.62231741260312,48.07066751928455,48.11906051635742,792200.0
2018-08-14,48.138418428090326,48.41907788349069,48.12873835163698,48.34165573120117,564400.0
2018-08-15,48.06099713284743,48.23520160682138,47.86743619600218,48.1093864440918,984100.0
2018-08-16,48.14810301157979,48.81588441774326,48.14810301157979,48.53522491455078,852600.0
2018-08-17,48.4384402839805,48.61264476282691,48.3803745856103,48.544898986816406,937100.0
2018-08-20,48.62231913574212,48.86426936221167,48.38036890927257,48.43843460083008,812000.0
2018-08-21,48.428767585530615,48.8933116672017,48.32230887458904,48.49651336669922,1301500.0
2018-08-22,48.40940469542628,48.49650692992058,48.128741529626,48.14809799194336,861400.0
2018-08-23,48.157784078814494,48.157784078814494,47.75130936386634,47.828731536865234,684800.0
2018-08-24,47.93518165306237,48.27391421326806,47.93518165306237,48.22552490234375,681800.0
2018-08-27,48.3222901432097,48.68037537513308,48.3222901432097,48.5932731628418,752100.0
2018-08-28,48.71247482299805,48.85782512462739,48.48960140329515,48.71247482299805,876900.0
2018-08-29,48.74154863260426,49.03225295913946,48.41208274346275,48.89659118652344,1077800.0
2018-08-30,48.81906215299145,48.81906215299145,48.31517302776443,48.654327392578125,1029900.0
2018-08-31,48.59618962104331,48.819063021386114,48.42176631703495,48.7512321472168,1429900.0
2018-09-04,48.78030570305955,48.78030570305955,48.45083984425836,48.71247482299805,1131200.0
2018-09-05,48.67371326396127,48.96441756372567,48.56712082486298,48.71247482299805,1183300.0
2018-09-06,48.81907730939375,48.91597753042269,48.30549578772215,48.34425735473633,1177000.0
2018-09-07,48.295799364195744,48.40239180783967,47.85974104770053,48.121376037597656,944700.0
2018-09-10,48.315190076375984,48.43147108584254,48.05355503269626,48.41209030151367,1141300.0
2018-09-11,48.41208007851196,48.65433428670688,48.20858743078963,48.55743408203125,891500.0
2018-09-12,48.45083664413418,48.53804829795384,48.28610557386675,48.32486343383789,827500.0
2018-09-13,48.50898670834156,48.88690270294261,48.36363269664604,48.80937957763672,1332200.0
2018-09-14,48.81906219446649,49.40047073364258,48.81906219446649,49.40047073364258,1382600.0
2018-09-17,49.536148349610215,49.58459846064599,49.14854376481748,49.18730163574219,1095900.0
2018-09-18,49.303571821795344,49.51675298688805,48.92565589187533,49.458614349365234,1153900.0
2018-09-19,49.55550990159114,50.38886479541771,49.54582136174657,50.19506072998047,1349400.0
2018-09-20,50.43731855166548,50.728022822686974,50.36948767831064,50.54391098022461,1521600.0
2018-09-21,50.70865790271616,50.70865790271616,50.117556981859536,50.15631484985352,5514600.0
2018-09-24,50.165991320750194,50.27258374136792,49.38108652061475,49.448917388916016,1424500.0
2018-09-25,49.72025463896189,49.72025463896189,49.15822310594161,49.16791534423828,1374000.0
2018-09-26,49.27450414901116,49.27450414901116,48.39269898475481,48.42177200317383,1001600.0
2018-09-27,48.42176939746976,48.65433135327213,48.169822966093946,48.392696380615234,1181900.0
2018-09-28,48.20857850465536,48.760917701350095,48.09229754127362,48.6737060546875,1403000.0
2018-10-01,48.81906938498327,49.11946223931652,48.4799112734218,48.69309616088867,1154200.0
2018-10-02,48.66402179168919,48.79968354364204,48.44114838540872,48.54773712158203,1477700.0
2018-10-03,48.77061088827677,48.97410350228638,48.40238351780323,48.596187591552734,1613900.0
2018-10-04,48.567116073536376,48.82875102668028,48.49928520011077,48.78998947143555,1773700.0
2018-10-05,48.751226765367456,49.03223877168737,48.33454932918017,48.382999420166016,1017300.0
2018-10-08,48.344249133421776,49.361716067223554,48.237656690512914,49.3035774230957,1268200.0
2018-10-09,49.26481384743658,49.48768726599009,48.74154389265579,49.14853286743164,1347400.0
2018-10-10,49.003177571965296,49.15822010670008,47.67562563726708,47.6853141784668,1394400.0
2018-10-11,47.54966250895561,47.54966250895561,45.73760180677046,45.776363372802734,2617600.0
2018-10-12,46.21239975794676,46.31899217408362,44.58445159414088,45.3499755859375,2133300.0
2018-10-15,45.29184796517983,45.87325658078439,45.224013386737,45.38874816894531,1611900.0
2018-10-16,45.63100566425602,45.6891480086101,45.16587799894166,45.60193634033203,886900.0
2018-10-17,45.4759582498883,46.289932501339,45.26277337320897,45.85387420654297,1340100.0
2018-10-18,45.73760257335878,46.19303804409894,45.18526318591377,45.301544189453125,991300.0
2018-10-19,45.165880521166166,45.90233177491346,44.97207639233594,45.54379653930664,1164400.0
2018-10-22,45.54378317381832,45.84417967017474,45.03020552516544,45.12710571289063,1180400.0
2018-10-23,44.45849838464149,44.94300685619358,44.21624414886544,44.74920272827149,1415600.0
2018-10-24,44.68136509744998,44.73950373950155,43.392570983222825,43.44102478027344,1493400.0
2018-10-25,43.7026571194168,44.66198539803099,43.6348262377124,44.33251953125,1609900.0
2018-10-26,43.96428780119116,44.390657526177336,43.46039866034732,43.79955673217773,1815500.0
2018-10-29,44.19685035207068,44.70073945768874,43.49915717559872,43.89645385742188,1721300.0
2018-10-30,44.12901992351014,44.7491899992468,43.77048109506438,44.69104766845703,1382500.0
2018-10-31,45.13681242368596,45.72790967276638,44.99145839898197,45.117431640625,1493000.0
2018-11-01,45.37906362248879,45.73759884379466,45.24339815016452,45.69883728027344,1488100.0
2018-11-02,46.03797935295814,46.24147565852766,44.60383515647262,44.85578155517578,1699500.0
2018-11-05,44.81702165239399,47.375225107706015,44.68135990802219,47.28801345825195,1947700.0
2018-11-06,47.21050784727628,48.12138246613436,47.21050784727628,47.97602844238281,1587100.0
2018-11-07,48.0729288983727,48.40239479153343,47.49151654170348,48.19890213012695,1238100.0
2018-11-08,47.95663784344918,48.46052327172944,47.6271720194165,47.90818405151367,1469600.0
2018-11-09,47.73375440568656,48.23764346349201,47.61747345280987,48.05353164672852,907000.0
2018-11-12,48.0341658495573,48.13106605775191,47.16204918978181,47.25895309448242,1094100.0
2018-11-13,47.34615082887726,47.8984899853742,46.97792349237766,47.14265823364258,787400.0
2018-11-14,47.37523328226631,47.404302604931786,45.74728467589277,46.01861190795898,1501400.0
2018-11-15,45.65036785843959,46.745357537309495,45.35966364804618,46.658145904541016,951800.0
2018-11-16,46.43529424618464,47.123299145983765,46.28025166943553,46.9973258972168,1032900.0
2018-11-19,47.016691042190494,47.40429550688091,46.706605991836,46.94886016845703,1076700.0
2018-11-20,46.65815771631182,46.84226956698551,45.79572970882638,45.96046447753906,1266700.0
2018-11-21,46.03797669766951,46.68721973703095,45.786034010002574,45.8344841003418,947900.0
2018-11-23,45.48565171097729,45.960471615889965,45.28215905023161,45.51472473144531,435300.0
2018-11-26,45.92170636488873,46.67753829924547,45.87325626334126,46.57094955444336,1149200.0
2018-11-27,46.37979827531996,46.6514816232968,45.64238050534304,46.13722610473633,991900.0
2018-11-28,46.17604078268279,47.282169342041016,46.088714648977785,47.282169342041016,1383700.0
2018-11-29,46.92316172803658,47.19484137730829,46.4283124224544,46.55445098876953,1063700.0
2018-11-30,46.56416015966446,46.75821495449003,46.253664344956064,46.632080078125,1512800.0
2018-12-03,47.14633951893919,47.291884339791984,46.43802904026323,47.05901336669922,983600.0
2018-12-04,46.93287275033967,47.039605120860486,45.4774394098377,45.57447052001953,1504900.0
2018-12-06,44.84674087345032,45.52593994140625,44.00258711523541,45.52593994140625,2185200.0
2018-12-07,45.59387502297501,46.1663455967089,44.20636166123622,44.41982269287109,1703800.0
2018-12-10,44.46833352095036,44.46833352095036,43.13903531834049,43.79883193969727,1122500.0
2018-12-11,44.33249462151703,44.68179918710798,43.39131698796152,43.527156829833984,780400.0
2018-12-12,44.12873245960169,44.42952330836509,43.71150799575738,43.75032043457031,710700.0
2018-12-13,43.89585463927848,44.18694045743335,43.76001113620634,44.15782928466797,1581600.0
2018-12-14,43.70180759058061,44.2548718997181,43.64358893122374,43.73091506958008,1383100.0
2018-12-17,43.64358386959117,44.497438934341744,43.48833783066902,43.67269134521485,1659100.0
2018-12-18,43.8958627431442,44.43922205031742,43.38160721139538,43.72121047973633,1279900.0
2018-12-19,43.66300346374163,44.91467711802831,43.35251129077483,43.54656982421875,1495600.0
2018-12-20,43.206961263225416,43.89586915907461,43.02260771439716,43.32339859008789,1288300.0
2018-12-21,43.23606807430164,44.38100909651752,42.547160248103445,42.56656646728516,2266400.0
2018-12-24,42.31429358104775,42.56656703103537,41.27608489990234,41.27608489990234,685600.0
2018-12-26,41.43133146904009,43.14874304645644,40.81034724471375,43.1390380859375,1107100.0
2018-12-27,42.44043718269494,43.643593319515446,42.06202141086309,43.63389205932617,1077500.0
2018-12-28,43.92496903767783,44.24516237773575,43.31368613220306,43.57566452026367,1019900.0
2018-12-31,43.76001833040653,44.16754150390625,43.59507103016546,44.16754150390625,841400.0
2019-01-02,43.40101636809065,44.08992050853068,43.35250266971675,43.74061965942383,1125500.0
2019-01-03,43.59507625716686,43.86675593783569,43.11963311463835,43.19725799560547,1094600.0
2019-01-04,43.85705898288374,44.55566447336447,43.77943409429788,44.2936897277832,1099700.0
2019-01-07,44.16754525150164,45.186347719659445,44.06081289459178,44.5944709777832,1226300.0
2019-01-08,44.82735054810583,44.96319040985158,43.992901452972056,44.48774719238281,1105900.0
2019-01-09,44.57506086530213,44.914664125934415,44.41011356547087,44.68179321289063,1040300.0
2019-01-10,44.594471390772775,45.06991452104038,44.46833651449108,45.011695861816406,1520000.0
2019-01-11,44.80793556385975,45.24456624935628,44.77882808527929,45.19605255126953,888200.0
2019-01-14,44.92435858277481,45.5550476132092,44.7205988780586,45.26396179199219,1160400.0
2019-01-15,45.23485061892056,45.49682896842299,44.91465732598896,45.26396179199219,932900.0
2019-01-16,45.30278445068687,45.65208902409808,45.07961846242041,45.29308319091797,1272700.0
2019-01-17,45.11841431835231,45.50653119088086,45.021386950898574,45.40950012207031,1235600.0
2019-01-18,45.45802412744891,46.14693191767762,45.39980917430117,46.117820739746094,1486400.0
2019-01-22,45.91406369995022,46.16634084961205,45.293079487487056,45.545352935791016,1326500.0
2019-01-23,45.68119782877096,45.95287750445946,45.322188312916325,45.8558464050293,862900.0
2019-01-24,45.81703074343218,46.18573776147939,45.70059344171025,46.01108551025391,514300.0
2019-01-25,46.37009811401367,46.68059020359705,46.234258287490654,46.37009811401367,687300.0
2019-01-28,46.05960068686652,46.33128030842927,45.79762232263504,46.2342529296875,670400.0
2019-01-29,46.17603457799521,46.37009303808151,46.02078855019763,46.31187438964844,717500.0
2019-01-30,46.370110852464286,46.81644289118368,46.03050749150577,46.68060302734375,754400.0
2019-01-31,46.311882328680674,46.56415948044674,46.08871635680017,46.47683334350586,1563500.0
2019-02-01,46.651482851743744,46.67088536870668,46.28277210636744,46.622371673583984,742400.0
2019-02-04,46.515644836807205,46.61267593991097,46.166343969708,46.58356475830078,581400.0
2019-02-05,46.602964233209846,46.65148162841797,46.28277089271024,46.65148162841797,641700.0
2019-02-06,46.47683192154102,46.69029292647617,46.37980082715433,46.59326553344727,590600.0
2019-02-07,46.32159746062644,46.57387096643011,45.98199409734767,46.41862487792969,806300.0
2019-02-08,46.17603824954213,46.41861041859806,45.57446030666352,46.05960464477539,993100.0
2019-02-11,44.81763674846167,44.81763674846167,42.85765299787915,43.23606872558594,3567000.0
2019-02-12,43.430121661226885,44.92436718463607,43.40101418393896,44.55565643310547,2426800.0
2019-02-13,44.67209508043508,45.81703610518595,44.59447020353638,45.38040542602539,1436300.0
2019-02-14,45.18633968819529,45.20574590430761,44.50713692969294,44.51684188842773,2363500.0
2019-02-15,45.00199264159578,45.35129717900228,44.91466650724416,45.31248474121094,1900800.0
2019-02-19,45.45802929188755,45.86555251700828,45.118429688752,45.66179275512695,1269300.0
2019-02-20,45.60357277287088,46.205150781579576,45.35129931804399,46.03049850463867,1347100.0
2019-02-21,46.02079335026142,46.52534391856855,45.91406100101369,46.117820739746094,1252900.0
2019-02-22,46.234258287490654,46.40891055055101,46.01108862807979,46.37009811401367,1024500.0
2019-02-25,46.56415594844788,47.00078289867524,46.54474973044881,46.55445098876953,1059800.0
2019-02-26,46.4213454357645,46.73224574451903,46.21731780306135,46.22703552246094,1097100.0
2019-02-27,46.08131247217456,46.40192688518575,45.96472574982732,46.21733093261719,1134500.0
2019-02-28,46.285335208916,46.42135365480056,46.12988502701583,46.26590347290039,1795500.0
2019-03-01,46.52822707243009,46.839127441059205,46.33391341548072,46.53794479370117,1172200.0
2019-03-04,46.70310278009382,47.20831673846311,46.4504976540213,46.741966247558594,1379200.0
2019-03-05,46.74196333789693,46.74196333789693,46.15902248088585,46.567081451416016,794000.0
2019-03-06,46.55737304663084,46.819695928834335,46.07159075504466,46.09102249145508,891500.0
2019-03-07,45.9161421877486,45.94529164650363,45.33320489979648,45.48865509033203,1230200.0
2019-03-08,45.1388884379875,45.614956701754025,45.07087921548152,45.54694747924805,1041900.0
2019-03-11,45.809256390497424,45.91612534598399,45.63437452701245,45.85783386230469,1026000.0
2019-03-12,46.0132997738741,46.45050458250494,45.99386803724331,46.236759185791016,1216900.0
2019-03-13,46.469926729954565,46.71281782838111,46.324190588409024,46.35333633422852,1301800.0
2019-03-14,46.36304934979112,46.6350861664371,46.23674495368106,46.52821350097656,917900.0
2019-03-15,46.41164218574357,46.829415267433696,46.392210448662055,46.42135620117188,2078800.0
2019-03-18,46.56708532090736,47.237463470639945,46.518507838675895,47.0334358215332,1184500.0
2019-03-19,47.37348559169311,47.54836750632147,46.58652068209012,46.6739616394043,1236000.0
2019-03-20,46.57679627586867,46.93627777446558,46.139595258274944,46.15902328491211,1363700.0
2019-03-21,46.0035723269277,46.78082680294248,45.78011296225186,46.567081451416016,838100.0
2019-03-22,46.168742025090566,46.40191541213202,45.87727343817666,45.98414611816406,803400.0
2019-03-25,45.90641729290607,46.25618106527644,45.68295792860812,45.76068115234375,1042000.0
2019-03-26,45.92586227363655,46.295057884998734,45.818989567224456,46.21733093261719,686600.0
2019-03-27,46.324194734009126,46.62538105725217,46.21732204814145,46.37277221679688,735000.0
2019-03-28,46.40192197775748,46.64481311892423,46.061875862613896,46.49908065795898,886500.0
2019-03-29,46.80025482924123,46.84883601366017,46.499072240698325,46.567081451416016,1116200.0
2019-04-01,46.82940680667615,47.31518902727191,46.73224813882246,47.29575729370117,988200.0
2019-04-02,47.23746372498958,47.34433641020885,46.7516814876106,46.8196907043457,692300.0
2019-04-03,47.08201186188346,47.10144359542581,46.58651562833811,46.82940673828125,850500.0
2019-04-04,46.86828055881305,47.35406288601117,46.80026762327829,47.11117172241211,601300.0
2019-04-05,47.09172451242658,47.41233881580137,47.02371530546151,47.21802520751953,751500.0
2019-04-08,47.24717263482109,47.451200246980434,47.0820047776752,47.208309173583984,734500.0
2019-04-09,47.09172416968461,47.09172416968461,46.71281467471589,46.96541976928711,547400.0
2019-04-10,46.98485696901783,47.3734805217599,46.80025735320793,47.29575729370117,488000.0
2019-04-11,47.441500100443335,47.830123707725946,47.32490968265628,47.70381927490234,1116800.0
2019-04-12,48.034154264539545,48.4227816013886,47.7135398619303,47.87870407104492,1187800.0
2019-04-15,47.8009695207744,48.02442888942775,47.73296030884616,47.771820068359375,565800.0
2019-04-16,47.90784060935289,48.41305452850776,47.83011368045647,48.24788665771485,783300.0
2019-04-17,48.36447426100149,48.43248347196217,47.79125112131569,47.8398323059082,794400.0
2019-04-18,47.8009696524777,48.13130169970673,47.37347894063773,47.4317741394043,1710500.0
2019-04-22,47.39291709764552,47.839839602987794,47.21803518386475,47.82040786743164,671000.0
2019-04-23,47.849541842809,48.21873731507483,47.77181491971149,48.03413772583008,1009000.0
2019-04-24,47.9952807697324,48.3644725573069,47.90783982925972,48.08272171020508,586700.0
2019-04-25,47.87868770686626,48.44219678207639,47.72323756650203,48.26731491088867,632400.0
2019-04-26,48.277036944854906,48.75310516357422,48.21874544892247,48.75310516357422,943400.0
2019-04-29,49.549786405416704,49.89955019656846,48.72395811448278,49.48177719116211,2117700.0
2019-04-30,49.58864425703016,49.87039880202123,49.01542115449345,49.83153533935547,1976000.0
2019-05-01,49.71494219387812,49.9869827112257,48.85025058175663,48.86968231201172,1105700.0
2019-05-02,48.908544866347455,49.12229018896952,48.43247674947744,48.8113899230957,992600.0
2019-05-03,48.85997699511261,49.56921859763358,48.80168179397315,49.39433670043945,1135400.0
2019-05-06,48.80167913510917,49.45262920724919,48.59765150157348,49.34575653076172,1166300.0
2019-05-07,49.07371149109772,49.32632028627568,48.58792933784256,48.733665466308594,1115100.0
2019-05-08,48.68510149783065,49.53036164123333,48.62680628902798,48.97657012939453,1304000.0
2019-05-09,48.51020258945335,49.28745323684003,48.442193389445976,49.0931396484375,1113500.0
2019-05-10,48.840540489897975,49.96755499158686,48.82110875808321,49.90925979614258,1284200.0
2019-05-13,49.15144429977115,49.32632619238045,48.51021192894511,48.743385314941406,1108800.0
2019-05-14,48.82110245272231,49.88010760939845,48.82110245272231,49.5206298828125,1493500.0
2019-05-15,49.22917110946344,50.02585740390532,49.22917110946344,49.76353454589844,1000700.0
2019-05-16,49.98698605465977,50.67679584684778,49.98698605465977,50.44361877441406,1363000.0
2019-05-17,50.09387168285918,50.84197686322361,50.09387168285918,50.307613372802734,1810900.0
2019-05-20,50.229881271592056,50.75452694805659,50.14244032551464,50.46305465698242,1099400.0
2019-05-21,50.72537511104685,51.12371635640489,50.72537511104685,51.00712966918945,1332100.0
2019-05-22,50.84196797241443,51.06542734468432,50.7156635598361,50.92940521240234,1013900.0
2019-05-23,50.56992812902743,50.667086796316745,50.06471417779558,50.39504623413086,1162800.0
2019-05-24,50.54077854946623,50.80310137191925,50.16186904133094,50.73509216308594,831500.0
2019-05-28,50.7671968341338,50.7671968341338,49.91119003295898,49.91119003295898,1706600.0
2019-05-29,49.8139147521468,49.88200611893042,49.2983647720133,49.85282516479492,1344000.0
2019-05-30,49.95009648424656,50.21273619830386,49.62909486308837,49.93064498901367,833000.0
2019-05-31,49.56100496638265,49.979282629606246,49.35673086407379,49.9598274230957,1437500.0
2019-06-03,49.99873544560229,50.913107843672925,49.73609573631901,50.84501647949219,1221400.0
2019-06-04,51.15629305233435,51.53566028962661,50.86447238600961,51.49674987792969,1544000.0
2019-06-05,51.55511277591687,52.02202655954672,51.33138348651303,51.98311614990234,1170100.0
2019-06-06,52.04148603980654,52.304125760431766,51.8566671448634,52.23603439331055,1143000.0
2019-06-07,52.3333086713975,52.66403977150962,52.2360363463592,52.37221908569336,904200.0
2019-06-10,52.576496376538216,52.64458775032608,52.33331183852398,52.55704116821289,1053200.0
2019-06-11,52.67376677768223,52.81967525844546,52.03175981450094,52.129032135009766,812300.0
2019-06-12,52.09985306651193,52.245761552555656,51.788577176777096,51.84693908691406,626400.0
2019-06-13,51.99284462152368,52.06093598175942,51.642658362768,51.91502380371094,683300.0
2019-06-14,51.915019745902384,52.26520597728664,51.66210952918072,52.08038711547852,684100.0
2019-06-17,52.23603285736685,52.23603285736685,51.42865851281062,51.49674987792969,856700.0
2019-06-18,51.47730207740205,52.06094720471348,51.45785057945646,51.93449020385742,776600.0
2019-06-19,52.09984884898201,52.32357814469901,51.963662411383794,52.15821075439453,841200.0
2019-06-20,52.469477132383965,52.58620834350586,51.96365301629008,52.58620834350586,1265600.0
2019-06-21,52.53757402451386,52.81966891509304,52.236027640729866,52.59593963623047,2464500.0
2019-06-24,52.67376327514648,53.11149239903062,52.47921493636414,52.67376327514648,1002500.0
2019-06-25,52.74186075411538,53.23795555038156,52.60567801438354,53.06286239624024,1002900.0
2019-06-26,53.101764539075305,53.101764539075305,51.973388671875,51.973388671875,1304800.0
2019-06-27,52.1387517319096,52.401391419140914,51.92475190989577,52.30411911010742,958500.0
2019-06-28,52.63484982419966,53.24767575721189,52.56675846616505,53.17958068847656,2114700.0
2019-07-01,53.35467505339606,54.103683719901866,53.32549410233116,54.084228515625,1257500.0
2019-07-02,54.13286551111295,54.20095686712085,53.50058439309612,53.73404312133789,1333600.0
2019-07-03,53.94804615899509,54.667873879274254,53.67568071868986,54.62896347045898,578000.0
2019-07-05,54.61923040852246,54.61923040852246,54.0161302847607,54.17176818847656,820800.0
2019-07-08,54.10369059968204,54.50251306131976,53.93832690835236,54.1426010131836,1009700.0
2019-07-09,54.02587004514983,54.05505099806827,53.772956084186575,53.97723388671875,963100.0
2019-07-10,54.132874787778846,54.31769368422945,53.85077985843221,54.03559875488281,958700.0
2019-07-11,54.142598085374,54.15232383287282,53.43249977552562,53.79241180419922,694400.0
2019-07-12,53.811866012403726,53.91886778641268,53.63677287506199,53.87023162841797,934700.0
2019-07-15,54.00641696791453,54.00641696791453,53.59786505745105,53.67568588256836,643400.0
2019-07-16,53.75349261402516,53.77294781654655,53.2282169887497,53.306034088134766,1064600.0
2019-07-17,53.24768083540714,53.27686178857616,52.62512538575972,52.66403579711914,702000.0
2019-07-18,52.586221614376605,52.95585941077822,52.46949037379594,52.86831283569336,1012800.0
2019-07-19,53.01422607876968,53.11149840380798,52.34303813032214,52.37221908569336,799500.0
2019-07-22,52.333301536234586,52.71266874714264,52.24575497135574,52.47921371459961,585700.0
2019-07-23,52.53758423099227,52.67377068478797,52.36249478322927,52.54731369018555,791200.0
2019-07-24,52.42085112349041,53.296316822754726,52.42085112349041,53.2476806640625,678900.0
2019-07-25,53.247689769473965,53.422779228566256,53.0434119309132,53.27687072753906,483600.0
2019-07-26,53.28659744583703,53.451964869517575,53.03368714636895,53.34496307373047,927200.0
2019-07-29,53.36440173400302,53.36440173400302,52.22629646258416,52.44029998779297,1016500.0
2019-07-30,52.27494703996077,52.61540389011525,52.060943470891466,52.20685195922852,993800.0
2019-07-31,52.1873888762571,52.800211070479,51.963655897883406,52.08038711547852,1225700.0
2019-08-01,51.96366269491119,52.372214588533,51.24383864575521,51.42865753173828,841600.0
2019-08-02,51.4772984243601,51.4772984243601,50.73801910173655,51.07847595214844,847700.0
2019-08-05,51.22438699249252,51.22438699249252,49.18163851482975,49.33727645874024,1210200.0
2019-08-06,49.44427305739799,50.16409708100757,49.24972472023023,50.1446418762207,1409600.0
2019-08-07,49.55127782716972,49.55127782716972,48.60772438680058,49.22054672241211,1194900.0
2019-08-08,49.56099353150565,50.49482096434857,49.31780907228404,50.25163650512695,1113100.0
2019-08-09,50.04736186156696,50.26136165988984,49.54153774704867,49.580448150634766,844000.0
2019-08-12,49.18162927901558,49.18162927901558,48.51043775699983,48.743896484375,1007700.0
2019-08-13,48.54935537046231,49.38591067758354,48.40344318035469,49.05517959594727,848800.0
2019-08-14,48.413170162387935,48.55907863433116,46.817880453989375,46.82760620117188,1190300.0
2019-08-15,46.954057523489055,47.33342469983084,46.671962650060365,47.10969543457031,945300.0
2019-08-16,47.362611581142495,47.79061867325293,47.22642885572589,47.51824951171875,1180200.0
2019-08-19,48.10189773786637,48.24780622022944,47.82952855819312,47.84898376464844,1000000.0
2019-08-20,47.74197519266507,47.82951803640405,47.32369762264365,47.35287857055664,1273000.0
2019-08-21,47.664167612986,47.7614399401605,47.17779855571063,47.50852966308594,1286900.0
2019-08-22,47.69335146392743,47.91708079857003,47.05134441778294,47.29452896118164,971100.0
2019-08-23,47.00270363217696,47.61552966031427,45.68950871115543,45.9521484375,1429600.0
2019-08-26,46.20505886925056,46.66224695496019,45.94241914197276,46.64279174804688,1336800.0
2019-08-27,46.88921880751491,47.06454231814673,46.08078592234219,46.21714782714844,1444900.0
2019-08-28,46.0710314299758,46.68466355425105,45.94440810245628,46.46063995361328,1018200.0
2019-08-29,46.85024948402342,47.1814156478211,46.78206854285178,46.83077239990234,760300.0
2019-08-30,47.13271118389856,47.181411320900295,46.577521447797686,46.82102584838867,1076200.0
2019-09-03,46.44115956769646,46.75284490313746,46.39245943070548,46.73336410522461,927300.0
2019-09-04,47.025581780637054,47.473632826643325,46.92818147944366,47.38597106933594,869200.0
2019-09-05,47.9119433072046,48.26259037602476,47.61973865504905,47.68791961669922,674300.0
2019-09-06,47.68791782548125,48.330769522310646,47.64895621583496,47.999603271484375,1170700.0
2019-09-09,48.28205661963528,48.359979818353,47.90219031484296,48.32101821899414,778000.0
2019-09-10,48.44763899968999,48.66192035367824,48.17491153416846,48.61322021484375,852700.0
2019-09-11,48.58400211881762,48.7301025390625,48.01907009023971,48.7301025390625,737200.0
2019-09-12,48.77881020497481,49.18789587231431,48.515824969292495,49.080753326416016,924800.0
2019-09-13,49.37295237576915,49.64567983903407,49.12944796802907,49.48009490966797,948900.0
2019-09-16,49.334003317676846,49.70412740841852,49.06127580563507,49.68464660644531,932500.0
2019-09-17,49.61645427760336,50.23008639447961,49.450873072182425,50.035282135009766,991000.0
2019-09-18,49.80153139458261,50.025555043793226,49.54828468463455,49.9476318359375,743300.0
2019-09-19,49.91840657589555,50.08398779959448,49.62620201222634,49.72360229492188,606700.0
2019-09-20,49.84049151516661,49.98659567864823,49.38270565305177,49.64569091796875,2581400.0
2019-09-23,49.29503923401754,50.26905699018281,49.19763522905129,50.239837646484375,925200.0
2019-09-24,50.356710237790566,50.95086156326538,49.98658251255373,50.30801010131836,1283800.0
2019-09-25,50.20087519911101,50.463860434716885,49.69438552856445,49.69438552856445,939100.0
2019-09-26,49.68464498025048,49.97685328470138,49.58724468915548,49.82101058959961,557100.0
2019-09-27,49.976849365945895,50.17164993286133,49.69438334210282,50.17164993286133,820300.0
2019-09-30,50.2398448147624,50.42490687722884,50.11322144803095,50.14244079589844,833100.0
2019-10-01,50.30802169712694,50.33724104262877,48.81777191162109,48.81777191162109,809400.0
2019-10-02,48.545040946058194,48.60348334401795,47.405438337129446,47.600242614746094,1220500.0
2019-10-03,47.54180138834815,47.90218686752562,47.142454312615726,47.8924446105957,782000.0
2019-10-04,47.91192595818519,48.7788047713512,47.87296807676593,48.69114303588867,1094200.0
2019-10-07,48.64243703402715,48.86646063352124,48.29179382324219,48.29179382324219,906800.0
2019-10-08,47.89245101757283,47.91193181845642,47.424922943115234,47.424922943115234,855400.0
2019-10-09,47.8048026958998,48.10674588196155,47.54181740393455,47.82427978515625,586200.0
2019-10-10,47.96063356555055,48.63270444630348,47.93141050772117,48.252838134765625,677700.0
2019-10-11,48.95412997779249,49.60672379569887,48.93465289270527,49.16841506958008,758400.0
2019-10-14,48.84699200336944,49.23659687684832,48.83724974507231,49.10023498535156,603700.0
2019-10-15,49.22685953371366,49.90867272339498,49.22685953371366,49.74308776855469,561300.0
2019-10-16,49.64568624533885,49.69438639005468,49.33400086045809,49.62620544433594,753400.0
2019-10-17,49.94762889294434,50.16191398633851,49.48010082010666,49.52880096435547,773500.0
2019-10-18,49.42165538849295,50.0645068653604,49.42165538849295,49.63593673706055,624100.0
2019-10-21,49.996343293035785,50.181405366429296,49.86971991882779,50.12296295166016,510700.0
2019-10-22,49.86971113195636,49.86971113195636,49.36322143994975,49.56776428222656,626300.0
2019-10-23,49.59698484746152,49.8989317046235,49.5482847003278,49.772308349609375,754700.0
2019-10-24,49.91840532148766,49.98658626077773,49.48009662920688,49.51905822753906,680300.0
2019-10-25,49.411914844065045,49.69438085376425,49.34373390594213,49.67490005493164,986000.0
2019-10-28,49.06127731166891,49.908675503392026,47.82427421527122,48.13595962524414,1482400.0
2019-10-29,47.88270020601459,48.282047232847,47.23984880390432,48.10672378540039,1730600.0
2019-10-30,48.10673485121575,48.10673485121575,47.59050664586682,47.92167282104492,911000.0
2019-10-31,47.60024052884457,47.74634465955023,47.11323171393555,47.726863861083984,1505500.0
2019-11-01,47.98010980272289,48.73984612796528,47.71712829598115,48.496341705322266,1166600.0
2019-11-04,48.837250634195456,48.983354786649286,48.36972254815934,48.50608444213867,827400.0
2019-11-05,48.515829202820335,49.39244301600588,48.515829202820335,49.17816162109375,1195200.0
2019-11-06,49.15867774697019,49.60672502675145,48.91517330592609,49.548282623291016,991600.0
2019-11-07,49.81127464320947,50.1521831364077,49.5677701690322,49.704132080078125,1034500.0
2019-11-08,49.538538178685805,49.70411939538933,49.2560721689866,49.67490005493164,536900.0
2019-11-11,49.32425565620759,49.51905993901883,48.99308949010327,49.20737457275391,630700.0
2019-11-12,49.18789548769152,49.49958086482235,48.96387185510266,49.33399963378906,633000.0
2019-11-13,49.04178285960111,49.246329371877,48.77880138704179,49.0515251159668,598300.0
2019-11-14,48.97361337336318,49.01257497676766,48.593747029127016,48.788551330566406,945800.0
2019-11-15,48.95412788369857,49.109970566809615,48.78854665846048,48.856727600097656,937300.0
2019-11-18,48.70089336156933,49.071021191480575,48.56453145465026,48.9638786315918,713900.0
2019-11-19,49.041790487181714,49.11971368789822,48.83724765867495,48.8762092590332,652100.0
2019-11-20,48.68139692437551,49.23658663315215,48.61321599281221,49.04178237915039,800300.0
2019-11-21,48.954136345274414,49.2658254809537,48.65219318457202,49.13920211791992,789500.0
2019-11-22,49.30477657521988,49.577504066896445,49.11971454366808,49.33399963378906,741300.0
2019-11-25,49.34373303582671,49.68463772042986,49.34373303582671,49.48009490966797,982400.0
2019-11-26,49.45376568042805,49.71707744562075,49.25871951507832,49.2977294921875,1468400.0
2019-11-27,49.33674407891949,49.97064324548343,49.33674407891949,49.7560920715332,684800.0
2019-11-29,49.64881542370024,49.96088782267071,49.5220348490571,49.63906478881836,437500.0
2019-12-02,49.7073316489474,49.7073316489474,48.89789128604015,48.92714691162109,840900.0
2019-12-03,48.49805596531951,48.50781032218947,47.298526763916016,47.298526763916016,1527400.0
2019-12-04,47.12298074151308,47.94217178586872,47.12298074151308,47.66910934448242,1454900.0
2019-12-05,47.95192009365442,48.02018942088351,47.66910703031821,47.93241882324219,927900.0
2019-12-06,48.31275671883522,49.11244273081397,48.195726775475,48.91739654541016,1178600.0
2019-12-09,48.83938030157479,49.366000165890256,48.81012095563753,49.08318710327149,1030500.0
2019-12-10,48.95640092536496,49.42450948465928,48.78085975060508,48.829620361328125,1063300.0
2019-12-11,48.878382836224674,49.17095023191734,48.65408104218709,48.75160598754883,1013400.0
2019-12-12,48.83937827794537,49.91212667288351,48.79061394346931,49.82435607910156,1020700.0
2019-12-13,49.6780661355702,50.087663443834096,49.34648877943126,49.35624313354492,1186400.0
2019-12-16,49.72683529248089,50.10717329551739,49.56104473822093,49.80485153198242,928900.0
2019-12-17,49.86336288749931,50.45825201638931,49.8438578989886,50.12667465209961,961200.0
2019-12-18,50.26321145566369,50.26321145566369,49.89262407303329,50.04866027832031,1113800.0
2019-12-19,49.97063213472462,50.06815334472955,49.69756605035855,49.90236282348633,1013300.0
2019-12-20,50.10717515068583,50.633795017358935,50.03890954352085,50.3802375793457,2273600.0
2019-12-23,50.2632058514784,50.54602260458941,50.009644721035365,50.12667465209961,764800.0
2019-12-24,50.097421777826575,50.34122858539656,50.03891052493563,50.17544174194336,400800.0
2019-12-26,50.33148576693591,50.72157448751437,50.10718391555891,50.6533088684082,454700.0
2019-12-27,50.78007915453817,50.88735473997005,50.57528233882085,50.60453796386719,835800.0
2019-12-30,50.8580848802529,50.8580848802529,50.575268183307614,50.72154998779297,749000.0
2019-12-31,50.75082520100727,51.20917946268087,50.68255959351978,51.18967819213867,806100.0
2020-01-02,51.41397689308816,51.68703930650877,51.16041574902929,51.64802932739258,1081400.0
2020-01-03,51.15066581440404,51.50174819086199,50.98487526098938,51.45298385620117,829300.0
2020-01-06,51.0824004773611,51.23843667658136,50.73131809906639,50.789833068847656,786600.0
2020-01-07,50.682551433314856,51.00437442819799,50.52651525272388,50.55577087402344,759500.0
2020-01-08,50.76057122440198,51.27744413152782,50.51676444261312,50.56552505493164,904800.0
2020-01-09,50.90686394252303,51.4139825664028,50.74107337308312,51.40422821044922,699400.0
2020-01-10,51.40422754854528,51.61877873440012,50.68256146553728,50.78008270263672,656300.0
2020-01-13,50.7800743642857,50.9556155383973,50.53626759137471,50.809329986572266,742900.0
2020-01-14,50.70206734499354,50.99463478161263,50.55578176658561,50.74107360839844,889000.0
2020-01-15,50.594776822638025,50.86783918689158,50.33146509130966,50.39973068237305,892300.0
2020-01-16,50.62404109791776,51.0531397037166,50.53627050580023,50.84834289550781,688100.0
2020-01-17,50.99463421881183,51.36521789834756,50.91661425246952,51.09215545654297,1064000.0
2020-01-21,50.926350510364976,51.06288168274739,50.19493032672026,50.22418594360352,1155200.0
2020-01-22,50.34123024083242,50.63379767549795,50.26321399434677,50.59479141235352,1085300.0
2020-01-23,50.194950279153616,50.4582620963553,49.54154605420197,50.18519592285156,1009100.0
2020-01-24,50.19494513409778,50.321721991454325,49.79510213122718,50.07791519165039,650500.0
2020-01-27,49.170951148047486,49.88287024176536,49.005164318138085,49.53178787231445,745200.0
2020-01-28,49.72683722966295,50.58503449859431,49.72683722966295,50.21445083618164,841500.0
2020-01-29,50.33147288385789,50.70206023571781,50.15593170246089,50.389984130859375,679500.0
2020-01-30,49.9316328933284,51.17017187158005,49.9316328933284,51.082401275634766,880900.0
2020-01-31,50.70206533914173,50.96537341754427,49.99014618726432,50.17544174194336,1024300.0
2020-02-03,50.42899292181076,51.452980642389406,50.36072732178526,51.10190200805664,824100.0
2020-02-04,51.68704072885677,52.21366430082812,51.37496832773222,51.42372894287109,773400.0
2020-02-05,52.19415532227288,52.535483322358594,51.93084355640839,52.25267028808594,1405200.0
2020-02-06,52.45746939583502,52.64276121543341,51.95035083040135,51.98936080932617,679300.0
2020-02-07,51.76507554367237,52.22342992174229,51.521268677819045,51.93086242675781,800000.0
2020-02-10,55.47092585179339,55.47092585179339,53.24740523895286,54.427433013916016,1263300.0
2020-02-11,54.49569279014148,54.72974521684655,53.28640951817776,53.36442947387695,917900.0
2020-02-12,53.46195723694536,53.588737820364265,52.54524496653928,52.5940055847168,767200.0
2020-02-13,52.44770950081532,52.78904120005724,52.26241770078979,52.72077560424805,838100.0
2020-02-14,52.67201968810947,52.886570863602905,52.33069165454861,52.84756088256836,930300.0
2020-02-18,52.62326265378545,52.720787613009975,52.01862278738066,52.36970520019531,681800.0
2020-02-19,52.50624380050805,52.75980128972528,52.36971255860668,52.37946319580078,704200.0
2020-02-20,52.20390650292303,52.77929065208765,52.20390650292303,52.554988861083984,751000.0
2020-02-21,52.32094236895007,52.5257391943691,51.82357439842197,52.30143737792969,1096200.0
2020-02-24,51.01413301127291,51.53100220479329,50.92636241990187,51.03363800048828,1106700.0
2020-02-25,51.09514895441124,51.09514895441124,49.09352067958853,49.171634674072266,1200400.0
2020-02-26,49.55243840978483,49.81606759311385,47.726566352669884,47.79491424560547,1616300.0
2020-02-27,46.98449290665425,47.18954028706656,45.11956405639648,45.11956405639648,1911700.0
2020-02-28,43.8209511992897,44.57278167344413,42.93242495250364,44.553253173828125,3377400.0
2020-03-02,44.59230238416639,47.56056701101975,44.47513512182958,47.5410385131836,1988900.0
2020-03-03,47.12118383093679,47.89254271327978,45.754222541962896,45.969032287597656,1682300.0
2020-03-04,46.76969720444944,47.43365142906094,45.715180356649576,47.35553741455078,1052100.0
2020-03-05,45.68588946789527,46.03739508386201,44.11388031020029,44.45561981201172,1604800.0
2020-03-06,42.69808452321759,43.60613922371354,42.190354732910585,43.13746643066406,1821300.0
2020-03-09,40.2766202730777,40.95033694403293,37.71844567682578,38.46051025390625,1965200.0
2020-03-10,39.90556560218276,42.2196420042572,39.30995953391919,42.16105651855469,1895600.0
2020-03-11,40.755048057091,40.96009171869784,38.55814210498221,38.792476654052734,2214800.0
2020-03-12,35.65821320317637,36.42957193054435,32.39702930266243,32.40679168701172,2844000.0
2020-03-13,34.574418732208706,36.16595614270893,33.3636777707657,36.136661529541016,2900100.0
2020-03-16,31.82096582675465,37.06424756045065,31.459697851537843,32.631378173828125,2949100.0
2020-03-17,33.549189910475135,36.810374352550745,31.48898007547948,35.85350036621094,2852000.0
2020-03-18,32.53373383405954,34.0764517061982,30.91290569195502,33.773765563964844,2518400.0
2020-03-19,33.19769036499116,37.32787316049752,31.244885049403447,36.42958450317383,2331800.0
2020-03-20,36.65415340481104,37.07400680826446,30.14154818253849,30.5223445892334,3513800.0
2020-03-23,30.502821668700072,31.24488798174743,27.847006860694105,29.038217544555664,1796900.0
2020-03-24,30.9129020293586,33.187921570696574,29.7900395621204,32.94382095336914,1846200.0
2020-03-25,32.98288319126594,34.34008239675566,31.479225810357537,32.50444793701172,2509900.0
2020-03-26,32.8364216179721,34.85757477198629,31.94789537019137,34.57441711425781,1160100.0
2020-03-27,33.051228059473964,34.1448017041765,32.250578188158485,32.90476989746094,1097900.0
2020-03-30,32.92429336045228,34.73063648836875,32.12364361162315,34.59394073486328,1361700.0
2020-03-31,34.01786861937146,34.52559844648811,33.55895818002591,34.00810623168945,1932400.0
2020-04-01,32.055291364627514,32.416559196021545,31.117944127745737,31.860010147094727,1277700.0
2020-04-02,31.63544469491677,33.79329347639935,31.39134405290254,32.39703750610352,1380000.0
2020-04-03,31.860017823495056,32.924296804564314,31.615917173934957,31.92836570739746,1425100.0
2020-04-06,33.7054153786267,35.15049065874692,33.43202386540072,34.85757064819336,1301500.0
2020-04-07,36.742035654320034,37.15212301175073,35.32625095544968,35.41412734985352,1372300.0
2020-04-08,35.77539165980402,37.327871985828544,35.13096607492669,37.07400894165039,1046500.0
2020-04-09,37.52315158353326,39.51501374788432,37.52315158353326,38.48978805541992,1474500.0
2020-04-13,38.48002228453288,38.48002228453288,36.10736391719909,36.53697967529297,842400.0
2020-04-14,37.38645253004305,37.61102465754757,35.95113966655769,36.53697967529297,1110900.0
2020-04-15,35.21885459860755,35.43366444249483,33.59802582804044,33.74448776245117,1296600.0
2020-04-16,33.69565662530059,33.77377063166761,32.21152775113553,33.19769287109375,1792000.0
2020-04-17,34.40842565587268,35.52152390723931,34.03739166385716,35.28718566894531,1686700.0
2020-04-20,34.55488942143487,35.10167625002077,33.63707226510764,34.14480209350586,1118600.0
2020-04-21,32.98288723901092,33.6761360965877,32.76808114376579,32.9145393371582,867000.0
2020-04-22,33.724952215020735,33.85188189201545,32.904773747859736,32.973121643066406,778300.0
2020-04-23,33.18792747242644,33.490609907942655,32.09435383056248,32.14317321777344,1440000.0
2020-04-24,32.76807542041864,32.76807542041864,31.401110172758926,31.635448455810547,2221000.0
2020-04-27,31.40110920148444,31.918601416170937,30.63951446097454,31.791671752929688,2479700.0
2020-04-28,32.86570996176091,33.89093190298903,32.54349905437158,33.30509185791016,1336900.0
2020-04-29,34.34007089928574,36.06830360829516,34.33030851406539,35.83396911621094,2207400.0
2020-04-30,35.16026342316876,35.32625383710777,33.715187716512,33.84212112426758,1451300.0
2020-05-01,32.99264350547796,33.09028227192892,30.79573773820959,30.87384986877441,1850000.0
2020-05-04,30.375884434934736,31.10818635969332,29.419008504538382,31.01054573059082,2092100.0
2020-05-05,31.274169660322407,31.54756488241537,29.9755563229301,30.063432693481445,1418100.0
2020-05-06,30.20012879337709,30.20012879337709,28.833165703395547,28.979625701904297,1492100.0
2020-05-07,29.321373457267452,30.961728412444227,29.194440064630356,29.62405776977539,1186000.0
2020-05-08,30.25871880008949,30.600460110222915,29.64358593172157,30.28801155090332,920900.0
2020-05-11,29.82909622051111,29.82909622051111,28.80387432015352,29.30183982849121,1447700.0
2020-05-12,29.38971917708885,29.419010063733936,28.637888714195043,28.901517868041992,1556700.0
2020-05-13,28.471903142606514,28.72576807307688,27.57361256645768,28.120397567749023,2390200.0
2020-05-14,27.58337834518722,28.745298166846908,26.685087719275117,28.40355682373047,1463500.0
2020-05-15,28.032518403345723,29.184673796087743,27.495497705805388,29.1065616607666,4071300.0
2020-05-18,30.707863520089216,31.332760608594967,30.522346498561483,30.90314292907715,1705600.0
2020-05-19,30.7859729960783,30.98125238819304,30.31729835785477,30.327062606811523,1197200.0
2020-05-20,30.795741342810967,31.674501517767933,30.795741342810967,31.430400848388672,1045100.0
2020-05-21,31.31323707652477,31.694033567449974,31.07890063115999,31.332765579223636,1144400.0
2020-05-22,31.479225721542026,31.518279000068315,30.57116902038053,31.15701103210449,846300.0
2020-05-26,32.55897116512266,32.92095761941528,32.19698844288,32.32417297363281,1011400.0
2020-05-27,33.63512749315746,33.99711006615447,33.077477353226136,33.49816131591797,1070200.0
2020-05-28,33.93841797820945,34.04603535612122,32.87203336479647,33.048133850097656,1021300.0
2020-05-29,32.549169990358656,32.911152496053454,31.952385701588916,32.51982116699219,2610600.0
2020-06-01,32.44155715087035,33.15574056397484,32.040440337152816,33.0383415222168,1000600.0
2020-06-02,33.4883752102005,34.32974311863177,33.28292594848078,33.88949203491211,1668300.0
2020-06-03,34.59390843090137,35.122209955276546,34.51563987971249,34.711307525634766,1131000.0
2020-06-04,34.54498534375676,35.72876894651483,33.80144918866716,35.70920181274414,1176200.0
2020-06-05,37.89088385418756,38.95726830218411,37.35280078014501,38.23330307006836,1478700.0
2020-06-08,38.927912655013685,39.20184499412368,38.252859773566605,39.08444595336914,1403000.0
2020-06-09,37.851748607532414,38.066983324383926,37.02994773561157,37.43106460571289,1150300.0
2020-06-10,37.05929916595301,37.05929916595301,35.22981159275781,35.38634490966797,1699100.0
2020-06-11,33.47859959336263,33.811233391262256,31.45344797240138,31.492578506469727,2472400.0
2020-06-12,33.018779470182224,33.03834660215856,31.02297679318172,32.304595947265625,1933900.0
2020-06-15,30.66099617599893,33.08726471814213,30.504462842055787,32.85246658325195,1399300.0
2020-06-16,34.63303076747363,34.63303076747363,32.60787935421452,33.18509292602539,1275900.0
2020-06-17,33.29270889219192,33.29270889219192,32.42199212296827,32.676361083984375,1505900.0
2020-06-18,32.216550996035394,33.29271730665378,31.80564862132966,33.14596939086914,1521700.0
2020-06-19,33.87970335249724,34.09493426857885,33.1557346382748,33.977535247802734,4982900.0
2020-06-22,33.61555910473668,33.61555910473668,32.823107167742855,33.322059631347656,1525000.0
2020-06-23,33.899270257347005,34.24168562073533,33.55685116191111,33.595985412597656,1273800.0
2020-06-24,33.04813187876885,33.04813187876885,31.71759661677083,32.45134735107422,1110900.0
2020-06-25,32.16762692237367,33.16552817298555,32.001308181247445,33.10682678222656,1062500.0
2020-06-26,32.59808499555213,32.764403697921566,31.590402280655525,32.09913635253906,2485900.0
2020-06-29,32.48070126480789,33.08726751867162,32.12850030061303,32.9600830078125,871600.0
2020-06-30,32.81334152912533,33.80145777729661,32.61767387375029,33.54709243774414,1014200.0
2020-07-01,33.439461038687924,33.81122905502627,32.735059267109705,32.81332778930664,984500.0
2020-07-02,33.69383377253535,34.212353517399734,32.83290222900276,32.9600830078125,992000.0
2020-07-06,33.78187260999118,34.40800578739918,33.62533931563918,33.772090911865234,852100.0
2020-07-07,33.429673011038844,33.55685748370668,32.83289236985527,32.94050598144531,727300.0
2020-07-08,32.65679531581984,33.50794499030806,32.65679531581984,33.18509292602539,880700.0
2020-07-09,32.93073739605677,33.234022418710985,31.64911792464025,32.10893630981445,1066900.0
2020-07-10,32.20675207152322,33.781870339345865,32.0208699632393,33.75252151489258,1003900.0
2020-07-13,33.957976576357744,34.46671076910319,33.70361134600928,33.91884231567383,920500.0
2020-07-14,34.2221296996998,34.877615551138625,33.79166399735629,34.750431060791016,800900.0
2020-07-15,35.57223639812067,35.90487021550874,34.887401629139454,35.268951416015625,754500.0
2020-07-16,35.05370955800741,35.97334218881079,34.79934062409391,35.45482635498047,465600.0
2020-07-17,35.513529395922674,35.630928450593125,35.17111393144692,35.38634490966797,737900.0
2020-07-20,35.13197548401543,35.229807395911536,34.47649346380544,34.672157287597656,729600.0
2020-07-21,34.926516544331584,36.03203475601774,34.769983289477125,35.6602668762207,863300.0
2020-07-22,35.190687739931256,35.93422020332616,35.05372152815188,35.875518798828125,603400.0
2020-07-23,35.83638083770153,36.46251409444616,35.7776794453635,36.25706481933594,544300.0
2020-07-24,36.48208071277655,36.72666424600989,35.97334651580538,36.0711784362793,751300.0
2020-07-27,35.87550719523642,35.87550719523642,35.161323799061684,35.49395751953125,493200.0
2020-07-28,35.34721712974177,35.83638424965276,35.25916689887583,35.591800689697266,721500.0
2020-07-29,35.61136686151254,36.64839873923245,35.61136686151254,36.56034851074219,683100.0
2020-07-30,35.56244022679162,36.10052692483138,35.02435726079998,35.73854064941406,636600.0
2020-07-31,35.71899055594631,35.787477403671154,34.975457986311305,35.62115859985352,655700.0
2020-08-03,33.24379315087758,35.26894449296577,32.969860789875824,34.82869338989258,1471700.0
2020-08-04,34.730863412170045,35.00479578848932,34.33952824710075,34.61346435546875,904700.0
2020-08-05,35.249377496330794,36.08096374574583,35.03414652560509,35.68962860107422,897300.0
2020-08-06,35.464613639899454,36.37446471598353,35.464613639899454,35.71897888183594,767900.0
2020-08-07,35.59179246467232,36.9712432747575,35.59179246467232,36.941890716552734,605000.0
2020-08-10,37.13756528782607,37.95936616403518,37.039733360773305,37.76369857788086,804400.0
2020-08-11,38.722468624957465,39.30946763997386,37.74413444523098,37.77348327636719,1215600.0
2020-08-12,38.54635870691786,38.585489228139295,37.18647139617036,37.31365585327149,781700.0
2020-08-13,36.76580150144228,37.49955216090327,36.4820836840923,37.03973388671875,541100.0
2020-08-14,36.67774408989328,37.23539418330706,36.51142536565597,36.795143127441406,577900.0
2020-08-17,36.79515291705989,36.9125519858429,35.953784838008566,36.00270080566406,567200.0
2020-08-18,36.12324342026436,36.74065203561207,35.50583480491664,35.643035888671875,1233300.0
2020-08-19,35.83903381449527,36.20163715990962,35.30002803326882,35.486228942871094,852100.0
2020-08-20,35.03542877260805,35.52543476942775,34.88842547818251,34.89822769165039,657300.0
2020-08-21,34.92763252041925,35.251038325232244,34.45722713578647,34.61402893066406,860500.0
2020-08-24,34.741424946811776,35.87823867797852,34.741424946811776,35.87823867797852,1080900.0
2020-08-25,36.32903486484163,36.39763538749425,35.46662348777545,35.75082778930664,776200.0
2020-08-26,35.5940450671296,35.73124618569754,34.91783795199471,35.18244171142578,974400.0
2020-08-27,35.368627315867045,36.30943778133478,35.21182557162242,36.04483413696289,612600.0
2020-08-28,36.26043627657425,36.26043627657425,35.358827223071366,36.18203353881836,594800.0
2020-08-31,35.97623522635916,36.04483575890002,35.12362593731653,35.14322662353516,1274000.0
2020-09-01,34.8688331787111,35.90764363791087,34.60422945652355,35.44703674316406,989200.0
2020-09-02,35.29023147478568,36.04484118477619,35.143231913690926,35.868438720703125,1304400.0
2020-09-03,36.28984340842561,37.14245654585877,35.613636469707124,35.888038635253906,1050700.0
2020-09-04,36.50543928045723,36.81904275506583,35.839030962301884,36.133033752441406,846900.0
2020-09-08,35.71163100942833,35.79983222680311,34.54541823609389,34.917823791503906,1103100.0
2020-09-09,35.30983458529949,35.62343815661246,34.898231299869764,35.094234466552734,1042500.0
2020-09-10,35.407842666957755,35.71164406350726,34.427830443869134,34.45722961425781,959100.0
2020-09-11,34.27101868107162,34.888423510560976,33.977012108801794,34.56502151489258,1009200.0
2020-09-14,34.84921829307315,35.74102881344471,34.62381604489661,35.378421783447266,1022600.0
2020-09-15,35.44702909801777,35.83903535858913,34.64341962845038,34.682621002197266,1241000.0
2020-09-16,34.93742176697094,36.75044208091686,34.73161645009711,36.32903671264648,2435600.0
2020-09-17,35.87824286122121,36.50544999451876,35.67244122156722,36.25064849853516,923800.0
2020-09-18,36.093843154197096,36.53484555610373,35.88803779639843,35.95663833618164,2222800.0
2020-09-21,35.01582261888923,35.19222504928755,33.447805169180334,34.1240119934082,1478500.0
2020-09-22,33.92801279689325,34.604223437684404,33.69281202149113,34.02601623535156,967200.0
2020-09-23,34.07500460793022,34.44741007173727,32.840187868419115,32.869590759277344,801400.0
2020-09-24,32.859788549508714,33.496797600353865,32.17378340361106,32.869590759277344,861800.0
2020-09-25,32.39919526452553,33.11460351405564,32.242393507620974,33.00680160522461,752000.0
2020-09-28,33.77121250493632,34.4866208138262,33.43800827656099,34.03581619262695,702500.0
2020-09-29,33.77121614398368,34.00642069342527,33.153811211292286,33.516414642333984,703800.0
2020-09-30,33.8006146387754,34.35922116505463,33.6438128724242,34.055416107177734,1007200.0
2020-10-01,34.21221166464276,34.418013244670334,33.68300439733044,34.163211822509766,808100.0
2020-10-02,33.58500641028718,35.084423338330325,33.32040276325924,34.79042053222656,561100.0
2020-10-05,35.36862333512974,35.72142815458409,34.82961763360695,35.427425384521484,447200.0
2020-10-06,35.81943222281399,35.858633593880754,34.77081984669318,34.79042053222656,706100.0
2020-10-07,35.064818330467034,35.53522350993738,35.01581849189788,35.378421783447266,588100.0
2020-10-08,35.750840244004706,36.31924904508649,35.59403846068032,36.25064849853516,465800.0
2020-10-09,36.56424279616915,36.69164164264071,35.93703208341976,36.24083709716797,527300.0
2020-10-12,36.12323718085288,36.740645689558285,36.03503596532354,36.613243103027344,599100.0
2020-10-13,36.17224932889148,36.515252095702046,35.0550360444802,35.162837982177734,621200.0
2020-10-14,35.055020418851576,35.55482476176839,34.61401438777904,34.64341354370117,763200.0
2020-10-15,34.104413597798526,34.96682512226618,34.02601458927351,34.9276237487793,399800.0
2020-10-16,34.90802681781399,35.48623405438458,34.58462479787404,35.025630950927734,357100.0
2020-10-19,34.96682576444115,35.260828594094704,34.19261544687603,34.24161529541016,409800.0
2020-10-20,34.61402065253081,35.22162699506289,34.467017369417974,34.535621643066406,688200.0
2020-10-21,34.53563031026883,35.153035282012134,34.41802615888463,34.888431549072266,775300.0
2020-10-22,34.75121955532518,35.417627917224976,34.62382070558592,35.21182632446289,739000.0
2020-10-23,35.53522801660223,35.82923456219988,35.25102742147891,35.505828857421875,545500.0
2020-10-26,35.00601769799037,35.02561837980774,34.1926062255847,34.42781066894531,706800.0
2020-10-27,34.26121055227019,34.47681433778671,33.467403411865234,33.467403411865234,758500.0
2020-10-28,32.526591426258825,33.22240266965474,32.45799089695124,32.595191955566406,972300.0
2020-10-29,32.38939479560245,33.85941274764294,32.09539195288414,33.5360107421875,863400.0
2020-10-30,33.4870119520939,34.182823390331926,33.38901223662633,33.986820220947266,907900.0
2020-11-02,35.41762676654147,36.81904397573111,34.682617897600686,36.58384323120117,1242200.0
2020-11-03,37.26984570033108,37.49524795448423,36.80924271943038,37.13264465332031,813300.0
2020-11-04,36.07424585819386,37.04445571976214,35.525437749871315,35.6822395324707,1022500.0
2020-11-05,35.86842859709569,37.43644964202141,35.86842859709569,37.13264465332031,895000.0
2020-11-06,37.26985738661863,37.81866548519339,36.88765328197431,36.93665313720703,764000.0
2020-11-09,40.55288903443154,42.59131161954296,40.21968487532845,41.699501037597656,1272300.0
2020-11-10,42.11111740498459,42.56192203384461,41.36630618139495,41.513309478759766,1086300.0
2020-11-11,41.72891669893516,41.73871517494377,40.22949565505507,40.52349853515625,915600.0
2020-11-12,40.21968989856782,40.76849417849351,39.76888531478635,40.229488372802734,829400.0
2020-11-13,40.807694409311225,41.62110607063004,40.44509105759555,41.45450210571289,611500.0
2020-11-16,42.9441202226222,42.9441202226222,41.83670575300129,42.75791931152344,590700.0
2020-11-17,42.15031517413311,42.93432777789501,41.72891344651745,42.797122955322266,654600.0
2020-11-18,42.90492165682423,43.238125866893554,42.20911407470703,42.20911407470703,574400.0
2020-11-19,41.80730576548785,42.081707889770506,41.03309549946342,41.96410751342773,846600.0
2020-11-20,41.83670759221633,42.42471698831523,41.4349028538507,41.56230545043945,808300.0
2020-11-23,42.1699175260171,42.728524098233805,42.00331727113987,42.6599235534668,955400.0
2020-11-24,43.62466302186728,44.16444999525819,43.38911764125784,44.05649185180664,1244100.0
2020-11-25,43.722815981799535,43.77188685674155,42.73157083004684,43.54615783691406,705300.0
2020-11-27,43.448009604361786,43.54615133960256,42.51564814410556,42.60397720336914,493600.0
2020-11-30,42.30955176270172,42.78063886988781,40.96499041028304,41.131832122802734,3556000.0
2020-12-01,42.162326955868856,42.60397220032375,41.710869036589095,41.76975631713867,1107600.0
2020-12-02,41.52439699830229,41.907154950540985,41.14163530219693,41.77956771850586,869200.0
2020-12-03,41.72068184138704,42.38805604756088,41.56365283663241,41.82863998413086,793500.0
2020-12-04,41.995486251234,42.8002603847515,41.887528106321454,42.54508590698242,1025400.0
2020-12-07,42.191778113348434,42.50583616390034,41.86790364279143,41.96604537963867,876100.0
2020-12-08,41.42625134734539,42.6922997558752,41.38699316168555,42.56471252441406,1077000.0
2020-12-09,42.613786613635455,42.780632043399216,42.18195777025518,42.35861587524414,868700.0
2020-12-10,42.00529858744659,42.9572890461413,41.7795696243898,42.84933090209961,965900.0
2020-12-11,42.1917731067429,43.09468895897005,42.181956687902655,42.84933090209961,870100.0
2020-12-14,43.52651670884614,43.53633312744227,42.064184822829205,42.073997497558594,1251500.0
2020-12-15,42.44694453776335,43.70317661159501,42.43713186262831,43.50689315795898,1246200.0
2020-12-16,43.585402035939566,43.78168921653317,43.26153137024672,43.53633117675781,1060800.0
2020-12-17,43.7228071767949,43.909281705436754,43.1830201734008,43.58540725708008,1253100.0
2020-12-18,43.56577380326486,43.80131917339899,42.59415804314488,42.98672866821289,3606900.0
2020-12-21,42.85914517668275,43.20264871544188,42.11325830325966,42.95729064941406,1206700.0
2020-12-22,42.78063814791496,43.16339618205245,42.23103466020595,42.25066375732422,920100.0
2020-12-23,42.68248795115368,43.5657746832992,42.68248795115368,43.281158447265625,1043900.0
2020-12-24,43.29098734676055,43.41857461760545,42.92785837698267,43.18302917480469,300100.0
2020-12-28,43.47744783697178,44.0957512014852,43.37930610972002,43.59521865844727,523600.0
2020-12-29,43.80132900964069,44.10557065721374,43.16339645283126,43.24191284179688,586700.0
2020-12-30,43.23208977497547,43.909280422160094,43.11431895349998,43.59521865844727,742500.0
2020-12-31,43.46763691065954,44.28222376245037,43.44800781564606,44.18408203125,590500.0
2021-01-04,44.20371193212718,44.52758264608642,43.34005045512397,43.57559585571289,982800.0
2021-01-05,43.72280681971543,44.44906834582009,43.67373595505618,43.88965225219727,928000.0
2021-01-06,44.79256049209389,46.23526687864855,44.75330230952467,45.99972152709961,1076800.0
2021-01-07,46.29416160760224,46.29416160760224,45.440316521434085,45.881961822509766,1005400.0
2021-01-08,46.05861821623596,46.05861821623596,45.08699859029476,45.715118408203125,616400.0
2021-01-11,45.16550729715786,45.85251054035805,44.90052017147208,45.685665130615234,885200.0
2021-01-12,45.89176860319708,46.186201262002,45.49919796456849,46.04879760742188,606500.0
2021-01-13,45.89177178719172,46.55914603741656,45.51883021619969,46.26471710205078,602400.0
2021-01-14,46.60822270513801,46.755435307389504,46.2156482780663,46.51989364624024,486700.0
2021-01-15,45.9702781974606,46.67691048419011,45.45993307302997,46.313777923583984,557900.0
2021-01-19,46.60822188253746,47.02042165420725,46.29416010010272,46.67692184448242,445500.0
2021-01-20,46.65728826761784,46.89282990198601,46.10768488098083,46.4708137512207,535600.0
2021-01-21,46.32360776525873,46.59840762579356,45.64641704627317,45.666046142578125,533700.0
2021-01-22,45.09682229537107,45.7347511481862,44.93979325149236,45.62679672241211,645300.0
2021-01-25,45.04774452000998,45.87214781004504,44.81219911834261,45.86233139038086,740300.0
2021-01-26,46.01935897753833,46.3628625216149,45.26365567321033,45.36180114746094,513500.0
2021-01-27,44.674795253873285,45.49919847119983,44.37054991685827,44.50794982910156,816100.0
2021-01-28,45.0771843685915,45.84270033959139,44.97904263933864,45.18514251708984,657300.0
2021-01-29,44.90052793842443,45.567902205106016,44.27241186245757,44.44906997680664,1602400.0
2021-02-01,44.78275624740822,45.30291416082237,44.331294550620704,45.028114318847656,667200.0
2021-02-02,45.37161616943177,45.62679067181313,44.77294184907612,45.31272888183594,673200.0
2021-02-03,45.12625891240126,46.19602032149078,45.10662981617691,46.029178619384766,657300.0
2021-02-04,46.21564315043168,47.01060459231054,46.137126776181866,46.92227554321289,693200.0
2021-02-05,47.42280939745123,47.56020932321672,46.89283504618389,46.9124641418457,837000.0
2021-02-08,47.68778809953364,47.94295881006202,46.34322710848313,47.52094268798828,739500.0
2021-02-09,47.29521151549459,47.609269487748136,47.19706980311524,47.20688247680664,575000.0
2021-02-10,47.36392141616337,47.40317960691152,46.76525085465632,47.09893798828125,552100.0
2021-02-11,47.09894369064404,47.46207263936125,46.69655654642561,47.32467269897461,471400.0
2021-02-12,47.20688656540855,47.72704816889623,47.15781570496883,47.71723175048828,634500.0
2021-02-16,48.16870155316442,48.38461412441582,47.68779805418202,47.86445617675781,919700.0
2021-02-17,47.8546365001268,47.86445291952816,46.95172059628811,47.61909484863281,1052200.0
2021-02-18,47.38355255971308,47.38355255971308,46.40212021178949,46.48063659667969,905500.0
2021-02-19,46.83394595763484,47.38354559562078,46.64747144286097,47.16763305664063,772800.0
2021-02-22,47.09893587962255,48.57108427196431,47.01060682632736,48.5612678527832,1557700.0
2021-02-23,48.98676558435746,49.8220487166153,48.45611940172361,49.57637786865234,1446500.0
2021-02-24,49.55672466833278,49.93014541376803,49.35036205189739,49.507591247558594,860100.0
2021-02-25,49.96944558940884,49.96944558940884,47.77806222394237,47.88615798950195,1068700.0
2021-02-26,47.68963104080972,47.80755576473991,46.7855639825196,46.98210144042969,1926000.0
2021-03-01,47.77807413211613,49.08504507979151,47.75842001087587,48.66249084472656,1017900.0
2021-03-02,48.62317681901772,48.986768647116335,48.406985259728856,48.52490997314453,812600.0
2021-03-03,48.43646556687676,49.62551157828695,48.29889049099653,48.73126983642578,777700.0
2021-03-04,48.58386638894919,48.750924517763245,47.32603282505864,48.11217880249024,772300.0
2021-03-05,48.78041135246836,49.50759883677472,48.33820300043344,49.18331146240234,990900.0
2021-03-08,49.49776575672466,50.27408660432384,49.08504049514939,49.330711364746094,1411900.0
2021-03-09,48.83937495936343,49.4977711624397,47.77807488745254,48.31855010986328,1048700.0
2021-03-10,48.24975292468651,49.78274036180701,48.07286961468647,49.6255111694336,812000.0
2021-03-11,49.20295912953768,49.704129778985845,48.73127153211809,49.34053421020508,755200.0
2021-03-12,50.01858679784776,50.71629111549954,49.399495203278015,50.67698287963867,1134800.0
2021-03-15,50.61801727407829,51.15849611084491,50.29373372065778,51.12901306152344,1272800.0
2021-03-16,50.70646031396272,50.70646031396272,49.48793503628927,50.490272521972656,1944000.0
2021-03-17,50.85385744069087,51.26658260028306,50.559053219748,51.21744918823242,1351700.0
2021-03-18,51.453310787059095,52.36720677973426,51.09954411265062,51.94465255737305,1341600.0
2021-03-19,51.65966530768744,52.05274016158558,51.00126923834361,51.49261093139648,3396300.0
2021-03-22,51.15850374660858,51.21746235677259,50.23477886854558,50.80473709106445,3138100.0
2021-03-23,50.4804504828281,51.02092565957168,49.93015012045939,50.136512756347656,1163500.0
2021-03-24,50.34286876900471,50.83421045570041,49.98910215480147,50.018585205078125,957700.0
2021-03-25,50.17581959327072,51.2665951018862,49.52724864958369,51.09954071044922,625500.0
2021-03-26,51.49261187449075,51.80707026391276,50.97178712124079,51.74810791015625,470300.0
2021-03-29,51.03074753061407,51.63018498405981,50.716289153173605,51.23711013793945,875200.0
2021-03-30,51.47295543027068,51.9053347590248,51.20763047331717,51.757930755615234,678500.0
2021-03-31,51.5122683487713,51.68915168236456,50.3428763088071,50.39200973510742,1114100.0
2021-04-01,50.1758153277876,51.35503239887065,49.9203155467172,51.34520721435547,885900.0
2021-04-05,51.7481085334812,51.9839542027084,51.38451671920234,51.82672500610352,815000.0
2021-04-06,51.9053400805907,52.4359900489023,51.659669215480505,52.14118576049805,649600.0
2021-04-07,52.1313584222989,52.50477919831528,51.80707481972048,52.42616271972656,648200.0
2021-04-08,51.767772633915385,52.17067276219584,51.718639203372,52.09205627441406,633500.0
2021-04-09,52.60303941511321,52.720964118126986,52.07239324610942,52.68165588378906,747000.0
2021-04-12,52.72097350867501,53.26144870685136,52.68166526733558,53.24179458618164,700000.0
2021-04-13,52.93714910774348,52.99611145612949,52.25909897018144,52.5637321472168,639600.0
2021-04-14,52.494948075375866,53.389193613156586,52.494948075375866,53.08456039428711,560600.0
2021-04-15,53.10421980385366,53.22214077992835,52.75045312698934,53.09439086914063,436600.0
2021-04-16,53.48746348897397,53.63486751421289,53.12387164166208,53.42850112915039,541200.0
2021-04-19,53.55625356924839,53.59556181099123,53.02560355164089,53.32040786743164,369000.0
2021-04-20,53.00594182288898,53.192654070048725,52.60304177445333,52.9961166381836,449300.0
2021-04-21,52.8388901070938,53.89036110966244,52.8388901070938,53.86088180541992,355600.0
2021-04-22,53.62503647806419,53.85105322556897,53.28109876417428,53.34005737304688,377600.0
2021-04-23,53.45797331864695,54.44065662414679,53.32039450701994,54.253944396972656,519700.0
2021-04-26,54.36205846799675,54.892708531348354,54.234308545640125,54.27361679077149,762900.0
2021-04-27,54.06724658658052,54.68633824081893,53.91984256221516,54.59789657592773,596700.0
2021-04-28,54.882865365059935,54.882865365059935,54.22446929870909,54.43083190917969,355700.0
2021-04-29,54.73547263693854,55.22681439535155,54.65685615624519,55.17768096923828,613000.0
2021-04-30,55.16784138731437,55.472474568246,54.6764997237314,54.78459548950195,673700.0
2021-05-03,54.62736969017693,56.44533245856472,54.263777886227295,56.05226135253906,890100.0
2021-05-04,55.81641700926748,56.57308368576668,55.619879577289545,56.484642028808594,934100.0
2021-05-05,56.4158549050079,56.54360479902946,55.92451319576775,56.28810501098633,918300.0
2021-05-06,56.60256152074578,57.21182791894209,55.9932988711891,57.17251968383789,1210300.0
2021-05-07,56.41585395811597,57.477153831608746,56.307758184115066,57.428016662597656,650700.0
2021-05-10,57.58525202873088,58.36157289917698,57.38871832618156,57.41819763183594,957800.0
2021-05-11,57.17252527786299,57.44767545323515,56.43551266642472,56.71066284179688,825700.0
2021-05-12,57.12338641773032,57.12338641773032,55.58057379782216,55.67884063720703,869800.0
2021-05-13,55.36437775077855,57.50662766319749,55.28576128675175,57.14303588867188,607300.0
2021-05-14,57.29043907392472,58.184680780574745,57.17251812047624,57.90953063964844,479900.0
2021-05-17,57.64422124294163,57.79162528602098,57.10374599938491,57.43785858154297,736000.0
2021-05-18,57.30027499859971,57.8014419233884,57.10373755311082,57.13321685791016,689200.0
2021-05-19,56.69101518966969,57.20201110839844,55.963831429331385,57.20201110839844,691700.0
2021-05-20,57.18235033877388,57.18235033877388,56.19966685899584,56.759796142578125,1037600.0
2021-05-21,57.064426404442365,57.09390570773849,56.415855491449086,56.740142822265625,1421900.0
2021-05-24,57.07425959785673,57.781789170250605,56.99564311834626,57.56560134887695,543300.0
2021-05-25,57.5291956088892,57.93252942568157,56.39789527041089,56.42740631103516,926900.0
2021-05-26,56.86024944003401,57.0569984611247,56.30935668419061,56.59463882446289,1087300.0
2021-05-27,57.09634283546852,57.332438633080734,56.5356106252957,57.23406600952149,2514400.0
2021-05-28,57.49968205865604,57.59805469156043,56.67333918316285,57.43082046508789,724400.0
2021-06-01,57.883346139106095,58.26700469802042,57.40131118516517,57.54887390136719,654600.0
2021-06-02,57.77512616307207,57.77512616307207,57.05699546359271,57.342281341552734,859800.0
2021-06-03,57.07668130699765,57.60790260858102,56.86025697983199,57.24391555786133,713300.0
2021-06-04,57.32262411375634,57.37181044376288,56.73237689564866,57.11603927612305,770300.0
2021-06-07,57.214406015497936,57.214406015497936,56.28969034796632,56.37822723388672,737200.0
2021-06-08,56.00439483025064,56.63398868791538,55.69943366364879,56.41756439208984,676000.0
2021-06-09,56.102771744108274,56.102771744108274,55.52236415865969,55.532203674316406,934100.0
2021-06-10,56.01423129727999,56.11260768420005,54.932117309887445,55.01081466674805,586500.0
2021-06-11,55.19772983965878,55.67976101791848,55.19772983965878,55.33545303344727,790700.0
2021-06-14,55.12887703833714,55.42399875106579,54.52879409593904,54.91245269775391,751100.0
2021-06-15,54.941963039052624,56.02408097542349,54.81407934187083,55.59123229980469,890700.0
2021-06-16,55.3157798679754,55.66009161827199,55.030493954131984,55.2174072265625,860100.0
2021-06-17,55.48300721358976,55.6699166974739,53.35812629385558,53.57454681396485,1223000.0
2021-06-18,52.58098096153161,53.023665362112574,52.06943496004647,52.14813232421875,2481600.0
2021-06-21,52.699033533339126,53.73196139070442,52.48260919558932,53.67293930053711,872700.0
2021-06-22,53.65325751243383,53.869678071259656,53.06301041361399,53.53520584106445,861300.0
2021-06-23,53.55488574757281,53.95821961124975,53.28927509305249,53.34830093383789,790800.0
2021-06-24,53.672938330876086,54.42058023000532,53.46634976099437,54.22383117675781,829700.0
2021-06-25,54.400908864799625,54.90261917432406,54.11562290469171,54.71570587158203,1143700.0
2021-06-28,54.45992745145388,54.45992745145388,53.50569704096078,53.62374496459961,1008300.0
2021-06-29,53.90903779641633,54.14513742663165,53.34830539641579,53.5253791809082,594600.0
2021-06-30,53.24992102098542,53.82048906003823,53.24992102098542,53.76146697998047,811900.0
2021-07-01,54.19431622223495,54.577974784415815,53.830332939226906,54.302528381347656,682700.0
2021-07-02,54.35171074148375,54.35171074148375,53.9975632475365,54.09593963623047,578400.0
2021-07-06,53.74179957189779,53.78114638013942,52.72854326798614,53.033504486083984,1224100.0
2021-07-07,52.63999803151896,53.47618043132628,52.63016226918789,53.22040557861328,786500.0
2021-07-08,52.374392091349854,52.73837534681528,51.715283423299766,52.02024459838867,932300.0
2021-07-09,52.70886296038601,53.91886436198163,52.70886296038601,53.82048797607422,1231600.0
2021-07-12,53.35813253957481,54.33203437575196,53.21056983582654,54.15496063232422,786000.0
2021-07-13,54.10578178342094,54.22382971110822,53.358139904500185,53.377811431884766,866100.0
2021-07-14,53.49584672913885,54.233652618414176,53.26958670674872,53.51552200317383,707800.0
2021-07-15,52.817073424719815,54.19431285996691,52.817073424719815,53.70244216918945,1038300.0
2021-07-16,53.9090254290075,53.94837598379526,53.03349622469482,53.14170837402344,958800.0
2021-07-19,52.01040287455683,52.22682716721486,50.66267830817581,50.91844940185547,1163800.0
2021-07-20,50.859429297030346,53.10235840731556,50.84958978188671,52.462928771972656,1293900.0
2021-07-21,53.06300190354968,53.84015839505312,53.00397983000643,53.23023986816406,929800.0
2021-07-22,53.0236602575858,53.17121920845692,52.561300622303634,52.64983749389648,743500.0
2021-07-23,52.80723635015018,53.397479663349024,52.4924394160874,52.69902420043945,581300.0
2021-07-26,52.67935592061176,53.38765099267677,52.67935592061176,53.092529296875,419900.0
2021-07-27,52.51211537669391,53.42699515092685,52.4924400989746,52.8760986328125,600100.0
2021-07-28,53.24992508347094,53.24992508347094,51.89236084844025,52.38423156738281,609600.0
2021-07-29,52.96463105938181,53.15154055300942,52.41373458751989,52.98430633544922,507900.0
2021-07-30,52.7875638673474,53.22040873643038,52.50227795803842,52.75805282592773,601700.0
2021-08-02,52.81707202191029,53.7122765052418,52.551461405623954,52.77772521972656,812400.0
2021-08-03,53.06301371217781,53.19090115444001,51.92187375340009,52.70886993408203,2132900.0
2021-08-04,52.34488136366316,52.79740152751224,51.99073384319839,52.14813232421875,1302600.0
2021-08-05,52.56130082526806,53.33845739528679,52.315365486857736,53.14170837402344,864800.0
2021-08-06,53.7909794780645,54.30252545092548,53.55487989340728,54.03691482543945,759400.0
2021-08-09,53.90902947585295,54.62716026759871,53.722119955593335,54.20415115356445,655200.0
2021-08-10,54.14512313942127,55.00097703685055,53.958209886957455,54.686180114746094,912800.0
2021-08-11,54.80424182491746,55.27643732699747,54.33204632283745,55.2666015625,538900.0
2021-08-12,55.35513518012575,55.41416102164872,54.85342490887063,55.23708724975586,535900.0
2021-08-13,55.43382612603172,55.57155307362606,54.71569535775856,54.73537063598633,436500.0
2021-08-16,54.33203380352727,54.86325502821568,54.0369121518144,54.548458099365234,603000.0
2021-08-17,54.11808227831478,54.77793697403586,54.11808227831478,54.54157257080078,545300.0
2021-08-18,54.334746149440114,54.64005422416879,53.81277134269055,53.871864318847656,530300.0
2021-08-19,53.23170946494942,54.15748074272162,53.23170946494942,53.82262802124024,809300.0
2021-08-20,53.82262584322241,54.413540618656256,53.812775134696615,54.1870231628418,596600.0
2021-08-23,54.62035253996466,54.96505590672699,54.55141261800099,54.63020324707031,526300.0
2021-08-24,54.8567228407502,54.97490503208633,54.58095938504038,54.73854064941406,379000.0
2021-08-25,54.82717351903285,55.69385167325277,54.64990211359229,55.408241271972656,645200.0
2021-08-26,55.418094343296985,55.45748966038387,54.72869132205344,54.75823593139648,718800.0
2021-08-27,54.91580195582538,55.733237708142646,54.72867987422016,55.67414474487305,631800.0
2021-08-30,55.79234167564501,55.802188626327066,54.94536115311001,54.98475646972656,645600.0
2021-08-31,54.87642784338025,55.38855575030481,54.87642784338025,55.02415466308594,1648800.0
2021-09-01,55.12264131747188,55.12264131747188,54.46278285363709,54.81733322143555,977600.0
2021-09-02,54.80747840553232,55.083238093387,54.51201730346632,54.63020324707031,613600.0
2021-09-03,54.521864762077854,54.521864762077854,53.62564207300446,53.930946350097656,796700.0
2021-09-07,53.93095778362501,54.47263404867981,53.66504876234571,54.08853530883789,1199100.0
2021-09-08,54.16731954420065,54.689294330313565,53.88170913948283,54.393836975097656,666900.0
2021-09-09,54.00973939497052,54.67944470439531,53.72412900422737,53.75367736816406,968100.0
2021-09-10,54.10823187504543,54.10823187504543,52.62109424572761,52.6801872253418,1004900.0
2021-09-13,53.13322398077123,53.53701662982702,52.758975944078536,53.23170852661133,993100.0
2021-09-14,53.40898451905865,53.40898451905865,52.22715116645507,52.374881744384766,905200.0
2021-09-15,52.35517393618815,53.23169901109206,52.21729409388109,53.15291213989258,1088600.0
2021-09-16,53.27109814028432,53.40897799246593,52.71957497461371,52.83776092529297,832200.0
2021-09-17,52.70973113091593,53.33019425925147,52.197603251950255,52.27639389038086,5592500.0
2021-09-20,51.28168128024454,51.64607858022823,50.57258058237849,51.46880340576172,1314800.0
2021-09-21,51.80365806833072,52.1089661597479,50.91728591918945,50.91728591918945,941300.0
2021-09-22,51.59683846797453,52.02032876279821,51.52789853690505,51.57714080810547,692300.0
2021-09-23,51.91199040350392,52.729426332871896,51.81350586700032,52.13850784301758,694800.0
2021-09-24,52.18775149016004,52.62108869075181,52.14835617457605,52.158203125,783500.0
2021-09-27,52.68018171922398,53.48776690482023,52.68018171922398,53.10366821289063,625600.0
2021-09-28,53.290793605765366,53.694586194942566,52.49305537775691,52.57184600830078,742300.0
2021-09-29,52.63094278928257,53.7635338460097,52.58170051658674,53.51731872558594,813100.0
2021-09-30,53.75367461619157,54.15746717117714,53.09381629056516,53.1135139465332,1075900.0
2021-10-01,53.4483672696898,54.79762478678614,53.2513944644265,54.4332275390625,838200.0
2021-10-04,54.52187080795736,55.24081842885451,54.04913828011858,54.19686508178711,802800.0
2021-10-05,54.46278140607597,55.63476773036457,54.1574770750988,55.42794418334961,1081300.0
2021-10-06,54.7286890637614,55.75294472409074,54.15747201734885,55.7234001159668,760300.0
2021-10-07,56.23553208377867,56.560537846544015,55.9893169629969,56.06810760498047,602000.0
2021-10-08,56.01885653111734,56.580226617747634,55.84158137145052,56.55067825317383,405200.0
2021-10-11,56.77719820815277,57.26962836171196,55.880975478952784,55.93021774291992,611000.0
2021-10-12,55.88097118697415,56.4324905121565,55.79233361586361,56.0286979675293,452800.0
2021-10-13,55.92037345593413,55.92037345593413,54.63020870993497,55.30976104736328,633600.0
2021-10-14,55.86127642297365,56.255218281788686,55.50672612017945,56.22567367553711,380800.0
2021-10-15,56.85598155997569,57.062801310002776,56.48173361449071,56.74764633178711,488400.0
2021-10-18,56.36355589512655,56.61962168327081,56.0188562844831,56.20597839355469,349900.0
2021-10-19,56.678716689935015,56.69841434926228,56.34386399526019,56.59992980957031,414700.0
2021-10-20,56.43250135497024,57.23023964824073,56.35371447492496,57.2006950378418,405800.0
2021-10-21,56.85599591757485,57.22039324872945,56.22568580197403,56.62947845458984,432500.0
2021-10-22,56.88553719711017,57.07266308461435,56.363562367639375,56.688568115234375,395600.0
2021-10-25,56.79689910577006,56.89538740278237,56.24537967027866,56.787052154541016,500100.0
2021-10-26,56.865838734800754,56.90523029385073,56.42265082222756,56.44234848022461,319300.0
2021-10-27,56.13703539900436,56.35370586066113,54.71883796247665,54.748382568359375,548000.0
2021-10-28,54.91581985427656,55.5658276343223,54.8764282895349,55.55598068237305,435700.0
2021-10-29,55.58552004048844,55.86128350927925,55.01430295781434,55.22112274169922,573000.0
2021-11-01,55.56582920811181,56.68857336630358,55.12264497589466,56.23553466796875,878000.0
2021-11-02,56.30446674930985,56.84614296990729,55.89082718842917,56.52113723754883,915600.0
2021-11-03,56.30446674930985,57.15144728666849,56.30446674930985,56.52113723754883,777600.0
2021-11-04,56.36355513518361,56.36355513518361,55.37869482440225,55.80218505859375,743200.0
2021-11-05,56.61961908599474,56.964318680826,56.01885371476557,56.35370635986328,707100.0
2021-11-08,56.855983550055655,58.29387865811195,56.82643894385871,57.14159393310547,1019600.0
2021-11-09,56.727959176333634,57.24993775813792,56.491594777392855,56.787052154541016,584300.0
2021-11-10,56.90522571159329,57.190836094135655,55.94006308912196,56.35370635986328,876000.0
2021-11-11,56.265077826701486,56.85599258621768,56.11734725835022,56.688568115234375,630600.0
2021-11-12,56.66886372330926,56.66886372330926,55.67415269606542,56.17643356323242,557000.0
2021-11-15,56.41279516085115,56.41279516085115,55.26051044629318,55.378692626953125,596100.0
2021-11-16,55.58551313419819,56.0287010138473,55.32945111314749,55.624908447265625,941000.0
2021-11-17,55.76279001073417,56.53098361153322,55.57566790329212,56.30446243286133,762600.0
2021-11-18,56.25522012480067,56.74765028216013,55.41809036006716,55.831729888916016,730400.0
2021-11-19,55.31961403547029,55.4082516332377,53.990053825903786,54.78779220581055,957300.0
2021-11-22,54.768089048936375,56.39310650235672,54.768089048936375,55.84158706665039,920500.0
2021-11-23,56.258643110477,56.938951304526746,56.13046779468566,56.593868255615234,722400.0
2021-11-24,56.455831723956045,56.58400704076684,55.90369884130617,56.05158996582031,889500.0
2021-11-26,54.08954286996951,54.848729386679935,53.48810915146364,54.29659271240234,888700.0
2021-11-29,54.799433366307,54.89802745660567,53.85291279827186,54.33603286743164,1077300.0
2021-11-30,53.6655763608598,54.2472904535311,52.50214817551718,52.70919799804688,2767500.0
2021-12-01,53.66557075198651,54.44447668233124,52.64017588883314,52.67961502075195,1305700.0
2021-12-02,53.162741889534864,54.819148151244256,52.83737838872948,54.29659271240234,959500.0
2021-12-03,54.32617280462421,54.78957331717222,53.80361734060101,54.099403381347656,988200.0
2021-12-06,55.15436880027176,56.0121530963072,55.09521385649213,55.43043899536133,833100.0
2021-12-07,55.706506914164144,56.31779850329358,55.5881932623282,56.05158996582031,880800.0
2021-12-08,56.10089120414885,56.445974258485066,55.83468266460811,55.992435455322266,666400.0
2021-12-09,55.60790854221547,56.347375391121936,55.43043619758809,55.84453582763672,791400.0
2021-12-10,56.25864506674845,56.37695872175748,55.9037003405981,56.29808044433594,620300.0
2021-12-13,56.05158798185009,56.33751607802933,55.213527022563966,55.97271347045898,656000.0
2021-12-14,56.04173428184891,56.751623743230525,55.82482277728823,55.91355895996094,917300.0
2021-12-15,56.1699065278287,56.58400618354267,55.982572507376375,56.27836227416992,816000.0
2021-12-16,56.79106249966263,57.48123243249287,56.66289093127342,57.096710205078125,660400.0
2021-12-17,56.92909110047711,56.92909110047711,55.9036961378248,55.98257064819336,2051400.0
2021-12-20,55.26281986970698,55.36141770286937,54.345880707472,54.79942321777344,952700.0
2021-12-21,55.46988211444869,56.44598019542998,55.37128802030349,55.96286010742188,583800.0
2021-12-22,55.74595234807772,56.06145796269068,55.450166304518525,55.96286010742188,496100.0
2021-12-23,56.21919631958008,56.702312522285816,55.952987820465175,56.21919631958008,460800.0
2021-12-27,56.17976146979223,56.948805796216725,56.01215078782706,56.90937042236328,339700.0
2021-12-28,56.78119640846216,57.648838592103694,56.78119640846216,57.37276840209961,360200.0
2021-12-29,57.49108721086129,57.66855956550236,57.25445615096548,57.3530502319336,333500.0
2021-12-30,57.44178711201711,57.56996242774228,56.899512137811925,56.968528747558594,407100.0
2021-12-31,56.84036239621945,57.35305618380667,56.62345088223167,56.94881439208984,604200.0
2022-01-03,57.28403472900391,57.73757728913374,57.165721077333295,57.28403472900391,410100.0
2022-01-04,57.85589563777409,58.91086820686488,57.85589563777409,58.55592346191406,606500.0
2022-01-05,58.87143001379744,59.05876405505029,57.81645742772333,57.95449066162109,669500.0
2022-01-06,58.80240308932549,58.95029796321907,58.26998605665605,58.52633666992188,568700.0
2022-01-07,58.595360251915125,60.034854983243456,58.27985466042188,59.92639923095703,865700.0
2022-01-10,60.04471635849617,60.3010632399246,59.2362328140606,59.87710189819336,561700.0
2022-01-11,60.0841541523484,60.320785234901486,59.2066539598936,60.27148818969727,629100.0
2022-01-12,60.192602582237306,60.527827714397496,59.97569485751461,60.320777893066406,466000.0
2022-01-13,60.5081092871095,61.060245915523545,60.448954343398654,60.626426696777344,786200.0
2022-01-14,60.10387289974417,60.81376237656051,59.71935068684312,60.76446533203125,470600.0
2022-01-18,60.63629103578708,60.79404383763036,59.81794579045263,60.0545768737793,421400.0
2022-01-19,60.24190456130341,60.24190456130341,58.684096180199,58.75311279296875,364300.0
2022-01-20,58.83198813028995,59.72921163105423,58.13196032750796,58.260135650634766,449800.0
2022-01-21,58.279848740095936,58.48689855826971,57.1361401468351,57.33333206176758,482800.0
2022-01-24,56.72204079304901,58.26999122976866,56.14032667114573,58.1319580078125,875000.0
2022-01-25,57.37276311630301,58.043213319921975,56.11074097354859,57.500938415527344,799600.0
2022-01-26,57.92490710090431,58.5756378217206,57.17558229798254,57.82631301879883,576600.0
2022-01-27,58.32915270330146,59.167213739854205,57.08684988565146,57.45165252685547,558500.0
2022-01-28,57.24460858333854,58.072811800828624,56.88966380996796,58.062950134277344,836900.0
2022-01-31,57.48122022712704,58.91085683561334,57.17557634773447,58.82212066650391,1536000.0
2022-02-01,58.802408951864194,59.896820596644325,58.56578164339042,59.72920989990234,641300.0
2022-02-02,59.670047691691146,60.59684482423568,59.6503281236213,60.527828216552734,645600.0
2022-02-03,60.882774209624046,61.079966133377816,60.10386817941437,60.24190139770508,479000.0
2022-02-04,60.15316855213976,60.991233334235474,59.955980378586254,60.40951919555664,590800.0
2022-02-07,60.8926320501469,62.30254922600774,59.65032932569599,59.9756965637207,881500.0
2022-02-08,60.4390972507149,61.168706287700125,60.35036106731296,60.88277816772461,753700.0
2022-02-09,61.15884131647488,61.237719591290094,60.6560054784589,60.71516418457031,485300.0
2022-02-10,60.15317117018453,61.57295015275207,60.15317117018453,61.22786331176758,1162400.0
2022-02-11,61.0405272289818,61.849010734441976,60.5179718259979,60.77431869506836,1013200.0
2022-02-14,61.02081305572234,61.18842752276483,59.62075741408062,60.27148818969727,1007700.0
2022-02-15,60.71516567560618,61.1489849143741,60.30106224490309,60.58699035644531,631000.0
2022-02-16,60.340492976014126,61.26729003198319,59.83765343458715,61.18841552734375,681400.0
2022-02-17,60.57712595132356,60.87291571464257,59.99541185051823,60.14330673217773,575500.0
2022-02-18,59.91654467117039,61.04053387374495,59.82780848353958,60.7348861694336,763500.0
2022-02-22,60.846413161293725,60.95497618333988,59.80022857225151,60.214752197265625,663300.0
2022-02-23,60.54045808802931,60.826678959048216,59.1685767775946,59.365970611572266,675800.0
2022-02-24,57.76707453233727,58.34938417695477,56.80972080574306,58.23094940185547,1050800.0
2022-02-25,58.87247856783234,61.12275812919336,58.86260680696397,61.02406311035156,1064300.0
2022-02-28,59.23766090058165,60.68850117334591,59.23766090058165,60.54045486450195,963600.0
2022-03-01,60.2246159621223,60.43187774710896,58.70468867560668,58.93169021606445,968700.0
2022-03-02,59.6423148514852,61.073415324783085,59.59296733826263,60.6884994506836,695300.0
2022-03-03,60.70824248056136,61.103030162048746,60.214759761189306,60.73785400390625,419800.0
2022-03-04,59.33635669823629,60.20488727375534,59.15870263131253,60.08645248413086,658900.0
2022-03-07,59.50414144169362,59.89892531996648,58.8922202181636,58.90209197998047,1012700.0
2022-03-08,59.65217802378944,60.40227371801478,58.981041356313554,59.27713394165039,1118800.0
2022-03-09,60.65888865132364,61.52741920125874,60.19501750355261,60.234493255615234,900200.0
2022-03-10,59.57321620669949,60.40226707147362,59.57321620669949,60.106178283691406,961600.0
2022-03-11,60.431888855941466,61.06354608723747,59.9680139295323,60.08645248413086,648400.0
2022-03-14,61.093151411781854,61.48793525881245,60.40227497326119,60.86614608764648,715900.0
2022-03-15,61.32014910425952,61.87284720824543,60.87601401000408,61.85310745239258,922300.0
2022-03-16,61.981417339443375,62.51437948141152,61.487934711318864,62.484771728515625,1526200.0
2022-03-17,62.07025682031447,62.9683952331543,61.66560113463882,62.9683952331543,980900.0
2022-03-18,62.8894317155806,62.8894317155806,61.57676602610578,62.4354248046875,2788300.0
2022-03-21,62.83020254937684,63.20525036803671,62.395939230120845,63.15590286254883,1001600.0
2022-03-22,63.36317671116329,64.05405702050625,63.19539439758872,63.68887710571289,800800.0
2022-03-23,63.55069616308722,63.76782973763203,63.057213504557296,63.06708526611328,466000.0
2022-03-24,63.264479258277056,63.92574425470973,63.10656494830999,63.7678337097168,740900.0
2022-03-25,63.807321065567606,64.67584799457597,63.659274734613554,64.646240234375,1052700.0
2022-03-28,64.37973727451605,64.61660679192786,63.77768795655364,64.48829650878906,745900.0
2022-03-29,65.13971546149871,65.13971546149871,64.27118863279345,64.7646713256836,625800.0
2022-03-30,64.95217607191486,65.05087861385053,64.3007829688306,64.67582702636719,446300.0
2022-03-31,64.50805988192067,65.09036586018492,63.935618136206045,63.97509765625,807100.0
2022-04-01,64.83374284814327,64.9126943370613,64.08364722882348,64.40934753417969,638700.0
2022-04-04,64.1527429620449,64.32052525183516,62.93877612394459,63.02760314941406,682100.0
2022-04-05,63.02761273024068,63.669141763369446,62.28738866046486,62.474910736083984,1131900.0
2022-04-06,62.34659664908838,63.106560387434754,62.13933483816861,62.534122467041016,887100.0
2022-04-07,63.274347970785925,63.274347970785925,61.95181427668919,62.73151779174805,1087800.0
2022-04-08,62.92891068400139,63.78756950647603,62.76112837735741,63.590179443359375,682900.0
2022-04-11,63.60003185342748,64.30077615320346,63.60003185342748,63.81716537475586,523500.0
2022-04-12,63.80730676927811,64.3994844304653,63.45199866657629,63.669132232666016,555800.0
2022-04-13,63.461871350028126,64.08365677381886,63.17565051147276,63.91587448120117,629100.0
2022-04-14,63.98496788595176,64.56727385026653,63.98496788595176,64.30079650878906,540200.0
2022-04-18,63.93562386975489,64.82389432553003,63.93562386975489,64.646240234375,690000.0
2022-04-19,64.72518802981132,65.02127311029925,64.13301033888759,64.82388305664062,865800.0
2022-04-20,65.13969108654311,66.57078734843594,64.97190884093136,66.48196411132812,1287300.0
2022-04-21,66.6201620988731,67.31103484199326,65.73189176489849,65.7911148071289,995100.0
2022-04-22,65.40617938977964,65.53448968278569,63.83690836257117,63.86651611328125,849800.0
2022-04-25,63.37303539312092,63.98495653567201,62.0998493653603,63.836910247802734,990200.0
2022-04-26,63.35329911264185,64.05404350674523,62.59333168569309,62.61307144165039,615700.0
2022-04-27,62.91903729085213,63.89613082039533,62.56372918375504,63.27434539794922,581100.0
2022-04-28,63.73823165893555,63.88627798495882,62.89930875309447,63.73823165893555,864700.0
2022-04-29,63.294083125006274,63.60991172553067,61.78402739343811,62.02090072631836,1140700.0
2022-05-02,62.10972952770221,62.22816431503469,59.66205592131173,60.7674560546875,1123200.0
2022-05-03,61.26093756206861,62.42555694943786,60.8661499251735,61.97155380249024,1143700.0
2022-05-04,62.2380346397868,64.04417922355515,62.14920761009498,64.00469970703125,645000.0
2022-05-05,63.41252013769526,63.866523269328624,62.29724830131433,62.92890548706055,604900.0
2022-05-06,62.88942050891113,63.925729397555365,62.40580592923723,63.60003662109375,917200.0
2022-05-09,63.21513192068305,63.68887105873159,61.9912932641446,62.257774353027344,825500.0
2022-05-10,62.62294682309943,63.38291052901732,61.46819550515514,61.912330627441406,1022700.0
2022-05-11,62.0899887661096,63.04734634110008,61.49781107403805,61.56689834594727,883200.0
2022-05-12,61.52741318162727,61.82350200048543,60.16540009691141,61.132625579833984,1040500.0
2022-05-13,61.606374328356935,62.583471665403486,61.57676657313473,62.32686233520508,691300.0
2022-05-16,62.32685524033631,63.05720739582154,62.08011393497468,62.27750396728516,1089900.0
2022-05-17,62.96839501146688,64.04418750349632,62.92891548983888,63.95536422729492,1304100.0
2022-05-18,63.63953287792314,63.80731519024553,62.455169869295,62.6328239440918,949900.0
2022-05-19,61.89259300696381,62.50451420322648,60.8168006802764,62.11959457397461,1253300.0
2022-05-20,62.41568895275376,62.83021258301708,61.14250277698965,61.97155380249024,3710800.0
2022-05-23,63.05721495835575,63.60991313906855,62.56373228844848,63.26447677612305,1277700.0
2022-05-24,63.15876007080078,63.38598870785229,61.8250477398772,63.15876007080078,909500.0
2022-05-25,62.724080273903866,63.524310070991895,62.724080273903866,63.42551040649414,1487200.0
2022-05-26,64.08743427443324,64.28501853114477,63.899723954407904,63.99851608276367,695700.0
2022-05-27,64.10719636001946,65.15440659686763,63.94913044566363,65.13465118408203,910300.0
2022-05-31,64.71970648859514,65.5396878558217,64.14670164895787,64.69994354248047,1985800.0
2022-06-01,64.69007270563256,64.99633054888105,62.8821474546661,63.968875885009766,741300.0
2022-06-02,64.14669605252735,64.59126431569977,63.14887840674467,64.58139038085938,577700.0
2022-06-03,64.05779940627382,64.40358321312566,63.75154150148691,63.9590072631836,503000.0
2022-06-06,64.42332476692239,64.72958260582173,63.52430665964935,63.71200942993164,777800.0
2022-06-07,63.42550502215747,64.10718345507073,63.0204550740557,64.06766510009766,1200900.0
2022-06-08,63.44527220198714,63.51442744346581,62.63516471437007,62.6450424194336,687100.0
2022-06-09,62.60552856998056,62.69444299666692,60.79760691892895,60.82724380493164,675300.0
2022-06-10,59.52316519794922,60.27399516712408,59.52316519794922,59.61207962036133,1219700.0
2022-06-13,58.5451038589486,59.14774560884007,57.30030577110495,57.6065673828125,1086200.0
2022-06-14,57.80415298754722,58.61426424501519,57.636205620478144,57.83379364013672,1109100.0
2022-06-15,58.436424264254406,59.01930673835741,57.8239011432124,58.199317932128906,1373400.0
2022-06-16,57.16199133991149,57.51764898861876,55.99622627744996,56.21357345581055,1318200.0
2022-06-17,56.58898256903008,57.21138341089129,56.04561842967454,56.845848083496094,2174000.0
2022-06-21,58.00173672431229,58.23884308413006,57.19162929534131,57.78439331054688,1305500.0
2022-06-22,56.87548247192463,58.22895390930545,56.87548247192463,57.70534896850586,1115000.0
2022-06-23,57.63620002326179,58.16968649392814,56.79645573211034,57.32006072998047,703900.0
2022-06-24,57.69547858619547,59.177382963217504,57.69547858619547,59.0489501953125,1645600.0
2022-06-27,59.236657683626376,59.513282401175005,58.7426895499697,59.06871032714844,753000.0
2022-06-28,59.64171434297254,60.06652726035591,58.76245162470211,58.81184768676758,624300.0
2022-06-29,59.02919264233815,59.05882952471723,58.26848125562651,58.3277587890625,496000.0
2022-06-30,57.66583849651303,58.9303994732319,57.49789114111658,58.54510116577149,914500.0
2022-07-01,58.4759518558724,59.46388821695699,58.13017563696405,59.42437362670898,864200.0
2022-07-05,58.56486538235618,58.6142652145965,57.053323979018906,57.77451705932617,772000.0
2022-07-06,57.70536226700844,58.3080040457345,56.83597722055062,57.82391357421875,574700.0
2022-07-07,58.387037949822826,58.84149154414269,57.89306976490494,57.92271041870117,970100.0
2022-07-08,58.23883932033123,58.564856304248735,57.17186642312306,57.231143951416016,993000.0
2022-07-11,56.84585796359804,57.6856023459469,56.84585796359804,57.25091171264648,583300.0
2022-07-12,56.81621071608368,57.655958769642126,56.44079766353895,57.0335578918457,748800.0
2022-07-13,56.5198378293201,57.04344665891364,56.28273521514932,56.588993072509766,768300.0
2022-07-14,55.324431046929625,55.7591216484315,54.7613076752676,54.93913650512695,1046200.0
2022-07-15,55.788756367897314,56.13453251770761,55.334302868418575,55.76899719238281,796000.0
2022-07-18,56.24320951925136,56.55934880935529,55.44297982129461,55.5615348815918,795700.0
2022-07-19,56.22345048777692,57.082953949425,56.22345048777692,57.0335578918457,676900.0
2022-07-20,56.87548874301934,57.250905567519794,56.55934944933821,57.00392150878906,616100.0
2022-07-21,56.68777942876776,56.737175484350445,55.9665864649637,56.70753860473633,494200.0
2022-07-22,56.81621662203856,57.14223741957095,55.98634995493922,56.36176681518555,472700.0
2022-07-25,56.76681701121476,57.38921791480669,56.50007376681822,57.12247467041016,437200.0
2022-07-26,57.152112007559225,57.50776966958676,56.82609499648586,57.171871185302734,429700.0
2022-07-27,57.41885043349196,57.586801545872575,56.5692247052403,57.310176849365234,733400.0
2022-07-28,57.37933641716761,57.58680211509069,55.83815458543,57.04343795776367,575600.0
2022-07-29,57.28053994857893,57.9226999807228,57.28053994857893,57.54728317260742,693100.0
2022-08-01,55.79864194056703,56.29261009206144,53.970961287508885,54.97865676879883,1951800.0
2022-08-02,54.78106357016358,55.31455002777282,54.22781793612317,54.67238998413086,1176300.0
2022-08-03,54.93913321293548,55.17623579275455,54.237699408677535,54.67238998413086,1019900.0
2022-08-04,54.42540999183811,54.6921532405415,53.69433548405719,53.72397613525391,848300.0
2022-08-05,53.62519223731107,54.53409578080853,53.44736336507632,54.45505905151367,666500.0
2022-08-08,54.800822248445336,55.45285999003696,54.69214866340048,54.7020263671875,748300.0
2022-08-09,54.93912930805382,55.55164865917449,54.91937013302706,55.38370132446289,601100.0
2022-08-10,55.92707339288552,56.36176399919904,55.82827750371575,56.302490234375,713800.0
2022-08-11,56.70754949415546,57.12248096314127,56.68779031439258,56.816219329833984,499300.0
2022-08-12,57.03355862527637,58.01161716010536,57.03355862527637,58.00173568725586,651900.0
2022-08-15,57.3497041290704,57.94246819785147,57.152116106143374,57.77451705932617,560400.0
2022-08-16,57.6489082327715,58.29175705443689,57.6489082327715,58.153297424316406,574400.0
2022-08-17,57.6291261022127,58.33131636221086,57.6291261022127,57.826927185058594,1022300.0
2022-08-18,57.8862721124454,58.31154317331964,57.8862721124454,58.30165481567383,598500.0
2022-08-19,58.20275617831356,58.30165862494536,57.48078529524301,57.59946823120117,1339200.0
2022-08-22,56.976390693810544,57.12473869077145,56.24452774814649,56.33353805541992,726700.0
2022-08-23,56.65990402820937,56.758802681658906,56.10606175976327,56.37309265136719,696300.0
2022-08-24,56.34342683485319,56.62034609757261,56.11595690151338,56.56100463867188,755000.0
2022-08-25,56.91705037588884,57.32254094545664,56.50167144875504,57.31265258789063,477900.0
2022-08-26,57.42144105987784,57.73792130756831,56.15551629637384,56.17529678344727,652900.0
2022-08-29,55.819260890972544,56.42255259971389,55.581902568913904,55.85882186889648,763600.0
2022-08-30,55.79947076990447,56.16540409341975,54.99838185531242,55.126953125,925200.0
2022-08-31,55.29509024210205,55.49289135577417,54.69179854313617,54.701690673828125,1170200.0
2022-09-01,54.55333364102115,54.919263213787055,54.10828212131013,54.89948272705078,854200.0
2022-09-02,55.5621133330261,56.24452311744372,54.57311167707724,54.82036209106445,823500.0
2022-09-06,55.28520444160842,55.50278228124456,54.5731219085453,54.721473693847656,1177000.0
2022-09-07,54.57311735861794,55.80936955725872,54.57311735861794,55.61156845092773,1016900.0
2022-09-08,55.38410818742975,56.12585963636853,55.06762787103529,56.04673767089844,891300.0
2022-09-09,56.18519269416856,56.66980145548019,56.10607074055061,56.234642028808594,768900.0
2022-09-12,56.62034846810857,57.15441030234884,56.40276688243834,56.81814956665039,764500.0
2022-09-13,56.05661384230794,56.4225433965609,55.1269536491884,55.23574066162109,946500.0
2022-09-14,55.473103060310514,55.61156268857261,54.43465207560286,54.76102066040039,1242200.0
2022-09-15,54.93904950143959,55.463223023442254,54.69179905024252,54.81047821044922,961300.0
2022-09-16,54.41487065333997,54.41487065333997,53.14894976216622,53.36652755737305,2780800.0
2022-09-19,52.86214441849626,54.52366766429006,52.86214441849626,54.50388717651367,1150500.0
2022-09-20,53.99949843939038,54.16763071241144,52.6643474772336,53.20829772949219,1086900.0
2022-09-21,53.50498796044896,53.90059013105808,52.26873589322286,52.29840850830078,916800.0
2022-09-22,52.26873533509297,52.26873533509297,51.20061552224088,51.25006484985352,877700.0
2022-09-23,50.64677636648583,50.83468910483826,49.78634594020196,50.4390869140625,892100.0
2022-09-26,50.11271229214383,50.48853397924302,48.81712253233497,49.12371063232422,998100.0
2022-09-27,49.55887156206312,49.88524013339007,48.91601900281723,49.56875991821289,791400.0
2022-09-28,49.885245900429815,50.59732835327045,49.60832662332166,50.35996627807617,1133500.0
2022-09-29,49.99403493590014,50.35007614979725,49.499534088319045,50.21161651611328,1060000.0
2022-09-30,50.241291888986936,50.56766430172161,49.21272908688942,49.29185104370117,1318100.0
2022-10-03,49.92480644488327,51.329190851134896,49.222616128128536,50.953369140625,990300.0
2022-10-04,51.42808513738971,52.69400602580191,51.42808513738971,52.60499572753906,910900.0
2022-10-05,52.120396828502486,52.5061069358474,51.97204504595019,52.21929550170898,774900.0
2022-10-06,51.78412835027553,52.05115925547959,51.54676628806904,51.576438903808594,806100.0
2022-10-07,51.33907481877704,51.36874366060562,50.478644451071794,50.78523254394531,760900.0
2022-10-10,51.05227361429456,51.40831487817047,50.70612448149444,50.86436462402344,461100.0
2022-10-11,50.75556143000626,52.04126274582763,50.75556143000626,51.34896087646485,627300.0
2022-10-12,51.220402637247744,51.49732192591345,50.91381072998047,50.91381072998047,554500.0
2022-10-13,50.478652041013085,53.27752513235357,50.12261079456866,53.0698356628418,878300.0
2022-10-14,53.59400206294849,53.98960426162746,52.30830057635508,52.417091369628906,842900.0
2022-10-17,53.198403157894575,53.6731235283886,52.78302047574847,53.01049041748047,889300.0
2022-10-18,54.17751646215408,54.51377721926325,53.60389738987516,54.0093879699707,864600.0
2022-10-19,53.87091759070937,54.533546842339724,53.425866122510506,53.94014739990234,617000.0
2022-10-20,53.44565484726935,54.28630481579162,52.97093446557818,53.050052642822266,624600.0
2022-10-21,53.29730167132298,54.93904436280403,53.05005124325209,54.88959503173828,874300.0
2022-10-24,55.22585230512426,55.868704886933045,54.97860189254271,55.23574066162109,603100.0
2022-10-25,54.75114149438296,55.344541078754986,54.46433006041471,55.1467399597168,715900.0
2022-10-26,55.60167393529365,55.680792105418085,55.12695359632136,55.35442352294922,524100.0
2022-10-27,55.87859482419498,56.53133578096616,55.64123276139546,55.74013519287109,768300.0
2022-10-28,56.16540818835241,57.42144081662779,56.09617837025978,57.35221099853516,785300.0
2022-10-31,56.62034560273855,57.20385673889916,55.74013472015129,56.39287567138672,1029500.0
2022-11-01,56.65001806609326,56.98627880626527,55.68079682036032,55.86870956420898,1014900.0
2022-11-02,55.611565158588405,56.38298527759277,54.81047242310858,54.89948272705078,812800.0
2022-11-03,54.33575167353688,55.0082731268228,53.92037277325314,54.612674713134766,554500.0
2022-11-04,55.30497589920359,55.71047023743725,54.38520774511911,54.85992813110352,687600.0
2022-11-07,55.324755613343775,55.324755613343775,54.44454467417483,54.98849487304688,688500.0
2022-11-08,54.97860714552196,55.255526426794376,54.325866144849634,55.03794860839844,488100.0
2022-11-09,54.77091796503126,54.830255655469344,53.67312541901951,53.86103439331055,662300.0
2022-11-10,55.393982801725166,56.01705492059768,54.97860390430484,55.96760559082031,774000.0
2022-11-11,56.50166528531771,56.50166528531771,55.10717311060478,55.35442352294922,659200.0
2022-11-14,55.36431222017063,56.16540491928392,54.81046993492345,54.87970352172852,495700.0
2022-11-15,55.26541158449254,55.34452975227043,54.30607880577134,54.968711853027344,679400.0
2022-11-16,55.0280501299825,55.25552005232058,54.49398834393217,55.01816177368164,773000.0
2022-11-17,54.46432421148162,55.47310641477481,54.46432421148162,55.41376495361328,651600.0
2022-11-18,56.017064425362506,56.38299405509503,55.34454286260169,55.99728393554688,761500.0
2022-11-21,55.937945462700775,56.363216555979534,55.66102238186692,56.18519592285156,447000.0
2022-11-22,56.61390064515654,56.96043402630544,56.38617816941146,56.5346908569336,539500.0
2022-11-23,56.465388059895474,56.75251789653368,56.19806067167344,56.742618560791016,524400.0
2022-11-25,57.02973897486051,57.07924697946533,56.613898930079394,56.84162139892578,277900.0
2022-11-28,56.42578518500497,56.80202036241778,56.07924801389647,56.20796203613281,738700.0
2022-11-29,56.128753163408334,57.26736938050573,55.95053490722038,57.20796203613281,656100.0
2022-11-30,57.04954345121762,57.71291221183501,56.0495444196647,57.57429885864258,2660900.0
2022-12-01,58.07925002693979,58.28717006383447,57.079250961210086,57.46538925170898,861700.0
2022-12-02,57.009943266218606,57.19806085192345,56.336675159475085,57.09904861450195,699600.0
2022-12-05,56.802020645939386,56.8416255417376,55.544593531326846,55.77231979370117,667600.0
2022-12-06,55.75251838341641,56.64360589387573,55.52479589373466,56.55449676513672,875000.0
2022-12-07,56.46538048527197,57.06934186168801,55.61389420225464,55.683204650878906,835700.0
2022-12-08,55.82182312011719,56.21786074088731,55.564395078532456,55.82182312011719,522700.0
2022-12-09,55.63370375285705,56.28716943865977,55.38617881464495,55.92083358764648,933100.0
2022-12-12,55.86141868239464,56.237657595096806,55.60399444334388,56.12874603271485,750900.0
2022-12-13,57.33666769842569,57.5445877080114,55.901022522701545,56.18815231323242,963200.0
2022-12-14,56.09904832711288,56.88122798927284,55.39607845314002,55.69310760498047,1017100.0
2022-12-15,55.099051561770246,55.6832105543585,54.85152662892659,55.356475830078125,889300.0
2022-12-16,54.63369788074454,55.42577682928874,54.27726140966707,55.24755859375,2822700.0
2022-12-19,55.30696973053081,55.82182202668471,54.277265138223015,54.40597915649414,1172500.0
2022-12-20,54.69310934491529,56.14855334239005,54.27726550497205,55.227760314941406,1406000.0
2022-12-21,55.79211795024327,56.86142746535096,55.712911936307904,56.851524353027344,1047300.0
2022-12-22,56.77231483059161,57.00003729986236,55.77231583275652,56.62379837036133,656700.0
2022-12-23,56.663406685428775,57.3960821421867,56.5247933285388,57.27726745605469,560100.0
2022-12-27,57.25746680396474,58.17825603957535,57.01984121685419,58.01984024047852,702700.0
2022-12-28,58.16835819729854,58.277269770147065,57.29706939144096,57.30697250366211,546600.0
2022-12-29,57.33667534047712,58.237665945699575,57.33667534047712,58.089149475097656,513400.0
2022-12-30,57.8614293171929,58.18816405488655,57.52479524362864,57.75252151489258,708200.0
2023-01-03,57.81191280395162,58.46537836360317,57.52478302459243,58.00993347167969,870100.0
2023-01-04,58.42577663582514,59.16835134728515,58.24756217985061,58.683204650878906,787600.0
2023-01-05,58.49509575009002,58.653511560927925,57.98024342063414,58.62380599975586,710600.0
2023-01-06,59.09904992442024,59.94063693830015,59.09904992442024,59.87133026123047,699100.0
2023-01-09,59.81193091048111,59.81193091048111,58.34658360719726,58.38618850708008,799900.0
2023-01-10,58.42577692599163,58.66340249668831,58.10894534968293,58.45548248291016,703100.0
2023-01-11,58.56440275442865,59.25746957008698,58.40598694271662,59.2376708984375,602900.0
2023-01-12,59.53469533230311,59.58419956134637,59.17825884010274,59.28717041015625,627500.0
2023-01-13,58.891130549373614,59.68320956537424,58.80202142401538,59.62380599975586,515300.0
2023-01-17,59.68320988085846,59.68320988085846,58.67330771377035,58.76241683959961,654300.0
2023-01-18,58.79211520878176,59.00003521797631,57.77231005414757,57.8911247253418,847100.0
2023-01-19,57.52478845095735,57.88122493110482,57.29706598351434,57.49508666992188,762800.0
2023-01-20,57.62380004123023,58.38617722040861,56.960431315688346,58.37627410888672,775900.0
2023-01-23,58.534690297733405,59.14855480061908,58.26736293878585,58.99013900756836,505400.0
2023-01-24,59.029739935090205,59.72281044382821,58.76241257699424,59.63370132446289,598700.0
2023-01-25,59.41587560928538,60.029740083517744,59.26736293475581,59.99013519287109,482700.0
2023-01-26,60.05945089934002,60.58420256010431,59.96044243475723,60.54460144042969,504700.0
2023-01-27,60.36637843094156,60.673306913147066,59.940635268272125,60.38618087768555,526100.0
2023-01-30,60.20795366461298,60.85151609173237,59.7822105653674,59.82181167602539,470200.0
2023-01-31,59.891133654657175,60.88123337350008,59.44558802579172,60.87133026123047,729400.0
2023-02-01,60.22776549552218,60.54459709174733,59.46538828681462,59.94063568115234,776700.0
2023-02-02,59.80202496108164,60.00004188473677,58.7426185564177,59.58420181274414,1044200.0
2023-02-03,59.50498962402344,59.69311098161859,59.12875446269428,59.50498962402344,1033400.0
2023-02-06,59.5148879325908,61.16835246200717,59.31686725596608,60.83171844482422,1142700.0
2023-02-07,60.44558719615243,62.38618174235108,60.44558719615243,62.12875747680664,946200.0
2023-02-08,61.792120533500494,62.09905279228568,61.445587158203125,61.445587158203125,899000.0
2023-02-09,61.69312150777093,62.6139146479564,61.10896245944822,61.13866424560547,917400.0
2023-02-10,61.10895870710905,61.61390792543171,60.851530653116434,61.554500579833984,891700.0
2023-02-13,61.376278987354574,62.06934572105872,61.31687164863832,61.95053482055664,745300.0
2023-02-14,61.78221852543373,62.06934454814377,61.108950473760544,61.16835403442383,892200.0
2023-02-15,60.8515234968573,61.64360246035596,60.544595023024925,61.53469467163086,3252800.0
2023-02-16,61.2673760799596,61.66341372991233,60.742620622799066,61.04955291748047,517600.0
2023-02-17,61.01985000085831,61.01985000085831,60.51489700209874,60.90103530883789,639800.0
2023-02-21,61.09231522891492,61.09231522891492,59.992177203876686,60.23995590209961,563600.0
2023-02-22,60.0020939457463,60.54720635726151,59.89307070728264,60.10120391845703,383300.0
2023-02-23,60.25978502628056,60.58685475731952,59.813782566138016,60.160675048828125,647700.0
2023-02-24,59.76422038235791,60.59675694745993,59.30830849167897,60.53729248046875,702700.0
2023-02-27,60.85445176058972,61.112139951507885,60.26969386267228,60.35889434814453,449300.0
2023-02-28,60.438187447088,60.81481217580639,60.38863245718375,60.547210693359375,1396500.0
2023-03-01,60.21023020841638,60.85445640609524,60.20032072296433,60.705787658691406,521300.0
2023-03-02,60.49764890433201,60.89409255981445,60.19040195217068,60.89409255981445,704600.0
2023-03-03,60.9733848629615,61.250895805812505,60.46791418185087,61.21125030517578,500600.0
2023-03-06,61.31036965464164,61.558148385039765,60.73552118533235,60.78507995605469,911200.0
2023-03-07,60.67605406152048,60.82471902478879,59.17946847798496,59.19929122924805,917000.0
2023-03-08,59.29840234037752,59.665113770378255,58.26764200549664,58.32710647583008,772500.0
2023-03-09,58.39648864788073,58.70373563088823,57.4549325085802,57.65315246582031,829300.0
2023-03-10,57.22697683536119,57.54413330558446,56.49355013496778,56.84043884277344,1045000.0
2023-03-13,55.66101038774462,55.84932085006015,54.630250025926365,55.0465202331543,1079100.0
2023-03-14,56.334974931392246,56.56293092033193,55.24474997893224,55.77994918823242,1094400.0
2023-03-15,54.144606253622925,54.63025042129991,53.04446814610522,53.827449798583984,1262700.0
2023-03-16,53.44091006379423,55.680831707112,53.09402138402526,55.37358474731445,1455400.0
2023-03-17,55.09607160031951,55.09607160031951,53.044464277318525,53.11384201049805,2776300.0
2023-03-20,53.5697567634218,55.046519550086686,53.53011126212002,54.769004821777344,1157500.0
2023-03-21,55.87905689858791,56.0376351250499,55.43305445516259,55.522254943847656,1176500.0
2023-03-22,55.50243565343404,55.70065939407127,53.93647226128368,53.95629501342773,1064800.0
2023-03-23,53.79771195781437,54.194159403574574,53.01473411268267,53.302154541015625,990600.0
2023-03-24,52.66783710711464,54.15450922920844,52.380412922783854,54.07522201538086,1061100.0
2023-03-27,54.86812430674323,55.3934140210545,54.55096782480396,55.12581253051758,1240100.0
2023-03-28,54.93749292070431,55.40331808023781,54.79873745551634,55.38349533081055,936900.0
2023-03-29,56.10701167170688,56.41425485225261,55.98807894958605,56.39443588256836,1065500.0
2023-03-30,56.523276841433216,56.81070104594804,56.2854114024439,56.79087829589844,850900.0
2023-03-31,57.16750687183709,57.623418811564825,57.07830638095093,57.504486083984375,1295900.0
2023-04-03,57.53421621380395,58.07932862445609,57.03865878942872,57.07830429077149,1008200.0
2023-04-04,57.256708075368,57.276530827012,55.35376550637972,55.710567474365234,839800.0
2023-04-05,55.264558570121714,55.869139191953714,55.105980356264375,55.72047424316406,690600.0
2023-04-06,55.86914175767042,56.07727874481891,55.38349760953099,55.87905502319336,591500.0
2023-04-10,55.80967364582367,56.16647178450279,55.7402959149025,55.948429107666016,668400.0
2023-04-11,56.06736395169037,56.64221235066191,55.92860848457391,56.374610900878906,689200.0
2023-04-12,56.54310063787226,56.810702097289735,55.91869723256484,56.087188720703125,572700.0
2023-04-13,55.69073938640327,56.235855552371845,55.57180666873873,56.20611953735352,595600.0
2023-04-14,56.48363147541145,56.63229641998085,55.38349349390532,55.74029541015625,503400.0
2023-04-17,55.631272344485176,56.73141032919813,55.39340313935693,56.69176483154297,673500.0
2023-04-18,56.73142191100676,57.05848788142602,56.35479716799965,56.999019622802734,754400.0
2023-04-19,56.95937570369972,57.24679615729828,56.87017520960268,56.97919845581055,431500.0
2023-04-20,56.95937263562352,56.989104871786566,56.29532370849114,56.61248016357422,480600.0
2023-04-21,56.44399304376719,56.45390252899124,55.393409912267806,55.93852233886719,475200.0
2023-04-24,56.04754767611195,56.34488139439304,55.869146688982624,56.12683868408203,425900.0
2023-04-25,55.67091848040996,55.82950048361862,55.32402980039865,55.611454010009766,722900.0
2023-04-26,55.20509719848633,55.7898551037754,54.8185630168348,55.20509719848633,1101500.0
2023-04-27,55.25465540993303,56.37461630018529,55.14563216652751,56.354793548583984,612900.0
2023-04-28,56.285410967141054,57.40536798025991,56.285410967141054,57.05847930908203,961200.0
2023-05-01,58.83257856308408,59.75431568328897,57.4846617515671,59.59573745727539,1183400.0
2023-05-02,59.26866619847197,59.357866684585645,57.62341572855542,58.49559783935547,744200.0
2023-05-03,58.81275226276702,58.95150772955434,57.8612829641086,57.90092468261719,701200.0
2023-05-04,57.68288612529958,57.98021982980461,57.0386599482027,57.5639533996582,668600.0
2023-05-05,58.25772601143152,58.89203887063413,58.02977006395575,58.09914779663086,498600.0
2023-05-08,58.24781864150569,58.505506832109766,58.07932715546213,58.2874641418457,793000.0
2023-05-09,58.148702779855526,58.48568195890727,57.9703055964073,58.09914779663086,730200.0
2023-05-10,58.33701781437152,58.47577328163676,57.19723428045912,57.970306396484375,662400.0
2023-05-11,57.6630646591489,57.891020630375806,57.30626269347086,57.88111114501953,817300.0
2023-05-12,58.40639391977334,58.594704365697545,57.51438911107383,57.9901237487793,427100.0
2023-05-15,58.3271075731858,58.3271075731858,57.7225306888708,57.86128616333008,499600.0
2023-05-16,57.75226656981887,57.88111256743636,57.24679584575206,57.31617736816406,515800.0
2023-05-17,57.55403887494713,58.02977354791096,57.34590566442604,57.72253036499024,690000.0
2023-05-18,57.623418054637256,58.37666747462647,57.355816585493976,58.34693145751953,517200.0
2023-05-19,58.77310329872648,59.07043696442877,58.06941274104374,58.27754592895508,558400.0
2023-05-22,58.2973705754297,58.46586205265496,57.58376672986924,58.15861511230469,515400.0
2023-05-23,57.86393935398279,58.24096882714686,57.3876933912386,57.45714569091797,689100.0
2023-05-24,57.14956478358576,57.36784558824047,56.65347479836413,56.72292709350586,798600.0
2023-05-25,56.504655822443446,56.7824650312744,56.078018088957855,56.53442001342773,647600.0
2023-05-26,56.53442189872605,56.94121559016559,56.236768624357296,56.66340637207031,800800.0
2023-05-30,56.41535561764543,57.04043007975767,56.286371157398,56.951133728027344,576000.0
2023-05-31,56.63363660742886,56.84199350049831,55.50254822033821,55.56208038330078,3131700.0
2023-06-01,55.83988380538294,56.32605362385305,55.64145085240671,55.94902420043945,1184900.0
2023-06-02,56.40543160902617,57.685344720184496,56.14746647380495,57.5662841796875,736600.0
2023-06-05,58.0822162720657,58.36994937133677,57.59604642209505,58.01276397705078,1089800.0
2023-06-06,58.07230376057783,58.50886545484832,57.92347900696768,58.17152404785156,651500.0
2023-06-07,58.1814345075209,59.461347613977125,58.00284180499834,59.25299072265625,620100.0
2023-06-08,59.18354613683766,59.34229480588997,58.34019075729297,58.85612487792969,536800.0
2023-06-09,58.69736860106627,59.12400630351005,58.35010711529406,58.87596130371094,467800.0
2023-06-12,58.63784033407202,59.00494968326677,58.16159435700307,58.41956329345703,617500.0
2023-06-13,58.47908969778069,59.33236513050363,58.211200635074654,58.78666687011719,625900.0
2023-06-14,58.97518574303584,59.153778469765385,57.40754310102479,57.66550827026367,814400.0
2023-06-15,57.655580422381085,58.38979150306991,57.476987719539736,58.3798713684082,914900.0
2023-06-16,58.7469750123406,58.80650717298806,58.03260800890201,58.11198043823242,2988300.0
2023-06-20,57.86393549682122,57.9234676575208,57.02058403700795,57.63573455810547,809400.0
2023-06-21,57.34800144026096,58.13182452398897,57.05034820659112,57.77463912963867,688800.0
2023-06-22,57.943317446355074,57.96315771701919,57.47699160354996,57.76472473144531,580400.0
2023-06-23,57.32816314470768,57.75480087693664,57.099962183144896,57.447227478027344,1098300.0
2023-06-26,57.51667968319575,58.171518375885015,57.28847872201715,57.86394119262695,766600.0
2023-06-27,58.01277149410305,58.68745426298445,57.93339526959149,58.489017486572266,450500.0
2023-06-28,58.191362463189016,58.191362463189016,57.546443905474135,57.76472473144531,691900.0
2023-06-29,57.80440700044275,58.80651095231335,57.75479875581479,58.647762298583984,775300.0
2023-06-30,58.9553337375333,59.3224430623523,58.72713279189428,58.9156494140625,619800.0
2023-07-03,58.7370566692429,59.69946869409632,58.7370566692429,59.25299072265625,309000.0
2023-07-05,58.77674665381212,59.29267693882858,58.35010893804099,59.2033805847168,686800.0
2023-07-06,58.786664865352506,59.62009621483824,58.71721256830089,59.49111175537109,585500.0
2023-07-07,59.32244481038987,60.71149457932333,59.10416399296994,59.9772834777832,1176600.0
2023-07-10,59.79868898575874,60.20548263389861,59.02478979780151,59.07439804077149,751900.0
2023-07-11,59.18354207846888,60.08642578145336,59.18354207846888,60.06658172607422,560300.0
2023-07-12,60.552745926163325,60.741262553886514,59.82845495956663,59.9772834777832,681000.0
2023-07-13,59.27284410157392,60.20549208435256,59.27284410157392,60.0169792175293,511300.0
2023-07-14,60.15587438575445,60.15587438575445,58.905725467767326,58.97517776489258,739400.0
2023-07-17,58.98510350121989,60.07650001954701,58.98510350121989,59.63994216918945,400500.0
2023-07-18,59.46135131569134,60.3344708285051,59.44150726030164,59.86814498901367,548800.0
2023-07-19,59.78876491418632,60.40391923702169,59.77884477956409,60.165794372558594,613100.0
2023-07-20,60.58251933056609,61.37626266750711,60.394002685946695,61.33657455444336,440500.0
2023-07-21,61.53500756999001,61.53500756999001,60.99922943101037,61.019073486328125,437100.0
2023-07-24,60.83055683410163,61.30680277734621,60.691648455563936,60.99922561645508,341200.0
2023-07-25,60.99922952478389,60.99922952478389,60.50313949567713,60.52298355102539,432000.0
2023-07-26,60.73134602884109,61.4060288331384,60.73134602884109,61.14806365966797,397200.0
2023-07-27,61.4655551756212,61.82274060106608,60.93969717266444,61.55485153198242,652200.0
2023-07-28,62.27914824748374,62.27914824748374,61.604465445101525,61.70368194580078,506600.0
2023-07-31,62.68594185103397,63.43007695963137,61.98149485659649,62.16008758544922,758800.0
2023-08-01,62.189845978409416,62.49742315716179,61.61437973136302,62.467655181884766,546200.0
2023-08-02,62.20969195094447,62.933982957232544,62.03109923324421,62.378360748291016,502500.0
2023-08-03,62.31882660085899,63.08280564815705,61.921953090489566,62.82483673095703,543700.0
2023-08-04,63.00342946871911,63.33085068269395,62.30890271760249,62.42796325683594,629700.0
2023-08-07,62.86452862600187,63.37053878658256,62.78515240519975,63.00343322753906,541700.0
2023-08-08,62.48750102048044,63.19194796932127,62.23945600033649,63.11257553100586,543300.0
2023-08-09,63.06296351944956,63.3804608234917,62.58671756338634,62.67601013183594,502600.0
2023-08-10,63.062957779664885,63.43006329438841,62.308898912546965,62.44780349731445,685500.0
2023-08-11,62.42796319679908,62.94389724613621,62.09062563343979,62.92405319213867,427700.0
2023-08-14,62.81491279690405,62.81491279690405,62.031089743011975,62.44780349731445,880500.0
2023-08-15,61.983995954709165,62.11310964962767,61.68604447991601,61.92440414428711,504100.0
2023-08-16,61.93434198164284,62.440859142430966,61.93434198164284,62.0137939453125,587200.0
2023-08-17,62.420990702702845,62.4309245653569,61.13979899240258,61.18945693969727,577400.0
2023-08-18,60.99082597103469,61.39802723147756,60.96103195813801,61.16959762573242,1012800.0
2023-08-21,61.318570799432,61.53706652585123,60.94116357938635,61.27884292602539,569800.0
2023-08-22,61.229182690523096,61.58672217184601,60.911367292463794,60.96102523803711,416000.0
2023-08-23,60.98089233225071,61.547001276154255,60.98089233225071,61.53706741333008,484200.0
2023-08-24,61.30863637690502,62.22235851362044,61.30863637690502,61.66617965698242,446500.0
2023-08-25,61.71584264996044,61.9343421809079,61.26891351332193,61.63639068603516,354100.0
2023-08-28,61.70590566666522,62.26208071784966,61.42781435241461,61.80522155761719,404300.0
2023-08-29,61.98399922065508,61.98399922065508,61.32850442610861,61.84495544433594,482900.0
2023-08-30,61.87475036646983,62.212429737634615,61.60659288448672,61.63639068603516,399800.0
2023-08-31,61.904543106586864,61.91447318051856,61.28877244038311,61.66617965698242,966500.0
2023-09-01,62.152839565763706,62.32167735118685,61.85488429252033,61.87474822998047,471400.0
2023-09-05,61.705906860480525,62.48058143313688,61.30863571166992,61.30863571166992,880800.0
2023-09-06,61.05041633140269,61.56686734504445,60.8716446809629,61.298709869384766,754900.0
2023-09-07,61.556931514338046,61.8548829926614,61.318571847142806,61.6264533996582,1489700.0
2023-09-08,61.666181122054695,62.38126769919861,61.5271373517564,62.00386047363281,841400.0
2023-09-11,62.38126429258066,62.957303279310416,62.3415364207625,62.460716247558594,762700.0
2023-09-12,62.5997679308116,63.60287598351901,62.540179904203264,63.57308197021485,866600.0
2023-09-13,63.88096404231189,63.91075805584841,63.36451300527838,63.37444686889648,1369200.0
2023-09-14,63.89089874170215,64.2583683498833,63.64260518922606,64.0994644165039,955600.0
2023-09-15,63.6624618753173,64.37754847990904,63.52341809968196,63.81143951416016,2696000.0
2023-09-18,63.97034605111124,64.1888379834959,63.56314104170074,64.11931610107422,763300.0
2023-09-19,64.3278911723707,64.87414002664998,64.12925935844258,64.63578033447266,926600.0
2023-09-20,64.71522527119514,64.94365106129003,64.47685804155257,64.52651977539062,703300.0
2023-09-21,64.38748867362949,64.51659859875127,63.682335862915366,63.75185775756836,960100.0
2023-09-22,63.73198125270455,64.45700169194492,63.67239323044159,64.05973052978516,848400.0
2023-09-25,63.71211347661738,64.32787650579306,63.63265773823464,64.24842834472656,526800.0
2023-09-26,63.990209280713216,64.33781870956402,63.384372457294425,63.48368835449219,1061400.0
2023-09-27,63.6823326277608,63.70219277780207,62.987106139231166,63.3645133972168,800300.0
2023-09-28,63.54328139351583,63.97035036796035,63.334715732176335,63.453895568847656,931200.0
2023-09-29,63.46382626185172,63.47375633580385,62.59976207033437,62.87785339355469,922800.0
2023-10-02,62.73880867187369,62.76860647239323,61.388095022512495,61.87474822998047,913400.0
2023-10-03,61.70591086242439,62.36140564841315,61.18945985093951,61.39802551269531,834800.0
2023-10-04,61.27884238980989,62.21242467474459,61.01068492964962,62.13297271728516,797000.0
2023-10-05,62.003863699402345,62.808336140542174,62.003863699402345,62.39120101928711,606600.0
2023-10-06,62.262084327073374,63.06655672958837,62.23229031579236,62.83812713623047,665800.0
2023-10-09,62.59976270237752,63.43402910314468,62.59976270237752,63.23539352416992,525700.0
2023-10-10,63.334711672389226,63.57307511911135,62.93744052407184,63.08641815185547,632300.0
2023-10-11,63.03675952136746,64.03986745508622,63.03675952136746,63.85116195678711,789900.0
2023-10-12,64.06966659562431,64.06966659562431,62.897720794480286,63.16587448120117,517400.0
2023-10-13,63.62273662946569,63.99021381015768,62.99703961324529,63.37444686889648,654700.0
2023-10-16,63.89088587511467,64.72514840631479,63.89088587511467,64.22856140136719,558100.0
2023-10-17,64.05974316778983,65.31114492341449,64.05974316778983,65.05291748046875,563400.0
2023-10-18,64.88407150224236,65.02311528233761,64.23850676476142,64.50666046142578,693900.0
2023-10-19,64.32788602047502,64.67550303298623,63.59293927501988,63.6426010131836,690600.0
2023-10-20,63.68232898413162,63.940548806483015,62.371335625541406,62.52031326293945,692200.0
2023-10-23,62.38126834840992,62.560039994556405,61.805225535569335,61.89461135864258,476400.0
2023-10-24,62.35147313163568,63.00696793177847,62.35147313163568,62.85799407958984,662200.0
2023-10-25,62.86792629568899,63.900824587486056,62.77854046586763,63.3645133972168,692600.0
2023-10-26,63.57307553942732,64.13918446689446,63.47375585736209,63.54327774047852,883000.0
2023-10-27,63.33471723795903,63.44396700277961,62.11311346422293,62.39120101928711,666000.0
2023-10-30,61.75556574573032,63.24532689342984,61.75556574573032,62.50044631958008,764200.0
2023-10-31,62.88778935494809,63.59294211997838,62.79840352637672,63.57308197021485,819600.0
2023-11-01,63.6922574699959,64.7350933904867,63.62273558045102,64.7052993774414,1022400.0
2023-11-02,64.81454953598224,65.35086450599803,64.03987488284312,64.69536590576172,883900.0
2023-11-03,65.04297944777962,65.47004467795821,64.7847595986991,65.34093475341797,688700.0
2023-11-06,65.37072171409118,65.37072171409118,64.81454661939148,64.9535903930664,618600.0
2023-11-07,64.84435502655079,65.06285459863695,64.685443491463,64.97346496582031,547000.0
2023-11-08,65.13235779288632,65.13235779288632,64.39740352018548,64.4967269897461,519200.0
2023-11-09,64.63576581501634,65.02310306928923,64.5265160687018,64.80460357666016,483400.0
2023-11-10,65.08270326848876,65.46011430907123,64.79468184495076,65.44024658203125,506500.0
2023-11-13,65.43031710303968,65.88717635044337,65.25154543428883,65.51970672607422,679600.0
2023-11-14,65.48990887394535,66.19506164344998,65.47004114673803,65.98649597167969,1311000.0
2023-11-15,66.00636006326609,66.40363128064092,65.70841233322363,66.07588195800781,776300.0
2023-11-16,66.23479477232009,66.76117592528452,66.23479477232009,66.60226440429688,766600.0
2023-11-17,66.75122922241215,66.99952274321147,66.52280342657424,66.54266357421875,797300.0
2023-11-20,66.51287255075019,67.32727503244877,66.14539539563211,67.0293197631836,824100.0
2023-11-21,67.10189130336374,67.986641559723,67.10189130336374,67.68840789794922,904700.0
2023-11-22,67.49954086851692,68.21529566571984,67.45977587040588,68.09600067138672,723000.0
2023-11-24,68.16557568175728,68.9608603370429,68.16557568175728,68.89127349853516,563800.0
2023-11-27,68.5830908602487,68.99067629701024,68.50356846902346,68.77197265625,859900.0
2023-11-28,68.83162820819186,68.90121505275398,68.09599476790702,68.23516845703125,905100.0
2023-11-29,68.30475917264971,68.59304971200177,68.06617677554365,68.10594177246094,1136300.0
2023-11-30,68.16557067197206,70.03447961482348,68.06616199346648,69.87542724609375,6165200.0
2023-12-01,69.66666324591314,70.22335788509331,69.50760330077846,69.59707641601562,1356800.0
2023-12-04,69.28892134461562,70.43214040862765,69.10004708117567,70.30290985107422,951700.0
2023-12-05,70.22337405445926,70.46195644270074,69.78596668901874,69.92514038085938,745600.0
2023-12-06,70.0344936650566,70.32278419963649,68.89128225629871,69.07022094726562,592400.0
2023-12-07,69.36845314676403,69.52751314579683,68.1655903455716,68.41411590576172,1012500.0
2023-12-08,68.45387676939225,68.53340676410329,68.07612067111144,68.43399047851562,618400.0
2023-12-11,68.4836931789905,69.43803028648968,68.4836931789905,69.30879974365234,736200.0
2023-12-12,69.239205847635,69.9648960606954,69.14973272370915,69.52749633789062,652200.0
2023-12-13,69.49767823735017,69.98478612019099,69.2889101317359,69.91519927978516,1026000.0
2023-12-14,70.01461727201954,70.01461727201954,68.14570789249147,68.28488159179688,1832500.0
2023-12-15,67.68840353040244,67.90710719033856,66.80365333113107,67.59893798828125,3219400.0
2023-12-18,67.90711882645876,68.25506066383088,67.52936272100072,68.09600067138672,1063100.0
2023-12-19,68.02640787846757,68.63281077399336,67.79776105540161,68.49363708496094,1012700.0
2023-12-20,68.24510610824913,68.67257028597736,67.62876011717226,67.70829010009766,783700.0
2023-12-21,67.69835416591182,68.15564023983823,67.44982863109982,68.11587524414062,489700.0
2023-12-22,68.39422607421875,68.61292216072212,68.17552240331841,68.39422607421875,436900.0
2023-12-26,68.2948088561537,68.81174617740072,68.0860483325567,68.58309936523438,416300.0
2023-12-27,68.40415220729905,68.84155948881954,68.35445166083275,68.77197265625,432200.0
2023-12-28,68.83163300703367,69.22927539699621,68.83163300703367,69.0602798461914,409700.0
2023-12-29,69.14973595239071,69.27897407249608,68.7819230490674,69.17955780029297,611300.0
2024-01-02,69.23921331357371,70.0643198831651,69.22927016886617,70.04443359375,774100.0
2024-01-03,70.07425635336261,70.61107240858287,69.81579526278777,69.85555267333984,709700.0
2024-01-04,70.30289867853722,70.79994970699475,70.263133686133,70.28301239013672,657300.0
2024-01-05,70.48183584231613,71.06835240282136,70.35259772367172,70.77012634277344,683400.0
2024-01-08,70.88942223679248,70.98883851979755,70.0941450635348,70.8397216796875,532200.0
2024-01-09,70.62101245889691,70.79000799172852,69.81579220354888,70.57130432128906,461700.0
2024-01-10,70.25319607421667,70.68066029572789,70.10407923705743,70.55142974853516,476200.0
2024-01-11,70.4520148864798,70.70054039853038,69.94502071826555,70.58124542236328,440500.0
2024-01-12,71.0783106129512,71.41630173619394,70.40232078206749,70.6607894897461,464000.0
2024-01-16,70.41225980882726,70.78007276443813,70.29296481586283,70.6806640625,720500.0
2024-01-17,70.57129936563881,71.4560495452718,70.38242514166535,70.52159881591797,486800.0
2024-01-18,70.29296092464945,71.11806751541627,70.17366593828882,71.068359375,511500.0
2024-01-19,71.52564439225023,72.04258174113222,71.15783146241982,71.774169921875,832800.0
2024-01-22,71.92328747266706,72.8577459003677,71.90340876723394,72.6191635131836,798100.0
2024-01-23,72.61917181673086,72.95716293852239,72.32093811035156,72.32093811035156,513600.0
2024-01-24,72.6290984379986,73.00686209749743,72.54957603256484,72.65892028808594,494500.0
2024-01-25,73.01678975103825,73.2056715603339,72.06245272960142,72.54956817626953,898300.0
2024-01-26,72.59927932346824,72.95715670679556,72.22152323413276,72.35075378417969,1194200.0
2024-01-29,72.18174152074839,72.87760983583729,72.02268157193046,72.83784484863281,675600.0
2024-01-30,72.63904463766742,73.37467811354851,72.63904463766742,73.34485626220703,755500.0
2024-01-31,73.41443385557355,73.56355067788101,72.40045311579674,72.4302749633789,931600.0
2024-02-01,71.85369464444248,72.15192829188938,71.02858812631655,71.87358093261719,1043000.0
2024-02-02,72.10222818872435,72.76827481324341,72.012762635161,72.60922241210938,869200.0
2024-02-05,74.15007416694449,74.79624206772054,71.8537006757961,72.3606948852539,1618100.0
2024-02-06,72.17181654033976,72.73845447790897,71.98294228408184,72.38057708740234,1400700.0
2024-02-07,72.52968664381677,72.5694516370332,71.96304876317747,72.23146057128906,864700.0
2024-02-08,72.04257292234698,72.09227347154969,71.09817147473937,71.59522247314453,1072500.0
2024-02-09,71.35665772204317,72.33088125640373,71.23737030701001,72.32093811035156,671400.0
2024-02-12,72.55950955231722,73.09632559198333,72.23146162618549,72.66886138916016,834300.0
2024-02-13,72.9571607589203,73.41444686648171,72.0724103966648,72.58934020996094,1298500.0
2024-02-14,72.85774838421376,73.12615263089657,72.56945784702253,73.08638763427734,996400.0
2024-02-15,73.10626776285335,74.9354119467787,73.01679463190213,74.77635955810547,1206500.0
2024-02-16,74.77634960078022,74.85587957672499,73.83194820132701,73.90153503417969,931700.0
2024-02-20,73.625960348839,74.17318336073713,73.30757812123402,73.49662017822266,890900.0
2024-02-21,73.78514863340536,74.07367609650379,73.45681485574526,73.9443359375,925500.0
2024-02-22,74.12342559084775,74.61094666728795,73.77519625053331,74.53135681152344,746100.0
2024-02-23,74.58108816763121,75.02881804343791,74.49154674696736,74.80992889404297,483800.0
2024-02-26,74.74029336001749,74.94923096125494,74.13337612225767,74.16322326660156,722600.0
2024-02-27,74.03387657424312,74.65073774510026,73.6060498311505,74.6109390258789,937200.0
2024-02-28,74.61094190493723,75.10841452815613,74.4517546127387,74.68058776855469,686300.0
2024-02-29,74.78009887851219,74.88953588744165,74.21297272111894,74.750244140625,926100.0
2024-03-01,74.69054399211053,74.79998858329239,73.89458470912069,74.05377960205078,644800.0
2024-03-04,74.05376430013482,74.60098714297008,73.76522930944246,73.97416687011719,599000.0
2024-03-05,73.85478887091797,74.4616984867602,73.85478887091797,74.20301818847656,666000.0
2024-03-06,74.42191232791754,75.15816973290983,74.05377983000623,75.0885238647461,746500.0
2024-03-07,75.04872408977975,75.28750883573368,74.52140429666764,74.72039031982422,584700.0
2024-03-08,74.66069404815491,74.84973607871409,74.35226344320466,74.46170043945312,659200.0
2024-03-11,74.40201021510323,75.6158447265625,74.30251720073437,75.6158447265625,789300.0
2024-03-12,75.62579729385637,75.8546304708131,75.32731065601742,75.82478332519531,618900.0
2024-03-13,75.86457632114511,76.01381962879532,75.43674955432381,75.76508331298828,783200.0
2024-03-14,75.5263004464095,75.79493233417126,75.09847366898879,75.62579345703125,741800.0
2024-03-15,75.0586751662073,76.60083581243255,75.02882802201644,76.58094024658203,1901600.0
2024-03-18,76.58094024658203,77.16795432454921,76.27250963550301,76.58094024658203,942100.0
2024-03-19,76.8993111253583,77.3470334040287,76.80976211512679,77.01870727539062,693600.0
2024-03-20,76.76998530891605,77.44654084614099,76.63068597914746,77.36695098876953,595900.0
2024-03-21,77.36693655778195,77.49627669386186,76.80976211512679,77.01870727539062,593500.0
2024-03-22,77.28735422192874,77.28735422192874,76.04367254842373,76.06356811523438,568600.0
2024-03-25,76.40184407119523,76.96896254085763,76.22275362862659,76.600830078125,621200.0
2024-03-26,76.61079500295988,76.85953135037208,76.46155167634636,76.50135040283203,575400.0
2024-03-27,76.84957710026299,77.70523071289062,76.69038979068354,77.70523071289062,588900.0
2024-03-28,77.75497249401609,78.15295211058692,77.71517377327602,77.8942642211914,747900.0
2024-04-01,77.76492674160907,77.79477388548133,76.93912033726957,77.08836364746094,680400.0
2024-04-02,77.13810144007486,77.64552562604952,76.57098297016068,76.68042755126953,592700.0
2024-04-03,76.54113396784041,77.18784986117507,76.27250210581215,76.81971740722656,642800.0
2024-04-04,77.24754289357062,77.41668175177085,75.6655837065874,75.97401428222656,609600.0
2024-04-05,76.21280483694223,76.44164558502322,75.89442265971857,76.27250671386719,493800.0
2024-04-08,76.34214853298485,76.41179439334894,75.62578677448009,75.67552947998047,642100.0
2024-04-09,75.89441547317175,76.14315176278797,74.36219901823625,74.80992889404297,698400.0
2024-04-10,74.39206030419517,74.87958898994412,74.28262329951727,74.44181060791016,652400.0
2024-04-11,74.19307311448449,74.212968681162,73.26777365195561,73.4369125366211,774500.0
2024-04-12,73.36725623672986,74.09356956590523,73.12847151639427,73.52645111083984,802000.0
2024-04-15,74.43186462105116,74.57115637292138,72.92950249861808,73.06879425048828,724600.0
2024-04-16,73.28767193433825,73.37721336467642,72.80014328861944,72.94938659667969,640100.0
2024-04-17,72.65090564492452,73.29762163638806,72.54146864069983,72.77030181884766,803200.0
2024-04-18,73.06878667300136,73.89458551892761,73.06878667300136,73.46675872802734,649000.0
2024-04-19,73.87468658862575,75.30741021213743,73.73539485754323,75.25765991210938,751600.0
2024-04-22,75.37706008618363,76.5212487302059,75.16812247844868,76.09342193603516,821700.0
2024-04-23,76.25260165665101,76.47149082131504,75.89442076735162,76.33219909667969,598600.0
2024-04-24,75.81483563489545,76.45160007683614,75.53625214040026,76.4217529296875,515800.0
2024-04-25,76.45158470820114,76.68042544172299,75.74517453464235,76.02376556396484,612300.0
2024-04-26,75.62579811262982,75.63574210072306,75.03877640941256,75.07857513427734,568900.0
2024-04-29,75.07856381100943,75.52629370508913,75.02882110555355,75.4367446899414,599500.0
2024-04-30,75.29746140158987,75.29746140158987,74.72039129970582,74.7701416015625,609900.0
2024-05-01,74.84973645317831,76.41180023285953,74.84973645317831,75.89442443847656,1027200.0
2024-05-02,76.28244968523808,76.4018458466683,75.72528278022325,76.14315795898438,566400.0
2024-05-03,75.99392130549555,76.15311620133441,75.05867786034871,76.01382446289062,588500.0
2024-05-06,77.14805987373573,77.82462298488414,76.19291329167272,77.3470458984375,807600.0
2024-05-07,77.56593796059705,77.70522970122708,77.3072500462139,77.41669464111328,620800.0
2024-05-08,77.51619323312114,77.74502640499507,76.83963011443369,76.91921997070312,683300.0
2024-05-09,76.74012485493765,77.3470420683036,76.57098598323368,77.30724334716797,705000.0
2024-05-10,77.39679628062635,77.77487276428555,77.13810837558044,77.5858383178711,875600.0
2024-05-13,77.51617690129615,77.70521130979267,76.88935662598759,76.94905090332031,527100.0
2024-05-14,77.01870434798016,77.20773875647669,76.36203693400525,76.94905090332031,711200.0
2024-05-15,76.85951690759202,77.08835764417508,76.06355770911041,76.23270416259766,653900.0
2024-05-16,76.9988106994177,77.09830370419618,76.50133808469562,76.80976867675781,689800.0
2024-05-17,77.21770574146437,77.40674777851225,76.93912227054979,77.3470458984375,855200.0
2024-05-20,77.49629957820204,77.49629957820204,75.70539475301547,75.74519348144531,723300.0
2024-05-21,75.9242763408648,76.23271455751984,75.64569286065804,75.82478332519531,708900.0
2024-05-22,75.62578959376215,75.78497688445901,75.27756027895987,75.50639343261719,481400.0
2024-05-23,75.3969473858191,75.3969473858191,73.65579325477377,73.78514099121094,652000.0
2024-05-24,73.84484206587325,74.40200900997854,73.84484206587325,74.37216186523438,549600.0
2024-05-28,74.27267156106163,74.6407964807716,73.58615684358863,73.6458511352539,707500.0
2024-05-29,73.3202338039971,73.9874208692802,72.90200257904766,73.7982177734375,789800.0
2024-05-30,73.77829182074632,75.0628655648286,73.74841924951366,75.00312042236328,606600.0
2024-05-31,74.82387085877859,76.60634089375925,74.70437298699409,76.47689056396484,2307200.0
2024-06-03,76.26777629007208,76.44701932001983,75.2520708518995,75.55081176757812,645300.0
2024-06-04,75.34168502986932,75.74995611716993,74.78403590951069,75.23214721679688,1274900.0
2024-06-05,75.27197673927667,75.35164198941544,74.29610401561396,74.60479736328125,554200.0
2024-06-06,74.6844482421875,74.94335645666968,74.02722145095468,74.6844482421875,844500.0
2024-06-07,74.78404020019916,75.3715619219597,74.42555417272068,74.93341064453125,574800.0
2024-06-10,74.68445960916921,75.28193376658334,74.40563884219569,75.02302551269531,658200.0
2024-06-11,74.82386078143072,74.82386078143072,73.78823549066583,73.85794067382812,894900.0
2024-06-12,74.1268182289879,74.6645472509649,73.48951144678468,74.34589385986328,969600.0
2024-06-13,74.09693638520899,74.40562968245698,73.29033915456513,73.85794067382812,916700.0
2024-06-14,73.46958553883621,73.81811147077372,73.1509321728797,73.47954559326172,631100.0
2024-06-17,73.56916379849865,74.95331507866302,73.56916379849865,74.89356994628906,671500.0
2024-06-18,74.84378441834406,75.94910734709352,74.84378441834406,75.87940216064453,649900.0
2024-06-20,75.91924896457365,76.53664330081942,75.84954376510211,76.12836456298828,759300.0
2024-06-21,76.20801958330283,76.54659307618883,75.61054543989357,76.2378921508789,1867900.0
2024-06-24,76.34742707963233,77.66187318440018,76.14827157178395,77.00465393066406,658400.0
2024-06-25,77.07436507023199,77.13411020774122,75.80970394611457,75.81966400146484,548500.0
2024-06-26,75.51097159039564,75.64042192235718,74.28614307531221,74.52513122558594,992900.0
2024-06-27,74.46538312556206,74.96327951725188,74.35584531160661,74.94336700439453,510300.0
2024-06-28,74.92344877233457,75.50101042452344,74.10689897338679,74.42555236816406,1171300.0
2024-07-01,74.8338271425238,75.2221857096303,74.2363530083058,74.41559600830078,494500.0
2024-07-02,73.98741090385285,74.69442290717193,73.81812034744404,74.62471771240234,603300.0
2024-07-03,74.88361237520652,75.112648052395,73.99735742822196,74.08698272705078,367900.0
2024-07-05,73.98741320399017,74.02723823312823,72.84224988520604,73.4496841430664,1304600.0
2024-07-08,73.83803845819483,74.61475563523989,73.83803845819483,74.0969467163086,613700.0
2024-07-09,73.9973603031273,75.0031131551933,73.53929652824974,74.34589385986328,591600.0
2024-07-10,74.38571836545087,75.36159864234791,74.3558457973217,75.33172607421875,456300.0
2024-07-11,75.38150289915437,76.67603642313843,75.36159038834786,76.29763793945312,526800.0
2024-07-12,76.45696413813332,77.08431841656335,76.038733017377,76.59637451171875,539900.0
2024-07-15,76.84532062451213,77.58221269054015,76.84532062451213,77.09426879882812,378800.0
2024-07-16,77.16398045475655,78.10002809981668,77.0444901833334,78.0203628540039,422300.0
2024-07-17,78.38880395547997,79.55387961187623,78.14981583046688,79.28501892089844,485500.0
2024-07-18,79.0759090313105,80.7687537339087,78.64771782809387,79.45430755615234,402900.0
2024-07-19,79.3447696940485,79.3447696940485,77.36314417211454,77.73158264160156,621100.0
2024-07-22,77.64196517586403,78.2294792762002,77.18390140340802,77.75150299072266,327100.0
2024-07-23,77.85107990462375,78.25935099414623,77.76145460376038,78.0203628540039,428400.0
2024-07-24,78.16974003072515,78.26931779792916,77.49260057752255,77.59217834472656,570300.0
2024-07-25,77.93074470477997,79.35472867703211,77.57225869796852,77.98052978515625,457300.0
2024-07-26,78.47843052125903,80.00199233598171,78.43859789637327,79.75304412841797,649500.0
2024-07-29,82.15289834755791,83.18852367476622,78.01039703872469,78.52821350097656,947500.0
2024-07-30,78.94645486540956,80.71896489888526,78.6775941423539,80.14141082763672,784600.0
2024-07-31,79.93228559778306,80.33060424165039,79.23523366898739,79.61363220214844,646800.0
2024-08-01,80.05177895144925,80.12148414039416,78.36888676468449,78.86678314208984,525700.0
2024-08-02,78.43859013971513,79.17548223128719,77.2834745214409,78.35893249511719,573700.0
2024-08-05,77.78137547085613,78.16973405135305,75.14252305666972,75.68025207519531,1313400.0
2024-08-06,75.8096992083021,77.12414533243069,75.75991412925454,76.07856750488281,678900.0
2024-08-07,76.55654614166583,77.24364559055442,75.88936680285006,75.94911193847656,854800.0
2024-08-08,75.9590734839267,77.22373459300559,75.9590734839267,77.11419677734375,537800.0
2024-08-09,77.12414645450768,77.68179556794217,76.56650493836904,77.55233764648438,466500.0
2024-08-12,77.78137427961896,77.78137427961896,76.50676074291452,76.60633850097656,450200.0
2024-08-13,77.01461484791692,77.01461484791692,76.00886954631838,76.73579406738281,420000.0
2024-08-14,76.89512356487853,77.41293249378066,76.84533088444917,77.3332748413086,635900.0
2024-08-15,77.88095271101146,78.2792713439993,77.522466701052,78.040283203125,403500.0
2024-08-16,78.15977247472824,78.70746153773993,77.91082428195855,78.63775634765625,608100.0
2024-08-19,78.61782546744813,79.39455010421023,78.61782546744813,79.03606414794922,585400.0
2024-08-20,78.92654416983616,78.95641674005319,78.448560254474,78.57801818847656,405900.0
2024-08-21,78.87997970048971,78.87997970048971,78.15246676472073,78.81021881103516,455300.0
2024-08-22,78.77035058994366,79.27861281928534,78.64079683097538,79.15901947021484,313000.0
2024-08-23,79.57759530546036,80.34497275753672,79.33841617907107,80.07588958740234,360000.0
2024-08-26,80.30509083125287,81.23191829815734,80.01607929820032,80.17552947998047,509800.0
2024-08-27,80.3449581628964,80.75355544611622,80.05594661946485,80.39478302001953,320600.0
2024-08-28,80.51438580385667,81.53090272807796,80.38483203610662,81.01268005371094,464300.0
2024-08-29,81.172125612027,81.64052339660843,80.26523408297128,81.4013442993164,532800.0
2024-08-30,81.52093203229984,81.81990398247206,81.16215960940045,81.66045379638672,1104500.0
2024-09-03,81.18209060284585,82.05908566250882,81.08243328296513,81.54086303710938,1041800.0
2024-09-04,82.09895473338122,82.3481018487933,81.1920631870318,81.68038940429688,761000.0
2024-09-05,82.04913774921208,82.04913774921208,80.15561796962488,80.62401580810547,762600.0
2024-09-06,80.34496301419574,80.82332120896437,79.07929143366394,79.11915588378906,965800.0
2024-09-09,79.60748516434909,80.9728141212048,79.4280989335459,80.2054443359375,868200.0
2024-09-10,80.42467889518333,80.59410469764737,78.9995572134869,79.18891143798828,620400.0
2024-09-11,78.94974734971589,79.04940468555994,76.69745506347714,77.45486450195312,750200.0
2024-09-12,77.43492467290048,77.91329050619197,76.93663041476503,77.80366516113281,607200.0
2024-09-13,78.10263505666859,78.67069013625336,77.84351994567864,78.0727310180664,563500.0
2024-09-16,78.69063065517531,79.16899650258745,78.28203330519388,78.57103729248047,507600.0
2024-09-17,78.58100695941432,79.4281057203905,78.41158872789256,79.0195083618164,475200.0
2024-09-18,79.05937094706744,79.54769720423212,78.75042332842405,78.9298095703125,451700.0
2024-09-19,79.47793138666484,79.61745316578275,78.53117537074091,78.9796371459961,618200.0
2024-09-20,78.63082902437796,78.82017565669598,77.99301303439161,78.27205657958984,1237200.0
2024-09-23,78.34181845436133,78.6706944667944,78.08270332910803,78.401611328125,494900.0
2024-09-24,78.29199328602805,78.47137952740101,77.49472701587823,77.89336395263672,620400.0
2024-09-25,78.2122664784787,78.39165270723032,77.69403621614437,77.79369354248047,689600.0
2024-09-26,77.74387405478846,78.65076567150953,77.52462335967407,78.42155456542969,667900.0
2024-09-27,78.57103600476547,79.02947341923199,78.34182490089928,78.6308364868164,877500.0
2024-09-30,78.70059031386884,78.93976941049748,77.73389831064654,78.78031921386719,1114200.0
2024-10-01,78.71056433012551,79.56762345868951,78.58100295690552,79.02947235107422,1125800.0
2024-10-02,79.16898594681207,79.47792592170642,78.23219040569221,78.3517837524414,750200.0
2024-10-03,78.25213287615907,78.54114448016118,77.69404569787501,77.8833999633789,560400.0
2024-10-04,78.15246246004028,79.1291224619758,78.15246246004028,79.00952911376953,566900.0
2024-10-07,78.62087139195165,78.62087139195165,76.0795675063841,76.22905731201172,689200.0
2024-10-08,76.56789878130033,77.34523662015745,76.56789878130033,77.04625701904297,690800.0
2024-10-09,76.8369692284718,78.25212302576222,76.6775190276198,77.98304748535156,599100.0
2024-10-10,78.70059327063294,78.96966881402845,77.59437945253653,77.94318389892578,583600.0
2024-10-11,78.35178698389166,79.53772207375951,78.35178698389166,79.07929229736328,644200.0
2024-10-14,79.07930499923981,80.21541541091621,78.74046852010053,80.06592559814453,498000.0
2024-10-15,80.49445540915578,81.38142623106604,79.966264683885,80.05596160888672,622300.0
2024-10-16,80.01608388791905,80.99273626617807,80.01608388791905,80.31505584716797,908500.0
2024-10-17,80.72366299810926,81.49103274532615,80.72366299810926,81.44120788574219,402900.0
2024-10-18,81.66045638298593,81.83984260011768,80.7136928357037,81.54086303710938,664900.0
2024-10-21,81.38141766148325,81.73022210338836,80.68380117430648,80.79342651367188,441800.0
2024-10-22,80.6240063005396,80.90304984714514,79.40816718744429,80.53430938720703,460600.0
2024-10-23,80.32503533493778,80.78346515396771,79.99615928975307,80.66387939453125,467400.0
2024-10-24,80.93294020379662,80.99273307261552,80.45458204651369,80.81334686279297,455600.0
2024-10-25,81.20203350273205,81.26182637904883,79.19888850908546,79.29854583740234,571300.0
2024-10-28,79.72708307210402,80.68380715656521,79.72708307210402,80.344970703125,567400.0
2024-10-29,80.11574778930436,80.56420956670263,79.45800334222912,79.48789978027344,579200.0
2024-10-30,79.80681000933689,80.83329496200477,79.74700952821978,80.08585357666016,995400.0
2024-10-31,80.12571794314822,80.39479349610045,78.65076359884509,78.69062805175781,762400.0
2024-11-01,78.71056115751679,79.80680696013087,78.66072869238434,78.99956512451172,685700.0
2024-11-04,78.85008967202154,78.92981097833075,74.90359988344174,76.24899291992188,1029300.0
2024-11-05,76.46822591941803,78.1424946182381,76.06958906667697,78.12255859375,835200.0
2024-11-06,82.26837847355367,83.04571623747685,81.68038734227437,82.4776611328125,1202200.0
2024-11-07,82.52748545962791,82.52748545962791,81.54086504281781,81.79998016357422,681300.0
2024-11-08,82.19862141437706,83.2151383214451,81.92953826611098,82.82646942138672,618700.0
2024-11-11,83.34468989977584,84.27151746867672,82.77663478356992,82.9261245727539,534400.0
2024-11-12,82.83644048219963,83.38455960593188,82.5773253381739,82.68695068359375,1402700.0
2024-11-13,82.65704903491594,83.30482544910234,82.20857966736399,82.9261245727539,795700.0
2024-11-14,82.6969262320244,83.11549162356164,82.30824967889103,82.51753997802734,607800.0
2024-11-15,82.72681516199508,83.60381032225418,82.46770001789037,83.38455963134766,937800.0
2024-11-18,83.34468681125021,84.30141078186102,83.05567525710222,84.12203216552734,521100.0
2024-11-19,83.02578125726946,83.9027839585879,82.93609194647087,83.83302307128906,596000.0
2024-11-20,83.663608222345,84.39112123098921,83.51412601808777,84.20176696777344,642400.0
2024-11-21,84.41104249835524,85.06879455477419,83.94265229246011,84.87944030761719,1057400.0
2024-11-22,84.94919695304809,85.97568183522426,84.94919695304809,85.7763671875,653700.0
2024-11-25,86.00559111271801,86.60354269566945,85.45746439304848,85.53719329833984,1291200.0
2024-11-26,85.60695250597604,86.46401921258484,85.2182836045333,86.31452941894531,561600.0
2024-11-27,86.72642278273482,87.21510450241415,86.24771633334743,86.8161849975586,452500.0
2024-11-29,87.06550842605289,87.18518122698485,86.37735938508852,86.49703979492188,408300.0
2024-12-02,86.55687865787027,86.59677212894967,85.50969596651562,85.92857360839844,808100.0
2024-12-03,86.1679239741966,86.23773564404968,85.28031519653544,85.74905395507812,975800.0
2024-12-04,85.5595712470669,86.02831005694934,84.96118435294339,85.6194076538086,725000.0
2024-12-05,85.88867665921106,86.41725181403027,85.43988083441832,85.70915985107422,620500.0
2024-12-06,85.69918678827415,86.01832694330193,85.42991537358569,85.84878540039062,560200.0
2024-12-09,85.65930693307891,85.83882377437206,84.69191104438265,84.77169799804688,598700.0
2024-12-10,84.87141915309755,84.87141915309755,82.98649631791405,83.73448181152344,583100.0
2024-12-11,84.0037618217211,84.76171498560171,83.63475290140148,84.5223617553711,812900.0
2024-12-12,84.92129160018645,85.18059537977345,83.6945919892461,83.7245101928711,730400.0
2024-12-13,84.20321642494582,85.06090702375278,83.80428932637722,83.95388793945312,782700.0
2024-12-16,83.75443726372222,84.70188256762515,83.4751829382549,83.8042984008789,742800.0
2024-12-17,83.2757132672107,83.8940506438484,82.97651604424696,83.41533660888672,846200.0
2024-12-18,83.06627493208714,84.02369535481272,81.22124575468158,81.28108215332031,1162700.0
2024-12-19,81.66006124082416,82.34821028224587,80.55304217805939,81.44065856933594,1092600.0
2024-12-20,81.28108219276073,83.70455525452057,80.99186025103124,82.96654510498047,2847800.0
2024-12-23,82.3581934007119,83.22585172633883,82.19861950562061,83.14607238769531,835200.0
2024-12-24,83.09619945837697,84.68193262315212,83.00644485358492,84.57222747802734,407700.0
2024-12-26,84.43259616896951,85.17060630474649,84.27302229696312,85.0309829711914,371300.0
2024-12-27,84.44256989607331,85.37007216926904,84.08353626716517,84.45254516601562,625800.0
2024-12-30,83.83420702372035,84.72181581803139,83.37544352623725,84.16332244873047,775800.0
2024-12-31,84.53232845344318,84.8614362582971,84.10348317128076,84.46251678466797,837000.0
2025-01-02,84.85147169927592,85.08084964410705,83.63474747708875,83.93394470214844,779000.0
2025-01-03,84.38273209662135,84.58219183875494,83.6746401204753,84.12342834472656,640300.0
2025-01-06,84.10347686378991,84.34283005179692,82.04900520595272,82.14874267578125,869300.0
2025-01-07,82.37813735104844,83.5250500072569,81.9293490811375,82.7271957397461,791600.0
2025-01-08,82.87678823939487,83.51506856265809,82.17867151360748,83.30563354492188,671800.0
2025-01-10,82.19860702853202,82.65737049392968,80.57298816578164,80.91207122802734,861000.0
2025-01-13,80.50318006109877,81.9991509266279,80.29374505299285,81.85952758789062,751300.0
2025-01-14,82.07893256351933,83.32557487093061,81.65008730541382,83.20589447021484,587100.0
2025-01-15,84.44257179256985,84.73179375618047,83.98380828063978,84.57222747802734,837400.0
2025-01-16,84.71184812254779,86.0582204137931,84.50241310914532,85.84878540039062,532600.0
2025-01-17,86.11805567612224,86.46711402717654,85.78894025559902,86.01832580566406,554000.0
2025-01-21,86.14797451107118,87.12534551012547,85.98840823894277,86.05821990966797,608600.0
2025-01-22,86.14797261301156,86.18786608239007,83.94390978993249,84.25308227539062,635100.0
2025-01-23,84.1932333525628,84.6719473482614,83.62476476267744,83.70455169677734,688500.0
2025-01-24,83.6546940745972,84.71185206961648,83.6546940745972,84.65200805664062,519600.0
2025-01-27,85.39002296297306,86.3075499689538,84.99109586201139,86.15795135498047,632500.0
2025-01-28,86.18786707888941,86.6964993082196,85.32020883880415,85.51966857910156,544600.0
2025-01-29,85.13072476706407,86.7264256662462,85.13072476706407,85.78894805908203,495500.0
2025-01-30,86.33746101506533,86.45714141810622,85.36009007915038,85.9485092163086,474700.0
2025-01-31,85.54958967380155,86.17790233390978,84.96117809378448,85.22047424316406,878300.0
2025-02-03,84.21319077064625,85.35012804330326,83.16600809950883,85.10079956054688,683700.0
2025-02-04,85.26036846998112,86.28760063328545,85.13072039414232,85.50969696044922,540200.0
2025-02-05,86.12803523491601,86.21778984012764,85.2803198804542,86.04824829101562,444800.0
2025-02-06,86.65660731457383,87.02561621020162,85.65929337829479,86.57682037353516,621100.0
2025-02-07,86.48706513842319,86.77628709089507,85.87870303303431,86.53692626953125,793800.0
2025-02-10,85.65929111201905,88.0528460175431,84.9312562187817,85.70915985107422,1111600.0
2025-02-11,85.40995678986307,85.40995678986307,83.84417436283466,84.62207794189453,654800.0
2025-02-12,84.05361440963482,84.23313121627932,82.42799548922719,82.77705383300781,1005000.0
2025-02-13,82.84686792724341,84.00375573924471,82.49780957324352,83.89405059814453,1009700.0
2025-02-14,83.83420816272121,84.60214416484492,82.64740973683249,82.78703308105469,736600.0
2025-02-18,83.00644632386337,83.70456306983961,82.34821544145562,83.21588134765625,1317900.0
2025-02-19,82.54766842480832,83.60482633631543,82.3681516178657,83.02638244628906,757900.0
2025-02-20,82.64741307750276,83.10617659976236,81.72987842408166,82.75711822509766,751000.0
2025-02-21,82.76708241483078,83.16600951581496,81.9492852818189,82.53770446777344,916700.0
2025-02-24,82.93663416686823,84.6021466860826,82.93663416686823,84.15335083007812,549900.0
2025-02-25,84.78165402955086,85.04095015676215,84.1333984937207,84.76170349121094,689800.0
2025-02-26,84.83457125247661,85.25375201235073,83.75667134318938,84.03612518310547,503300.0
2025-02-27,84.2157646781102,85.82263167202314,84.2157646781102,85.6230239868164,429900.0
2025-02-28,86.19192564796207,86.62108908092144,85.28369304687865,86.5013198852539,1076000.0
2025-03-03,86.7208811159637,87.82872127760622,86.26177735030345,86.98037719726562,714600.0
2025-03-04,86.75082436679368,87.14006469430481,84.82458045251364,84.90442657470703,806800.0
2025-03-05,84.80462940020698,85.8126658321939,84.26567945482424,85.17390441894531,663900.0
2025-03-06,84.7547210366313,85.17390177629684,83.65686345508288,84.71479797363281,799400.0
2025-03-07,84.69484287719128,85.63301585039964,84.39542370268556,85.17390441894531,632700.0
2025-03-10,84.69483497028853,85.79269248340631,84.27565425675094,84.7746810913086,848500.0
2025-03-11,84.63496493404536,84.99426490971567,83.88642458715655,84.36548614501953,886400.0
2025-03-12,84.14590734482168,84.67487460216965,83.0480497672727,83.82653045654297,739600.0
2025-03-13,84.05609282039403,85.18389088075243,84.05609282039403,84.5850601196289,761800.0
2025-03-14,84.78466035238586,86.46139090427765,84.59503532373584,86.25180053710938,708500.0
2025-03-17,85.87254363861757,87.55925687495876,85.87254363861757,87.2498550415039,550900.0
2025-03-18,87.41951890587612,87.6091515433134,86.52127667801506,86.77079010009766,643600.0
2025-03-19,86.89055463599375,87.85866796505466,86.43145083743255,87.62911987304688,919900.0
2025-03-20,87.25984435190209,88.44753081482145,87.21992128601319,88.00838470458984,941100.0
2025-03-21,87.5792194574132,88.48745205491664,86.74085793468333,87.08019256591797,2713200.0
2025-03-24,87.73889974256166,88.37765346733106,87.0701980121713,88.33773040771484,766300.0
2025-03-25,88.57726476846811,89.4954723335067,88.14810137824752,89.01641082763672,832600.0
2025-03-26,89.56534895872977,90.7131123910933,89.41563936067428,90.33385467529295,676800.0
2025-03-27,90.64324155865653,91.57143185368992,89.76495699710014,91.22211456298828,574600.0
2025-03-28,91.6013732107096,91.95069050508263,90.09430989550484,90.46359252929688,567700.0
2025-03-31,90.36378848338624,92.17026335511514,90.08433464848298,91.73112487792967,883000.0
2025-04-01,91.64129543823408,92.24012616805511,90.85283205839376,91.9107666015625,653900.0
2025-04-02,91.10234318695464,92.12036225492784,90.82288936109396,91.85088348388672,676400.0
2025-04-03,90.34382254767192,91.81096278577571,90.1541975121226,90.93267822265624,802400.0
2025-04-04,88.97649185926979,89.13617649705675,82.58894644233139,82.9582290649414,1260100.0
2025-04-07,81.4012610152347,83.61694154772576,78.82628813988299,80.7325668334961,1998800.0
2025-04-08,83.4971788361906,84.7048229376168,80.01396583061923,81.29147338867188,1437100.0
2025-04-09,79.93411896554937,86.71090465384107,79.84429778552256,86.16197967529297,1272600.0
2025-04-10,85.37351631563605,86.37157003789336,82.76859549138081,84.20579528808594,875500.0
2025-04-11,84.30559975504764,84.99425926510509,83.3175286948468,84.51519012451172,1386400.0
2025-04-14,85.65297354626934,87.08019073044471,85.22381012404749,86.1520004272461,686400.0
2025-04-15,86.60111796866941,87.05024671157656,85.93242380349265,85.96236419677734,446100.0
2025-04-16,86.62108139812963,86.62108139812963,84.47526442365441,85.03417205810547,630400.0
2025-04-17,85.01421900656,86.0921188875628,84.9243902092035,85.15394592285156,536300.0
2025-04-21,84.93437213251757,84.9443548020352,82.32945125025563,83.17779541015625,751900.0
2025-04-22,84.37546136253117,86.00228616484247,83.95628063278895,85.54318237304688,569600.0
2025-04-23,86.11207799275037,86.62108754714185,85.37352033557663,85.97235107421875,472700.0
2025-04-24,85.49329338823563,86.5412453245267,85.18389152790999,86.07215881347656,606700.0
2025-04-25,85.6629573451755,85.6629573451755,84.51519398088989,85.10404205322266,447500.0
2025-04-28,85.18388830831307,86.35160939942226,85.18388830831307,85.7927017211914,441500.0
2025-04-29,85.34357653865929,86.59114370049105,85.15394389340625,86.47137451171875,357900.0
2025-04-30,86.23184731618082,86.8606184505202,84.73476666004763,86.6610107421875,997000.0
2025-05-01,85.92244812452044,86.77079994751503,84.93437699301215,86.14202117919922,539600.0
2025-05-02,87.16003401884251,88.15808774827514,86.80073406708311,87.93851470947266,519400.0
2025-05-05,85.39347911635721,87.32970588930044,84.93437529057042,86.39153289794922,684500.0
2025-05-06,86.06218185555238,86.75083379430899,85.5332069494446,86.6111068725586,949400.0
2025-05-07,86.66100392494457,88.29781137105934,86.42146555633359,87.6590576171875,667600.0
2025-05-08,87.85867076662653,89.21602448154435,87.62912266729909,87.79878997802734,859700.0
2025-05-09,88.0183606807374,88.49742220587815,87.31971850263415,88.22795104980469,507900.0
2025-05-12,88.70701209886379,89.63520236520634,87.05024687937073,89.09625244140625,622500.0
2025-05-13,89.22600838083865,89.32581223472803,88.39762192591941,88.4175796508789,428400.0
2025-05-14,88.26787600823899,88.26787600823899,86.91052230028116,87.19995880126953,811300.0
2025-05-15,87.3396882822602,88.72698242511069,87.2897825475204,88.63715362548828,488200.0
2025-05-16,88.56728982972534,89.30585510543412,88.2279552013289,89.21602630615234,693000.0
2025-05-19,89.11621980467962,89.58530628315633,88.79684291086187,89.24596405029297,421800.0
2025-05-20,88.85671607447226,89.26592172979143,88.65710838841837,88.75691223144531,583600.0
2025-05-21,88.15808054374196,88.3776535646003,87.40954030784036,87.55924987792969,711500.0
2025-05-22,87.52931166920166,87.85867123735353,86.66100977167788,87.41952514648438,606500.0
2025-05-23,86.92050566528529,88.02834604187923,86.65103447766221,87.70896911621094,764000.0
2025-05-27,88.32775427610562,88.9565253788686,87.71894089735525,88.89664459228516,611600.0
2025-05-28,88.6899051154708,88.93959515507522,87.88090420559641,87.99076843261719,755200.0
2025-05-29,87.90088466214785,88.64995478936548,87.90088466214785,88.60001373291016,585000.0
2025-05-30,88.4601898439104,89.34908580462549,87.98078159928622,89.1792984008789,1596600.0
2025-06-02,88.6299753687651,89.58878421775186,88.08066184712378,89.55882263183594,603000.0
2025-06-03,89.14934157633321,89.67868328683939,87.75107570975302,89.50889587402344,594000.0
2025-06-04,89.48891545918707,89.6587028702143,88.02073669574213,88.10063934326172,791300.0
2025-06-05,88.00075725507207,88.65993499042469,87.62123114198633,88.50013732910156,724800.0
2025-06-06,89.25919816985363,89.41899583295745,88.38028435300916,89.02947998046875,423100.0
2025-06-09,89.03947159104736,89.46893877334153,86.66241748535312,88.25045013427734,933000.0
2025-06-10,87.84095384339426,88.60001370565655,87.53134062928554,88.04071044921875,878200.0
2025-06-11,87.85095118059367,88.80976011171279,87.57129952817594,88.44022369384766,799100.0
2025-06-12,88.0706673737796,89.1792917126392,88.06067763903326,89.06942749023438,622600.0
2025-06-13,88.79976938542829,88.96955678365694,88.09064296706575,88.55007934570312,783100.0
2025-06-16,88.93959710476186,89.36906428709345,88.33035278517667,88.49015045166016,797600.0
2025-06-17,88.02073478774976,88.65994071417889,87.72111129594995,88.16056060791016,1202800.0
2025-06-18,88.16055870893551,88.82973382807273,88.01075077623031,88.22048950195312,1301800.0
2025-06-20,88.5001402174118,89.26918220374435,88.25045017224812,89.0494613647461,2111000.0
2025-06-23,89.1493312214253,90.60752009493642,88.6599332720086,90.55757904052734,897200.0
2025-06-24,90.68742941113494,90.78730390737157,89.71863079577491,89.86844635009766,808000.0
2025-06-25,89.62874224059777,89.62874224059777,88.64996146779426,88.78978729248047,718700.0
2025-06-26,89.23922065145288,90.02824210886246,89.0894051003106,89.9283676147461,750300.0
2025-06-27,89.7785482863415,90.64747235046003,89.34908112176824,90.28791809082033,1298700.0
2025-06-30,90.2579622547824,91.77607441000718,90.0981569647926,91.5463638305664,1027300.0
2025-07-01,91.36658102801594,92.37532328381388,91.12687310788412,92.20553588867188,890100.0
2025-07-02,92.02576444480322,92.08568761857124,89.30913547493019,91.22675323486328,898600.0
2025-07-03,91.2567196377233,92.48519038183552,91.2567196377233,92.27545166015624,500800.0
2025-07-07,92.05572507358777,92.73488230898748,91.0170135594508,91.33661651611328,924200.0
2025-07-08,90.90714744325052,92.17557712802528,90.83723453605364,91.55634307861328,857800.0
2025-07-09,91.78606316466336,91.78606316466336,90.74735165063775,90.85721588134766,913500.0
2025-07-10,90.2379789466176,90.75733849706542,89.80851177295068,90.3877944946289,990000.0
2025-07-11,89.8484678301019,90.83723830720297,89.65870095128835,90.4776840209961,862100.0
2025-07-14,90.17806054107234,91.58630847895628,90.14809895387374,91.51639556884766,746500.0
2025-07-15,91.00702462319632,91.3865507245589,89.69864368809769,89.70863342285156,790600.0
2025-07-16,90.11813641967746,90.90715027406824,89.81850531096873,90.82725524902344,809500.0
2025-07-17,90.64747437481049,92.2554788441274,90.60752305396552,92.06571197509766,827000.0
2025-07-18,92.18556975764952,93.11441705096264,91.97582340953812,92.26546478271484,950800.0
2025-07-21,92.6549786953432,93.00455085485568,91.11689472120445,91.20677947998048,537600.0
2025-07-22,91.3965444814075,92.18556592311678,90.92712598647228,91.9059066772461,1653600.0
2025-07-23,92.31540488119025,92.52514360718575,91.17681887153714,91.89592742919922,528900.0
2025-07-24,91.576325407212,91.80603598662708,91.00703239657444,91.14685821533205,483200.0
2025-07-25,91.13686848991932,91.86596679061034,91.13686848991932,91.5463638305664,436700.0
2025-07-28,91.31663981481474,91.6162709044929,90.13810254598124,90.28791809082033,587300.0
2025-07-29,91.12688065181004,91.64624023515562,90.6974134509394,91.0070343017578,611200.0
2025-07-30,90.98705579009588,91.10690976134842,89.70864390981222,90.17806243896484,709000.0
2025-07-31,89.75857455407244,91.26669684600402,89.64871033149001,90.42774200439452,994600.0
2025-08-01,90.4077730256124,90.4077730256124,89.20926379283043,90.17806243896484,984600.0
2025-08-04,91.2866803068315,92.99455926901108,90.4177562229428,92.70491790771484,823500.0
2025-08-05,92.87470534006808,93.43401621239992,92.1356249536962,93.184326171875,638000.0
2025-08-06,93.55386829829251,94.50269508249616,93.2842063907428,93.96336364746094,950700.0
2025-08-07,94.1131782429892,94.32291697336976,92.81478691784966,93.11441802978516,555900.0
2025-08-08,93.68370913573008,94.12315843902051,93.2342624769938,93.65373992919922,536600.0
2025-08-11,93.84350202338888,94.11317152887952,93.1343832369954,93.56385040283205,673200.0
2025-08-12,93.99331761991722,94.37284373088914,93.61379150894533,94.20305633544922,543100.0
2025-08-13,94.3229188836783,95.45151520427932,94.19307517657322,95.29171752929688,632200.0
2025-08-14,95.3016967850731,95.671240803529,94.74239350951665,95.46150207519533,647400.0
2025-08-15,95.73116203898832,95.98085208479682,94.8522558209192,94.88221740722656,947300.0
2025-08-18,94.89220999527048,94.97210502118004,94.24301433266533,94.47272491455078,853200.0
2025-08-19,94.41280175445335,95.88098048735571,94.41280175445335,95.83103942871094,750900.0
2025-08-20,96.1938279892592,97.07331167161044,96.06390660292814,96.64356231689452,869400.0
2025-08-21,96.44368202843717,97.03333404097047,96.22380920174948,96.30376434326172,830900.0
2025-08-22,96.85344956186252,97.35315777516296,95.96396192724092,96.24380493164062,766100.0
2025-08-25,95.98395668061777,96.18383692044844,95.40429331018946,95.59418487548828,634700.0
2025-08-26,95.2843539303008,95.84403228759766,95.05449243305864,95.84403228759766,1637600.0
2025-08-27,95.8340356348923,96.67354935526622,95.72409922359402,96.31375885009766,617200.0
2025-08-28,96.36372870693532,96.5336276671512,95.78406535743652,96.4636688232422,617600.0
2025-08-29,96.79348126197884,97.29318948493685,96.43369073145368,96.74351501464844,556200.0
2025-09-02,96.55362066964136,96.76349720224717,95.55420425250394,96.16384887695312,724200.0
2025-09-03,95.71410302263416,96.90341095065308,95.65414048002545,96.82345581054688,700300.0
2025-09-04,97.39312835146302,97.69295633135712,97.07331539788235,97.47308349609376,505800.0
2025-09-05,97.41312036975536,97.71294072292103,96.0339208203897,96.58360290527344,770500.0
2025-09-08,96.27378300715196,96.27378300715196,95.04449748828344,95.96395874023438,898200.0
2025-09-09,95.70412043283426,96.3037687718674,95.70412043283426,95.85403442382812,586700.0
2025-09-10,95.48424806990448,96.09389271134738,95.23439395865547,96.06391143798828,714800.0
2025-09-11,95.97395716343358,98.12270398181327,95.90399831934413,97.99278259277344,579800.0
2025-09-12,97.6929576978402,98.27262106710768,97.38314103924036,97.593017578125,770600.0
2025-09-15,97.58301485235998,97.78289507862728,96.73351245331104,96.86343383789062,635500.0
2025-09-16,96.8834280484911,97.0433307071788,95.65414252414932,95.83403778076172,829400.0
2025-09-17,96.06390573004371,97.17325852806884,96.06390573004371,96.73351287841795,798900.0
2025-09-18,96.22380932447084,97.43310224785336,95.8940000840187,96.98336791992188,971300.0
2025-09-19,97.3231675796516,97.3231675796516,96.4536801800661,96.63357543945312,2314100.0
2025-09-22,96.2937704245267,97.38313828596752,96.1138751641485,97.1832504272461,911900.0
2025-09-23,97.00335617519306,98.3125968823656,96.94339362942442,97.94281005859376,1110900.0
2025-09-24,97.76291011449064,99.32199722934878,97.76291011449064,99.20207214355467,789400.0
2025-09-25,99.26203958806134,99.99161693741706,98.70236882687378,98.96221160888672,865300.0
2025-09-26,99.59184813658656,100.51130941631112,99.59184813658656,100.24147033691406,702500.0
2025-09-29,100.30143142729972,100.47133038686069,99.02217964364208,99.61183166503906,760000.0
2025-09-30,99.6518098019998,100.64122991764104,99.56186598464248,100.33141326904295,671700.0
2025-10-01,99.85169493635571,100.42136197224022,99.63182211111224,100.091552734375,719900.0
2025-10-02,99.41195132013264,101.73059708161055,99.41195132013264,101.61066436767578,867100.0
2025-10-03,101.1809132227818,102.35023619443253,101.1809132227818,101.62065887451172,899500.0
2025-10-06,101.61066092119728,102.7799762488672,101.61066092119728,102.3102569580078,566100.0
2025-10-07,102.3102602020476,103.12978134976844,101.7605781289059,102.92989349365234,945300.0
2025-10-08,103.1397668910241,103.4096135823488,102.49015234696932,102.98986053466795,415000.0
2025-10-09,103.16975607348728,103.45958011320783,101.87051173188924,102.18032836914062,606700.0
2025-10-10,102.6300736938058,102.64006236795832,100.69120341632878,100.80113983154295,1050200.0
2025-10-13,100.6912030477522,101.73059702646395,100.29143495979504,101.27086639404295,876600.0
2025-10-14,101.6906170010592,102.67004841167038,101.20090510822456,102.56011199951172,592600.0
2025-10-15,102.11037233892633,102.58009926958935,100.15151709877532,100.25145721435548,964500.0
2025-10-16,99.1720956455478,100.09155693062092,97.82287736588756,98.11270904541016,770300.0
2025-10-17,98.31259298420228,98.86226742348506,98.09272015851236,98.77232360839844,665600.0
2025-10-20,99.08214255775088,99.50189562115244,98.21264753361154,99.14210510253906,568200.0
2025-10-21,99.2020780023441,99.82171131538688,98.99220146486743,99.38197326660156,485800.0
2025-10-22,99.61183172380196,100.19149507140818,99.18208236263764,99.9516372680664,749300.0
2025-10-23,100.37138761272077,100.37138761272077,99.33199365979054,99.88167572021484,558400.0
2025-10-24,99.9816189962839,100.46133460515496,99.55186963315992,99.99161529541016,404000.0
2025-10-27,100.07156101559424,100.36139268551152,99.6118303882936,100.00160217285156,475800.0
2025-10-28,99.74175727396758,99.8317010877446,98.21264381528192,98.31259155273438,749100.0
2025-10-29,97.83287136783228,98.30259829861652,97.3231668658172,97.74292755126952,823900.0
2025-10-30,98.0727316697612,99.66180776068082,98.0727316697612,99.47191619873048,1044200.0
2025-10-31,99.1720904802712,99.81171635178538,98.98219892859169,99.50189208984376,716100.0
2025-11-03,101.11095532292826,101.94047276462648,98.15268369494784,99.36197662353516,899300.0
2025-11-04,98.1227048222755,100.72118599992427,98.0927235495435,100.58126831054688,768100.0
2025-11-05,100.80113983154295,101.76057867118688,100.53129313058376,100.80113983154295,616600.0
2025-11-06,100.95105305013954,102.43018505731712,100.92107177802598,101.57068634033205,594500.0
2025-11-07,101.97045771499064,103.07981056861856,101.65064476056271,102.5301284790039,706100.0
2025-11-10,102.12037087496653,103.4296039551128,101.8105542223987,102.95987701416016,518200.0
2025-11-11,103.4895746808663,103.89933145340152,102.68004218522452,103.67945861816406,503000.0
2025-11-12,103.3896265357354,104.63889707205382,103.30967901636711,103.97928619384766,554500.0
2025-11-13,103.91932191022636,105.04865971119293,103.72943035190004,104.3290786743164,600900.0
2025-11-14,104.80879830687982,105.0586524013823,103.67945291976582,104.34906768798828,1187400.0
2025-11-17,104.8088036839636,105.23855305355328,103.82937222829096,104.14918518066406,1200600.0
2025-11-18,104.09921595549014,105.33849015735775,103.6294890271767,105.05865478515624,801100.0
2025-11-19,104.72884378801572,105.61832375972652,104.52895593626266,105.2385482788086,661000.0
2025-11-20,105.58834603292958,106.43784846280865,104.62890718713112,104.8787612915039,921300.0
2025-11-21,105.5983398869541,107.11744945139108,105.438429603886,106.33790588378906,1194500.0
2025-11-24,106.12803083072434,107.42726758646788,105.65830389886196,107.13743591308594,1506400.0
2025-11-25,107.53720681056524,108.3267467086911,107.11745373812636,107.88700103759766,869000.0
2025-11-26,107.75,109.05999755859376,107.75,108.26000213623048,689700.0
2025-11-28,108.41999816894533,108.58000183105467,107.76000213623048,107.87000274658205,424300.0
2025-12-01,107.7699966430664,108.51000213623048,106.30999755859376,106.4000015258789,897000.0
2025-12-02,106.81999969482422,106.9499969482422,105.69000244140624,106.30999755859376,733100.0
2025-12-03,106.48999786376952,106.8000030517578,105.0500030517578,105.75,755100.0
2025-12-04,105.72000122070312,106.19000244140624,104.27999877929688,104.48999786376952,918300.0
2025-12-05,104.58999633789062,104.58999633789062,102.62000274658205,102.81999969482422,870500.0
2025-12-08,102.91000366210938,102.91000366210938,101.13999938964844,101.41000366210938,1255000.0
2025-12-09,101.58000183105467,102.93000030517578,101.58000183105467,102.55999755859376,1043800.0
2025-12-10,102.47000122070312,103.0,102.12000274658205,102.61000061035156,1445100.0
2025-12-11,102.9000015258789,105.12000274658205,102.83000183105467,104.6500015258789,1111800.0
2025-12-12,105.12999725341795,105.19000244140624,103.9800033569336,104.30999755859376,634500.0
2025-12-15,104.70999908447266,105.5,104.3000030517578,105.41000366210938,883900.0
2025-12-16,105.51000213623048,105.83999633789062,103.52999877929688,103.95999908447266,981600.0
2025-12-17,103.98999786376952,106.22000122070312,103.79000091552734,106.04000091552734,892300.0
2025-12-18,105.70999908447266,106.3000030517578,105.20999908447266,105.86000061035156,813000.0
2025-12-19,105.7699966430664,106.63999938964844,105.7699966430664,106.58000183105467,1653100.0
