date,open,high,low,close,volume
2015-12-21,59.88429436878707,60.070902525489146,59.13010864703282,59.61994171142578,3533200.0
2015-12-22,59.99503387130325,60.432609711754274,59.57308318450103,60.41698455810547,2953900.0
2015-12-23,60.713878161182826,60.92485637411779,60.47946521089134,60.67481231689453,3171400.0
2015-12-24,60.56542832074726,61.00300400207922,60.56542832074726,60.6591911315918,1453100.0
2015-12-28,60.45603332633043,60.55761169011452,60.14347671885136,60.30756759643555,2959400.0
2015-12-29,60.65139203369663,60.97175829538867,60.36227607334608,60.83110809326172,3280200.0
2015-12-30,60.83111411242045,60.99520503755138,60.44823528711495,60.58106994628906,2537700.0
2015-12-31,60.2138060102995,60.69045355223518,60.04971511313639,60.10441207885742,2967400.0
2016-01-04,59.25270173359501,59.47930515355133,58.69010096149961,59.205814361572266,6006700.0
2016-01-05,59.20582483895574,59.58089407390102,59.104246444387954,59.37773132324219,4456400.0
2016-01-06,58.44787729777715,59.61214479460187,58.43224618528349,59.54181671142578,6199000.0
2016-01-07,58.315031748314766,59.1042359397627,58.10405943970149,58.14313125610352,6243700.0
2016-01-08,58.35410702434108,58.83075459739822,57.4867651101894,57.650856018066406,7235300.0
2016-01-11,57.83056684797957,58.22907070649034,56.50220276837952,57.04136276245117,6595800.0
2016-01-12,57.72117136778972,59.96375257564767,57.56489008890964,59.729339599609375,7578700.0
2016-01-13,60.14349100318177,60.85455164159313,58.205644345782,58.33066940307617,8406300.0
2016-01-14,58.47131210748004,59.20581335948642,58.04936153555021,58.44005584716797,8373800.0
2016-01-15,57.080445751834944,58.35410716062972,56.97886140753869,57.760250091552734,8823700.0
2016-01-19,58.135316449558665,58.70572682263571,57.68210960415344,58.27596664428711,6132200.0
2016-01-20,57.59615939662421,58.596335962023154,56.47877333588452,58.26815414428711,9574900.0
2016-01-21,58.42444922332962,59.09644419788305,57.51022558173644,58.2916145324707,7603000.0
2016-01-22,58.901077951844144,59.34646927156651,58.84638098140535,59.323028564453125,6109100.0
2016-01-25,59.30740819078783,59.80749652123131,59.08080473456763,59.151126861572266,5935700.0
2016-01-26,59.1276637225718,59.57305490921208,58.697903643685,59.06515121459961,5197500.0
2016-01-27,59.06517152506778,59.66684418853294,58.4947610878596,58.98703384399414,6805000.0
2016-01-28,59.35427681577805,59.518367704944446,57.52583036947658,57.75243377685547,6627300.0
2016-01-29,58.10406410237562,59.510566144405566,58.05718268814884,59.323028564453125,9184500.0
2016-02-01,58.22127035814084,60.36227360379347,58.03373278862909,60.04971694946289,6518400.0
2016-02-02,59.408961841915385,60.15909402517723,59.32300863702407,59.78403091430664,5329700.0
2016-02-03,60.44042607181446,60.63577328339855,58.59634791753869,59.50276184082031,6785700.0
2016-02-04,59.46367903352554,59.58870408738407,58.61196820982444,59.54181671142578,5398600.0
2016-02-05,59.416812534202506,59.49495023171726,57.8931006058059,58.18221664428711,4667300.0
2016-02-08,57.455501588815416,57.78368336310822,55.75988979344751,56.75225067138672,6543400.0
2016-02-09,55.68957553917696,57.580540911139046,55.502043901837744,57.1038932800293,6525300.0
2016-02-10,57.71336544713874,58.89326396317011,57.51801828707167,57.947784423828125,4677100.0
2016-02-11,57.20545455049109,57.596148822215405,56.36155349280143,56.74443817138672,5578200.0
2016-02-12,57.02573443426566,57.4242382705497,56.47875891616589,57.35391616821289,6367900.0
2016-02-16,57.81494045700678,58.6432164212864,57.57271190031842,58.40098190307617,5862100.0
2016-02-17,58.85421391521663,59.22928322434374,58.19003451763004,59.073001861572266,6271500.0
2016-02-18,59.01828712586112,59.3230282397123,58.44006116131303,58.580711364746094,4359000.0
2016-02-19,58.56509506729596,59.135511581492544,58.33068197662443,58.90109252929688,5348600.0
2016-02-22,59.28393601985285,59.93248381696343,59.10421407701403,59.9168586730957,4191200.0
2016-02-23,59.573054917729415,59.92468330398258,59.18236068512872,59.229248046875,3809700.0
2016-02-24,58.64323177613546,59.768427593369445,58.51820670670755,59.7215461730957,4696000.0
2016-02-25,59.91689924241536,60.71391327276202,59.62778321218399,60.68266296386719,4595400.0
2016-02-26,60.74515048383945,60.97175390213424,60.34664657446234,60.39352798461914,5270000.0
2016-02-29,60.526365211439405,61.14366297151857,60.40915571950901,60.4716682434082,8628700.0
2016-03-01,58.04935118989528,58.19000135547164,57.08824073153661,57.96339797973633,19393500.0
2016-03-02,58.17438520532455,58.77605783114117,57.68211247999304,58.28377914428711,8084200.0
2016-03-03,58.08843434881529,58.58071305580299,57.54146463163208,58.54164123535156,5290000.0
2016-03-04,58.38534856907487,59.26049985714171,58.24469840327541,59.08078384399414,5303800.0
2016-03-07,58.81513572983756,59.47932101719092,58.78388542218393,59.393367767333984,5256700.0
2016-03-08,59.18238823044239,59.29178218956425,58.83858119956955,58.947975158691406,4705900.0
2016-03-09,59.323049466533625,59.38556201521031,58.61979819773276,59.033939361572266,4071500.0
2016-03-10,59.11205845958078,60.0106566889953,58.88545501310074,59.59651565551758,3955700.0
2016-03-11,59.89343716590144,60.479478613784,59.81529949848815,60.440406799316406,4635400.0
2016-03-14,60.05754090493945,60.88581108746409,60.0106594867658,60.58106994628906,4465600.0
2016-03-15,60.14348573421877,60.37008915957038,59.67465373348406,60.04971694946289,4164800.0
2016-03-16,60.04971941409747,60.20600072843821,59.43242163587731,59.8934440612793,3738200.0
2016-03-17,60.096587833381,60.21379133026479,58.48692359176884,58.99482727050781,6614800.0
2016-03-18,59.1198824879772,59.89345577024647,58.69793179905112,59.588714599609375,10056700.0
2016-03-21,59.479304581498205,59.58088295711318,58.71354110206163,58.76823806762695,5149600.0
2016-03-22,58.64258366575475,59.16877121954819,58.19493058402365,58.85463333129883,8397600.0
2016-03-23,58.71327341604984,59.05097706459663,58.41483401066636,58.50907897949219,7755300.0
2016-03-24,58.13209871150728,58.29702888678783,57.70015613337026,58.09283447265625,3884800.0
2016-03-28,58.17137961639678,58.30488883822146,57.92792091874036,58.10070037841797,3838300.0
2016-03-29,57.87293922251472,59.39652720090867,57.63732980731957,59.27872848510742,5223900.0
2016-03-30,59.47505870920407,59.61642313866998,59.12164463964159,59.23159408569336,3431500.0
2016-03-31,59.231600847735535,59.33370105343638,58.76824327101853,58.90175247192383,4528000.0
2016-04-01,58.55619780411223,59.302290317315325,58.39127360438436,59.19234085083008,4060300.0
2016-04-04,59.62427867012836,60.42534585206632,59.44364998621807,59.9227180480957,7715300.0
2016-04-05,59.28657913208008,59.64784251655504,58.611171850558414,59.28657913208008,7164700.0
2016-04-06,59.09022407580256,60.84942703008428,59.043104601028986,60.715911865234375,7791000.0
2016-04-07,60.71591625130627,60.833720938545184,59.4907618843302,59.79705047607422,4974100.0
2016-04-08,60.03266637817373,60.3153952615714,59.72637775312557,59.97769165039063,3579900.0
2016-04-11,59.9776691465953,60.21327246649701,59.36508613454596,59.420066833496094,3927400.0
2016-04-12,59.53003807324757,60.29182901119752,59.490767842969504,60.17403030395508,3813200.0
2016-04-13,60.47246448395341,60.79446359947549,60.33895528611078,60.73948287963867,3723400.0
2016-04-14,60.86515957779877,61.09291379717012,60.48818563047436,60.763065338134766,3620600.0
2016-04-15,60.692351658675136,60.98293573172055,60.079774524174645,60.55098724365234,4233500.0
2016-04-18,60.52742638993323,61.0850287967388,60.33894250397797,60.96722412109375,3519000.0
2016-04-19,61.14787240573112,61.34421157836914,60.98294821973069,61.34421157836914,3653900.0
2016-04-20,61.43844680038303,62.129558421482194,61.21854192877435,61.79185485839844,4443400.0
2016-04-21,61.71335856026905,62.04320708394948,61.297120281558215,61.66623306274414,4213400.0
2016-04-22,61.76829809800834,62.2866303408732,61.46200950181652,62.03531646728516,3652100.0
2016-04-25,61.87038880641124,62.63218562790812,61.79185434881049,62.349456787109375,4650300.0
2016-04-26,62.47513168791373,62.71073511718982,61.69762419345216,61.82328414916992,4979400.0
2016-04-27,62.01961192821097,62.58506964133735,61.77615329853532,62.39657974243164,7863900.0
2016-04-28,62.0196133289216,63.40969191192266,61.93322362125421,62.6557502746582,7246100.0
2016-04-29,62.365159322986266,62.57720293065508,61.86252567647141,62.16096496582031,7610100.0
2016-05-02,61.97250890578421,62.83640020055235,61.878263931305206,62.31806182861328,5582100.0
2016-05-03,62.176683263612105,62.67146177768471,62.05102931793035,62.38873291015625,3713600.0
2016-05-04,61.97249108616917,62.373018630993776,61.75258620894977,61.90180587768555,5153900.0
2016-05-05,62.15312698221569,62.757854979337374,62.12171199609805,62.43585586547852,5922900.0
2016-05-06,62.34160737542975,62.726436439723045,61.925369318594086,62.62433624267578,4054900.0
2016-05-09,62.695025363823135,63.38613708695568,62.695025363823135,63.087703704833984,4005200.0
2016-05-10,63.44112622302284,63.79454040527344,63.15054801943156,63.79454040527344,3766800.0
2016-05-11,63.81024779541446,64.05370651578173,63.58249357657512,63.70029830932617,3865700.0
2016-05-12,63.74738454266078,64.14006278573514,63.47251097086762,63.88089370727539,4720100.0
2016-05-13,63.613873937369775,64.00655217155106,63.26046592332435,63.3861198425293,4302900.0
2016-05-16,63.34687321250264,64.39924829640621,63.33901796793434,64.31285858154297,4268800.0
2016-05-17,64.0065739684031,64.25788788419001,63.20551273426872,63.46467590332031,4481900.0
2016-05-18,63.3311700865652,63.77882321026842,62.89137220834355,63.29975509643555,5374900.0
2016-05-19,63.16623294288074,63.35471685325174,62.54580049645592,62.82852935791016,5106400.0
2016-05-20,63.17409542028938,63.5510632841948,62.969900998792845,63.23691940307617,5196000.0
2016-05-23,63.276191630377234,63.35472610518422,63.01702247089748,63.06414794921875,3279900.0
2016-05-24,63.48821294851284,64.13221099375939,63.19763489490029,63.56675338745117,4869100.0
2016-05-25,63.67673873901367,63.97517220325875,63.56678925261824,63.67673873901367,4487200.0
2016-05-26,63.62174745289514,63.92803608418379,63.53535773721927,63.75525665283203,4011500.0
2016-05-27,63.61388661836554,64.1557846069336,63.59032687830528,64.1557846069336,5326600.0
2016-05-31,63.92015365470653,63.95156862811863,62.64787419458725,63.20548248291016,9514700.0
2016-06-01,62.9149262689818,63.45682431411653,62.74214683477675,63.23691940307617,5327100.0
2016-06-02,63.22908374540808,65.4123749013425,63.11127901568409,65.17676544189453,8854500.0
2016-06-03,65.17674592640617,65.34952534602736,64.6741181557603,65.13748168945312,5343800.0
2016-06-06,64.94899739899469,65.5223104326144,64.9411481460026,65.43592071533203,5424400.0
2016-06-07,65.4437951963266,66.07207715274953,65.37310995604773,65.75008392333984,5738000.0
2016-06-08,65.75005413230028,66.64536015818742,65.64010468994888,66.59038543701172,6077100.0
2016-06-09,66.36264892795354,67.4385898901045,66.33908918287962,67.36790466308594,7088800.0
2016-06-10,67.14802285613561,67.43075185276847,67.00665835781918,67.30509185791016,4211100.0
2016-06-13,67.08519285870645,67.78416010266038,67.08519285870645,67.30509185791016,5395500.0
2016-06-14,67.1087217344888,67.26579665579483,66.82599286793351,67.14013671875,3786400.0
2016-06-15,67.43858888853119,67.47785313247229,66.08777426758502,66.15060424804688,6250000.0
2016-06-16,66.15061139157015,66.55899432507951,65.64797748539326,66.43333435058594,4013800.0
2016-06-17,66.42546146404733,66.44116595937321,65.5458599309176,66.07990264892578,5518200.0
2016-06-20,66.75532657637721,67.02234500662028,66.24484346890439,66.3390884399414,4919800.0
2016-06-21,66.62967356688411,66.73962904046466,65.9150019352934,66.43333435058594,4925000.0
2016-06-22,66.40192565873868,66.86528333530266,66.15061170037572,66.1741714477539,5578000.0
2016-06-23,66.8338587977535,67.36004638671875,66.48045065395213,67.36004638671875,5672500.0
2016-06-24,65.78932918407607,66.60610088426967,65.22387738406162,65.38880157470703,7485200.0
2016-06-27,63.82592373911704,64.90971960534358,63.2369063307052,64.69766998291016,6733300.0
2016-06-28,65.05108743891694,66.19770733515315,64.99611271758353,66.07990264892578,6024200.0
2016-06-29,66.23698762991691,67.32863906130882,66.23698762991691,67.10873413085938,5121200.0
2016-06-30,67.34433977070665,68.255356455912,67.3129247824103,68.14540100097656,6355600.0
2016-07-01,68.22391731112937,68.62444478854877,67.98045273598676,68.34957122802734,4243500.0
2016-07-05,68.18467597164017,69.10354197391344,68.16111622673012,68.36531066894531,5601100.0
2016-07-06,68.24690369612198,69.09930082709342,68.16008513528934,69.02037048339844,5075900.0
2016-07-07,68.79937947597196,69.53338710764072,68.76780854302989,69.05194091796875,4697500.0
2016-07-08,69.35188343172013,69.8964656358329,69.07563918757903,69.73861694335938,4398400.0
2016-07-11,69.73858988592443,70.17268265411812,69.62809463975499,69.85697937011719,3680800.0
2016-07-12,70.03063333924145,70.44104349218296,69.84910195023184,70.18058776855469,4276700.0
2016-07-13,70.18055863405617,70.42523179780429,69.81750202829569,70.04638671875,5534300.0
2016-07-14,70.39370584970595,70.4331650150758,69.97540136322455,70.10957336425781,3675200.0
2016-07-15,70.44105386148729,70.456836322118,69.51762636527981,69.73861694335938,4743400.0
2016-07-18,69.79384309990769,69.99905115417756,69.46235733484542,69.60442352294922,3276800.0
2016-07-19,69.50972726854496,69.9122492342381,69.46237386841914,69.75439453125,2989800.0
2016-07-20,69.3439501956315,70.25159472080183,69.3439501956315,70.04638671875,2988800.0
2016-07-21,69.7859589597139,69.9753845856232,69.32818939607736,69.40711975097656,3871600.0
2016-07-22,69.32030738039221,69.32030738039221,68.07328232850877,68.74414825439453,8867100.0
2016-07-25,68.82308716619963,68.87833481834522,68.18379204543723,68.60209655761719,3299200.0
2016-07-26,68.3258525024006,69.73072641342549,68.31007004092993,69.65180206298828,4561900.0
2016-07-27,69.56497283327555,69.69125659189753,68.5862977901194,69.0440673828125,4742700.0
2016-07-28,68.99668884277344,69.59652448692431,68.63363216965405,68.99668884277344,2941200.0
2016-07-29,68.75202734628223,69.59653024794248,68.72835065152707,69.16243743896484,3416600.0
2016-08-01,68.98878955146023,69.65965516630314,68.77568730743324,69.50180053710938,4328600.0
2016-08-02,69.44657201240574,69.61231490246637,68.74413527863163,69.17033386230469,3197200.0
2016-08-03,69.11509331363348,69.15455849120858,68.2390193610242,68.4047622680664,3966400.0
2016-08-04,68.32581627097338,68.62573105221442,68.00222479931051,68.47577667236328,3560900.0
2016-08-05,68.53103454355008,68.77570174323228,68.45999844011803,68.73623657226562,3030600.0
2016-08-08,68.89410747146704,68.98092605082324,68.33373683660317,68.63365173339844,2871400.0
2016-08-09,68.7836022012249,69.5097156489659,68.64153600305468,69.24925994873047,3226100.0
2016-08-10,69.21771091441752,69.21771091441752,68.6573401836462,68.89411926269531,2869700.0
2016-08-11,68.9177931819053,69.40713378211703,68.75205024188404,69.29663848876953,2919600.0
2016-08-12,69.22561030484438,69.38346504313174,68.92569533441223,69.09143829345703,2418800.0
2016-08-15,69.0046004947987,69.58864781011592,68.80728664299171,69.3834457397461,3164900.0
2016-08-16,69.05194829619124,69.32029824410222,68.870422939303,68.87831115722656,2593400.0
2016-08-17,68.87830990054832,69.23347841146162,68.16798492180227,68.76781463623047,4448200.0
2016-08-18,68.6652059139196,68.84673726868671,68.17586549712362,68.72834777832031,4132000.0
2016-08-19,68.48369787242169,68.9177908110262,68.22324813080064,68.6968002319336,5405000.0
2016-08-22,68.79939612273779,69.24138326933063,68.66522414142445,68.91778564453125,4130300.0
2016-08-23,69.28085000598168,69.96750449024852,69.15457225138817,69.29663848876953,3389800.0
2016-08-24,69.14665374771592,69.35975001824548,68.31793331685036,68.38896942138672,5287200.0
2016-08-25,67.86805264590869,68.12850830586518,66.51842698277859,67.39450073242188,7285300.0
2016-08-26,67.57603580052225,68.54681637342975,67.56024732366382,68.34950256347656,6181600.0
2016-08-29,68.4836863992179,69.18612922442587,68.2705900969481,69.02827453613281,3740200.0
2016-08-30,69.02828317487702,69.16245516056198,68.43634156816428,68.54683685302734,3088500.0
2016-08-31,68.57051428168629,68.98093050542664,67.90754256547082,68.68890380859375,5500700.0
2016-09-01,68.73624950437184,68.83096231958737,68.12852549930935,68.6494369506836,3116800.0
2016-09-02,68.83886130384936,69.34398431006296,68.80729036326835,68.91778564453125,3325300.0
2016-09-06,69.05984843087586,69.15456124790722,68.37319405586557,68.79939270019531,4149600.0
2016-09-07,68.57839386595383,68.74413675958505,67.86806287786274,67.99434661865234,4756500.0
2016-09-08,67.6944144938939,68.37317443397426,67.6944144938939,68.0811538696289,4187500.0
2016-09-09,67.80494203272842,67.80494203272842,66.96832711872351,66.98411560058594,5648000.0
2016-09-12,66.65260904383129,68.1758720449442,66.6052556517526,68.03380584716797,4529800.0
2016-09-13,67.56025443257735,67.88385200528961,66.81835852373555,66.96041870117188,5105500.0
2016-09-14,66.90516704733871,67.33136561864688,66.59735797165058,66.83413696289062,4111500.0
2016-09-15,66.81836484176868,67.87596418406451,66.59736827237745,67.60762023925781,4702900.0
2016-09-16,67.68653627248584,67.94698594534032,67.52079338192752,67.88385009765625,7782000.0
2016-09-19,67.8917415770827,68.48368308103434,67.82071148694787,67.8680648803711,4008500.0
2016-09-20,68.2547927483679,68.57838425107754,68.04958470912561,68.16007995605469,3874800.0
2016-09-21,68.22323472043684,68.94934820088096,67.95488476890024,68.77571105957031,3492500.0
2016-09-22,69.07561421383025,69.49392453857733,68.98090744120329,69.31239318847656,4351100.0
2016-09-23,69.14666922760512,69.45447836591258,69.00460300826775,69.22559356689453,3509100.0
2016-09-26,68.88620456201224,69.02827076294011,68.10484346767915,68.31793975830078,3729600.0
2016-09-27,68.34175136449818,68.83352887546717,68.0006769367599,68.74627685546875,3722700.0
2016-09-28,68.65900525881408,68.92076124417515,68.34173187830568,68.8017807006836,3208100.0
2016-09-29,68.89696397443849,69.3728800804224,67.46920960488512,67.73889923095703,4126000.0
2016-09-30,67.73890885235107,68.7541983030853,67.73890885235107,68.5321044921875,5001000.0
2016-10-03,68.21481651566548,68.56382449016516,67.98478908261812,68.52416229248047,3205300.0
2016-10-04,68.6193653838118,68.70661739962229,68.07999203680295,68.30208587646484,4092700.0
2016-10-05,68.3100290697611,68.70662699644005,68.24657194910748,68.45280456542969,2656400.0
2016-10-06,68.35761622972504,68.42107334791424,67.92135610667907,68.17517852783203,3057300.0
2016-10-07,68.38932275181989,68.61141654231326,67.88960567160787,68.18309020996094,3182400.0
2016-10-10,68.35759643113849,68.8097176769808,68.18309243246215,68.34966278076172,2815900.0
2016-10-11,68.18310309868367,68.20689800193425,65.25620896680317,65.99388122558594,9865200.0
2016-10-12,66.1683707358833,66.66015415105457,65.9938667481902,66.37460327148438,3861400.0
2016-10-13,66.12874210770319,66.5094727378282,65.72421051804164,66.08114624023438,4941300.0
2016-10-14,66.17631116825932,66.45392842640545,65.59727569989538,65.60520935058594,4042200.0
2016-10-17,65.46243496150734,65.66073387078204,65.35932170726139,65.4941635131836,3986800.0
2016-10-18,65.90662430576897,66.51738835120891,65.59727848333671,66.27149963378906,3510300.0
2016-10-19,66.44600232106659,66.6522349012237,66.1921799345667,66.36668395996094,3485800.0
2016-10-20,66.35874987700633,66.87432219962533,66.08112656285462,66.64429473876953,4438600.0
2016-10-21,66.08907158862313,66.65223986146802,66.00181956943274,66.55706024169922,4415000.0
2016-10-24,66.93779990472348,67.13609887494759,66.06528564605823,66.0732192993164,3777300.0
2016-10-25,66.10493240218418,66.17632316813996,65.27208047672315,65.41485595703125,3866600.0
2016-10-26,64.95478256390705,64.9627162137894,64.01881158064525,64.34402465820312,4626400.0
2016-10-27,64.48679943933688,64.79614521397002,64.1139965694965,64.3519515991211,3307400.0
2016-10-28,64.28059031924393,65.30381365865254,64.17747704067551,64.98653411865234,5281300.0
2016-10-31,64.20918796773526,65.13723151388854,64.15366451211949,65.05790710449219,6285400.0
2016-11-01,65.05791607575532,65.35933434917929,63.81259892670287,64.1854019165039,5663700.0
2016-11-02,64.28058767683179,64.86755086816106,64.20126930799329,64.32024383544922,4612500.0
2016-11-03,64.55820682690744,64.78823433919402,64.39957008472544,64.72477722167969,5501800.0
2016-11-04,64.79615580210064,65.8511014371981,64.75649359821463,65.15309143066406,5584500.0
2016-11-07,66.05732083879887,66.76326435573078,65.81143216820054,66.58876037597656,4519200.0
2016-11-08,66.50943014285632,67.49299070097756,66.23181297543505,66.8980941772461,4793100.0
2016-11-09,65.57349587732703,66.68397121685544,64.76443881732425,65.72420501708984,9800300.0
2016-11-10,66.30323566986154,66.30323566986154,65.31967454779496,65.6131591796875,6401700.0
2016-11-11,65.1848243397583,65.52589874052293,64.82788868734085,65.09757232666016,5199200.0
2016-11-14,65.21655094636131,65.21655094636131,60.59221859672107,62.46416091918945,12327800.0
2016-11-15,62.979750009620176,63.9236489306903,62.89249798433414,63.66982650756836,6879000.0
2016-11-16,63.65394588439953,64.28850477491599,63.257348090727255,64.16159057617188,4281900.0
2016-11-17,64.32815187002437,64.89131993158863,64.25676718197876,64.88339233398438,3792600.0
2016-11-18,64.81201283816034,64.97065559178564,64.10606922643399,64.19332122802734,4674200.0
2016-11-21,64.4233552090465,64.79615815333315,63.86018699272518,63.91571044921875,7387500.0
2016-11-22,58.89477452806337,59.77522214655048,57.13387929108915,58.37919616699219,31140100.0
2016-11-23,58.1095211482978,60.36219412735206,58.05399768900008,60.10837173461914,14394400.0
2016-11-25,60.60807207182005,60.63186696896116,59.553120586819816,59.902122497558594,3046000.0
2016-11-28,59.8466140551806,59.97352827388156,58.60129702929191,58.68854904174805,7525100.0
2016-11-29,59.013765627663325,59.25965437622251,57.720852668612046,58.23643112182617,6761000.0
2016-11-30,58.46644742501458,58.680613627652505,57.3877009161185,57.91121292114258,11613700.0
2016-12-01,57.91122289966616,58.093654531686006,56.34862631746253,57.01490783691406,9619200.0
2016-12-02,57.54634547109551,57.61773017314291,56.94351509686261,57.11801910400391,6521600.0
2016-12-05,57.554275104086784,57.63359951130136,56.73728454323877,56.848331451416016,8078200.0
2016-12-06,57.15767208954133,57.45115663544586,56.77694159649975,57.19733428955078,6504700.0
2016-12-07,57.03077310283721,57.3480525990689,56.35655795559677,57.28459548950195,7482100.0
2016-12-08,57.19732836940116,57.26871306010708,56.65002153424997,57.16559982299805,9466300.0
2016-12-09,57.308375283736,58.2284849750671,57.16559985065364,58.18088912963867,7160400.0
2016-12-12,58.18883247463218,58.76786190134369,58.14917027210018,58.46644973754883,6144800.0
2016-12-13,58.633019867805295,58.9423656812268,57.95880478859438,58.1967658996582,6630700.0
2016-12-14,58.29193456409672,58.5457568775196,57.77635628794363,58.141231536865234,5439400.0
2016-12-15,58.16504443317581,58.68062286888188,57.84776493031029,58.25229644775391,6240300.0
2016-12-16,58.40300742858144,58.90272468002046,58.15711865508224,58.268165588378906,9969700.0
2016-12-19,58.315745725076255,58.52197830337742,57.911220271597,57.98260498046875,4585100.0
2016-12-20,57.96673973467136,58.19676720007909,57.36390934434774,57.4590950012207,6851500.0
2016-12-21,57.54687381375669,57.706457822427225,56.82873359925986,57.115989685058594,7624000.0
2016-12-22,57.05215412887552,57.50697525394577,56.75691701382509,57.24365615844727,5846700.0
2016-12-23,57.2596099597948,57.64261396373947,57.076082895756265,57.41121292114258,3125000.0
2016-12-27,57.47505363933252,57.68251770957325,57.20375962172028,57.2675895690918,3256500.0
2016-12-28,57.34739102882872,57.84210511067849,57.2276999778929,57.29951095581055,5581700.0
2016-12-29,57.23568118387979,57.43516424015079,56.916507076298245,57.08407211303711,3893500.0
2016-12-30,57.28354811176564,57.45111312785989,56.71701703228348,56.836708068847656,5630500.0
2017-01-03,56.05472776373491,56.67711380258945,55.33658768515714,56.341983795166016,11125400.0
2017-01-04,56.57338703102677,57.17981713077338,56.5095510020558,56.86861801147461,7806800.0
2017-01-05,57.03619713283393,57.0601341251306,56.32603186417468,56.517539978027344,6217200.0
2017-01-06,56.76487690399829,58.15327675496131,56.740939920182335,58.145301818847656,8985600.0
2017-01-09,58.48842879236981,59.134751883166295,58.40863070750281,58.903350830078125,9672000.0
2017-01-10,59.262420290740685,60.06035247021216,59.14273533401149,59.76512145996094,7681700.0
2017-01-11,59.94065769635164,59.94065769635164,58.55225154829323,59.39806365966797,7475400.0
2017-01-12,59.094865921496655,60.028451366534846,58.839527821524456,59.93269729614258,6462600.0
2017-01-13,59.84492561416172,60.08430775171462,59.57363154015969,59.9167366027832,5455800.0
2017-01-17,59.89276893995755,60.60292787327361,59.34220004587616,60.49919891357422,7084400.0
2017-01-18,60.85828230262829,60.85828230262829,60.01247617308443,60.37952423095703,5833000.0
2017-01-19,60.08428192138671,60.41941189969536,59.7970259149113,60.08428192138672,6753700.0
2017-01-20,60.25185360101421,60.387500594762855,59.621486521681526,59.8369255065918,8898600.0
2017-01-23,59.62150306383145,59.956633172336296,59.33424694575861,59.66139602661133,4523400.0
2017-01-24,59.55766197319853,59.62947904050359,58.71983068516544,58.91133880615234,6430300.0
2017-01-25,59.0389993097154,59.5337194446568,58.71982522548673,59.437965393066406,6171200.0
2017-01-26,59.43796642972762,59.509783491607806,58.95920833890422,59.07889938354492,3699400.0
2017-01-27,59.47786273589808,60.02843786325693,59.422007729335526,59.80501174926758,4903000.0
2017-01-30,59.589569770724125,59.79703382233272,59.30231372626263,59.58158874511719,4372100.0
2017-01-31,59.51775876427237,60.8263731485518,59.262420708550906,60.6588020324707,7828200.0
2017-02-01,60.06832545803933,60.67475553785028,60.028432507048,60.64283752441406,5618300.0
2017-02-02,60.30771219143123,60.87424327644324,60.19600217961135,60.57900619506836,5357300.0
2017-02-03,60.74657376916394,61.04181086296312,60.37952570234673,60.91413879394531,4985900.0
2017-02-06,60.89818611955579,60.91414208517547,60.25983791545505,60.62689208984375,3817600.0
2017-02-07,60.539111028824,60.77051206992073,60.25982992174043,60.73859405517578,3898500.0
2017-02-08,60.69870235723602,60.75455736786147,60.2598372110792,60.323673248291016,3668200.0
2017-02-09,60.32366878024831,60.54708880620189,60.19600280302018,60.41144180297852,4367500.0
2017-02-10,60.5231492128693,60.8503042994727,60.41143920469713,60.76253128051758,3427100.0
2017-02-13,60.858276982650665,61.38491507686996,60.762529029329805,61.37693405151367,4081600.0
2017-02-14,61.44078332540194,61.68016543579169,61.00989917934435,61.48068237304688,3781600.0
2017-02-15,61.153518678865126,62.15093385315212,61.097663672614615,61.999324798583984,4244300.0
2017-02-16,62.01527773793823,62.23869773011077,61.568437753593145,62.230716705322266,4152500.0
2017-02-17,62.12699555006173,63.02068171892245,62.0791215707842,62.94088363647461,9954600.0
2017-02-21,63.83457775050288,64.61655400655202,63.67499374122252,64.28141784667969,7313100.0
2017-02-22,64.03404800452819,64.20959403228593,63.22813491697607,63.53135299682617,5508000.0
2017-02-23,64.03404097686112,64.57663496322753,63.79465894932912,64.4250259399414,4552700.0
2017-02-24,64.26546327164165,64.67241041817513,64.18567126527465,64.65644836425781,4489100.0
2017-02-27,64.65643391902371,64.76016898309068,64.35322192747537,64.43301391601562,3588800.0
2017-02-28,64.24151017092177,64.73622413899902,64.20161113387242,64.56068420410156,3749300.0
2017-03-01,64.87985985176712,65.65385499559812,64.6005848224825,65.48628997802734,4996000.0
2017-03-02,65.35063624206197,65.80545726795381,65.02348117879916,65.42244720458984,4068800.0
2017-03-03,65.12723118358358,65.43044324116362,64.90380504418059,65.31873321533203,2775500.0
2017-03-06,64.96765381943467,65.3187460195803,64.8559437717049,65.06340789794922,2681800.0
2017-03-07,64.77614459315107,65.20702876724738,64.71230854786117,64.95169067382812,2594900.0
2017-03-08,64.95168337745899,65.74961559072572,64.84794829358094,65.60598754882812,4018600.0
2017-03-09,65.55014530426985,66.13263252426835,65.34268118384668,66.06082153320312,3478800.0
2017-03-10,66.2283664082834,66.37997546018607,65.89323637667235,66.26028442382812,4033900.0
2017-03-13,66.22038647873514,66.37997655910073,65.78152745514271,66.14059448242188,3134200.0
2017-03-14,65.95706826410918,67.02629432285931,65.54214017583405,65.84535217285156,3591800.0
2017-03-15,65.90919439151138,66.58743550165967,65.88525740104272,66.4677505493164,3267100.0
2017-03-16,66.41988115164379,66.60340825428753,65.11925372939527,65.2947998046875,6347400.0
2017-03-17,65.27883933315289,65.70972350448193,65.19106629337807,65.61397552490234,11360900.0
2017-03-20,65.55810260125268,65.621932540958,64.85591847484628,64.9676284790039,4423800.0
2017-03-21,65.27086570124625,65.35065771507487,64.40909734132006,64.728271484375,5343900.0
2017-03-22,64.73627857248051,65.12935333465008,64.46353881441799,64.97693634033203,4419800.0
2017-03-23,64.76835970263527,65.25769262306386,64.72023060232446,64.8646240234375,4194800.0
2017-03-24,64.85660745640627,65.35396398721481,64.85660745640627,64.97693634033203,3010300.0
2017-03-27,64.73628473428062,65.10529497882482,64.48760950529731,65.00100708007812,5272200.0
2017-03-28,64.91275738322463,65.01704526764875,64.67210574569879,64.76836395263672,7442300.0
2017-03-29,64.84055822471265,65.24165037339426,64.53572427479912,65.0892333984375,5686700.0
2017-03-30,65.00901424963206,65.15340766364876,64.57583400758192,64.96890258789062,2420700.0
2017-03-31,64.77640231325219,65.06518924042432,64.61596785157097,64.62398529052734,3790000.0
2017-04-03,64.85661362965966,65.10529497882482,64.34321605487884,65.00100708007812,3250100.0
2017-04-04,64.97692406330069,65.03307671583214,64.5597909473785,64.6720962524414,3097800.0
2017-04-05,64.91276472776525,65.04913461647753,64.3432144982771,64.36727905273438,3620600.0
2017-04-06,64.7202231844237,64.7202231844237,64.03034426486298,64.3512191772461,3930300.0
2017-04-07,64.37528567510742,64.6961605972125,64.28704491852402,64.47154998779297,2515200.0
2017-04-10,64.41539764404297,64.66407280278024,64.27100423441291,64.41539764404297,2666900.0
2017-04-11,64.26297873008662,64.45550123036351,64.0062800229908,64.2950668334961,2642700.0
2017-04-12,63.99023682725174,64.30309432459525,63.893978631312486,64.25495910644531,3551400.0
2017-04-13,64.17474621846272,64.57583838232812,64.07848189586996,64.18276977539062,3440900.0
2017-04-17,64.31111451713058,64.50364315762135,64.10255100353645,64.46353149414062,2695300.0
2017-04-18,64.72023933652088,64.72023933652088,64.27101801918123,64.4394760131836,4543000.0
2017-04-19,64.7763817520308,64.7763817520308,64.39133059796286,64.43144226074219,3781700.0
2017-04-20,64.30311551420158,65.16947016404359,64.10256937966903,64.99298858642578,5323900.0
2017-04-21,64.96891648413228,65.03309270857314,64.40738982072884,64.55980682373047,3582300.0
2017-04-24,65.2657171281364,65.41011055134744,64.65605532789193,64.6961669921875,4153900.0
2017-04-25,64.7844017484754,65.94756646298998,64.77637819232437,65.58658599853516,4351000.0
2017-04-26,65.97165094102355,66.55724831335294,65.83528104615985,65.89143371582031,4445200.0
2017-04-27,65.95560042177746,66.98239544457309,65.87538320815551,66.68558502197266,4878100.0
2017-04-28,66.61336736811832,66.66952000944266,66.3085396180975,66.65347290039062,3915400.0
2017-05-01,66.58931282504288,67.4316025714022,66.58931282504288,67.1749038696289,4325900.0
2017-05-02,67.10272113244382,68.01721078862236,67.10272113244382,67.98512268066406,5266100.0
2017-05-03,67.95302198936223,67.95302198936223,67.311278309575,67.4556655883789,3226100.0
2017-05-04,67.463713073472,67.71239442226138,67.25514339647563,67.3113021850586,3669600.0
2017-05-05,67.50381276055262,67.55194186201386,67.21502591142364,67.38348388671875,4030100.0
2017-05-08,67.36745375713924,67.36745375713924,66.66152751423402,66.82196807861328,3913000.0
2017-05-09,66.8460093591424,67.19896623752265,66.73370406326966,66.8540267944336,3819900.0
2017-05-10,66.773835859861,66.773835859861,66.24439727399287,66.49307250976562,4942600.0
2017-05-11,66.1400899732032,66.59733475786993,65.93954390764445,66.58931732177734,3801000.0
2017-05-12,66.47703035556731,67.28723227742807,66.42889512483023,66.91822814941406,3013400.0
2017-05-15,66.91019744463144,67.58402933952873,66.6855806928183,67.49578857421875,3532100.0
2017-05-16,67.45568806784404,67.64821674410169,66.95031406307658,67.33536529541016,4635300.0
2017-05-17,67.33535050344567,67.33535050344567,66.25239682798598,66.30855560302734,5861800.0
2017-05-18,65.4502173675575,66.50108301475503,65.37802371463917,66.09999084472656,5225600.0
2017-05-19,66.14009159523454,66.99041109577956,65.9636161941663,66.76580047607422,4780400.0
2017-05-22,66.78985908784323,67.66423693970616,66.78985908784323,67.37545013427734,3912400.0
2017-05-23,67.46370984652978,68.12150083927143,67.33536351925854,67.8728256225586,4385600.0
2017-05-24,68.02520009623584,68.34606877390576,67.45564411696296,67.94497680664062,6645300.0
2017-05-25,68.35412192445172,68.98784824155743,67.27117436795172,68.65093231201172,7210600.0
2017-05-26,68.65094065819987,68.843463195606,67.86479727350469,68.25786590576172,4796900.0
2017-05-30,68.27391034480341,68.45039188058436,67.7845774029311,68.0733642578125,4131600.0
2017-05-31,68.1776356987356,68.50653416929735,67.20699351906157,67.60808563232422,7439900.0
2017-06-01,67.87282046019239,69.05203247070312,67.68029792383791,69.05203247070312,7535300.0
2017-06-02,69.08410252189096,69.5654117970559,68.61883423715375,68.84344482421875,6162500.0
2017-06-05,68.65895940514703,69.0038989396776,68.51457208947404,68.94774627685547,3243900.0
2017-06-06,68.89158967877522,69.42905784386404,68.73115525707104,68.98785400390625,3627100.0
2017-06-07,69.28466844122585,69.35686209913243,68.85950557066704,68.97181701660156,3291800.0
2017-06-08,68.97178536113888,69.26056598040694,68.69903960936011,68.939697265625,4159700.0
2017-06-09,68.86752045482928,69.5012467818695,68.78730324941999,69.39696502685547,4715100.0
2017-06-12,69.47718483809784,70.72057298920843,69.4130086232912,70.29541015625,8823600.0
2017-06-13,70.25530392797577,70.7526542874322,69.88629987670208,69.95046997070312,4459300.0
2017-06-14,70.23925500381073,70.59221805253114,70.07079703606158,70.31145477294922,3509200.0
2017-06-15,70.0547814018138,70.57620260703011,69.90236437193354,70.31950378417969,2979900.0
2017-06-16,70.59224161273339,70.87300498602026,70.21521388852709,70.65641784667969,5436800.0
2017-06-19,70.65640603749556,71.45056690925533,70.62431792588546,71.38639068603516,3806600.0
2017-06-20,71.17780636009076,71.81152648878204,71.04143039551822,71.25,3535000.0
2017-06-21,71.37033029255835,71.5067001397011,71.04945538384966,71.22593688964844,3549400.0
2017-06-22,71.37032507050947,71.86767532844678,71.16175547708254,71.46658325195312,3549400.0
2017-06-23,71.74736108450533,71.79549018091758,71.30615730012597,71.5548324584961,6707100.0
2017-06-26,71.57090028842445,71.9719925284446,71.37837772686571,71.5147476196289,3491400.0
2017-06-27,71.51472369546826,71.7393342955104,71.22593688964844,71.22593688964844,3149600.0
2017-06-28,71.49867956897596,71.88373069953809,71.34626872411562,71.63505554199219,3339400.0
2017-06-29,71.69922804577536,71.70725160214782,70.68848026933593,71.1617660522461,2888000.0
2017-06-30,71.19386291503906,71.53077888196255,71.04946948347455,71.19386291503906,3827900.0
2017-07-03,71.23396407035233,71.55483287520947,71.19385240965511,71.24198150634766,2006700.0
2017-07-05,71.37907995153742,71.84677085349064,71.18555501529868,71.68550109863281,2892100.0
2017-07-06,71.52420785621094,71.74999407115298,70.36305236816406,70.36305236816406,3884900.0
2017-07-07,70.67754318015325,71.04040317087366,70.47595292929832,70.9275131225586,2918100.0
2017-07-10,70.8468832596882,70.95977331598172,70.19373276941194,70.31468200683594,3062100.0
2017-07-11,70.19371732099151,70.48400773101456,69.89536157956636,70.36305236816406,2792900.0
2017-07-12,70.75818463500197,71.16136517423276,70.47595948794978,70.80656433105469,2128400.0
2017-07-13,70.90332987520692,70.95977490461736,70.39532461051299,70.80656433105469,2306300.0
2017-07-14,70.80655178377656,71.6209780512754,70.68560256507759,71.41938781738281,2257800.0
2017-07-17,71.41938381725971,71.5967841974765,69.21801587954884,69.39541625976562,9555300.0
2017-07-18,69.34704485595286,69.69378032631447,69.16964445455211,69.22608947753906,5505700.0
2017-07-19,69.33092759526778,69.45994216757052,68.9116163931787,69.06482696533203,4597000.0
2017-07-20,69.27448660317286,69.41962569845353,68.95194092555036,69.0809555053711,4381500.0
2017-07-21,69.08095306675641,69.3067331875078,68.49231291651839,68.67777252197266,3523200.0
2017-07-24,68.71002390194717,68.79065877603286,68.30684337947214,68.6132583618164,4096000.0
2017-07-25,68.86322569326845,69.35510636016681,68.5648699299224,69.29059600830078,5256300.0
2017-07-26,69.20190812946124,69.57283349064174,68.85517261652451,69.13739776611328,3331600.0
2017-07-27,69.23414462014716,69.23414462014716,68.0004134764076,68.28263854980469,5244900.0
2017-07-28,68.19392729992428,68.38745215428276,67.8713817746307,67.96814727783203,4550800.0
2017-07-31,68.1374990959572,68.28264431052744,67.66980827655905,67.71012878417969,5452200.0
2017-08-01,67.823023333852,68.04073809416437,67.323077305516,67.3472671508789,5356100.0
2017-08-02,67.34726101615291,67.4198366976768,66.9118315351919,67.08922576904297,4909500.0
2017-08-03,66.89568841115093,67.32305863281684,66.79086372630373,67.16178894042969,5944300.0
2017-08-04,67.36339779544001,67.70206793451061,67.11342785737068,67.47628784179688,3414700.0
2017-08-07,67.54884004682614,68.17780662492802,67.49239503812983,68.03266143798828,3647600.0
2017-08-08,67.96816191404771,68.1616868100797,67.46821593458245,67.59723663330078,3825300.0
2017-08-09,67.5327457351274,67.7504605368652,67.3392207833552,67.69401550292969,3519300.0
2017-08-10,67.39564835018949,67.6214284274156,66.94408204369155,66.96021270751953,3495800.0
2017-08-11,67.1860079381778,67.927858688397,67.00054217459946,67.50048828125,4302200.0
2017-08-14,67.77462645550263,68.59711174949034,67.77462645550263,68.11329650878906,3346800.0
2017-08-15,68.20201619773275,68.5487516806334,68.07299548221329,68.21007537841797,2766000.0
2017-08-16,68.4035671354125,68.47613663214672,68.16972183697536,68.21810150146484,4376200.0
2017-08-17,68.12137246364024,68.41972206338122,67.4440260993817,67.46821594238281,3789000.0
2017-08-18,67.1860073699579,67.58112259087801,67.02473760894273,67.25858306884766,4441000.0
2017-08-21,67.19406274623174,67.75044764571714,66.8795824524216,67.3472671508789,4691500.0
2017-08-22,65.68617453607803,66.24256566431178,65.31524916793784,65.92808532714844,9382100.0
2017-08-23,65.57326007593893,65.77485027614189,64.06536316368467,64.3072738647461,8667500.0
2017-08-24,64.25890416335726,64.58950894396258,63.79121334977347,63.89603805541992,7365000.0
2017-08-25,64.0411868958327,64.38792235974503,63.72670660903381,63.75089645385742,4231200.0
2017-08-28,64.16214391966938,64.40405467820965,64.0250640274514,64.17826843261719,4900800.0
2017-08-29,63.9928210674117,64.42825682469258,63.71865507858419,64.28311157226562,4130900.0
2017-08-30,64.26696775435418,64.44436815458292,63.97667730889738,64.39598846435547,3725800.0
2017-08-31,64.50886602425942,65.08944680280494,64.34759632001672,65.0088119506836,5661900.0
2017-09-01,65.07331632281738,65.11363682501306,64.41210069030461,64.54918670654297,3133400.0
2017-09-05,64.41210343794545,64.83141453130548,64.16213353939496,64.36372375488281,3255800.0
2017-09-06,64.44435945738063,64.5733801499697,63.99279933740937,64.40404510498047,3784000.0
2017-09-07,64.44436179301634,64.7346522098174,64.27502674188997,64.46855163574219,3387000.0
2017-09-08,64.42822856758185,66.50864088925286,64.42822856758185,66.1457748413086,7881000.0
2017-09-11,66.32318328077446,66.52477350351236,65.46844270502021,65.76679229736328,5854100.0
2017-09-12,65.71841134134021,66.41188218630815,65.3878004294634,66.3635025024414,4073500.0
2017-09-13,66.22640181967087,66.48443699658937,65.87966647393255,66.06513214111328,4795100.0
2017-09-14,66.02481607417185,66.06513657253777,65.37166583454544,65.96031188964844,4461900.0
2017-09-15,65.82324720485985,66.23449304361553,65.62165695182912,66.21836853027344,9563400.0
2017-09-18,66.41995535784798,66.55703524634819,65.92000934137864,66.44414520263672,4162500.0
2017-09-19,66.64572325828111,66.71829277937712,65.4200513620487,65.46843719482422,5584800.0
2017-09-20,65.46845988687356,65.72649519361629,63.97668692546871,64.63790893554688,6384400.0
2017-09-21,64.62176346455381,64.95237439385531,64.10569296929171,64.1298828125,4822000.0
2017-09-22,64.08957352520216,64.42017832859798,63.79121774727016,64.2669677734375,4593200.0
2017-09-25,64.09763005458295,64.17826491899974,62.815519099832166,63.113868713378906,7151300.0
2017-09-26,63.09776111789268,63.605766436756525,62.95261586221052,63.19452667236328,4791000.0
2017-09-27,63.43641670883425,63.59769259577898,62.45265533063251,62.76713562011719,4801700.0
2017-09-28,63.02670346396442,63.19705135843301,62.59679256034806,63.03481674194336,5536500.0
2017-09-29,62.99425191758244,63.27815471194081,62.905024440981705,63.083473205566406,6186200.0
2017-10-02,63.31871118374442,63.45661213661804,62.86446669507936,63.31060409545898,4312900.0
2017-10-03,63.41605638293163,63.432276749255735,62.929364941181696,63.35927581787109,5866600.0
2017-10-04,63.47283045695544,64.00008204352253,63.43227026236689,63.78106689453125,5735200.0
2017-10-05,64.38133480031132,64.77879877192674,64.08120540784059,64.4948959350586,6323200.0
2017-10-06,64.54353731668532,64.73821258544922,64.29208150333965,64.73821258544922,3248500.0
2017-10-09,63.10783307254257,63.48096346197341,62.069549941399984,62.40212631225586,12760100.0
2017-10-10,62.418330407105,62.76712705672242,62.385889676151066,62.69412612915039,7244100.0
2017-10-11,62.52379326324981,63.65941085397256,62.52379326324981,63.46472930908203,6442300.0
2017-10-12,63.04292980632042,63.23760515683057,62.54001177983324,63.20515823364258,8427000.0
2017-10-13,63.18083517721144,63.45663097622252,62.832038430256105,63.32684326171875,5442000.0
2017-10-16,63.29438711041999,63.62696343891182,63.03481790785332,63.05104446411133,5392200.0
2017-10-17,63.07538611344726,63.46473687239258,62.7752566707704,63.27006149291992,3809600.0
2017-10-18,63.27007883157938,63.99200615905521,63.19707786500384,63.7486572265625,4613200.0
2017-10-19,63.73240568551476,64.07308907350463,63.62695783359906,63.65940475463867,2765000.0
2017-10-20,63.89464557446661,63.98387307619212,63.40795404872103,63.54584884643555,4173800.0
2017-10-23,63.854077125205706,64.28398797892388,63.545834483960896,64.09741973876953,4811600.0
2017-10-24,64.17043315768397,64.24343409233813,63.626961126532834,63.80541610717773,4462300.0
2017-10-25,63.74050414486331,64.33264329748098,63.46470847445083,64.24341583251953,4906500.0
2017-10-26,64.00008895109804,65.476389839654,63.96764202964855,65.249267578125,7331100.0
2017-10-27,65.61427737101506,66.26320335113336,65.4601560582982,65.94685363769531,7744000.0
2017-10-30,65.7359868302869,65.75220720356445,64.48680767483185,65.32229614257812,5993800.0
2017-10-31,65.27359394339217,65.54938346203335,65.00591151274624,65.31414794921875,4612000.0
2017-11-01,65.23306449403358,65.83332347389702,64.90049425959762,65.14383697509766,5136500.0
2017-11-02,65.13572170335327,65.36284401807852,62.59680365567146,63.16461563110352,10276700.0
2017-11-03,62.961787309716286,63.84594236210271,62.5075367777552,63.61882019042969,6936600.0
2017-11-06,63.643182906677296,63.66751655210231,62.96992316970204,63.01859664916992,4027000.0
2017-11-07,63.18893642034147,63.42417196660793,62.98614779652048,63.27816390991211,3655100.0
2017-11-08,63.39982234380561,63.39982234380561,62.63733533004424,63.11591339111328,4468000.0
2017-11-09,65.00592067431431,65.80085480167364,64.45433537067782,65.54939270019531,8803500.0
2017-11-10,65.21681960428101,65.273600168747,63.5215035704524,64.34888458251953,6416400.0
2017-11-13,64.30830965951259,64.42187076244244,63.48093502550707,64.24341583251953,4013700.0
2017-11-14,64.03252071555083,64.38131730279821,63.78105868099463,64.21097564697266,2701100.0
2017-11-15,64.081220712817,64.1947818746869,63.772984157544336,63.82165145874024,4145400.0
2017-11-16,64.0974098823739,64.63277468940093,64.05685588065789,64.2920913696289,4763500.0
2017-11-17,63.94330947142762,64.9653596656618,63.870302349772274,64.47866821289062,7098000.0
2017-11-20,64.38944224872068,64.66523799794389,63.99197827488782,64.00009155273438,7446700.0
2017-11-21,67.32583078804831,68.22621287560445,66.9202534941444,67.05004119873047,11004000.0
2017-11-22,67.13115594147052,67.3014976635997,66.55523692228566,66.79046630859375,5303300.0
2017-11-24,67.07436570260036,67.73139884879997,67.00947185915366,67.52861022949219,3165600.0
2017-11-27,67.53672153752436,67.76384379434677,65.75217802648744,66.03608703613281,6346500.0
2017-11-28,66.24698929959617,66.98514289599574,65.99553337444017,66.88780212402344,5773700.0
2017-11-29,66.76611787277461,67.30959603380306,66.49032834239881,66.60388946533203,3945500.0
2017-11-30,67.05001891581301,67.14735347328673,66.54710101060564,66.62010192871094,5663900.0
2017-12-01,66.8877993339884,66.97702682408664,65.38716474656336,65.92252349853516,5992800.0
2017-12-04,65.96308253974135,66.00364273947963,64.68145696686967,64.78691101074219,8687800.0
2017-12-05,64.54356116842268,66.08475590483084,64.54356116842268,65.63861846923828,5392200.0
2017-12-06,66.16586564473688,66.35243388391358,65.6386140351858,66.10908508300781,5192100.0
2017-12-07,66.19832253394547,66.58767324769263,65.12759878821376,65.35472106933594,5497500.0
2017-12-08,65.63861003079819,65.80084461771034,65.33037359859016,65.76028442382812,4106400.0
2017-12-11,65.86574293107424,66.14153867918276,65.58184009376967,65.92252349853516,3501400.0
2017-12-12,66.91212763678334,67.07436223701778,66.35243528467183,66.51466369628906,4966500.0
2017-12-13,66.35243349750445,66.64444958144395,66.1334183402413,66.44976806640625,4473300.0
2017-12-14,66.47411223323822,66.90402933888423,66.28755015422736,66.37677764892578,5000700.0
2017-12-15,66.87159282698514,67.8936432531148,66.87159282698514,67.73141479492188,9813100.0
2017-12-18,67.82062199674039,67.958516763778,67.39071114149544,67.67461395263672,5204200.0
2017-12-19,67.90985901406714,68.22620878927532,66.51467221642186,66.547119140625,5096500.0
2017-12-20,66.83102474819476,67.3014958856188,65.93875595596803,66.01175689697266,3769400.0
2017-12-21,66.14154754519426,66.88780830003317,65.99553946806328,66.09288024902344,4051200.0
2017-12-22,66.1577608948068,66.48222394162879,65.92252534057631,66.14154052734375,3187500.0
2017-12-26,66.16586151348476,66.41731738706783,66.01985347978113,66.08474731445312,1922500.0
2017-12-27,66.21453040497524,66.45787919660307,66.06041527965333,66.31998443603516,2463100.0
2017-12-28,66.344470025748,66.54840605345018,66.14053399804581,66.35262298583984,2859800.0
2017-12-29,66.54839929814476,66.72786398008667,65.85501811906894,65.87133026123047,3259900.0
2018-01-02,67.02152580188765,67.45386909884878,66.85021409589135,67.06230926513672,4783500.0
2018-01-03,67.05415652160559,69.19140811258761,67.02968519657992,68.45723724365234,6879100.0
2018-01-04,68.88956733406175,69.25665580975158,67.82094485589268,68.62037658691406,5943200.0
2018-01-05,68.95483677701714,69.94188623371944,68.53065265108499,69.77873992919922,7428500.0
2018-01-08,69.7461209066729,69.90111427802826,69.50955436962711,69.75428009033203,6117600.0
2018-01-09,70.0397867948829,70.76579852392354,69.87664046929551,70.05609893798828,6099900.0
2018-01-10,69.78690969311381,70.14583286220736,68.94668804889963,69.73796081542969,3575300.0
2018-01-11,70.1050289124755,70.1050289124755,69.40348869906269,69.93372344970703,3930300.0
2018-01-12,70.03162111014129,70.14582477217706,69.58296564461011,69.705322265625,5085900.0
2018-01-16,69.811368851613,70.26002429068508,69.2321913929787,69.59927368164062,5428200.0
2018-01-17,70.05608952841138,70.52106333987926,69.69716641560117,70.24371337890625,5449000.0
2018-01-18,70.28452163472606,71.72838609695219,70.11320987988769,71.18183898925781,7328600.0
2018-01-19,71.44285763865706,71.70389545738013,70.17845200893541,70.70868682861328,7314800.0
2018-01-22,70.4965997596943,70.61896261270613,69.66454356175373,70.19477844238281,5926900.0
2018-01-23,70.33346389842268,70.33346389842268,69.32194286211104,69.52587890625,4962300.0
2018-01-24,70.01530800699149,70.26002746929322,69.46876102852163,69.95820617675781,5680200.0
2018-01-25,70.14582980295198,70.95342090136661,69.87663899378035,70.8228988647461,3947800.0
2018-01-26,70.85552414170056,71.11656197203246,70.4476521428299,71.06761932373047,3815100.0
2018-01-29,70.84738514662232,71.21447378438518,70.41504170040713,70.74134063720703,3804900.0
2018-01-30,70.09688182531528,70.74132032899203,69.95004765708978,70.12135314941406,3881700.0
2018-01-31,70.4231764596997,70.5618514370603,69.84399900398861,70.06424713134766,5258300.0
2018-02-01,69.64823022779842,69.89295595150455,69.03642214216677,69.32193756103516,4201600.0
2018-02-02,69.06904445254018,69.54217747625582,68.81616579873452,68.88957977294922,5564500.0
2018-02-05,68.57960799166301,68.9956392359185,66.0100127662307,66.41788482666016,7237200.0
2018-02-06,65.30846257663917,66.93995057484557,64.51718990172783,66.62181091308594,10190000.0
2018-02-07,66.40155323335365,67.67411169759315,66.31182090845145,66.36076354980469,5929900.0
2018-02-08,66.34448736220918,66.49132158946932,63.91356653837698,63.93803787231445,7346100.0
2018-02-09,64.34588340708314,65.32477992494822,63.26910159397443,64.83533477783203,6061800.0
2018-02-12,65.02295603631303,65.87133057633022,64.64771452847269,65.4552993774414,4314100.0
2018-02-13,65.13716019732973,65.74080904290435,64.72928817828117,65.4389877319336,4574600.0
2018-02-14,65.0311178902953,66.93995601601156,64.95769768811905,66.77680969238281,5000000.0
2018-02-15,67.22546309114901,67.69043690189511,66.85021539074175,67.65780639648438,4002000.0
2018-02-16,67.54362306630964,68.3267367609443,66.98891675465578,67.95964813232422,6863500.0
2018-02-20,67.82095567156064,68.00857952998523,65.96921952970104,66.57286834716797,11125900.0
2018-02-21,66.42604803643988,66.64629622402177,65.43899833721349,65.84687042236328,6805700.0
2018-02-22,66.00183553347905,66.73599999335183,65.43081112469514,65.59396362304688,4528200.0
2018-02-23,66.03448193752772,66.23841796108232,65.16979518921892,65.57766723632812,5174100.0
2018-02-26,66.4015635396322,67.28256856252398,65.52055851674045,67.2336196899414,6201200.0
2018-02-27,67.39678035011802,67.45388218865358,66.13237449501587,66.27104949951172,5179400.0
2018-02-28,66.4994761020394,66.5728963291988,65.12902535687296,65.16981506347656,6712100.0
2018-03-01,65.0882137614717,65.12084426793396,63.440407415107344,63.87275695800781,7946100.0
2018-03-02,63.54646187001944,64.03590704859417,63.37515636869993,63.89723205566406,5695900.0
2018-03-05,63.50567611473347,65.29215766207291,63.42410295052059,65.04743194580078,5371700.0
2018-03-06,65.26766484997484,65.75710989776717,65.128983670468,65.59396362304688,5338300.0
2018-03-07,65.08821852096547,66.33630592215643,64.95769648557214,66.18131256103516,6040200.0
2018-03-08,66.34445683090244,67.09493976991543,66.30366714402095,67.06230926513672,6434600.0
2018-03-09,67.24993931124757,68.02489364437687,67.18467829567398,67.82911682128906,4659200.0
2018-03-12,67.918846544252,68.2940880338892,67.70675136362829,67.95147705078125,4218700.0
2018-03-13,68.31855623742068,68.66932638704766,67.91068425988384,68.09014892578125,4678800.0
2018-03-14,68.34303220849202,68.48986637933719,66.81759489187976,67.13573455810547,5182300.0
2018-03-15,67.20914991511789,67.30704143890726,66.61366026039005,66.91548156738281,3453700.0
2018-03-16,67.18466668959324,67.35597215815636,66.31182098388672,66.31182098388672,9386600.0
2018-03-19,66.30367699329567,66.58103321329916,64.76192119936356,65.36557006835938,4601300.0
2018-03-20,65.69187217618374,66.07527290362815,64.77008357248074,65.1779556274414,4267000.0
2018-03-21,65.17794112330623,65.88763435788326,65.06373747122181,65.29214477539062,4329400.0
2018-03-22,64.94756695083088,65.48086053542627,63.99583107383875,64.1106948852539,4455900.0
2018-03-23,64.16814249847243,64.48812123139952,62.69131902179583,62.806182861328125,6070300.0
2018-03-26,63.53635679578954,64.430654239578,62.822555101865554,64.37322235107422,6635500.0
2018-03-27,64.60296737793755,65.22651823577483,63.70866969227275,64.12710571289062,5458700.0
2018-03-28,64.31579046257043,65.0213858125349,64.20913302952236,64.37322235107422,5299700.0
2018-03-29,65.0295977752095,66.39155678866435,64.63577460600882,65.8172378540039,6162300.0
2018-04-02,65.46446572216034,65.55471676995016,62.86361055122317,63.56920623779297,6409800.0
2018-04-03,63.79892148493406,64.44708512945732,63.40509823853214,64.28298950195312,4444000.0
2018-04-04,63.3722954509889,64.77528056490942,63.10974863890336,64.58657836914062,4134600.0
2018-04-05,64.83269711533555,65.70238831013465,64.56195027864953,65.39060974121094,4183500.0
2018-04-06,64.98039635901858,65.48908355307124,63.28204527548725,63.70048141479492,5186000.0
2018-04-09,64.21733311387548,65.3413643712855,63.88915447077177,64.37322235107422,4708400.0
2018-04-10,64.92293799334348,65.38239942842073,64.63577850867476,65.05421447753906,4718300.0
2018-04-11,64.51272330345077,65.04602318963414,64.2009509707262,64.47990417480469,3751500.0
2018-04-12,64.9475563731078,65.726990146426,64.93935002802661,65.50546264648438,3571500.0
2018-04-13,65.77623285501399,65.83366476634863,64.92295427260717,65.2839584350586,3997200.0
2018-04-16,65.79263562089467,66.6623205068947,65.66135912359238,66.12902069091797,3628300.0
2018-04-17,66.48181043233583,66.65410611955288,65.60391930626395,66.15362548828125,4611200.0
2018-04-18,66.3669597569277,66.49002991772137,65.77622799280486,65.79264068603516,6131400.0
2018-04-19,65.80083098843606,66.12901594854848,65.34137580004317,65.6367416381836,3791900.0
2018-04-20,65.71878447505718,66.03876308082444,65.2101037477386,65.55469512939453,3690900.0
2018-04-23,65.75981618427386,66.0059502261349,65.48906310457961,65.65315246582031,2735900.0
2018-04-24,66.04698229436467,66.10441420249715,64.46349538773033,65.11986541748047,4937200.0
2018-04-25,64.8326757998676,65.22649892496203,64.42244624688043,65.19367980957031,3935100.0
2018-04-26,65.39061828219135,66.34235428695179,64.98038854074822,66.1208267211914,5155900.0
2018-04-27,65.93210962710675,66.79359439305354,65.75981392583893,66.69513702392578,4191500.0
2018-04-30,66.78539512644979,66.83462068642758,65.66136351662587,65.743408203125,6071800.0
2018-05-01,65.30857272377244,66.48183001919753,65.22652802848859,66.46542358398438,2986700.0
2018-05-02,66.23568224862535,66.28490780370353,65.41522294608109,65.57110595703125,4145500.0
2018-05-03,65.01319298860743,65.4234226374041,64.2337591597368,65.29215240478516,4534300.0
2018-05-04,65.0870311489202,66.61308579241792,64.82448445001775,66.52283477783203,3563900.0
2018-05-07,67.58944658709684,70.03441847879566,67.44996998424521,69.59136962890625,10825200.0
2018-05-08,69.1811468401294,69.1811468401294,67.90123198526797,68.2622299194336,7132300.0
2018-05-09,68.36887219577294,69.19753154821477,67.63045760382839,68.96780395507812,4934200.0
2018-05-10,69.18113368173061,70.37079726187176,68.9349933674078,70.29695892333984,4728100.0
2018-05-11,70.23132834577835,70.55951338086695,69.91955600522907,70.1985092163086,4021100.0
2018-05-14,70.15747760053962,70.8302539867503,69.74724794407928,70.70718383789062,4244500.0
2018-05-15,70.21492317961543,70.32978700503067,68.90218927514911,69.22216796875,4544900.0
2018-05-16,69.2959960401316,70.74000625070323,69.26317691493587,70.19029998779297,4058700.0
2018-05-17,70.04263642852129,70.10006834859787,69.40267269959806,69.82931518554688,3542100.0
2018-05-18,69.51753204455899,69.66521499613843,68.9185938910399,69.44368743896484,4705500.0
2018-05-21,69.94415501370241,70.40361021658308,69.7800656582758,70.0015869140625,3747400.0
2018-05-22,70.03440274305812,70.23131121223017,69.66519858090962,69.71442413330078,4593700.0
2018-05-23,69.36163792468344,70.7071908301673,69.33702514439908,69.9523696899414,5237600.0
2018-05-24,70.846671594388,72.73373081562019,70.55951204148974,71.37176513671875,8861000.0
2018-05-25,71.37176153381576,72.41374847837183,70.37080006314933,70.80564880371094,4685500.0
2018-05-29,70.21491027032887,70.32977407462594,69.41906372655063,70.05902099609375,4539500.0
2018-05-30,70.32976933762211,71.01895211698523,69.99337803368955,70.46924591064453,4236800.0
2018-05-31,70.1985011330467,71.10921152723628,70.14927557431479,70.82205200195312,4816700.0
2018-06-01,71.25689825966849,72.26606608469942,71.00255784652454,72.06095123291016,5438300.0
2018-06-04,72.1347874832957,72.33990232913737,71.667125885161,71.80660247802734,4507400.0
2018-06-05,71.56046075661483,72.09376055062305,70.64975043782127,71.10100555419922,5409700.0
2018-06-06,71.2158607307291,71.65890318820266,70.62512910795515,71.57685852050781,5424600.0
2018-06-07,71.64251209707291,71.88044606605415,70.52668685062694,71.0763931274414,5350300.0
2018-06-08,71.1337953200038,71.62607574515437,70.97791236100471,71.52761840820312,4566600.0
2018-06-11,71.30612447102754,71.42098827822458,70.59232258949615,71.04357147216797,4313000.0
2018-06-12,71.32253410873687,71.5440553869693,70.84666616633143,71.12562561035156,4311900.0
2018-06-13,71.15843718533795,71.29791376274258,70.19849505591117,70.42822265625,3735200.0
2018-06-14,70.6579564670446,71.10100523579315,70.49386085291127,71.02716064453125,3756400.0
2018-06-15,71.15844367802616,71.37175860659985,70.47746090088158,71.199462890625,6532200.0
2018-06-18,70.6087210300014,70.80563575685753,70.22310418108397,70.76461029052734,3002600.0
2018-06-19,70.19850504572467,71.22407930719031,70.02620932095148,71.05998992919922,4510200.0
2018-06-20,70.93692132617889,71.10921705474178,70.4200341404902,70.66616821289062,4334200.0
2018-06-21,70.78923611031169,71.21587850417367,70.25593624778844,70.80564880371094,3404300.0
2018-06-22,71.10102665301181,71.85584792657129,71.06000117221878,71.22409057617188,5406100.0
2018-06-25,71.13382211067403,71.33893694520263,70.28874999395349,71.16664123535156,5242700.0
2018-06-26,71.15024238236819,71.65892322003917,70.8548764884134,71.26510620117188,8009500.0
2018-06-27,70.91230900393009,70.97794726083856,70.05903044294611,70.14107513427734,6347900.0
2018-06-28,70.16569242031483,71.00256460060277,70.02621581013653,70.83026885986328,3948400.0
2018-06-29,69.4765200416272,71.11743926201555,69.3944753325298,70.23954772949219,5082500.0
2018-07-02,69.23034746600176,70.64974468591588,68.5985966141139,70.5841064453125,4677100.0
2018-07-03,69.96876557529168,71.27329907016981,69.96876557529168,70.5430908203125,3002500.0
2018-07-05,70.46884167556466,70.97224999902312,70.39457141286967,70.89797973632812,3148800.0
2018-07-06,70.81543000420129,71.82224638350195,70.62562407472684,71.49214172363281,3618100.0
2018-07-09,71.40962364004139,71.98730842151055,71.28583359428205,71.90477752685547,3476800.0
2018-07-10,71.93779633430725,72.23488995747682,71.88828282918698,72.11935424804688,3489600.0
2018-07-11,71.62419713926988,72.27615221147924,71.442639233563,72.01206970214844,3858300.0
2018-07-12,72.20187012765822,72.59799700940903,71.78099279256304,72.51547241210938,3507200.0
2018-07-13,72.53198064610262,73.11791351914104,72.53198064610262,72.91985321044922,4441800.0
2018-07-16,72.78779907760483,72.87032996673288,72.23487737929489,72.39993286132812,2833200.0
2018-07-17,72.51546873683854,73.30771616396382,72.39993304723004,72.86207580566406,5026700.0
2018-07-18,72.8620757124174,73.25819627736165,72.5402253923166,72.6310043334961,5015800.0
2018-07-19,72.54024383982681,73.39025932683363,72.52373513929253,72.96937561035156,3975000.0
2018-07-20,72.4412066455407,73.07665936136425,72.38343878921347,72.63926696777344,4313100.0
2018-07-23,72.28438487232327,73.22518530121889,72.16884919260707,73.14265441894531,2953900.0
2018-07-24,73.2994722275849,73.60482019133636,73.06014646619437,73.37374877929688,3202900.0
2018-07-25,73.15916489465893,74.23199713188359,73.15916489465893,74.05044555664062,3438100.0
2018-07-26,74.2320065345572,74.30628308057523,73.55529475279303,73.66258239746094,3884900.0
2018-07-27,73.68732232272367,73.74509015811527,72.76303066023614,73.16741180419922,4486600.0
2018-07-30,73.2086901352749,73.72035273730381,73.04364093267125,73.5140380859375,4178000.0
2018-07-31,73.74511171418928,74.5621159953199,73.34073674824715,74.46308898925781,6244300.0
2018-08-01,74.24024974629485,74.88395033284588,74.03393513285043,74.47132110595703,4810200.0
2018-08-02,74.09997051635779,74.59512441755955,73.84414236491862,74.1824951171875,3395000.0
2018-08-03,74.10821181584349,74.76841480245176,73.91839960075741,74.66938781738281,2611000.0
2018-08-06,74.56207925457907,74.97470836644307,74.33100795933053,74.76013946533203,2946100.0
2018-08-07,74.80144314404795,75.11503916277967,74.4795927759164,74.97474670410156,3521700.0
2018-08-08,74.94173431396484,75.28834772433521,74.62813830062599,74.94173431396484,4692300.0
2018-08-09,74.94172368949332,75.48639733126872,74.94172368949332,75.28008270263672,3852100.0
2018-08-10,74.99124832699695,75.20581102135675,74.33929330285017,74.76842498779297,3444200.0
2018-08-13,74.68591184425273,75.44514833201762,74.51260827397319,74.88397216796875,5030300.0
2018-08-14,74.85094026683572,75.51114955741134,74.8014267737204,75.13978576660156,3875300.0
2018-08-15,75.02424747691468,75.23056208601909,74.4630714883018,75.09026336669922,4082600.0
2018-08-16,75.3213456049902,75.40387649753495,74.96648417420634,75.1810531616211,4190300.0
2018-08-17,75.33785541439958,75.37911456505806,74.61987819373138,74.76842498779297,8973200.0
2018-08-20,74.80968961165131,74.99949555428321,74.16598894320721,74.29802703857422,6630800.0
2018-08-21,77.57428987787678,79.0515031747149,76.74903147492064,78.53984069824219,14732400.0
2018-08-22,78.29226402766496,79.34033938989305,77.75584482655631,78.8781967163086,8582500.0
2018-08-23,78.69664711630568,79.63744125541801,78.56460274074209,78.90296173095703,6545400.0
2018-08-24,78.9442411694781,79.37337287370167,78.72141782026273,78.85346221923828,5332200.0
2018-08-27,78.90298778569586,79.15881597754998,78.44084491106273,78.7626953125,5593300.0
2018-08-28,78.85344446932596,79.42286849711607,78.76266553952048,79.03499603271484,5151000.0
2018-08-29,79.10927294584027,79.83549809156298,78.97722857595136,79.71170806884766,3809900.0
2018-08-30,79.5879535889012,80.36369251028552,79.48066592488546,79.89329528808594,4523700.0
2018-08-31,79.48889485106285,79.85201058933077,79.22481239492865,79.56317138671875,4239500.0
2018-09-04,79.69521483145488,79.79424812025515,78.64713928393235,78.86170196533203,4448600.0
2018-09-05,78.77092954820351,79.32385758618484,78.4903446510332,79.2578353881836,4451800.0
2018-09-06,79.06802009803937,79.97580954503887,78.91122525410381,79.62919616699219,4943900.0
2018-09-07,79.47239683113665,79.95929632862223,79.33209809966104,79.48889923095703,5664200.0
2018-09-10,79.75299895978236,80.09960609701909,79.48066208214316,79.53018188476562,3188000.0
2018-09-11,79.37336474171893,79.73648050547617,78.82044304415975,79.29084014892578,3573700.0
2018-09-12,79.2495791927996,79.65395412774419,79.02676215001635,79.43113708496094,3667200.0
2018-09-13,79.66222007192545,80.05009266232432,79.53843000959456,80.00882720947266,3972800.0
2018-09-14,80.00881455575086,80.28115139056281,79.761240766468,80.05833435058594,3303000.0
2018-09-17,80.05835197607016,80.17388769574956,79.07629206257074,79.24959564208984,3989000.0
2018-09-18,79.06801582151772,80.08308655906856,79.05151342165715,79.95104217529297,4477200.0
2018-09-19,80.27289619080344,80.36367513477809,79.43113524221113,79.60443878173828,3184900.0
2018-09-20,80.19860984718183,80.67726122002946,79.89326197907796,80.4461898803711,4337400.0
2018-09-21,80.53698738785457,80.87534645131788,80.01707671302235,80.75155639648438,7973700.0
2018-09-24,80.8670602333355,81.66756180340452,80.64424325942349,81.58503723144531,5640100.0
2018-09-25,81.70885401917798,82.23701900829893,81.47778262346549,81.70059967041016,5694300.0
2018-09-26,81.98943576805334,82.6496451272254,81.56855214417558,81.84088897705078,5693900.0
2018-09-27,81.55205372959406,82.52585911904777,80.27290039475947,80.62776184082031,4710700.0
2018-09-28,80.56173545841433,81.60155661476362,80.21512211007534,81.18067932128906,4430800.0
2018-10-01,81.46951894452508,82.24526393805316,81.28796106976552,82.10496520996094,3633000.0
2018-10-02,81.92341669636073,82.08847219055829,81.26321360824039,81.71710205078125,3880000.0
2018-10-03,81.98941835494485,82.33602536159657,80.1408413565806,80.43793487548828,4449700.0
2018-10-04,80.17386940776653,80.56998998596077,79.51366004914536,80.03357696533203,4211200.0
2018-10-05,80.26464519297124,80.63600900744031,79.41462992715151,80.19036865234375,4631000.0
2018-10-08,79.84375090428635,80.19035792425045,78.51508436486868,79.2000503540039,4650300.0
2018-10-09,78.96073110007828,79.63744279738854,78.70490298774834,79.3816146850586,3179100.0
2018-10-10,79.30735179345605,79.89328465567631,78.32529832116577,78.45733642578125,5841100.0
2018-10-11,78.42431570006873,78.91946954999474,76.46020270033237,76.8398208618164,7177300.0
2018-10-12,77.92915358003418,78.53159500259659,77.16166299041963,78.14372253417969,4814700.0
2018-10-15,77.45052274321921,78.25102463801396,76.93886641178457,77.42576599121094,4107200.0
2018-10-16,78.34178989676559,79.98405255385256,78.25926530575741,79.6787109375,4982400.0
2018-10-17,78.91945859654268,80.38016949174447,78.67188485405254,80.28939056396484,5105500.0
2018-10-18,80.1903791290469,80.40494813462034,78.42432617416806,79.15880584716797,4298800.0
2018-10-19,78.94422580504929,79.05976148355515,77.31846566235956,77.5247802734375,6750100.0
2018-10-22,77.5247865121098,77.86313922747038,76.73253909736245,77.26070404052734,3991300.0
2018-10-23,76.33641135854533,77.20293530326654,75.8412575170858,76.82331085205078,5530000.0
2018-10-24,76.84808235501362,77.53304220125572,75.31310087016911,75.48640441894531,4918900.0
2018-10-25,75.75872673010079,76.26213487834197,74.92521394914412,75.72571563720703,4622300.0
2018-10-26,75.12327003664231,75.70095468585542,73.51401869886526,74.06694030761719,6725600.0
2018-10-29,75.17279759004097,75.49465421403796,72.9858674900954,73.81937408447266,6266400.0
2018-10-30,73.9844450060443,74.78494696641727,73.58006999892652,74.49610137939453,5582200.0
2018-10-31,75.09851525798217,75.39560878907416,74.0669422461967,74.12471008300781,8496800.0
2018-11-01,74.38054215126843,75.88251228486936,74.27326081894776,75.55241394042969,5213700.0
2018-11-02,75.83300955955885,76.62525703190113,74.83444744453713,75.44513702392578,5054100.0
2018-11-05,75.88252122540896,76.18786915583658,75.25532926009944,75.60193634033203,3955800.0
2018-11-06,75.54417132508591,76.42719775566441,75.30484558084383,76.34467315673828,3927000.0
2018-11-07,76.9471007054488,77.7393481091648,76.67477018583148,77.67333221435547,5484100.0
2018-11-08,77.5742852515844,78.19322901688959,77.24418065084399,78.18497467041016,5330100.0
2018-11-09,78.14373576412459,78.28402820949302,77.45051529345277,77.87139892578125,4306400.0
2018-11-12,77.97042126865489,78.09420499940298,76.11358975276566,76.45194244384766,4276800.0
2018-11-13,76.41893046144465,76.82330533503738,75.7092076977059,75.9815444946289,4953900.0
2018-11-14,76.63350072675674,77.18642238117542,75.54415981670128,76.01455688476562,4291900.0
2018-11-15,75.54417010590673,76.5757433163934,74.15773545916372,76.55923461914062,6575200.0
2018-11-16,76.51797891325472,78.06946282503333,76.51797891325472,77.32672882080078,7922000.0
2018-11-19,77.58254579574191,77.76410365546396,74.3062688622724,74.57860565185547,6780900.0
2018-11-20,78.29228185115625,78.30878425201749,75.37911384562868,76.05583190917969,8270800.0
2018-11-21,76.55097778709639,77.00486616992008,75.6349403775468,76.72428131103516,6829400.0
2018-11-23,76.33641993095318,76.74904922787726,75.68446488626635,75.93204498291016,2560300.0
2018-11-26,74.78492913517064,76.40243507419817,74.69415019453243,75.97329711914062,4957600.0
2018-11-27,75.66797028476725,76.8811015501723,75.3378655539553,76.85633850097656,6094800.0
2018-11-28,77.07088063494676,78.86994417924926,77.0048584525708,78.70489501953125,6589400.0
2018-11-29,78.7131618478779,80.30591117438631,78.65539399857339,79.71997833251953,6013900.0
2018-11-30,79.89327774485415,80.53697840270506,79.85201859532857,80.48746490478516,6581400.0
2018-12-03,80.87534921380538,81.81614358871704,80.80932700947587,81.49429321289062,6258400.0
2018-12-04,81.35398982006814,82.03895593145027,79.30734583440986,79.62919616699219,7123000.0
2018-12-06,78.57285922262581,79.4228744506836,77.29371235477413,79.4228744506836,8221600.0
2018-12-07,79.15879633140047,79.40637640777899,77.16167220885306,77.7723617553711,5902900.0
2018-12-10,77.5742919457872,79.1505385596382,76.67476328477265,78.7956771850586,5092500.0
2018-12-11,79.62095036558061,80.38844109487124,78.39131055123734,78.78743743896484,4765000.0
2018-12-12,79.55492694578453,80.14911412013365,78.96073977143541,78.9854965209961,6047000.0
2018-12-13,79.70347560662289,79.97581245061693,78.37480878180469,78.81219482421875,4952900.0
2018-12-14,77.90438420469845,78.20147769420507,76.84805459588428,77.34320831298828,6337800.0
2018-12-17,77.13692428392716,77.13692428392716,75.23882693783504,75.80000305175781,7224100.0
2018-12-18,76.71604517473504,76.98012769717278,75.26358815321557,75.92379760742188,5655200.0
2018-12-19,77.3432224827947,77.52478034811374,74.52084011162316,75.3130874633789,7639700.0
2018-12-20,75.2223079111683,75.82474304524989,73.53877994146997,74.19073486328125,7693800.0
2018-12-21,73.53877293065209,75.29657097003198,72.87856372445653,73.11788940429688,10918500.0
2018-12-24,72.81255288736621,73.1096401249012,70.80717468261719,70.80717468261719,3748100.0
2018-12-26,71.29407173494516,73.1839142016446,70.39454311295846,73.16741180419922,5816600.0
2018-12-27,72.57815287284281,74.41232337857758,71.69011852024232,74.40402221679688,6015400.0
2018-12-28,74.86878454588296,75.22565851251191,73.82305979893493,74.0803451538086,4508100.0
2018-12-31,74.6280966985593,75.69871852935971,74.36251653113112,75.4912338256836,5436400.0
2019-01-02,74.30443342156336,74.81069668926109,72.27938035077244,72.96823120117188,7099100.0
2019-01-03,72.71924608638196,72.8105398686584,70.69419321687704,70.91827392578125,6099800.0
2019-01-04,72.07189508881773,73.62388319857142,71.98890246053783,73.14251708984375,6275400.0
2019-01-07,73.34171040152067,73.93096632118004,68.25418036981507,68.428466796875,17462700.0
2019-01-08,69.11730526569082,69.68166392758457,67.7728084034813,68.90982055664062,14472200.0
2019-01-09,69.54059648248399,70.95979155372659,69.25841390182907,69.9638671875,7894300.0
2019-01-10,69.59869627571167,70.4701348990837,69.16712438019927,70.41203308105469,5279200.0
2019-01-11,69.8559753810032,70.4452314062428,69.25841819148332,70.41203308105469,5054300.0
2019-01-14,70.00534160985683,70.52820714435589,69.80615805629724,70.33731842041016,5294700.0
2019-01-15,70.76887247995533,71.84779535805166,70.56968895837431,71.39962768554688,6323400.0
2019-01-16,71.8561165641652,72.4702696206645,71.54073570742176,72.1963882446289,5066800.0
2019-01-17,72.1797699861548,73.19229621654672,72.03038076639321,72.70262908935547,7521700.0
2019-01-18,73.46618680081467,73.54918575427968,71.6320226376124,72.45366668701172,8549300.0
2019-01-22,72.0552921472144,72.22127738776723,71.37474252985811,72.20468139648438,6567000.0
2019-01-23,72.27108200504567,72.44536841680244,71.30005499728733,72.33747863769531,4642900.0
2019-01-24,72.42048126414448,72.47027557954286,71.73163035211655,72.39558410644531,4515400.0
2019-01-25,72.76904569253954,72.95993443263856,71.95570275445411,72.22128295898438,5283500.0
2019-01-28,71.80631263300803,72.20468610099441,71.09257098658205,71.72332000732422,5143400.0
2019-01-29,71.34154568056651,72.27107950977377,71.34154568056651,71.76481628417969,3670600.0
2019-01-30,71.78142545716054,73.00973801660135,71.59054302474547,72.89354705810547,5385700.0
2019-01-31,72.81882255453093,74.13012727042623,72.62794019209947,73.35828399658203,9536200.0
2019-02-01,73.75667839212056,74.23803818146509,72.81054847481562,73.29190826416016,5727400.0
2019-02-04,73.29189967231939,73.4163917693565,72.07188851883164,72.8769302368164,4970900.0
2019-02-05,73.25041328010988,73.54919180776776,72.82714264393928,73.05952453613281,5640800.0
2019-02-06,73.2670164122355,73.94756616222942,72.87694405578796,73.74838256835938,3417400.0
2019-02-07,73.37493249060151,74.16337224918307,73.14254418064068,73.78160095214844,4304900.0
2019-02-08,73.39150526424051,74.28784089463404,73.17571935353125,73.87287139892578,3982200.0
2019-02-11,74.26293732201192,74.61151014862803,73.98075479670499,74.3625259399414,4020000.0
2019-02-12,74.6945004449987,75.12606588374227,74.08864226645062,74.90198516845703,3713900.0
2019-02-13,75.32527001175502,75.48295412566827,74.86049983766573,75.25057220458984,3483500.0
2019-02-14,75.3916576171249,76.04731020344948,75.1426797100212,75.71533966064453,4644100.0
2019-02-15,76.32118926038724,76.63656379915709,75.96431523907285,76.5784683227539,5622500.0
2019-02-19,77.36688743685227,78.50389941531749,76.54524988819311,76.62824249267578,6891400.0
2019-02-20,76.72784975080874,77.18431868440304,76.52866618520915,77.0183334350586,4924800.0
2019-02-21,76.91043578691392,77.09302335670196,76.45397319437507,76.86064147949219,4222600.0
2019-02-22,77.18432925398969,77.87318016376969,77.13453493875383,77.82337951660156,4551300.0
2019-02-25,77.9478657477358,78.06405669579621,76.49547256504896,76.53697204589844,7216800.0
2019-02-26,76.56188515743054,76.72787045155688,75.69874769772076,75.76514434814453,4541800.0
2019-02-27,75.52444503688115,75.84812072334181,75.1675710323307,75.43315124511719,7327200.0
2019-02-28,75.46634818013894,75.74852438083302,75.01818039203809,75.1094741821289,12189600.0
2019-03-01,75.67382841998561,76.49546615006133,75.48293968879062,76.42906951904297,8021400.0
2019-03-04,76.77764982795772,77.31711138226704,75.74022619733648,76.59506225585938,5620100.0
2019-03-05,76.3626713920205,77.20920618896704,75.89790135446677,76.9519271850586,6073900.0
2019-03-06,77.08471600047751,77.20090692974559,76.33777612144874,76.42076873779297,4070700.0
2019-03-07,76.19668741471024,76.46226760605882,75.4082480024998,75.59083557128906,4876100.0
2019-03-08,75.50784558983726,75.75682346622396,74.27953320442926,75.12606811523438,4113900.0
2019-03-11,75.49954170448473,76.44567153087701,75.42484391191101,76.35437774658203,4639100.0
2019-03-12,76.55358235210821,77.02664739535385,76.27140609175567,76.71957397460938,6149100.0
2019-03-13,77.06813316255423,77.71548454522028,76.88554557627779,77.20092010498047,6638200.0
2019-03-14,77.26731742616121,77.62419143924295,76.71956099441476,77.45820617675781,5578600.0
2019-03-15,77.48311464332066,78.18026044584042,77.42501915977735,77.8399887084961,9493800.0
2019-03-18,77.40011071827115,77.6988892563539,75.69873328374067,76.26309204101562,8347700.0
2019-03-19,76.40416937513038,77.08471898660554,75.87300901163421,76.90213775634766,5909400.0
2019-03-20,76.67805154068854,76.81084479895212,75.9726047689737,76.12199401855469,4772600.0
2019-03-21,75.9133920219907,77.52395449097335,75.6296627253962,76.85636138916016,4217000.0
2019-03-22,76.46413809916787,76.87304182962444,75.41268773506451,75.42937469482422,4291700.0
2019-03-25,75.42101805320219,75.91336925059495,75.11226158870761,75.62129974365234,3336900.0
2019-03-26,76.23882081576846,76.91475402853425,75.61295484346299,75.99681854248047,4463300.0
2019-03-27,75.99684100532896,76.18042943013165,74.6950414354769,75.32090759277344,4822400.0
2019-03-28,75.3542859352435,75.65470219230325,74.66165921109796,75.070556640625,6534900.0
2019-03-29,75.2875125008672,76.09696692384924,74.9370290496704,76.00517272949219,4742700.0
2019-04-01,76.46414781754197,76.66442955994522,75.43773094594282,75.67973327636719,4467100.0
2019-04-02,75.89668586153472,75.95509977056982,75.2374459024123,75.4377212524414,3684700.0
2019-04-03,75.80491232026645,75.82160565118967,73.69365798994254,73.81048583984375,7633200.0
2019-04-04,73.85220842448263,74.66166302700658,73.50172489554647,74.46138763427734,6085300.0
2019-04-05,74.87026003973686,75.13729592959592,74.05245904580975,74.21101379394531,6211900.0
2019-04-08,74.41130125009572,74.41130125009572,73.43495171550785,74.26109313964844,5464500.0
2019-04-09,74.0023786960194,74.36955536701697,73.82713702121693,74.03575897216797,4938700.0
2019-04-10,74.03580061461355,74.56152593472235,73.84386551046194,73.960693359375,5031400.0
2019-04-11,74.43631455641871,74.43631455641871,72.8090657762687,73.10113525390625,7878900.0
2019-04-12,73.43494813242975,73.49336204105137,72.28335691961561,72.39183807373047,7324200.0
2019-04-15,72.70894382228408,72.8424649705269,72.32508007104413,72.49198150634766,5815900.0
2019-04-16,73.0260635087549,73.05944380045185,71.80771151169463,71.89115905761719,8424600.0
2019-04-17,71.96624915570804,72.11645726251767,70.55596865100287,70.7061767578125,9388300.0
2019-04-18,70.54763748705686,70.63108503880935,69.07058971781345,70.28060150146484,6798000.0
2019-04-22,69.8967333392215,70.67280761904948,69.80493912798939,70.22218322753906,3878400.0
2019-04-23,70.48921312632334,71.58239053567853,70.43079921208235,71.01493835449219,6415800.0
2019-04-24,70.8396948333707,71.9912861280567,70.39741715570084,71.46556091308594,4389200.0
2019-04-25,71.55736020491679,72.55040315937087,71.23191032964249,72.483642578125,5928200.0
2019-04-26,72.80908481415065,73.0093601702356,72.38349411166124,72.89253234863281,3435200.0
2019-04-29,72.79238677327545,73.14287018473235,72.53369117912962,72.9676284790039,4069000.0
2019-04-30,73.10948740096387,74.35287262285429,72.93424570123202,74.11087036132812,7380700.0
2019-05-01,74.11924004733784,74.3362087572489,72.9426150217393,73.69364929199219,4685200.0
2019-05-02,73.67693989180111,74.41128697609957,73.45997124796658,74.3862533569336,4761900.0
2019-05-03,74.7284072341594,74.98709649167736,74.37791741540522,74.7534408569336,3705100.0
2019-05-06,73.85219645737132,75.39599816083604,73.6352277698659,75.2291030883789,5504700.0
2019-05-07,74.89529273091398,75.3542636452794,74.05245812755098,74.49473571777344,6455600.0
2019-05-08,74.28615718210912,74.6616807953151,74.09422840867087,74.26947021484375,4556400.0
2019-05-09,73.71868342090676,73.71868342090676,72.3417830049715,73.55178833007812,6844200.0
2019-05-10,73.04273419652516,73.97736305587479,71.84106942973823,73.7103271484375,4239900.0
2019-05-13,72.81744057408892,73.07612987329122,72.28336864671925,72.8758544921875,3823500.0
2019-05-14,72.97597414374377,73.69363434379802,72.85914633132919,73.1512222290039,3194600.0
2019-05-15,72.79237086711242,73.9439616959624,72.40016059715033,73.66023254394531,3696200.0
2019-05-16,73.99405228854837,74.48640353820745,73.49336074254681,73.52674102783203,5013100.0
2019-05-17,72.78403463843603,73.91893867589006,72.72562074091871,73.20962524414062,4735800.0
2019-05-20,73.02606647177028,73.43496392002945,72.50868147943424,73.07613372802734,4677400.0
2019-05-21,73.45164878402713,74.0107607183582,73.19295947857226,73.24302673339844,6403400.0
2019-05-22,73.20129967291997,74.3695843265027,72.95095068763825,74.06916809082031,7391300.0
2019-05-23,76.00516952536368,76.59765524883012,75.20406179926941,76.47248077392578,12993200.0
2019-05-24,77.10669821372971,78.37511726683957,76.78124837883183,77.6324234008789,7341200.0
2019-05-28,77.51559811699349,78.02463636087145,76.14703815967401,76.19710540771484,8852200.0
2019-05-29,76.08861448330345,76.58930599937244,75.31254040507318,76.3723373413086,5830300.0
2019-05-30,76.66441128422558,77.9161432259732,76.42240901149117,77.25689697265625,4400700.0
2019-05-31,76.87303327451686,77.54896648573644,76.63103100178243,77.25689697265625,5949900.0
2019-06-03,77.42379577606033,78.44187215675696,77.0733123433531,77.88276672363281,8489100.0
2019-06-04,78.44186871914424,79.04270107267634,77.92448388879427,78.78401184082031,6871300.0
2019-06-05,79.86050427902502,80.82851347835313,79.2763651874571,80.56982421875,7867800.0
2019-06-06,80.53646098381968,81.13729352900612,79.86052118716496,80.52811431884766,6495100.0
2019-06-07,80.89528605962376,81.33756377555828,80.85355910404371,81.03714752197266,4848500.0
2019-06-10,80.97037273737581,81.63796570972252,80.79513101462844,81.57120513916016,3975900.0
2019-06-11,81.77982017275778,82.39733948119958,81.06216001701274,81.41264343261719,3621500.0
2019-06-12,81.38762664794922,81.76315012803707,81.10390373852387,81.38762664794922,3108800.0
2019-06-13,81.36258697509766,81.58789595309227,80.92865597921818,81.36258697509766,4281400.0
2019-06-14,81.44603450892386,81.9133521583003,81.25410581778746,81.36258697509766,3056900.0
2019-06-17,81.37091129476202,81.56283993319656,80.98704765125598,81.21235656738281,2749500.0
2019-06-18,81.62961689007014,82.1052748011427,81.32085403435565,81.74644470214844,3654000.0
2019-06-19,81.47108679615975,82.66440526649733,81.43770650165462,82.40571594238281,4307100.0
2019-06-20,82.8730194172917,83.36537075591954,82.15535907057286,82.831298828125,4887200.0
2019-06-21,82.7895579333253,83.25686919980603,82.14700494191428,82.9314193725586,7027600.0
2019-06-24,82.85632203951195,83.34032665280891,82.53087219838027,82.74784088134766,4037900.0
2019-06-25,82.73949818920877,83.19846283421508,82.4808025432636,82.53087615966797,4416100.0
2019-06-26,82.16367708282235,82.18871070092052,80.8201510673632,81.12891387939453,4315000.0
2019-06-27,81.64630368557901,81.82155176998405,80.54477976916047,81.34589385986328,7428000.0
2019-06-28,81.69637311587141,81.76313368112093,80.84519182553483,81.27078247070312,5539400.0
2019-07-01,82.02183602615659,82.24714501159691,81.2624487999739,81.86328125,3326900.0
2019-07-02,81.86326904066419,82.28051302799341,81.4877519987231,81.82154846191406,3380300.0
2019-07-03,81.82989114188418,82.45575714111328,81.67134275139342,82.45575714111328,2326000.0
2019-07-05,82.15369054397725,82.522878535755,81.75932496950348,82.32150268554688,2319800.0
2019-07-08,82.3634784061026,82.55646177439857,81.80968668499371,82.24600219726562,4384800.0
2019-07-09,82.56484784610528,83.16058936512286,82.32990825005596,82.5984115600586,5665300.0
2019-07-10,82.64876169560729,83.02634231021662,82.2376173638911,82.94243621826172,3482100.0
2019-07-11,83.57174075458722,83.9073715209961,83.02634155937588,83.9073715209961,3981500.0
2019-07-12,83.79828121080368,83.90735847223316,82.61518438356595,83.2780532836914,3545600.0
2019-07-15,83.3116319712722,83.79829627428296,83.03473610214975,83.75634002685547,3075700.0
2019-07-16,83.89057741239719,84.12551698512479,83.52138299718342,83.79827880859375,3632800.0
2019-07-17,84.13390691088482,85.0149367500221,83.78149753587931,84.67930603027344,5579100.0
2019-07-18,84.41079514899216,85.451244525249,84.4024026213062,85.03170776367188,3922900.0
2019-07-19,85.65264181393019,86.20642710756977,84.57023601088002,84.57862854003906,5292400.0
2019-07-22,84.84714544066566,85.46805826372388,84.71289055912598,84.94783020019531,3061400.0
2019-07-23,85.2163140224046,85.54355221909373,84.83873345749363,85.25827026367188,3304500.0
2019-07-24,85.45965331455679,85.895975214531,84.98138157141624,85.86241149902344,3429900.0
2019-07-25,85.6610336303711,85.80368102905204,85.14920454691116,85.6610336303711,3007500.0
2019-07-26,86.00504083120893,86.66790971898085,85.50159797008261,86.0469970703125,3515600.0
2019-07-29,86.06380584604666,86.81058107176277,85.75334621224452,86.64276885986328,3131300.0
2019-07-30,86.39940245468843,87.15456991241797,86.01342939887623,87.05387878417969,3892300.0
2019-07-31,86.86928006735594,87.22168940760587,84.94780094796057,85.53515625,6937100.0
2019-08-01,85.46802107072784,87.0203056536805,85.20791035296813,85.89595031738281,4287800.0
2019-08-02,85.60229430424583,86.22321343869959,85.12402256110528,85.86241149902344,3632200.0
2019-08-05,84.16747855080673,85.18275693249905,82.5900223415171,83.49622344970703,4598700.0
2019-08-06,83.90738047476327,84.98978645108274,83.35358869084979,84.94783020019531,4786400.0
2019-08-07,84.20940201814318,85.45122699270995,83.1773389797039,85.07364654541016,3954100.0
2019-08-08,85.19112945987126,86.08893782803585,84.68768665184281,85.8204345703125,4951200.0
2019-08-09,85.48480604655255,86.41617814554694,85.13239671223651,85.30860137939453,6602100.0
2019-08-12,85.30861487140128,85.59390323593611,84.46115510984288,84.7464370727539,2668900.0
2019-08-13,84.97298526168616,86.17286083079658,84.74643819411936,85.921142578125,3687500.0
2019-08-14,85.16597005827381,85.80366778416966,84.58700722807735,84.68769836425781,4715100.0
2019-08-15,84.57023015165878,85.68619959240411,84.43597530091184,85.37574005126953,4366000.0
2019-08-16,86.01343716485421,86.45814515188476,85.51838040834713,86.22320556640625,4758100.0
2019-08-19,86.84411780494015,87.62445651084658,86.44135965927534,87.41468811035156,6106800.0
2019-08-20,90.60315348465514,92.04635443391636,89.56269780280464,89.7053451538086,11295400.0
2019-08-21,89.4536413223052,90.62834569928364,89.33617152476975,90.4437484741211,6549300.0
2019-08-22,90.61995115998916,90.88006193424364,89.97386728787775,90.47731018066406,4402600.0
2019-08-23,90.33467375991997,90.64512691863244,88.56422781634043,88.9837646484375,5316000.0
2019-08-26,89.45363616310802,89.74731064000912,89.08444173407608,89.6885757446289,3092600.0
2019-08-27,89.75569897302812,90.47730274061222,89.73891391706206,90.23397064208984,4429500.0
2019-08-28,89.76410463776631,91.005930092819,89.75571210855506,90.61995697021484,3924300.0
2019-08-29,90.98913975002782,91.20729426850929,90.03259639476816,90.45213317871094,3992900.0
2019-08-30,90.98075709921964,90.99753575568468,90.04938482562238,90.52765655517578,3776500.0
2019-09-03,89.98224982095614,90.32627306495414,89.60466926685324,90.17523956298828,4360100.0
2019-09-04,90.5276696638974,90.7038743896033,89.9151493890567,90.33468627929688,4320900.0
2019-09-05,91.25766248923138,91.25766248923138,89.97388068096035,90.38502502441406,4148200.0
2019-09-06,90.51087346363477,91.24925594277104,90.1332864946215,91.19891357421876,4484900.0
2019-09-09,91.29120694253582,91.6687874882454,90.24236498042777,90.56121063232422,4652700.0
2019-09-10,89.96547097202026,90.26753797530098,89.00892759550578,90.18363189697266,5063900.0
2019-09-11,90.78777287767171,91.76949398378274,90.20042384121588,91.14857482910156,6209100.0
2019-09-12,91.87854574529918,93.33853180304412,91.78624715068553,92.61692810058594,5203200.0
2019-09-13,92.29809026519295,92.70084838488252,91.71074134233643,92.0211944580078,6828600.0
2019-09-16,91.87858009590718,92.12191226344297,91.31640219244096,91.5009994506836,3402100.0
2019-09-17,91.50098275018004,92.32327133020183,91.42546279394402,91.74430847167967,4290900.0
2019-09-18,91.87855890447445,92.56659899819644,91.3499448427592,92.298095703125,5486000.0
2019-09-19,92.57499091977223,93.74969522861804,92.407172360438,93.14556121826172,3646400.0
2019-09-20,93.52315525251107,93.6406250601631,92.84350759372089,93.28821563720705,7342900.0
2019-09-23,92.96096458983052,93.45601493933452,92.88544463724816,93.00291442871094,3268200.0
2019-09-24,93.25462161841055,94.01818152166248,91.86176303672065,92.0967025756836,6023400.0
2019-09-25,91.91210590326196,92.09670308536084,89.55431157210668,90.30108642578124,6715100.0
2019-09-26,91.0263388164838,91.06007178672102,89.62644950421705,90.57095336914062,4042500.0
2019-09-27,90.99261271720964,91.51545771060172,89.81198440538104,90.50349426269533,3111800.0
2019-09-30,90.74806773598422,91.9708576303223,90.62157067666118,91.5998077392578,3627500.0
2019-10-01,91.78531140323162,92.51055420444446,91.11910612747016,91.26246643066406,3539600.0
2019-10-02,91.1781421612622,91.45642793139749,88.74941955712306,89.33973693847656,4413800.0
2019-10-03,89.2807050581436,90.45289852483556,88.71568580323708,90.1746063232422,2955200.0
2019-10-04,90.6890184565784,91.62508750048754,90.554086571302,91.54918670654295,3421500.0
2019-10-07,91.00947407263524,91.38053033155371,90.37699532251868,90.45289611816406,3991000.0
2019-10-08,89.81198842970848,90.01437984157724,88.54703084619145,88.55546569824219,4633800.0
2019-10-09,89.22168224676898,90.2505090653616,88.92652031433478,90.02281951904297,2901200.0
2019-10-10,89.28072562287836,90.74807489868272,89.20482480773065,90.5878448486328,2797200.0
2019-10-11,91.51547316655758,91.70100133125231,90.60470848318636,90.72277069091795,3652800.0
2019-10-14,91.02635013924932,91.2540396742901,90.49506383430916,90.71432495117188,1906900.0
2019-10-15,91.16970903997368,91.4817342232077,90.6805905691442,91.23717498779295,2720500.0
2019-10-16,91.2202963798515,91.7009799518072,90.58781765707262,91.49858856201172,2986200.0
2019-10-17,91.60821151608064,91.9033733864062,91.15282608535928,91.50701904296876,2332700.0
2019-10-18,91.47330184962736,91.84435813877992,91.04321446301029,91.17814636230467,3155100.0
2019-10-21,91.45644396411078,91.59137588084236,89.77826846168641,89.91320037841797,4169000.0
2019-10-22,90.17460975158268,90.579399008736,87.93985006996635,88.116943359375,6141000.0
2019-10-23,88.86748466770723,89.4493672163933,88.38680104215564,88.73255920410156,4543500.0
2019-10-24,89.16264410351562,89.55056364720765,88.08320825517762,88.79158782958984,3482500.0
2019-10-25,89.04455851604571,89.13732256685509,88.24342145967988,88.9180679321289,2671900.0
2019-10-28,88.92650303593152,89.67704391517303,88.63978244561726,89.57585144042969,2651100.0
2019-10-29,89.32286507645713,91.0094750957282,89.05300773073003,90.69745635986328,3587000.0
2019-10-30,90.697443704228,91.70097215060856,90.15772908808384,91.5407485961914,3065100.0
2019-10-31,91.4058500468185,92.13109303300376,90.8408371073673,91.8359375,3999200.0
2019-11-01,92.08889698412662,92.9322019251311,91.42269174257044,91.5576171875,3844200.0
2019-11-04,91.92024324346455,91.92024324346455,90.20833515560304,90.3601303100586,3524800.0
2019-11-05,90.183059072616,90.19992234549558,88.42898273337211,88.9939956665039,4135700.0
2019-11-06,89.18795420897963,90.46977520237358,88.9939911941181,90.1240234375,3654000.0
2019-11-07,90.52880112690744,90.63843490752176,89.40720380065319,90.06498718261719,2630200.0
2019-11-08,90.33481954576416,90.73116742823171,89.94690007954308,90.25891876220705,2312800.0
2019-11-11,90.8408290915201,91.70099748807328,90.2842446207623,91.04322052001952,3090400.0
2019-11-12,91.51545127187728,91.9118056318249,91.18656285275188,91.60821533203124,2413500.0
2019-11-13,91.66724388555104,92.131064173488,91.36365359415704,91.92867279052734,2230800.0
2019-11-14,92.7213950594315,92.75512803618724,91.27934408113732,92.09735107421876,3400600.0
2019-11-15,92.71298278560812,94.5766866470313,92.67924980297816,94.50078582763672,6223500.0
2019-11-18,95.52961176902976,96.52471215970333,93.71650430713623,93.81770324707033,7547200.0
2019-11-19,94.86337747901584,94.92240857155412,92.333462483536,93.66588592529295,7542100.0
2019-11-20,93.95262529320534,95.28504247581512,93.80925853488858,94.27307891845705,6029500.0
2019-11-21,94.08754406843248,94.67785502922528,92.48526318840022,93.17677307128906,7026200.0
2019-11-22,93.48035335614456,93.99476989550465,93.31169493801931,93.4550552368164,5567600.0
2019-11-25,93.80081169076308,94.3320914889298,93.3285565473754,94.2646255493164,5652600.0
2019-11-26,94.45015989999072,94.57665693663807,93.46349459517305,93.88514709472656,9385400.0
2019-11-27,93.92732873615438,95.0489261709337,93.80083810614072,94.8465347290039,3367200.0
2019-11-29,94.65256090385547,94.77062310099916,93.52253517864938,93.93575286865234,2786600.0
2019-12-02,93.77549757103242,94.12969050091505,92.50211186874706,93.53094482421876,3429800.0
2019-12-03,92.80573200219152,94.05381998988364,92.77199902496912,93.5984344482422,3573500.0
2019-12-04,93.73334733236403,94.56821743896862,93.59841545086104,94.3995590209961,3003400.0
2019-12-05,94.3995731304702,94.711591893746,93.79239244076662,94.61882781982422,3205700.0
2019-12-06,94.87183018177512,95.81633427401378,94.517643559901,95.36937713623048,3623000.0
2019-12-09,95.15012194893448,95.27661900865512,93.61530682796294,93.71649932861328,3403400.0
2019-12-10,93.91044419244618,94.3573948076799,93.52252466915076,93.64058685302734,3850700.0
2019-12-11,94.06224749488472,94.3152351534292,93.75022230538212,94.21404266357422,2897200.0
2019-12-12,93.96947743879254,95.36093199084686,93.7923841589175,94.77061462402344,3741400.0
2019-12-13,94.50077745399322,96.04402749454827,94.31524928292215,95.73200225830078,4180300.0
2019-12-16,96.19580107718164,96.95477686384096,96.14520483603988,96.59215545654295,4304000.0
2019-12-17,96.95478965649644,97.52823738942382,96.25484487011748,96.43193817138672,3864300.0
2019-12-18,96.22953926553264,96.60059554443684,95.88378110857066,95.9681167602539,4895100.0
2019-12-19,96.05243842763454,96.38976170613084,95.0994996833395,95.70668029785156,5116600.0
2019-12-20,97.190895634858,97.7727781100902,95.59704979165396,95.9175033569336,10323900.0
2019-12-23,95.9512575265968,96.25484789084508,95.62236903764575,96.04402160644533,3726500.0
2019-12-24,96.19580414017132,96.38976712723506,95.69825726268397,95.94281005859376,1281400.0
2019-12-26,95.92587292002452,96.03602308442844,95.02770851826234,95.39205932617188,2942500.0
2019-12-27,95.66319254316343,96.24784361192478,95.30731685529304,96.04448699951172,2458900.0
2019-12-30,96.40036528653263,96.5020468277758,95.35815696329924,95.68861389160156,2112800.0
2019-12-31,95.7479397944253,96.13770939305874,95.07007568792032,96.12923431396484,2806400.0
2020-01-02,96.98503179036295,97.3663327567879,95.83266674156968,97.06976318359376,3917000.0
2020-01-03,95.88350616893082,96.94266469519816,95.79029970145206,96.49357604980467,2764600.0
2020-01-06,95.97670867999672,97.40021803508444,95.83266466816175,97.34938049316406,3332000.0
2020-01-07,96.88334432672885,97.696783752953,96.71388155060995,97.01044464111328,4443800.0
2020-01-08,97.7052638095088,99.04404187724974,97.6544262636373,98.71358489990234,5482800.0
2020-01-09,99.17959536665909,100.55226051855637,99.0948575228122,100.31501007080078,5120900.0
2020-01-10,100.58617572267848,100.79800744809847,99.91678669460036,100.52686309814452,3180900.0
2020-01-13,100.2472361649086,100.60311835006335,99.27281547259156,99.9930419921875,3367100.0
2020-01-14,99.45922297370716,99.7049485350883,98.4254896506224,99.17113494873048,5694200.0
2020-01-15,99.28127946758198,100.33196935263813,99.10334161557824,99.41685485839844,3683200.0
2020-01-16,100.08622927651246,101.08607501257764,99.79813484514308,100.71324920654295,4019400.0
2020-01-17,100.7895197389403,101.54364006976844,100.45906280586236,100.85730743408205,4906100.0
2020-01-21,100.83187691919824,102.11134204145132,100.67088277813754,101.95034790039062,5596900.0
2020-01-22,103.02646185924216,103.5009692601711,101.98425352198568,102.60279846191406,4169400.0
2020-01-23,102.30623351734737,102.77226583177456,101.37417535308325,102.5011215209961,4125900.0
2020-01-24,102.433332999768,102.55195823073852,100.72173576391468,101.05219268798828,3382500.0
2020-01-27,100.4082277543454,101.73005551940452,100.16250220181176,101.02677917480467,4192100.0
2020-01-28,101.00981665523274,101.721574455558,100.9674541983474,100.9843978881836,3422700.0
2020-01-29,101.46738915705602,101.80632118619816,100.25571151647164,100.29808044433594,3019500.0
2020-01-30,99.50157989838708,100.4082192567207,98.87455991733329,100.11165618896484,5056200.0
2020-01-31,99.78119691268016,100.11165381815236,97.44257334237794,97.81539916992188,6067800.0
2020-02-03,98.24753449503302,100.26417630595816,98.19669695848536,99.97608184814452,5618400.0
2020-02-04,101.21317338956334,102.077450257912,100.9759229440056,101.67073059082033,4000300.0
2020-02-05,102.21302793953276,102.87394826333166,101.78089593287508,102.20455932617188,3811000.0
2020-02-06,102.21301739960658,102.83156873445635,101.51820976483012,102.78073120117188,3763700.0
2020-02-07,102.21302954610732,102.4502864803386,100.62853256761016,100.78952026367188,3946900.0
2020-02-10,100.25569774060158,101.24706845633332,100.16249128377996,101.15386199951172,4056800.0
2020-02-11,101.61990337200524,101.8317350719832,100.34891317213754,100.78952026367188,3959300.0
2020-02-12,100.7386867062721,100.7386867062721,98.535638232339,98.7051010131836,7629200.0
2020-02-13,97.4425849378266,99.56937708003323,96.59525811228028,98.99319458007812,5639900.0
2020-02-14,99.01013515053953,99.58631763232854,98.28990866445086,99.41685485839844,3815600.0
2020-02-18,96.79013392765263,97.44257265667346,94.8582235786388,95.45983123779295,12050300.0
2020-02-19,96.51051672066473,97.39173730365744,95.91738412549788,96.40036010742188,5198400.0
2020-02-20,97.46798656578892,97.7899748402039,95.93432734995592,96.47661590576172,4914900.0
2020-02-21,96.2478376678675,96.47661949921952,95.47677372510088,95.98516845703124,5493800.0
2020-02-24,94.81587058449848,95.637778618054,93.79907454175942,94.34983825683594,5334300.0
2020-02-25,94.5616658391185,94.82434153262882,91.73159754229204,91.96037292480467,7074400.0
2020-02-26,92.72297170610506,93.28220403085052,89.84205930177718,89.94374084472656,5426300.0
2020-02-27,88.83374805287063,89.43535583366688,85.52917835323575,85.56307220458984,7263500.0
2020-02-28,83.85993909656378,85.58001156193951,81.81787829193371,85.3003921508789,11686600.0
2020-03-02,86.11383182627875,87.17299046734847,84.30902782914885,86.95269012451172,8358000.0
2020-03-03,87.43565197490864,88.68969198165189,83.70741287224686,85.07160949707031,8371600.0
2020-03-04,86.89336770794631,88.10504531538042,85.53763962846911,87.77458190917969,8935200.0
2020-03-05,87.0882410969672,87.13061001970303,83.91924090694471,84.88519287109375,5881600.0
2020-03-06,82.42796211290084,84.24971629198849,82.01277373032457,83.93620300292969,6843100.0
2020-03-09,79.66567233840667,80.89430022285272,77.7083492669745,78.29300689697266,9053800.0
2020-03-10,80.66551991446394,81.65689732046671,77.43720642928712,81.64842224121094,9725800.0
2020-03-11,79.38603977276571,80.14016001081944,76.9796286080023,78.3268814086914,7893800.0
2020-03-12,74.81894117436325,76.59832573689177,71.04833393525941,71.51436614990234,11417400.0
2020-03-13,75.35277372732538,76.15773161371794,69.02324140083414,75.25956726074219,13456400.0
2020-03-16,68.23522460527889,70.70094863975218,64.65103594362202,65.60851287841797,10210000.0
2020-03-17,66.9981287905195,69.01476421635746,64.88828690094289,67.96408081054688,11584600.0
2020-03-18,65.24417148143823,66.43890551676446,61.11768713971001,63.15974807739258,10468300.0
2020-03-19,66.12537550209608,68.2097983786622,62.10904881137546,67.1252212524414,11112000.0
2020-03-20,68.60805293844759,69.1927105068552,64.21889979776806,65.6339340209961,11355200.0
2020-03-23,64.12568322438,65.34583570888832,61.1430961634135,61.78705978393555,11494600.0
2020-03-24,65.557679904381,69.66721378335212,64.87134076841181,68.08271026611328,9955900.0
2020-03-25,69.48081047334321,76.29331998330981,68.31150159994726,73.56492614746094,16273700.0
2020-03-26,75.91816490635405,79.95110057523767,75.91816490635405,78.39079284667969,12537800.0
2020-03-27,75.50889927028668,78.79152947663925,75.03142862429344,76.64289855957031,10665800.0
2020-03-30,77.37617462005119,79.39691011723612,77.16301711421083,78.4845962524414,8248200.0
2020-03-31,78.16911212947726,78.87679653156515,76.32742836091845,76.89016723632812,14088100.0
2020-04-01,74.27258839812976,74.76711528328933,70.75122938149272,71.7146987915039,8110000.0
2020-04-02,70.58921924634396,73.75247490380897,69.34438056614565,73.45405578613281,7152600.0
2020-04-03,73.35176708006571,74.59660625594536,72.28597944608812,73.556396484375,5625700.0
2020-04-06,76.18249613018087,80.99985736948132,75.07408093236607,80.22396087646484,8952300.0
2020-04-07,82.92679530381443,86.11562967018739,80.42006103179872,80.5394287109375,7688400.0
2020-04-08,81.14479160672958,85.12657195257106,80.69289876943519,84.64910125732422,7655400.0
2020-04-09,84.83666699289634,87.3775067158098,84.64055927229913,86.14118957519531,8079400.0
2020-04-13,85.459102233326,85.67225971953548,82.90973401462448,84.85372924804688,5355500.0
2020-04-14,86.3032043130645,86.78920312286039,85.11804920663157,86.28614807128906,5013600.0
2020-04-15,83.01204939776117,83.6941559346814,81.73310451982326,82.97794342041016,7727300.0
2020-04-16,83.65152089056915,83.71973284449966,81.40057845126225,81.5966796875,7944400.0
2020-04-17,83.43836977629996,88.28983640999098,83.42131353399165,88.10225677490234,9559900.0
2020-04-20,87.01091592333887,87.87206775566919,86.55901644576522,86.5760726928711,4729700.0
2020-04-21,84.83668222403455,85.84278585131557,82.96089888743285,83.22521209716797,5472900.0
2020-04-22,84.04374716205841,84.06079690152443,79.9084925535834,81.92070007324219,7696500.0
2020-04-23,82.2787953311259,83.0802696159676,81.63079470710389,81.70753479003906,5854900.0
2020-04-24,83.21668569790272,84.86226183830865,82.27879401019558,84.6661605834961,4631500.0
2020-04-27,85.28857275840092,86.5248900874918,84.6235224389832,85.91099548339844,5019000.0
2020-04-28,87.27520384446677,87.3860433982341,83.40426301802988,83.59184265136719,4501000.0
2020-04-29,84.83666373516505,85.93655694007607,84.18014166194865,84.52971649169922,5393600.0
2020-04-30,83.66857879003138,84.78552850321125,82.57721344085917,83.24226379394531,5497000.0
2020-05-01,82.70510922447853,82.85858288324145,80.65879594265658,81.11921691894531,4172000.0
2020-05-04,80.5991119736204,81.59668750144752,79.81469394345125,81.2215347290039,4717600.0
2020-05-05,82.5260533825919,84.34215282858484,82.43226356798168,83.47247314453125,4200200.0
2020-05-06,83.82205324931272,84.18868440965002,82.33847887017949,82.50048065185547,3605900.0
2020-05-07,83.88172997023236,85.04983531334649,83.42130902853154,84.35920715332031,4403500.0
2020-05-08,85.6211064598601,85.81721422991806,83.6685829012391,84.43595123291016,4277800.0
2020-05-11,83.42129159219249,84.67465836511892,82.67097975423836,84.18865966796875,3490400.0
2020-05-12,84.49562231145394,84.63204621872146,81.14478652353264,81.17036437988281,4411800.0
2020-05-13,80.99983429295108,81.366465382058,79.27752488915428,79.53330993652344,7111000.0
2020-05-14,78.61248849451191,80.04490724757918,76.4382857565864,79.9937515258789,6355800.0
2020-05-15,79.27753119190542,80.34331856996634,78.4419510252837,80.05342102050781,8591500.0
2020-05-18,82.55164683193796,85.39090665401405,82.32143956490138,84.32511901855469,7047500.0
2020-05-19,84.41037218676394,85.16068426438353,82.66247803946213,82.7306900024414,4801700.0
2020-05-20,83.46392904553737,84.57235036689218,82.66245496686392,83.62593078613281,4270900.0
2020-05-21,81.08510656283953,82.96089634705233,80.2068987592757,81.34942626953125,7021400.0
2020-05-22,81.4432161365163,81.75016346219198,79.11553983936821,80.76111602783203,6518300.0
2020-05-26,83.19964664476855,83.63448331174244,80.84638574945976,82.83301544189453,7086300.0
2020-05-27,83.07174690120215,83.67711346243232,80.92312201493526,81.85248565673828,6163700.0
2020-05-28,83.14847581597535,85.03279386485414,82.8756344726394,83.67710876464844,5444200.0
2020-05-29,84.49564140000894,84.49564140000894,82.04006905990076,84.05227661132812,8956300.0
2020-06-01,83.32752971201842,83.98405192576413,82.62837339781306,82.79889678955078,4860000.0
2020-06-02,82.87563982045704,83.27637699232042,82.25322351505103,82.91827392578125,8363300.0
2020-06-03,83.13994086797216,83.59183366056259,82.67951995522445,82.79035949707031,7508900.0
2020-06-04,82.49194960808006,83.27636761936857,82.21058015673188,82.69657897949219,8785200.0
2020-06-05,84.1971968928835,87.88908566975294,83.61740834015332,87.00234985351562,10060400.0
2020-06-08,86.72952070895462,88.01699377200165,85.99625842179277,86.3969955444336,6929600.0
2020-06-09,86.97677841571571,87.87203591278396,84.41036058068691,84.504150390625,5622500.0
2020-06-10,84.58941162933314,84.9816206028706,82.83299611630669,83.1740493774414,6098300.0
2020-06-11,81.72457857224983,81.78426240793857,77.41027315090611,77.47848510742188,8829600.0
2020-06-12,80.01930775053303,81.2556248994309,78.22878641959575,79.47362518310547,7333400.0
2020-06-15,77.90479444082304,80.14720868235177,77.31647774228347,79.82321166992188,6026000.0
2020-06-16,82.27877623078379,82.61982945399377,80.68435615268044,81.46878051757812,6500100.0
2020-06-17,81.55407184014591,82.27027801466706,80.99986096411796,81.40912628173828,5360900.0
2020-06-18,80.7781605569533,81.48584498468475,80.10458210821436,80.51384735107422,3692600.0
2020-06-19,81.8865797670559,82.17647082263466,79.58447503870912,80.07048034667969,7084200.0
2020-06-22,79.32017425869029,79.90849108777151,78.17765308893676,79.57596588134766,5370200.0
2020-06-23,80.47120749112288,81.11067991509731,79.54184402403735,79.62710571289062,5160200.0
2020-06-24,78.87680357546287,78.96206527494354,75.77323087800143,75.82438659667969,10928600.0
2020-06-25,75.69564417857016,76.4508883825339,75.24936886984533,76.26207733154297,5671100.0
2020-06-26,76.38222485941657,76.89715989723257,75.68706288575267,76.18482971191406,9108200.0
2020-06-29,76.79416876615699,77.4979147718577,75.91877340067953,77.46358489990234,5241600.0
2020-06-30,77.4120840561482,79.10279254004418,76.39079822986717,78.69942474365234,5463800.0
2020-07-01,78.76809337967006,79.58341316914127,78.4934609305676,79.23153686523438,4328700.0
2020-07-02,80.08119774570973,81.0338306971746,79.78940356845301,79.95246887207031,3937800.0
2020-07-06,80.77633586216739,81.3770922045354,79.38600562271894,79.99534606933594,4366400.0
2020-07-07,79.01698300701953,79.89237192501174,78.48487975239412,78.67369079589844,4045600.0
2020-07-08,78.63076885774503,78.96547690121594,77.78970342302767,78.62218475341797,3956300.0
2020-07-09,78.4762946817662,78.77667288233434,76.57102931280019,77.35201263427734,4061100.0
2020-07-10,76.96583615993896,78.07295033001908,76.69978775200502,77.93563079833984,4933900.0
2020-07-13,78.36473336242337,81.2483776398073,78.13301487038123,79.61774444580078,7442300.0
2020-07-14,79.59199912100827,81.24837809590048,78.939751077948,81.23121643066406,5421900.0
2020-07-15,82.05508337059248,84.29505634739955,82.05508337059248,83.38533782958984,5644600.0
2020-07-16,82.9047543330935,83.10214948944514,81.74614880912921,82.17526245117188,4123800.0
2020-07-17,82.59578692666884,84.93016604400306,82.48421974376468,84.60404205322266,5557700.0
2020-07-20,84.29509595681138,84.37233327959663,82.11519758332577,82.15811157226562,4081800.0
2020-07-21,82.83611233301393,84.10629186670744,82.57006391320728,83.08499908447266,3664500.0
2020-07-22,83.05064681410583,83.72864711682655,82.72452282135268,83.66857147216797,3618000.0
2020-07-23,83.77157027115763,83.77157027115763,82.54430492637998,82.87901306152344,3652600.0
2020-07-24,82.75886819831615,83.14506790806789,82.21818729511261,82.6902084350586,4071900.0
2020-07-27,82.65586809519547,83.46260384200895,82.10660315414297,82.75885772705078,3701900.0
2020-07-28,82.53572724160682,83.42828452068872,82.20101908042052,82.6902084350586,4325500.0
2020-07-29,83.1021483665126,85.3077921948976,82.77601781240415,84.72419738769531,7020200.0
2020-07-30,83.42827638122466,83.6857471944433,81.8577188256515,82.7931900024414,3830000.0
2020-07-31,82.7502902299368,82.86186399044644,81.22264639678029,82.80178833007812,5155300.0
2020-08-03,83.19657233093949,83.80591304373691,82.35550653646553,83.53128051757812,3708100.0
2020-08-04,83.16223689247954,83.74583179005943,82.3640851435505,82.63871765136719,4241600.0
2020-08-05,83.08499367127699,83.9088912011738,82.9820105723871,83.26522064208984,3201500.0
2020-08-06,83.09355657936446,83.85737825745217,82.65585887748429,83.01631927490234,5009000.0
2020-08-07,83.0163171568475,85.89995442834272,82.90474343402154,85.86563110351562,4476900.0
2020-08-10,85.97721426962487,86.2947607392428,85.45369507396673,86.14885711669922,5096400.0
2020-08-11,87.28170999057838,87.95971031378822,86.26900155876237,86.4406509399414,4464800.0
2020-08-12,87.62500866717747,88.18285773857832,86.65521414607633,87.61642456054688,3471800.0
2020-08-13,86.91267950380893,87.43619870299953,86.07162038061269,86.92984771728516,3715000.0
2020-08-14,86.71529209701605,87.57351944570256,86.10595146517922,86.43207550048828,2925700.0
2020-08-17,87.61641019229502,88.56046533419811,87.11864340118242,87.41902160644531,3689600.0
2020-08-18,87.89964373380172,88.25152009069757,87.07574626242383,87.16156768798828,4043900.0
2020-08-19,87.45336103172046,87.69366362217795,86.33766295001983,86.52647399902344,3353400.0
2020-08-20,85.98581198732307,86.43208738901194,85.71975702016161,86.06304931640625,3350500.0
2020-08-21,85.79698042803003,85.89996350890512,84.48389376483752,84.73278045654297,6734100.0
2020-08-24,85.66824729133843,86.92984244740708,85.29062519081324,85.93429565429688,5265400.0
2020-08-25,90.02804946806987,90.86910859632565,87.75374570265544,88.04553985595703,9155300.0
2020-08-26,88.82652924716027,89.76199390017418,87.62500966759939,89.32430267333984,6126300.0
2020-08-27,89.6418286026425,92.00195340742754,89.47018578139608,91.7101593017578,6872500.0
2020-08-28,91.69299444801146,92.86018400893091,90.9806708207809,92.56838989257812,5699400.0
2020-08-31,92.43109225685812,93.306487908499,91.95907109561574,92.23370361328124,4706200.0
2020-09-01,91.27245661081052,92.28516491546657,91.09222969401836,92.27658081054688,3705100.0
2020-09-02,92.3109327643608,93.67551767186016,91.95047884455155,93.35797119140624,4452200.0
2020-09-03,93.40087952609058,93.68409610926749,90.41424561243942,91.100830078125,5028100.0
2020-09-04,91.40980884446356,92.4740090643616,89.453051278028,90.74897003173828,5813100.0
2020-09-08,90.1138718848281,90.58589954713636,89.10116334840268,89.75341796875,5090900.0
2020-09-09,90.15677442896911,92.13069315774348,90.12244455354424,91.53852081298828,5549200.0
2020-09-10,91.65867928975582,91.95047343211466,89.62467820869287,89.92505645751953,3636900.0
2020-09-11,90.191105869019,90.5343981063916,89.22989546168148,89.91647338867188,2836700.0
2020-09-14,90.68888251423677,92.37959144158634,90.55156954305244,91.80458068847656,4393500.0
2020-09-15,92.49974600711283,93.2807360661592,92.0277248765703,92.31951904296876,3293600.0
2020-09-16,92.64563061888248,93.16914977424678,92.09636569321408,92.25084686279295,3723800.0
2020-09-17,92.03629288361432,92.59414193249796,90.90343312103346,92.52548217773438,3541900.0
2020-09-18,92.53407932784955,93.75276068179596,91.9075704358881,92.34526824951172,6265900.0
2020-09-21,90.34558392132972,90.71462191787474,88.47464816755003,89.94222259521484,4821300.0
2020-09-22,89.63324360243418,90.2769139502929,88.3115730357672,89.55599975585938,3568700.0
2020-09-23,89.54744757180511,89.9250697391061,88.32876618356825,88.38026428222656,5057800.0
2020-09-24,87.83648950442716,88.18172612610893,86.58501415877672,87.40494537353516,5352400.0
2020-09-25,87.06834695572454,89.45910527878047,86.56776073687683,89.03619384765625,3661900.0
2020-09-28,90.52069381485563,90.96087066866592,89.29511007310393,89.44183349609375,3403200.0
2020-09-29,90.72785937627228,90.83142577499348,88.11269586624377,88.63055419921875,4044500.0
2020-09-30,88.74273526663565,90.51206884626896,88.46654728484732,89.69213104248047,6474400.0
2020-10-01,89.3123744457002,90.58110863395568,88.0522598139644,88.29393005371094,5228200.0
2020-10-02,87.17192424690595,88.99304121093061,87.17192424690595,88.00048828125,4116000.0
2020-10-05,89.07072545130573,89.8647718301892,88.60466348273022,89.51090240478516,2551000.0
2020-10-06,89.49364374611002,90.90910828141055,88.95852653502136,89.22608184814453,2982500.0
2020-10-07,90.04600725886681,91.75491846873356,89.69213788201922,91.19391632080078,3386000.0
2020-10-08,94.93973910868574,94.93973910868574,92.98053102622832,93.04094696044922,5617000.0
2020-10-09,93.64507415107366,94.12840145889793,93.1876384369056,93.80043029785156,2950900.0
2020-10-12,94.62037041975888,94.88793227741078,93.29984633998347,94.12841033935548,2898900.0
2020-10-13,93.73138336032,94.04209565951818,91.96205638499578,92.29866027832033,3822800.0
2020-10-14,92.98052368438118,94.5599705785392,92.60076265078304,92.83379364013672,3582000.0
2020-10-15,91.50460781585332,93.40340580155288,91.30610121790804,92.79924011230467,3952600.0
2020-10-16,93.1099617602871,95.83732390000064,93.04091970200706,95.05191040039062,6405600.0
2020-10-19,95.67333795877802,96.30339532314736,93.32573669924916,93.62782287597656,5333600.0
2020-10-20,93.33437933345668,95.31085256565692,93.33437933345668,94.2061004638672,3879400.0
2020-10-21,93.95579381022422,95.2245346775656,93.4465682839827,94.27513885498048,3566900.0
2020-10-22,94.38734601312444,96.83851385808067,94.1370495920817,96.52780151367188,4306800.0
2020-10-23,96.49328389127628,97.08018425534073,95.93227512513737,96.1653060913086,3919000.0
2020-10-26,94.9569811400366,95.18138596370248,91.85849700123195,93.15312957763672,5763800.0
2020-10-27,92.86830741354348,93.2739600015358,90.53797144550634,90.80552673339844,5023200.0
2020-10-28,89.0016776098364,89.96833239736081,87.56894771426721,88.54423522949219,7089600.0
2020-10-29,88.55288244280777,88.9412762347652,87.07700183699265,87.49128723144531,4858200.0
2020-10-30,87.38768149777373,87.60345355085465,85.39394983445496,86.80078125,5872300.0
2020-11-02,88.71684022021454,88.88082909155953,87.30137604552056,88.4061279296875,5302700.0
2020-11-03,89.60584043516977,90.78827395344008,88.95852411342133,89.01030731201172,3859200.0
2020-11-04,89.85612678917252,90.75373944481194,88.13858285190662,88.4320297241211,6023200.0
2020-11-05,90.02013288011763,90.64155106675248,89.26061078838171,89.76983642578125,3692600.0
2020-11-06,90.04601332753764,90.25315269742444,88.89810418824007,89.38143157958984,3924300.0
2020-11-09,97.64118306498212,100.2994967742349,96.39834031358258,97.71886444091795,11674900.0
2020-11-10,97.36498464197224,99.1861013999504,96.6141020690021,98.8753890991211,5441400.0
2020-11-11,98.92719734926092,99.16886105396608,94.66353843531626,95.14686584472656,6191700.0
2020-11-12,94.50818252574868,95.82870676225974,93.91264940542324,94.59449005126952,3904600.0
2020-11-13,95.73376893016302,97.26143916837457,95.04330212368993,97.09745025634766,3627100.0
2020-11-16,98.49566535445412,98.6510215531537,95.871875434663,96.33794403076172,3690500.0
2020-11-17,95.405768205171,95.67332343381592,94.38732388940096,95.06053161621094,3589000.0
2020-11-18,95.05191176834828,95.70786071775672,94.45638532117114,94.4822769165039,4393100.0
2020-11-19,94.66354180359112,96.07037361166314,93.7314046938397,95.80281829833984,4477800.0
2020-11-20,95.57839074481716,95.82005440069544,94.56857907496556,95.07780456542967,4380600.0
2020-11-23,96.4587494157834,96.76082900119717,95.27631608448829,95.77690887451172,3507200.0
2020-11-24,96.77811700439996,99.4623229289942,96.64002626014246,98.44387817382812,6673800.0
2020-11-25,98.18492535723888,98.84950044079297,97.26142115368958,97.7965316772461,3266700.0
2020-11-27,98.16765954001524,99.03074782367774,97.31320398294488,98.90128326416016,2082100.0
2020-11-30,98.42660167272147,98.78046449169246,97.58077214556916,98.13314819335938,5797300.0
2020-12-01,98.89266560520169,99.36736025102968,96.5968474130056,96.78672790527344,5035500.0
2020-12-02,96.70041358744274,98.18492651187852,95.89774120782762,98.0468292236328,5116800.0
2020-12-03,97.76201519587327,97.99505273952622,96.76083612693787,97.07154846191406,3441400.0
2020-12-04,96.86441241870769,98.27124411677237,96.40697004304664,98.26261138916016,4077900.0
2020-12-07,97.92600661712704,98.16767030948964,96.59684972429086,97.1923828125,3047800.0
2020-12-08,96.70905730405876,96.88167234914052,94.9915066567384,95.95816802978516,5768100.0
2020-12-09,96.26887345946672,97.91736875148992,96.06173410328842,97.48582458496094,5574900.0
2020-12-10,97.41679653119915,98.15042040282428,96.40697803183131,97.2528076171875,3398300.0
2020-12-11,96.31201780741652,97.22689586003648,96.22571029656127,96.99385833740234,3843400.0
2020-12-14,97.68432003375273,98.17628003073288,96.57956822192638,96.63998413085938,5414700.0
2020-12-15,98.67689752176852,99.876589860883,97.83106799955767,99.16022491455078,7534000.0
2020-12-16,99.05664931018389,100.17866682492362,98.40933303279748,99.2292709350586,3356600.0
2020-12-17,99.47091683509898,99.89382821693322,98.86675771819291,99.54859161376952,2944600.0
2020-12-18,99.49681680968114,101.42150658968868,99.08253811885795,100.73103332519533,10211600.0
2020-12-21,99.49066873297868,99.71619433972516,97.71250464494908,99.27381896972656,4308600.0
2020-12-22,99.35188416442313,100.56624411131816,98.9442055677478,99.42994689941406,3953300.0
2020-12-23,99.6467789586664,100.2626313570194,98.81407684465132,98.83142852783205,2373400.0
2020-12-24,98.95289561440516,99.34322258084538,98.54521695921234,98.9095230102539,1025200.0
2020-12-28,99.64679770448106,100.4534790632082,99.54271405672878,99.8636474609375,2286400.0
2020-12-29,100.61827446293044,101.13003664791322,100.0544638428252,100.24529266357422,2717600.0
2020-12-30,100.1845949302132,101.16475351987496,99.9764210015044,100.3060302734375,2055200.0
2020-12-31,100.40143263799509,101.69385527428028,100.16723782355604,101.60711669921876,2544100.0
2021-01-04,101.65917423183052,102.1622673097596,99.2651574250448,100.6356430053711,4579200.0
2021-01-05,100.6182725797792,102.04080624890264,100.03711690399564,101.44229888916016,3395200.0
2021-01-06,101.11268534762392,103.70620609893966,101.11268534762392,103.09902954101562,4493900.0
2021-01-07,103.11639056833958,103.85368501131258,102.3183850779046,102.96025848388672,3908900.0
2021-01-08,103.14242657266604,103.97512888559682,102.6913753504141,103.83634185791016,3529900.0
2021-01-11,102.83880786675142,103.63681985629292,101.9887606804328,102.7867660522461,3712700.0
2021-01-12,102.45717114395072,102.61330322695557,101.13004512954524,101.73722839355467,3213100.0
2021-01-13,102.09286462740728,103.83633855532264,101.58977821236846,102.97761535644533,4070900.0
2021-01-14,102.60463090841168,103.45467824240208,101.96275748633514,102.15357971191406,4281600.0
2021-01-15,101.95408126951308,102.61330637550851,101.13004823258642,101.32087707519533,5659500.0
2021-01-19,102.04949883204652,103.22048621769292,101.6851928218862,102.62197875976562,4508500.0
2021-01-20,102.83882643865957,103.65418364104072,102.31838834643452,103.47203063964844,4062500.0
2021-01-21,103.13374761431828,103.472032711926,101.5811025320454,102.2750244140625,3806000.0
2021-01-22,102.09284326754408,102.14489169924644,101.1040090956651,101.1213607788086,3028300.0
2021-01-25,101.25149242151416,101.47701140619232,100.4621561219522,101.3989486694336,3287600.0
2021-01-26,101.51169234981094,101.9540676423922,101.1126896493816,101.2688217163086,3371600.0
2021-01-27,99.933038211306,100.1412121187906,96.39404869542172,96.7149887084961,6894600.0
2021-01-28,97.28746367559584,100.49683695438374,97.28746367559584,99.5513687133789,4236900.0
2021-01-29,98.90083428625616,98.90083428625616,96.35068564333471,96.56753540039062,7315100.0
2021-02-01,97.72116944179496,98.2069107388968,95.80421192774196,96.43741607666016,5905500.0
2021-02-02,97.9380216663598,99.97640793869697,97.3915560755212,98.8401107788086,3865900.0
2021-02-03,98.5972403858934,98.80542090568424,97.22674841038452,97.69514465332033,4602900.0
2021-02-04,98.12884322566858,101.90203404442543,97.59106009889196,101.48567962646484,5903500.0
2021-02-05,102.35307419811618,103.13373456215602,102.11887939776857,102.70003509521484,4147800.0
2021-02-08,102.68267938308048,103.02096442460773,102.00610930002598,102.41378784179688,4780300.0
2021-02-09,102.66535501699818,103.68021034620222,101.93673635298752,102.2490005493164,3624000.0
2021-02-10,102.86483593382906,103.22047267164449,101.4423022180247,101.8673324584961,3424000.0
2021-02-11,102.05817448931867,103.22048602944255,101.66784094966206,102.97761535644533,3892800.0
2021-02-12,103.15977457378354,103.98380106646808,102.81281361243693,103.86236572265624,3005400.0
2021-02-16,103.86235981820208,104.54760585803048,102.87352543610272,103.81031799316406,5417900.0
2021-02-17,102.81280045397358,103.22047903504952,101.58977132847488,102.49186706542967,3299400.0
2021-02-18,101.676506407347,102.12755095145168,99.96772940979204,100.08916473388672,6044600.0
2021-02-19,100.28000645628578,100.68768507576286,97.69515433021203,98.30233764648438,10331500.0
2021-02-22,97.81656901305593,101.12136325358917,97.65176772552826,100.40142059326172,5808400.0
2021-02-23,101.91069781553232,103.871021238424,101.05197473299704,102.3530731201172,5961400.0
2021-02-24,102.38778030809124,103.66285791628007,102.15357886860838,102.99495697021484,6461900.0
2021-02-25,102.42248433490454,103.13375131149152,101.5030368156118,102.2490005493164,4207900.0
2021-02-26,102.83880917610055,103.15974914433544,101.28616438555063,101.45964813232422,5225200.0
2021-03-01,102.3530713653276,103.40262325214972,101.98008956937193,102.23163604736328,4613400.0
2021-03-02,102.43981635418878,102.77810142082734,101.58976907515355,102.24031829833984,3688200.0
2021-03-03,101.7198760670466,103.26385181935888,101.31220410295737,102.30970764160156,4564100.0
2021-03-04,102.42245689255716,102.84748047234322,98.94418568178293,99.9850616455078,5052300.0
2021-03-05,100.366728131735,103.01229748199712,99.97640126524388,102.57859802246094,4636100.0
2021-03-08,102.5699320142269,102.73473994232478,101.14739817998068,101.1994400024414,3873900.0
2021-03-09,101.99743469297496,103.34190565112768,101.40760978694806,101.52904510498048,4025400.0
2021-03-10,102.43981209770716,103.6021301027235,101.71986939904043,102.9255599975586,4475200.0
2021-03-11,103.52405265251564,103.52405265251564,102.00610464700156,102.43980407714844,3654700.0
2021-03-12,102.3097156066379,103.42866117861465,102.23165286841444,103.05567932128906,3063400.0
2021-03-15,103.32456502790674,103.69754684011065,102.50053205699037,103.3505859375,3886200.0
2021-03-16,103.52408724157358,103.79298547816298,102.61332210460075,103.16845703125,3590500.0
2021-03-17,103.3159011641459,103.7756216008713,102.7347453900866,102.83882904052734,4398400.0
2021-03-18,102.71737657866936,104.30471816055255,102.54389944503632,103.07301330566406,4269700.0
2021-03-19,102.92556929137474,102.94291435970447,100.9478939975935,101.15607452392578,9590600.0
2021-03-22,101.05197322764144,102.15356693385895,100.19325015789843,101.34688568115234,4879100.0
2021-03-23,101.32955392475236,101.5550795244146,99.56005911807134,99.77690887451172,6830800.0
2021-03-24,99.8809889952573,101.57241427660556,99.8462922436234,100.58358001708984,4206200.0
2021-03-25,101.0281609154086,101.89120055656468,100.0605077885693,101.62967681884766,3944400.0
2021-03-26,101.69943668160788,103.57371373696144,101.13279184234032,103.35577392578124,5802900.0
2021-03-29,102.55378236952308,104.31474020374844,102.01328910982085,103.8788604736328,4285400.0
2021-03-30,103.32089849906414,104.02702798085862,103.02450356055394,103.59114837646484,4489600.0
2021-03-31,103.98344336245265,104.12292803638796,102.92861545704926,102.98091888427734,5711800.0
2021-04-01,103.25117346725504,103.54756843633776,102.5363311083546,103.03323364257812,6020900.0
2021-04-05,103.59115917683071,104.88135921579482,103.2947575564229,104.8290557861328,4984400.0
2021-04-06,104.51522125847843,106.18899750724636,104.30600089013136,105.61363983154295,5128200.0
2021-04-07,105.482862132986,106.39821194412468,104.57623177603764,105.16030883789062,4299600.0
2021-04-08,105.7356980036744,105.97107011430008,105.12546243550312,105.17777252197266,3393800.0
2021-04-09,105.39569566263454,106.35462951660156,105.18647530291337,106.35462951660156,3918700.0
2021-04-12,106.13667577215904,106.58127479783629,105.61362161600644,106.17154693603516,4361400.0
2021-04-13,105.8664333433359,108.0196795087886,105.7095164302383,107.77558135986328,6238700.0
2021-04-14,107.74944824809364,108.84786682937442,107.6884253630778,108.01097869873048,5845000.0
2021-04-15,108.106858021243,109.96370268453018,108.106858021243,109.7108917236328,5605300.0
2021-04-16,110.56522336735868,110.56522336735868,109.03964473375888,109.7632064819336,4509800.0
2021-04-19,109.28374249098614,110.0944788771742,109.05708321877351,109.95499420166016,4172200.0
2021-04-20,109.76321184476318,111.95132280314552,109.65859833898976,111.82927703857422,5411000.0
2021-04-21,112.29131817281775,114.53174605590225,111.8990291312092,113.5466537475586,6046000.0
2021-04-22,113.38974038379256,114.12201501524804,112.74463370256282,113.1979522705078,3623300.0
2021-04-23,113.23279923945728,114.88913635892573,112.9015264947678,114.3748016357422,3801200.0
2021-04-26,114.56660116887144,114.6276307024616,113.34614351697596,113.43331146240234,2793900.0
2021-04-27,112.77949039650588,113.6686885598528,112.36976248310046,113.30255126953124,3279100.0
2021-04-28,113.55534587908264,114.74093889471976,113.32869328123635,114.3748016357422,3875100.0
2021-04-29,115.14198221258744,115.33377034318838,114.1220253191148,114.63636016845705,4239100.0
2021-04-30,113.9127822283722,114.38353968334371,113.13691701005844,114.13072204589844,4866200.0
2021-05-03,114.86298464771228,114.99375650576891,114.11327122161838,114.3748016357422,3109800.0
2021-05-04,114.08713771517348,114.1917578787108,111.64622226582864,112.02107238769533,6659000.0
2021-05-05,111.89901008288004,111.97746521744814,110.19908232395684,110.71341705322266,7670900.0
2021-05-06,110.48677819768469,111.1493171662092,109.68476119162636,110.97496795654295,4449500.0
2021-05-07,111.10571611890832,111.96876258350976,110.29497973309796,110.45189666748048,3871100.0
2021-05-10,110.71341818093713,111.62004189426776,110.56522071346912,110.6262435913086,3866400.0
2021-05-11,110.10319900014105,110.486768558141,108.48172621792742,109.16169738769533,3501400.0
2021-05-12,108.4381248949902,108.88272394327892,107.10433440111883,107.33099365234376,4796300.0
2021-05-13,107.55766436126348,108.96119742273648,107.49664147385144,108.2637939453125,3261800.0
2021-05-14,108.78684338099512,109.52783745263464,108.59505527165406,109.20528411865234,3687600.0
2021-05-17,109.36220345930847,109.95500005983538,109.02221785837352,109.43194580078124,3008000.0
2021-05-18,109.388345082932,110.83546186652327,109.388345082932,109.7108917236328,4232700.0
2021-05-19,109.05708307906283,109.74577369879157,108.44685425195917,109.55398559570312,4608900.0
2021-05-20,109.36219758176738,110.95751863949025,109.24015181624716,110.45189666748048,3385000.0
2021-05-21,110.9749593843078,112.08209739825544,110.85291361676964,110.96623992919922,3647600.0
2021-05-24,111.66364480442796,112.1692667913157,111.323659211761,111.67237091064452,3826900.0
2021-05-25,112.06467081380686,112.58771845993184,111.64623003650838,111.93389892578124,3854900.0
2021-05-26,111.16674072861788,111.79441512689404,109.2401535132675,110.07704162597656,6450200.0
2021-05-27,108.58634363925108,111.24521234485734,108.09816052648247,109.1006851196289,9866400.0
2021-05-28,110.4083128864992,111.62005108884269,110.16422135503456,110.3560028076172,5530000.0
2021-06-01,111.64622622755672,111.68980355341942,108.69967537087253,108.78684997558594,5643900.0
2021-06-02,108.65607218356696,108.96118659029403,107.64483491398634,107.92379760742188,6011200.0
2021-06-03,107.54894499573334,107.7755976202966,106.59872392000324,107.28741455078124,4763000.0
2021-06-04,107.76689104591584,108.43814280530276,107.43561824302712,107.96739196777344,4037300.0
2021-06-07,108.43812729413072,109.0919466997876,107.99352823600547,108.06327056884766,5765700.0
2021-06-08,108.64735629178224,108.75196979937448,105.07314458649088,106.18028259277344,6380300.0
2021-06-09,106.51152937864656,107.42687911359197,106.33718021532088,107.322265625,3880100.0
2021-06-10,108.10687503677306,108.9088920142018,107.81047340972589,108.74325561523438,3514200.0
2021-06-11,108.8652906377572,108.88272954697688,107.3745831472402,107.90635681152344,6245200.0
2021-06-14,108.3771251096456,108.3771251096456,107.19153182892585,108.22892761230467,3434900.0
2021-06-15,108.5078818033786,109.28374705307692,108.05456324002938,109.11811065673828,4381800.0
2021-06-16,109.19658513957576,109.44067670927905,108.176621579035,108.98735809326172,4678100.0
2021-06-17,108.42941520211733,109.30989392379816,108.14173969885132,109.1529769897461,3837400.0
2021-06-18,107.7407376555764,108.41199609696412,107.39203922737084,107.42691040039062,5820600.0
2021-06-21,107.66226137099746,109.68474245216991,107.50534444870844,109.4406509399414,4623500.0
2021-06-22,110.13805040713318,110.8180281469503,109.5626928131275,110.47804260253906,3923800.0
2021-06-23,110.48678636563008,110.64370332632846,109.3535031170274,109.39708709716795,3575100.0
2021-06-24,110.0541852202776,110.2206573465193,109.57229574144829,109.59857940673828,3690100.0
2021-06-25,109.73876714712982,110.09799506254453,109.08164878097934,109.4583969116211,4182600.0
2021-06-28,109.7738188381859,109.88771695329396,107.7586530908318,108.415771484375,4552600.0
2021-06-29,108.59975501908504,109.2393531447647,108.46833669868472,109.11669158935548,3922500.0
2021-06-30,108.9677442254607,109.42334332450724,108.29309899943298,108.75746154785156,3704000.0
2021-07-01,109.04661401915487,110.56237016332244,108.65234562862194,110.50979614257812,3182400.0
2021-07-02,110.23817142340788,111.14937631519363,110.08046275589588,111.1230926513672,3478900.0
2021-07-06,111.10558483820256,111.32462432045406,110.05419799721707,111.24577331542967,3066300.0
2021-07-07,111.2720551710232,111.99050439372164,110.8252127628344,111.92041015625,3216100.0
2021-07-08,111.77146037370728,111.84155460833097,110.17685330106606,111.65756225585938,3815300.0
2021-07-09,112.0518417559993,112.68267656115518,111.85032916713578,112.2971649169922,3750600.0
2021-07-12,112.3234405517578,112.7965733063355,111.9291721690155,112.3234405517578,3165000.0
2021-07-13,111.77145804944529,112.19201676388784,111.13185986977412,111.6225128173828,3214700.0
2021-07-14,112.19202365531406,112.20955055695916,111.30710228975904,111.92041015625,3049700.0
2021-07-15,110.79891630097686,111.17566442819091,109.51096324551128,109.83514404296876,5115400.0
2021-07-16,110.08925519851869,110.53609765490894,109.56356172988282,110.2206802368164,3646400.0
2021-07-19,109.37081123129018,109.6424180883421,106.8299515436758,107.54840087890624,4678700.0
2021-07-20,107.55714149129471,110.50103245553052,107.55714149129471,109.9665756225586,5137300.0
2021-07-21,110.97415590864684,111.42975504705812,110.41340873779272,111.31585693359376,3386000.0
2021-07-22,111.57872240302042,111.91166672841626,110.59742969967738,111.36844635009766,2342200.0
2021-07-23,111.77146271568868,112.84036973560347,111.77146271568868,112.62133026123048,2985400.0
2021-07-26,112.40230667409551,112.75277790409402,111.31587928387624,112.20956420898438,2402200.0
2021-07-27,111.98171836145757,114.72409635967642,111.85030004839209,114.09326171875,4151700.0
2021-07-28,114.09328246429324,114.89934612557528,113.65520351561116,114.35613250732422,4317200.0
2021-07-29,114.72410933754432,114.98695936251558,113.46243991296838,114.49629974365234,3195600.0
2021-07-30,114.37363355789712,115.39874995075758,114.20717480561476,115.04827880859376,2740000.0
2021-08-02,115.26734378593532,115.99455652672702,114.86431859457753,115.0044937133789,3401100.0
2021-08-03,114.90810546266128,115.2498065155143,114.32108126258602,115.17972564697266,3208500.0
2021-08-04,114.45250290591696,114.75039336290146,112.4022833999993,112.48114776611328,4045100.0
2021-08-05,112.59504213393907,112.70894693421602,111.37718992398284,112.16573333740234,3711900.0
2021-08-06,112.60381918554398,112.84037219726922,111.81527572368776,112.70895385742188,2414500.0
2021-08-09,112.73522627427975,113.313493650114,110.9916740659178,111.2019500732422,3411500.0
2021-08-10,111.11434218172772,111.48232688739076,108.59100989132573,109.78258514404295,4123800.0
2021-08-11,110.3958916037618,110.7551195389949,109.95781266882622,110.43093872070312,3403700.0
2021-08-12,110.61494345470985,112.05184198739671,110.4659982044501,111.7276611328125,2689300.0
2021-08-13,112.00801179101596,112.47237436314718,111.4823184392552,112.4460906982422,2552500.0
2021-08-16,112.54247088910996,113.60262774863791,112.1744862038238,113.54129028320312,3233800.0
2021-08-17,113.41864149939416,114.58393315197134,113.02437310424766,114.56640625,3410300.0
2021-08-18,114.60145259501463,114.92562673028566,113.2521619823306,113.3134994506836,4050300.0
2021-08-19,112.65637311186084,113.38358570037585,112.15695674166936,112.96302032470705,4016600.0
2021-08-20,112.87542993578968,113.92681679854932,112.33221628667089,113.81291198730467,4496500.0
2021-08-23,114.04070050486544,114.07574093385864,111.78896858023072,112.5687484741211,5028300.0
2021-08-24,112.831599059061,118.04473523261584,112.66512694000366,116.1522445678711,10319200.0
2021-08-25,116.23985817928973,118.45653642876664,115.82806292796955,117.88703918457033,6483800.0
2021-08-26,117.9746533203148,117.9746533203148,116.34499912701054,116.8531723022461,4448100.0
2021-08-27,117.16857612246034,117.45770979402091,116.59032214844596,117.2386703491211,3801400.0
2021-08-30,117.56285934629528,117.91333052400856,116.96707839784534,117.26496887207033,3550300.0
2021-08-31,117.37011221038114,118.09731146566337,116.55527845279396,116.94954681396484,4769900.0
2021-09-01,117.5541000366211,117.64172117143058,116.32748436393732,117.5541000366211,2422400.0
2021-09-02,118.28130512312754,118.86832925537168,117.61542999605376,118.04473876953124,4963700.0
2021-09-03,117.9834293591326,118.39522465330676,117.58039083132697,117.95714569091795,2298400.0
2021-09-07,117.29124273634731,117.98341489878824,116.4851791486382,117.9045639038086,3214000.0
2021-09-08,117.77314129087628,118.87709541303606,117.27373824839032,118.43025970458984,2175400.0
2021-09-09,118.4389996527236,119.06107754511436,116.84439948047483,116.90572357177734,3445300.0
2021-09-10,117.20365271394084,117.37888163011765,114.44374714999668,114.89935302734376,4278700.0
2021-09-13,115.78424799837252,115.81930179709548,112.8140735891868,113.93555450439452,4703200.0
2021-09-14,114.6014548412346,114.96068278520778,113.71652681490514,114.40869903564452,3333600.0
2021-09-15,114.62773365901737,116.16100990373008,113.90927780146588,115.34617614746094,3303800.0
2021-09-16,115.35495039315173,115.95073133801452,114.04071356513374,114.7065887451172,3049500.0
2021-09-17,114.2159474920594,114.6277427858128,113.17331742358203,113.63768005371094,6832800.0
2021-09-20,112.40227682504488,113.27843461370692,111.7188815039705,112.78778839111328,3385100.0
2021-09-21,113.6464427957158,113.94433326186989,111.93793094456284,112.00801849365234,2999300.0
2021-09-22,112.84037045428978,113.63767735467177,112.29715683249964,112.94551849365234,3479800.0
2021-09-23,113.19203175335532,115.46362209817744,113.11279351028084,115.0233917236328,3890600.0
2021-09-24,114.70643878884488,115.61331239213798,114.13414460862684,114.47752380371094,2801300.0
2021-09-27,114.2397823444848,114.5215362332508,112.96311694358032,113.35932159423828,2931400.0
2021-09-28,112.53168878887249,112.64615298802076,110.74435450174911,110.93805694580078,6100400.0
2021-09-29,111.2462215276614,111.95939934855356,110.39217347080653,111.44873046875,2693800.0
2021-09-30,111.44872284711724,112.68136923506304,110.33934042622782,110.36575317382812,5647000.0
2021-10-01,110.93806724558416,112.64616344638831,110.2072831269532,112.09146881103516,4042600.0
2021-10-04,111.82733361169224,113.1920438886616,109.3972598028108,110.10163116455078,5125900.0
2021-10-05,110.67392669008424,112.33799716719318,110.04880028966508,110.76197814941406,3853200.0
2021-10-06,109.96073803812176,111.07012041866965,109.1507157933836,111.0172882080078,4005500.0
2021-10-07,111.89775345939212,113.44737297717406,111.48394254961823,111.66883850097656,3135600.0
2021-10-08,111.81851096895262,112.04743263605528,110.11041502978586,110.2953109741211,4116300.0
2021-10-11,109.9079281621127,110.51544157329931,108.7193073727493,108.77213287353516,3588300.0
2021-10-12,108.99225089469633,109.17714686959916,107.71557861458152,108.23505401611328,4298100.0
2021-10-13,108.1469972410024,108.49918289003564,107.38099395815884,107.91807556152344,4063500.0
2021-10-14,108.69287290146724,110.17204717574003,108.53438970360293,109.88150024414062,4658000.0
2021-10-15,110.93806018568064,112.98073567905683,110.71794498689954,112.47886657714844,7229900.0
2021-10-18,108.34950542333192,108.52560161623995,105.21506708078084,106.28923034667967,10310600.0
2021-10-19,107.16087653060356,108.0941627712876,106.68542692193932,107.59230041503906,5031200.0
2021-10-20,108.29666460965144,108.51677978162228,106.85270961891332,107.23130798339844,5138800.0
2021-10-21,107.3633818991739,107.4426201393004,106.82630032482038,107.10804748535156,3737300.0
2021-10-22,107.05523941383844,108.79855498091584,106.984807645861,108.3759307861328,3747000.0
2021-10-25,108.40232049955236,108.83374434854116,107.46022784795048,108.78971862792967,4182100.0
2021-10-26,109.3708452468158,109.88151413977808,108.42875242853576,109.2211685180664,3390900.0
2021-10-27,109.62618886642824,109.78467209759567,107.46025585206226,107.85646057128906,3610800.0
2021-10-28,107.68035589137747,108.38472048370782,106.45651594672272,106.77347564697266,4242900.0
2021-10-29,106.1747761489202,106.2011956183836,104.66918882391504,105.53204345703124,8118500.0
2021-11-01,105.77856600456464,106.57098211321323,105.65530202292857,105.8578109741211,3600400.0
2021-11-02,106.32445420419712,108.44636136120111,105.78737254791584,106.7999038696289,6909700.0
2021-11-03,106.85271232250078,107.24891695512028,105.61125949683068,106.69422912597656,4762800.0
2021-11-04,107.06404091435374,107.21371765073296,105.6288921082675,106.26282501220705,3928400.0
2021-11-05,106.77347417152303,109.7318228836254,106.43009501006316,108.27906799316406,6147400.0
2021-11-08,108.32309176723774,109.14192058460472,107.71557166220911,108.31428527832033,4183900.0
2021-11-09,108.3847103207504,109.06266881832066,107.46023062049366,107.67153930664062,3150700.0
2021-11-10,107.49543730602092,108.23502774348978,107.0728199566516,107.77719116210938,3225700.0
2021-11-11,107.75958435668925,107.90046129279872,104.67797191180584,105.28549194335938,4046900.0
2021-11-12,105.66410185528878,105.7433401024699,104.14970821358808,105.04777526855467,5539500.0
2021-11-15,105.52323273527234,105.60247770571748,103.41893181710849,103.52458953857422,5775200.0
2021-11-16,103.2780609190404,104.422655999452,102.75858552184997,103.88557434082033,5283500.0
2021-11-17,103.18120319676372,104.22014720840382,102.68814058144422,103.74469757080078,3976700.0
2021-11-18,103.8415489786922,103.93840020415476,101.77246072324913,103.60382080078124,7731800.0
2021-11-19,103.84154390425805,104.00882688038732,102.77618719361354,103.20761108398438,7325000.0
2021-11-22,103.7094692156668,104.59873642545544,102.80259574709224,102.91705322265624,6813100.0
2021-11-23,99.21032501322868,101.79007547274298,97.8280018008367,99.82664489746094,11151900.0
2021-11-24,99.54489330026782,101.49951730003244,99.06944367459135,100.75993347167967,5588500.0
2021-11-26,99.89706850069248,99.9410942218894,97.53743359651187,97.77516174316406,5561300.0
2021-11-29,98.61159961313408,99.02541722200604,97.0003549001406,97.09720611572266,7026000.0
2021-11-30,96.4720925329171,96.74503323968838,93.84831631315608,93.9451675415039,14018500.0
2021-12-01,95.767714367439,95.89978482554696,92.78295291415876,92.86219787597656,8205200.0
2021-12-02,93.09992299861142,95.01932780898692,92.46599014859636,94.4558334350586,7458800.0
2021-12-03,94.7552019193883,95.53000507222296,93.24961462710102,94.09485626220705,6922900.0
2021-12-06,95.11617142663532,97.93364978831096,94.834424262206,97.0619888305664,7624800.0
2021-12-07,98.43552376809151,100.75993982868124,98.29464681053672,98.84933471679688,9550600.0
2021-12-08,98.94617267207428,99.40401600532432,98.15376340297146,98.98139190673828,5585200.0
2021-12-09,98.5763778250624,99.92348160295774,98.14495396879768,99.32476806640624,6162500.0
2021-12-10,100.09958629972094,100.50459744463402,98.47953500268616,98.99020385742188,4342700.0
2021-12-13,98.87573385753812,99.85304571816418,98.75246990370977,99.36878967285156,4750000.0
2021-12-14,98.84933098162456,99.50087680962126,97.96887018232576,98.3386688232422,8183100.0
2021-12-15,92.9854606813298,93.13513739719956,91.06605597068972,92.3955535888672,18546500.0
2021-12-16,90.9780083845004,91.89368834517084,89.12904220429651,89.99188995361328,18427400.0
2021-12-17,88.4951104244169,91.51509101650664,88.27499524049601,88.60076141357422,22561600.0
2021-12-20,87.97565002076217,88.4246869529986,86.6197394517186,87.63227081298828,12699900.0
2021-12-21,88.58922021512114,91.04362944065092,88.48288945510485,90.06895446777344,9610500.0
2021-12-22,90.06894419300605,90.21957434904938,89.4132548148034,89.79425811767578,6690600.0
2021-12-23,90.48541112712373,91.61957889711792,89.65250371345846,91.17654418945312,7255200.0
2021-12-27,91.52210799986668,93.25880319106383,90.89299954490544,92.5322265625,6591300.0
2021-12-28,92.73603533928612,92.83349676306015,92.10692005737872,92.62084197998048,7488200.0
2021-12-29,92.78031765197332,93.0195601539822,92.08918466425423,92.10690307617188,3635500.0
2021-12-30,92.04489584643376,93.55121802995578,92.00945225574424,92.56768035888672,3519200.0
2021-12-31,92.56768169915964,92.93096667868298,91.65503119625544,91.66388702392578,3608900.0
2022-01-03,91.38919825266318,94.21576182905793,91.06135013785304,94.011962890625,7797800.0
2022-01-04,93.68411862230052,95.24359586544772,93.38285151748768,94.2689208984375,7680600.0
2022-01-05,94.93347646301407,96.57270352666995,93.92335787199704,93.93222045898438,7206000.0
2022-01-06,94.1803153534847,94.64106845730365,92.70058110909412,93.01070404052734,5207000.0
2022-01-07,92.1512105895644,93.77271909064912,92.02716142381534,93.1790542602539,5142200.0
2022-01-10,92.98412718650586,93.61323566408352,91.8145158214002,93.58665466308594,6500500.0
2022-01-11,93.99423908676418,95.75751521572955,93.9233519157071,95.5980224609375,7217100.0
2022-01-12,95.43852267436024,96.78535178452128,95.2524489341746,96.53724670410156,8421600.0
2022-01-13,96.34233540974152,97.9992809742812,96.0942302822684,96.38663482666016,5165400.0
2022-01-14,95.77523295990004,96.44864755989646,95.02207536315056,96.18283081054688,6291500.0
2022-01-18,94.81830459775983,95.88158535547778,94.20691444397622,95.24361419677734,8019400.0
2022-01-19,95.15498577321664,96.66130094542892,94.76511310080625,95.48283386230467,7278600.0
2022-01-20,94.50817680911425,96.52841420232652,93.89678668636752,94.02083587646484,6110400.0
2022-01-21,95.11953758905324,95.18156216937646,92.56766044981975,93.56891632080078,6406200.0
2022-01-24,91.8056552202552,92.8866610186952,89.20947149061882,92.33729553222656,10286900.0
2022-01-25,90.95501179237432,92.73601291547172,89.73223187494685,92.30183410644533,8577400.0
2022-01-26,92.70059481010216,93.7815939365576,91.48667714459364,92.23097229003906,6568200.0
2022-01-27,93.11704134448352,93.8879242500535,91.10566653593725,91.42465209960938,5979300.0
2022-01-28,91.66387487865627,92.098053743231,89.67908135550368,91.38033294677734,8459400.0
2022-01-31,91.26515342352224,91.78793115456013,90.2107286139173,91.69932556152344,9255000.0
2022-02-01,91.87653043141866,92.31956509372051,90.822105771885,91.78791809082033,8114900.0
2022-02-02,91.25628399739236,91.69931868954812,89.8474369212201,91.5929946899414,10230100.0
2022-02-03,90.48539419714152,91.20310812601754,89.75881768292196,90.52969360351562,7134200.0
2022-02-04,90.04237188156603,91.74362345081886,89.9980657089632,91.02590942382812,4526800.0
2022-02-07,90.95502541952456,91.47780312154671,90.21072360694582,90.3702163696289,5258400.0
2022-02-08,90.83098018827882,92.6828620730166,90.39680129534908,92.33729553222656,5775500.0
2022-02-09,92.86008151645832,94.18918569793335,92.86008151645832,94.00310516357422,7087600.0
2022-02-10,93.50690042752744,94.6056245639726,92.62969363569788,92.9309539794922,6516700.0
2022-02-11,92.76261642916432,93.77273509995742,90.9373086954827,91.25629425048828,5859000.0
2022-02-14,91.4778076722096,91.61071944108618,90.10440408761389,90.6537628173828,7079900.0
2022-02-15,91.59300907287296,92.86008876181596,91.27402350361642,92.0714874267578,5325500.0
2022-02-16,91.32716885888134,91.72589736765964,90.03350840175278,91.39805603027344,7499400.0
2022-02-17,90.60059925257436,91.26515132533164,89.83857900166551,90.1132583618164,5551600.0
2022-02-18,89.93603942192584,90.39679251148335,88.86389631491474,89.12085723876953,8364700.0
2022-02-22,89.00567113946545,92.75374778599893,88.87276613370129,91.9031219482422,9609800.0
2022-02-23,92.36386055500932,92.59424046240515,90.86640805736694,91.29171752929688,6454100.0
2022-02-24,89.4664317492385,91.69932374636151,88.66896790734695,91.55755615234376,7617300.0
2022-02-25,91.82338052461652,93.84362467797558,91.30060276066676,93.7815933227539,6969200.0
2022-02-28,92.44362481827211,93.42716242174652,91.7967911629471,93.02842712402344,5780600.0
2022-03-01,92.68286869272298,93.14362862013422,91.10566605848398,91.84996795654295,4543400.0
2022-03-02,93.11702526293358,94.7917025630782,92.88665209798052,94.2600555419922,5919300.0
2022-03-03,94.8182920792928,96.12967105666402,94.23348300763593,95.3853759765625,6480000.0
2022-03-04,93.95880955777136,96.17398328340676,93.85247878527834,95.97018432617188,5186200.0
2022-03-07,95.47397794443906,95.81954446996704,94.31322919254626,94.49044036865234,6556600.0
2022-03-08,94.20691027693634,94.79171939993536,92.18667287052858,92.23097229003906,7482700.0
2022-03-09,93.95879004592274,94.51701127519792,91.57526144885632,91.77906036376952,9962000.0
2022-03-10,91.10565411889422,92.71830013314523,90.73350659872236,92.55880737304688,5146900.0
2022-03-11,93.4005759264035,93.96765978475648,91.79678576309236,91.9917221069336,5149800.0
2022-03-14,92.56766201735412,93.09930225200898,91.12336471367108,91.46007537841795,4175500.0
2022-03-15,92.1246364924847,93.524627765298,91.9208375562456,93.39171600341795,5017900.0
2022-03-16,93.89677480132929,95.14612913207856,93.39171551695438,95.07524871826172,5255000.0
2022-03-17,94.8094230880333,97.28155745454016,94.50816274553372,97.23725128173828,5693400.0
2022-03-18,97.22839246939937,97.813194723422,96.12080578509558,97.62712097167967,16292800.0
2022-03-21,96.61699967189776,97.99926565081662,95.7752297599832,96.36003875732422,8206100.0
2022-03-22,96.5992768280518,97.06889925852612,96.37775949223604,96.5549774169922,5601800.0
2022-03-23,95.98790114513008,96.4929604401984,93.6663968491079,94.06513214111328,7002600.0
2022-03-24,94.6623229273165,94.97430401723756,93.75313974101388,94.79602813720705,5660500.0
2022-03-25,95.2595534541688,96.69464220930531,95.17932759553362,96.67681121826172,5597200.0
2022-03-28,97.1046627166956,98.05841668350642,96.40048821027932,97.9871063232422,5688000.0
2022-03-29,98.94085589751602,100.25115480694627,98.66453676442228,100.17092895507812,8862200.0
2022-03-30,99.76981535631108,100.29571391372872,99.17260644518372,99.44001007080078,4694900.0
2022-03-31,99.18152064087424,100.2689797934184,98.85172213759874,98.8962860107422,6899800.0
2022-04-01,99.25284199639088,100.42052713082823,98.79824691656366,100.29573059082033,4479100.0
2022-04-04,99.83221744490552,99.9748381626527,98.41495976507606,98.83389282226562,5099200.0
2022-04-05,98.53975652966214,99.69851934172084,98.20103570108924,98.49518585205078,5496100.0
2022-04-06,97.80884635705058,99.85896840212236,97.1581511598018,99.58264923095705,5560700.0
2022-04-07,99.36871938618756,100.83054782390046,98.84281396013384,100.12637329101562,6668600.0
2022-04-08,99.88570677209842,100.82163662416582,99.1815322092104,100.25116729736328,5230500.0
2022-04-11,100.15311841949138,100.49183246108906,99.2528437398514,99.40437316894533,3407100.0
2022-04-12,99.53806061622464,100.028310799825,98.18319789145676,98.56648254394533,4733900.0
2022-04-13,97.74644285731758,98.65562615347496,97.71078767700332,98.45952606201172,4791500.0
2022-04-14,98.7893134099124,99.0388928261838,97.07790586931226,97.17594909667967,6665800.0
2022-04-18,96.73920550784,97.38098517096464,95.85676187130886,96.33809661865234,3418000.0
2022-04-19,96.84617189140047,99.52916480612608,96.70355116478956,98.24560546875,9780300.0
2022-04-20,98.7536840703394,101.16035112886652,98.7536840703394,100.7235870361328,5477700.0
2022-04-21,101.61494257681274,101.89126173572024,100.75032311767951,100.80380249023438,5859300.0
2022-04-22,99.60939787093189,99.67179274746512,95.999390127209,96.08853149414062,6351500.0
2022-04-25,95.76763261856811,97.75535978464303,95.26846685266077,97.58600616455078,5498200.0
2022-04-26,96.13305981909366,97.53249307559678,95.16148184379888,95.17930603027344,5251200.0
2022-04-27,95.17931373173728,96.48961256083284,94.65341518157214,95.0456085205078,4757700.0
2022-04-28,95.62500662426096,95.94589645592872,93.9046832269151,95.5091323852539,5063200.0
2022-04-29,95.04560633450284,95.04560633450284,92.80830017354027,93.02222442626952,5206000.0
2022-05-02,93.7442341768216,94.09186367904228,90.25902365953648,91.93477630615234,6104000.0
2022-05-03,92.19327756495728,92.87071242610703,91.50693400865008,91.90804290771484,3841500.0
2022-05-04,91.89019853802168,94.66232564725055,91.34647578976175,94.33252716064452,4258100.0
2022-05-05,93.14702630947916,94.1899148283767,92.22892752102084,93.19159698486328,3945400.0
2022-05-06,92.67460826533564,93.44117764820116,91.56040937169745,92.21109771728516,5496400.0
2022-05-09,91.16821019051672,91.20386537157006,88.43173794958032,88.76154327392578,6593300.0
2022-05-10,89.83116365603425,90.32141385202776,88.05736105690023,89.41222381591797,5638900.0
2022-05-11,89.54592586579722,91.32864389649323,89.34982579433593,89.71528625488281,4113400.0
2022-05-12,89.10024100955832,90.38380009077862,88.68130120940839,90.12530517578124,4434700.0
2022-05-13,91.2395042610965,91.83671313590996,90.74034541653948,91.5158233642578,3525900.0
2022-05-16,90.91863968208332,92.9955082794976,90.91863968208332,92.53199768066406,3751200.0
2022-05-17,93.8333699029969,94.7782151777702,93.58379044191614,94.7158203125,3168200.0
2022-05-18,93.71749534531465,94.39493016629696,92.0328271882834,92.31806182861328,4133800.0
2022-05-19,91.12363922775104,92.0328224720456,90.25010436120694,91.58714294433594,4230400.0
2022-05-20,92.28241139301836,92.46959599780884,89.51028390204041,91.39105224609376,5335800.0
2022-05-23,92.5498207680622,93.09355038532932,91.36431148447774,92.93310546875,4134300.0
2022-05-24,92.8261460834023,94.2434107406467,92.487432037274,94.11861419677734,4381900.0
2022-05-25,93.82445619678155,94.53753936170496,93.00440069635124,94.07403564453124,5495100.0
2022-05-26,88.0217093249858,90.3748967568215,87.51363492039697,88.63674926757812,12674300.0
2022-05-27,88.36042080609245,88.40499147912107,86.33703874044987,88.31585693359375,13358600.0
2022-05-31,87.65625057891485,89.68855503818175,87.54929183931623,89.26961517333984,11330500.0
2022-06-01,89.38547909562,89.42113427154939,85.909177648593,87.1570816040039,6493700.0
2022-06-02,87.2284046048322,88.15541891183415,85.67744162991089,87.79887390136719,6794700.0
2022-06-03,88.03952936776915,88.03952936776915,85.01782276692535,85.10696411132812,9097000.0
2022-06-06,85.7933177280559,86.33704735068655,84.84847921028553,85.11588287353516,5432500.0
2022-06-07,84.77716904539118,86.06072839369789,84.29583428977615,85.98941802978516,5929000.0
2022-06-08,85.82005679648994,86.27465186143131,85.4011169131646,85.60613250732422,5665500.0
2022-06-09,84.67911805178656,85.09805793444345,83.04792919824061,83.07466888427734,5974800.0
2022-06-10,81.88917181491273,83.59166434362452,81.12260236202754,82.6646499633789,6723500.0
2022-06-13,80.66799809489352,81.82676763856816,79.99056327856695,80.37384796142578,8502400.0
2022-06-14,80.25797251987515,80.49863647966355,78.16328003831127,78.8674545288086,7521900.0
2022-06-15,79.51813935525668,80.52537262496296,78.83179588485201,79.64292907714844,5236200.0
2022-06-16,77.99391970437755,78.49307861431593,77.50366948888085,77.90478515625,6729900.0
2022-06-17,78.68025264955818,79.78554265974708,78.18109380658848,78.63568878173828,8299300.0
2022-06-21,79.91032828882422,79.99946282044039,78.53763474024288,79.07244873046875,6520400.0
2022-06-22,78.60005602943163,80.12427947448347,78.48418177940938,79.5538101196289,7458400.0
2022-06-23,79.37415907857543,80.48792828347389,79.18553737189643,79.64361572265625,6823300.0
2022-06-24,80.25439657957833,81.2963148282916,79.26637514380165,81.03583526611328,7131800.0
2022-06-27,81.16158077989924,81.91606761225898,80.73044055230692,81.26038360595703,7237200.0
2022-06-28,81.6106866189801,82.59870808221818,80.04781605521288,80.11966705322266,4166900.0
2022-06-29,80.73943071086703,81.33224771284306,80.00290485712654,81.2154769897461,4072800.0
2022-06-30,80.31726949560796,81.5747544223671,79.85919113410507,80.61367797851562,5206500.0
2022-07-01,80.62265234445807,82.22145157954506,79.99390652940473,82.0777359008789,3985100.0
2022-07-05,81.31426449064085,81.59270504969132,79.76935522221763,81.27833557128906,3590400.0
2022-07-06,80.87415349858034,81.26936478938678,80.029840960127,80.49691009521484,8061900.0
2022-07-07,80.27235815379255,80.56875976429102,79.67055728374044,80.38912200927734,5581100.0
2022-07-08,80.49691785719247,81.20649871922538,80.1466193984694,80.37117004394531,3997900.0
2022-07-11,79.63464598919045,80.2274561431334,79.19452178019996,79.8951187133789,3345200.0
2022-07-12,79.76038577127277,80.82924210021396,79.38313550831691,79.66158294677734,6200500.0
2022-07-13,78.73642504875386,79.58073063819305,77.97294753261761,78.96097564697266,4244200.0
2022-07-14,78.2154724940681,78.7454086604386,77.87415117075328,78.60169982910156,3843300.0
2022-07-15,79.76935836337697,80.20049855983511,79.10469046104738,80.04780578613281,5588000.0
2022-07-18,80.4429927896899,80.6405983847455,78.78131996731966,78.95198059082031,4264700.0
2022-07-19,79.72445073493171,81.215463226428,79.72445073493171,81.13462829589844,4654800.0
2022-07-20,80.86517198085441,81.12565153463306,79.4909232182654,80.14661407470703,6264200.0
2022-07-21,80.54180387104115,81.3322263325595,80.08372560201411,81.07174682617188,4607000.0
2022-07-22,81.3322315502682,82.29330786175564,80.82923353719491,81.48492431640625,3466500.0
2022-07-25,81.71847621152517,82.20349958896017,81.25140701828413,81.51188659667969,3723200.0
2022-07-26,81.80828925240449,82.83223960309635,81.47595184454285,82.54481506347656,5163000.0
2022-07-27,83.22745460834525,84.00888646959623,83.08373890578672,83.7304458618164,5933200.0
2022-07-28,83.94600262873341,84.47594565327718,83.07474513011712,83.95498657226562,4726100.0
2022-07-29,83.56876900903909,83.93702850404571,82.86817209187467,83.10169982910156,6870900.0
2022-08-01,82.48194495091364,83.78433595689378,82.05080469529555,83.60469818115234,4711600.0
2022-08-02,83.55978170277567,84.55678707639677,83.23642823820981,83.7214584350586,4049200.0
2022-08-03,83.78433942142442,84.55679422398944,83.36218309295957,84.22445678710938,3489100.0
2022-08-04,84.23343361183093,84.5657710206185,83.51487568715027,83.7214584350586,3390400.0
2022-08-05,83.43404142866407,83.87415879688811,83.11967187993262,83.78433990478516,3333000.0
2022-08-08,84.11666112907189,84.78132902580158,83.96396835665604,84.05378723144531,3649700.0
2022-08-09,84.02686070971285,84.40410417832906,83.45201156151414,83.62266540527344,2945000.0
2022-08-10,84.43104743155055,84.75440092738012,84.10769393572097,84.583740234375,4369500.0
2022-08-11,85.09571910890276,85.30230873838396,84.296319280147,84.46697998046875,5907500.0
2022-08-12,84.47595145293023,85.18552542764631,84.34121970166129,85.16756439208984,8837500.0
2022-08-15,84.93403152744476,85.76936017887994,84.52085917389233,85.50888061523438,3541500.0
2022-08-16,84.97894224206503,85.8322319077875,84.97894224206503,85.60768127441406,3664500.0
2022-08-17,84.9250671982646,85.56279028671906,84.68254863409267,85.24842071533203,3505400.0
2022-08-18,85.32923313448362,85.63461867954403,84.55677847578376,85.5447998046875,3552300.0
2022-08-19,85.68852126800921,85.86815902984235,84.673548040702,85.32923889160156,4761700.0
2022-08-22,84.78133638090378,85.30229549371398,83.43403258395828,83.6136703491211,6859300.0
2022-08-23,83.6226561465954,83.68553005107005,80.23643554376056,81.03583526611328,8490600.0
2022-08-24,80.36216607303922,80.8022833097267,79.41905085596875,80.1915054321289,6853300.0
2022-08-25,80.83822321717345,82.79630489809907,80.41606695504518,82.7603759765625,6650300.0
2022-08-26,83.10169054657628,83.46995685318913,80.28133530378825,80.32624816894531,5407500.0
2022-08-29,80.02085412982615,80.37115939487612,79.6436107400689,79.85918426513672,4585100.0
2022-08-30,79.94002613843683,79.97595506240107,78.26936886417826,78.36817169189453,5442700.0
2022-08-31,79.30231579258646,80.09273168751808,78.79932448242475,78.96997833251953,6743000.0
2022-09-01,78.79930257679797,79.57175036577894,77.6226527279945,79.51786041259766,4861000.0
2022-09-02,80.23642539471881,80.23642539471881,78.03582531097484,78.32324981689453,4507200.0
2022-09-06,78.32325128252432,78.60169870325191,77.13762431682686,77.425048828125,5778100.0
2022-09-07,77.21846613163571,78.44899910889444,76.94002556353907,78.24241638183594,11559800.0
2022-09-08,77.96398616528428,79.49991174451473,77.64960978218686,78.94302368164062,7034500.0
2022-09-09,79.21247062799064,80.89210470434885,78.90707825327254,80.595703125,6756500.0
2022-09-12,81.26936755607348,82.98493081706279,81.06277795991676,82.68852233886719,6874400.0
2022-09-13,81.26038788444247,82.41008608156677,81.06278222192263,81.12565612792969,6810700.0
2022-09-14,80.82924671302227,81.89810995570326,80.65859288594321,81.3951187133789,7183000.0
2022-09-15,81.58374042925054,82.54481689740129,81.31427691929579,81.3951187133789,5963000.0
2022-09-16,80.83822403588124,81.39511204622634,80.30828785651732,81.06277465820312,14640700.0
2022-09-19,80.27235594037322,80.79330815664466,78.87115544948688,80.55079650878906,5065500.0
2022-09-20,79.88614209782828,79.95799309833883,78.6825470404443,79.45500183105469,5598600.0
2022-09-21,79.74242833655923,80.11967179622481,76.9759625935272,77.00291442871094,5353800.0
2022-09-22,76.59547735297113,76.885199927675,75.33699427152014,75.65387725830078,6309500.0
2022-09-23,75.1921265303194,75.25550311932479,73.89742743418377,74.83902740478516,5960800.0
2022-09-26,74.44066353513279,74.77565114908653,73.0554273073556,73.63487243652344,7099800.0
2022-09-27,74.29580111324826,74.59457946002483,72.78381164809069,73.23650360107422,5223000.0
2022-09-28,73.7073112163389,75.07443601726948,73.1640753163986,74.7756576538086,6099900.0
2022-09-29,74.56743481595795,75.27363330673889,73.72542732905781,74.48594665527344,5311200.0
2022-09-30,74.78469984479041,75.64481859179013,73.055420393822,73.1097412109375,5972900.0
2022-10-03,73.78879376592647,75.36415994412086,73.52623158497215,74.87525177001953,5871400.0
2022-10-04,75.73536887093167,76.8308826225683,75.49091133598193,76.50494384765625,4872400.0
2022-10-05,75.77157658188854,77.29262172548674,75.67198380583213,77.00289916992188,3890900.0
2022-10-06,76.73128107405826,77.00289899131495,75.8983295921826,76.43250274658203,5471400.0
2022-10-07,75.97076151749165,76.08845893027112,74.25053083574045,74.62173461914062,4267900.0
2022-10-10,75.04728228372007,75.20119591222165,73.84311985655168,74.09662628173828,3380600.0
2022-10-11,74.26863703807865,75.03821193868626,73.33609276613394,74.14188385009766,5410400.0
2022-10-12,73.92459804292639,74.25958567066405,72.70233113915499,72.71138000488281,6152500.0
2022-10-13,72.43071230585704,76.24237771204905,71.92369953012596,75.59955596923828,6324000.0
2022-10-14,76.15185747485944,76.6860307801466,73.64393964070791,73.88839721679688,5500100.0
2022-10-17,74.96578924377356,75.67198757643085,74.54930657358655,74.92957305908203,9022200.0
2022-10-18,76.84899015105884,77.07533614728224,75.59956273861704,76.14279174804688,6913800.0
2022-10-19,75.87117611021722,76.20616374355555,74.30485887173089,75.74442291259766,5470100.0
2022-10-20,75.78968858856581,76.0613065328618,74.4225569086635,74.6489028930664,4043000.0
2022-10-21,74.46782353795523,75.62671378993672,73.32703792411624,75.38226318359375,5974500.0
2022-10-24,76.1699495039486,76.4687278663433,75.21024472386655,75.943603515625,6044100.0
2022-10-25,75.6176645364998,76.68601787481568,75.55428793624087,76.50494384765625,5142500.0
2022-10-26,76.85803053282258,78.45150796122186,76.83087012392019,77.29261779785156,3986500.0
2022-10-27,77.45559683803015,77.91733766213271,76.57737333361106,77.47370147705078,5077300.0
2022-10-28,77.45559607937454,78.72312802433636,77.23829896806878,78.60543060302734,5430000.0
2022-10-31,78.45150752747539,79.38405173479622,78.18894539698687,79.07621765136719,6549100.0
2022-11-01,79.18487100656922,79.71905107210657,78.18895014912016,79.4383773803711,6683000.0
2022-11-02,79.20297490643186,80.34375347842148,77.65476258760462,77.663818359375,6015700.0
2022-11-03,76.79466051482942,76.8037162877486,75.61765870644489,76.07035064697266,5151400.0
2022-11-04,76.79465302788451,76.85802961707839,75.2826637517376,76.64073944091797,5672900.0
2022-11-07,77.4374774307684,77.71814420604967,76.88519274503204,77.446533203125,5217600.0
2022-11-08,74.01514188351945,74.40445727920803,72.17721347161694,72.60274505615234,12753700.0
2022-11-09,72.73852875771901,73.77972147460382,71.6973429483642,71.78787994384766,7150100.0
2022-11-10,74.3410838399768,74.42256508770163,73.37232319656684,74.09662628173828,9212300.0
2022-11-11,74.66701251121786,75.73536580630285,74.18716014188438,75.64482879638672,8502200.0
2022-11-14,75.73536575503216,76.67696585409091,74.92957462452122,75.05632781982422,6772100.0
2022-11-15,75.4003617722112,76.28764093568236,74.6851077411803,75.5090103149414,6765800.0
2022-11-16,74.39539654658863,75.39131749713586,73.90648839104043,74.04229736328125,8289500.0
2022-11-17,73.60772668010463,73.60772668010463,71.86033517182318,72.37640380859375,8953000.0
2022-11-18,72.17719613072715,73.9064755606222,71.98706636560969,73.60770416259766,9028200.0
2022-11-21,73.79783766988058,75.54522873222082,73.68918912393404,74.50403594970703,8304200.0
2022-11-22,70.61993328856664,70.87343963619261,69.3523946429069,70.55655670166016,17129900.0
2022-11-23,70.17630940065239,71.733570844426,69.96806806025103,71.5434341430664,9873800.0
2022-11-25,71.81505382229479,72.17720877968907,71.29898525295559,71.63397979736328,4879800.0
2022-11-28,71.07263453435087,71.61586348049579,68.66431009948292,68.92687225341797,11012800.0
2022-11-29,69.17134965447327,69.85944353475334,68.65528097114644,69.24378204345703,8177300.0
2022-11-30,69.59686486446257,71.5887067382532,68.85445032159177,71.5615463256836,10610600.0
2022-12-01,71.80599165854134,72.57557346484086,71.45289250607647,71.75167083740234,7876700.0
2022-12-02,71.16318199043867,72.1591030225346,71.11791693433949,72.08667755126953,6339500.0
2022-12-05,71.56154342099798,71.90558681213346,70.93682632712978,71.33519744873047,8515000.0
2022-12-06,70.97303791209578,71.29897664364057,69.49726475526218,69.7869873046875,7228400.0
2022-12-07,70.013346782594,70.31212516212902,69.30714836371615,69.63308715820312,6089300.0
2022-12-08,69.26187859641503,70.77386827528727,69.23471818060196,70.42982482910156,5938700.0
2022-12-09,70.41170683535016,71.45289976058619,69.98618218067391,71.15412139892578,6370200.0
2022-12-12,71.61587467945182,72.18627103350111,71.31709629471476,72.16815948486328,5997100.0
2022-12-13,73.11880509972669,73.55338549995287,72.26774203028162,72.55746459960938,11389600.0
2022-12-14,72.19530938033463,73.5081201640047,70.71953612786162,71.33519744873047,9302900.0
2022-12-15,70.33023125886754,71.23561528284496,69.85037883136461,70.36644744873047,9887600.0
2022-12-16,69.84131151031339,70.2396826254119,68.60093311582172,69.46105194091797,17064400.0
2022-12-19,69.45200852917345,69.90470054689003,69.07174889209921,69.8232192993164,9357600.0
2022-12-20,69.8780298495348,70.41695510064902,69.84149148130959,70.06071472167969,8063300.0
2022-12-21,70.64530053733772,71.22077101049152,70.25252883772829,70.48088836669922,6804400.0
2022-12-22,70.04243526818743,70.52655635639006,69.22947589951136,70.46261596679688,7458600.0
2022-12-23,70.28906434911093,71.01981767223727,69.84148159741063,70.79145812988281,3856600.0
2022-12-27,70.80058996597172,71.15683027189957,69.87801552214283,70.9193344116211,5336000.0
2022-12-28,71.29384438656881,71.59527365424005,69.64051673550202,69.69532775878906,6053000.0
2022-12-29,69.94195419941414,71.45826477233898,69.66791998510882,71.07461547851562,4931600.0
2022-12-30,70.84624770072038,71.16595656981491,70.20684390048883,70.99240112304688,4991300.0
2023-01-03,71.22075889346536,71.54959711675554,70.68182687291478,71.48565673828125,6544500.0
2023-01-04,72.28948909940858,74.70096507328127,71.97892349729413,73.9610824584961,9769500.0
2023-01-05,73.87886847422392,74.13463698735623,73.0750454827463,73.10244750976562,7048100.0
2023-01-06,73.5226515192482,74.19860092215805,72.48133234814898,73.86062622070312,5994400.0
2023-01-09,73.7601071027655,74.22596236209675,70.76403204074845,70.82797241210938,11108700.0
2023-01-10,71.12942297077403,72.5361183943302,71.01980789669902,72.06112670898438,6494500.0
2023-01-11,72.58179794357015,73.47697043861835,71.37605980816629,73.36735534667969,8366300.0
2023-01-12,73.60485466506002,73.696197094784,72.06114181749635,72.93804168701172,5738000.0
2023-01-13,72.31689505332774,73.70532491305312,72.07940615727935,73.61397552490234,6024000.0
2023-01-17,73.60483868789022,73.94280630140544,72.50870886219394,73.39474487304688,8383000.0
2023-01-18,73.32167421715431,73.43128929947676,71.85104526762846,71.91498565673828,5792200.0
2023-01-19,71.5952928140848,73.1298694661855,71.12944428984412,72.63661193847656,7831400.0
2023-01-20,73.12073073703053,73.97935790658696,72.47218348197796,73.90628814697266,6806400.0
2023-01-23,74.00675917784466,75.76969516545722,73.76013393259475,75.23990631103516,9491500.0
2023-01-24,74.65529910478809,75.22162626759267,73.53176717354927,73.80580139160156,7180300.0
2023-01-25,73.39475963138409,74.31733418550427,73.17553640975473,74.17118072509766,4200600.0
2023-01-26,74.66443302972209,74.79231381423139,74.0067564413999,74.75577545166016,4162700.0
2023-01-27,75.06635548480924,75.97065739883885,73.81494257645939,75.43173217773438,4858500.0
2023-01-30,75.59615134110165,75.79710887065951,75.10289385099983,75.43173217773438,6559100.0
2023-01-31,75.5869989341274,76.46389862929111,75.43171613757303,76.44563293457031,7396100.0
2023-02-01,76.72879871945007,78.63788096152622,76.36342209365678,78.3455810546875,8395800.0
2023-02-02,78.37299779790892,80.24554186560181,78.29078473871371,79.99891662597656,6940400.0
2023-02-03,79.19507869670825,79.96237030727669,79.01239386841931,79.56045532226562,4949900.0
2023-02-06,79.31383572713365,79.37777611846337,77.8431997575702,77.86146545410156,4731300.0
2023-02-07,78.0989497554417,79.40516638683572,77.73357315811167,79.08546447753906,5129500.0
2023-02-08,79.01239360377659,79.4782489740264,78.55567456560446,78.70182800292969,5454500.0
2023-02-09,78.61048696002062,79.02153831937228,76.18074504303917,76.37256622314453,6188000.0
2023-02-10,76.25381177959505,76.68312181083722,75.63267362439834,76.44563293457031,4544000.0
2023-02-13,76.43649704591735,77.10330989525136,76.32688197001909,77.08503723144531,4279500.0
2023-02-14,76.8201442507941,77.18552089141332,75.71488496543132,76.18074035644531,4527700.0
2023-02-15,75.66920221628448,77.1855126742857,75.36777296616991,77.17637634277344,4584800.0
2023-02-16,76.51870511038494,77.76098146019602,76.43649902806398,76.91148376464844,4784800.0
2023-02-17,76.91149569921458,77.57830866931151,76.16247663404053,77.45956420898438,6825100.0
2023-02-21,76.93889387872673,79.0946013734415,76.93889387872673,78.0898208618164,8135900.0
2023-02-22,78.75663473205029,78.95759223070735,77.3956139033907,77.73358154296875,6083600.0
2023-02-23,77.4686845048353,77.72444606266464,76.20814241168506,76.71966552734375,6695000.0
2023-02-24,76.13506630257551,76.4273662237304,75.221628177844,76.26294708251953,7401500.0
2023-02-27,76.39083117933123,76.84755026152759,76.04372718569483,76.1716079711914,6379400.0
2023-02-28,76.1076675794321,76.44564220909466,75.60527380141752,75.63268280029297,6657400.0
2023-03-01,75.26729837782416,75.38604281811686,74.60048552023122,74.9749984741211,5249100.0
2023-03-02,74.43606832073121,75.4134468024468,74.17117043722219,75.13941955566406,4985100.0
2023-03-03,75.62353105694721,76.39081561358115,75.30382915834974,76.18986511230469,4771600.0
2023-03-06,76.26295890187383,76.5735315362851,74.39954400234897,74.83799743652344,6845500.0
2023-03-07,74.98414100927592,75.038952042022,72.6274756706139,72.83756256103516,6876300.0
2023-03-08,72.64572308138331,72.79187650660668,71.28470241164037,71.61354064941406,6810100.0
2023-03-09,71.96978585167716,72.46304324219146,71.2299032503954,71.2481689453125,5634400.0
2023-03-10,71.12943481108425,71.34865802674727,69.55831999937509,70.0789794921875,5901600.0
2023-03-13,69.62225121104008,71.70488890758679,69.43955941460123,71.22990417480469,7576000.0
2023-03-14,72.1798695170782,72.45390371159249,70.36212980247201,71.12028503417969,6808200.0
2023-03-15,70.4534741090836,71.66834838505919,70.1520448497719,71.6226806640625,5367900.0
2023-03-16,70.93760474305938,72.52698505330102,70.85539169186818,72.40823364257812,5774300.0
2023-03-17,72.22554975049056,72.64573043708458,71.13855618951021,71.51306915283203,8838600.0
2023-03-20,71.93325367559328,72.86495751399264,71.71403047284872,72.71881103515625,7224100.0
2023-03-21,73.0385001131468,74.36298936677846,73.02936378202416,74.19857025146484,5829900.0
2023-03-22,74.3995350108362,74.88366308740889,73.001975747339,73.02024841308594,5537800.0
2023-03-23,73.2413558526859,73.52694882755922,71.21455384814466,71.46329498291016,6712400.0
2023-03-24,71.30666958477778,73.26898234151818,71.21454351226406,73.12158203125,6217000.0
2023-03-27,74.16262005710742,74.90885038238906,73.31504894335927,73.37032318115234,5641600.0
2023-03-28,72.67015692695911,73.97837254302996,72.4122010960849,73.25056457519531,5146800.0
2023-03-29,72.4490587199371,73.10316306583351,72.26480654852986,72.84520721435547,7074700.0
2023-03-30,73.42559296875723,73.5637855836331,72.73463692314621,72.946533203125,4142000.0
2023-03-31,73.37954794321364,74.28239341836071,73.00182185653085,74.27318572998047,5561400.0
2023-04-03,74.02443164700189,74.02443164700189,72.82677857778447,73.39796447753906,6071900.0
2023-04-04,73.56378118597867,74.02441852218237,73.14921039490251,73.21369934082031,4508900.0
2023-04-05,73.45325471280032,74.12578148887651,72.8452098731774,73.95073699951172,4518700.0
2023-04-06,74.485059917284,74.92727487679498,73.77568147353219,73.97836303710938,4313000.0
2023-04-10,73.63750273450894,73.93231042014251,72.97418368464096,73.923095703125,3648200.0
2023-04-11,74.39294179280598,74.72460129065439,74.17183780383007,74.62326049804688,4421700.0
2023-04-12,75.24050082123208,75.58137498043646,74.41135221017271,74.44820404052734,4298300.0
2023-04-13,74.30080799054141,75.16680145263672,74.2086819237783,75.16680145263672,5224500.0
2023-04-14,75.20365784257137,75.36027989720543,74.02442724749598,74.35608673095703,4312400.0
2023-04-17,74.58640065128476,75.70114222147673,74.4482080372281,75.65508270263672,5048900.0
2023-04-18,76.20785546698993,76.23549258743365,75.17602512155234,75.22209167480469,4157400.0
2023-04-19,75.40634466454175,78.61238421809979,75.22209250703224,78.1885986328125,8988800.0
2023-04-20,77.97671156059553,78.28073398238405,76.52109544606573,76.91724395751953,5798600.0
2023-04-21,77.59898372086742,81.19195001344042,77.01857606686,78.98089599609375,12750100.0
2023-04-24,81.320934653389,82.71206176018403,81.06297879862328,82.629150390625,14462000.0
2023-04-25,82.54623199229609,83.83601829489459,82.38961694172687,82.629150390625,8189900.0
2023-04-26,82.74889996839667,83.1726855212347,81.72628440635127,82.88709259033203,8977700.0
2023-04-27,82.84103570706505,84.27822930262693,82.76733202959633,84.18609619140625,6385900.0
2023-04-28,84.15845886745475,84.62831102422766,83.53199166801409,83.78994750976562,7281700.0
2023-05-01,83.67939899755153,84.26901435816987,83.45828796574251,83.54120635986328,5502300.0
2023-05-02,83.09898854080262,83.83601123126653,82.38960999996578,83.12663269042969,5135000.0
2023-05-03,83.33851873941695,84.77570519847171,83.23717794768679,83.5504150390625,6964300.0
2023-05-04,82.91472110831424,83.04369900107018,81.79076487535421,82.2421875,4780900.0
2023-05-05,82.58306751500972,83.15426038682034,82.49094144633536,82.97000122070312,4332700.0
2023-05-08,82.51857461160296,83.20953063671811,82.22376698870454,83.08976745605469,3287600.0
2023-05-09,83.08979000642921,83.08979000642921,82.2790635518532,82.54623413085938,3245400.0
2023-05-10,83.07134141329364,83.28323769562732,81.99345165706585,82.37117767333984,3599300.0
2023-05-11,82.26984181345037,82.38039029018088,81.56967100282536,82.01187896728516,3995700.0
2023-05-12,81.60651061474684,81.96580716784233,80.95240645324562,81.88288879394531,4450100.0
2023-05-15,82.09480058007014,82.83182325482788,81.9289708296881,82.279052734375,4053200.0
2023-05-16,81.84604015012707,82.37117347145721,81.82761774897054,81.90132141113281,3888900.0
2023-05-17,82.03031483032508,82.07637435631752,80.878721248973,81.60652923583984,6632000.0
2023-05-18,81.40384125896072,82.22377526230008,81.173522560747,82.01187896728516,4536100.0
2023-05-19,82.16849981536686,82.7949669464446,81.993455358093,82.29747772216797,6819500.0
2023-05-22,82.10400444529196,82.83181230751434,82.01187135154699,82.45408630371094,4699200.0
2023-05-23,81.96582504888951,82.1777143296224,80.23382382149367,80.27067565917969,5459700.0
2023-05-24,80.279880684587,81.0261109785298,79.8376727432759,80.60232543945312,6787500.0
2023-05-25,78.55709639586915,78.67686661415338,75.83012392530661,76.96329498291016,12202000.0
2023-05-26,76.25391831315056,76.9264520645773,74.64168728185703,75.04705047607422,9655500.0
2023-05-30,75.88540953312379,76.78825492155738,75.55375003527539,76.00517272949219,8654900.0
2023-05-31,76.09729024222594,76.42894970275104,75.3879118025723,76.24469757080078,8238800.0
2023-06-01,76.31840024891329,76.69612628671698,75.94989595583603,76.23548889160156,6588200.0
2023-06-02,76.60399930038339,77.41471857576656,76.38289532141867,77.16597747802734,6062300.0
2023-06-05,77.23046988732884,77.85693704640265,76.89881038965629,77.13834381103516,3596100.0
2023-06-06,76.96329570887876,77.40550366569866,76.67770277723389,77.01856994628906,5046800.0
2023-06-07,77.19362020284089,77.19362020284089,75.75643369204411,76.36447143554688,5381800.0
2023-06-08,76.0328112456295,76.88959712600862,75.78407013206036,76.55793762207031,5700800.0
2023-06-09,76.59478801199495,77.25810700734004,76.10651348174622,77.13834381103516,3302200.0
2023-06-12,77.23966406134973,77.80164216582013,76.67769298564717,77.64502716064453,4428900.0
2023-06-13,78.46498744421076,79.27571391556467,78.21624629517187,78.99932861328125,8454300.0
2023-06-14,81.56045896319009,82.7949708810851,80.7589543655176,80.98927307128906,8387900.0
2023-06-15,81.02612022672207,81.58809844738997,80.42729719737993,81.30250549316406,5552900.0
2023-06-16,81.33013364139627,82.65677152792706,81.33013364139627,82.13164520263672,9108400.0
2023-06-20,81.55125346361073,82.34355046330943,81.21960095628489,81.93819427490234,5066300.0
2023-06-21,81.8921154846597,82.09479706297327,81.09060388735662,81.36698913574219,5587900.0
2023-06-22,81.71983568527702,81.9519679250842,80.98629695739263,81.1627197265625,5162000.0
2023-06-23,81.00487010156023,81.51556389860359,80.79131239306156,81.22772216796875,5496500.0
2023-06-26,81.10700429224438,81.35771108180319,80.11347857550932,80.78202056884766,4171200.0
2023-06-27,80.67058839555838,80.99557917830765,79.90919497984846,80.92129516601562,4998900.0
2023-06-28,80.92131350658622,81.19058779909001,80.04849387461634,80.18777465820312,4952400.0
2023-06-29,79.79778486776375,80.7727360714597,79.68635883700674,80.5684585571289,3842200.0
2023-06-30,81.43198513979594,82.42551082144374,81.31127892797254,81.80339813232422,5484500.0
2023-07-03,81.29271045360176,81.3484199223473,80.21561349709762,80.9120101928711,2584100.0
2023-07-05,80.5498898888789,81.11629313955287,80.43846385978902,80.66131591796875,3464000.0
2023-07-06,80.11348542894143,80.22491146540122,79.32423715199938,79.91849517822266,3909900.0
2023-07-07,79.57492763662336,80.47560184541597,79.50993089393283,79.75135040283203,5094700.0
2023-07-10,79.99277732865689,80.62417735224255,79.92778057993988,80.27133178710938,3234800.0
2023-07-11,80.15062575438034,81.08844206019975,79.96492278163649,81.05130004882812,2888200.0
2023-07-12,81.53412425975755,81.71983429892104,81.03271778018659,81.311279296875,3847400.0
2023-07-13,81.2462871147719,82.02624807069898,80.85630663680837,81.7569808959961,4492600.0
2023-07-14,81.68270335963119,81.86840633984501,80.98630655765746,81.38557434082031,4394400.0
2023-07-17,81.30198924704297,81.57126348154782,80.49417362764183,80.51274108886719,4465200.0
2023-07-18,79.9741890523635,80.438453487535,78.08927657902527,80.41059875488281,5697000.0
2023-07-19,80.178470097108,80.79130257911758,79.82563166099284,79.96491241455078,4796800.0
2023-07-20,81.01414859926106,83.09405140496253,80.90272257812735,82.96405792236328,5982100.0
2023-07-21,83.2890381018818,83.54903214018401,82.56478670546576,82.6019287109375,4673800.0
2023-07-24,82.72263840893004,83.15904813651069,82.40694197525845,82.41622924804688,3930200.0
2023-07-25,82.12837699631424,82.8062061989755,81.77553857050246,82.6019287109375,3116200.0
2023-07-26,82.23052877691201,84.06901937660953,82.1841065757976,83.93902587890625,5472600.0
2023-07-27,84.4961323340904,84.4961323340904,82.16552274440053,82.18409729003906,4654800.0
2023-07-28,82.59264779437687,82.88049658790571,81.89625107744583,81.94268035888672,3446300.0
2023-07-31,82.30480432950603,82.30480432950603,81.14414315937636,81.48770141601562,5786800.0
2023-08-01,81.06057557075934,81.55269475288735,80.96771701373547,81.41341400146484,3514200.0
2023-08-02,80.85630071174945,81.09771313235223,79.16637834696236,79.35208129882812,5507200.0
2023-08-03,78.92496013056568,79.2128018358902,78.39569891658408,78.45140838623047,4413900.0
2023-08-04,78.09857371109725,78.9249639433039,77.70859323650592,78.03357696533203,5346600.0
2023-08-07,78.34925928599723,78.73924677434617,78.21926581791848,78.66496276855469,3361600.0
2023-08-08,77.8757275241454,78.06143048511977,75.72154058991886,76.36222076416016,8227600.0
2023-08-09,76.39006443725711,77.69000622816468,76.26935823851555,77.0121841430664,4535800.0
2023-08-10,77.43931589114766,77.87572563135564,77.08647035611293,77.17932891845703,4128700.0
2023-08-11,76.93790438753364,77.7178652547127,76.83576564291069,77.48573303222656,3596200.0
2023-08-14,77.42073157432255,77.68072559831491,77.10503517135818,77.21646118164062,3296000.0
2023-08-15,77.04004770831669,77.36503142227859,76.70577672135198,76.9193344116211,3842400.0
2023-08-16,76.58506168900435,77.00289683253426,75.73080977396518,75.74009704589844,4222200.0
2023-08-17,76.4086489598821,76.46435843055941,75.59154602545516,75.73081970214844,4848300.0
2023-08-18,75.56368631828028,76.02795081120583,75.48012210992839,75.69367980957031,5205700.0
2023-08-21,75.88867822745925,76.40865220013471,75.42441372782356,75.77725219726562,4722000.0
2023-08-22,76.70576736643318,78.72067323137573,76.60362862819989,77.73643493652344,10015700.0
2023-08-23,78.61853662890438,78.86924338741966,77.35573681654448,77.69929504394531,5268300.0
2023-08-24,76.89148147812438,77.42074270586565,75.2108463150381,75.26655578613281,6765100.0
2023-08-25,75.69366855707938,76.5943426729205,75.42440142523165,76.31578826904297,4441400.0
2023-08-28,76.87291718265993,77.35574914830384,75.24799142372781,75.5729751586914,4308500.0
2023-08-29,75.85154304764691,76.23223628788938,75.47084272328973,76.21366882324219,3757900.0
2023-08-30,76.48293976530276,76.76149422752692,76.03724270798394,76.4272232055664,3881200.0
2023-08-31,76.51077962629826,76.80790857869869,75.67510223388672,75.67510223388672,4423200.0
2023-09-01,76.24151096859559,76.45506865527875,75.69367521644708,76.26007843017578,4238700.0
2023-09-05,76.02793867940659,76.15793214995352,74.44015521705796,74.46800994873047,5612100.0
2023-09-06,73.94804835857173,75.30369983684241,73.27950635085159,74.94157409667969,6795400.0
2023-09-07,75.1179898453039,75.39654426638774,74.09660946643646,74.21731567382812,4276600.0
2023-09-08,73.88304488606747,74.36587680095535,73.74376413312044,74.24517059326172,4208600.0
2023-09-11,74.58873440997857,75.7029663485445,74.38445690161491,75.58226013183594,4763700.0
2023-09-12,75.74939194313608,75.92580762294989,75.01585323704919,75.19227600097656,3328600.0
2023-09-13,75.44297597519414,75.58225673227876,74.83014347766728,75.50797271728516,3520900.0
2023-09-14,75.91653092549653,76.49221435575373,75.86081436983876,76.10223388671875,5924200.0
2023-09-15,76.13936889966809,76.50149459965697,75.74010119402482,75.9258041381836,9072500.0
2023-09-18,76.37150837731446,77.66216308893753,76.24151488723112,76.8822021484375,5829600.0
2023-09-19,76.91932492111562,77.05860566251837,75.93508662766499,76.72433471679688,4655500.0
2023-09-20,77.06789299409434,77.1607444603972,75.47082227087915,75.65653228759766,5845100.0
2023-09-21,75.48798160959375,76.01239650953748,75.09467043463594,75.3475112915039,5620800.0
2023-09-22,75.43178547968748,75.63780048599148,75.10401906979662,75.16957092285156,5067900.0
2023-09-25,74.91674162178582,75.16022303254944,74.4578785798452,74.8886489868164,3799700.0
2023-09-26,73.90535615947496,74.43913760187434,73.62442269456905,73.9334487915039,5167000.0
2023-09-27,74.02709492323717,74.12073940458014,72.5193951963829,73.24983215332031,7418600.0
2023-09-28,73.36220550953121,74.08328304744494,73.31538683935754,73.68997192382812,5354100.0
2023-09-29,74.14883184538436,75.20702805663088,72.89397293581852,73.38093566894531,6308800.0
2023-10-02,72.9501744465683,72.99699312065675,72.21037080764894,72.82843017578125,4517100.0
2023-10-03,72.3695677920883,72.47257887844641,71.17090112677604,71.67658996582031,5741000.0
2023-10-04,72.0324287572174,72.14480641581868,71.00232522619359,71.4237289428711,7115500.0
2023-10-05,71.5267524686733,71.901337584639,70.7026709292422,71.31137084960938,7235900.0
2023-10-06,70.79630903931329,71.6484902799208,70.18760917382453,71.28327178955078,6762000.0
2023-10-09,70.85249998613466,71.04915554269708,69.62573368860329,70.35617065429688,7825500.0
2023-10-10,70.12206246006346,71.69531420490223,70.11270301216932,71.33946228027344,6319500.0
2023-10-11,70.88060317149241,71.06789216431332,67.80901796367982,68.25851440429688,8881200.0
2023-10-12,68.54881881327182,68.74548155614913,66.44178536026611,66.76018524169922,10503300.0
2023-10-13,66.7320851719205,67.72472964626219,66.46051114420845,67.38760375976562,8168800.0
2023-10-16,67.56554127212058,68.1180488407289,66.76955228016098,67.19095611572266,9083700.0
2023-10-17,66.95684194610028,68.58627917618375,66.79764557506255,68.18360137939453,7936400.0
2023-10-18,69.06385895316306,69.24178846928562,67.6404442580306,68.08057403564453,7900700.0
2023-10-19,68.02438924610453,68.23041139364683,67.14411539555684,67.75281524658203,7048400.0
2023-10-20,67.85582585106908,68.55817017940633,67.43442211191312,68.08057403564453,8399300.0
2023-10-23,68.06185723763971,69.09196096346372,67.52807576141892,67.790283203125,7133300.0
2023-10-24,67.85583336383121,68.39898141925532,66.80699647866226,67.38760375976562,13129200.0
2023-10-25,67.19094899514786,67.837108142842,66.44177876174547,66.86318969726562,7462700.0
2023-10-26,66.72271738054502,66.984924810972,65.84244345444016,65.89863586425781,7894000.0
2023-10-27,66.56351528438208,66.88190795251408,64.65313784174207,65.01835632324219,10009100.0
2023-10-30,65.38357755017584,65.70197737629336,64.46584443978384,65.5240478515625,8934700.0
2023-10-31,65.46786063127897,66.44177183064156,65.46786063127897,66.07655334472656,10770200.0
2023-11-01,66.03909603860754,66.5541514283632,65.58959964810836,66.34812927246094,5380300.0
2023-11-02,66.46987526951152,67.56553078764773,66.44177549283252,67.50933837890625,6330200.0
2023-11-03,67.96820370314514,68.35214822182826,67.64980389155369,67.94947052001953,5198300.0
2023-11-06,68.03375900142487,68.85784048529968,67.93074792286346,68.75482940673828,5916500.0
2023-11-07,68.6237281885241,68.94212802780723,67.70600218480104,67.87456512451172,5653400.0
2023-11-08,68.16487355094108,68.32406991780879,66.61971427142797,67.15349578857422,6767100.0
2023-11-09,67.23777270592058,67.29395797104833,65.56150989831515,65.63642120361328,8321000.0
2023-11-10,65.95482713641749,66.32941227597921,64.91535676782692,66.1889419555664,7557500.0
2023-11-13,67.69663267556946,68.3802438527182,67.08793280036261,67.4999771118164,8452100.0
2023-11-14,67.77154695224878,68.67990626856587,67.49997295864708,67.9775619506836,6478100.0
2023-11-15,68.19295566358181,69.5414591386408,68.16486303195414,69.31670379638672,8385800.0
2023-11-16,69.57891420393226,70.37490301248111,69.48526257794866,70.12205505371094,9048600.0
2023-11-17,70.36554891065539,70.59029713475311,69.68193764517811,70.00969696044922,6262600.0
2023-11-20,70.5247481535596,70.8337814397078,69.91605531944757,70.38428497314453,8670100.0
2023-11-21,72.62240917190292,73.81170913618733,72.21036486398567,73.62442016601562,10745300.0
2023-11-22,73.88663444201426,74.29867164357033,73.05318630152213,73.39031219482422,6004700.0
2023-11-24,73.26856064362737,74.01773080867343,73.25920119641104,73.95217895507812,3310900.0
2023-11-27,73.76488925196759,74.27057808562759,73.26856701095409,73.98027801513672,7252900.0
2023-11-28,73.8866370637569,74.02710738171994,73.41840743362488,73.6337890625,4972200.0
2023-11-29,73.74616341396731,74.70134867265014,73.61505969502294,73.84917449951172,4260400.0
2023-11-30,73.9147234577111,74.27057537450423,73.23110511180558,74.23311614990234,6219300.0
2023-12-01,74.06454170118707,74.99164129061676,73.75551564932594,74.90735626220703,5102000.0
2023-12-04,74.50468996149858,75.13212304105534,74.3642268004049,74.69198608398438,6206400.0
2023-12-05,74.49534023495949,74.57025154911267,73.66189202883398,73.81172180175781,4818800.0
2023-12-06,73.84917539522407,74.11138283629312,73.49332346014707,74.01773834228516,5319600.0
2023-12-07,74.17693097336112,74.65452715683148,73.73679401453713,74.49533081054688,5251000.0
2023-12-08,74.54214395301429,74.77625873122389,74.24247732269065,74.30802917480469,6240900.0
2023-12-11,74.28931484622426,74.98229269846462,74.28931484622426,74.65453338623047,5598900.0
2023-12-12,74.9635684364357,75.12276479978325,74.18630551710257,74.99166107177734,5263300.0
2023-12-13,74.65451809022191,76.71472518324848,74.44849595199611,76.69599914550781,6304700.0
2023-12-14,77.5013582879119,79.34618388593466,77.40771380541966,78.1287841796875,9680600.0
2023-12-15,77.80102253341451,77.9976780840039,77.07058558990654,77.36088562011719,12388900.0
2023-12-18,77.68865074035483,78.17561350255995,77.33279883306366,77.78229522705078,6447200.0
2023-12-19,77.59342947376699,78.16945527872018,77.22515162528414,77.4990005493164,5060900.0
2023-12-20,77.25348475943004,77.31958573142181,76.08255016794767,76.12032318115234,7257600.0
2023-12-21,76.36584634963798,77.52733591993392,76.30918322597698,77.39513397216797,7440600.0
2023-12-22,77.66898280387333,78.13168962034811,76.99852801137884,77.35736083984375,3426700.0
2023-12-26,77.39514235764179,77.92395020599993,77.09296541508478,77.7162094116211,2954800.0
2023-12-27,77.50844613418528,77.895606888425,77.4706731232532,77.82950592041016,4041700.0
2023-12-28,77.69731240229265,78.41498527882612,77.6406564819889,78.12225341796875,3297000.0
2023-12-29,77.9333797777439,78.28277472497149,77.56510192731231,77.79173278808594,3847600.0
2024-01-02,77.53678228503965,79.12321288950847,77.40458033503941,78.22611999511719,5425800.0
2024-01-03,78.32055676436106,79.11376847073997,77.56511086874363,78.56607055664062,6182600.0
2024-01-04,78.5188610713971,79.52926583198139,78.35833115720756,79.25541687011719,5622000.0
2024-01-05,79.04766233589997,80.27526003503856,78.86824232639643,79.8597640991211,5107600.0
2024-01-08,80.07695300641478,81.89001429903286,79.61423902720615,81.74836730957031,7867100.0
2024-01-09,81.61617336168176,83.13650297481261,81.49341646784814,81.83336639404297,7223200.0
2024-01-10,81.68227493155185,82.65490664796445,81.55007298200834,82.22997283935547,4980800.0
2024-01-11,82.23941040039062,82.41883041891101,81.55007269511968,82.23941040039062,5099500.0
2024-01-12,82.72100033999723,83.78806810168156,82.3999405492193,82.551025390625,5969000.0
2024-01-16,82.11664517467207,82.32439313199352,81.44619044252163,81.72003936767578,5398300.0
2024-01-17,81.39897163187,81.98444248764062,80.89849185079976,81.25733184814453,6956000.0
2024-01-18,82.01277843140444,82.2866273807183,81.28566772109686,81.48397064208984,7203600.0
2024-01-19,81.45563523892866,81.88056900158679,80.94571040105983,81.67282104492188,4819300.0
2024-01-22,81.76725012132825,82.5038130248169,81.47451829337408,81.65393829345703,6015700.0
2024-01-23,82.02221563869486,82.4943674638292,80.841836075859,81.53117370605469,5060300.0
2024-01-24,81.38009398960563,81.51229593260554,79.95419337071736,80.00141143798828,6035200.0
2024-01-25,80.51133052524426,81.049583312946,79.88808666345014,81.01181030273438,5557800.0
2024-01-26,81.38953452851221,81.7766952816852,80.86071958138533,81.72003936767578,6784400.0
2024-01-29,81.49341015672422,82.60768878307697,81.33287305633941,82.56991577148438,7144700.0
2024-01-30,82.58879778261297,82.68322670834141,81.69171218149498,82.12609100341797,5760100.0
2024-01-31,83.37257254567734,84.21300224224136,82.64545467954828,82.66434478759766,10357900.0
2024-02-01,82.49437810122882,83.60865684040733,81.87113415354283,83.1837158203125,4320000.0
2024-02-02,82.58879871727966,83.23092550575136,82.21107580562594,82.74932861328125,5051900.0
2024-02-05,82.70212406041074,82.89098192841051,81.90890516498682,81.91835021972656,4083400.0
2024-02-06,82.22996613769315,82.94763174687859,82.03166322953939,82.85320281982422,4667100.0
2024-02-07,83.14594116597421,83.33479901850767,82.19219244041014,82.30551147460938,4740100.0
2024-02-08,81.72949141224258,81.9277943327026,80.63409561793114,81.38009643554688,5938100.0
2024-02-09,81.2856576106042,81.3612036295285,79.75588314747914,80.25636291503906,8843400.0
2024-02-12,79.91642086873127,80.57743779242253,79.68034493979845,80.33191680908203,5892300.0
2024-02-13,79.85976992912448,80.26582084037798,78.49997018828188,78.9343490600586,7579400.0
2024-02-14,79.00988783161358,79.65201462751618,78.60383695766832,79.01933288574219,4934500.0
2024-02-15,79.16098171271788,80.2752603783354,79.09488074121793,80.00141143798828,4867900.0
2024-02-16,79.7842177311875,80.96459735819126,79.42538491818594,79.7181167602539,10848600.0
2024-02-20,82.11665153304472,82.36217252020509,77.99004163748873,81.06847381591797,11771400.0
2024-02-21,81.7105932117477,81.7105932117477,80.1147177469991,81.11568450927734,6877000.0
2024-02-22,80.99291869807291,81.08735482408864,79.77477336247716,80.32246398925781,9824900.0
2024-02-23,80.57743872623035,81.16290242591067,80.1336148219787,80.89849853515625,4707700.0
2024-02-26,80.79462108587396,80.79462108587396,78.83047489397089,79.0098876953125,5974100.0
2024-02-27,78.81158497762232,79.49148478605633,78.50940808548113,79.17041778564453,4546200.0
2024-02-28,78.97211428055195,79.16097933950799,78.59439857157055,78.71715545654297,4755300.0
2024-02-29,78.8776853533066,79.10431621958851,78.1789026463326,78.71715545654297,8893100.0
2024-03-01,78.7738040566562,79.17985489012204,78.04669345947836,78.94377899169922,4266600.0
2024-03-04,78.94378156211428,80.36968205226566,78.60383168095946,80.32246398925781,5553000.0
2024-03-05,80.68131089992403,81.05902661853557,79.60480525205696,79.88809204101562,5073700.0
2024-03-06,80.0108504429578,81.0212550477581,79.88808635912144,80.7851791381836,6048400.0
2024-03-07,81.21011208803398,81.61616293665274,79.96363158602415,80.40745544433594,6177600.0
2024-03-08,80.71908475681087,81.46507835199588,80.19026977718659,80.3885726928711,6561200.0
2024-03-11,79.8314226463768,80.86071005341262,79.8314226463768,80.73795318603516,5539000.0
2024-03-12,80.40745629118682,81.29509681269408,80.17138038146781,80.96459197998047,4562200.0
2024-03-13,81.21956474480727,81.540624550556,80.06751305695013,80.34136199951172,5908200.0
2024-03-14,79.81255334713262,79.9919733730806,79.312073489979,79.6897964477539,7836100.0
2024-03-15,78.79269417621155,79.33094693652706,78.20722335441774,78.91545104980469,17082100.0
2024-03-18,79.13265971663294,79.37817351243716,78.69827363751388,79.00045776367188,4783800.0
2024-03-19,79.02877869786373,79.46315753389568,78.66050083243522,79.42538452148438,4903000.0
2024-03-20,79.08544211405763,79.49149303040397,78.8871391834419,79.35929107666016,4191700.0
2024-03-21,79.568755573029,79.96864466921143,79.11173427445829,79.41641998291016,6233800.0
2024-03-22,79.69252134394846,79.84486418412378,78.9593914018974,79.10221099853516,5181300.0
2024-03-25,78.84514240347221,79.40689760442238,78.75945499511603,79.25455474853516,5481300.0
2024-03-26,79.50209885836179,79.85438622287232,79.07364733901913,79.69252014160156,4806700.0
2024-03-27,80.15907535832575,82.86309571543148,80.07338068452906,82.75836181640625,8220100.0
2024-03-28,82.92973174598728,83.52957258233157,82.7678729308906,82.97734069824219,7579500.0
2024-04-01,82.68217934077808,83.00590423927143,82.29181353083452,82.85356140136719,4727300.0
2024-04-02,82.70122896562926,82.74883792030741,80.88267440570132,81.1207046508789,6007200.0
2024-04-03,81.37778828330065,81.62534179322435,80.67322073178708,80.93029022216797,5887400.0
2024-04-04,81.25400287820946,81.31113507796024,79.74013397078902,79.90199279785156,6797100.0
2024-04-05,79.44497409864063,80.6256020383236,79.1212491995028,80.51134490966797,4935800.0
2024-04-08,80.22571525485903,80.31140265569626,78.53094108441707,78.94035339355469,8725300.0
2024-04-09,79.38784627448054,79.81630508245647,79.02604290997114,79.7877426147461,5679600.0
2024-04-10,78.88321459776392,79.30215011554587,77.91205448230372,78.38811492919922,6509400.0
2024-04-11,78.94986954017443,79.08316589560764,78.18817711828565,78.23577880859375,5241200.0
2024-04-12,77.82636471837975,77.87397367170541,75.7507407488324,76.29344940185547,6562700.0
2024-04-15,77.08371614482321,77.59786236222895,76.04590773006284,76.388671875,7500200.0
2024-04-16,76.49338222961661,76.63620180364079,75.01759933564762,75.45557403564453,7674500.0
2024-04-17,75.60792570688997,76.02685397189234,75.16994369149137,75.2937240600586,5640100.0
2024-04-18,75.45558532069468,75.50319427385817,74.67484643191547,75.3984603881836,6065600.0
2024-04-19,75.72218512858157,75.82691902408196,75.30324954657996,75.6745834350586,6756900.0
2024-04-22,76.04590530445653,77.02658875181585,75.59840728150074,76.71238708496094,4962600.0
2024-04-23,77.08371702072473,77.44552039377764,76.75999936022058,77.39791870117188,5296200.0
2024-04-24,76.90279780254377,76.95992999309416,76.17919118722438,76.5314712524414,5028900.0
2024-04-25,76.20775034567356,76.5029054716463,75.00807609361793,75.45557403564453,5624100.0
2024-04-26,75.59840151880103,76.026853021593,75.16994275190301,75.922119140625,5024900.0
2024-04-29,75.80788204158517,77.23606364344099,75.71266412350897,76.98851013183594,6029700.0
2024-04-30,76.1887179512221,76.8171212874972,75.9411717255137,76.39818572998047,6487200.0
2024-05-01,76.1601490599427,77.81684466268777,76.1601490599427,77.01705932617188,5366100.0
2024-05-02,77.54073840836439,77.816854376623,76.2934549291125,77.0456314086914,6338700.0
2024-05-03,77.18845278413112,77.9977542191041,77.13132784597755,77.77877044677734,4987200.0
2024-05-06,78.5690122209368,78.60709792802318,77.3693451361924,77.84540557861328,3676100.0
2024-05-07,78.24530671601416,78.34051736641185,77.75972295564682,77.97871398925781,4939700.0
2024-05-08,77.57882148676983,78.09296042912403,77.47408759670705,77.64546966552734,4175600.0
2024-05-09,77.7501920174384,78.81656271930902,77.66449736369202,78.79752349853516,5545600.0
2024-05-10,79.0260534993356,79.08317844241103,78.3405251259998,78.87371063232422,4217700.0
2024-05-13,79.12124439300896,79.83533505948758,79.09268192860675,79.52113342285156,4950800.0
2024-05-14,79.72110048410687,80.55896441164562,79.61636658515113,80.26380920410156,4053700.0
2024-05-15,80.6351338199008,80.82555512371688,79.68301277260612,80.6636962890625,6227200.0
2024-05-16,80.68273197617,81.61581375781383,80.55895886052723,81.53964233398438,5506800.0
2024-05-17,81.72054886209041,82.0442665220086,81.02549732152063,81.80623626708984,8236300.0
2024-05-20,81.33017142156724,81.73958372876614,80.40661291946,80.4637451171875,5513000.0
2024-05-21,80.4923066096748,81.20639732771936,80.45422089968632,81.0921401977539,4131600.0
2024-05-22,80.81602145452221,81.78718886538812,80.81602145452221,81.65389251708984,8527900.0
2024-05-23,79.56875174744883,80.08289795958112,77.33126884835764,77.48360443115234,10712300.0
2024-05-24,77.11226892776291,78.40715392064504,77.00753504862496,78.35002899169922,8732300.0
2024-05-28,78.19769431727231,78.77848870247651,77.95014808995424,78.07392120361328,7479000.0
2024-05-29,77.44551353649737,78.0167919100391,76.88376567038262,77.58833312988281,7910500.0
2024-05-30,77.09323892495887,77.50265124760863,76.60765517853548,76.74095153808594,8870600.0
2024-05-31,76.85520288739835,77.57881683055408,76.75999224690301,77.47408294677734,11406000.0
2024-06-03,77.60737705314628,78.52141225087361,77.23605048107287,78.18817138671875,6151100.0
2024-06-04,77.86444583946967,79.38783782273019,77.6073763933375,79.2831039428711,6331200.0
2024-06-05,79.12124837199279,79.1974197902999,77.80732409467342,78.36907196044922,7058300.0
2024-06-06,78.48333871510259,78.99748495558413,77.94063000527882,78.39764404296875,7366600.0
2024-06-07,78.31195507160533,80.18763467144375,78.22626766528921,80.04481506347656,7038900.0
2024-06-10,79.71156414936043,79.93054789186513,78.65470935280331,79.15933227539062,4966100.0
2024-06-11,79.06412945888158,79.06412945888158,77.95014962173963,78.02631378173828,5340400.0
2024-06-12,78.33097852674143,78.95938176964611,77.99773768464298,78.29290008544922,5549100.0
2024-06-13,78.07391599257802,78.07391599257802,76.97897547400721,77.75019836425781,5934400.0
2024-06-14,77.26460783622548,77.63593438374187,76.66476705631013,77.15987396240234,3689000.0
2024-06-17,76.4172251002774,76.64573208122829,75.46510420485842,76.12206268310547,5435400.0
2024-06-18,76.09349943216318,76.50291170352679,75.37940876797823,75.931640625,7011900.0
2024-06-20,75.36989840344538,76.50291740209003,75.16994661016636,76.33153533935547,7139700.0
2024-06-21,76.33154389962625,77.79781120876753,76.10303687838952,77.73116302490234,11094400.0
2024-06-24,77.84540213138814,78.05486987903441,76.87423480395641,77.15987396240234,6798700.0
2024-06-25,77.3027118648151,77.35031355976882,75.89356948743232,76.56005859375,5318100.0
2024-06-26,75.69362330368688,76.38867486482094,75.37942161451227,76.21729278564453,5737600.0
2024-06-27,76.16968050023745,76.23632868011089,74.94144353047831,75.5317611694336,8044800.0
2024-06-28,75.63741354213114,76.14652883212467,75.17633103860935,75.60859680175781,8917200.0
2024-07-01,75.31081620136798,76.25219728144945,73.89873725247132,74.08125305175781,7111800.0
2024-07-02,73.82188888554137,74.44627849349983,73.50489006982444,74.32140350341797,7111800.0
2024-07-03,74.2733634839422,74.68642050787626,74.042822244399,74.1292724609375,2838400.0
2024-07-05,74.03322518499606,74.85933935519849,73.67780158612177,74.55194854736328,4370000.0
2024-07-08,74.37904254395356,74.54234231136338,73.56253637812932,73.81228637695312,5606500.0
2024-07-09,73.81228324144685,73.95637428312436,72.96696036772681,73.8507080078125,6142600.0
2024-07-10,73.81228043348999,74.05242971755851,73.32238117070787,74.02361297607422,6736300.0
2024-07-11,74.37904615952316,75.12831084996661,74.14850486910413,74.99382781982422,6224600.0
2024-07-12,75.11869696480073,75.56057811939507,74.75367267271727,74.87854766845703,5661400.0
2024-07-15,74.75367127270599,74.93618707971696,73.92755712245338,74.04283142089844,4497800.0
2024-07-16,74.00440577348009,75.1186946634138,73.65859021103779,75.02263641357422,6811000.0
2024-07-17,74.87854672964113,78.346303111668,74.8689460346257,78.0581283569336,9848100.0
2024-07-18,77.28003780274962,80.33473703356307,76.92462154758832,78.01009368896484,8427800.0
2024-07-19,78.36551920087413,78.45196942870793,76.28102509254461,76.3482666015625,9292800.0
2024-07-22,76.41550328219249,76.92461857955543,75.96402146641046,76.17535400390625,5904400.0
2024-07-23,76.31944117102111,76.52117302325702,75.7046595770132,76.27141571044922,5022800.0
2024-07-24,76.44432976161704,77.19359443271888,75.81994009277375,76.81896209716797,5658500.0
2024-07-25,76.49234317975386,78.25023760282072,75.31081287025091,75.36844635009766,6357000.0
2024-07-26,75.52214919331384,76.31943924339703,75.23396712206241,75.59899139404297,4574700.0
2024-07-29,75.88717355728149,77.22240298673422,75.502933238072,76.84777069091797,6551400.0
2024-07-30,76.57880710104305,77.80837029858965,76.55959105364559,77.6258544921875,6568400.0
2024-07-31,77.1935913933375,77.79876498952842,75.85836187483886,77.15516662597656,7573200.0
2024-08-01,77.51058237446847,77.89481535159906,76.25219518941068,77.3184585571289,4873100.0
2024-08-02,77.84679695784509,78.66330310150069,77.15516581021096,78.29827880859375,5057900.0
2024-08-05,77.63546259254751,78.58645173396796,77.04949773551705,77.1647720336914,7503200.0
2024-08-06,77.28963986842801,78.46156947394778,76.7709165678484,77.59703063964844,5514000.0
2024-08-07,77.62585513141087,79.47980796669617,77.37610514338525,77.89482116699219,5596600.0
2024-08-08,78.02930679856019,79.3645362007812,77.72191601521666,78.97068786621094,4088200.0
2024-08-09,79.03793721324712,79.15321151672893,78.28867256255307,78.8073959350586,3094300.0
2024-08-12,78.79777323187307,78.82658997018154,77.6258436821699,77.99087524414062,4502200.0
2024-08-13,78.20222109735842,79.12439352433418,77.91403900758945,79.02832794189453,3704800.0
2024-08-14,78.21182761295687,78.6344927550653,77.59704594922215,78.51921844482422,5612900.0
2024-08-15,79.30688829944022,80.7189671034349,78.93225604476085,80.35394287109375,6743500.0
2024-08-16,80.71897755536314,81.40100065421383,80.49804431439266,81.26651763916016,5374800.0
2024-08-19,81.34336884984529,81.92933371129588,81.16085304188616,81.47785186767578,7492800.0
2024-08-20,80.69015623102537,84.24436256207274,79.99852514786984,82.01577758789062,10841600.0
2024-08-21,82.54410586779453,84.11948446387845,82.48647238925638,84.09066772460938,10608300.0
2024-08-22,84.44609696560134,85.72368557484275,84.10028141352525,84.36924743652344,8429600.0
2024-08-23,84.78230892712166,85.01285019763456,84.2539775480558,84.86875915527344,4843500.0
2024-08-26,85.10890806878534,86.57862057098777,84.64782552982273,85.81974792480469,5948200.0
2024-08-27,86.03108160441947,86.18478067194046,84.60940187372493,85.30103302001953,4174700.0
2024-08-28,85.46432993187078,85.62762968908349,84.48451673104512,84.84954833984375,5230600.0
2024-08-29,85.38749545582526,85.43552825348601,84.55177314644948,84.71508026123047,5024400.0
2024-08-30,84.84954949981109,85.10890751017843,83.79289408211766,85.0896987915039,7940100.0
2024-09-03,84.7919051805805,85.83895986003436,84.59978868667906,85.45471954345703,4745300.0
2024-09-04,85.30102593920935,87.88502717062832,85.30102593920935,87.44315338134766,8953500.0
2024-09-05,87.56803594995068,87.58724466746465,85.58920092239329,85.8677749633789,7007400.0
2024-09-06,86.18478372764406,86.97247315467955,85.78133465425945,86.34808349609375,7116500.0
2024-09-09,86.45375111184825,87.55843939736582,86.33847680534002,87.04932403564453,8643000.0
2024-09-10,87.18379851231624,87.5296140691525,86.64585913014061,87.40473175048828,5628100.0
2024-09-11,87.09734594853902,87.09734594853902,85.32024260279326,86.78995513916016,5805800.0
2024-09-12,86.70350029051447,86.99167503651957,85.68526233406091,86.45374298095703,4856500.0
2024-09-13,86.51137646440313,86.95325027129729,86.34807670878945,86.45374298095703,5209400.0
2024-09-16,86.45373620193824,86.68427744642003,85.9158041885561,86.55940246582031,5620300.0
2024-09-17,86.45374661129796,86.68428788353778,84.5709770089938,85.13772583007812,7012300.0
2024-09-18,84.56135905594037,85.022448875054,84.21554352379867,84.65741729736328,7691400.0
2024-09-19,85.19536127039696,86.40570836988567,85.06087825934264,85.94462585449219,9374600.0
2024-09-20,85.95423827150817,86.05989721807371,85.24339108671401,85.81974792480469,25452900.0
2024-09-23,86.01186885170321,86.50177544548276,85.50275353977182,86.31925964355469,6324400.0
2024-09-24,86.19438882339715,86.73232090296675,85.63724069597153,86.22320556640625,7657600.0
2024-09-25,86.61703953558708,86.83798009525647,85.67565847314195,85.8677749633789,3944400.0
2024-09-26,85.57000636980699,86.04069697894586,85.02246622034224,85.92542266845703,6321000.0
2024-09-27,86.51599986693674,87.15499064903754,86.27395644908756,86.4772720336914,5232500.0
2024-09-30,86.63218935681732,87.2324523471777,86.18682293699072,87.16468048095703,4784900.0
2024-10-01,87.37767880757649,87.4744947029006,86.37077724573125,87.13563537597656,4907100.0
2024-10-02,86.69027682442535,86.83550436149893,86.15777831734866,86.28364562988281,4438900.0
2024-10-03,86.18681774702205,86.39981713848337,84.87010833782098,84.97660064697266,3435000.0
2024-10-04,85.1605565970687,85.48005568646364,84.4344263320324,85.45101165771484,3598500.0
2024-10-07,85.06374623441853,85.17992974354412,84.11493270967499,84.26984405517578,3794500.0
2024-10-08,84.54093663989539,85.74147009386836,84.45380454271233,85.3348388671875,4608700.0
2024-10-09,85.1605598115114,85.62528644877084,84.87978854537666,85.53814697265625,2773500.0
2024-10-10,86.41918681955094,86.59345838159753,85.96414399717492,86.02223205566406,3219800.0
2024-10-11,86.14809550873525,86.7386746456268,86.08032364800482,86.51599884033203,4482700.0
2024-10-14,86.68058286138061,87.19371369720831,86.31267954560832,87.14530944824219,3849200.0
2024-10-15,87.18404349453868,87.61971869918477,86.59345695436923,86.98072052001953,4173700.0
2024-10-16,86.96136590963316,87.36799711176101,86.6418667994272,87.1259536743164,3773300.0
2024-10-17,87.28085511300387,87.28085511300387,86.77740068377929,86.93231201171875,5392700.0
2024-10-18,87.10659302602647,89.31402798293908,86.98072571175618,89.3043441772461,7355500.0
2024-10-21,89.07198031694968,89.1203919565362,87.89080722219833,88.13285064697266,4411500.0
2024-10-22,87.81335500789126,88.43298560876221,87.11627612184601,88.2199935913086,4400200.0
2024-10-23,87.85208461630155,89.4495727922013,87.79399655460396,89.33338928222656,6842200.0
2024-10-24,89.54638440592014,89.73033977459997,88.04571958675996,88.09412384033203,3813800.0
2024-10-25,88.23934661113483,88.68470560748564,87.26148914818043,87.70684814453125,3446900.0
2024-10-28,87.79398550976366,88.44266007237938,87.66812559639271,87.7165298461914,4241900.0
2024-10-29,87.49386146958611,88.52012324596089,87.4357660236888,87.44544982910156,7279700.0
2024-10-30,87.11627338158007,88.87834923236389,87.0872219656517,87.61972045898438,5325700.0
2024-10-31,86.97105030290892,87.0678662012249,86.15778050657966,86.40950775146484,6955600.0
2024-11-01,86.97104766138072,88.10380914908998,86.41918893250345,87.20340728759766,5052400.0
2024-11-04,87.16466888334456,87.63907188376801,86.38045062333747,86.46758270263672,4513600.0
2024-11-05,86.21587412846021,86.8355047284519,85.78987532099866,86.82582092285156,4578200.0
2024-11-06,88.94611412334316,89.10101806325478,86.07063725793122,87.24212646484375,6281700.0
2024-11-07,86.64186105633769,86.65154486143585,84.9088292727195,85.31546783447266,7077400.0
2024-11-08,85.54783035697564,85.86732945685739,84.78297223297659,84.9281997680664,8137700.0
2024-11-11,85.40260529828642,85.99319187461866,84.95724626125514,85.460693359375,4544500.0
2024-11-12,85.42197422590924,85.99319319962713,85.00565921300753,85.48974609375,7202700.0
2024-11-13,85.18960253364341,85.45101357139505,84.71519948477086,85.17024230957031,8338900.0
2024-11-14,84.90883181326437,85.34451441676897,83.16612355898373,83.262939453125,7956100.0
2024-11-15,82.74981186861852,84.78297527304133,82.30445282853198,84.74424743652344,7952300.0
2024-11-18,84.71519030893518,85.89636328709517,84.23110350716983,84.80232238769531,10339800.0
2024-11-19,83.26294304342831,83.7276696965564,81.81068240894992,82.29476928710938,12000800.0
2024-11-20,82.03336056100675,82.27540398515082,80.89091530358351,81.43309020996094,7389100.0
2024-11-21,81.52023031001524,82.42063223179817,81.24914283018035,82.04304504394531,5699700.0
2024-11-22,82.09145028375052,83.5533946634683,81.92686252477401,83.46625518798828,6532100.0
2024-11-25,83.74702720530874,84.06652630731034,82.07208341110767,83.0208969116211,10636000.0
2024-11-26,83.59211581706693,83.80511521828234,82.31412679635376,82.953125,5702500.0
2024-11-27,83.38880166511615,84.1342995822775,83.18548606586653,83.52434539794922,5106500.0
2024-11-29,82.92407735655414,83.98906692964304,82.80789385552337,83.78575134277344,3543200.0
2024-12-02,83.42752442119615,84.08588282054585,83.20484861077759,83.78575134277344,7058700.0
2024-12-03,83.75671204914782,83.77607227379127,82.75949428197346,82.98217010498047,4979100.0
2024-12-04,82.63362777077114,83.37912569191911,82.30445224258179,82.60458374023438,5352500.0
2024-12-05,81.87844263704619,82.623933073342,81.32658396985673,81.46212768554688,6967700.0
2024-12-06,81.32658938828531,81.85908786867354,80.91027440904878,81.33627319335938,4309800.0
2024-12-09,81.4524447999189,81.72353962093571,80.99740939872822,81.28785705566406,5015000.0
2024-12-10,81.32659887295279,81.42341477524747,80.24224156214466,80.91996765136719,5095400.0
2024-12-11,80.74568670129815,81.29754540556725,80.25191605434823,80.28096008300781,6125600.0
2024-12-12,80.27128694652123,80.60046246689403,79.90337620424657,80.09701538085938,5482500.0
2024-12-13,80.20350858798146,80.30033187065581,79.27406268962692,79.85497283935547,4301500.0
2024-12-16,79.39023964552341,79.88401027741446,78.53824948898372,78.76092529296875,6351900.0
2024-12-17,78.38334156464975,79.6710143534846,78.12193791674827,78.7802963256836,8021400.0
2024-12-18,78.78028952650429,79.06106076058362,77.45388901790443,77.4829330444336,7048600.0
2024-12-19,77.25058207763762,78.02511662241643,76.98917103650807,77.4442138671875,7190300.0
2024-12-20,77.32803323022712,78.68347045104395,77.26026136918628,78.45111083984375,10707300.0
2024-12-23,78.12193898330816,79.0029732179325,77.86052794525864,78.80934143066406,7421300.0
2024-12-24,78.71252563158914,79.17724487622336,78.50920265216007,78.94488525390625,2465900.0
2024-12-26,78.72220419374061,79.16756322638226,78.63507210296655,79.00297546386719,3319500.0
2024-12-27,78.65141063403881,79.36428862106526,78.5635171784991,78.84671783447266,3880700.0
2024-12-30,78.3193866069109,78.48540593798629,77.43072907812142,77.74322509765625,5136200.0
2024-12-31,77.94829866881238,78.34868814552996,77.51861385487014,78.00688934326172,4803700.0
2025-01-02,78.48540472995933,78.77836555286186,77.98736164538454,78.33892059326172,5574900.0
2025-01-03,78.6123510147425,79.10062648688375,78.10454780193227,79.05179595947266,5394700.0
2025-01-06,78.63188180918296,79.23734610032939,77.79205481893726,77.96782684326172,7886200.0
2025-01-07,78.48540684950599,79.16898957189849,77.87017494885987,77.99713134765625,7363100.0
2025-01-08,78.5244664204485,81.26857223915415,78.46586829640117,80.7412338256836,11153800.0
2025-01-10,80.0771828712628,80.55569078033112,78.62212395156935,78.76860809326172,7068200.0
2025-01-13,79.01273870061948,80.19436442255972,78.13384138043891,79.87210083007812,6487700.0
2025-01-14,81.43458356034377,83.30955960626149,81.161150484959,83.25096893310547,13399700.0
2025-01-15,81.95215461196544,83.87596119141513,81.95215461196544,83.39745330810547,12261100.0
2025-01-16,83.42675155473395,85.17477872468585,83.03612966778785,85.1161880493164,7267500.0
2025-01-17,85.20407120612167,86.55170884789219,85.00876399444219,86.01461029052734,9578900.0
2025-01-21,86.37592204507268,86.62005976419442,85.7118671510419,86.30756378173828,8376600.0
2025-01-22,86.17085717619403,86.38569958583535,85.37008566329907,85.78023529052734,5222900.0
2025-01-23,85.80954302590293,87.235306657869,85.74118475075707,87.15718078613281,5694300.0
2025-01-24,87.02045744271659,88.18255547997204,86.73725676765045,88.07513427734375,7349500.0
2025-01-27,88.53412086245957,90.3114434572363,88.23138497372483,90.29190826416016,9164300.0
2025-01-28,90.29190620981264,90.8973705230133,89.52043001170787,89.82316589355469,7961100.0
2025-01-29,90.36025755630996,90.7997099509194,89.21769474121172,89.26652526855469,5514700.0
2025-01-30,89.5692583988877,90.64346300263442,89.31535305420445,89.83292388916016,5101600.0
2025-01-31,89.56925840810253,89.94034510383712,88.5243491420016,88.69036102294922,7215400.0
2025-02-03,88.15326016773773,89.07122054058725,87.15718137311912,88.40716552734375,5800300.0
2025-02-04,87.75287319513266,88.9735619415033,87.59662145936065,88.83684539794922,5196300.0
2025-02-05,89.12979809542391,89.91104180202498,88.55363663593704,89.53995513916016,5181100.0
2025-02-06,89.12004584468924,89.78410081897253,88.6317703474366,88.69036102294922,4509300.0
2025-02-07,88.98332517704095,89.03214825420753,87.45014048475187,87.89935302734375,6349400.0
2025-02-10,88.17279367502566,88.80755333665633,87.89936057782921,88.70989227294922,5029300.0
2025-02-11,88.70988059248516,89.32511243066246,88.37785686117664,89.06143951416016,6534800.0
2025-02-12,88.47551070870648,89.49112454632798,87.80169564902376,89.20792388916016,7053200.0
2025-02-13,89.12980170551583,90.31143490849588,88.7391872868861,90.03799438476562,5991000.0
2025-02-14,90.2528432091492,90.8680751182165,89.70597702374984,90.63369750976562,10855400.0
2025-02-18,85.89742330994027,86.36617105857452,83.06542397773624,84.05174255371094,14516700.0
2025-02-19,83.9833870372553,85.12594993324849,83.69041875343979,84.9599380493164,8972100.0
2025-02-20,84.73532881299016,86.20015534447352,84.32517917229315,85.87789916992188,5804300.0
2025-02-21,85.58493095148064,89.01262712401525,85.52634027433248,87.83100128173828,11763000.0
2025-02-24,87.44037099542841,88.9344927233306,87.03022139374788,88.05559539794922,7158500.0
2025-02-25,88.24114860063831,88.71965650257306,87.12788106116155,88.35833740234375,6290300.0
2025-02-26,88.3387972278532,89.05168269299223,87.88958468905712,88.45598602294922,5108500.0
2025-02-27,88.18255864749467,89.13957445920484,87.98724397638544,88.61223602294922,4735900.0
2025-02-28,89.40324804735235,90.2333149166976,88.18255928346439,89.86222076416016,7685300.0
2025-03-03,90.49697751057616,92.70398481107746,90.135658416363,92.08876037597656,9306100.0
2025-03-04,92.5282024554136,93.32897393589984,90.7704077663011,90.8485336303711,7644300.0
2025-03-05,91.39540521039926,92.50868021333832,91.08290918603706,91.85438537597656,5820600.0
2025-03-06,91.54188657286872,91.77626417189556,89.93057596939958,90.9461898803711,5339800.0
2025-03-07,90.42862441800116,92.8016437328317,90.27238012654163,92.28407287597656,7795900.0
2025-03-10,92.3621953430858,93.99303372452552,91.35634900543728,91.6004867553711,10771700.0
2025-03-11,91.2098554159814,91.73719379526504,90.49696998181312,91.09266662597656,7457600.0
2025-03-12,90.71181143305856,90.81923262682858,88.2313712823098,89.36417388916016,6301000.0
2025-03-13,89.61808151573003,90.56533717277703,89.41300670087853,90.16495513916016,6737600.0
2025-03-14,90.14541532621904,91.11220612588151,89.95987571305038,90.8875961303711,7788600.0
2025-03-17,90.88760054463816,91.48329724591042,90.64346279659188,91.1610336303711,8099200.0
2025-03-18,91.47353121813538,91.52236174877892,89.58878747288529,90.04776763916016,12259300.0
2025-03-19,90.09659831661764,90.64346449835053,89.00285850265895,89.71574401855469,11665200.0
2025-03-20,89.84269463319524,89.84269463319524,88.17279326831132,89.08098602294922,10469600.0
2025-03-21,88.43645558356354,88.70988866965344,87.52826286162619,88.21185302734375,14027600.0
2025-03-24,88.56341416349295,88.7098908557273,87.59662329178832,88.01654052734375,5420400.0
2025-03-25,88.16302311071726,88.37786552285166,85.46774026388235,86.51264953613281,8819800.0
2025-03-26,86.55170908997886,87.06928735831299,85.95601240704995,86.16109466552734,7460400.0
2025-03-27,86.58101289759337,87.35248161032148,85.93648567876615,86.89350891113281,7340100.0
2025-03-28,86.4702538359852,86.99192861998719,85.85999616846723,86.25370788574219,6320200.0
2025-03-31,85.63360244792679,88.89161411500984,85.56470214863882,88.44868469238281,8241100.0
2025-04-01,87.39549577503836,88.18292674512828,86.82460325276347,87.10020446777344,7059400.0
2025-04-02,87.0411467589992,87.59234917349684,86.08638006990887,87.46439361572266,5577200.0
2025-04-03,87.208476370932,88.13371544668594,86.31277243319623,86.50962829589844,7663100.0
2025-04-04,86.60806063123407,86.71633361409687,81.38145986215103,81.57831573486328,12034000.0
2025-04-07,79.94438963652543,84.02921275879434,79.31444184282665,81.84407806396484,12129100.0
2025-04-08,83.17287087659305,83.97014688075014,79.34396653404565,80.5940170288086,10183900.0
2025-04-09,79.23569466139193,84.15716637949082,78.30061803878111,83.94062042236328,11981100.0
2025-04-10,83.497695030761,83.96031459628348,79.71800066253677,81.24365997314453,8838400.0
2025-04-11,81.85391819531782,82.12951939981606,79.9050121627566,81.5979995727539,8014000.0
2025-04-14,82.6511966185679,82.93664287723611,81.81454793464786,82.89727020263672,5596000.0
2025-04-15,83.30082418136593,83.39925961934748,80.92867881548786,81.07632446289062,5829400.0
2025-04-16,81.89328547198505,83.16302606224158,80.90899113934307,81.40113830566406,7111600.0
2025-04-17,81.21412860026001,82.01140461754717,80.83025440604249,81.3027114868164,5940500.0
2025-04-21,81.30271265975267,81.58815892539118,79.88533388741283,80.5152816772461,5220000.0
2025-04-22,81.50940564489183,82.30668910569,81.20427682594136,82.06061553955078,5284900.0
2025-04-23,82.83821086905229,84.00951596507247,82.05077243495398,82.43464660644531,6468200.0
2025-04-24,82.71024951502555,83.212241714878,81.95234620193582,82.97601318359375,5959000.0
2025-04-25,83.08428463209579,83.33035820462126,82.1885732235097,82.83821105957031,5879600.0
2025-04-28,83.27130285128008,83.54690407550412,82.07046250895812,82.72010040283203,4513400.0
2025-04-29,82.68072615604493,83.7437658660623,82.49370782477243,83.27130126953125,4495500.0
2025-04-30,83.64533317965328,83.6650157615042,82.36574758182597,83.42878723144531,7469800.0
2025-05-01,82.8775749938597,83.15318369903991,81.64720714947597,82.24762725830078,6015000.0
2025-05-02,83.15318803653763,83.73391808478593,82.56260543277155,83.51737213134766,5727500.0
2025-05-05,83.30082612584826,83.46816186858126,81.92282007677464,82.13935852050781,7168400.0
2025-05-06,82.03108413001486,82.14920215057239,80.75150603370491,81.02710723876953,7415800.0
2025-05-07,81.02710884178927,82.25747675271874,80.58417939768256,81.85391998291016,7557000.0
2025-05-08,82.15904838032951,83.25161568013026,81.85391954312074,82.30669403076172,6252400.0
2025-05-09,82.18858211985479,82.91695787069239,82.04093645844398,82.16889953613281,6588600.0
2025-05-12,83.12365461923638,84.89538744806748,82.73978042458461,84.46229553222656,7720300.0
2025-05-13,84.14731402676233,84.45245035329663,83.477993630836,83.77328491210938,5532400.0
2025-05-14,83.56658876552495,83.77328967032899,82.76930526462978,82.92679595947266,5684900.0
2025-05-15,83.46816798870843,84.76743629422235,83.36973254121153,84.7575912475586,6567700.0
2025-05-16,84.77726873864806,85.09224262683453,84.4918224791088,85.08240509033203,6506800.0
2025-05-19,84.44261257523596,85.70250813256749,84.34418464286378,85.60408020019531,7296500.0
2025-05-20,84.07841990860796,85.50565119356794,84.04889228022425,85.01350402832031,9253500.0
2025-05-21,85.23003619461478,86.89349589367718,82.88741856404752,83.08428192138672,12936800.0
2025-05-22,81.97203213810104,82.31653365814756,79.59988666329217,79.6392593383789,14683400.0
2025-05-23,79.353809429927,79.55066528674536,78.67464395763535,79.4128646850586,10571900.0
2025-05-27,79.87548640970664,80.31841585453562,79.4423945012909,79.90501403808594,8294300.0
2025-05-28,80.21998416834855,81.00742259959569,79.86563762524428,79.96406555175781,7515900.0
2025-05-29,80.00344236317065,81.1255373045281,79.97391473464594,81.1156997680664,8093300.0
2025-05-30,80.90899426593744,81.96218894218053,80.22983625667699,81.67675018310547,11025900.0
2025-06-02,81.10585389635858,82.4543323157241,80.91883557151296,82.4248046875,7904400.0
2025-06-03,81.83423285602882,84.2752861839689,81.83423285602882,84.19654083251953,11977600.0
2025-06-04,84.19653709001439,84.99381308668299,84.19653709001439,84.2555923461914,9070700.0
2025-06-05,84.50167351411642,85.8403145111756,84.14732692609661,85.63361358642578,10361500.0
2025-06-06,85.91905051978334,86.07653370312177,85.42690336880021,86.06669616699219,7577400.0
2025-06-09,86.02732787407525,86.43088465345342,85.02334342959017,86.0765380859375,8624700.0
2025-06-10,86.34230081868233,87.11004920335017,86.08638218726976,86.57852935791016,6628000.0
2025-06-11,86.54900061748005,87.08052045609269,86.38167238390841,86.67695617675781,4643300.0
2025-06-12,86.6474299703185,87.13957714271342,86.27340082274353,87.10020446777344,5855300.0
2025-06-13,86.82459970610847,87.23800151173658,85.71234984537485,85.89936065673828,6011700.0
2025-06-16,86.82460030417799,87.37580271547897,86.2044975914644,86.53915405273438,8414700.0
2025-06-17,86.72617621283925,86.75570384195568,84.60994184784549,84.81664276123047,6939100.0
2025-06-18,84.95444521161943,85.04303561045896,84.06858628064485,84.38356018066406,8514400.0
2025-06-20,84.78711477576104,85.07256103863676,84.383557996916,84.98397064208984,13089200.0
2025-06-23,84.88554078563921,84.98396871657349,83.25161610533478,84.60993957519531,6746800.0
2025-06-24,84.47213923244799,85.03318670104345,83.6059629241372,84.72805786132812,11144100.0
2025-06-25,84.51151614087563,85.0725636375795,84.09811430321385,84.61978912353516,8461700.0
2025-06-26,84.54103842662384,85.31863183949228,84.15716424312254,84.82648468017578,11117300.0
2025-06-27,84.85625584211463,85.86857275558997,84.57836522162931,85.3723373413086,10134000.0
2025-06-30,85.99759800999759,86.7518779528406,85.53113551339666,86.51367950439453,8205600.0
2025-07-01,86.17624491255887,88.081787109375,86.05714568577602,88.081787109375,10089300.0
2025-07-02,88.15126109843466,88.49862438353159,87.3672082138149,87.61532592773438,8663000.0
2025-07-03,87.70465647706348,88.03216612056801,87.39698534801995,87.72450256347656,2989500.0
2025-07-07,87.8237440127242,87.9825429843755,86.66255492734307,87.00991821289062,7218300.0
2025-07-08,86.90074616026632,88.36960636610588,86.65262844503307,87.91307067871094,5403000.0
2025-07-09,88.1611920422482,88.47878242801127,87.31759328993556,88.32991027832031,4673100.0
2025-07-10,88.55817996101457,89.80868781810743,87.83367288689884,88.72689819335938,7962900.0
2025-07-11,91.0790505962491,91.15845008502497,88.39938221165569,89.24298095703125,12259500.0
2025-07-14,89.07425892716925,89.56056752428532,88.31005970312972,89.05441284179688,8911800.0
2025-07-15,89.02463004711555,89.44147354864235,87.74434934512733,88.54824829101562,8617300.0
2025-07-16,88.91546253354227,89.2429797413171,88.34975443463661,89.10403442382812,5173500.0
2025-07-17,88.86583808322382,89.01471022053336,87.68479538504009,88.85591125488281,6951700.0
2025-07-18,89.30253495222539,89.83846257513903,88.63757369425466,88.93531799316406,6413500.0
2025-07-21,88.756671507773,89.77891530734244,88.50855378663665,89.0246353149414,6015900.0
2025-07-22,89.29260200671742,91.22791710120732,89.13380303898924,90.95995330810548,7457100.0
2025-07-23,91.15844651207082,92.07151788134944,90.20567539996031,91.31724548339844,7818800.0
2025-07-24,91.34701782114747,91.8035535029061,90.63243759858555,91.62490844726562,6684900.0
2025-07-25,91.27754408109048,92.39903340088352,91.23784433898037,92.24024200439452,5376500.0
2025-07-28,92.02190291750364,92.05167583294538,91.17830416819592,91.27754974365234,4311500.0
2025-07-29,91.12867625140882,92.0119747322712,91.05920359241802,91.74401092529295,4676800.0
2025-07-30,91.56536211451184,91.68445376964776,90.53319152894136,90.95002746582033,5424000.0
2025-07-31,90.74161252908456,90.99965707708644,89.4712510188475,89.5605697631836,8310000.0
2025-08-01,88.93531451256992,89.28267779973503,88.02224313717828,88.66734313964844,6658000.0
2025-08-04,88.776516002916,89.44147723832867,87.58555399158452,88.965087890625,8078800.0
2025-08-05,89.46132029116188,89.52086611812425,88.61772159740508,88.99485778808594,5597000.0
2025-08-06,89.00478518998335,89.32237555574794,88.29020497402512,88.68719482421875,5545000.0
2025-08-07,89.31245097023917,91.03935572615904,89.0544139972917,90.55303955078124,8207000.0
2025-08-08,90.52326999229722,92.2600940694448,90.51334316313836,92.18069458007812,6636900.0
2025-08-11,92.15092045032765,92.5776832351102,91.6546850062527,92.041748046875,6782900.0
2025-08-12,92.1409911529827,92.41888935465984,90.76145726116611,91.38671875,5445200.0
2025-08-13,91.30731998127756,92.458589824274,90.96988352023143,92.2104721069336,6596900.0
2025-08-14,92.1509204122216,92.2104738144133,91.02943103497869,91.2874755859375,6873500.0
2025-08-15,91.8233980677636,92.47843245158286,91.32716265164048,92.31963348388672,6641200.0
2025-08-18,92.07152156905458,92.6173835899168,91.81348458823972,92.11122131347656,11581800.0
2025-08-19,87.17863421050136,89.47124698035324,86.84119776230456,89.22312927246094,19583900.0
2025-08-20,89.67966779654469,93.72895073530954,89.61019513900493,92.51813507080078,13227300.0
2025-08-21,92.6173795184534,93.08384202996596,90.34462036088168,90.41409301757812,6808600.0
2025-08-22,90.98972676797324,92.26008822962112,90.98972676797324,92.01197052001952,4876000.0
2025-08-25,92.0417419275955,92.34941303139416,91.22791615629684,91.34701538085938,5106500.0
2025-08-26,91.7340796229234,91.80355227852635,91.16837154959865,91.4859619140625,6251600.0
2025-08-27,91.34702202344911,91.4859673429002,90.6423685971038,91.35694885253906,4223300.0
2025-08-28,91.40656158188948,91.40656158188948,90.6423623773469,91.26761627197266,5626500.0
2025-08-29,91.35694888531496,92.12114814257004,91.26762256737751,92.11122131347656,5174500.0
2025-09-02,91.84325121538768,93.1235394905197,91.71423273381367,92.62730407714844,7150300.0
2025-09-03,92.44866045291452,92.85556956074709,90.73168256448022,91.55543518066406,5365400.0
2025-09-04,91.56536288533736,93.63962333056696,91.09890037359057,92.15091705322266,6641400.0
2025-09-05,92.4387371556974,93.23271688846316,91.82340248420634,92.20054626464844,4856900.0
2025-09-08,91.46611852342492,92.29979041521908,90.7019117173285,92.28986358642578,5024100.0
2025-09-09,92.14099000671524,93.59992336657564,92.03182517949696,93.36173248291016,7038300.0
2025-09-10,93.5403774880962,93.59000405931089,90.90040139607044,91.62490844726562,5625500.0
2025-09-11,91.614986414989,93.5602284716078,91.55544058397533,93.5403823852539,6957800.0
2025-09-12,93.2525640836171,94.5725521869615,92.805955211094,93.32203674316406,7334200.0
2025-09-15,93.88774398605926,94.21526119460836,92.51813689387927,92.72655487060548,5716300.0
2025-09-16,92.56775599322845,94.82066913957378,92.56775599322845,93.4808349609375,7722300.0
2025-09-17,93.70909805939316,94.40383221402016,93.1036902207969,93.8678970336914,8145800.0
2025-09-18,93.77856861222116,94.91991160552168,93.11361495916798,94.87028503417967,9364500.0
2025-09-19,95.1878807170332,95.1878807170332,93.37165728511602,94.36412811279295,15677000.0
2025-09-22,94.67179198179788,94.78096437898527,93.59000241033362,93.9075927734375,7581600.0
2025-09-23,93.80834365667864,94.93976741896728,93.460980365251,94.24503326416016,7101000.0
2025-09-24,94.13585895566293,95.26727512308403,94.08623995615076,95.01915740966795,11265300.0
2025-09-25,94.55269432911882,94.90998444004846,92.02189821064415,93.59000396728516,7560800.0
2025-09-26,93.8499984741211,94.7300033569336,93.4800033569336,94.22000122070312,5042800.0
2025-09-29,94.20999908447266,94.33000183105467,93.29000091552734,93.97000122070312,5452000.0
2025-09-30,93.9000015258789,95.38999938964844,93.80999755859376,95.23999786376952,7119000.0
2025-10-01,95.1500015258789,95.7300033569336,91.87000274658205,94.80999755859376,10343500.0
2025-10-02,94.41000366210938,95.73999786376952,93.9800033569336,95.4800033569336,6212500.0
2025-10-03,95.66999816894533,97.94000244140624,95.37999725341795,97.6999969482422,8573200.0
2025-10-06,97.63999938964844,98.66000366210938,97.62999725341795,98.43000030517578,8134500.0
2025-10-07,98.33000183105467,99.37000274658205,97.9000015258789,98.33000183105467,5894000.0
2025-10-08,98.56999969482422,98.68000030517578,96.7699966430664,97.87000274658205,7470100.0
2025-10-09,98.19000244140624,98.23999786376952,95.95999908447266,96.5,6207200.0
2025-10-10,96.68000030517578,97.0500030517578,95.3000030517578,95.4499969482422,6829800.0
2025-10-13,95.6999969482422,96.41000366210938,95.05999755859376,95.58000183105467,4619500.0
2025-10-14,95.26000213623048,96.5999984741211,95.26000213623048,96.54000091552734,4862700.0
2025-10-15,96.06999969482422,96.86000061035156,94.05999755859376,95.33999633789062,7246800.0
2025-10-16,95.1999969482422,95.97000122070312,94.6999969482422,95.04000091552734,4802600.0
2025-10-17,95.27999877929688,95.80999755859376,94.9000015258789,95.77999877929688,6136000.0
2025-10-20,96.08999633789062,96.5999984741211,94.93000030517578,95.91999816894533,5137800.0
2025-10-21,95.62000274658205,96.16000366210938,95.23999786376952,95.83000183105467,4405000.0
2025-10-22,96.58999633789062,97.23999786376952,95.5500030517578,95.9000015258789,6651700.0
2025-10-23,96.1500015258789,96.23999786376952,91.87000274658205,94.20999908447266,9122200.0
2025-10-24,94.41999816894533,94.95999908447266,93.29000091552734,93.66999816894533,4309300.0
2025-10-27,93.73999786376952,94.23999786376952,93.11000061035156,94.12999725341795,5562600.0
2025-10-28,93.80999755859376,94.5999984741211,93.20999908447266,93.2300033569336,4279800.0
2025-10-29,92.77999877929688,92.80999755859376,91.37999725341795,91.7300033569336,6963600.0
2025-10-30,91.7699966430664,91.9499969482422,90.70999908447266,90.97000122070312,5617400.0
2025-10-31,90.5999984741211,91.31999969482422,90.08999633789062,90.6999969482422,5959700.0
2025-11-03,90.6500015258789,90.6500015258789,89.04000091552734,90.1999969482422,7307700.0
2025-11-04,90.18000030517578,90.47000122070312,89.66000366210938,90.41999816894533,4729200.0
2025-11-05,89.80000305175781,90.48999786376952,89.36000061035156,90.4000015258789,5675100.0
2025-11-06,90.08999633789062,90.81999969482422,89.62000274658203,90.05999755859375,5462000.0
2025-11-07,90.6999969482422,92.23999786376952,90.1999969482422,92.1999969482422,7520500.0
2025-11-10,91.9499969482422,92.79000091552734,91.5199966430664,92.66000366210938,5375000.0
2025-11-11,92.97000122070312,95.4000015258789,92.8000030517578,95.4000015258789,8555500.0
2025-11-12,95.0,96.29000091552734,94.81999969482422,95.80999755859376,6322000.0
2025-11-13,95.0,96.70999908447266,94.63999938964844,96.13999938964844,5284400.0
2025-11-14,95.80999755859376,96.56999969482422,95.13999938964844,95.87000274658205,6324500.0
2025-11-17,95.81999969482422,97.25,95.8000030517578,96.27999877929688,11087600.0
2025-11-18,99.97000122070312,102.4800033569336,99.41000366210938,100.8000030517578,21965400.0
2025-11-19,100.98999786376952,102.58999633789062,99.97000122070312,100.33999633789062,12429800.0
2025-11-20,100.37000274658205,101.19000244140624,99.08000183105467,99.3499984741211,6726200.0
2025-11-21,99.6500015258789,102.02999877929688,99.26000213623048,101.1999969482422,11381000.0
2025-11-24,101.52999877929688,103.6999969482422,100.97000122070312,103.1999969482422,13926400.0
2025-11-25,103.8000030517578,105.5999984741211,103.8000030517578,105.3499984741211,9482900.0
2025-11-26,105.05999755859376,106.33000183105467,104.6999969482422,105.0199966430664,5249600.0
2025-11-28,105.04000091552734,105.33000183105467,104.62000274658205,105.33000183105467,2618200.0
2025-12-01,105.0,105.7300033569336,103.30999755859376,103.33999633789062,6666300.0
2025-12-02,103.41999816894533,103.47000122070312,101.70999908447266,102.02999877929688,5797400.0
2025-12-03,102.54000091552734,102.91000366210938,101.58000183105467,101.97000122070312,4167800.0
2025-12-04,102.04000091552734,102.75,101.73999786376952,101.98999786376952,4480500.0
2025-12-05,102.11000061035156,102.45999908447266,101.30999755859376,101.36000061035156,5158000.0
2025-12-08,101.80999755859376,102.48999786376952,101.0500030517578,101.26000213623048,5528800.0
2025-12-09,101.43000030517578,102.0,99.58000183105467,99.62000274658205,4666100.0
2025-12-10,99.5,101.06999969482422,99.48999786376952,100.7699966430664,6158600.0
2025-12-11,101.38999938964844,101.38999938964844,99.62000274658205,99.75,8338900.0
2025-12-12,99.8499984741211,100.11000061035156,99.0,99.87000274658205,6546500.0
2025-12-15,99.9000015258789,100.66999816894533,98.3499984741211,98.56999969482422,9569100.0
2025-12-16,98.5500030517578,98.62000274658205,97.16999816894533,97.72000122070312,5639000.0
2025-12-17,97.80999755859376,98.58999633789062,97.76000213623048,98.3000030517578,5574300.0
2025-12-18,98.69000244140624,99.26000213623048,98.08999633789062,98.4800033569336,6306000.0
2025-12-19,98.54000091552734,99.23999786376952,98.22000122070312,98.62999725341795,12760100.0
