date,open,high,low,close,volume
2015-12-21,8.231024826578432,9.020300790514176,8.094109482944836,8.915600776672363,12196100.0
2015-12-22,8.843114309002726,9.060568317293232,8.641768346396208,8.77868366241455,6320100.0
2015-12-23,8.859223952067701,9.471315973093782,8.827008622964962,9.2941312789917,6631500.0
2015-12-24,9.278026120204151,9.431048776417336,9.1572180323866,9.261918067932127,4220000.0
2015-12-28,9.261916085214702,9.326346744361576,8.907547459906892,9.15721607208252,4710900.0
2015-12-29,9.213592329836109,9.431046371615038,8.875331767192236,9.30218505859375,5219100.0
2015-12-30,9.149164538707478,9.390779960329748,8.92365717029468,8.931711196899414,3956200.0
2015-12-31,8.947815127966324,9.616283724100294,8.939761872454586,9.479369163513184,4772000.0
2016-01-04,9.318294743306897,9.567964177769325,9.052518024597266,9.28607940673828,6279800.0
2016-01-05,9.318290759522116,9.696821378428414,8.955868186050672,9.6404447555542,6550300.0
2016-01-06,9.439100057155418,9.495476687561728,8.810900026596597,8.883384704589844,8211400.0
2016-01-07,8.722313698922285,9.390782743764936,8.641774945151697,9.068629264831545,6546400.0
2016-01-08,9.149162969322967,9.455209015137571,8.907548357219861,9.133055686950684,6937800.0
2016-01-11,9.124998121631975,9.157213441952548,8.19880708636022,8.239075660705566,10061300.0
2016-01-12,8.303512976835162,8.585397038164047,7.88471274664454,7.973304748535156,9426800.0
2016-01-13,8.086055881009134,8.27129461304694,7.715579185007608,7.908871173858643,8335300.0
2016-01-14,7.949139102973648,8.537069756926716,7.763901172268923,8.440423011779785,8482300.0
2016-01-15,8.166596199591334,8.247134160078986,7.667258079500631,8.142434120178223,6972900.0
2016-01-19,8.23102635058693,8.375994977454475,7.941087560703458,8.0780029296875,7006900.0
2016-01-20,7.820278566838846,7.884709224537031,7.184025246013759,7.715578556060791,9379500.0
2016-01-21,7.731687702249546,8.440425037554464,7.707525626126731,7.965249061584473,9008100.0
2016-01-22,8.08605615250543,8.247132815289579,7.836386749134413,7.997464179992676,8052800.0
2016-01-25,7.755850583852832,7.860550630738145,7.192081750533242,7.232350349426269,7453200.0
2016-01-26,7.393424183107427,7.836384697790789,7.216239516389735,7.78806209564209,5084100.0
2016-01-27,7.7961183690954465,8.28740239581398,7.61893365123215,7.965249061584473,7390400.0
2016-01-28,8.026548639396504,8.296279853341435,7.887596101363977,8.255412101745605,6482800.0
2016-01-29,8.418887460012995,8.819397445652289,8.418887460012995,8.696792602539062,7807900.0
2016-02-01,8.688621649833134,8.794879579903869,8.263589929550204,8.72131633758545,6163000.0
2016-02-02,8.639570884734539,8.786697227283206,8.33714512021946,8.754002571105957,5154100.0
2016-02-03,8.86026671607643,9.546855764850273,8.843918986580555,9.301645278930664,8692500.0
2016-02-04,9.187213666540808,9.922845136756576,9.146345121611713,9.546855926513672,11622800.0
2016-02-05,9.481467015131042,9.653114288354192,9.121824738138397,9.456945419311523,11192500.0
2016-02-08,9.33433813749792,9.743021941137924,8.950175143815615,9.105475425720217,9316300.0
2016-02-09,8.909307355845945,8.999218299079983,8.664097676668717,8.860265731811523,5342900.0
2016-02-10,8.803051580323126,8.966524984425597,8.31263058851304,8.745835304260254,5083900.0
2016-02-11,8.533320955559194,8.63957888136105,7.789516254449012,7.838558673858643,5993100.0
2016-02-12,7.92846685841594,7.952987672158249,7.380830414654491,7.830382823944092,6319600.0
2016-02-16,7.822208898812953,8.010203881385069,7.764993407357469,7.928466796875,4103200.0
2016-02-17,8.018378579571891,8.78670397995414,7.993856983967293,8.337151527404785,6843000.0
2016-02-18,8.337149617960739,8.606880871813697,8.222718649357976,8.525144577026367,7247200.0
2016-02-19,8.402537336594666,8.410711198339488,7.977506659394573,8.181848526000977,5761600.0
2016-02-22,8.296280561263066,8.647748867395237,8.271759752312727,8.639575004577637,6488700.0
2016-02-23,8.541491960021933,8.6232290384825,8.288108419898773,8.435234069824219,4410900.0
2016-02-24,8.320805805725383,8.950178708668703,8.149158508649421,8.852094650268555,6341400.0
2016-02-25,8.876609953022381,9.293467526765742,8.713136623957041,8.90930461883545,3836800.0
2016-02-26,8.966523515026777,9.25260173044905,8.933828839564159,9.05643367767334,5193400.0
2016-02-29,8.459755471395937,8.974696403843833,8.263586643389202,8.811223030090332,10349500.0
2016-03-01,8.8847889750485,9.219909689161671,8.713141684953609,9.20356273651123,6735600.0
2016-03-02,9.097304118171474,9.963713588757685,9.031914753580164,9.93919277191162,5908300.0
2016-03-03,9.898320949478782,10.43778419813911,9.865626277999592,10.233442306518556,7250600.0
2016-03-04,10.208920760686366,10.870988835268028,10.168052226292012,10.68299388885498,8034300.0
2016-03-07,10.674824818318768,11.57392901546178,10.65030322076284,11.148898124694824,9337800.0
2016-03-08,11.108027338514068,11.15706896474667,10.176227865566071,10.22527027130127,9361400.0
2016-03-09,10.274312203439663,10.49500186656494,9.808412842845348,10.102664947509766,15573300.0
2016-03-10,10.168052601109103,10.633952663174927,10.01275310008882,10.535868644714355,7738800.0
2016-03-11,10.732035086030969,11.33688683302832,10.723861224165562,11.230628967285156,8501900.0
2016-03-14,11.222460635070272,11.39410792130782,11.04264026244256,11.173418998718262,6334900.0
2016-03-15,11.067155904822192,11.091676711530509,10.494998811446331,10.87098789215088,5352200.0
2016-03-16,10.911858507939524,11.361410094665295,10.83012143062436,11.320542335510254,5218900.0
2016-03-17,11.492191843515988,11.745575430121493,11.10802875148202,11.410454750061035,5091800.0
2016-03-18,11.41862763099588,11.827311504035793,11.148896337149749,11.197937965393066,8065700.0
2016-03-21,11.173415790995138,11.443147052003592,11.026289365171426,11.083505630493164,4556800.0
2016-03-22,11.034464001808448,11.377758499780477,10.93637997088824,11.25515365600586,3819100.0
2016-03-23,11.189763393196277,11.214284985269783,10.6094322990004,10.617606163024902,4170300.0
2016-03-24,10.511347044144902,10.772905205927048,10.094490161012317,10.74021053314209,5809700.0
2016-03-28,10.789252164195211,10.83012070009607,10.356047554452063,10.535868644714355,3114900.0
2016-03-29,10.445960742410996,10.81377611329467,9.890151143110025,10.80560302734375,7167000.0
2016-03-30,10.911859790318063,11.08350704925012,10.568565272453949,10.576738357543944,5551600.0
2016-03-31,10.576737778642608,10.78925356940346,10.478653747407428,10.633954048156738,5116800.0
2016-04-01,10.609433543604364,10.617607408587752,10.078144791726874,10.437787055969238,7085200.0
2016-04-04,10.437787191702547,10.84647109215444,10.315181553865376,10.470481872558594,6554300.0
2016-04-05,10.380568616709724,10.421437153604751,9.971884806764438,9.980058670043944,12557900.0
2016-04-06,10.04544824530523,10.094490646593025,9.555027350437404,9.832932472229004,10375700.0
2016-04-07,9.824761100854886,10.208923396646748,9.783892555908208,10.004581451416016,8468700.0
2016-04-08,10.192572387771111,10.625776920901034,10.192572387771111,10.356045722961426,5634600.0
2016-04-11,10.43778531164972,10.920031572538552,10.380569045830422,10.715689659118652,5292800.0
2016-04-12,10.740210944983623,10.936378989215582,10.49500049994242,10.854641914367676,4739300.0
2016-04-13,10.879165108926903,11.157069489488162,10.682996256262458,10.977249145507812,4157500.0
2016-04-14,10.977248728595455,11.075332761451165,10.8219484252803,10.879164695739746,3609000.0
2016-04-15,10.805599765024342,11.27967290516966,10.748383503625783,11.15706729888916,4331300.0
2016-04-18,10.862817580264318,11.37775936644647,10.72386499766742,11.263327598571776,5437400.0
2016-04-19,11.369586552443092,11.712881108290633,11.222460091507656,11.696534156799316,7431300.0
2016-04-20,11.688359375486076,11.688359375486076,11.361411796747124,11.508538246154783,6106800.0
2016-04-21,11.533056783460973,11.745572550744354,11.320541795680088,11.434972763061523,6258100.0
2016-04-22,11.508536761456991,11.90904673372797,11.451321273847585,11.60662078857422,5664500.0
2016-04-25,11.524885453905243,11.704705795589806,11.418627554090213,11.590274810791016,5069200.0
2016-04-26,11.61479598387812,11.90087501372593,11.606622119139008,11.892701148986816,5349500.0
2016-04-27,11.966264838797263,12.473032779824518,11.949917108682186,12.244169235229492,8405500.0
2016-04-28,12.16226723442378,12.555390638808603,12.014845567246084,12.285118103027344,6280500.0
2016-04-29,12.367019653320312,12.489870526399155,12.162267677477702,12.367019653320312,5496800.0
2016-05-02,12.293309836809836,12.350640144860094,12.088557843982487,12.203218460083008,7783500.0
2016-05-03,12.080363597346595,12.104933609693395,11.400587267574457,11.490677833557127,5892400.0
2016-05-04,11.572580478786731,12.03122441616877,11.556199947632589,11.973894119262695,7506400.0
2016-05-05,12.219596745521274,12.842042876617189,12.09674588486114,12.170455932617188,7549500.0
2016-05-06,12.18683978181755,12.768335523983854,12.15407949131805,12.711005210876465,6041800.0
2016-05-09,12.825662723789245,12.915754086594283,12.48986963241308,12.817472457885742,5664100.0
2016-05-10,12.899373785746867,13.07955573351631,12.743762636127869,13.063175201416016,4599100.0
2016-05-11,13.063176166370202,13.226977594139075,12.776523863041373,12.91575527191162,5384400.0
2016-05-12,13.014033396075268,13.128694761971962,12.711000623062564,12.801091194152832,4776800.0
2016-05-13,12.76014526513696,12.94032725354539,12.596343812523362,12.653674125671388,4175200.0
2016-05-16,12.694621930466734,13.071365580291,12.645481114808454,12.907564163208008,5913900.0
2016-05-17,12.882992860885604,13.235166479637702,12.751951732345306,12.932133674621582,4640000.0
2016-05-18,12.8092825655971,12.989463723342288,12.432538937754046,12.539010047912598,4154000.0
2016-05-19,12.424347744933575,12.8584216377509,12.35063692178095,12.686429977416992,3255100.0
2016-05-20,12.751952561063776,12.956704532981009,12.686431992535605,12.882993698120115,3024600.0
2016-05-23,12.850235570770494,13.226979293577376,12.825665548715044,13.02222728729248,3280200.0
2016-05-24,13.1123160205685,13.276116655219834,12.85842324040538,13.120506286621094,3819500.0
2016-05-25,12.792903334866448,13.063175880027464,12.637292177163692,12.98127555847168,6265700.0
2016-05-26,13.04679521678335,13.177836346972414,12.743762407954453,12.817472457885742,7175600.0
2016-05-27,12.825662308733056,13.317067312106248,12.825662308733056,13.259737014770508,3843500.0
2016-05-31,13.300686506993362,13.71838067315437,13.259736741777608,13.4153470993042,5780300.0
2016-06-01,13.382586440984024,13.865801126936809,13.349825381940926,13.800280570983888,6392200.0
2016-06-02,13.718382373139905,14.20978742729104,13.718382373139905,14.045985221862791,4419400.0
2016-06-03,14.16883619844907,14.389968708753718,13.972274487778362,14.242547035217283,6667200.0
2016-06-06,14.332639878185857,14.66024276297478,14.283499836000962,14.63567352294922,6683400.0
2016-06-07,14.586530290895444,14.742142229605356,14.389968581956738,14.66024112701416,6320100.0
2016-06-08,14.79947459360076,15.00422659752359,14.529202010907978,14.561963081359863,4577600.0
2016-06-09,13.849418728670296,13.857608992325934,13.14507167561615,13.587336540222168,10766900.0
2016-06-10,13.398970910504245,13.398970910504245,12.170458172473309,12.203218460083008,9009700.0
2016-06-13,12.162266227203194,12.43253874060178,12.006654306721154,12.18683624267578,5681300.0
2016-06-14,12.121316915763304,12.19502775075828,11.539821283217895,11.654481887817385,7032800.0
2016-06-15,11.5643898872908,11.744571819574752,11.269547364426172,11.425158500671388,6757400.0
2016-06-16,11.335072430480723,11.638105339139877,11.15489042657877,11.441543579101562,8548500.0
2016-06-17,11.4824924577255,12.055797897658296,11.4824924577255,11.78552532196045,6458200.0
2016-06-20,11.82647238378833,12.05579513200734,11.662670978679545,11.67086124420166,3950400.0
2016-06-21,11.679051235586012,11.842852636849956,11.52343931858525,11.73638153076172,3314300.0
2016-06-22,11.71181354360173,11.760953581955588,11.367830150857426,11.580772399902344,4075800.0
2016-06-23,11.687243169830277,11.916565164346505,11.63810235190054,11.900184631347656,3186600.0
2016-06-24,11.605343674960096,11.752765368108667,11.359641113401446,11.457921981811523,7257900.0
2016-06-27,11.310498901272735,11.449729519026766,10.827284138431962,10.909184455871582,5504900.0
2016-06-28,11.130317930393302,11.68724357457217,11.130317930393302,11.621722221374512,6337900.0
2016-06-29,11.769142720329553,12.15407662884084,11.76095245436688,12.047605514526367,5609900.0
2016-06-30,12.080366244025855,12.29330848052912,11.720003120076845,12.276927947998049,5480100.0
2016-07-01,12.309685035134914,12.620908042798815,12.25235474829855,12.301495552062988,4415500.0
2016-07-05,12.162268211117846,12.227788783776964,11.629912581928975,11.875615119934082,3326900.0
2016-07-06,11.793714889135208,12.047607712838268,11.72819431161188,11.98208713531494,2517200.0
2016-07-07,11.998463230524411,12.23597544688965,11.760951014159172,11.924753189086914,3597900.0
2016-07-08,12.031225153165211,12.342448234558104,12.02303566815319,12.342448234558104,3921300.0
2016-07-11,12.244168643647702,12.588152043654231,12.227788890872882,12.579961776733398,3267700.0
2016-07-12,12.686431276810596,13.07955544686769,12.686431276810596,12.923943519592283,4065800.0
2016-07-13,12.948514879631109,13.00584518108236,12.694622094080122,12.997654914855955,4365900.0
2016-07-14,12.784711768668169,13.120505630429772,12.52262951662664,12.539010047912598,5740000.0
2016-07-15,12.57177072708268,12.73557213978993,12.473489098391584,12.670051574707031,3465000.0
2016-07-18,12.67005151814905,12.727381817073985,12.571770670963415,12.719191551208496,3310900.0
2016-07-19,12.678240322708549,12.719190868772085,11.965703633043146,11.990274429321287,4485200.0
2016-07-20,11.9001825727782,12.104934513443666,11.61353032448655,12.014843940734863,5182100.0
2016-07-21,11.998462946434987,12.17045460118352,11.875612099214596,11.932942390441896,4363300.0
2016-07-22,11.973895349907544,12.19502785681561,11.891995028919473,12.113126754760742,3523400.0
2016-07-25,12.129507287598434,12.309688462412272,12.00665563451613,12.113126754760742,2850600.0
2016-07-26,12.154077703048657,12.326069398132056,12.014846293644627,12.096747398376465,2584700.0
2016-07-27,12.178647222217611,12.27692807522218,11.36782959912985,11.449729919433594,5553900.0
2016-07-28,11.466147818982682,11.638509410490174,11.3266169695363,11.564640045166016,3548900.0
2016-07-29,11.515391371628631,11.597468602694423,11.301991979801253,11.359445571899414,4590400.0
2016-08-01,11.310199324966272,11.408691534759203,11.04755343218512,11.21170711517334,4738000.0
2016-08-02,11.22812306211845,11.384068867871642,11.1132150907369,11.301992416381836,3456900.0
2016-08-03,11.32661406987486,11.933983033889698,11.21170611070458,11.60567569732666,3950900.0
2016-08-04,11.572846254823997,11.695961324084166,11.129630909642245,11.326615333557127,4995500.0
2016-08-05,11.1952926372348,11.433315683863306,11.16246189917385,11.178876876831056,3833300.0
2016-08-08,11.244537772741678,11.392276477765986,11.080384090907168,11.096799850463867,4528000.0
2016-08-09,11.088592256083674,11.343030273789264,10.464807466311065,10.530468940734863,5769100.0
2016-08-10,10.54688666743288,10.760286107730389,10.292447819534573,10.46480941772461,5298800.0
2016-08-11,10.51405232340758,10.71103671595124,10.415559344389354,10.64537525177002,3624700.0
2016-08-12,10.68641648945512,10.793115807918134,10.399146925987216,10.440185546875,3449000.0
2016-08-15,10.481224952564162,10.56330141773877,10.300655476785384,10.34990119934082,4669100.0
2016-08-16,10.374521553183865,10.448390113590303,10.079044180572508,10.095459938049316,4576600.0
2016-08-17,10.079044146792048,10.218574953891675,9.91489048630613,10.161121368408203,5199200.0
2016-08-18,10.169329243292731,10.31706714630127,10.1364985112079,10.31706714630127,3166300.0
2016-08-19,10.26782297173243,10.26782297173243,10.079045647015128,10.152915000915527,2549400.0
2016-08-22,10.087252054976826,10.25961359467726,10.005174833120847,10.251405715942385,3361900.0
2016-08-23,10.300655758265796,10.50584810092947,10.243201370052232,10.308863639831545,4414300.0
2016-08-24,10.30065535426595,10.35810895747947,9.964140050735386,10.013385772705078,3306900.0
2016-08-25,10.021593326832908,10.22678565475107,10.013385445856995,10.13650131225586,1913500.0
2016-08-26,10.18574572118228,10.407353782519774,10.0215920365322,10.062630653381348,3124300.0
2016-08-29,10.08725134915652,10.284235728531891,10.062628497421183,10.276028633117676,2509500.0
2016-08-30,10.292445106011034,10.366314454724062,9.980552735192946,10.005175590515137,2537100.0
2016-08-31,9.980556604799409,10.054425982152663,9.64404124818725,9.939517974853516,4021800.0
2016-09-01,9.931305255219542,9.988758834984395,9.488090024649614,9.520920753479004,4334300.0
2016-09-02,9.611207881371238,9.9148924078108,9.611207881371238,9.832815170288086,2527700.0
2016-09-06,9.832813586827667,10.046213743823866,9.717906412096193,9.972344398498535,2441100.0
2016-09-07,9.972344105212452,10.243197841608596,9.972344105212452,10.095459938049316,3561500.0
2016-09-08,10.087253424300592,10.267822867247832,10.029799830850042,10.19395351409912,5409300.0
2016-09-09,10.054420292643176,10.054420292643176,9.512712875585075,9.520920753479004,3863000.0
2016-09-12,9.676869358290787,9.890269549652604,9.49629990538875,9.832815170288086,4535100.0
2016-09-13,9.619414673536994,9.676868263655887,8.847891232886186,9.012044906616213,6640100.0
2016-09-14,9.012042796565018,9.151573582252857,8.831474189112981,8.9381742477417,6349800.0
2016-09-15,8.880723200895083,9.282900735816972,8.782230982979488,9.15157699584961,6636300.0
2016-09-16,9.01204726463222,9.274693994068642,8.913555034623563,9.241863250732422,9279500.0
2016-09-19,9.250068765724851,9.299314476756877,9.0859143082942,9.209030151367188,3089900.0
2016-09-20,9.250069528368297,9.463468931678715,9.15978441278838,9.381392478942873,5937700.0
2016-09-21,9.4716774183788,9.83281555558755,9.43884667863255,9.750739097595217,6697600.0
2016-09-22,9.832817087939375,9.923102223371584,9.44705603149036,9.65224838256836,5600400.0
2016-09-23,9.570168640379253,9.726115224983804,9.447053574846391,9.463468551635742,5562700.0
2016-09-26,9.430636406615516,9.47167501657852,9.233652018088751,9.274690628051758,4892900.0
2016-09-27,9.241861611902072,9.282900229481765,9.053084284134105,9.184407234191896,3556100.0
2016-09-28,9.2254436222685,9.430635877831836,9.19261289268822,9.37318229675293,5283600.0
2016-09-29,9.33214673771528,9.3567695972577,9.0530850537459,9.110539436340332,4856400.0
2016-09-30,9.176198070945942,9.24185953119183,9.061290124142465,9.200820922851562,4397900.0
2016-10-03,9.291107678148048,9.537338610191004,9.061292506856343,9.25827693939209,5168000.0
2016-10-04,9.24186250749715,9.274693248193104,8.897139338816325,9.069500923156738,5934000.0
2016-10-05,9.143369368779927,9.15978434610899,8.929969184276443,9.003838539123535,4074400.0
2016-10-06,8.9545920416433,9.12695360870434,8.92176130423865,9.003838539123535,4210400.0
2016-10-07,9.094122134854452,9.176199363092696,9.003837809989555,9.012044906616213,5827400.0
2016-10-10,9.110536460110689,9.389597270169904,9.110536460110689,9.37318229675293,3755200.0
2016-10-11,9.307521021888626,9.34035175211898,8.99562869332708,9.135159492492676,5548800.0
2016-10-12,9.151577726778802,9.274693596066388,9.028462640237848,9.143370628356934,3423200.0
2016-10-13,9.085915145665725,9.307523213972956,8.92176145585289,9.250069618225098,4231700.0
2016-10-14,9.25006953728064,9.406015345551566,9.044877231123534,9.118745803833008,5277000.0
2016-10-17,9.135161488742131,9.233653700956085,8.962799921681093,9.003838539123535,3838800.0
2016-10-18,9.135159669321148,9.65224426751816,9.028459598320524,9.602997779846191,9783300.0
2016-10-19,9.644040107126784,9.947724680400324,9.430639882854566,9.931309700012209,5508900.0
2016-10-20,9.923100830048996,9.972346549054873,9.340354603502178,9.553754806518556,6933600.0
2016-10-21,9.455262184143066,9.750738833867578,9.299315587506324,9.455262184143066,6072000.0
2016-10-24,9.496299678471942,9.627622629173043,9.069500088693358,9.118745803833008,5960000.0
2016-10-25,9.118746862740432,9.176201247403908,8.872516692955841,8.98742389678955,7115000.0
2016-10-26,8.921759903462092,8.971006393210295,8.535998212464758,8.642698287963867,7669400.0
2016-10-27,8.618077219563057,8.798646675713416,8.511377121962688,8.593454360961914,5371200.0
2016-10-28,8.568759943187438,8.700460260528155,8.395903080428795,8.478216171264648,5802500.0
2016-10-31,8.535835885662264,8.889781119632463,8.535835885662264,8.749849319458008,8552900.0
2016-11-01,8.766311468598346,8.85685603635588,8.642842602560135,8.749849319458008,5105100.0
2016-11-02,8.609917293164719,8.626379441872718,8.132503205694444,8.140734672546387,8691100.0
2016-11-03,8.190121241126908,8.535834970983151,8.099577468067729,8.338284492492676,6046800.0
2016-11-04,8.873317699690121,9.60590174373067,8.832161151598699,9.079099655151367,11248600.0
2016-11-07,9.268417049662393,9.482430416030132,9.25195412071303,9.367192268371582,6461400.0
2016-11-08,9.441274642944336,9.597668555645402,9.317805020815968,9.441274642944336,6675800.0
2016-11-09,9.523587657954794,10.001001682217272,9.408350277268127,9.902226448059082,7199900.0
2016-11-10,9.95984440418088,9.95984440418088,9.103791720391458,9.112022399902344,8540700.0
2016-11-11,9.120253864408893,9.260185621037555,8.87331542418209,9.112022399902344,5899100.0
2016-11-14,9.194335693932809,9.737599804371808,9.144947690713046,9.614130973815918,5602700.0
2016-11-15,9.540049394343743,9.671749690055837,9.28487948265481,9.449504852294922,6342400.0
2016-11-16,9.40835047468146,9.40835047468146,9.070868221310713,9.21079921722412,4729900.0
2016-11-17,9.19433983279887,9.482434947110598,9.169646212570903,9.2601900100708,4539500.0
2016-11-18,9.27664955064462,9.441274933554016,9.21903007787952,9.227261543273926,2820400.0
2016-11-21,9.326037648229743,9.55651320593208,9.309575500891771,9.48243236541748,3108400.0
2016-11-22,9.391889668809087,9.424814755005771,8.963863548252185,8.980325698852539,4404000.0
2016-11-23,8.85685555145107,9.153181284716757,8.848624084833613,9.079099655151367,2868000.0
2016-11-25,9.07909667760686,9.14494681895884,8.988552929496793,9.013246536254885,1755900.0
2016-11-28,9.095561971483832,9.5235880016147,9.08733050542467,9.507125854492188,5696800.0
2016-11-29,9.482433880362104,9.581209135158051,9.23549535087427,9.309576988220217,5020600.0
2016-11-30,9.350730716324057,9.47420034663828,9.293112026508217,9.334268569946287,19546800.0
2016-12-01,9.309577077941665,9.416583016254922,9.10379509888456,9.14495086669922,9253700.0
2016-12-02,9.037942576507431,9.42481284986305,9.037942576507431,9.25195598602295,4807300.0
2016-12-05,9.31780809609836,9.671753364023022,9.103795426767988,9.63882827758789,6788500.0
2016-12-06,9.622361525120365,9.762293283214126,9.457736158244074,9.729368209838867,6877200.0
2016-12-07,9.786988966115308,9.91045781128668,9.712907345014177,9.836376190185549,7441300.0
2016-12-08,9.79522118834178,10.280866749771432,9.762296105448034,10.256173133850098,5565600.0
2016-12-09,10.289097737307513,10.610117869310017,10.182091026640007,10.585423469543455,8596000.0
2016-12-12,10.64304149655194,10.750048192599529,10.231477643290017,10.37140941619873,10262100.0
2016-12-13,10.445490335697572,10.601885040811998,10.3055593466418,10.527803421020508,7563200.0
2016-12-14,10.519574954957363,10.70889479118297,10.22324917629518,10.27263641357422,7381100.0
2016-12-15,10.223245833466304,10.37140906684851,9.959845227449692,10.35494613647461,5194000.0
2016-12-16,10.149165277574836,10.387872297976187,10.058621506041842,10.124471664428713,20156300.0
2016-12-19,10.157397865369015,10.58542394215334,10.132704249495818,10.577193260192873,6513500.0
2016-12-20,10.577191857577418,10.601885470176056,10.25617175381194,10.28909683227539,3681600.0
2016-12-21,10.33025207889961,10.45372091137823,10.149163777601366,10.182088851928713,6076000.0
2016-12-22,10.157394909103052,10.256170128843642,9.96807514918684,9.984538078308104,5885800.0
2016-12-23,10.050388673772582,10.231476977217737,9.992769989265549,10.157395362854004,3600500.0
2016-12-27,10.124470947242427,10.379640096667195,10.124470947242427,10.37140941619873,3651800.0
2016-12-28,10.42079479222973,10.453719863255904,10.223244366072676,10.231475830078123,2749100.0
2016-12-29,10.231476250357158,10.338482931836651,10.149163176912731,10.198551177978516,2640500.0
2016-12-30,10.247937075052253,10.256168538336365,10.058618129490933,10.091543197631836,3448500.0
2017-01-03,10.140933811527525,10.247940515155138,10.03392710789991,10.124471664428713,3228300.0
2017-01-04,10.140933469898815,10.758279272725366,10.12447132335458,10.725354194641112,8040900.0
2017-01-05,10.708892050418685,10.955830528602,10.634810428464112,10.93113613128662,8121200.0
2017-01-06,10.955830629912182,11.071068011799772,10.667735605201626,10.996986389160156,8693200.0
2017-01-09,10.98875585329193,11.120456168612977,10.807667527227595,11.087531089782717,8444500.0
2017-01-10,11.054609328399788,11.285084949376497,10.898214568275709,11.211003303527832,8770600.0
2017-01-11,11.26038826000926,11.606101989746094,11.26038826000926,11.606101989746094,14526800.0
2017-01-12,11.564945314426051,11.885964642021364,11.48263222350654,11.836577415466309,7591100.0
2017-01-13,11.795419114283945,12.042357565290416,11.770725504682003,12.017663955688477,6953100.0
2017-01-17,12.71732428486512,13.104194568591218,12.388073480627488,12.62678050994873,10918000.0
2017-01-18,12.667935035277464,12.8078668009982,12.453921654175662,12.560928344726562,6565500.0
2017-01-19,12.486845112730569,12.816095821802351,12.437457113871991,12.807865142822266,13204100.0
2017-01-20,12.90664345980647,13.50752634463372,12.890180527895463,13.26058864593506,8393900.0
2017-01-23,13.342902183532717,13.58161002237046,13.079502298081357,13.342902183532717,5812700.0
2017-01-24,13.433443465998788,13.680382711618613,13.33466902374402,13.474600791931152,6634400.0
2017-01-25,13.49106160883111,13.630993371381152,13.425211459983526,13.532218933105469,5031100.0
2017-01-26,13.548683166503906,13.696846425334291,13.44167724067736,13.548683166503906,4412700.0
2017-01-27,13.507524237444834,13.663918926218424,13.425211160722345,13.540450096130373,3317600.0
2017-01-30,13.523958130565866,13.54045114030243,13.210598809871062,13.408510208129885,4848300.0
2017-01-31,13.3425411500995,13.672393515340625,13.3425411500995,13.639409065246582,3836500.0
2017-02-01,13.598175055856167,13.688885036242672,13.342539697237813,13.474480628967283,3379100.0
2017-02-02,13.425003196110794,13.845565506551743,13.26007624473239,13.779593467712402,6049700.0
2017-02-03,13.8043342677445,14.480532000215913,13.664146817876516,14.084709167480469,11968900.0
2017-02-06,14.11769332569554,14.191908720780502,13.515711077602662,13.771347999572754,6966300.0
2017-02-07,13.721869443881618,13.771348472785014,13.383770610674915,13.416756629943848,5060100.0
2017-02-08,13.359033486837168,13.614668860379862,13.210599536760746,13.490974426269531,4443500.0
2017-02-09,13.383771546713549,13.606422473770763,13.36727853592559,13.540452003479004,4257500.0
2017-02-10,13.606418548770996,13.738359451293944,13.457984640217774,13.738359451293944,3186500.0
2017-02-13,13.68888473083904,13.969259597723909,13.63940727575934,13.812579154968262,5708900.0
2017-02-14,13.71362234373618,13.8620562782827,13.457986996939338,13.84556484222412,6752800.0
2017-02-15,13.804333029320407,14.637211148185722,13.796086524437388,14.422806739807127,8390700.0
2017-02-16,14.422807776705575,14.422807776705575,14.092955421970592,14.109448432922363,4478900.0
2017-02-17,14.10944565393711,14.125937088780647,13.796084799013109,14.10119915008545,3987000.0
2017-02-21,13.845568337668256,14.266129161244738,13.622917379638144,14.11769676208496,3779100.0
2017-02-22,14.05996795910184,14.05996795910184,13.754855152064636,13.878549575805664,4705800.0
2017-02-23,14.026983965535065,14.249634879161016,13.969260004119445,14.05172348022461,6036000.0
2017-02-24,14.175416252256197,14.488775537423308,14.125937228656282,14.398065567016602,6467900.0
2017-02-27,14.35683075706778,14.604219517060674,13.738357284226172,13.82906723022461,9383100.0
2017-02-28,13.548696684212937,13.9197799398062,13.053917437228716,13.655898094177246,9653000.0
2017-03-01,13.90328796972571,14.10119934634069,13.77134705198239,13.895041465759276,14262200.0
2017-03-02,13.79608475488286,14.406311882215787,13.79608475488286,14.043475151062012,8078900.0
2017-03-03,14.043480103354774,14.27437600044671,13.928030581948471,14.26612949371338,4584500.0
2017-03-06,14.249635647379836,14.37333008177614,13.977507262563938,14.315606117248535,10790000.0
2017-03-07,14.422804936001327,14.562992355760004,13.977504738030094,14.10119915008545,5974700.0
2017-03-08,14.068216969570786,14.24139045194192,13.680640620050951,14.158926963806152,7587500.0
2017-03-09,14.092953837704249,14.736167036775411,14.051722887819908,14.727920532226562,7437100.0
2017-03-10,14.810382431995242,14.89284590462384,14.488776618889618,14.727920532226562,5923900.0
2017-03-13,14.736166744092095,14.892845608828637,14.241387491007517,14.290864944458008,9000200.0
2017-03-14,14.307358122069711,14.307358122069711,13.845564881075743,14.026983261108398,6336200.0
2017-03-15,14.1341837325896,14.521761553156583,14.084706281849488,14.398065567016602,8199800.0
2017-03-16,14.406316302387776,14.826878689356247,14.200158362081288,14.75266170501709,9434900.0
2017-03-17,14.84336770186978,15.305160923304976,14.84336770186978,14.892845153808594,12065100.0
2017-03-20,14.950569692072088,15.173220593756763,14.785644321567062,15.115496635437012,6020600.0
2017-03-21,15.107246424677646,15.26392682514947,14.98355203393021,15.04127597808838,3805800.0
2017-03-22,15.074265856286882,15.11549680616386,14.75265847037877,14.851614952087402,4262300.0
2017-03-23,14.868110018814264,15.066021436761028,14.84337050174837,14.958818435668944,3395400.0
2017-03-24,14.96706477370062,15.057774762399326,14.92583381857945,14.975311279296877,3133000.0
2017-03-27,14.942322860652776,15.000046811633284,14.81862688242632,14.99180030822754,2915800.0
2017-03-28,14.934082984924316,14.975313947391449,14.777402496400509,14.934082984924316,4216700.0
2017-03-29,15.404121595286515,15.626772548938924,15.214456667150142,15.445352554321287,7569700.0
2017-03-30,15.420614555529587,15.445352501722098,15.03303662133746,15.148486137390137,3167200.0
2017-03-31,15.15672795119666,15.626769279289944,15.0825125550345,15.420611381530762,4979700.0
2017-04-03,15.321658104356707,15.461845567079305,15.0990071507043,15.445352554321287,4489900.0
2017-04-04,15.453594297806736,15.72572263300128,15.362884328455293,15.569042205810549,4466300.0
2017-04-05,15.569041903658412,15.717475824131068,15.338146092131836,15.412363052368164,3784500.0
2017-04-06,15.420618185249316,15.651514125982654,15.33815467519,15.585543632507324,5780200.0
2017-04-07,15.602029133545132,15.6432600822834,15.230944303461234,15.263930320739746,3658500.0
2017-04-10,15.263936705145904,15.569049628291546,15.263936705145904,15.470094680786133,2997600.0
2017-04-11,15.412366365304909,15.478336836044454,15.247439402025996,15.428857803344728,2695500.0
2017-04-12,15.3876285825285,15.503076526114077,15.214456667150142,15.445352554321287,3962900.0
2017-04-13,15.461844028660636,15.494830050894633,15.13199167062123,15.164976119995115,2724000.0
2017-04-17,15.156731013987752,15.239194504327193,15.11550005524816,15.21445655822754,2724700.0
2017-04-18,15.164977604584584,15.296918560716826,15.10725363288426,15.206210136413574,3685500.0
2017-04-19,15.23094519551461,15.379379136241718,14.727920985434915,14.744412422180176,4801100.0
2017-04-20,14.851617778060303,14.859864284176831,14.183666511223697,14.21665096282959,6910400.0
2017-04-21,14.23314031484496,14.30735727794774,13.820824552211652,14.076459884643556,6418700.0
2017-04-24,14.14243503843408,14.414563469192672,14.068218050694432,14.26612949371338,4138800.0
2017-04-25,14.076460715142776,14.158924187106674,13.886795830627742,14.026983261108398,4951200.0
2017-04-26,14.043474021246787,14.3568332770985,13.961010562488028,14.249631881713867,8660700.0
2017-04-27,14.191807370900156,14.299195206476764,13.869642288575228,13.910944938659668,3956300.0
2017-04-28,13.977030036726092,14.224849086872847,13.877901471310334,13.960508346557615,4055200.0
2017-05-01,13.795297025005922,13.97703090131554,13.73747110583927,13.770514488220217,5518200.0
2017-05-02,13.440090535135711,13.861384269386408,12.84532295665224,13.027057647705078,10205700.0
2017-05-03,13.018796863409106,13.018796863409106,12.341422389067263,12.374464988708496,8193600.0
2017-05-04,12.37446353867584,12.415766980336896,11.994474081227471,12.060559272766112,11847800.0
2017-05-05,12.118382429579034,12.490111792466005,12.002732961833011,12.415765762329102,7759800.0
2017-05-08,12.357946261948127,12.36620711026456,12.002737662320223,12.217514991760254,6579700.0
2017-05-09,12.349682739257243,12.4488105341943,12.05229935444608,12.159687995910645,6700300.0
2017-05-10,12.184468928528318,12.663586965744944,12.044037698192655,12.498373985290527,7121400.0
2017-05-11,12.40750679030652,12.944449162797753,12.283596466640962,12.614023208618164,5532000.0
2017-05-12,12.630545262639988,12.630545262639988,12.39098622709473,12.448810577392578,3264100.0
2017-05-15,12.457074165344238,12.655329799535904,12.37446725719878,12.457074165344238,4169900.0
2017-05-16,12.432287341493495,12.523154273184238,12.267074380329628,12.324898719787598,4205700.0
2017-05-17,12.324903322745966,12.556201554757894,12.14316860369482,12.432291984558104,3762000.0
2017-05-18,12.390984511052295,12.647065204244978,12.19272894794688,12.589240074157717,3992000.0
2017-05-19,13.150967129450605,13.299659220236624,12.853583735676269,12.977493286132812,5644200.0
2017-05-22,12.994014017678431,13.233573844198691,12.828801023352131,13.184009552001951,5800900.0
2017-05-23,13.7044334186016,13.869647228979156,13.10966574951677,13.117926597595217,7323300.0
2017-05-24,13.117923135295504,13.877902838575782,13.084880539500707,13.844861030578612,6612700.0
2017-05-25,13.820081653497471,13.952252066903648,13.50617731555671,13.588784217834473,4819100.0
2017-05-26,13.613562703275663,13.679647897928644,13.44008965815985,13.605301856994627,4007300.0
2017-05-30,13.58052021428983,13.605301176297784,13.357482102646772,13.39052391052246,3232800.0
2017-05-31,13.390525418393372,13.448351345979123,13.076621118047829,13.266615867614746,4360000.0
2017-06-01,13.63834460991174,13.85312187647672,13.415306497448658,13.844861030578612,4620400.0
2017-06-02,13.803558975120696,14.191810915504274,13.770517161919509,13.977033615112305,5383800.0
2017-06-05,13.92746993236289,14.0513794876012,13.720953481767214,13.795299530029297,3633100.0
2017-06-06,13.803556564141916,13.96050948232122,13.66312691307044,13.861382484436035,5652700.0
2017-06-07,13.820078378493756,13.836600070153214,13.43182807806792,13.547476768493652,4679600.0
2017-06-08,13.547476768493652,13.588780997642296,13.34096034953614,13.547476768493652,3135600.0
2017-06-09,13.51443808378011,13.803559876656706,13.456613725204791,13.787039756774902,2969000.0
2017-06-12,13.770516537905484,13.894426089087071,13.663128680373552,13.803558349609377,4641100.0
2017-06-13,13.828342221432054,14.034858685149253,13.787039558926846,13.993556022644045,3589800.0
2017-06-14,13.943988676540547,14.01833471747456,13.481392313969714,13.605301856994627,6925300.0
2017-06-15,13.605301762460954,13.836600729936896,13.42356787232684,13.720952033996582,3483100.0
2017-06-16,13.7292136824078,13.985293627921903,13.431829503362126,13.968771934509276,5700000.0
2017-06-19,14.010074113052417,14.117463540964469,13.85312275778919,14.00181484222412,3212000.0
2017-06-20,13.927467913964412,13.968770567859687,13.62182291811553,13.844861030578612,3131100.0
2017-06-21,13.927467674891233,14.158765053686816,13.820078255654522,13.861382484436035,3899400.0
2017-06-22,13.902685422484437,14.414846840702683,13.902685422484437,14.233111381530762,4316400.0
2017-06-23,14.233113562196005,14.3900665076381,14.142247394283627,14.365283966064451,5152000.0
2017-06-26,14.390064439286189,14.662666055031984,14.390064439286189,14.57179832458496,8019300.0
2017-06-27,14.580065144845555,14.654411213748574,14.216595649719238,14.216595649719238,2920500.0
2017-06-28,14.30746078491211,14.522238102714644,14.290939089174463,14.30746078491211,2814900.0
2017-06-29,14.25789456140695,14.32397975619234,13.919207741182412,14.05963897705078,3308400.0
2017-06-30,14.084422256661416,14.373545622244748,14.084422256661416,14.224853515625,3403600.0
2017-07-03,14.323976314738474,14.563534497431428,14.13398162232769,14.183545112609863,1807000.0
2017-07-05,14.150507516965916,14.3570239823808,13.87790584564209,13.87790584564209,3659000.0
2017-07-06,13.943990715741574,14.001816648165432,13.489655133008704,13.514437675476074,4213600.0
2017-07-07,13.497914891286957,13.547478396626625,13.175748955388263,13.415307998657228,4773500.0
2017-07-10,13.390525654161154,13.522697629660325,13.250095982909468,13.316181182861328,5976400.0
2017-07-11,13.497917661650138,13.646609783782695,13.332703842481576,13.464874267578123,7656000.0
2017-07-12,16.11654068283324,17.463026970854393,15.612640142702515,17.421724319458008,53494000.0
2017-07-13,17.78519705075094,19.296897385538173,17.71085100349948,18.338661193847656,36824800.0
2017-07-14,18.371701532786734,19.230810642972337,18.33865972310016,19.19776725769043,17236700.0
2017-07-17,19.197764741195105,19.21428643167035,18.512130342423674,18.93342399597168,11527800.0
2017-07-18,18.96646926995857,19.38776300055374,18.726911016637047,19.346460342407227,8665100.0
2017-07-19,19.34645687842552,19.92470344251418,19.08211613218904,19.82557487487793,10103400.0
2017-07-20,19.825578944770275,19.957749345021107,19.5529772973035,19.916446685791016,8014400.0
2017-07-21,19.949489887736643,20.312959301543422,19.693409916361567,20.2303524017334,8096700.0
2017-07-24,20.172525168461785,20.891203046069805,20.048615624210843,20.88294219970703,9173800.0
2017-07-25,20.957288652492743,21.00685215604633,20.57729759032757,20.65990447998047,8829900.0
2017-07-26,20.70121067804947,20.858163637677983,20.27991688679123,20.379045486450195,8624600.0
2017-07-27,20.445126003586218,20.734249312695383,20.21382704117983,20.329477310180664,9561600.0
2017-07-28,20.37910358088336,20.87534831405807,20.255042791969316,20.81745338439941,4679800.0
2017-07-31,20.825729021084012,20.85054023796361,20.312942312814386,20.362567901611328,5065500.0
2017-08-01,20.395646836250645,20.569333214634742,20.04827565700108,20.28812789916992,5016300.0
2017-08-02,20.180607568292515,20.4618128863174,19.99865183560762,20.238502502441406,5252300.0
2017-08-03,20.139256744612997,20.6106887782302,19.70090685812601,19.83323860168457,4122200.0
2017-08-04,19.89939825593074,20.428726642296027,19.84977426198092,20.22195816040039,4126100.0
2017-08-07,20.180609375882565,20.387377917802507,20.0317357732972,20.263317108154297,5418400.0
2017-08-08,20.213685920623437,20.51143144252686,19.84977297438789,20.056541442871094,4799000.0
2017-08-09,20.122713088989254,20.19714988529713,19.957297635523176,20.122713088989254,2899700.0
2017-08-10,20.048273884581853,21.23926090493361,19.96556616778325,20.172334671020508,6914700.0
2017-08-11,19.973832817391877,20.51970142277266,19.973832817391877,20.40391159057617,3422000.0
2017-08-14,20.5279749917538,21.181364163260906,20.49489285437735,21.06557273864746,5262300.0
2017-08-15,20.982866606447168,21.15655137708981,20.718201619843835,21.06557273864746,3567100.0
2017-08-16,21.26407350589656,21.45430174022548,21.115201498948423,21.23099136352539,3725800.0
2017-08-17,21.18963739442674,21.330240042970654,20.817453449010927,20.88361930847168,3477600.0
2017-08-18,20.91670266504597,21.49565353093052,20.792640300374963,21.313697814941406,5441100.0
2017-08-21,21.30542639904665,21.36332132656148,20.933242468567794,21.27234268188477,4640400.0
2017-08-22,21.363323120079656,21.71069429185,21.264073537780163,21.38813591003418,6389900.0
2017-08-23,21.503928199683383,21.503928199683383,20.999412456346345,21.18136978149414,8988300.0
2017-08-24,21.189632339564056,21.21444354499396,20.726469856309325,21.03248786926269,4948600.0
2017-08-25,20.94151576385495,20.99113976768589,20.1475253924854,20.32948112487793,7480300.0
2017-08-28,20.3460198333396,20.527975537543707,20.20541719633512,20.32120704650879,5501500.0
2017-08-29,20.24677223624278,20.78437004980977,20.1144405152884,20.635498046875,4618300.0
2017-08-30,20.62722456176694,20.65203577042311,20.37083050385192,20.55278778076172,2929900.0
2017-08-31,20.536247320707577,20.726473961767905,20.39564467785463,20.602413177490234,6573500.0
2017-09-01,20.60241253149017,20.643765599113262,20.34602004168652,20.519704818725582,2568500.0
2017-09-05,20.618958612558423,20.676853550095693,19.89940341490685,20.18060874938965,4004900.0
2017-09-06,20.27985858468499,20.27985858468499,19.552032447548925,19.80015563964844,11715900.0
2017-09-07,19.932479444342466,20.073082057314664,19.800147758900167,19.957290649414062,5267400.0
2017-09-08,19.94075773098205,20.015194528703905,19.667823331841483,19.78361320495605,2427500.0
2017-09-11,19.833230313064337,19.9738329290251,19.684356769397866,19.75052261352539,3382600.0
2017-09-12,19.800148179759656,19.949021723426128,19.67608741921031,19.75052261352539,2929700.0
2017-09-13,19.750526155912837,19.800151731047773,19.436238734317097,19.485862731933597,6402300.0
2017-09-14,19.43623696469663,19.60165237838222,19.006158151128737,19.10540771484375,7055100.0
2017-09-15,19.121946246250836,19.403149876583413,18.9399890073369,18.96480178833008,12235100.0
2017-09-18,19.03924859202532,19.833239072213484,18.981353650034784,19.717449188232425,6512600.0
2017-09-19,19.75880252473284,20.39565004995708,19.667825433642857,20.362567901611328,8214200.0
2017-09-20,20.40391254171219,20.420454397802267,19.94075161381768,19.96556282043457,5866700.0
2017-09-21,19.80014947982661,20.0565419454656,19.783607623329065,20.00691795349121,3491400.0
2017-09-22,19.9490292394044,19.9986532468168,19.684364185661163,19.80015563964844,3382600.0
2017-09-25,19.83322854661978,19.89112345788519,19.29563091377494,19.34525489807129,3497000.0
2017-09-26,19.34525290940764,19.98210002289625,19.171568193465944,19.93247604370117,7919300.0
2017-09-27,19.88286216626776,20.643768825574227,19.88286216626776,20.594144821166992,9426800.0
2017-09-28,20.45354216074761,20.635499472771905,20.11444190518063,20.594144821166992,7020200.0
2017-09-29,20.577605742131173,21.26407727638085,20.52798173101594,21.16482925415039,7162400.0
2017-10-02,21.17309321851887,21.239259070740054,20.88361702348179,21.156551361083984,5043400.0
2017-10-03,21.255803766986283,21.528738141040133,21.00768060488006,21.412946701049805,8176800.0
2017-10-04,21.503924460409824,21.55354845976713,21.2558028861048,21.313697814941406,6803900.0
2017-10-05,21.346780585568773,21.37986430446272,20.83399556286099,21.148283004760746,4479900.0
2017-10-06,21.07384424438968,21.181364743223423,20.85053389529043,21.082115173339844,4376400.0
2017-10-09,21.098656579998345,21.446027700883963,21.03249072733053,21.28888320922852,2407000.0
2017-10-10,21.437756611323948,21.462569397457663,21.15655134521523,21.247529983520508,3354800.0
2017-10-11,21.04903245871841,21.247530015532156,20.900158896728524,21.06557273864746,4273400.0
2017-10-12,21.123471766252763,21.36332241785474,20.85880674799333,21.239261627197266,4492100.0
2017-10-13,21.36332216428142,21.61971467226607,21.065575008222783,21.55354881286621,7584000.0
2017-10-16,21.495649060472854,22.066330455711796,21.37985922688049,22.016706466674805,5441600.0
2017-10-17,22.00016616680324,22.00016616680324,21.429484731211023,21.503921508789062,6414200.0
2017-10-18,21.42121554534557,21.64452589624456,21.37159154876305,21.462570190429688,4471300.0
2017-10-19,21.37159765982208,21.50392940689376,20.91670747645302,21.123476028442383,4846700.0
2017-10-20,21.189634348749536,21.2392583418328,20.92496937142943,21.00767707824707,3744100.0
2017-10-23,21.04903330483281,21.123470088819914,20.552788604091592,20.58587074279785,7504100.0
2017-10-24,20.70166783668084,20.883623593150013,20.63550196364488,20.7678337097168,3752800.0
2017-10-25,20.61068344116211,20.71820236339221,20.30466537747605,20.61068344116211,7443700.0
2017-10-26,20.70993798334048,20.759561991857577,20.329483044659284,20.48662757873535,3408500.0
2017-10-27,20.511436641234123,20.96632833370227,20.420459564755397,20.958057403564453,2922400.0
2017-10-30,20.91670090225425,21.371590942649632,20.60241191860208,20.68511962890625,4083900.0
2017-10-31,20.70996009095776,20.82588898923219,20.478100714996103,20.701679229736328,4420500.0
2017-11-01,20.86729376468045,20.96666094274697,20.411855863735006,20.569189071655277,7077700.0
2017-11-02,21.40553851614009,22.722165556938368,21.190240843745283,21.504905700683597,17476800.0
2017-11-03,21.612560558437732,23.26041457897268,21.612560558437732,22.87122344970703,11615000.0
2017-11-06,22.970589713905238,23.591640270054334,22.970589713905238,23.39290428161621,6282800.0
2017-11-07,23.43430736208581,23.740693002530296,23.38462375910488,23.533676147460938,4122100.0
2017-11-08,23.459152188441,23.55852098328386,22.84638242858138,23.202451705932617,4859400.0
2017-11-09,23.24384386795688,23.624755565471816,22.896055613448755,23.036827087402344,3664600.0
2017-11-10,22.97886731749752,23.5502341903304,22.821534090024954,23.4757080078125,6410000.0
2017-11-13,23.40118219558444,23.898022893761205,23.210727094764135,23.83177757263184,5968300.0
2017-11-14,23.6992847783614,24.063633221781764,23.57507343053643,23.947704315185547,3970500.0
2017-11-15,23.906307395294395,24.394865725857592,23.649605354857076,24.32034111022949,3483600.0
2017-11-16,24.32861073519476,24.659838839162408,24.055348655010302,24.3782958984375,3628300.0
2017-11-17,24.345174451000823,24.55219124323623,24.163000242422275,24.419700622558597,3061300.0
2017-11-20,24.461110306805264,24.543915778375258,24.17956728111052,24.27893447875977,5796300.0
2017-11-21,24.527350454341924,24.54391059751244,24.254088349368462,24.403139114379883,3474800.0
2017-11-22,24.411424634297845,24.560477007166902,24.005671830050453,24.19612693786621,6876400.0
2017-11-24,24.370022091617468,24.40314396395352,23.88146223420911,24.038795471191406,1931500.0
2017-11-27,24.0222279746861,24.212683038253243,23.77380688448255,23.8234920501709,5932600.0
2017-11-28,23.98911568133383,24.063641885094327,23.533679173387185,23.898029327392575,4728500.0
2017-11-29,23.35977693296462,23.881460197633768,23.2272862960928,23.351497650146484,6191400.0
2017-11-30,23.38461494165709,23.5667891368384,22.78840719245336,22.896055221557617,6950300.0
2017-12-01,22.987146535370403,23.54195164363746,22.987146535370403,23.144479751586918,5373100.0
2017-12-04,23.069953733966777,23.30181154956015,22.63935839156064,22.697322845458984,9520300.0
2017-12-05,22.655922370581344,22.995429845277982,22.498589137615344,22.62279891967773,3109300.0
2017-12-06,22.639362255594268,22.92918615396536,22.399221957699787,22.597959518432617,3730700.0
2017-12-07,22.490308844871365,23.061675752134462,22.4075017949268,22.96230697631836,4023100.0
2017-12-08,23.003713168351545,23.467430474707164,22.962308850293656,23.39290428161621,3357700.0
2017-12-11,23.36806364142409,24.18785025444278,23.36806364142409,24.121604919433597,3959800.0
2017-12-12,24.080198343609226,24.121601079118367,23.74897172129672,23.765533447265625,4409400.0
2017-12-13,23.856619140360564,23.856619140360564,23.2438495106912,23.310094833374023,3664100.0
2017-12-14,23.30181631580388,23.30181631580388,22.87950174891749,22.92090606689453,3441200.0
2017-12-15,22.97886933413419,23.12792171225089,22.70560716739128,22.771852493286133,6005100.0
2017-12-18,22.862943869947603,23.2521350210738,22.738732483103583,22.84638214111328,4655800.0
2017-12-19,22.80498065991346,22.970593219177463,22.52343757180983,22.56484031677246,7813700.0
2017-12-20,22.672483503734437,22.697326092993737,22.10111816548872,22.357818603515625,7280000.0
2017-12-21,22.4074972024041,22.99542571504,22.32469016943123,22.73872375488281,5046400.0
2017-12-22,22.81325308421189,23.599917637217683,22.631078849986963,23.318374633789062,8527900.0
2017-12-26,23.177598345857533,23.5667893210929,23.11135303987252,23.541948318481445,2622600.0
2017-12-27,23.566791529142588,23.624757559296597,22.90433840722505,22.937461853027344,4329000.0
2017-12-28,23.020269329223712,23.285252180661413,22.55655210318043,23.194164276123047,3265100.0
2017-12-29,23.111356869176348,23.823495211068437,23.111356869176348,23.58335494995117,4888400.0
2018-01-02,23.65788068227493,24.013949846498036,23.541951774635,23.93114280700684,6522600.0
2018-01-03,23.97255115652722,24.5190754980962,23.691008122456758,23.91458511352539,7780700.0
2018-01-04,23.91458333268655,24.254092384476746,23.59163758564807,23.641321182250977,4346700.0
2018-01-05,23.715846666101964,23.889741618193447,23.50054898130028,23.790372848510746,4539200.0
2018-01-08,23.806933898829183,24.34517730587664,23.798653036639163,24.15472221374512,12297800.0
2018-01-09,24.278929865478503,24.328613454862666,23.74896736694661,23.78208923339844,3402100.0
2018-01-10,23.59163749419542,23.608199219469878,23.210727289361294,23.384620666503903,3241100.0
2018-01-11,23.49226974642747,23.8566182173803,23.3597775267747,23.69100570678711,6183600.0
2018-01-12,23.633042798340625,23.93114596871532,23.541954884924767,23.765533447265625,4825500.0
2018-01-16,23.848339144281937,23.91458446937221,23.061676106261597,23.10307884216309,4521300.0
2018-01-17,23.268687506538143,23.31837109389116,22.589672688200142,22.713882446289062,6914000.0
2018-01-18,22.390939996790877,22.71388573039803,21.91065945842311,22.200483322143555,10096100.0
2018-01-19,22.13423386618784,22.35781236893625,21.794726471382937,22.27500534057617,8706000.0
2018-01-22,22.34953894346143,22.58139838412272,22.117679502800144,22.29157447814941,10257900.0
2018-01-23,22.357812637920848,22.73872276178213,22.23360288359272,22.47374153137207,3161500.0
2018-01-24,22.37438516288279,22.78841893016302,22.357823433132346,22.56484031677246,4660000.0
2018-01-25,22.63935486029926,23.07823099615159,22.515145109975062,22.896055221557617,4606300.0
2018-01-26,23.22729036371825,23.22729036371825,22.55655619966727,22.68904685974121,5814000.0
2018-01-29,22.59795917365842,22.689045509906997,22.23360909042465,22.24188995361328,4122800.0
2018-01-30,22.11767360929495,22.134235331946247,21.28960642968383,21.604272842407227,7600100.0
2018-01-31,21.64573427752635,21.8032470960135,21.38044786614617,21.56283187866211,5764800.0
2018-02-01,21.463338940284657,22.118265854646737,21.30582619330197,21.9110107421875,5319100.0
2018-02-02,21.678889806419026,21.869564177524367,21.330701068159467,21.71205139160156,4394200.0
2018-02-05,21.571114359041967,21.670595936179176,20.783544230755147,20.858156204223636,7126700.0
2018-02-06,20.41877458382394,21.297537468000154,20.0208451162146,21.148313522338867,8603100.0
2018-02-07,22.15971930870415,22.416716822175378,20.99080043930435,21.023962020874023,12115800.0
2018-02-08,20.90789644537472,20.95763881387211,19.89649200439453,19.89649200439453,8448500.0
2018-02-09,20.02084867572889,20.551422974770155,19.689240727097737,20.385618209838867,8992300.0
2018-02-12,20.47680991899676,20.63432269809869,20.10375000800516,20.493389129638672,8545300.0
2018-02-13,20.46022807148624,20.526549654326097,20.269553718475564,20.402196884155277,4256700.0
2018-02-14,20.136906712549077,20.78354162661212,20.06229474842934,20.55970573425293,4243900.0
2018-02-15,20.725515469269297,20.98251141834346,20.54313150238301,20.94106101989746,3629600.0
2018-02-16,20.791833680078344,21.189763132991068,20.76696249630964,20.90789604187012,2938500.0
2018-02-20,20.858155420637708,21.513082367316933,20.750383452582582,21.297536849975582,5603900.0
2018-02-21,21.2643745349806,21.297536112452946,20.72551155090332,20.72551155090332,4785100.0
2018-02-22,20.81670824332811,21.2312185527135,20.775256263650768,20.94106101989746,3206800.0
2018-02-23,21.214634461704836,21.952462191675465,21.17318406970488,21.902721405029297,7695300.0
2018-02-26,22.00220561765854,22.010494431472267,21.3721498253265,21.79495048522949,3706100.0
2018-02-27,21.770077665971,21.88614002542532,21.546241760253903,21.546241760253903,6401400.0
2018-02-28,21.55453704091609,21.71205140819066,21.380443462269003,21.438474655151367,5007700.0
2018-03-01,22.30065706010213,22.79806980853465,21.96075869127341,22.317237854003903,7636500.0
2018-03-02,22.391844398957836,23.237445707494192,22.308942030844847,23.121381759643555,5427400.0
2018-03-05,23.005321519016363,24.05817805451731,22.96387112174489,24.000146865844727,7935400.0
2018-03-06,24.00014287068677,24.44781309537668,23.942110110443245,24.215686798095703,6318400.0
2018-03-07,24.04159558741568,24.497556250546605,23.96698361254245,24.35662269592285,6169000.0
2018-03-08,24.47268941433525,24.77942616241244,24.45610862221449,24.539011001586918,6822500.0
2018-03-09,24.48926704460677,24.729682174391904,24.389783885958018,24.663360595703125,7617100.0
2018-03-12,24.62191000018436,24.970098680754504,24.53900763219506,24.77942276000977,6867700.0
2018-03-13,24.97009816125683,25.06957973578937,24.754552641461487,24.870615005493164,4602700.0
2018-03-14,24.870616082434847,25.210514375729627,24.82916568812326,25.036420822143555,5060200.0
2018-03-15,25.210518498137635,25.56699763994077,25.160777700583917,25.50896644592285,6782000.0
2018-03-16,25.525547157104743,25.566997558061523,25.11103682261118,25.119325637817383,6816500.0
2018-03-19,25.11932288272636,25.39289961023692,24.854036550744155,25.011550903320312,5618600.0
2018-03-20,25.13590643069267,25.31000159342032,25.036424835903823,25.119325637817383,3498500.0
2018-03-21,25.16906120914787,25.475797888222637,24.98667569931108,25.02812767028809,4293200.0
2018-03-22,25.202228020962384,25.575287954499167,24.862329673176177,25.119325637817383,5722700.0
2018-03-23,25.1939386374854,25.34316261689989,24.65507549722424,24.6965274810791,5135100.0
2018-03-26,24.84574909191498,25.202228235612647,24.69652669846076,25.177358627319336,4510200.0
2018-03-27,25.24367486306801,25.823988264457512,24.837453426494903,24.870615005493164,8099300.0
2018-03-28,25.35144975357093,25.517254505205504,24.920358664306075,25.094453811645508,6223000.0
2018-03-29,25.251964792781614,25.575283877381636,25.2105143984327,25.30999755859375,4356600.0
2018-04-02,25.33486501248108,25.51725052709165,24.845742810767177,25.15248107910156,6324400.0
2018-04-03,25.210520733680045,25.392904728370883,24.85404156026613,25.26026153564453,4499400.0
2018-04-04,25.111037345891077,25.26025974118394,24.746267801190637,25.202228546142575,4905900.0
2018-04-05,25.28512933818777,25.450934097488105,24.94523100473031,25.127614974975582,4198600.0
2018-04-06,25.03642400227603,25.24367916262192,24.721395273060697,24.83745765686035,5531100.0
2018-04-09,25.036420844689847,25.459219926988546,24.87061610483183,25.30999755859375,5067800.0
2018-04-10,25.558709177237134,25.558709177237134,25.003265221963023,25.33487319946289,3734900.0
2018-04-11,25.26854853652784,25.53383488632372,25.21880774124896,25.40119171142578,3198300.0
2018-04-12,25.401191300971615,25.409481696922697,24.746265833149813,24.88719940185547,5539600.0
2018-04-13,24.945231643368672,25.18564681115467,24.862329261596063,24.978391647338867,3775900.0
2018-04-16,25.07786926366593,25.61673225391172,25.06128847473996,25.46750831604004,4989700.0
2018-04-17,25.351447065657005,25.98150284134224,25.343156670831146,25.906890869140625,5779300.0
2018-04-18,26.08927184531016,26.34626931199827,25.998080675056237,26.0146598815918,4056800.0
2018-04-19,26.08098475697048,26.296530281560877,25.857150418677243,26.10585594177246,4359800.0
2018-04-20,26.10585484429113,26.1721764197438,25.774246967027803,25.84056854248047,2824200.0
2018-04-23,25.898600890687987,25.95663207417085,25.64160497187909,25.873729705810547,2842100.0
2018-04-24,26.039533889578266,26.379432169529675,25.58357324512572,25.69134521484375,4184700.0
2018-04-25,25.60015678045744,25.815702337556623,25.426063204280048,25.77425193786621,3098300.0
2018-04-26,25.865438270408493,26.139014951406445,25.73279512696894,25.98150062561035,3542600.0
2018-04-27,25.998085661149943,26.205340804287346,25.96492407925696,26.122438430786133,3110000.0
2018-04-30,26.05605264818587,26.11413913722584,25.699233835239635,25.72412872314453,5178300.0
2018-05-01,25.798811950463172,25.96477470529432,25.168155697938214,25.43369483947754,4959500.0
2018-05-02,25.383907009331757,25.65774445080468,25.10177127172472,25.292627334594727,5846300.0
2018-05-03,25.782213402718423,27.20948855433329,25.43369291020061,26.844369888305664,16097700.0
2018-05-04,26.927360169466453,28.006113539369,26.894166978890528,27.63269805908203,9657600.0
2018-05-07,27.86504212931564,28.528889991988976,27.79865576031015,28.346330642700195,6825500.0
2018-05-08,28.10568633697445,28.429311989845427,28.03100325050604,28.13058280944824,7494500.0
2018-05-09,28.213557186859656,28.462499705413244,28.047594452665308,28.4044132232666,6262400.0
2018-05-10,28.62846471861765,28.9686869263358,28.5205884579823,28.761234283447266,5916000.0
2018-05-11,28.8193171056728,29.184432571158645,28.8193171056728,28.96868324279785,4338600.0
2018-05-14,28.99357696871612,29.0931565052426,28.777827637193607,28.86080741882324,4079200.0
2018-05-15,28.60357196632152,28.60357196632152,27.898231067605472,28.006107330322266,5588100.0
2018-05-16,28.24675316043043,28.24675316043043,27.77376137875641,28.006107330322266,4584800.0
2018-05-17,28.04760160505753,28.155477884614665,27.67418614926489,27.84014892578125,3485900.0
2018-05-18,27.84014797318786,28.047600645365826,27.748868290953304,27.97291755676269,2493300.0
2018-05-21,28.279946214289215,28.279946214289215,27.42523916048296,27.79865455627441,5111600.0
2018-05-22,27.848443669989468,27.97291335531533,27.57460466441559,27.757164001464844,10724200.0
2018-05-23,27.74886717156139,27.873340036037547,27.25098204460963,27.508224487304688,5345000.0
2018-05-24,27.798649577236706,28.66994990104005,27.773756277134652,28.57037353515625,7094800.0
2018-05-25,28.346330427568457,28.44590681484465,27.88993522328657,28.196964263916016,4896300.0
2018-05-29,27.956318052721876,28.196963887110112,27.740568688927198,27.98121452331543,4308600.0
2018-05-30,28.031003710243606,28.84421779541698,27.889937414309895,28.55378532409668,5040700.0
2018-05-31,28.562076079739505,28.71144222396683,28.2716436690063,28.4044132232666,3900400.0
2018-06-01,28.35462915802709,28.42101553125144,27.823550834138345,28.138879776000977,3552400.0
2018-06-04,28.387816916680887,28.462499989540078,27.773758909150597,28.08908462524414,5117800.0
2018-06-05,28.030997398138545,28.38781616282625,27.790354761294587,27.92312431335449,4586400.0
2018-06-06,27.964614116240977,28.22185334196184,27.70737172504431,28.163766860961918,4097800.0
2018-06-07,28.26334962275669,28.45420567716651,27.79865455627441,27.79865455627441,4355100.0
2018-06-08,27.79865695044714,27.94802312162796,27.17629895901922,27.508224487304688,5622100.0
2018-06-11,27.533112013706845,27.81524770387498,27.10161018371582,27.10161018371582,6026600.0
2018-06-12,27.192893457905896,28.18866680060317,27.192893457905896,27.80695152282715,6485700.0
2018-06-13,27.831848733585765,28.246754040292256,27.82354885478492,28.196964263916016,5840200.0
2018-06-14,28.288243185230037,28.64506199274219,27.765461626355638,27.80695152282715,4383000.0
2018-06-15,27.79865781629502,27.848447596731575,27.325665981315584,27.69908142089844,5280100.0
2018-06-18,27.665891274265796,27.956323778371267,27.20119610222014,27.367158889770508,5494800.0
2018-06-19,27.060124391638052,27.176297370102752,26.429468140601752,26.5207462310791,10248300.0
2018-06-20,26.55393559677225,26.877561180381782,26.35478126972501,26.42946434020996,5970700.0
2018-06-21,26.446068062309067,26.587135946522388,26.29670188105516,26.454364776611328,4974100.0
2018-06-22,26.74479856887522,26.753098448569347,25.690938596560997,25.7407283782959,7075000.0
2018-06-25,25.724128052732727,25.8900908022972,25.1847514907553,25.77391624450684,7500000.0
2018-06-26,25.91499109125647,26.280108289059505,25.84030799209816,25.99797248840332,7610700.0
2018-06-27,25.931583395966065,26.27180564350208,25.657745938614195,25.66604423522949,5245200.0
2018-06-28,25.732426486521973,25.989667325262563,25.45858905618829,25.483482360839844,4995800.0
2018-06-29,25.51667911102893,25.782218282686067,25.34241962315581,25.47518920898437,5336700.0
2018-07-02,25.14325897097813,25.749021873891152,24.811335068330045,25.69923210144043,4387300.0
2018-07-03,25.790507934487746,25.790507934487746,25.30921795150632,25.37560272216797,2385700.0
2018-07-05,25.24284303445352,25.533277112996608,25.159861643050007,25.500083923339844,5436400.0
2018-07-06,25.583060099051004,25.90668571853397,25.441992237246467,25.832002639770508,3124000.0
2018-07-09,25.81540999120883,26.07265085116868,25.22624360295962,25.367311477661133,4595800.0
2018-07-10,25.25113522855002,25.84859825331657,25.25113522855002,25.69923210144043,4322800.0
2018-07-11,25.641148656086724,25.76561993649362,25.342417899657818,25.450292587280277,3329100.0
2018-07-12,25.59965655754633,26.172226297513284,25.334117426761093,26.1224365234375,4599900.0
2018-07-13,26.130733978594304,26.32988832027722,25.931579636911383,26.197118759155277,2924600.0
2018-07-16,26.163931967531145,26.74479850848194,26.006267491203253,26.678415298461918,4147300.0
2018-07-17,26.74479715511788,27.292472063344725,26.59543098328542,26.777990341186523,3276100.0
2018-07-18,26.79458639161709,27.275874917960312,26.68671012181677,26.943952560424805,5089600.0
2018-07-19,26.89416282544177,27.018635688139863,26.4377676046761,26.80288314819336,4024400.0
2018-07-20,26.769690911614106,26.827780570948264,26.4875567389824,26.670114517211918,1979900.0
2018-07-23,26.75309135127683,26.786281364818542,26.18881838714461,26.22201156616211,2644000.0
2018-07-24,26.379679315235183,26.379679315235183,25.60795521623948,25.89009094238281,5234900.0
2018-07-25,25.86519322857884,26.4128680294246,25.8568949336887,26.022857666015625,5052200.0
2018-07-26,26.00626491308632,26.54564149861921,26.00626491308632,26.28840065002441,3548400.0
2018-07-27,26.44606345711372,26.54563983878434,26.03115817376404,26.20541763305664,2461000.0
2018-07-30,25.97306733383448,25.97306733383448,25.49177731980153,25.782211303710938,5416800.0
2018-07-31,25.8071340452407,26.46331878045566,25.6908487845263,26.30550193786621,4067100.0
2018-08-01,26.22243232816983,26.562983273917435,25.86526875475957,26.49653434753418,4341500.0
2018-08-02,25.79882433117842,26.92845627685426,25.715762762635343,26.222436904907227,5625900.0
2018-08-03,26.330412263047048,27.36867770584437,26.28057438112029,27.08626937866211,5892000.0
2018-08-06,27.310538115873623,27.833821675588958,27.310538115873623,27.667701721191406,6176100.0
2018-08-07,27.883663200435453,28.51493051622066,27.867050569121588,28.40694999694824,5507300.0
2018-08-08,28.53984787892374,28.55646051023761,28.20760158971727,28.40694999694824,3940200.0
2018-08-09,28.573075988199815,28.614605986354277,28.24082966589266,28.34881019592285,2496300.0
2018-08-10,28.24913698497153,28.8139538834943,27.99164907171347,28.066404342651367,2627900.0
2018-08-13,28.041483722656043,28.166076896691365,26.9616878323154,26.99491310119629,4018600.0
2018-08-14,27.094575716296006,27.41851404671116,26.97829048676594,27.269006729125977,4348300.0
2018-08-15,27.12779936266707,27.2274719579859,26.928451003494725,27.08626937866211,4490500.0
2018-08-16,27.194261627399925,28.224219617504243,27.094585820458697,28.066404342651367,4806000.0
2018-08-17,27.916888555098048,28.39033745923007,27.74246067853056,28.199296951293945,4135800.0
2018-08-20,28.265741942439007,28.39033508300781,27.966720939902014,28.39033508300781,2248800.0
2018-08-21,28.456787610019514,28.589685505480887,27.966726026405247,28.024871826171875,3324100.0
2018-08-22,28.0248728509628,28.07470758324828,27.64278861507081,27.99995231628418,3157500.0
2018-08-23,27.95841836003677,27.95841836003677,27.64278470323973,27.767377853393555,2546500.0
2018-08-24,27.87536051055513,28.40695207738932,27.87536051055513,28.315584182739254,1662100.0
2018-08-27,28.42356583440388,28.75580899255151,28.16607477279743,28.36542320251465,1929500.0
2018-08-28,28.42356174096777,28.56476434992458,28.141153354518806,28.382028579711918,1721100.0
2018-08-29,28.506617349102143,28.64782310491158,28.240821634262463,28.53984260559082,2620800.0
2018-08-30,28.53984897596756,28.87209210940969,28.357113193026272,28.78072738647461,2430000.0
2018-08-31,28.872093184037297,29.702705801361606,28.822258454860677,29.3953800201416,4434800.0
2018-09-04,29.33722745535665,29.82728886036008,29.31231009920661,29.586410522460938,4289600.0
2018-09-05,29.65286945473853,29.65286945473853,28.946846867402197,29.29570579528809,6255000.0
2018-09-06,29.254177063848324,29.42860495105685,28.980073382347225,29.054828643798828,3779200.0
2018-09-07,28.8056446835698,28.97176783417476,28.66443889656814,28.905317306518555,3099600.0
2018-09-10,29.12958213938405,29.395377904313456,28.9136242685797,29.287397384643555,2605700.0
2018-09-11,29.112971973728403,29.50336092276667,29.05482934325918,29.4119930267334,2280300.0
2018-09-12,29.445219899346505,29.769158334936456,29.378769364591697,29.711015701293945,2746200.0
2018-09-13,29.80237772530032,30.209376080538014,29.46182672317815,30.04325294494629,3606700.0
2018-09-14,29.95189175991796,30.45856278880114,29.95189175991796,30.101402282714844,2671200.0
2018-09-17,30.10970330574143,30.184458557931578,29.478439196107605,29.486743927001957,3479600.0
2018-09-18,29.57811572921275,30.01003466926765,29.503360467116025,29.80238151550293,2354100.0
2018-09-19,29.98511556009575,30.05156609335308,29.35385133683025,29.553199768066406,2720100.0
2018-09-20,29.75253919238,29.97680494531173,29.495048179339445,29.760847091674805,4341300.0
2018-09-21,29.702702076322296,30.2259888468008,29.702702076322296,30.034948348999023,5110300.0
2018-09-24,30.02664644412646,30.275829587819445,29.893748556254497,29.976808547973636,3241900.0
2018-09-25,30.034950659508272,30.034950659508272,29.362153331422256,29.72762489318848,3099400.0
2018-09-26,29.77746394305208,29.877139748115034,29.495055499112357,29.53658866882324,3530200.0
2018-09-27,29.578116481400027,30.31736122063612,29.553199116246013,30.27583122253418,3864000.0
2018-09-28,30.19276702308941,31.08152225986348,30.19276702308941,31.064912796020508,4129200.0
2018-10-01,31.131355369509325,31.305783229857152,30.807417009281885,31.24764060974121,5975500.0
2018-10-02,31.388853251330488,31.60481114925276,30.87387111964473,31.2974853515625,4080500.0
2018-10-03,31.413768090056003,31.770931759396117,30.71605338350039,30.732666015625,4272800.0
2018-10-04,30.616371058876823,30.774186261255466,30.19275699525506,30.417022705078125,3768000.0
2018-10-05,30.4668770552736,31.231039292763505,30.45856915308471,30.89879608154297,3982900.0
2018-10-08,30.99846816555069,31.34732717481853,30.93202079192687,30.97355079650879,2904400.0
2018-10-09,30.981849363051097,31.23103250947876,30.799116745556475,31.08152198791504,2832700.0
2018-10-10,30.94030847806031,31.405452511288804,30.23428928355864,30.26751136779785,4167700.0
2018-10-11,30.134627818034243,30.275833625028923,29.627953562791216,29.88544464111328,4969200.0
2018-10-12,30.33398001370505,30.549937948812595,29.785775689239028,30.209386825561523,3925900.0
2018-10-15,30.333971876304823,30.649605544669765,30.22599135344974,30.40041923522949,2989300.0
2018-10-16,30.674525355549054,31.58819800127508,30.64130008916809,31.28917694091797,3419600.0
2018-10-17,31.197818015482405,31.3141033009147,30.641305789938205,31.16459274291992,2950600.0
2018-10-18,31.073213112451903,31.42207200575878,30.383806393649937,30.61637687683105,5583500.0
2018-10-19,30.59976349325632,31.08982497684473,30.566538234038603,30.58315086364746,2918200.0
2018-10-22,30.67452542733828,30.873870689019025,30.11801330402993,30.724363327026367,2174500.0
2018-10-23,30.408723064183445,30.475170414211867,29.72762109158271,30.051559448242188,4139700.0
2018-10-24,30.14292807732063,30.508396432912043,29.7608470916748,29.760847091674805,3417000.0
2018-10-25,29.769156250452014,30.00172676873709,29.711013620880745,29.80238151550293,3123700.0
2018-10-26,29.486750766291767,29.976812384642,29.13789495417939,29.53658866882324,6141900.0
2018-10-29,29.72762671252042,30.08479039599464,29.18772723697965,29.4119930267334,4501900.0
2018-10-30,29.40369482967245,29.84391860636217,29.370469556723982,29.67779541015625,3507400.0
2018-10-31,29.752615885841276,30.600553327777984,29.752615885841276,30.08513832092285,4774600.0
2018-11-01,30.17658262978682,30.816692352294925,30.1267060093311,30.81669235229492,4288700.0
2018-11-02,30.89980978027812,31.36534480217231,30.716923626589384,31.107637405395508,3695900.0
2018-11-05,31.282222421254712,31.90570544410853,31.282222421254712,31.83919906616211,4023400.0
2018-11-06,31.83919427869329,32.105213408082,31.490045360569933,31.548236846923828,3600100.0
2018-11-07,31.880762786046915,32.10521704650527,31.681250001994066,31.92233085632324,5014800.0
2018-11-08,31.32378049785501,32.37954523376188,29.985370059648684,30.75017738342285,8490800.0
2018-11-09,30.642105685215554,32.346291584197324,30.608852503967643,31.82256507873535,8064800.0
2018-11-12,31.963883424884173,33.568312645704644,31.88906536692684,33.086151123046875,10335400.0
2018-11-13,33.27736262092885,33.32724239903645,32.52918497650466,32.753639221191406,6258600.0
2018-11-14,32.7619487935361,33.202542372201165,32.21328395495765,32.45436477661133,6474300.0
2018-11-15,32.263165019368365,32.82845647215882,32.16340546567719,32.58737564086914,4699800.0
2018-11-16,32.76195565685765,32.99472164586592,32.31304710274277,32.64557266235352,3546100.0
2018-11-19,32.56244004404471,32.7203911136319,32.32967405248312,32.48762512207031,3924400.0
2018-11-20,32.213283437548704,32.296413223101865,31.032823992463918,31.49835586547852,6436200.0
2018-11-21,31.623050563579906,32.18002704791577,31.56485908525221,31.722806930541992,4179800.0
2018-11-23,31.43184883507398,32.221591215036526,31.42353395481465,31.9555721282959,2539000.0
2018-11-26,32.121840942427575,32.53749624069128,32.05533774372848,32.47099304199219,3567500.0
2018-11-27,32.47930610816001,32.53749759864971,31.91401462523297,31.972206115722656,3338300.0
2018-11-28,32.21328327136509,32.78688639959811,32.005455637356285,32.728694915771484,4750700.0
2018-11-29,32.71207973192886,32.894969128417536,32.02209339542918,32.24654769897461,5203000.0
2018-11-30,32.15508750931149,32.6871256741948,31.86413012889019,31.9472599029541,19793100.0
2018-12-03,32.304737068151944,33.26905743565504,32.16341258805981,33.1027946472168,6551700.0
2018-12-04,33.036281170172806,33.51843961851804,32.65387592421867,33.11109924316406,6754100.0
2018-12-06,32.83676251657526,33.717952728271484,32.5291785404313,33.717952728271484,5501800.0
2018-12-07,33.7512113591572,34.32481774126288,33.53507198396272,33.69301986694336,4018000.0
2018-12-10,33.57663428116231,33.98397786629869,33.25242365788961,33.742897033691406,3267400.0
2018-12-11,34.06710578833555,35.01479930321137,33.742895182846254,34.640708923339844,6910500.0
2018-12-12,34.97324331360011,35.42215188372848,34.88179862288519,35.08962631225586,5587900.0
2018-12-13,35.14781351942747,35.812864581158465,35.12287521453203,35.48033905029297,5763500.0
2018-12-14,35.2226371401975,35.72142551487534,35.08131582865145,35.18107223510742,4831300.0
2018-12-17,35.28081644228164,35.56346213884045,33.99228580283919,34.10035705566406,6241200.0
2018-12-18,34.266612985152186,35.14779990970024,33.79276634842802,33.992279052734375,6617200.0
2018-12-19,33.82603227294493,34.05048654933385,33.044601332745515,33.31893539428711,7320600.0
2018-12-20,33.293986456873164,33.293986456873164,31.10763885109435,31.772689819335938,10360900.0
2018-12-21,31.589803470810747,32.10521516582002,30.60885668828444,30.933067321777344,10863000.0
2018-12-24,30.758490253627883,30.841620039888188,30.076815858459543,30.12669563293457,2480000.0
2018-12-26,30.226445764080676,31.681238921374565,29.91054693341873,31.672924041748047,4738600.0
2018-12-27,31.33209036250832,32.11352423112746,30.916435128969724,32.10520935058594,3578600.0
2018-12-28,32.29641037746996,32.47098798566648,31.822563664931774,32.10520935058594,3267500.0
2018-12-31,32.44604843159424,33.01133983629025,32.296412284986594,32.91989517211914,2776800.0
2019-01-02,32.50424734928086,32.58738032263373,31.498362155701283,31.681251525878903,5156700.0
2019-01-03,31.631367719900872,32.00545812442603,31.215712419583653,31.381975173950195,3969900.0
2019-01-04,31.564862737873504,32.59568604856122,31.514982963021613,32.45436477661133,4092800.0
2019-01-07,32.695447732331694,33.244112606722084,32.38786052413228,32.753639221191406,3123800.0
2019-01-08,33.16098146816366,33.43531550605549,32.95315380474204,33.25242614746094,2727700.0
2019-01-09,33.06122723061177,33.51844748567395,32.737016561953105,32.87833786010742,3319400.0
2019-01-10,32.770259095941874,33.6431376767618,32.678817602772185,33.593257904052734,3462500.0
2019-01-11,33.46855498973339,33.73457723270003,33.219162506349484,33.501808166503906,2006200.0
2019-01-14,33.194230900284666,33.41037025046496,32.84507881621112,32.97808837890625,2272000.0
2019-01-15,33.00303034727987,33.85096751138287,32.90327396656133,33.61819839477539,3043600.0
2019-01-16,33.52675776657417,33.98397795887604,33.52675776657417,33.826026916503906,2647000.0
2019-01-17,33.68470887627199,34.765412117759,33.68470887627199,34.13361740112305,3308100.0
2019-01-18,34.241681227800626,34.37469079211825,33.29398768563777,33.53506851196289,4360200.0
2019-01-22,33.58494958451182,33.98397829287138,33.35218045957003,33.6680793762207,4355900.0
2019-01-23,33.91746655442731,34.48275792793424,33.87590166515134,34.36637496948242,2754000.0
2019-01-24,34.33312987932569,34.715532024684535,34.11699050144416,34.69059371948242,2986900.0
2019-01-25,34.79865452413826,34.91503747499663,33.967344108066904,34.025535583496094,4320600.0
2019-01-28,33.468565135693,33.78446406838236,33.31893213725956,33.36880874633789,3093700.0
2019-01-29,33.352176982234944,33.8093971313601,33.07784616123903,33.19422912597656,4479500.0
2019-01-30,33.41037698904528,33.57663976874747,33.22749078545176,33.40206527709961,3306600.0
2019-01-31,33.41037589068678,34.14247665218194,33.35214092740998,34.034324645996094,4433700.0
2019-02-01,33.94282150268555,34.100890597644465,33.70988158199038,33.94282150268555,3419500.0
2019-02-04,33.926174915987126,34.30886592349699,33.67659603183213,34.142478942871094,2319300.0
2019-02-05,34.192398857735526,34.31718990864882,33.61836700538452,33.8513069152832,2654600.0
2019-02-06,33.71817885574118,34.084230705312834,33.56011303115025,33.99271774291992,2382600.0
2019-02-07,33.87626378312344,34.60004355778071,33.84298574959328,34.583404541015625,2743600.0
2019-02-08,34.38374341286354,34.93281828343118,34.22567433704217,34.79970932006836,2702600.0
2019-02-11,34.83298534219472,35.25727235888904,34.81634632452356,35.14912033081055,2452600.0
2019-02-12,35.35710819501495,35.70651809386454,35.06593327930696,35.28223419189453,4096200.0
2019-02-13,35.27390523426475,35.60667600903778,35.11583618069756,35.3986930847168,2800600.0
2019-02-14,35.407020070759614,35.73979090090705,35.26559000843167,35.44861602783203,2409000.0
2019-02-15,35.64827105270668,35.84793605134737,35.29886127204483,35.32381820678711,2609200.0
2019-02-19,35.29054968111156,35.43197975439284,35.13248376256739,35.31550979614258,2341500.0
2019-02-20,35.25727247136372,35.44029531919412,34.932819559661326,34.99105453491211,2926900.0
2019-02-21,34.86625641962958,35.34045722113779,34.63331656585502,35.32381820678711,3722000.0
2019-02-22,35.48188012523444,35.64826388816669,35.03263634875692,35.124149322509766,2192000.0
2019-02-25,35.240637985256825,35.365425873883,34.63332804128418,34.80803298950195,2742500.0
2019-02-26,34.82466302323779,34.89953700652049,34.12584023712183,34.417015075683594,3333700.0
2019-02-27,34.250630914800595,34.38374305032793,33.82634709029517,34.1258430480957,4805400.0
2019-02-28,35.35710297906987,35.39869893609633,33.443660393739705,34.67491912841797,5384500.0
2019-03-01,34.733147354792244,35.20734815461299,34.54180345079154,35.10751724243164,4953900.0
2019-03-04,35.23230685294251,35.606676759322305,33.73483040099098,34.69987106323242,5895700.0
2019-03-05,34.67492120127929,34.891222094888185,34.33382925556292,34.72483825683594,4989900.0
2019-03-06,34.758113412282604,34.924500425300835,34.392064522497144,34.42534255981445,3635600.0
2019-03-07,34.45029145873642,34.89121424277002,34.200712584256415,34.30886459350586,4227400.0
2019-03-08,34.25894249885224,34.51684242948452,33.90952958723537,34.49188232421875,3672900.0
2019-03-11,34.59171739765564,34.78306128453077,34.059278508685075,34.76642227172852,3246800.0
2019-03-12,34.841306439019306,35.881221241741976,34.64164140052658,35.72315216064453,6952800.0
2019-03-13,35.7148307705058,36.17239260455863,35.49020881410144,35.82298278808594,5465800.0
2019-03-14,35.78138471933519,35.79802373588327,34.79970813154192,34.82466506958008,5956800.0
2019-03-15,34.88289400025429,35.099194830787965,34.41701113828598,34.91617202758789,6119400.0
2019-03-18,34.85794379593173,35.190714612807696,34.70819581758875,34.841304779052734,4431400.0
2019-03-19,34.89122197518113,35.16576101944836,34.77475201951684,34.882904052734375,4339400.0
2019-03-20,34.96608684759163,35.49852260516477,34.76642502528543,35.365413665771484,3014800.0
2019-03-21,35.440287634307104,36.18902740170029,35.25726482616345,36.08087539672852,2961700.0
2019-03-22,36.11416896711561,36.32215197272525,35.34879302978516,35.34879302978516,3263600.0
2019-03-25,35.3155041017718,36.12247575677386,35.14911711385655,35.88121795654297,3354800.0
2019-03-26,36.03929276025669,36.23895782983543,35.82299184398429,36.07257080078125,2525700.0
2019-03-27,35.93944882743607,36.04760083328158,35.4652480287786,35.623313903808594,2110800.0
2019-03-28,35.631636729579554,35.76474567648702,35.282223760467694,35.57339859008789,3314700.0
2019-03-29,35.606683490838385,35.72315344516039,35.3404655456543,35.3404655456543,3658900.0
2019-04-01,35.49852105845442,35.706503965542346,34.616675563484705,34.75810241699219,3437100.0
2019-04-02,34.8745790851298,35.407018096093914,34.79970827071589,35.240631103515625,3050500.0
2019-04-03,35.23231694659887,35.78971300546697,35.09089003787577,35.2239990234375,2513300.0
2019-04-04,35.40701839703503,35.40701839703503,34.99105249883777,35.14080047607422,2195600.0
2019-04-05,35.215674620166766,35.323823469206594,34.67491768069575,34.99937057495117,2432200.0
2019-04-08,34.94113208391315,35.016006065321385,34.55844425607891,34.8995361328125,2143000.0
2019-04-09,34.77475327161867,35.09920620938528,34.77475327161867,35.074249267578125,2458700.0
2019-04-10,35.18239648280428,35.60668030321814,35.08256238212152,35.15743637084961,2410800.0
2019-04-11,35.13248618565369,35.315512231852175,34.98273817941285,35.28223419189453,2309700.0
2019-04-12,35.340464968915114,35.3903820229106,35.11584298628772,35.1657600402832,1960400.0
2019-04-15,35.24062326407664,35.407010219641386,35.0575972955987,35.18238830566406,1863800.0
2019-04-16,35.14079540525268,35.315500295629285,34.93281248616602,34.966087341308594,2100400.0
2019-04-17,34.94114472412921,35.01601873262367,33.934507744923906,34.25896072387695,6153200.0
2019-04-18,34.3421393831817,34.50020843644899,33.9760905795556,34.10919952392578,3146400.0
2019-04-22,34.12583694049914,34.15911496842511,33.7597881540157,34.01768493652344,2345500.0
2019-04-23,34.15079456448909,34.550121386964705,34.01768562366389,34.39205551147461,3154800.0
2019-04-24,34.441970671771315,34.61667555201112,34.209027657884285,34.40037155151367,1756600.0
2019-04-25,34.21734993051185,34.392054816772074,33.942810960473714,34.01768493652344,2306200.0
2019-04-26,34.16743935699304,34.400379249438764,33.984413342318256,34.04264831542969,1475800.0
2019-04-29,34.02601172793082,34.192395548286754,33.76811172867042,34.00937271118164,1868600.0
2019-04-30,33.976067034832134,34.284106929208626,33.759604165131094,34.275779724121094,2890900.0
2019-05-01,34.13425025298828,34.275780985703626,33.70965487894393,33.759605407714844,2646700.0
2019-05-02,33.576448367680015,34.13425044813294,32.89376043689089,32.9437141418457,3789900.0
2019-05-03,32.87711322751282,33.30170861495824,32.35261042757568,32.83548355102539,3541200.0
2019-05-06,32.752229602322565,32.91873877575991,31.503415565389925,31.92801094055176,4050900.0
2019-05-07,31.76982525359979,32.37758096598952,31.711547526103374,32.177772521972656,4499000.0
2019-05-08,32.06954049952438,32.08619173219932,30.129714767515225,30.77077293395996,8454400.0
2019-05-09,30.762468600771168,30.98725562195249,30.17136375390543,30.537681579589844,5629900.0
2019-05-10,30.51269008687584,31.137097088578088,30.138045250674843,31.06216812133789,4107800.0
2019-05-13,30.845711133829283,31.103800553762664,30.48771746381476,30.645902633666992,3380300.0
2019-05-14,30.779108247696445,30.85403722652647,30.02981845939625,30.17135238647461,4120300.0
2019-05-15,30.01317686970289,30.179686117947384,29.6302078218704,29.96322631835937,3575100.0
2019-05-16,30.013170358628763,30.221306079806357,29.638525425329288,29.80503463745117,3048500.0
2019-05-17,29.555267005207632,29.86330692699625,29.496989268001634,29.621871948242188,2688900.0
2019-05-20,29.455371132127265,29.94657161086749,29.247235389879695,29.896617889404297,5142700.0
2019-05-21,29.904928280463334,30.770773335470885,29.821675291900203,30.55431365966797,4515500.0
2019-05-22,30.404464805972754,30.63757578418024,30.24628281017465,30.387813568115234,3300400.0
2019-05-23,30.14636952314912,30.21297446163246,29.50531128178916,29.58024024963379,4361500.0
2019-05-24,29.64684518811713,30.0131628220807,29.52196251641,29.58024024963379,2618600.0
2019-05-28,29.555273214344265,29.730106462692195,28.989143783208835,29.15565299987793,5998600.0
2019-05-29,29.15564910667843,29.222250878913133,28.506266741871077,28.539566040039062,3490600.0
2019-05-30,28.581194791411857,28.71440150744952,28.048364751362588,28.089994430541992,3092300.0
2019-05-31,27.96511113875773,28.58951820213348,27.831904425606847,28.33975601196289,4530900.0
2019-06-03,28.431337763170323,28.764352976141318,28.256501362269415,28.539566040039062,3674300.0
2019-06-04,28.697752490190155,29.089045462366972,28.33143161083457,29.03909492492676,6226100.0
2019-06-05,29.238897521729093,29.31382648865649,28.797650925322344,29.26387596130371,4168700.0
2019-06-06,29.405412842623317,29.51364430103045,28.939187709091637,29.37211036682129,3340500.0
2019-06-07,29.380434449804355,29.596894167704345,28.839280391206547,28.914209365844727,3156300.0
2019-06-10,28.87257767876085,29.055738067407823,28.323099688717917,28.472957611083984,3057900.0
2019-06-11,28.46463688551028,28.955837259314634,28.43133758754798,28.764352798461918,3441400.0
2019-06-12,28.71440279123055,29.230578441966657,28.606171337142754,28.72272682189941,2622900.0
2019-06-13,28.78100298476364,29.089042916986408,28.439660579895545,28.65612030029297,2827300.0
2019-06-14,28.67276690771949,29.0390876958825,28.48960968953607,28.95583152770996,2717300.0
2019-06-17,28.96415947135031,29.030761231689265,28.58951464476192,28.67276763916016,3077900.0
2019-06-18,28.839277546393788,29.15564464986944,28.531237648111265,28.847604751586918,3387100.0
2019-06-19,28.847601294080423,29.147313951248,28.622814419281344,28.97248077392578,4387500.0
2019-06-20,29.322158296121103,29.347133563717527,28.930862165650613,29.17230033874512,3878700.0
2019-06-21,29.188948178358757,29.463685617637804,29.039090238425324,29.28052520751953,6029500.0
2019-06-24,29.68847280997515,29.904932516439164,29.147318779967527,29.28885269165039,4526400.0
2019-06-25,29.35545653454798,29.621873141519963,29.163972079457658,29.25555229187012,3782600.0
2019-06-26,29.122339918632356,29.163966413669648,28.04835919682093,28.056686401367188,4327200.0
2019-06-27,28.08998976385721,28.33142471313477,27.48223084851213,28.33142471313477,6333800.0
2019-06-28,28.339754751164943,29.247226436601437,28.21487207368624,29.23889923095703,5632200.0
2019-07-01,29.33880822297941,29.613545681967384,29.07239161828702,29.496990203857425,4052600.0
2019-07-02,29.51364127588429,29.65517201968766,28.980814421262163,29.338808059692383,2741600.0
2019-07-03,29.447035564594906,30.021492082698742,29.422060298902903,29.813356399536133,1850900.0
2019-07-05,29.60521268567321,30.054783225671247,29.55525899194115,30.046459197998047,2102800.0
2019-07-08,29.979866666526448,30.196329586285607,29.496993464423365,29.730104446411133,3541900.0
2019-07-09,29.65517279201697,29.90493498963849,29.33880882378241,29.63019752502441,2676000.0
2019-07-10,29.90493376468055,30.06311891821694,29.680150019157768,29.938236236572266,2649600.0
2019-07-11,29.87164607302992,30.046479354531744,29.68848558237101,29.96322631835937,1991600.0
2019-07-12,29.988201594031132,30.10475711503235,29.796717070114887,29.96322631835937,2029800.0
2019-07-15,29.90494214777318,30.171358821691552,29.571926863199188,29.671831130981445,2700400.0
2019-07-16,29.472014115672582,29.655171357925138,28.23984807198181,28.38138198852539,4879000.0
2019-07-17,28.34807384700541,29.163965183740284,28.34807384700541,28.97248077392578,6674700.0
2019-07-18,28.91421004879661,29.22224998474121,28.60617011285201,29.22224998474121,2420100.0
2019-07-19,29.18062331588707,29.596894698926537,28.989138860796743,29.25555229187012,4132300.0
2019-07-22,29.272201166270957,29.33047890112205,28.71439908243949,29.089040756225582,2471700.0
2019-07-23,29.13899472058754,29.14731875025528,28.5229117205284,28.714399337768555,2684000.0
2019-07-24,28.74769595066598,29.1889457034561,28.74769595066598,28.939180374145508,2226600.0
2019-07-25,28.756026181206032,29.28885301145701,28.69774844514098,29.030763626098636,1897400.0
2019-07-26,29.12233941322626,29.24722207206886,28.58118863533686,28.689416885375977,2070600.0
2019-07-29,28.68109686730084,28.739374602670143,28.39803222012205,28.714399337768555,1995800.0
2019-07-30,28.55621924554376,28.98081787941653,28.55621924554376,28.96416664123535,2227600.0
2019-07-31,28.955828243531887,28.964159457374738,28.34754791654334,28.44753837585449,3579100.0
2019-08-01,28.422540550677336,29.14747691766868,28.4142061584898,28.597524642944336,4325300.0
2019-08-02,28.689184289597183,29.164142934525454,28.597525046077816,28.94749641418457,2797500.0
2019-08-05,28.8891719486228,28.8891719486228,27.930923221381526,28.097576141357425,2976200.0
2019-08-06,28.09756650729741,28.372541029130645,27.63093912708956,28.272550582885746,3232700.0
2019-08-07,28.31421849169249,28.95583007184347,27.189317012155843,27.74760055541992,4928200.0
2019-08-08,27.855930383850804,29.272475477259103,27.77260551073744,29.264141082763672,4843800.0
2019-08-09,29.2391340149709,29.28079643693449,28.280882416613057,28.455869674682617,3310400.0
2019-08-12,28.36421564160963,28.705852650195,27.972581810314335,28.28088760375977,2287900.0
2019-08-13,28.339211038458767,28.839169648442468,28.139230137376572,28.8225040435791,2383700.0
2019-08-14,28.58085803153278,28.68918287568422,28.239221072568235,28.3142147064209,2153000.0
2019-08-15,28.305884489166004,28.77250873521134,28.222556460486995,28.597524642944336,2338900.0
2019-08-16,28.714171715641044,29.647426272860024,28.70584050470082,29.55576705932617,3132200.0
2019-08-19,29.755764466385827,29.780764470394743,29.222477667583014,29.54744911193848,3602800.0
2019-08-20,29.489117180017967,29.489117180017967,29.105817741231235,29.41412353515625,2058700.0
2019-08-21,29.547437893849967,29.847412398947142,29.397450641301383,29.8140811920166,2260300.0
2019-08-22,29.82242380441213,30.064070353316573,29.739095764114197,29.87241744995117,2306700.0
2019-08-23,29.84741542668515,29.85574981858265,29.02248863262575,29.18080711364746,4258900.0
2019-08-26,29.380794069546667,29.730765492621515,29.264137988068324,29.714099884033203,2000700.0
2019-08-27,29.84741846391228,30.13072742311228,29.439122221283736,29.472450256347656,2678300.0
2019-08-28,29.472441816678984,29.672425862992924,29.35578578076193,29.45577621459961,1469300.0
2019-08-29,29.655771843294037,29.839090359125613,29.555781370404,29.714099884033203,1554100.0
2019-08-30,29.8474164275889,30.43903112658412,29.772422791192376,30.33070945739746,2009700.0
2019-09-03,30.21404543966272,30.697338393048405,30.11405499982521,30.66400718688965,2386400.0
2019-09-04,30.922328519655945,31.0639814202598,30.68068197065438,31.005653381347656,2287200.0
2019-09-05,30.96398979880668,31.572270166722596,30.830668117874964,31.330623626708984,2918600.0
2019-09-06,31.73891527388858,32.10554901181979,31.38061274831631,31.447275161743164,2230700.0
2019-09-09,31.563940347225213,31.71392764223173,31.3056281883496,31.53060913085937,1855600.0
2019-09-10,31.488939101743977,31.86390724878407,31.405611080935632,31.65559196472168,2088100.0
2019-09-11,31.74724952833647,32.43885783003673,31.51393741626368,32.17221450805664,2100800.0
2019-09-12,32.09723026570872,32.29721122638226,31.880580516565647,31.905580520629883,2339800.0
2019-09-13,31.780576654123266,32.25553520902834,31.43893974307507,32.08055114746094,2929100.0
2019-09-16,32.10555941104309,32.53052448769148,31.955572110889523,32.52219009399414,2435200.0
2019-09-17,32.5805181353161,32.805499085546444,32.33054036127344,32.52219009399414,2801000.0
2019-09-18,32.56385694568757,32.60551937984179,32.13889185285058,32.45553207397461,3035100.0
2019-09-19,32.5555168077784,32.63884166138551,32.24721103506475,32.330535888671875,2081000.0
2019-09-20,32.51385667426179,32.713837608479814,32.26387891716943,32.555519104003906,4399900.0
2019-09-23,32.48885214623518,33.01380435802579,32.37219292053172,32.73049545288086,2497100.0
2019-09-24,32.897150659617715,33.20545640296224,32.73883218138979,32.77216339111328,2831400.0
2019-09-25,32.69716587144891,33.18879003118824,32.69716587144891,33.13045883178711,2605600.0
2019-09-26,33.28044443937163,33.34710684760925,32.863813923802255,32.91381072998047,2256800.0
2019-09-27,32.94714714579259,33.18879364592056,32.63883822688211,32.86381912231445,1520300.0
2019-09-30,32.755503242297515,33.1554682896838,32.755503242297515,32.99714660644531,1899600.0
2019-10-01,32.94715546064311,33.01381471760929,32.52219038025419,32.61384963989258,1859400.0
2019-10-02,32.43886016344924,32.49718819566313,31.83057984276201,31.838911056518555,3188300.0
2019-10-03,31.863914218263663,32.22221366087266,31.497277203791715,32.21388244628906,2272800.0
2019-10-04,32.29720644755679,32.65550905927438,32.12222233819878,32.63051223754883,1756400.0
2019-10-07,32.50552037399014,32.672173261820525,32.35553627144619,32.43052673339844,1596300.0
2019-10-08,32.35553948022425,32.88049183778751,32.21388339899624,32.4971923828125,2484900.0
2019-10-09,32.58051969850464,32.755507009506125,32.01390168821412,32.297210693359375,2102700.0
2019-10-10,32.24721103506475,32.46385756162692,32.0805581492111,32.330535888671875,1518800.0
2019-10-11,32.54718437888131,33.03880862554549,32.480521955572605,32.64717483520508,1646900.0
2019-10-14,32.74716669306636,32.93048518637181,32.522185772729514,32.5971794128418,1615900.0
2019-10-15,32.62217402434659,33.072132612069176,32.58884281677042,32.81382369995117,1206000.0
2019-10-16,32.81383630842115,33.030482883633226,32.697180215719264,32.93049240112305,2136500.0
2019-10-17,33.013817912724335,33.24713328128619,32.93049303879236,33.12214279174805,1453500.0
2019-10-18,33.013806132102125,33.513764733209655,32.913815683336246,33.45543670654297,3082400.0
2019-10-21,33.57209955550052,33.705421240388205,33.38044983213947,33.622093200683594,1529500.0
2019-10-22,33.75540686106564,34.02205334609214,33.56375718326451,33.95539093017578,2127200.0
2019-10-23,33.87207641892802,34.055391761326035,33.672092288828466,33.847076416015625,1447300.0
2019-10-24,33.9304088338943,34.05539615000355,33.73875907294784,34.030399322509766,1793700.0
2019-10-25,33.79707866192855,34.09705005267861,33.67208819846971,34.005393981933594,1791400.0
2019-10-28,34.097045715376,34.32202661379957,33.63042149225076,33.64708709716797,1963500.0
2019-10-29,33.54709015310126,33.90539267682187,33.472096527703016,33.75540542602539,1771100.0
2019-10-30,33.84706609363116,34.038715771432294,33.622085207871855,33.95539093017578,1232400.0
2019-10-31,33.94705309596483,34.17219974498881,33.38001779790021,33.4550666809082,1892000.0
2019-11-01,33.60517094596749,34.03878644487448,33.5634778208956,33.930381774902344,2129900.0
2019-11-04,34.02210838001471,34.26393295753609,33.746931211199865,34.03044891357422,1878200.0
2019-11-05,34.0304553194782,34.12217893902821,33.021463694606794,33.02980422973633,4309200.0
2019-11-06,33.14654855691108,33.52179313903484,32.9714354789141,33.004791259765625,3781000.0
2019-11-07,33.30497726331757,34.83930789310032,33.26328413585784,33.38836669921875,6602400.0
2019-11-08,33.15487606512267,33.21325025476773,32.012467948586355,32.054161071777344,6554200.0
2019-11-11,32.22093277541416,32.32099689493939,32.020804536363705,32.13754653930664,3451800.0
2019-11-12,32.162560874467054,32.58783893727248,32.04581887478899,32.3043212890625,2292400.0
2019-11-13,32.33768302524392,32.61286340034217,32.29598989655741,32.34602355957031,2466700.0
2019-11-14,32.437746893742506,32.92973339415905,32.39605058851857,32.86302185058594,3120200.0
2019-11-15,32.89637359225407,33.27995537786263,32.554484925780166,33.188228607177734,2907900.0
2019-11-18,33.25494014257805,33.41337526768218,33.021452949658034,33.188228607177734,1808100.0
2019-11-19,33.17154711196445,33.26327387266311,32.82965848271172,32.846336364746094,2409700.0
2019-11-20,32.82965911528416,33.14653251808132,32.76295076684206,33.054805755615234,2947900.0
2019-11-21,33.20489827603599,33.20489827603599,32.54613634135244,32.687896728515625,4088900.0
2019-11-22,32.78797301337806,32.91305556731131,32.55448897241625,32.82966613769531,3505500.0
2019-11-25,32.737940256231006,32.85468546090507,32.512796742527826,32.679569244384766,2886300.0
2019-11-26,32.72126114759507,32.74627638331105,32.346016706949726,32.45441818237305,3600300.0
2019-11-27,32.62119140775711,32.72125870511377,32.44607840885432,32.579498291015625,3246300.0
2019-11-29,32.5294687875918,33.27162035647919,32.42106730644643,33.129859924316406,1678000.0
2019-12-02,33.07982387082036,33.51343930690661,33.071486519406484,33.23826217651367,2500100.0
2019-12-03,33.163212243547704,33.805296435514585,33.04647024155027,33.69689178466797,3465600.0
2019-12-04,33.51344494826172,33.58015649472666,32.92973482160161,32.95475006103516,4480600.0
2019-12-05,32.9463992467906,32.98809554081127,31.99578227316281,32.1708984375,3718500.0
2019-12-06,32.15422292313714,32.737932910629134,32.06249615910815,32.07917404174805,3952500.0
2019-12-09,32.22928475138081,32.54615510588649,32.054168503806245,32.15423583984375,3056800.0
2019-12-10,32.19592223292185,32.31266425287844,31.962438193008676,32.00413131713867,2829600.0
2019-12-11,32.01246538615805,32.60451595863119,31.9290791464507,32.45441818237305,1915700.0
2019-12-12,32.40438809537205,32.82132566081743,32.38771021103649,32.79631042480469,2391800.0
2019-12-13,32.83800667114765,33.071490712109465,32.712924117214406,32.82966613769531,2480600.0
2019-12-16,32.812982499835584,33.463407212898495,32.77128938282691,33.4550666809082,2452300.0
2019-12-17,33.5134464556583,33.53846487719876,33.01312255859375,33.01312255859375,2893900.0
2019-12-18,32.94640032657663,33.27995160379006,32.929725625598614,33.154869079589844,2078600.0
2019-12-19,33.171546587963896,33.88034224881466,33.13819400540276,33.613502502441406,2793300.0
2019-12-20,33.69689625113665,34.180545387496906,33.480090101687104,33.87200927734375,4070600.0
2019-12-23,33.930383655753275,33.93872418981891,33.32999562327765,33.421722412109375,1699900.0
2019-12-24,33.4467401821153,33.4467401821153,33.17990032950309,33.26328659057617,701900.0
2019-12-26,33.3299901416995,33.39669849834492,32.58784178100002,32.712921142578125,1420000.0
2019-12-27,32.72959902698478,32.87969680566346,32.646212785932704,32.712921142578125,1714500.0
2019-12-30,32.62119436883213,32.77129214751081,32.52946759508614,32.712921142578125,1431000.0
2019-12-31,32.65455130658789,33.1548751327729,32.612858184569355,33.14653778076172,1644500.0
2020-01-02,33.213248417327335,33.3466683127462,32.179241842095145,32.35435485839844,2581100.0
2020-01-03,32.1625577391546,32.346011252754145,31.695586604983315,31.85402488708496,2751300.0
2020-01-06,31.80398967855621,31.837345439566256,31.07017884123744,31.170246124267575,2605600.0
2020-01-07,31.0368323307958,31.3370278766318,30.70328101742667,30.74497413635254,2446000.0
2020-01-08,30.75331309104085,30.85337720752574,30.219633561813566,30.736635208129883,3594200.0
2020-01-09,30.761650709589254,31.11187989180424,30.653246060215466,30.97011947631836,2329200.0
2020-01-10,31.045171624212767,31.387060310361417,30.91175172671528,31.11188316345215,1859300.0
2020-01-13,31.036837711046715,31.21195074947996,30.76999788648703,30.78667259216309,2447800.0
2020-01-14,30.80334586412413,31.278654429225718,30.769993276786987,31.27031707763672,2728000.0
2020-01-15,31.17026301229292,32.020816292995534,31.17026301229292,31.795669555664062,2736500.0
2020-01-16,31.912399149754183,32.35435191671249,31.87904338368689,32.204254150390625,2059100.0
2020-01-17,32.204254891996456,32.26262589346792,31.904059352439763,32.13754653930664,2209200.0
2020-01-21,32.112524336948226,32.2042510944386,31.762298369418428,32.12086486816406,1958500.0
2020-01-22,32.2542839050293,32.72125503064529,32.20425026196955,32.2542839050293,2445600.0
2020-01-23,32.19592499796968,32.44608694521554,31.96244093800444,32.4127311706543,1912200.0
2020-01-24,32.346008307310825,32.42939452536437,31.52047075226735,31.65389060974121,2912600.0
2020-01-27,31.412077878922947,31.503804661695685,30.686607331237248,30.70328521728516,2094100.0
2020-01-28,30.853381779269306,31.09520634583965,30.71162452499237,30.861719131469727,1822900.0
2020-01-29,30.820027374576405,31.070189304435395,30.319703514858432,30.98680305480957,2315200.0
2020-01-30,31.02015882705251,31.03683671317398,30.503157081213065,30.98680305480957,2352800.0
2020-01-31,30.85230118099525,31.22219136814093,30.81026871536736,31.012025833129883,3231300.0
2020-02-03,31.12971694838188,31.7349946945834,31.079279274112725,31.55845642089844,2428800.0
2020-02-04,31.667730311838888,32.0460287852547,31.32305908203125,31.32305908203125,3247900.0
2020-02-05,31.323068544902764,32.28983124604412,31.323068544902764,31.94515991210937,2897100.0
2020-02-06,32.03762851418598,32.12169342928878,31.71817606442761,31.802244186401367,2283400.0
2020-02-07,31.78543034667516,31.987187424303457,31.60888889516173,31.844276428222656,1302300.0
2020-02-10,31.82747220274634,32.21417605478852,31.64252548791231,32.18895721435547,1810800.0
2020-02-11,32.357079569985835,33.096859770259094,32.289825075304186,32.651309967041016,1978100.0
2020-02-12,32.65971846144908,33.2145552709135,32.60087237611734,32.987579345703125,1822200.0
2020-02-13,32.970755226342945,33.37427248598741,32.86987350627924,33.2565803527832,1749300.0
2020-02-14,33.332246767174375,33.67691802978516,33.21455140334443,33.67691802978516,1825500.0
2020-02-18,33.634883618586784,33.836643900070015,33.42471812852424,33.58444595336914,1828100.0
2020-02-19,33.71895096502475,33.752578212312166,33.11367334133454,33.1220817565918,1888200.0
2020-02-20,33.10526793552028,33.10526793552028,32.180537881856004,32.81944274902344,2425700.0
2020-02-21,32.69334540863838,33.12208483421328,32.626094114685536,33.09686279296875,1854600.0
2020-02-24,32.60928258236448,32.81103968404301,32.00400486358625,32.06285095214844,2629700.0
2020-02-25,32.01240287584598,32.01240287584598,30.29745203459632,30.37311172485352,3499700.0
2020-02-26,30.389934418885733,30.516031802381825,29.448390613051213,29.4652042388916,3559400.0
2020-02-27,29.29707625003336,29.77625344523931,28.17058877903459,29.00284576416016,3885300.0
2020-02-28,28.28827595577674,28.28827595577674,26.817115936953503,27.91838264465332,6020200.0
2020-03-02,28.002447768803787,28.74222789818217,27.62414928964978,28.725414276123047,3885200.0
2020-03-03,28.76745404098381,29.39795052728097,27.783877854787335,27.994043350219727,3208800.0
2020-03-04,28.38915914348229,29.843504173300243,28.347126680387127,29.80147171020508,4961200.0
2020-03-05,29.044874468097,29.507237974630367,28.456410365749356,28.87674140930176,3471000.0
2020-03-06,27.72503145989508,28.952397169727277,27.598934088180524,28.851518630981445,3078700.0
2020-03-09,26.5060735178462,26.791898726990286,24.656616470847485,25.329145431518555,4954700.0
2020-03-10,26.329536475272224,27.212231030846,25.60656656276773,27.195417404174805,4503900.0
2020-03-11,26.30431284049555,26.45563064262715,24.555734468108373,25.219858169555664,5745400.0
2020-03-12,23.52171729445432,24.7574911937243,22.24391094563761,22.36160469055176,6385500.0
2020-03-13,23.85798163964669,24.28671935834611,21.739515081308912,24.253093719482425,5398200.0
2020-03-16,21.571384220645687,24.017710220794815,20.806382020100653,20.924074172973636,3893800.0
2020-03-17,21.462106057097348,22.302768238055453,19.536988893054072,19.81440734863281,4547800.0
2020-03-18,18.17511243372821,18.721542391641524,16.426535606344324,18.486156463623047,5335200.0
2020-03-19,18.477750630609624,20.428086241021138,17.27560369744161,20.13385581970215,3611600.0
2020-03-20,20.503743824280303,21.58819847647212,19.26797137257288,19.59582901000977,6080800.0
2020-03-23,19.419289055228354,19.419289055228354,17.62867841684692,18.62906646728516,5404600.0
2020-03-24,19.74715139419301,21.87402696138775,19.629459220101065,21.65545463562012,4211500.0
2020-03-25,21.714298312359983,23.09298341046683,20.45330537528116,22.101003646850582,4666500.0
2020-03-26,22.35319620499912,24.14380503854083,22.02533863348297,23.74028778076172,3597500.0
2020-03-27,22.554960401784943,25.54771654092155,22.479300696844696,24.84156036376953,3399400.0
2020-03-30,24.92563126310137,25.219863322551618,23.12661485919212,23.916837692260746,3588900.0
2020-03-31,24.068148740220387,24.068148740220387,22.67265015805459,22.91644287109375,2981400.0
2020-04-01,22.134628167038358,22.67265127976329,21.268745816990727,22.563365936279297,3880500.0
2020-04-02,22.42045729519167,23.56375821452406,21.91605973646058,23.36199951171875,6675100.0
2020-04-03,23.118203296445795,23.639414403549967,21.64704490485379,22.033748626708984,6458700.0
2020-04-06,23.219083941604453,23.378808558849176,22.2018821405598,22.89963150024414,2995900.0
2020-04-07,24.076561418565085,24.480080434913585,22.924855268780245,23.00051498413086,3158500.0
2020-04-08,23.076170147216068,25.085351605663647,22.866004669020786,24.75749397277832,2547400.0
2020-04-09,25.40480637533413,26.733052339822198,25.34596028884346,25.8587646484375,4052900.0
2020-04-13,25.614969054693308,25.85035497807185,24.564141616560303,25.203044891357425,2122100.0
2020-04-14,25.606561874491938,25.86716822987428,24.799527183261898,25.564529418945312,2359200.0
2020-04-15,24.72386651482261,25.11057182517563,24.42963452718267,24.79952621459961,2733900.0
2020-04-16,24.79952898961083,25.12738665637412,24.05134032302363,24.95925521850586,4127300.0
2020-04-17,25.530908493385603,26.556515670551327,25.354368619906797,26.371570587158203,3055900.0
2020-04-20,25.81672975826114,26.79189917260699,25.648598317014685,26.085742950439453,3348500.0
2020-04-21,25.144194807289715,26.04370269453996,25.009689044902863,25.48045921325684,2488600.0
2020-04-22,25.993272071928292,26.33794340300642,25.413214776738105,26.13618469238281,3442200.0
2020-04-23,26.27068172415524,26.6069461295374,25.91760369764519,26.253868103027344,2170300.0
2020-04-24,26.70783271284077,27.582121981738712,26.43882112346773,27.405580520629883,2481200.0
2020-04-27,27.94360552065725,28.439596215258327,27.506460907884197,28.313495635986328,2376900.0
2020-04-28,29.263440763321498,29.961188445801795,28.13695373255152,28.33871078491211,3463200.0
2020-04-29,29.18778940476308,29.53246074063601,28.62454412504598,29.120534896850582,3530400.0
2020-04-30,28.967890030073217,29.027250201936926,27.933321489214144,28.43364524841309,2636600.0
2020-05-01,27.916362132633537,28.009643330816644,27.348199539899166,27.958765029907227,1812500.0
2020-05-04,27.76372057017769,28.07748191499977,27.187076175166773,27.941801071166992,2200700.0
2020-05-05,28.25556546001216,28.92549111387163,27.88244390799659,27.89092254638672,2798200.0
2020-05-06,28.02660188959861,28.03508376241701,27.2888374638443,27.79763984680176,2553500.0
2020-05-07,27.670436141719374,28.009636594118405,26.627387552970777,27.237951278686523,4350100.0
2020-05-08,27.560201527066248,28.314926528225534,27.382121001264224,27.78916358947754,2407600.0
2020-05-11,27.50084337261685,27.780683757313707,27.042919214145066,27.560203552246094,2625300.0
2020-05-12,27.6280435210772,27.8570023481474,27.178598035804185,27.195558547973636,3764000.0
2020-05-13,27.08531787053957,27.17859745057603,26.38995306099997,26.924196243286133,3145300.0
2020-05-14,26.534110161438885,27.73827720334967,26.025306206405357,27.68739891052246,2665700.0
2020-05-15,27.46691614438472,27.92484019946886,27.14467293137517,27.644996643066406,2708200.0
2020-05-18,28.4251667918791,30.38406218055916,28.19620474113311,30.129657745361328,3769600.0
2020-05-19,29.909175735313063,30.553658952275317,29.705652846601183,29.977014541625977,2427600.0
2020-05-20,30.46885849249797,31.18966236132243,30.01941630851705,30.10421562194824,2650700.0
2020-05-21,30.104217963809653,30.494300011756632,29.87525591787033,29.934616088867188,1905300.0
2020-05-22,29.926139998507857,30.29926156723671,29.748059470356832,30.2907829284668,1524100.0
2020-05-26,31.020072315697085,31.452554109654063,30.180544646985208,30.30774688720703,2330400.0
2020-05-27,30.62150316729576,31.1642265958733,30.256860257178957,30.502782821655277,2344900.0
2020-05-28,30.926788593576426,31.274471022419192,30.37558324387801,30.90134620666504,2298100.0
2020-05-29,30.85046700146848,30.91830581651405,30.061820962880898,30.57062339782715,3471600.0
2020-06-01,30.579096912191567,30.875897712293455,30.23141458854959,30.604536056518555,1692900.0
2020-06-02,30.88438073728406,30.960701415995903,30.3670997314444,30.44342041015625,2319100.0
2020-06-03,30.77414128358068,31.05398160660308,30.596060783940374,30.850461959838867,3021000.0
2020-06-04,30.69781774450701,30.926779751929068,29.70564904567809,30.05333137512207,3377300.0
2020-06-05,30.60454529428764,31.418630507338303,30.23990235273403,31.138790130615234,4298200.0
2020-06-08,31.232059070103013,32.453186410159795,31.20661669320117,32.35990524291992,2784800.0
2020-06-09,31.85959552322297,32.01223691165895,30.79110903905838,30.867429733276367,1985100.0
2020-06-10,30.816550465534743,31.155754294835237,30.29926608155085,30.689348220825195,2744900.0
2020-06-11,29.943101162943996,30.0024613402869,28.569328740441485,28.637170791625977,3303500.0
2020-06-12,29.33252980826092,29.51061030487349,28.018121059394275,28.56084442138672,3070800.0
2020-06-15,27.95028336989025,28.416686129479764,27.17859786296597,28.24708747863769,2684600.0
2020-06-16,29.14596147765406,29.510604268445835,28.459078778397814,28.628677368164062,2237500.0
2020-06-17,28.730446307729284,28.9085268045092,28.14532005418613,28.48452377319336,2601600.0
2020-06-18,28.314924975586543,28.696528392013605,28.111405310083285,28.51844787597656,1886300.0
2020-06-19,28.993329076048763,29.086610270040904,28.365806337189024,28.90005111694336,4540100.0
2020-06-22,28.823728866649613,29.09509056084062,28.13684275860494,28.95940971374512,2443500.0
2020-06-23,29.17988990848795,29.222289566709534,27.941801773052827,27.98420143127441,2368800.0
2020-06-24,27.73827675486107,27.97572064546562,27.19555340757007,27.619556427001957,2928700.0
2020-06-25,27.458444821478487,27.780684885440845,27.102280494352584,27.670446395874023,2935200.0
2020-06-26,27.63651967304312,27.63651967304312,26.49171108370836,26.77155303955078,4581900.0
2020-06-29,27.017477897781124,27.95028341858528,26.508673857151205,27.93332290649414,2523500.0
2020-06-30,27.848520845860254,27.85699948362966,27.373636258608624,27.61108016967773,2012600.0
2020-07-01,27.63652544839738,28.24709101960555,27.483884055595336,28.11141014099121,1748200.0
2020-07-02,28.408205403118902,28.71348812801787,27.712840634132004,27.806121826171875,1847200.0
2020-07-06,28.16228109292368,28.365803975130436,27.789159582912184,28.009639739990234,1443100.0
2020-07-07,27.746760483033142,27.924840986735333,27.492356066445407,27.772199630737305,2782600.0
2020-07-08,27.84004330466065,28.30644603762705,27.64499904452931,28.145322799682617,2200500.0
2020-07-09,28.035084898400356,28.035084898400356,26.847874976878256,27.399080276489254,2339200.0
2020-07-10,27.348197569959076,27.96724165389888,27.305797910626392,27.95028114318848,1677700.0
2020-07-13,28.035085497150824,28.51844876133559,27.7976415668432,28.179244995117188,2440000.0
2020-07-14,28.08596203417742,28.88308986427387,28.08596203417742,28.6965274810791,2430800.0
2020-07-15,29.052690356851905,29.32405531104661,28.789810510896288,28.849170684814453,1737900.0
2020-07-16,28.85764748072853,29.188369352838052,28.61172816229238,28.6965274810791,1597300.0
2020-07-17,28.900053184648744,28.97637063804432,28.340365980652088,28.594770431518555,1590400.0
2020-07-20,28.44212752500413,28.67108957753552,28.08596325388192,28.34036445617676,2225900.0
2020-07-21,28.331885415916265,28.69652832015719,28.16228353849706,28.43364524841309,1937100.0
2020-07-22,28.247083110820142,28.628683251095268,27.93331853852821,28.48452377319336,2689500.0
2020-07-23,28.476049099280004,28.65412962084558,28.035085497150824,28.179244995117188,3177500.0
2020-07-24,27.98420749856377,29.027254844414674,27.43300211751594,28.99333381652832,5891100.0
2020-07-27,29.315570130001788,30.14661570597557,28.52692421134459,28.611726760864254,3406000.0
2020-07-28,28.49300319153672,29.010287421503968,28.31492268987516,28.611726760864254,1830900.0
2020-07-29,28.62868778586436,28.764368647981748,28.221645199512192,28.526927947998047,1795900.0
2020-07-30,28.22164241988608,28.76436581490133,27.74676106669103,28.705005645751957,2329800.0
2020-07-31,28.473997291825945,28.953128246494927,28.26865778540538,28.927461624145508,1914100.0
2020-08-03,28.84189801950612,28.91034669097808,28.3798792785073,28.636558532714844,1532900.0
2020-08-04,28.705006056307123,29.17557928402117,28.705006056307123,29.11568832397461,1988900.0
2020-08-05,29.24403199470187,29.44081707111708,28.61089470482481,28.71356773376465,1817100.0
2020-08-06,28.610891521453777,29.192692232127264,28.593779351867777,29.07291030883789,1432600.0
2020-08-07,28.92745958998572,29.57770566634276,28.92745958998572,29.3295841217041,1958500.0
2020-08-10,29.46647855625822,30.16806114589681,29.432257483060848,29.928497314453125,2984400.0
2020-08-11,30.09961978715132,30.5103020951101,29.706049650000764,29.860055923461918,2224800.0
2020-08-12,30.01406301095516,30.364854362505643,29.85149901577446,30.168066024780277,2108200.0
2020-08-13,30.09105829601066,30.279288887481567,29.825827841278876,30.1937313079834,1328600.0
2020-08-14,30.099620362442348,30.13384470471292,29.842944323038896,29.89427757263184,1226900.0
2020-08-17,29.868604750876884,30.52740851574262,29.783047176764345,30.20228385925293,2016400.0
2020-08-18,30.20228271677477,31.100650266222377,30.20228271677477,30.878198623657227,2927400.0
2020-08-19,31.00653255117632,31.04075361495672,30.262168113203984,30.2963924407959,2342500.0
2020-08-20,30.11673342249692,30.296406329001236,29.55204481361692,29.646160125732425,1621100.0
2020-08-21,29.68893362787736,29.902830839513637,29.526369658193836,29.543481826782227,1767100.0
2020-08-24,29.67182596967954,29.800165621695083,29.10713737567441,29.68893814086914,1390800.0
2020-08-25,29.88572365891845,29.962726798512,29.312477338874697,29.56915664672852,1176000.0
2020-08-26,29.389480009144997,29.389480009144997,28.72212165253332,29.03868865966797,1405600.0
2020-08-27,29.047241282466874,29.30391727738957,28.67078011035539,28.859010696411133,2530700.0
2020-08-28,28.859015217340115,29.37237055141789,28.764899909568545,29.3381462097168,1569100.0
2020-08-31,29.372369554657222,29.6974909983459,29.24402990953981,29.440814971923828,2085600.0
2020-09-01,29.37237291799553,29.4921548597875,28.953132857910504,29.235475540161133,2185400.0
2020-09-02,29.303909787310968,30.38194999596417,29.098567085570988,30.2963924407959,1431200.0
2020-09-03,30.4589599400256,30.801196765163425,29.047240379909624,29.28680419921875,3417000.0
2020-09-04,29.37237095125144,29.50070733865822,28.42266667090185,28.55956077575684,2125600.0
2020-09-08,28.42266356473185,28.50822114698621,27.284728790636,27.34461975097656,3110900.0
2020-09-09,27.609854092243864,28.13176384151796,27.541405413867697,27.686857223510746,2236200.0
2020-09-10,27.59274220091627,27.76386063476976,26.77993208797171,26.84837913513184,2186000.0
2020-09-11,26.95105071314684,27.105056978326974,26.651594267730605,27.045166015625,1788100.0
2020-09-14,27.122165530891703,27.293282311231494,26.83982129302023,26.985271453857425,1676000.0
2020-09-15,27.096500601047985,27.20772644030792,26.06979326552808,26.181020736694336,2376700.0
2020-09-16,26.181020998474917,26.899715814143715,26.112573950882947,26.454809188842773,1841500.0
2020-09-17,26.146796893712832,26.146796893712832,25.607776593070103,26.12968635559082,2359000.0
2020-09-18,26.01845505599551,26.15534913227787,25.52221362149544,25.60777282714844,3561800.0
2020-09-21,25.214202597164416,25.325430060540025,24.59817921814409,24.940414428710938,2592100.0
2020-09-22,24.991751232132103,25.23987279889389,24.48695527750805,24.67518424987793,2220900.0
2020-09-23,24.786409823239712,25.000307048047496,24.384283628087356,24.40139579772949,1885100.0
2020-09-24,24.37572688998636,24.90619271133173,24.144717501727587,24.837745666503903,2441900.0
2020-09-25,24.666629775735384,25.34254584085412,24.58962663839511,25.256986618041992,1659100.0
2020-09-28,25.539330910987516,25.74467206659276,25.222762276154565,25.256986618041992,2087700.0
2020-09-29,25.462326547153125,25.72755865637897,25.17998226780784,25.41099166870117,2255500.0
2020-09-30,25.62488971599192,26.454810410353105,25.5051061532454,26.300804138183597,3045700.0
2020-10-01,26.34358173862207,26.463363656611588,25.87300688726596,26.20668601989746,2224900.0
2020-10-02,25.88156413337071,26.66870598386022,25.624888117041955,26.5745906829834,1826800.0
2020-10-05,26.651595347310472,27.02805494056608,26.420585940182733,26.7542667388916,2018200.0
2020-10-06,26.788483278810336,26.993824382776523,26.437692022213184,26.608810424804688,1408200.0
2020-10-07,26.63447651287268,26.97671331124568,26.557475028335357,26.85692977905273,1945000.0
2020-10-08,26.933941250900453,27.72963927971766,26.89971853959024,27.678302764892575,1828800.0
2020-10-09,27.832305418802427,27.952087340639483,27.430180861751253,27.60985374450684,2999600.0
2020-10-12,27.678297680005382,28.251543900226643,27.413067228334835,28.029088973999023,2345900.0
2020-10-13,27.97775934748133,28.542447924528645,27.823753075212714,28.414108276367188,2817200.0
2020-10-14,28.45688987526149,29.14991816876053,28.38844444962692,28.84190559387207,2568300.0
2020-10-15,28.40555551974017,29.43226297492365,28.31999466125061,29.124250411987305,1921300.0
2020-10-16,29.149909887428173,29.27824951177549,28.80767306504349,28.824785232543945,2199400.0
2020-10-19,28.95312375757561,29.209799732712337,28.482550592522944,28.5766658782959,1822600.0
2020-10-20,28.72211445849869,28.85045407823088,28.285765626271047,28.38843536376953,1931500.0
2020-10-21,28.26866195000041,28.32855292018072,27.789530924744906,27.83230972290039,2015400.0
2020-10-22,27.8323013633462,28.508217268153118,27.455843483310343,28.38843536376953,1667000.0
2020-10-23,28.576673971626,28.88468327073552,28.37133117507329,28.807680130004883,1343500.0
2020-10-26,28.516787653012965,29.04725200687865,28.37989025711105,28.90180015563965,1643800.0
2020-10-27,28.94457173719909,29.072908103640763,28.26865577697754,28.26865577697754,2305000.0
2020-10-28,27.70396917455608,28.03764831947604,26.60025872304191,26.63448143005371,2605700.0
2020-10-29,26.53181193615392,27.15639144035056,26.17246453353692,26.899715423583984,2472100.0
2020-10-30,26.84788412172273,27.40073577852562,26.718309720613043,27.314353942871094,2947500.0
2020-11-02,27.67716350021916,27.927675439198968,27.33162956402247,27.789459228515625,2103100.0
2020-11-03,28.204107607248297,28.78287329087668,28.100445425943885,28.273212432861328,2004300.0
2020-11-04,28.445973947339965,28.454610813152744,27.927676321918756,28.25592994689941,3138500.0
2020-11-05,28.342315120923285,28.76559074671587,27.58214241335447,27.74626922607422,2563900.0
2020-11-06,27.754912592823946,27.94495332022373,26.85652686150309,26.977462768554688,2506600.0
2020-11-09,28.43733537477607,28.990190380098603,27.547589859841445,27.573505401611328,3362200.0
2020-11-10,27.74627099399779,28.376867687582266,27.633973607211708,28.1695499420166,2377300.0
2020-11-11,28.42869366889257,28.54099268315001,27.651244024426557,27.832651138305664,2934100.0
2020-11-12,27.71171463332568,27.84128737430644,26.83060450695571,26.94290351867676,2119700.0
2020-11-13,27.055202511162378,27.88447996627137,27.046563998384848,27.7635440826416,2289000.0
2020-11-16,28.22137529375869,28.437333182306915,27.80673654317681,28.2041015625,2091600.0
2020-11-17,28.074528079234696,28.204104142318247,27.51303784717562,27.547590255737305,2295500.0
2020-11-18,27.6426098517782,28.039971577536097,27.063842642101477,27.072481155395508,2508100.0
2020-11-19,27.150224370623143,27.176138261200517,26.415967264420765,26.75286102294922,2704900.0
2020-11-20,26.73558905735057,26.778779978910496,26.320948631286253,26.38141822814941,2729200.0
2020-11-23,26.45052201554229,26.7701387570613,26.424606476651068,26.614648818969727,2340800.0
2020-11-24,26.925630266063287,27.487120460442178,26.657842939075444,27.45256805419922,2570100.0
2020-11-25,27.40937350215138,27.91039736123301,27.279799104773787,27.858566284179688,2483700.0
2020-11-27,27.84993068850671,28.17818430570741,27.69444074551444,28.083162307739254,1419800.0
2020-11-30,28.212736600730924,28.558270518129465,27.754906961145164,28.29048156738281,4917300.0
2020-12-01,28.4546081125584,29.14567594120614,28.42005735733051,28.817419052124023,4304100.0
2020-12-02,28.756950754633067,29.059290454473764,28.333671879600512,29.024736404418945,2151800.0
2020-12-03,28.748312971411508,28.91244307511443,28.37686514074975,28.592823028564453,1724200.0
2020-12-04,28.566909224952624,29.836742663716404,28.566909224952624,29.81946563720703,2814300.0
2020-12-07,29.8194646556705,29.974954593880856,29.1802278768884,29.2666130065918,1555500.0
2020-12-08,29.188865571221218,29.430737323442653,29.05928953524232,29.37890625,1356600.0
2020-12-09,29.456654888328607,29.76763477727967,29.111124241359786,29.20614624023437,1676900.0
2020-12-10,28.99882717763109,29.318443953894832,28.636019479481355,29.292530059814453,1847600.0
2020-12-11,29.283887884090603,29.283887884090603,28.61873726282481,28.661928176879883,2279600.0
2020-12-14,29.042020130294528,29.232064154189185,28.10044346821261,28.18682861328125,2240900.0
2020-12-15,28.44597527559184,29.145680068312725,28.24729440006134,28.99882698059082,1653100.0
2020-12-16,29.17159535596212,29.2407001747606,28.739679528888807,28.834701538085938,1626900.0
2020-12-17,28.843333881463963,29.05929176113381,28.61009897598984,28.972909927368164,2500000.0
2020-12-18,29.188867568969727,29.43937949820492,29.042014498459,29.188867568969727,4427900.0
2020-12-21,28.765590098877084,29.119760904326625,28.58418626333714,29.11112403869629,2291900.0
2020-12-22,29.11975839353318,29.84537696838379,29.067930613708157,29.84537696838379,1676100.0
2020-12-23,30.04405700902987,30.709207626108142,30.04405700902987,30.519166946411133,1803000.0
2020-12-24,30.484616958717663,30.484616958717663,29.940402145829243,30.30321311950684,732700.0
2020-12-28,30.588274976407305,30.88197783447549,30.35504006306588,30.432785034179688,1107100.0
2020-12-29,30.596912323830843,30.812870214186248,30.372317567773816,30.709211349487305,1365300.0
2020-12-30,30.77831608338613,31.67669830442395,30.717848144333264,31.408912658691406,1764300.0
2020-12-31,31.40891602046912,32.51461936178845,31.40891602046912,32.43687438964844,2630000.0
2021-01-04,32.592367606320444,32.62692166301999,31.24478905234382,31.357088088989254,2887700.0
2021-01-05,31.01155142509718,32.08270061409037,30.864698360082688,31.797637939453125,2240000.0
2021-01-06,32.186356629415336,32.61827233096294,31.98767580213407,32.15180587768555,2506600.0
2021-01-07,32.393686227495074,32.79968814936165,31.927216354957665,32.30730438232422,2715500.0
2021-01-08,32.62691745397334,33.92266475574231,32.566449510177925,33.69806671142578,3321200.0
2021-01-11,33.33525935738446,34.406411920013056,33.257514386748056,34.3113899230957,3490300.0
2021-01-12,34.39776902064627,35.391176533547764,34.21636520202253,35.261600494384766,3898500.0
2021-01-13,35.071562528962474,36.04769318432344,34.95062662914461,35.762630462646484,2401500.0
2021-01-14,35.736709219597444,35.797177162647486,34.751941809632974,34.760581970214844,1837300.0
2021-01-15,34.55325894953965,35.58121721699645,34.3632149708354,35.261600494384766,2238500.0
2021-01-19,35.37391184886404,35.97859475047628,34.70876098661624,35.61578369140625,3636800.0
2021-01-20,35.53802986784559,35.71943370466935,34.959264304096656,35.0802001953125,2768500.0
2021-01-21,35.36526225603592,35.5466693848292,34.751942650120256,35.30479431152344,2071000.0
2021-01-22,35.13203177138956,36.03041748202576,34.950627914988864,35.87492752075195,1501600.0
2021-01-25,35.9353929767554,37.10156760530464,35.62441637106495,36.220458984375,2165100.0
2021-01-26,36.17727072130255,36.43641955937616,35.391184045167385,35.4862060546875,1710400.0
2021-01-27,35.054291756164965,35.192504695520576,34.164542869760375,34.38050079345703,3206900.0
2021-01-28,34.42368423554151,36.15998740993925,34.19045262847859,35.60713577270508,2169700.0
2021-01-29,35.419933944702215,37.04813547240956,35.34157112671397,36.0555419921875,3815800.0
2021-02-01,36.28192471312603,37.11779595004928,35.576662612571965,36.76951599121094,2361700.0
2021-02-02,36.91753612218591,37.91012968662078,36.79563581162815,37.2222785949707,2677400.0
2021-02-03,37.17003596927907,37.309347289838975,36.61279068703946,36.96977615356445,2039800.0
2021-02-04,36.9871867692037,37.23098072533842,35.67243652104981,36.52571868896485,3114800.0
2021-02-05,36.74339436812362,37.02201699305333,36.27321744301338,36.4299430847168,1984600.0
2021-02-08,36.6824424151591,36.70856224583045,36.2122655344147,36.63019943237305,1694300.0
2021-02-09,36.70856818503047,37.23098481164107,36.665034019720245,37.17003631591797,924900.0
2021-02-10,37.40512324426474,37.640211712930665,36.91753529868544,37.50960922241211,1365600.0
2021-02-11,37.61408707411863,37.65762123206356,36.917530582669706,37.33546447753906,2032100.0
2021-02-12,37.048138257162336,37.570558190166594,36.90882693931663,37.47478103637695,2259900.0
2021-02-16,35.39381861501117,36.04684107417047,34.44475917484191,35.341575622558594,6737600.0
2021-02-17,35.48088382995217,35.86398910994236,34.07906187603718,34.62760162353516,4729000.0
2021-02-18,34.514411253346,34.65372257067907,32.9994010925293,32.9994010925293,4648600.0
2021-02-19,33.66113457857264,34.91493664163331,32.9732833825116,34.46217727661133,5459400.0
2021-02-22,34.1661381905177,34.24450102229538,31.9371535588536,32.12870788574219,5257700.0
2021-02-23,32.25930492525941,33.600178343401936,31.68464536340456,33.33026123046875,4828100.0
2021-02-24,33.44345437752057,34.04423380174774,33.00810610219672,33.4521598815918,3443400.0
2021-02-25,33.330268130690314,33.82656497679099,32.49440010793594,32.71207427978516,2330500.0
2021-02-26,31.780429473704448,32.12870948144606,31.1883554534103,31.789134979248047,7710600.0
2021-03-01,36.55183112488989,37.47477042005837,35.11518418936795,35.14130401611328,11537800.0
2021-03-02,35.18485409869824,35.37640843874288,33.591480838377215,34.200965881347656,4541800.0
2021-03-03,34.17483151671224,34.288022971485,32.9384443019926,33.70465469360352,3713500.0
2021-03-04,33.71337067601721,34.444755893457874,33.00810529159254,33.7394905090332,3487400.0
2021-03-05,33.983290789346206,34.888816145198874,33.53052811141988,34.697261810302734,3409300.0
2021-03-08,34.80174092672226,36.76080809444019,34.653720791344,36.24709701538086,3222800.0
2021-03-09,36.83047107025736,37.527027791019,36.28193119952563,37.29194259643555,3652800.0
2021-03-10,37.23969237161344,37.40512352274609,35.19355345715155,35.4721794128418,4520000.0
2021-03-11,35.75080201310876,37.85788609777534,35.60278187049388,37.039432525634766,3850000.0
2021-03-12,37.08296670342469,37.28322651408436,35.94235301163911,36.133907318115234,3166600.0
2021-03-15,36.33416924178579,38.38030827406852,36.16002925499347,38.24970245361328,4394600.0
2021-03-16,38.06686022772972,38.18004840562728,37.32676605073375,37.82306289672852,2400400.0
2021-03-17,33.21706973164466,33.61758928745794,31.362485428153438,31.50179672241211,17004800.0
2021-03-18,31.5627364535809,32.57274388723779,31.12738836456599,31.693342208862305,8475400.0
2021-03-19,32.04163028765332,32.62499866528768,31.63240519440305,32.2505989074707,11378100.0
2021-03-22,32.102587790496145,32.154830790480595,31.07516537424653,31.153528213500977,6012800.0
2021-03-23,31.083879425498537,31.223190794091536,30.439562269852782,31.18836212158203,3832800.0
2021-03-24,31.19706366429044,32.12870884693931,31.188354837474517,31.28413200378418,3874800.0
2021-03-25,31.25801298638373,32.10258653025483,30.848784472848315,32.01551818847656,2747800.0
2021-03-26,32.25930301477249,32.607582925579926,31.841369114669604,32.564048767089844,2107100.0
2021-03-29,32.285434610316486,33.17354230439116,32.12870894161054,32.94716262817383,2362400.0
2021-03-30,32.68594630878845,33.11258571944354,32.00680080302841,32.294132232666016,3770100.0
2021-03-31,32.50310655266157,32.9558658740542,32.24189490843133,32.85138320922852,3391700.0
2021-04-01,32.842670161593254,32.87749549424095,32.224473176530225,32.61628723144531,2548500.0
2021-04-05,32.91232728417383,33.2431928866758,32.65111899649062,32.66853332519531,2056800.0
2021-04-06,32.88621346139269,33.539235960654395,32.63371063119823,33.42604446411133,2299700.0
2021-04-07,33.338972335806346,33.72207762943132,32.99069238055178,33.21707534790039,2215700.0
2021-04-08,33.269311673024816,33.957162688737995,32.95586040908243,33.39120864868164,3671100.0
2021-04-09,33.30414247761488,33.93975054985625,33.278022644415984,33.722076416015625,1720800.0
2021-04-12,33.76561681029523,34.07036264678237,33.53923713075545,33.58277130126953,1948000.0
2021-04-13,33.46086516152631,33.84397040749695,33.28672520556023,33.67853927612305,2614200.0
2021-04-14,33.59147283976571,33.92233512103964,33.25189841196838,33.33026123046875,1557500.0
2021-04-15,33.26931453071,33.65242314018844,32.8600894089177,33.46086883544922,2812100.0
2021-04-16,33.73948776249466,33.974576204832346,33.321553861042126,33.67853927612305,2156000.0
2021-04-19,33.89621783271007,33.89621783271007,33.034226764510734,33.408626556396484,2270100.0
2021-04-20,33.33898414752953,33.38251832699919,32.85139270171233,32.95587539672852,1887800.0
2021-04-21,32.703361876296384,33.02551865267699,32.4247392608142,32.903621673583984,1271600.0
2021-04-22,33.086470282684004,33.086470282684004,32.259307861328125,32.259307861328125,2930700.0
2021-04-23,32.285433752130416,32.48569358538836,31.945859264664332,32.32025909423828,1914200.0
2021-04-26,32.33766366359985,32.564046586901185,31.94584962053459,32.44214630126953,2121500.0
2021-04-27,32.31154465824166,32.31154465824166,31.39731408207892,31.50179672241211,2256500.0
2021-04-28,31.53663431800524,31.74559965792013,31.214474160016472,31.527925491333008,2472300.0
2021-04-29,31.51050593166324,31.78912855295417,31.3973177752563,31.63240623474121,1826100.0
2021-04-30,31.628015682218464,31.628015682218464,31.11845159865421,31.46987533569336,2659300.0
2021-05-03,31.54894169213321,31.874006431141428,31.19751799760965,31.223876953125,2260200.0
2021-05-04,31.118446063547893,31.18873213902384,30.57374238430748,30.88123893737793,3627600.0
2021-05-05,30.810954306416797,30.872452949629228,30.310177725158585,30.696741104125977,3665100.0
2021-05-06,30.45074857604081,30.95152519092612,29.862117708216825,30.53860282897949,3413100.0
2021-05-07,30.529818744255596,30.98666823267156,29.783047540002045,30.53860282897949,3888300.0
2021-05-10,30.477097118549008,31.83886118348324,30.44195743637213,31.15358543395996,3775500.0
2021-05-11,30.76703117981836,30.87245696024621,30.08175857989962,30.47710609436035,3389300.0
2021-05-12,30.37167878506978,30.45953303909969,29.44919571205587,29.54583740234375,4275500.0
2021-05-13,29.818188911573767,29.88847499902762,29.30862818323379,29.580978393554688,2957300.0
2021-05-14,29.77426275331869,30.204756674445584,29.739119708446047,30.160829544067383,2111100.0
2021-05-17,30.13447117217921,30.775816672194733,29.800618942230965,30.0202579498291,3427700.0
2021-05-18,29.958752425789065,30.204750336856872,29.870898183466323,30.07296562194824,2551400.0
2021-05-19,29.87089804793921,30.33653156270125,29.66883061037409,30.169607162475582,3668400.0
2021-05-20,30.116897468926613,30.40682254664961,29.897258477230416,29.90604591369629,2719300.0
2021-05-21,29.985112541981696,30.099322391143637,29.528263091059987,29.712759017944336,2528400.0
2021-05-24,29.88847395595603,29.985115647119844,29.44040854263745,29.66004753112793,2101000.0
2021-05-25,29.69519005060077,29.774260219121672,28.74635137977498,28.772706985473636,2442100.0
2021-05-26,28.728778832281588,29.07141509982055,28.526711375820785,28.851776123046875,2939100.0
2021-05-27,29.018698901959464,29.25590938566515,28.271927763623683,28.41249656677246,5624100.0
2021-05-28,28.55306626300883,28.746349630168183,28.061075436599523,28.24557304382324,3925400.0
2021-06-01,28.50914208325028,28.72878107718684,28.219217002569987,28.351001739501957,3789600.0
2021-06-02,28.3685708988256,29.115342075453302,28.27192921331324,29.009916305541992,3375200.0
2021-06-03,28.51792571918396,30.310180685817805,28.184076866685032,30.12568473815918,4478700.0
2021-06-04,30.07297228212216,30.24868415710656,29.545840008594222,29.78305053710937,3124900.0
2021-06-07,29.826980452388625,30.38925582368767,29.826980452388625,30.3189697265625,2246200.0
2021-06-08,30.477101441966425,31.75979553897072,30.40681871621837,31.671937942504883,4390000.0
2021-06-09,31.654369029137527,32.436283269218684,31.469873088507686,32.216644287109375,3398400.0
2021-06-10,32.260576562937295,32.26936064808435,31.276591455212458,32.005794525146484,2153200.0
2021-06-11,31.988219767597453,32.8140610963099,31.8300794395467,32.77013397216797,2134700.0
2021-06-14,32.86678026160979,33.007349089416095,32.24300629768337,32.57685852050781,2603100.0
2021-06-15,32.55050064563809,33.18306206755343,32.286934503648475,32.95463562011719,2390600.0
2021-06-16,33.10398749073734,33.15670205270033,32.146361399338,32.436283111572266,3094700.0
2021-06-17,32.56806680020716,33.85075760416704,32.427497990888604,33.727760314941406,3889400.0
2021-06-18,33.33241224320297,33.54326715030052,32.31328745365242,32.32207489013672,5737700.0
2021-06-21,32.594414228386334,33.34997264572743,32.26934956677119,33.30604553222656,2368400.0
2021-06-22,33.32362960851989,33.42905539094468,32.78770990810394,32.7964973449707,1967600.0
2021-06-23,32.691058038889906,32.69984547302235,32.23420865530324,32.339637756347656,2598400.0
2021-06-24,32.45385417894937,33.09519959246295,32.09364638912874,32.97220230102539,2169000.0
2021-06-25,32.97220415249962,33.85076011372946,32.84920685415545,33.81562042236328,3800300.0
2021-06-28,35.098300659421696,36.00321195214276,34.456955404719736,35.88021469116211,7288900.0
2021-06-29,35.88022201412406,36.13500402182592,34.89624037402946,34.9225959777832,3858700.0
2021-06-30,35.06316362256987,35.65179778116983,34.641457219349164,35.405799865722656,4691800.0
2021-07-01,35.22131121687275,35.82751366830784,34.90503051128044,35.599090576171875,3329500.0
2021-07-02,35.83629302913027,36.995986453997936,35.51122495973856,36.38099670410156,3056600.0
2021-07-06,36.09985909449571,36.1965007717713,35.388227667541045,36.01200485229492,2939900.0
2021-07-07,36.1437862283662,36.53913702125848,35.90657575263083,36.38099670410156,2595300.0
2021-07-08,35.80993886354578,36.24043275146288,35.46730258103268,36.117435455322266,2799100.0
2021-07-09,36.46007110951789,36.9608477217033,36.29314668926439,36.87299346923828,2785300.0
2021-07-12,36.83784896737523,36.969633692273526,36.09107779675096,36.27557373046875,3227200.0
2021-07-13,36.19649939416436,36.31071258581815,35.511223595666024,35.68693542480469,2959000.0
2021-07-14,35.739648812479594,36.20528229578867,35.546365471593134,35.67815017700195,1748600.0
2021-07-15,35.52880836625302,35.66937721171238,35.17738792831744,35.35309982299805,1735500.0
2021-07-16,35.48486872994065,35.985645274941724,35.256445693321965,35.61665344238281,1770600.0
2021-07-19,35.14224216014709,35.159813683398205,33.806836555890456,34.28125762939453,3538700.0
2021-07-20,34.28125160931232,34.85231093327656,34.20218144428037,34.65903091430664,2555300.0
2021-07-21,34.913810596610524,35.48486988241631,34.88745164241133,35.256446838378906,2646500.0
2021-07-22,35.42336834240884,35.75722047306951,34.975306374789334,35.70450592041016,2043400.0
2021-07-23,35.713293108899606,36.07350083769664,35.60786400430711,36.02078628540039,1267100.0
2021-07-26,36.047151752134766,36.37221988646479,35.432165230808096,35.766014099121094,1552300.0
2021-07-27,35.520015129209874,36.1613605308628,34.94895245646801,36.1525764465332,1764300.0
2021-07-28,36.27557749128241,36.71485548458515,36.13500866748254,36.644569396972656,2346500.0
2021-07-29,36.6972752986928,36.93448576124344,36.22285437359152,36.6621322631836,2058200.0
2021-07-30,36.445214444840666,36.95877837072871,36.40094250792362,36.51605224609375,1790000.0
2021-08-02,36.67541894490149,36.68427535612344,36.17071159264918,36.39207458496094,2027700.0
2021-08-03,36.41863738935276,37.02959798095718,36.33894658368863,36.870216369628906,1787200.0
2021-08-04,36.57802609303615,37.09158653532526,36.13530005966587,36.958770751953125,2134500.0
2021-08-05,37.26867165069197,38.33121463601957,36.62229215090267,37.16241836547852,2869000.0
2021-08-06,37.41919641219478,39.34948185559131,37.268671208074345,38.86248397827149,3919000.0
2021-08-09,38.91561230911275,39.29635690248103,38.58799604658575,38.86248397827149,3500800.0
2021-08-10,38.977594743274,39.048429141943245,38.18068664742574,38.207252502441406,1627000.0
2021-08-11,38.29580324554936,38.42862241136649,38.01245884435574,38.23382186889648,1917300.0
2021-08-12,38.25152621333129,38.36663591650141,37.53430889351457,38.1275634765625,1649600.0
2021-08-13,38.16298113381075,38.71196382426091,37.80880234852476,38.64998245239258,1531300.0
2021-08-16,38.41976308382274,38.8536360652052,38.06558429806926,38.1452751159668,2063300.0
2021-08-17,37.96818004854188,38.313505763937066,37.35721604955246,38.304649353027344,2241100.0
2021-08-18,38.28693774254629,38.49944428537245,37.817645986488216,38.10099029541016,1512200.0
2021-08-19,38.09214056412354,38.36663186493294,37.65826765351911,37.78223037719727,1470300.0
2021-08-20,37.66713096055181,38.64112686298262,37.57858372904714,38.43747329711914,1560400.0
2021-08-23,38.570291599363024,38.93332679614508,38.437472443919965,38.74737930297852,1952300.0
2021-08-24,38.91561508178711,39.05728726306008,38.40205131359057,38.91561508178711,2992600.0
2021-08-25,38.95989163582423,40.49172333345042,38.73852861516613,40.37661361694336,2893000.0
2021-08-26,40.226075718781146,40.81932680604491,39.86304061431496,39.987003326416016,1691600.0
2021-08-27,40.01356757595046,40.16409614570589,39.68595133974969,39.90731430053711,1460000.0
2021-08-30,40.040142076385656,40.075557590685705,39.579706613170536,39.63283157348633,1266800.0
2021-08-31,39.66825245531208,40.553704534125885,39.500017776320846,40.438594818115234,2311500.0
2021-09-01,40.52713890833935,40.589120278828965,40.00472208726163,40.19066619873047,2481900.0
2021-09-02,40.31463206751837,40.44745123043308,40.0578535317384,40.438594818115234,1236500.0
2021-09-03,40.128677788983154,40.48285988199251,39.91617123536216,40.22607803344727,1318500.0
2021-09-07,40.128682480862686,40.296917136960346,39.677103468320986,39.730228424072266,1676600.0
2021-09-08,39.6416824283043,40.332333837444274,39.57970106480359,40.11982727050781,1091500.0
2021-09-09,40.057844557588105,40.18180728041364,39.54428084561849,39.60626220703125,980200.0
2021-09-10,39.7479447787268,39.7479447787268,38.36664164535603,38.490604400634766,1935500.0
2021-09-13,38.86248641462217,39.24323103185993,38.490598208612006,39.03957748413086,1512000.0
2021-09-14,39.2697910481949,39.43802907366009,38.738521250706185,38.86248397827149,1602800.0
2021-09-15,38.78279664212281,39.4114667468907,38.65883390346225,38.9864501953125,1621500.0
2021-09-16,38.98644676529477,39.03957509621707,38.03901348576535,38.07443237304688,2178700.0
2021-09-17,37.8619232388011,37.95047045890326,37.0738715574127,37.25981903076172,4344100.0
2021-09-20,36.70198374815142,37.12700027587195,35.87851317015192,36.4452018737793,2428300.0
2021-09-21,36.6577113618863,37.24210950231145,36.622292473925725,37.038455963134766,1464100.0
2021-09-22,37.27752800208928,37.72025400390854,37.162421673582834,37.348365783691406,1298600.0
2021-09-23,37.56972569774674,38.08328606124096,37.40149104686142,37.826507568359375,1376600.0
2021-09-24,37.64941906356657,38.29579861168459,37.64941906356657,38.03901672363281,1133000.0
2021-09-27,38.05672801464533,38.6057073299411,37.43691091532098,37.454620361328125,1572100.0
2021-09-28,37.419199397842135,37.61399991540544,36.61343822664566,36.64885711669922,1437700.0
2021-09-29,36.7019836651966,37.22440044599689,36.50718315711582,36.728546142578125,2444900.0
2021-09-30,36.976474776348006,36.976474776348006,36.14415109561683,36.15300750732422,1815000.0
2021-10-01,36.38322034287233,36.38322034287233,35.27640541808032,36.00247573852539,2327700.0
2021-10-04,35.98477317888218,36.40093675109689,35.33839354446828,35.71028518676758,2336300.0
2021-10-05,35.84309333082768,36.560310602302096,35.84309333082768,36.21498489379883,2448200.0
2021-10-06,35.975912608591656,36.26810998701604,35.46234887149342,36.25040054321289,1429000.0
2021-10-07,36.44520477636452,37.18898460354467,36.40093285119229,36.53374862670898,1825500.0
2021-10-08,36.640004083051465,36.98532981674549,36.52489437924303,36.64885711669922,1556100.0
2021-10-11,36.63115435878704,37.02075546503636,36.18842828549055,36.19728469848633,1269700.0
2021-10-12,36.28582162749243,36.62229432465961,35.975914786503736,36.26811218261719,1832700.0
2021-10-13,36.51604132124246,37.46347467429005,36.43635050754074,37.153564453125,2024500.0
2021-10-14,37.42805351163612,37.54316320837835,36.72854567580954,36.81709289550781,1662500.0
2021-10-15,36.95876456555993,37.30409027334889,36.38321946742433,36.498329162597656,1441400.0
2021-10-18,36.25926111044983,36.40093329938415,35.91393536103063,36.126441955566406,2453400.0
2021-10-19,36.30352643074381,36.35665475857677,35.79881913838852,35.97591018676758,1967200.0
2021-10-20,36.338949538248514,37.02074795820215,36.08216765714951,36.675418853759766,1871200.0
2021-10-21,36.49833216570693,36.77282012128782,36.19727835352724,36.30353164672852,1787800.0
2021-10-22,36.409786625649744,36.755112377840426,36.05560783933711,36.50718688964844,1284600.0
2021-10-25,36.77282245566079,37.16242351834985,36.533749997482914,36.76396942138672,1297000.0
2021-10-26,36.77282696097448,36.77282696097448,36.24155701842146,36.29468536376953,1313500.0
2021-10-27,36.52489954693657,36.79053450445885,35.91393880686215,35.93164825439453,1643200.0
2021-10-28,35.79882461433519,36.66656716862243,35.6748618748272,36.179569244384766,2719400.0
2021-10-29,36.157255111952175,36.22866085706992,35.39858779654945,35.60387420654297,1863300.0
2021-11-01,35.612794806528896,36.50534602067937,35.50568620936571,36.11262130737305,4888000.0
2021-11-02,36.17510103320285,36.33576053041131,34.80057469737122,35.29147720336914,3133800.0
2021-11-03,35.14867220082997,35.8270097110435,35.0861938803424,35.70205307006836,3213700.0
2021-11-04,32.57812909488587,33.434977700500184,31.05186687773281,31.739131927490234,8236000.0
2021-11-05,31.94441518224572,32.68523106815588,31.774828238444098,32.38176345825195,3383400.0
2021-11-08,32.33714048554325,32.38176737964829,31.266078002953527,31.801610946655277,3397100.0
2021-11-09,31.96226026292439,32.26572781248314,31.007230734421515,31.141111373901367,3255300.0
2021-11-10,31.06078320711812,31.605240021190745,30.980453457421948,31.2125186920166,1716700.0
2021-11-11,31.185745034864336,31.605245287040024,30.971534603192843,31.337480545043945,2299600.0
2021-11-12,31.35533399457722,31.962269264629143,31.257152788419752,31.86408805847168,2474200.0
2021-11-15,32.18540388948969,32.80126311406173,32.02474436919902,32.73878479003906,2294900.0
2021-11-16,32.88159264630195,32.97977384188945,32.60490049553839,32.68523025512695,2110100.0
2021-11-17,32.52457427978516,32.87267221247274,32.301436412705584,32.52457427978516,1665600.0
2021-11-18,32.524573863013046,32.70308483535198,31.498141730487983,32.17647933959961,2011700.0
2021-11-19,32.105066123346674,32.65844688590022,31.91762779320661,32.390682220458984,1618400.0
2021-11-22,32.42639178763107,32.89944290786956,31.98011611802853,32.613826751708984,1938800.0
2021-11-23,32.77448269886024,33.08687427166449,32.524566035804064,32.90836334228516,2487000.0
2021-11-24,33.033320468591285,33.56885326478959,32.93514269052712,33.2564582824707,2837600.0
2021-11-26,32.37284335144033,32.76556478616669,31.953343056409285,32.3549919128418,1069800.0
2021-11-29,32.819109460698705,32.97084153699126,32.35498240792474,32.69415283203125,1576700.0
2021-11-30,32.35498272848707,32.506714806282936,31.837301370521136,32.149696350097656,4286400.0
2021-12-01,32.524569304700954,33.07795358187631,31.774826049804688,31.774826049804688,2549300.0
2021-12-02,31.944411838843788,32.93514432644914,31.855154665970822,32.62274932861328,2269300.0
2021-12-03,32.98869804245279,33.07795522294793,32.283581638201,32.63167953491211,1996500.0
2021-12-06,32.97977955571221,34.24720108790072,32.78341713051697,33.99728775024414,2812100.0
2021-12-07,34.11331132985233,34.97015974950254,33.99727870902064,34.68454360961914,2401900.0
2021-12-08,34.88983257063276,35.264702505073124,34.61314042510782,34.63991928100586,2094900.0
2021-12-09,34.48817308890013,34.91659719751112,34.31858960991208,34.33644104003906,1620500.0
2021-12-10,34.818424259982194,35.00586261819121,34.5238841053331,34.68454360961914,1587800.0
2021-12-13,34.58636399903187,36.09477451932144,34.58636399903187,35.67527770996094,3741600.0
2021-12-14,35.675282648206725,36.17510928255744,35.371815018145114,35.63957977294922,2728900.0
2021-12-15,35.55032120708707,35.99659687332831,34.77379909636188,35.75560760498047,2621600.0
2021-12-16,35.92519823503476,36.36254997253586,35.41644414732123,35.56817626953125,2303000.0
2021-12-17,35.62173041919211,36.36254980246212,34.80950868604364,36.13941192626953,8279700.0
2021-12-20,35.65743162519681,36.014450167482444,34.925539697975594,35.987674713134766,2391800.0
2021-12-21,36.237582097209504,37.38897411294306,36.237582097209504,37.05873107910156,3055300.0
2021-12-22,36.95162904166632,37.61211516596138,36.95162904166632,37.54963684082031,1593000.0
2021-12-23,37.58534253463375,38.29938302184701,37.54071564258548,37.665672302246094,1463700.0
2021-12-27,37.56748100440935,37.99590518164185,37.35326721338674,37.8173942565918,1454200.0
2021-12-28,37.79062950045913,38.3707893197954,37.79062950045913,38.09409713745117,1081800.0
2021-12-29,38.24582178909839,38.3529303964126,38.04053539896567,38.281524658203125,853000.0
2021-12-30,38.37971102001236,38.64747576477068,38.15657316524484,38.29938125610352,954400.0
2021-12-31,38.192273940081584,38.58499531715525,38.11194418058773,38.451114654541016,944500.0
2022-01-03,38.5760708448686,38.70102749042116,37.43360278950259,38.3440055847168,2216800.0
2022-01-04,38.38862943098666,38.647470121879046,37.88880288836739,38.04053497314453,2186000.0
2022-01-05,37.46038075232169,37.67459116678591,36.76418839328012,36.96947479248047,3454700.0
2022-01-06,36.96054594655264,37.0587271256888,36.19295135128367,36.27328109741211,1855100.0
2022-01-07,36.30005919017036,36.46964611369744,35.89841383506777,36.201881408691406,1934600.0
2022-01-10,36.11262395050783,36.335761770377225,35.77345691577165,36.04122161865234,2241000.0
2022-01-11,36.04123110920083,36.701717323241375,36.04123110920083,36.48750686645508,2331100.0
2022-01-12,36.433953154898255,37.03196445005311,36.433953154898255,36.889156341552734,1908700.0
2022-01-13,37.01410215569667,37.21938853866038,36.41609103592161,36.505348205566406,1644900.0
2022-01-14,36.35361754309506,36.50535304921755,35.63957711525984,36.49642562866211,1848100.0
2022-01-18,36.17510179974734,36.38038818279417,35.83593476939841,35.934112548828125,2181800.0
2022-01-19,36.02337694517887,36.20188791553905,35.53247433029855,35.58602523803711,2263400.0
2022-01-20,35.630653016471875,35.77346452016625,34.327528688583506,34.39000701904297,3520600.0
2022-01-21,34.43462682982668,35.077261376678834,33.845539770925576,34.97908020019531,3309000.0
2022-01-24,34.497109870232975,35.59494758494696,34.27397204029567,35.5413932800293,2478600.0
2022-01-25,35.06834069756324,35.78238104241706,34.60421362220502,35.44321060180664,2454900.0
2022-01-26,35.889483747435136,35.97874091234362,35.10404112511666,35.4610595703125,2667700.0
2022-01-27,35.96981884547049,36.04122458802189,34.65777067181402,34.773799896240234,3101600.0
2022-01-28,34.75594125972528,35.67527127813136,34.550654899641884,35.61279296875,3264400.0
2022-01-31,35.495739857482775,36.1170525997162,35.48673686822253,35.95497131347656,2368000.0
2022-02-01,35.69384082200666,36.00900041274276,34.69434067800401,34.89244079589844,3660900.0
2022-02-02,34.667320815170555,35.97297384454885,33.829902141463144,35.909942626953125,4249300.0
2022-02-03,35.38768243856566,35.900938636583525,35.00949510737101,35.48673248291016,2876500.0
2022-02-04,35.25262155050831,35.87393086110089,34.80239651632529,35.44171524047852,2025100.0
2022-02-07,35.3966937593721,36.144065537024886,35.288637276984545,35.92795944213867,3205800.0
2022-02-08,36.08102754662914,36.37817766510694,35.67582440095207,35.85591506958008,2368300.0
2022-02-09,36.20709104477495,37.05351618163723,36.04500978175638,36.810394287109375,2068000.0
2022-02-10,36.414192813348194,37.08052725244222,35.99998668266628,36.13505554199219,1814800.0
2022-02-11,36.189089969672594,36.91845582125802,35.59479301336232,35.73886489868164,2624400.0
2022-02-14,35.9369598408265,35.981981654436794,34.37017530860139,34.82940673828125,2661700.0
2022-02-15,35.04551300284699,35.315650755825125,34.76637569602109,35.07252883911133,2233600.0
2022-02-16,35.21660636977108,35.441718910171105,34.91945616766955,35.1985969543457,1033400.0
2022-02-17,34.95547022809743,35.108548520849915,34.39719216587891,34.505245208740234,2153700.0
2022-02-18,34.39718694327884,34.856414881922106,34.325149302346055,34.60429000854492,2180300.0
2022-02-22,34.30713611107287,34.39718315231464,33.29863329376894,33.56876754760742,4057700.0
2022-02-23,33.67683399481664,33.92895891525568,33.04651825877462,33.17258071899414,2767600.0
2022-02-24,33.505743318334645,34.41519973220565,33.001493522075826,34.379180908203125,3555000.0
2022-02-25,34.604300014795704,34.94647203828204,33.59579679472232,34.20810317993164,2549200.0
2022-02-28,33.95597670438499,34.37018297793601,33.316657877606886,34.073036193847656,2724200.0
2022-03-01,33.93795834308102,33.95596775478593,32.38018029751858,32.902442932128906,3868400.0
2022-03-02,33.03751107423587,34.163073635928974,32.866426801438486,33.97397994995117,2893300.0
2022-03-03,33.97398492479654,34.469231837472144,33.64081931953402,33.65882873535156,2516700.0
2022-03-04,33.27163247243475,33.89294181588062,33.028510528926915,33.82090759277344,3015000.0
2022-03-07,33.748867311140856,34.96447693418059,33.6768330936335,34.226104736328125,3822500.0
2022-03-08,34.1360690115324,34.59529712996278,33.622812641250455,33.71285629272461,4305100.0
2022-03-09,34.064028704739094,34.47823492359176,33.703847293161864,34.12705993652344,3462800.0
2022-03-10,33.88393760761905,33.91995300040522,33.15457180332376,33.901947021484375,2309700.0
2022-03-11,34.06402820354751,34.874431215255875,33.98298755888223,34.64931869506836,2701700.0
2022-03-14,35.19859465360019,35.51375081558223,34.46022584414694,34.83841323852539,2922500.0
2022-03-15,34.95546952499362,35.36967571008415,34.316150834752456,35.04551315307617,2669000.0
2022-03-16,35.1535698871924,35.801891571031234,34.802394926166315,35.29764175415039,2618900.0
2022-03-17,35.18058169336338,35.45071600996931,34.73936311106067,34.82940673828125,2516300.0
2022-03-18,34.67632742460782,34.92845575626893,34.10904640699454,34.13605880737305,10766500.0
2022-03-21,33.85691241375863,34.28913135720343,33.39768450939587,33.487728118896484,3151600.0
2022-03-22,33.61380038566875,34.27112847810802,33.61380038566875,33.82990646362305,2383500.0
2022-03-23,33.6408187443734,33.65882815988304,32.677337341748824,32.68634033203125,3503900.0
2022-03-24,32.81239707976241,32.94746595504226,32.5422627641469,32.82140350341797,2385000.0
2022-03-25,32.83040603889581,33.62280299738034,32.63230937548278,33.34366226196289,2807600.0
2022-03-28,33.469728409417755,34.13606299163169,33.388691198349015,33.865928649902344,1849300.0
2022-03-29,34.08203885702769,34.48724213593088,33.86593273157594,34.352176666259766,1802000.0
2022-03-30,34.35217070459469,34.67632983651595,34.08203294224381,34.235111236572266,1944500.0
2022-03-31,34.24411342268194,35.09053864630401,34.24411342268194,34.541263580322266,2509200.0
2022-04-01,34.72135764750638,34.811401284967666,34.23511376134841,34.57728576660156,2153600.0
2022-04-04,34.49623944160014,34.57728007595566,33.847914366755965,33.91994857788086,1910600.0
2022-04-05,33.928959577287976,34.14506567475405,33.44271570557259,33.87493133544922,2241900.0
2022-04-06,33.712843850516144,35.43270306451671,33.4697219593294,35.306640625,3148300.0
2022-04-07,35.297640128143506,35.4327055650386,34.802393322973266,35.153568267822266,2190600.0
2022-04-08,35.33365569724603,35.72985241789825,35.11754620919877,35.61279296875,2081900.0
2022-04-11,35.63081263479689,35.81090335418206,34.67633422651679,34.70335006713867,1948200.0
2022-04-12,34.73036155616887,35.3156555199867,34.62230850136755,35.00049591064453,1980900.0
2022-04-13,34.87442734337445,35.12655223881045,34.43320877636146,34.91044616699219,1618200.0
2022-04-14,34.982485889517484,35.36067672718593,34.91945465573018,35.28863906860352,2020400.0
2022-04-18,35.34266649146324,35.97298224963748,35.3336635018219,35.86492919921875,1883600.0
2022-04-19,36.02700459483006,36.09003925778898,35.162573380677394,35.75687026977539,2075300.0
2022-04-20,36.00900031095218,37.38668783801032,35.909950252284965,37.16157531738281,3098100.0
2022-04-21,36.918447554586216,37.24261008270532,35.765872730112896,35.78388214111328,2928500.0
2022-04-22,35.522752609204815,35.60379324528444,34.0009899355923,34.13605880737305,2654400.0
2022-04-25,34.02800994192886,34.082034749308015,32.95647212964864,33.865928649902344,2442000.0
2022-04-26,33.71284351322696,34.21709670119273,33.55976867675781,33.55976867675781,2558500.0
2022-04-27,33.46973534893653,33.93796990799058,32.89344771777623,32.92046356201172,2774500.0
2022-04-28,33.19958905223199,33.67682986663315,32.61429863939556,33.451717376708984,2869400.0
2022-04-29,33.406266516629,33.715331433990784,32.56088316818686,32.63360595703125,2875300.0
2022-05-02,32.92449130858771,33.53352908182778,32.64269569355233,33.48807907104492,4117600.0
2022-05-03,33.54262240497948,34.53344793418669,33.45171891243856,33.724422454833984,2978800.0
2022-05-04,33.77896510396804,34.92432138784575,33.74260370635574,34.76979064941406,2411500.0
2022-05-05,34.66980325785591,34.70616466041648,33.978953947276,34.278926849365234,2411200.0
2022-05-06,35.12430540158258,37.67863635327461,34.76979044597127,37.63318634033203,7897800.0
2022-05-09,37.296854331292906,37.96952641581207,36.52419359002298,37.66046142578125,6928700.0
2022-05-10,37.90588544757076,38.3149424513889,36.70598721477974,37.89679336547852,3865200.0
2022-05-11,38.014974547780255,38.80581595126043,37.8422630936635,37.98770523071289,3439000.0
2022-05-12,38.05132982798883,38.23313333695908,36.73325872247145,37.62409210205078,3998900.0
2022-05-13,37.97860820096695,38.80581089789306,37.40593181144291,38.44220733642578,4249400.0
2022-05-16,38.54220485384116,40.26932981541683,38.514932068882345,40.06025695800781,4438100.0
2022-05-17,40.29660662951965,41.15107884535984,40.06935304862035,41.08744812011719,6800400.0
2022-05-18,41.114712528323366,41.74193108833212,40.74201683887805,41.59648895263672,5384500.0
2022-05-19,41.45104357255965,42.46004982705245,41.37832424421072,42.00554275512695,5579300.0
2022-05-20,42.56004923021791,42.59641063442966,40.86019346088375,41.56013488769531,6683900.0
2022-05-23,41.76919486144699,42.52367469396549,41.50557996374215,41.97826766967773,4061100.0
2022-05-24,41.8237449648491,42.33279420351267,41.36014921369857,41.64194488525391,5191300.0
2022-05-25,41.79646946536448,42.93273713286877,41.68738874021591,42.587310791015625,4184300.0
2022-05-26,42.76911361476916,43.46905490266569,42.432779361597525,42.46004867553711,2888200.0
2022-05-27,42.19643632322809,42.596404779351055,41.74192923589846,42.22370910644531,3274400.0
2022-05-31,42.223697308268825,42.53276217999839,41.66919826184699,41.85100173950195,15530000.0
2022-06-01,41.81465855022557,41.89646997739799,40.878374914063656,41.3510627746582,3182500.0
2022-06-02,41.42377074953205,41.7873777633226,40.94199440373104,41.74192428588867,2193700.0
2022-06-03,41.48739919635424,41.93281759059826,41.31468778140136,41.34195709228516,2248300.0
2022-06-06,41.50558958354537,42.3509730944563,41.205616690946,42.02372741699219,2463100.0
2022-06-07,41.5328565312439,41.951005688377215,40.55112302247598,41.94191360473633,3247100.0
2022-06-08,41.62375354739903,42.01462986035132,41.18742722616207,41.48740005493164,2027400.0
2022-06-09,41.58739542998937,41.987360389062566,41.269241879319054,41.37832260131836,3210000.0
2022-06-10,40.78745942438739,41.28741645801928,39.86935676027163,40.005706787109375,2631600.0
2022-06-13,39.40576623777326,39.40576623777326,36.678723495571255,36.86052703857422,3744900.0
2022-06-14,36.8605267537188,37.02414959439559,35.40610535616306,35.83333969116211,3848000.0
2022-06-15,36.14239743207988,36.36056233182072,34.924318455259346,35.55154037475586,3597400.0
2022-06-16,34.98795783949833,35.00613507187113,33.34264090064329,33.50626373291016,3926500.0
2022-06-17,33.83350469207052,34.378911745365286,32.41544149884527,33.02448272705078,9985100.0
2022-06-21,33.115391780820524,34.078948203293365,33.02449173634444,33.63352966308594,3901700.0
2022-06-22,33.26082737589434,33.66079234740481,33.03357384188784,33.16083526611328,3454400.0
2022-06-23,33.25173787610641,34.51526693676652,33.169926467334925,34.324371337890625,3472900.0
2022-06-24,34.36982790160714,34.90614641443037,34.13348226945374,34.83342361450195,5475500.0
2022-06-27,34.9606809542485,35.42428008048814,34.851600234738875,35.0970344543457,2122200.0
2022-06-28,35.16974739114786,35.36973156360869,34.18801415862171,34.37890625,3164900.0
2022-06-29,34.40617555802178,34.52434833880435,33.678965114000015,34.37890625,2340100.0
2022-06-30,34.051668068424284,35.11521639090433,33.98803735749794,34.69706726074219,3783900.0
2022-07-01,34.86977646296207,35.62425625531315,34.687972975340685,35.30610275268555,2284700.0
2022-07-05,34.90614447036209,34.99704449759605,33.22446622562363,34.16984176635742,2898000.0
2022-07-06,34.1789268179984,34.53344520951619,33.36990487009078,33.90622329711914,2338300.0
2022-07-07,34.32437686875885,34.73343397852981,34.07894607051048,34.278926849365234,2393900.0
2022-07-08,34.66980029439808,34.75161170935931,34.21529320408324,34.38800811767578,1646300.0
2022-07-11,34.26074704877799,34.43346198167419,33.68807054765755,34.088035583496094,1703400.0
2022-07-12,34.10620764841148,34.79705680220705,33.99712693309921,34.260738372802734,2344800.0
2022-07-13,33.85168749353166,34.47890599056585,33.71533398792637,33.74260330200195,2337700.0
2022-07-14,33.18809944611433,33.388083634737406,32.75177314443841,32.960845947265625,3196600.0
2022-07-15,33.115386414790585,33.36990927217218,32.44271440477856,32.706329345703125,4743900.0
2022-07-18,32.742682916792845,32.906305705310224,32.2972645552482,32.351806640625,3768800.0
2022-07-19,32.460897838467005,32.69724348389801,32.24273636165363,32.4881706237793,4138000.0
2022-07-20,32.479071316053776,32.62451342412077,31.733680078758752,32.579063415527344,4039700.0
2022-07-21,32.96993705445932,33.41535195717248,32.44270728826143,32.7608642578125,2562100.0
2022-07-22,32.79722917297116,32.99720990955812,32.17000724802014,32.3881721496582,2512700.0
2022-07-25,32.451804546568496,33.19719584225457,32.36999313764619,32.67905807495117,3983700.0
2022-07-26,32.69723904539419,33.260826829540754,32.62451625125209,33.051753997802734,2333300.0
2022-07-27,33.0790238551664,33.46081159545644,32.63360887037737,33.16083526611328,2692000.0
2022-07-28,33.68806479463052,34.13347977499248,33.35172707096196,34.09711837768555,2978600.0
2022-07-29,34.24393464033322,34.86788657485255,34.106296845849,34.63849258422852,8042900.0
2022-08-01,34.409098864443074,34.58343703859075,33.89525506130189,34.51920700073242,3023700.0
2022-08-02,34.574257531426035,34.932111544844176,34.142995771525186,34.20722579956055,3379400.0
2022-08-03,34.51002609616089,34.51002609616089,33.79431809850933,34.2898063659668,3357200.0
2022-08-04,35.317502852945964,36.36353896467702,34.583439230427885,35.91392517089844,4187100.0
2022-08-05,35.78546225383746,36.03320818178158,35.07892834828004,35.28997039794922,3853700.0
2022-08-08,35.50101628524292,36.01486013581464,35.34503003612419,35.546897888183594,2650400.0
2022-08-09,35.65699890598006,35.74875509296751,34.84035694085967,35.170684814453125,2798700.0
2022-08-10,35.54689589741196,36.024032338744625,35.289972236377444,36.00568389892578,1715100.0
2022-08-11,36.14331168882349,37.27192954921982,35.90474351112976,37.09759140014648,2362500.0
2022-08-12,37.40956968878645,38.26291555183367,37.34533965610756,38.23538589477539,1777800.0
2022-08-15,38.143637551626426,38.8685234984281,38.070233285011376,38.7675895690918,2591100.0
2022-08-16,38.74006111650247,39.57505516400302,38.74006111650247,39.08873748779297,2977400.0
2022-08-17,38.74923199323709,39.57505174930101,38.64829807857656,39.0979118347168,2330900.0
2022-08-18,39.26307705854041,40.21735691863935,39.21719895955528,39.93290710449219,2407500.0
2022-08-19,39.877851433009575,40.28158710623072,39.39153728147457,39.409889221191406,2358100.0
2022-08-22,38.95110135804945,39.08873565596947,38.51066530421109,38.62994766235352,2229500.0
2022-08-23,38.7859318500062,39.06120390672904,38.42807782623909,38.43725204467773,1520400.0
2022-08-24,38.373019920777566,38.54735806379114,38.04269207062642,38.492305755615234,1232100.0
2022-08-25,38.62077095538782,39.3456567786836,38.53818898184432,39.32730484008789,1455600.0
2022-08-26,39.35483123576776,39.37318317447441,38.28126907348633,38.28126907348633,1484800.0
2022-08-29,37.98764659925972,38.50148690284063,37.83165686404798,38.07022857666016,1597200.0
2022-08-30,38.06105098001762,38.308796913021006,37.56555911401085,37.684844970703125,1696300.0
2022-08-31,37.60225709532756,38.06104501035148,37.51967513061229,37.87752914428711,2780800.0
2022-09-01,37.83165939404965,37.96929719901313,37.161829310461954,37.76742935180664,1993900.0
2022-09-02,38.051876068115234,38.96027430565979,37.95094215277151,38.051876068115234,1931500.0
2022-09-06,38.08858131811313,38.207867187893086,37.345346937832105,37.42792892456055,2439000.0
2022-09-07,37.47380028042917,38.30879421798383,37.326988274934095,38.25373840332031,1999400.0
2022-09-08,38.10692423028844,39.04285202468646,37.99681610749871,38.831809997558594,1458000.0
2022-09-09,39.19884102916942,39.87784519103656,39.0795551898188,39.72185897827149,1484600.0
2022-09-12,39.86867651081565,40.74037438049594,39.75856837472932,40.70367050170898,2393800.0
2022-09-13,40.061359074611865,40.59355471590872,39.65762698486085,39.78608703613281,2277500.0
2022-09-14,40.07053959620861,40.6761430765175,40.07053959620861,40.65779113769531,2685500.0
2022-09-15,40.53850460408243,41.19916038947859,40.2815844654392,41.16245651245117,3061700.0
2022-09-16,41.00646311891479,41.208330924242645,40.12559115065984,40.254051208496094,6025600.0
2022-09-19,39.93290137595165,40.52014935937719,39.8411416908701,40.39168930053711,1613300.0
2022-09-20,40.04301120054322,40.18064898388133,39.13461303138925,39.272247314453125,2002200.0
2022-09-21,39.63928522673034,39.97878737801613,38.67583109453971,38.69417953491211,2380000.0
2022-09-22,38.62077361549418,38.65747749521367,37.9601177816418,37.96929550170898,2191500.0
2022-09-23,37.35451310620602,37.62061095055625,36.76726510507048,37.28110885620117,2046900.0
2022-09-26,37.16182417683306,37.51050400103817,36.06073239005722,36.143314361572266,2077400.0
2022-09-27,36.58375037622774,36.91407826228792,35.94144654225231,36.143314361572266,2774600.0
2022-09-28,36.55622806120664,37.11594998249379,36.28095596065016,36.93243408203125,1887900.0
2022-09-29,36.72138642280074,36.73056064130151,35.574416595128085,35.95062255859375,1996400.0
2022-09-30,36.13413701594743,36.29930094468588,35.03304532444914,35.11562728881836,2667700.0
2022-10-03,35.849685303205455,36.4277590224025,34.9963395511487,36.09743118286133,3401200.0
2022-10-04,36.326831301279846,37.64813938374805,36.3176570820772,37.62978744506836,2317600.0
2022-10-05,36.914077318533664,38.35467117347443,36.71220950437471,38.07939910888672,2163300.0
2022-10-06,37.97846586198714,38.29961952648392,37.57473372692536,37.71236801147461,2221200.0
2022-10-07,37.57473429511676,37.95094027901239,37.29946222158143,37.73072052001953,1915000.0
2022-10-10,37.85000720895026,38.51983721952421,37.58390934850633,37.62978744506836,2320600.0
2022-10-11,37.65731487148996,38.30879290477481,37.48297321450232,37.67566680908203,1924400.0
2022-10-12,37.6022661953488,37.6022661953488,36.46447385088892,36.47364807128906,1684000.0
2022-10-13,35.84968860446166,38.18950634964444,35.82216244872306,37.78577423095703,2204400.0
2022-10-14,38.04269062956869,38.45560042661658,37.3545088012468,37.65731048583984,1517600.0
2022-10-17,38.34550023272712,38.89604440896564,38.26291825626389,38.45560836791992,1777500.0
2022-10-18,38.951101354786985,39.59340524585045,38.9235716949856,39.419063568115234,2511500.0
2022-10-19,38.93274571024907,39.08873193309029,38.10692600028303,38.50148391723633,1861200.0
2022-10-20,38.57489713126599,38.57489713126599,37.27193734886088,37.36369705200195,2249400.0
2022-10-21,37.73989339318786,39.0520270588346,37.37286167542102,38.86851119995117,2753300.0
2022-10-24,39.25389681977168,39.74938865767586,38.51066256318976,39.446590423583984,2030800.0
2022-10-25,39.4190625905533,40.1439484424951,39.308954454902185,40.04301452636719,2046100.0
2022-10-26,40.09806892505111,40.34581484670301,39.55669898520609,39.59340286254883,2060200.0
2022-10-27,39.99713813157553,40.70367207428582,39.80444801091127,40.09807205200195,2393700.0
2022-10-28,40.309112955099245,41.04317303674389,40.13477477954444,40.98811721801758,1653900.0
2022-10-31,40.80315068058931,41.37654293135121,40.73841341484464,41.062103271484375,2284000.0
2022-11-01,41.17307783666802,41.30255235840684,40.4332209067918,40.719913482666016,2459700.0
2022-11-02,40.46096477012205,41.44127741517367,40.0170506085655,40.10953140258789,2312500.0
2022-11-03,39.60088364334276,40.83089877955014,39.35118124288149,40.34999084472656,1572700.0
2022-11-04,40.525703124743046,41.21007301388522,40.17426974772862,41.0158576965332,2151800.0
2022-11-07,40.57194504699917,42.05166254226975,39.7673507977451,41.81120681762695,4695900.0
2022-11-08,41.89444830212979,42.26437862285697,40.84939814480495,40.92338562011719,4580400.0
2022-11-09,40.692172992802966,41.13608718391994,39.37892728507147,39.44366455078125,3864100.0
2022-11-10,40.76616085333062,42.125646974426814,40.29449959522091,41.70022964477539,3296100.0
2022-11-11,41.51526576021046,42.08865450554821,41.03435781873101,41.9869270324707,2916300.0
2022-11-14,41.81120634539223,42.356851526175646,40.54420105466056,40.55344772338867,3137500.0
2022-11-15,41.01585142560453,41.09908554091077,39.99854870778664,40.1927604675293,2901000.0
2022-11-16,40.07254485426736,40.3407405925443,39.61013378617519,39.7303581237793,2006400.0
2022-11-17,39.18471288728186,39.18471288728186,38.05643228112888,38.23214721679688,2502400.0
2022-11-18,38.5928262058007,39.09223099162695,38.11191828551428,39.06448745727539,2716100.0
2022-11-21,38.85177891318572,38.9812569841141,37.75124176966972,38.06568145751953,2479900.0
2022-11-22,38.315386673494615,39.24945560769858,38.24139919898656,39.15697479248047,1684300.0
2022-11-23,39.07373194793783,39.388171588753856,38.84252643345299,39.24944686889648,1527900.0
2022-11-25,39.240199966615954,39.36967448948884,38.85177287008116,38.99049758911133,916200.0
2022-11-28,38.58358319501315,38.7592981424261,38.00094422297714,38.31538391113281,2007200.0
2022-11-29,38.18590766832715,38.7777932837065,37.74199345679264,38.75929641723633,2429000.0
2022-11-30,38.82403000867777,39.295691239202085,37.9177048049818,39.258697509765625,6252200.0
2022-12-01,39.72111097079483,39.96156317099018,38.66681431285538,38.9627571105957,2811400.0
2022-12-02,38.41710592889382,38.58357416767006,37.77897650427961,38.14890670776367,1748400.0
2022-12-05,37.75124037705919,37.98244591759871,37.40905716487735,37.76973724365234,1771800.0
2022-12-06,32.91442207148987,34.26466162991334,31.305229899401816,32.07283401489258,16832700.0
2022-12-07,31.536433759928443,31.869370296875854,30.47289040903145,30.648605346679688,7768200.0
2022-12-08,30.519128430589937,31.45319717269757,29.74227774760373,29.76077461242676,7225500.0
2022-12-09,29.36310164206888,30.426648467042632,28.863696861929046,29.853256225585938,4281900.0
2022-12-12,29.964238885017185,30.223187956475204,29.29836581222056,30.21393775939941,4547200.0
2022-12-13,30.898305892944336,31.12026474687895,30.15844892635613,30.898305892944336,5181300.0
2022-12-14,30.898304069171736,30.9722915254216,29.70528279651342,30.028972625732425,4239500.0
2022-12-15,29.86250578110357,30.102957969388555,29.150392356840317,29.45558357238769,5235600.0
2022-12-16,29.030162665880585,29.205879343725307,28.336546150341867,28.715723037719727,19349100.0
2022-12-19,29.242875697132373,30.14919917151212,28.946931142203297,29.16888999938965,4932000.0
2022-12-20,29.196633043183876,29.575809958241468,28.95617908856913,29.27986717224121,4547800.0
2022-12-21,29.594305393243303,30.112207007674865,29.27986575732345,29.982728958129883,5618200.0
2022-12-22,29.677541727179047,29.74227899281188,29.03941397573311,29.492576599121094,2928800.0
2022-12-23,29.501825633174903,29.668295662986324,29.19663440043013,29.51107406616211,3090300.0
2022-12-27,29.55731630903631,29.83476226010882,29.33535919538663,29.81626892089844,3349500.0
2022-12-28,29.87175468851347,29.964239020105783,29.32610947982662,29.46483421325684,2512500.0
2022-12-29,29.714534824768407,30.121455275486007,29.594306964906902,29.96423721313477,2211500.0
2022-12-30,29.88100172896437,29.95498565850595,29.215128723509437,29.42783737182617,2329200.0
2023-01-03,29.483327462964063,29.770021817052108,29.05791014812105,29.52956962585449,4230400.0
2023-01-04,29.612802563955,29.871751609892826,29.2613691959564,29.677539825439453,3929900.0
2023-01-05,29.538816735074985,29.77002048333644,29.316859655019208,29.363100051879883,2494800.0
2023-01-06,29.696037950039024,30.04747133295112,29.44633556175277,29.779272079467773,3177400.0
2023-01-09,29.94573937484469,30.36191000859849,29.797767985945143,30.18619155883789,3557300.0
2023-01-10,30.05671575931977,30.408149116014464,29.70528240262508,30.389652252197266,2812300.0
2023-01-11,30.42664697630044,30.52837443875253,29.64054611394698,29.862504959106445,6663100.0
2023-01-12,30.019724603845425,30.40815172145585,29.68678808244115,30.167695999145508,2810800.0
2023-01-13,29.807014026132578,30.1122069937591,28.928434143551524,29.483325958251957,3723800.0
2023-01-17,29.54806709911051,29.95498755717179,29.51107336803684,29.7330322265625,3147900.0
2023-01-18,29.899496933440066,30.02897144888708,29.19663023827633,29.25211906433105,2212500.0
2023-01-19,29.17813745910972,29.30761375663798,28.50301772841133,28.69723129272461,2648600.0
2023-01-20,28.65098998388821,29.8532580817074,28.36429560929285,29.78852081298828,3682300.0
2023-01-23,30.07521327923344,30.398899583305592,29.93648856153617,29.982728958129883,5232600.0
2023-01-24,30.13070252050484,30.491382536841567,29.575807202519435,30.426645278930664,2931300.0
2023-01-25,30.204684060651964,30.704088749022123,29.844004072800967,30.657848358154297,4950700.0
2023-01-26,30.80582748969656,30.981542430446137,30.371159944574902,30.9722957611084,5119800.0
2023-01-27,30.98154014304832,31.25898606561176,30.67634715868712,31.212745666503903,2937000.0
2023-01-30,31.074019021739744,31.46244611166744,30.926047636985405,31.02777862548828,3267900.0
2023-01-31,31.212986438288784,32.08287219921759,31.053976827510706,32.0080451965332,8191500.0
2023-02-01,31.802260858712646,32.50378131883131,31.41876314990581,32.36347579956055,3155800.0
2023-02-02,32.57861084790835,33.17724105066835,32.38218241353229,32.690853118896484,3840900.0
2023-02-03,32.49441931510516,32.756319064748226,31.989323882407973,32.2044563293457,2910300.0
2023-02-06,31.998688053772483,32.50378367806771,31.70872852613909,32.43830871582031,3641400.0
2023-02-07,32.31670613575788,32.905984278538696,31.99868340754,32.746971130371094,3162800.0
2023-02-08,32.55990637213764,32.690856295702055,32.307358561784355,32.54119873046875,2957300.0
2023-02-09,32.550550958831145,32.85922169600788,32.073518581879085,32.16705322265625,5367300.0
2023-02-10,32.23252472050713,32.69085297453739,32.02674781929048,32.60667037963867,3164900.0
2023-02-13,32.46636262485693,33.31754055092788,32.4570105896769,33.26142120361328,2831400.0
2023-02-14,33.25206296704449,33.30818587803184,32.55989823878506,32.83115005493164,3506800.0
2023-02-15,32.53183801277277,33.55138113072695,32.52248597746703,33.51396942138672,4299800.0
2023-02-16,32.93404337566872,33.027581569455904,31.40940828216877,31.87708854675293,9220700.0
2023-02-17,31.83032437493652,32.25123741540497,31.502949547971056,32.0080451965332,5295900.0
2023-02-21,31.81161038987663,32.45701144595906,31.81161038987663,31.858381271362305,3539300.0
2023-02-22,31.70872252674498,31.820964788201373,30.92301956031592,31.0072021484375,4113600.0
2023-02-23,30.96042973829639,31.596475135303734,30.951077703686128,31.34392738342285,5426500.0
2023-02-24,31.016554685944307,31.56841753521045,30.84818950697381,31.428112030029297,3798700.0
2023-02-27,31.69001939210575,31.923859551440408,30.86690103217481,30.885608673095703,4286600.0
2023-02-28,30.85754592120669,31.184920684409363,30.5301675898867,30.670473098754883,4249000.0
2023-03-01,30.427280390828003,30.894960709497315,30.333745754341205,30.885608673095703,3057200.0
2023-03-02,30.866902533378312,30.923025458870512,30.464697154312137,30.6330623626709,3355400.0
2023-03-03,30.87624846801668,31.736781981569944,30.51145844470713,31.465526580810547,3127600.0
2023-03-06,31.661956022791003,32.36347649805034,31.63389634557828,32.15769958496094,4683100.0
2023-03-07,32.15769376592576,32.61601839534737,31.97997299409056,32.06415557861328,3823100.0
2023-03-08,32.15770274349035,32.24188535151459,31.446826593926083,31.73678970336914,2870000.0
2023-03-09,31.74613684681679,31.83031944186384,30.81077626545736,30.876251220703125,3221700.0
2023-03-10,30.75465549006492,30.9230206723628,29.519978081233344,29.585453033447266,3963200.0
2023-03-13,29.07100685123864,30.118611489291183,28.837166705464824,28.883934020996094,4084600.0
2023-03-14,29.435796518640156,30.00636882174349,29.173896700633072,29.538686752319336,8759000.0
2023-03-15,29.248725160755388,29.248725160755388,28.59397205465328,28.82781219482422,7202200.0
2023-03-16,28.509789240935632,29.91283007110836,28.294656741816564,29.566747665405277,7914500.0
2023-03-17,29.8192961789004,29.87541910137235,29.071008386529293,29.445152282714844,11156100.0
2023-03-20,30.464696970180544,31.72743245712133,29.987664594792506,31.45618057250977,8578500.0
2023-03-21,31.58712949482375,31.81161405208192,30.92302429143492,31.044618606567383,5179200.0
2023-03-22,30.923021849274136,31.02590851515661,29.84735576233374,29.894123077392575,3367000.0
2023-03-23,29.959595760584705,30.14666857475376,28.771689278004487,29.005529403686523,3830600.0
2023-03-24,28.668799138325397,29.47320974399797,28.528495419304463,29.45450210571289,3571000.0
2023-03-27,29.678992218541264,30.258914807270525,29.529334661187985,30.174732208251957,3991900.0
2023-03-28,30.19343626981816,30.8201296700279,30.19343626981816,30.53016662597656,2163100.0
2023-03-29,30.78271528707028,31.128797688453957,30.679825056576327,31.03526306152344,2311200.0
2023-03-30,31.306517010082437,31.47488218517301,31.07267688558075,31.28780937194824,3919200.0
2023-03-31,31.4094153907389,32.11093594638308,31.24105017193485,32.07352066040039,3529200.0
2023-04-03,32.12962900662751,32.16704427978355,31.484231601211487,31.68065643310547,2539100.0
2023-04-04,31.56841665386573,31.661951275963677,30.90431155986585,31.38134384155273,2338500.0
2023-04-05,31.334582431439934,32.22317578117895,31.21298454531957,32.185760498046875,1992300.0
2023-04-06,32.382182995105794,32.63473078545287,32.251233081914904,32.56925582885742,2270500.0
2023-04-10,32.41959132033425,33.01822140541819,32.29799346926509,32.90597915649414,1875700.0
2023-04-11,33.130469113743715,33.626212633739776,33.03693448558004,33.37366485595703,2385400.0
2023-04-12,33.52332451927076,33.97229718542539,33.33625168301027,33.44849395751953,2973100.0
2023-04-13,33.36431420138976,33.803934868828655,33.20530459630124,33.588802337646484,2896900.0
2023-04-14,33.27077425087691,33.65427193103369,32.68149610932767,32.934043884277344,3442200.0
2023-04-17,33.19594935001569,33.21465342212075,32.55054825074759,32.840511322021484,6666000.0
2023-04-18,32.87792588083232,32.94340083611552,32.1296345608229,32.41959762573242,5163500.0
2023-04-19,32.26059210131081,32.74697652519124,31.97998103691792,32.58796691894531,3597700.0
2023-04-20,32.5973147064398,32.65343762562552,32.29799960701746,32.33541488647461,2127400.0
2023-04-21,32.38218377110377,32.45701433364465,31.961270777105334,32.17640686035156,1826500.0
2023-04-24,32.15769123475558,32.76567334790514,31.877083831139107,32.73761367797852,2497400.0
2023-04-25,32.62537662857906,32.709559219889066,31.802258354449872,31.858381271362305,2199800.0
2023-04-26,31.596479451787552,31.77420024671432,31.14750679870289,31.241044998168945,3409800.0
2023-04-27,31.297166253369703,31.94256738053064,31.297166253369703,31.86773681640625,2494000.0
2023-04-28,31.68612631259308,32.35768215356102,31.68612631259308,32.319847106933594,1901000.0
2023-05-01,32.21581019426915,32.584692924927154,32.036095504251804,32.1590576171875,2398800.0
2023-05-02,32.14014057690392,32.14014057690392,31.2132034527987,31.52533721923828,3600100.0
2023-05-03,31.78070821138162,32.28201352554633,31.5158701188671,31.629371643066406,3842000.0
2023-05-04,31.22265599281576,31.487497710898253,28.867480267992786,29.6809139251709,11045700.0
2023-05-05,29.81334105098448,29.90792688330325,29.179618319745845,29.586336135864254,5937400.0
2023-05-08,29.766048377374062,29.91738499327352,29.387706837625423,29.61471176147461,5725700.0
2023-05-09,29.45391470497092,29.92684205375503,29.378246401328443,29.60525131225586,5847900.0
2023-05-10,29.88900812428709,30.54164835590887,29.643085692022737,30.409229278564453,5739300.0
2023-05-11,30.324101400323038,30.333558359244392,29.189075097855177,29.35932922363281,5276700.0
2023-05-12,29.37824417691069,31.26995523288809,28.96206944042573,31.01457405090332,7645900.0
2023-05-15,33.208952195580174,33.265701156575744,31.09023652012982,31.950963973999023,12745400.0
2023-05-16,32.244180696426845,32.423891756099934,31.572624853905207,31.69558334350586,8308300.0
2023-05-17,32.026637027061774,32.026637027061774,30.957820329000203,31.601001739501957,6236700.0
2023-05-18,31.298333025238787,31.7050508460392,30.872697676941907,31.648298263549805,3605100.0
2023-05-19,31.79963431082876,32.34823177403862,31.47804356539697,31.67667579650879,2766700.0
2023-05-22,31.761803410244067,32.3766068168528,31.49696163359545,32.187435150146484,4913900.0
2023-05-23,32.225271696092854,32.225271696092854,31.71450925479905,31.97935104370117,5510900.0
2023-05-24,31.884759228429623,32.32931206634678,31.421292472776912,32.149600982666016,3633200.0
2023-05-25,32.111768666839616,32.111768666839616,31.156453373090013,31.648298263549805,5126300.0
2023-05-26,31.66721784448047,32.10231018066406,31.137537864681097,32.10231018066406,6586600.0
2023-05-30,32.31039300252824,32.52793912762345,31.969884769110017,32.20634841918945,4478800.0
2023-05-31,32.0550103429583,32.25363893387055,31.118616352572683,31.960426330566406,16179500.0
2023-06-01,32.565778682301854,32.565778682301854,30.352478467074317,30.645694732666016,7721000.0
2023-06-02,30.418682259208317,31.553708443656515,29.96467250705879,31.49695587158203,6747200.0
2023-06-05,31.60100273120952,32.33876818069993,31.269955057245625,31.326704025268555,3632400.0
2023-06-06,31.459121539243466,31.74288079792276,31.15644836425781,31.15644836425781,3761800.0
2023-06-07,31.3645416855598,32.26310437155612,31.09970352435432,32.22526931762695,5652000.0
2023-06-08,32.3103954302208,32.357687442160255,31.733423503371444,32.11176681518555,3307300.0
2023-06-09,32.244182910402195,32.33876692553535,31.799630101348797,32.23472595214844,2145400.0
2023-06-12,32.15905485419131,32.83061072195548,32.0360927518201,32.42389297485352,3115100.0
2023-06-13,32.414441987926345,32.50902601754357,31.960432151094672,32.490108489990234,3256300.0
2023-06-14,32.67927280849266,32.877901390911106,32.130679065410966,32.48064422607422,2583800.0
2023-06-15,32.43335526688122,32.688736443173475,32.21580914073945,32.5090217590332,4066400.0
2023-06-16,32.764412723468,32.82116531564816,32.23473629572005,32.27256774902344,11338600.0
2023-06-20,32.24418445747619,32.52794012463913,31.66721255629373,31.705047607421875,4591200.0
2023-06-21,31.54424596417084,32.28201492379268,31.156445765556857,32.04555130004883,3333400.0
2023-06-22,33.322459716979466,33.66296797676942,32.73603082964633,33.02924346923828,9328100.0
2023-06-23,33.28463014290402,33.9845643041461,32.546864530685205,32.811702728271484,10853000.0
2023-06-26,33.22787926630556,34.135898984630394,33.019790061133335,33.96564483642578,10177800.0
2023-06-27,34.296680541168,34.902030415984,33.71025179635227,34.60881423950195,9541700.0
2023-06-28,34.448033065721745,34.93042107603846,33.98456619417043,34.5804557800293,8213300.0
2023-06-29,34.58990592336272,35.28037941805149,34.43856931641928,35.15741729736328,4659100.0
2023-06-30,35.26146062843015,35.48846733479071,34.854742835306475,35.36550521850586,5011600.0
2023-07-03,35.204710091271444,35.677637401006315,35.11012246443505,35.58304977416992,1704900.0
2023-07-05,35.31820989240473,36.49107115025316,35.289835409828584,36.27352142333984,5700000.0
2023-07-06,35.92356531196834,36.09381946671012,35.52630802300404,35.75331115722656,3784500.0
2023-07-07,35.54521435775908,36.500525829037606,35.54521435775908,36.05597305297852,3979800.0
2023-07-10,36.037054784347006,36.13164239865242,35.62088010584881,35.78167724609375,2909600.0
2023-07-11,35.81005562281059,36.10326823869053,35.611427023379214,35.93301773071289,2921400.0
2023-07-12,36.06543889825609,36.38702962432638,35.810057709187106,35.84789276123047,3086600.0
2023-07-13,35.78167873913351,36.15056142994541,35.05337031526058,35.25199890136719,3779200.0
2023-07-14,35.176332694392855,35.176332694392855,34.29668759224822,34.476402282714844,3320800.0
2023-07-17,34.43856944488516,34.731785700497184,34.183188243187466,34.38181686401367,5771200.0
2023-07-18,34.33451835712086,35.25199839620193,34.33451835712086,34.95878219604492,4179300.0
2023-07-19,34.99662349098607,35.989770192749056,34.92095338395876,35.94247817993164,4415900.0
2023-07-20,36.28298884033455,36.80320823196499,36.12219165636178,36.614036560058594,4545400.0
2023-07-21,36.85995365264011,36.85995365264011,36.0748926296492,36.13164520263672,2665900.0
2023-07-24,36.14110199239848,36.20731152316779,35.78167985626472,35.82897186279297,5099000.0
2023-07-25,35.83842918581094,36.434318576952,35.70601012292378,36.27352142333984,4699300.0
2023-07-26,36.311364484864725,36.85996199005235,36.26407246741916,36.415409088134766,3720200.0
2023-07-27,36.282983171776365,36.59511331473014,35.242540942916186,35.299293518066406,5118000.0
2023-07-28,35.7343919180393,35.89518910455634,35.26146453486504,35.668182373046875,5868800.0
2023-07-31,35.800027187372585,36.296852111816406,35.704481829970284,36.296852111816406,6862600.0
2023-08-01,36.23953183726541,36.48794252471674,35.90513213402642,36.13443374633789,3205500.0
2023-08-02,35.838246721399365,35.914683018061524,35.45607617213828,35.70448684692383,3017200.0
2023-08-03,35.45607677600446,36.28730147060453,35.198109737401,35.981563568115234,3156500.0
2023-08-04,36.048441009730006,36.621702270705086,35.74270312841651,35.847801208496094,4367800.0
2023-08-07,36.13443001664211,36.39239703737845,35.83824484957084,35.847801208496094,3245900.0
2023-08-08,35.7140426851382,36.07710415493523,34.55796740543584,35.14078140258789,5218100.0
2023-08-09,35.35097632468997,36.478386131484456,35.15033652297647,35.56117248535156,4057700.0
2023-08-10,35.57072456790094,35.90512787616768,35.19810675856962,35.28409576416016,2102300.0
2023-08-11,35.32231970205435,35.6567194204729,34.873265527592096,35.0261344909668,2383000.0
2023-08-14,34.806379226280214,35.398745895571835,34.37643420635769,35.350975036621094,2694800.0
2023-08-15,34.96880406494102,35.3796400498165,34.73950246319108,35.30320739746094,2973400.0
2023-08-16,35.446518706625945,35.704485732786154,35.19810803959191,35.494293212890625,2267600.0
2023-08-17,35.54206152651641,36.00066832525227,34.91147672266924,35.1312255859375,2494200.0
2023-08-18,35.02612884288675,35.38919393911255,34.72994367956004,34.82548904418945,2340600.0
2023-08-21,34.8254888979429,35.293648426270586,34.68217267394211,35.226768493652344,2579000.0
2023-08-22,35.31275177001953,35.55160967481352,35.17899192648408,35.31275177001953,1692600.0
2023-08-23,35.656719164866765,35.71404639247767,35.39875210764302,35.59939193725586,1660700.0
2023-08-24,35.685374693959204,36.057996141014,35.350975036621094,35.350975036621094,2246700.0
2023-08-25,35.408299689166114,35.80957924890284,35.408299689166114,35.503841400146484,1842000.0
2023-08-28,35.752254475661566,36.08665777628178,35.56117104065903,35.92423248291016,2098600.0
2023-08-29,35.85735649395178,36.29685791895279,35.3700878496314,35.46562957763672,2207600.0
2023-08-30,35.32231510558919,36.03888896153909,35.22676973798601,35.78092193603516,1688900.0
2023-08-31,35.962450031250675,36.16308982148493,35.685373952537,35.876461029052734,3908500.0
2023-09-01,36.0866608877423,36.755463901965314,36.0866608877423,36.73635482788086,3226400.0
2023-09-05,36.726794732122464,36.8414491649649,35.79047206533966,36.27774429321289,4100100.0
2023-09-06,36.15354153630568,36.58348659996044,35.98156351084376,36.32551956176758,1625500.0
2023-09-07,36.53570986515109,36.90832764554739,36.29685193980138,36.64080429077149,3315700.0
2023-09-08,36.707694012066725,37.82555129618751,36.612152274308976,37.749114990234375,3782000.0
2023-09-11,37.74911134319653,37.74911134319653,36.92744300168579,37.11852645874024,2427300.0
2023-09-12,37.12807775578901,37.34782661718433,36.94654339378383,36.96565246582031,1543200.0
2023-09-13,36.965651809682086,37.108968025070446,36.77456838207462,37.03253173828125,2513500.0
2023-09-14,37.13763613510842,37.42426497001754,36.90833452505448,37.39560317993164,2130300.0
2023-09-15,37.43382002517024,37.605798049058514,37.24273292699625,37.357383728027344,3521700.0
2023-09-18,37.39560242500097,37.997525517437055,37.26184254772258,37.97841644287109,1781700.0
2023-09-19,38.01662821110433,38.33191877681443,37.41470521969799,37.44336700439453,1591300.0
2023-09-20,37.62490914408048,37.987970640958586,37.11852776002048,37.15674591064453,2080300.0
2023-09-21,37.051642896767895,37.051642896767895,36.12487655769036,36.20130920410156,2221700.0
2023-09-22,36.22041699327277,37.03253251161174,36.0866571332812,36.908329010009766,1743200.0
2023-09-25,36.69813144482276,37.46247607575313,36.56437158999528,37.44336700439453,1451900.0
2023-09-26,37.24273055725314,37.35738135098904,36.41150592447256,36.59303665161133,2541900.0
2023-09-27,36.78412507578967,37.25228827132394,36.32551823947946,36.86056137084961,2752100.0
2023-09-28,36.93699779698662,37.03253953089483,36.46883455359593,36.57393264770508,2606100.0
2023-09-29,36.75546704808055,37.08986676147367,36.4115109744856,36.80323791503906,1731800.0
2023-10-02,36.75546665176641,36.8318993091392,35.37008965680611,35.89557647705078,3298700.0
2023-10-03,35.522952238481295,36.34462411464668,35.178996230348545,36.16308975219727,3245600.0
2023-10-04,36.20130604031001,36.44016396207999,34.97835464714612,35.790470123291016,3235100.0
2023-10-05,35.800028229057425,37.34782661718433,35.78091915702094,36.96565246582031,4142300.0
2023-10-06,36.411509011505856,37.56758069512117,36.32551999774287,37.23318099975586,3731800.0
2023-10-09,37.25228550707003,37.94019388814848,37.25228550707003,37.930641174316406,2904700.0
2023-10-10,37.87331140089528,38.17904924844514,37.72044247712034,38.0835075378418,2902700.0
2023-10-11,38.21727284180524,39.44022440644439,38.198163768022354,39.43067169189453,3097200.0
2023-10-12,39.30645812457296,39.57397782454002,38.98161121260613,39.52620697021485,2969300.0
2023-10-13,39.73640696033824,39.80328689182248,38.991171355409314,39.182254791259766,2302200.0
2023-10-16,39.392459190120015,39.90839332215286,39.08672125514136,39.68864440917969,2290100.0
2023-10-17,39.44022238476333,40.14724349975586,39.39245152509641,40.14724349975586,3206100.0
2023-10-18,39.98482281309359,40.11858633813864,39.56443409700218,39.62176132202149,2447100.0
2023-10-19,39.52621148752223,39.84150572253088,38.933844807888896,38.943397521972656,2159200.0
2023-10-20,38.9625060113186,39.16314945090242,38.57077913545748,38.72364807128906,2044000.0
2023-10-23,38.39880553995143,39.05805586279275,38.3128165258714,38.82875061035156,3559900.0
2023-10-24,39.34467377905663,40.21411639367752,39.19180486806886,40.19500732421875,3373200.0
2023-10-25,40.16634946818311,40.73960702924617,39.72685176172257,39.9657096862793,3055500.0
2023-10-26,39.994378332364086,40.53897420220969,39.94660746819371,40.3192253112793,2979500.0
2023-10-27,40.252341605584704,40.42431961625056,39.6504185682542,39.80328750610352,3215800.0
2023-10-30,39.640866396884974,40.52941460457917,39.640866396884974,40.36699295043945,2435400.0
2023-10-31,40.43254026081422,40.895287076554055,40.07584027989524,40.856727600097656,2533600.0
2023-11-01,41.45444550514558,42.563112379224215,41.30983550327963,42.28353500366211,6356500.0
2023-11-02,41.22307130005682,44.59727043975935,40.23009387291449,43.50788879394531,9339700.0
2023-11-03,43.76818881166465,44.10560728708903,42.70772391624341,43.38256454467773,8358000.0
2023-11-06,43.999554631579066,45.137142023936434,43.76818304394524,44.09596252441406,9752400.0
2023-11-07,44.452665779425686,44.78044528382565,43.43076410627629,43.7874641418457,6836000.0
2023-11-08,43.56573076223268,44.13452449045662,43.411481802591545,44.03812026977539,6638200.0
2023-11-09,43.91279343502959,44.17308925342102,43.4018444272161,43.45004653930664,3557200.0
2023-11-10,43.86458628455934,43.99955365394438,43.46932312668099,43.91278839111328,4161400.0
2023-11-13,44.01883916856192,44.59727185410683,43.797106516516855,44.43338394165039,4433800.0
2023-11-14,45.098579546182044,45.63845272143559,44.54906742029233,45.619171142578125,3864600.0
2023-11-15,45.40708584490813,46.13977126656672,45.397446892490485,45.80234909057617,3541600.0
2023-11-16,46.26509335050088,46.8338870821447,45.73485910081021,45.86018753051758,3818200.0
2023-11-17,46.110845808236,46.52538691447665,45.89875210183604,46.35186004638672,3297100.0
2023-11-20,46.13976406428118,46.30365197289939,44.886490823228485,45.59025192260742,4736200.0
2023-11-21,45.40708059027629,45.54205165160479,43.2861582555955,43.57537460327149,5221200.0
2023-11-22,43.73925886160351,44.20200571471334,43.42112200903397,44.1827278137207,2967600.0
2023-11-24,44.08632111315109,44.240570068359375,43.662137405724586,44.240570068359375,1164200.0
2023-11-27,44.25021530263736,45.002178543863415,43.826027892644895,44.79008483886719,3304200.0
2023-11-28,44.56835263119281,45.54205221612688,44.56835263119281,45.09858322143555,4800100.0
2023-11-29,44.98289952448248,45.59025646490296,44.8479321327414,45.16606903076172,2005400.0
2023-11-30,45.21427121366725,46.255450779404846,45.06002225290667,46.1204833984375,4998700.0
2023-12-01,46.00480055978805,46.650716975322005,45.99515793047783,46.63143539428711,3010200.0
2023-12-04,46.22653161282442,46.795325361963535,45.87947052147373,46.35186004638672,2762800.0
2023-12-05,46.31329678196308,46.93029264183374,46.101203076038,46.525386810302734,3773000.0
2023-12-06,46.65071818869368,46.97849771964122,45.81198961858127,45.82162857055664,3025500.0
2023-12-07,45.80234580040448,46.14940690388183,45.522772069345976,45.76378631591797,2156800.0
2023-12-08,45.638456234401815,46.11084575880844,45.638456234401815,46.0915641784668,3289600.0
2023-12-11,46.00479341167168,46.2458076207813,45.89874657124985,46.15904235839844,2127600.0
2023-12-12,45.99515553210619,47.05562036821513,45.889108680736754,46.9495735168457,3459700.0
2023-12-13,46.949577730584245,47.40268203039439,46.71820242704991,46.997779846191406,3431600.0
2023-12-14,47.20986575625862,47.402674186783706,46.15904362852258,46.47718048095703,3478500.0
2023-12-15,46.41934034783099,47.34483407209997,46.274730344470456,47.00741195678711,6301700.0
2023-12-18,46.891733045575656,47.682259510823386,46.891733045575656,47.51837158203125,4394800.0
2023-12-19,47.63405617731233,48.39566208920404,47.6051356441674,48.24141311645508,3534600.0
2023-12-20,48.07752275361511,48.530630731689165,47.57621265986175,47.60513687133789,2517700.0
2023-12-21,47.84614273114276,48.32817115851954,47.74973483911638,48.28960800170898,3504000.0
2023-12-22,48.39565481876896,48.42457534756919,47.96182849884033,48.20284271240234,2251700.0
2023-12-26,48.20284293665763,49.17653874584069,48.20284293665763,48.98373031616211,1786500.0
2023-12-27,48.87768775100883,49.417557285493736,48.87768775100883,49.378997802734375,1735400.0
2023-12-28,49.39827651289862,50.05383181274504,49.282587038585866,49.99599075317383,1753700.0
2023-12-29,49.85138623572989,50.28521261818682,49.65857410157286,49.84174728393555,2387700.0
2024-01-02,49.64893508538968,50.02491672383621,49.10906184596725,49.40792083740234,4995800.0
2024-01-03,49.50432250729583,49.89958570646535,49.16690404858479,49.81282043457031,3400800.0
2024-01-04,50.00562703499382,50.23700229368514,49.43683335486202,49.446475982666016,2048900.0
2024-01-05,49.54288319811995,49.986348486774176,49.45611793054976,49.87066268920898,2502500.0
2024-01-08,50.02491307594981,50.53586206759645,49.65857041599933,50.362335205078125,2855200.0
2024-01-09,50.0731206236476,50.217730648631374,49.66821843783015,49.86103057861328,3163300.0
2024-01-10,49.96707213157995,50.15024162319244,49.080137849236905,49.10905838012695,3257200.0
2024-01-11,49.05121510720336,49.05121510720336,48.42457666387445,48.69451141357422,2933800.0
2024-01-12,49.051213977070766,49.16689977033598,48.63666923381996,48.89696502685547,2655800.0
2024-01-16,48.63667254685804,49.42719893025873,48.43422147545707,49.10905838012695,3341700.0
2024-01-17,48.829486419138135,50.15988237400877,48.69451535577615,49.38863754272461,3126700.0
2024-01-18,49.2151069480888,49.35007433373399,48.617392664123486,49.12834167480469,2982700.0
2024-01-19,49.25366538693869,50.65154857690396,49.10905538613415,50.632266998291016,3050900.0
2024-01-22,50.81543941664177,51.172143125226526,50.32377200513363,50.79615783691406,2904100.0
2024-01-23,50.80580347831272,50.90220770508268,50.41054026441906,50.69975662231445,2159800.0
2024-01-24,50.998613780475246,51.00825273177236,49.967073145171646,50.15988159179688,4963600.0
2024-01-25,50.8540073079626,51.77950115549643,50.69975833337363,51.76021957397461,3403400.0
2024-01-26,51.80842335165981,52.31937237056686,51.605968592347246,52.30009078979492,2463000.0
2024-01-29,52.35793346589687,52.724272453350224,51.5288439133497,52.49290084838867,2840900.0
2024-01-30,52.43505469751568,52.67606892479059,51.76985675416763,52.08799362182617,2397300.0
2024-01-31,52.24147607584693,52.57174960207175,51.11466116970948,51.522647857666016,7182200.0
2024-02-01,51.56150889700313,53.047738040743766,51.35751368260185,52.698036193847656,2907600.0
2024-02-02,52.387189687697656,53.77628104346981,52.163769892054496,53.16430282592773,2890900.0
2024-02-05,52.72717443028698,52.92145363719296,51.91120472573602,52.14434051513672,3277000.0
2024-02-06,52.14433710399,52.39689746254856,51.610072099124544,51.988914489746094,2250900.0
2024-02-07,52.10548189790846,52.29976109722778,50.79410378724623,51.47407913208008,3920300.0
2024-02-08,51.40607980061663,51.66835617170969,50.4541157715942,50.852386474609375,2834700.0
2024-02-09,50.78438546267577,51.066090103504905,50.492968529831,50.87181091308594,1875300.0
2024-02-12,50.92038515958547,51.09523607886352,49.79357018288679,50.27926635742188,2521600.0
2024-02-13,50.07527443948946,50.84267527824717,49.84214235275782,50.434688568115234,2265300.0
2024-02-14,50.98838534120927,51.21180513379538,50.405547716335874,50.57068634033203,2055500.0
2024-02-15,50.71638921544773,50.98838156916078,50.30840624322928,50.53182601928711,2125200.0
2024-02-16,50.35697544471434,51.17294510005611,50.31811886456296,50.415260314941406,1862200.0
2024-02-20,50.07527127372915,50.80381548345043,49.948989239818566,50.22098159790039,2388200.0
2024-02-21,50.318115055800526,50.66781683955786,50.0169858463395,50.386112213134766,1994100.0
2024-02-22,50.560966969180704,50.67753300415276,50.230693448787015,50.39583206176758,2815400.0
2024-02-23,50.83295623695823,50.83295623695823,50.0169866305861,50.07526779174805,3043800.0
2024-02-26,50.123844973064685,51.55179294739831,50.10442038650108,51.2603759765625,3759900.0
2024-02-27,51.30894163615474,52.52318202645671,51.06609355809434,52.49404144287109,3572200.0
2024-02-28,51.95977103723347,54.48538930557002,51.44493064521753,53.13515472412109,4724900.0
2024-02-29,53.1351569692412,53.81513228731426,52.571747683945205,53.73741912841797,4440800.0
2024-03-01,54.18425526439343,55.13621916754128,53.91226663651322,55.087650299072266,4567800.0
2024-03-04,54.82537909262421,56.350464679768585,54.35911124167251,56.03961944580078,5358800.0
2024-03-05,56.0784740813092,58.6332367333375,56.000764628296416,58.29324722290039,7916000.0
2024-03-06,58.77894358649963,59.74062354722162,57.94354936176792,59.70176696777344,4651200.0
2024-03-07,60.10003976686525,60.119468057275846,58.53609759170318,58.88579940795898,3659300.0
2024-03-08,58.91494343733317,59.23550096377996,58.31267755395498,58.992652893066406,3058700.0
2024-03-11,58.92465264270634,59.06064696229052,57.79783780185093,58.72066116333008,2574800.0
2024-03-12,58.67209523242408,60.54688263049001,58.50695661782148,60.51773834228516,2915400.0
2024-03-13,60.70230869574702,61.848548242890566,60.36231915486994,60.65373611450195,5874800.0
2024-03-14,60.79944782891804,62.64509108557932,60.614884614922246,61.57656097412109,4970000.0
2024-03-15,61.23657377917258,62.95593495379031,60.77030590234449,62.101112365722656,17146500.0
2024-03-18,62.7033717588217,64.25759785321738,62.01368045546428,63.14049530029297,6886700.0
2024-03-19,62.85879419859754,65.03471085315013,62.0136839438291,64.75301361083984,5480100.0
2024-03-20,64.68501528205506,66.01582551591433,64.43245859827637,65.21928405761719,3537900.0
2024-03-21,65.70498055724718,66.00610982608205,64.6461664112563,65.12214660644531,3171300.0
2024-03-22,65.34555082488764,65.77296576962958,65.06385360527256,65.2484130859375,2197700.0
2024-03-25,65.81182757769234,66.60836895820204,65.53983892256244,66.18095397949219,3696800.0
2024-03-26,66.10324226097906,66.5403657870975,63.97589096863149,63.99531555175781,3471900.0
2024-03-27,64.52959019761028,64.98614576023289,64.11189121596992,64.71415710449219,2595400.0
2024-03-28,64.50043573440854,65.90895128901637,64.49071973847008,65.75353240966797,2571800.0
2024-04-01,65.66612717165722,68.18203743393263,64.98615543111583,68.14318084716797,3718100.0
2024-04-02,67.51175905481809,67.57004021625202,65.96724898774306,66.63750457763672,3194800.0
2024-04-03,67.19120092578423,70.93105964902435,67.19120092578423,69.94995880126953,5367400.0
2024-04-04,70.35794105478782,71.03791266621187,68.463729129296,68.67742919921875,4514700.0
2024-04-05,68.96884854220056,70.98934616548944,68.7162844865058,70.6882095336914,3256300.0
2024-04-08,70.2316663999206,71.72760402322015,70.06652407611587,71.6984634399414,3315500.0
2024-04-09,72.0675921369977,72.60185341846076,69.3476909201754,70.6882095336914,3186900.0
2024-04-10,69.88195497319373,72.58242401583226,69.58081836138867,71.08647918701172,5151200.0
2024-04-11,71.57218312370951,72.69899430900223,70.63964742897711,72.45614624023438,3657200.0
2024-04-12,72.19388303233173,73.93267632154036,71.43619814442609,71.8150405883789,4281600.0
2024-04-15,72.46585865438894,74.35036194639481,70.56193077874161,70.8630599975586,3903000.0
2024-04-16,70.98935316237053,72.76700290262166,70.44536841870888,72.38815307617188,3125800.0
2024-04-17,72.20358874244552,72.42700481287015,68.33744427186211,71.31961822509766,4217000.0
2024-04-18,71.54305718038022,71.95104024071934,68.43459681741744,68.50259399414062,4119400.0
2024-04-19,68.26945200569749,69.40597925710513,67.13292475428986,67.96832275390625,3987100.0
2024-04-22,68.49288201495871,69.53227161406893,68.04604238844868,68.37631225585938,2871600.0
2024-04-23,68.82314138339247,70.11509489122892,68.59000931189418,69.44483184814453,2800300.0
2024-04-24,69.7653979251628,71.28076761188,69.31855833577531,70.53279876708984,3193300.0
2024-04-25,69.52255295381693,70.90192836691983,69.17285110103931,70.77565002441406,1809400.0
2024-04-26,70.91164058498524,71.10591608788721,69.72654074833122,70.7270736694336,1681800.0
2024-04-29,70.91163767978084,71.9898837223231,70.59107644310393,71.83445739746094,2151600.0
2024-04-30,71.58831902165747,72.2818330116886,70.85573287626873,70.98271179199219,2963400.0
2024-05-01,71.24643848196716,72.97533829993496,69.83987086582334,71.94972229003906,2253300.0
2024-05-02,72.57486663834484,73.99119679746175,71.51994085586053,73.38558959960938,2097900.0
2024-05-03,73.74700764004467,75.87639173489366,73.20977480216347,74.87030792236328,4253100.0
2024-05-06,75.96428836762084,76.56989553571981,74.58703042947354,76.08150482177734,4249100.0
2024-05-07,76.0424372704072,81.10216567101801,71.28551619828896,71.69576263427734,8170300.0
2024-05-08,72.35997265153831,76.33547291247098,72.15484943834045,74.0595703125,5877400.0
2024-05-09,74.20608341532075,80.5356226513639,74.18654361425392,79.86164855957031,5891300.0
2024-05-10,80.89704089416402,82.49896190575134,80.68214777881064,81.70777130126953,5319900.0
2024-05-13,82.13753814703915,82.47941757302573,79.54907359428441,80.5453872680664,3775500.0
2024-05-14,79.99840389080941,81.30728748364923,79.54908530883822,80.17422485351562,4112800.0
2024-05-15,81.08262696322483,84.00320129366506,81.08262696322483,82.52825927734375,3448100.0
2024-05-16,83.02642339082381,83.58318852017811,80.85796737578565,81.00448608398438,3194100.0
2024-05-17,81.02401634529157,82.342677232835,80.10584687193465,80.38911437988281,2913500.0
2024-05-20,80.8188969434684,81.36589963556844,78.78719714449375,79.5881576538086,3271200.0
2024-05-21,79.40256006136033,81.12169739382736,79.40256006136033,81.10215759277344,2508600.0
2024-05-22,80.3598025464717,80.58446554759469,78.2890307466891,79.18766784667969,3748000.0
2024-05-23,80.4672557309754,80.89704196738391,78.35741160694994,79.20720672607422,3333800.0
2024-05-24,79.56862291376997,84.45253058674076,77.59552749288052,84.00321197509766,3639500.0
2024-05-28,84.45252209331895,85.54651998485124,81.47334318377493,81.90312194824219,3167100.0
2024-05-29,81.53194115752771,82.33290157312449,80.32073436004605,81.59054565429688,2596700.0
2024-05-30,81.58077635788165,82.78222071629415,80.64306714138306,82.67477416992188,2085100.0
2024-05-31,82.71385703049384,82.86037574472613,75.86661668578422,79.11930084228516,7793300.0
2024-06-03,78.75787974718227,78.9239382449879,74.83122189050873,76.52104949951172,4984900.0
2024-06-04,76.17918460209097,77.92762432406737,74.14748481237784,76.02290344238281,4322700.0
2024-06-05,76.46246733720692,80.08632641029345,76.46246733720692,79.65654754638672,4141400.0
2024-06-06,79.48071073334577,80.73098982001576,75.39776389904782,76.02290344238281,4747600.0
2024-06-07,75.7103305619914,77.40992815988092,75.53450960688207,76.08150482177734,2966400.0
2024-06-10,75.8959219665417,78.34764569561851,75.70056864127135,78.11322021484375,3877800.0
2024-06-11,77.33179022108821,79.18767657724894,76.98014828193138,79.16814422607422,2851700.0
2024-06-12,79.80303482916155,80.4965561588083,77.09735371728428,78.435546875,2910200.0
2024-06-13,79.11929190220188,79.14859415128706,75.96428476093867,77.53690338134766,2802500.0
2024-06-14,76.99968540829607,77.1364342185192,76.20848734657518,76.81409454345703,2393100.0
2024-06-17,76.38430917797425,77.03875843690835,75.28054878227414,76.72618865966797,3680300.0
2024-06-18,76.31593702626054,78.39648642107362,75.96429508494711,78.06437683105469,3623400.0
2024-06-20,78.26948978476959,79.80303626284456,77.52714129695983,78.84579467773438,2806300.0
2024-06-21,78.2499701834787,78.73836095608698,77.04852560387154,78.16205596923828,8998600.0
2024-06-24,77.91784318402404,80.74074807542209,77.5955110097901,79.6662826538086,4374900.0
2024-06-25,80.0277077460839,81.7956798576514,79.31465397964018,80.35980987548828,2952300.0
2024-06-26,80.07654928538327,80.39888151118325,77.50760921468832,77.67366027832031,3751300.0
2024-06-27,77.67366633739788,78.1815969216313,76.5113013490501,76.8336410522461,2733200.0
2024-06-28,76.7945639710709,77.52715009376482,75.81778247414569,76.05220794677734,6940800.0
2024-07-01,76.99968379615397,77.42946256832069,75.47589966060501,76.04243469238281,2607600.0
2024-07-02,75.68102831151498,76.85316304407655,75.52473970597298,76.08150482177734,2016300.0
2024-07-03,76.10104651303145,77.80064415311858,75.64195803816715,77.57598114013672,1289800.0
2024-07-05,78.01554638887691,78.13275540740021,75.1145039443942,75.36846923828125,2091600.0
2024-07-08,75.85685264586623,76.95084312439145,75.38799426060454,76.74571990966797,1884900.0
2024-07-09,76.80431596443644,79.00207403331989,76.40383948038789,77.41969299316406,2541600.0
2024-07-10,77.89831895031256,78.12298195793709,75.96428844221096,77.322021484375,1726300.0
2024-07-11,77.32201643044989,78.01553030532958,76.92153249371985,77.78109741210938,2276700.0
2024-07-12,77.82016958505159,78.64066980707528,76.8043160708677,78.07413482666016,1870700.0
2024-07-15,77.79087827081177,77.79087827081177,72.9167406594727,73.63955688476562,3501800.0
2024-07-16,74.08886813334973,75.60288229311476,73.84467278191994,74.65540313720703,2484100.0
2024-07-17,73.5320993511528,73.59070384784356,70.65059732935151,70.85572052001953,4824800.0
2024-07-18,71.62739541091354,72.67255140869062,70.16222303352967,71.92042541503906,2779300.0
2024-07-19,72.2915953008998,73.62001863416144,71.90088124071976,73.17070007324219,3455900.0
2024-07-22,73.61024870488936,75.32938609766781,73.48326980258645,75.0656509399414,1704100.0
2024-07-23,74.76284813528942,75.66148522134738,74.29398979129147,74.83122253417969,3089300.0
2024-07-24,74.35261892232465,74.97775855727016,72.32091138262555,72.4674301147461,2495900.0
2024-07-25,72.7506772502796,73.25860026647037,70.85571907200016,71.3929443359375,2921300.0
2024-07-26,72.7213742133269,73.38558588135749,71.39295087726572,71.9985580444336,2006100.0
2024-07-29,72.61393420245244,73.21954142418298,71.9790321799021,72.60417175292969,1418200.0
2024-07-30,73.0046460175697,73.5028066609721,71.26597616864711,71.62738800048828,1632400.0
2024-07-31,75.31961812468654,76.64804149143812,72.89719685230098,73.4246597290039,4500200.0
2024-08-01,73.65840211206553,75.2297798585389,71.78256454167659,72.18523406982422,2337700.0
2024-08-02,71.33079277700995,72.01827568157543,67.9425093307401,68.74784088134766,4472200.0
2024-08-05,65.2515353799986,68.68892799646342,63.945324387440856,67.65770721435547,3751700.0
2024-08-06,68.20766955424577,71.20311389456411,68.13892201985745,69.91654968261719,3804900.0
2024-08-07,71.27187114937801,72.11648811158167,70.62368109287306,70.78081512451172,4235200.0
2024-08-08,72.48968943128874,77.24311574262529,71.64507245232713,76.57527923583984,4501700.0
2024-08-09,76.30030003439003,79.02074756069332,74.95480360850196,78.85379028320312,3767100.0
2024-08-12,78.93234015491122,79.18768386712549,76.58509319277542,78.4412841796875,3414200.0
2024-08-13,79.16805088745117,81.39744188598624,78.56896195312498,80.39569091796875,3057400.0
2024-08-14,80.71979113629213,81.25013253816577,79.32518634191909,80.90638732910156,2534500.0
2024-08-15,80.73942638363822,81.84921024292652,80.14033746596473,81.26976776123047,2973200.0
2024-08-16,81.21083837588749,82.3500843251935,80.3072897002565,81.29922485351562,2529000.0
2024-08-19,81.29922761144759,81.39743730978358,79.20733181450426,80.86709594726562,1564200.0
2024-08-20,80.79835043117167,81.27959070302484,80.07158965379405,80.4546127319336,1344700.0
2024-08-21,80.4546130053246,82.0652760811589,80.07158992588352,81.26976776123047,3486000.0
2024-08-22,81.36798396278176,81.72154490942229,80.21891463266024,80.38587188720703,2093200.0
2024-08-23,80.88674063498745,82.17330488910575,80.54300295177869,82.00634765625,3005500.0
2024-08-26,82.04563421815105,83.85271663192744,81.79028300997147,82.25187683105469,3480500.0
2024-08-27,81.71172215042087,82.58580130316696,81.27959792992247,82.10456848144531,1812100.0
2024-08-28,82.09473302769703,82.49740251753872,78.51003046025856,78.83412170410156,2885300.0
2024-08-29,79.07965624485841,81.49565839839815,78.6082466731336,81.14209747314453,1883800.0
2024-08-30,81.51530200187014,83.6464834004856,81.47601661982722,83.48934936523438,2503800.0
2024-09-03,83.28310969044807,83.28310969044807,78.0779125249498,78.32344055175781,2872900.0
2024-09-04,78.23505667310515,79.89482109460593,77.5573968987349,77.71453094482422,1993900.0
2024-09-05,77.83238898565288,78.14666457837022,76.66367311292849,77.1252670288086,1526700.0
2024-09-06,77.13507401359755,78.17611029044075,74.99406964729693,75.14138793945312,3207500.0
2024-09-09,75.995827419271,76.6734871287209,74.76818736181555,76.52616882324219,2483600.0
2024-09-10,76.89937544669505,77.04668625781775,75.99582667859467,76.54581451416016,1239200.0
2024-09-11,76.79134263757398,78.68681917034988,75.92707924879312,78.63771057128906,2340800.0
2024-09-12,78.63771794254721,79.62965329177885,78.13683865827291,78.37255096435547,1793500.0
2024-09-13,77.34132502359473,79.93410027257113,76.10386172519951,79.59036254882812,2250700.0
2024-09-16,79.44304727383717,80.55283125084235,78.83413507358651,79.33501434326172,2381700.0
2024-09-17,79.88498775934688,81.34834005762235,79.32518421012232,79.86534881591797,2140300.0
2024-09-18,79.84571063168326,82.56615764411707,79.7867788149961,80.48407745361328,2735300.0
2024-09-19,81.51530316843163,81.96707382900982,79.79660701729,80.3662338256836,1968400.0
2024-09-20,82.00635633978271,85.60089004660728,80.99478212511731,85.53213500976562,6334000.0
2024-09-23,86.2589002992635,88.94988512931873,84.97232846109414,86.42585754394531,4285300.0
2024-09-24,86.97584115455054,87.3294020936276,85.71873892357446,86.3472900390625,2103700.0
2024-09-25,86.53388531213223,88.10526294804289,85.76783918293326,87.64366912841797,2437500.0
2024-09-26,89.4900505609934,91.5033757197657,88.34097379525531,88.95970916748047,4386100.0
2024-09-27,88.85168041085002,90.34448746438188,88.60615239268935,89.58826446533203,2077200.0
2024-09-30,89.56862292205436,90.47217177287692,87.97760607290596,89.47041320800781,2715600.0
2024-10-01,89.18558585492521,91.24802699220322,88.29186785596849,90.99267578125,3493900.0
2024-10-02,90.35430037939102,91.78818294278317,90.22662852195816,90.83553314208984,2229200.0
2024-10-03,91.5033742691046,92.9077947445903,91.1498133457012,92.36763763427734,3029500.0
2024-10-04,92.7997617340109,94.47917237208952,92.23014246278632,93.64437866210938,2488400.0
2024-10-07,93.87028097879292,94.67561264107653,91.16947256964504,92.60335540771484,2307700.0
2024-10-08,92.78994706964826,93.12386156028984,91.5033752265549,91.88639831542967,2039500.0
2024-10-09,91.59176867678887,91.68015516159504,85.8169452293452,86.97583770751953,3062700.0
2024-10-10,86.24907823575644,87.20172810439603,85.93480268565143,86.03301239013672,1831800.0
2024-10-11,85.48304625082187,88.23295589781581,84.09826446090783,88.14456939697266,2596200.0
2024-10-14,88.64543892234673,89.44094731375137,87.86956947576417,88.46865844726562,1989000.0
2024-10-15,88.23293896862444,88.62578526936883,87.41779169876078,87.54546356201172,1925200.0
2024-10-16,88.39008745346959,90.2462786905588,87.99724112175895,89.65701293945312,2048100.0
2024-10-17,90.42305129929784,91.15963529733476,84.43216961384805,84.46163177490234,2428600.0
2024-10-18,84.50092268694388,85.59106767485322,83.97058127448092,84.78573608398438,2102800.0
2024-10-21,84.9035873413086,85.512499535693,83.70541688333252,84.9035873413086,1713900.0
2024-10-22,83.94111190093064,84.44199110738448,82.58579257675196,83.77415466308594,1819700.0
2024-10-23,83.38130412568529,86.425849601707,83.38130412568529,86.16068267822266,4910300.0
2024-10-24,86.50443660269691,87.95795833207573,85.85623901232903,87.68296813964844,2869700.0
2024-10-25,88.40972074791983,88.53740010599505,85.71873591100339,85.96426391601562,3079000.0
2024-10-28,86.53389482780936,87.2999410412464,86.13122528371426,87.14280700683594,2017900.0
2024-10-29,86.36694432245348,87.48655156693813,84.61878590537815,86.52407836914062,2715600.0
2024-10-30,87.27047500719159,88.36061995270455,86.05265819607553,86.86780548095703,2137500.0
2024-10-31,86.7695958204603,89.38201740086113,86.52406781446413,88.78292846679688,2187500.0
2024-11-01,88.69216959592879,89.04733349632924,84.83469793814822,85.55489349365234,2685000.0
2024-11-04,84.54858672539052,87.8338487864694,84.10463564768402,86.86701965332031,3032900.0
2024-11-05,86.94594789197515,90.29040176094163,86.94594789197515,90.02403259277344,2211800.0
2024-11-06,90.290398158323,91.75051722819528,89.61953386031,91.14871215820312,2474000.0
2024-11-07,92.49044505407493,96.04207663877304,91.71105800052555,95.10484313964844,4031900.0
2024-11-08,98.40982673005291,101.45830797524904,93.46713558074327,94.84832763671876,4780800.0
2024-11-11,97.22594853212044,98.02506348396491,92.55949446111998,93.01331329345705,3411200.0
2024-11-12,92.24380323737938,94.41424265573754,89.15585830927431,91.41509246826172,2968700.0
2024-11-13,91.73079305231,93.50660507234258,90.82314776894226,91.23751068115234,2726400.0
2024-11-14,91.35589952828632,92.93440171247444,90.06350204105918,90.40879821777344,2878500.0
2024-11-15,90.38905918722614,91.6715887621284,90.00429956206634,90.95140075683594,1995100.0
2024-11-18,91.00072775782137,93.2303661348186,89.95497156216305,91.97743225097656,2707900.0
2024-11-19,90.76395734423724,93.9406970555882,90.42852894087308,93.58553314208984,2787400.0
2024-11-20,94.14786133421612,94.91738052817254,92.58908743898144,93.25008392333984,1856900.0
2024-11-21,93.6743188361474,96.16046619027146,93.13171274653412,95.5882568359375,2477800.0
2024-11-22,95.92368511383296,96.4465631788409,93.26982377231224,94.19719696044922,1800900.0
2024-11-25,95.25281122080489,96.2196402739581,90.29038516443616,90.63568878173828,4385200.0
2024-11-26,92.25366664677478,100.08698519912936,91.16844698871417,99.80088806152344,4662500.0
2024-11-27,99.89953942937976,100.17577632946312,96.91024971836327,97.5613784790039,2037200.0
2024-11-29,98.54794249402384,101.75427761328072,98.18291086307386,100.24483489990234,1647400.0
2024-12-02,100.5112055783898,101.12287838169644,97.7882925164491,98.06452941894533,2114700.0
2024-12-03,99.32732563751644,100.89595976085188,97.72908825317316,97.7784194946289,1731700.0
2024-12-04,99.2483988502924,101.5076327238422,98.73538856187628,99.57396697998048,2401500.0
2024-12-05,99.1596218558801,100.9255736032972,98.39996280840391,99.91927337646484,1858700.0
2024-12-06,99.97845556149296,100.59012833914412,97.34432981717065,97.92640686035156,1433500.0
2024-12-09,97.88694653433404,98.02506498425092,93.27969138965658,94.77926635742188,2370500.0
2024-12-10,94.24652266199408,94.6608780210782,92.10567911316834,92.47071075439452,2235600.0
2024-12-11,93.55592842667134,94.85819347557658,92.37204631964502,94.19719696044922,1835200.0
2024-12-12,93.9702780791632,96.47615306450108,93.86175537109376,93.86175537109376,1793500.0
2024-12-13,94.2169287888662,95.83489429366506,93.68418294798492,93.70391845703124,1432000.0
2024-12-16,93.83217070880973,95.59812245307256,92.89493723968695,92.91466522216795,1636200.0
2024-12-17,92.10568763740464,92.381924569026,89.45182599438587,90.1917495727539,2122000.0
2024-12-18,90.52718420892325,90.78368562637854,87.58721792126096,87.61681365966797,2281200.0
2024-12-19,88.28767675112317,89.7379281277604,86.81769739145658,88.0509033203125,3260700.0
2024-12-20,86.74863947937172,90.39892607352454,86.54146178340116,89.23477935791016,6489600.0
2024-12-23,89.33343558660111,91.26710147353047,87.74506583539282,91.00072479248048,2496000.0
2024-12-24,91.52359668154168,92.38191061246016,90.86260019118008,91.78010559082033,727900.0
2024-12-26,91.63212248602588,92.47070846464838,91.0697809335103,91.59265899658205,1672900.0
2024-12-27,90.87248410747452,91.30657502701628,89.49129188548062,90.71463012695312,6117900.0
2024-12-30,89.6984560689813,91.33615699901634,89.09665103101815,90.91193389892578,1751000.0
2024-12-31,90.88234028780556,91.13884168314556,88.49484806129948,89.00786590576172,3460000.0
2025-01-02,89.78725526556423,91.809708380173,89.16571468866186,91.50387573242188,2182400.0
2025-01-03,92.66802021991438,99.30760379421623,92.19446586410228,97.17662048339844,2701200.0
2025-01-06,97.96587846522024,98.97217115503508,96.67347358011288,97.39366912841795,4259200.0
2025-01-07,97.66990317144764,98.13358977464496,93.56579049598209,95.43040466308594,3110700.0
2025-01-08,95.24295044849438,98.27170356676795,92.09580686473495,97.21607971191406,3407500.0
2025-01-10,97.63043389473424,99.17934004710244,95.38106776537316,98.05465698242188,3233100.0
2025-01-13,97.22595715212869,97.63044477744454,94.02948200757096,95.8940887451172,2513600.0
2025-01-14,97.3739280311082,99.24840237315854,96.44656237756676,98.44928741455078,2894500.0
2025-01-15,101.61615956643747,103.51036189947452,100.84664033907188,102.67178344726562,2737800.0
2025-01-16,102.87895906181076,105.21711995935766,102.29688953934236,104.57585144042967,3465100.0
2025-01-17,104.99020766498924,104.99020766498924,102.3560818705339,103.10587310791016,2664500.0
2025-01-21,105.69067083896628,111.2746305079306,105.69067083896628,110.0512924194336,5339600.0
2025-01-22,113.46481163366022,113.82983576632068,108.05843360481902,108.86741638183594,3596900.0
2025-01-23,109.14363491506413,111.6495098087714,108.08801113353576,109.05484771728516,3558700.0
2025-01-24,109.76518787686572,111.18583589095296,108.85754265519,110.86027526855467,4289800.0
2025-01-27,103.6682210694195,104.5758587921046,93.53619732799322,96.18019104003906,5899300.0
2025-01-28,97.58111982347616,100.33362876171124,94.26626177043504,99.51478576660156,4713000.0
2025-01-29,99.48517254099002,101.46816953218992,97.94613414435824,99.21880340576172,2965800.0
2025-01-30,101.41884761524852,104.59557942132231,100.86636630067368,103.58928680419922,3363000.0
2025-01-31,103.50049838330182,103.73727178568468,101.04394704860084,101.06368255615234,2897900.0
2025-02-03,98.09122253319524,103.04532468133642,98.09122253319524,101.73744201660156,2325600.0
2025-02-04,101.02404057648864,101.9455037915715,99.3297387086316,100.72679901123048,1752700.0
2025-02-05,102.30221420786408,103.25340095826674,100.1422252665246,101.93560791015624,1926500.0
2025-02-06,102.25265771566134,102.99577298266284,101.11322035374658,102.36164855957033,1430400.0
2025-02-07,103.4614678584851,104.79907393192424,101.72753209974846,102.06441497802734,1230500.0
2025-02-10,102.59945822346504,104.29376024624548,101.81670917913488,104.21449279785156,1710800.0
2025-02-11,103.52092417199128,103.90734354360052,101.83652486763492,103.69927215576172,2597400.0
2025-02-12,101.26185202638568,103.35248388510487,100.41965611367252,101.71763610839844,2216600.0
2025-02-13,102.01486586102942,105.50255784702816,101.89596469354323,105.27466583251952,3200000.0
2025-02-14,105.2647578130612,107.77153223065416,103.15431306972609,106.61227416992188,1661800.0
2025-02-18,107.84089488795092,111.67537277707726,107.32567157654135,110.88272094726562,3661400.0
2025-02-19,110.68454921584572,111.61592283809568,109.34694314857522,111.3781280517578,2173500.0
2025-02-20,110.82326906195772,110.82326906195772,106.37448722796177,110.05043029785156,2020800.0
2025-02-21,110.21885802331346,110.48638376174888,104.40274717430783,104.9873275756836,3350400.0
2025-02-24,105.57191499441358,106.1564953927881,101.22221411111693,102.48055267333984,2894100.0
2025-02-25,100.50882104556106,103.04531878117967,97.36791471836764,101.49964141845705,3814000.0
2025-02-26,104.551367828133,114.29113441158228,104.3432964461888,112.28968048095705,5031700.0
2025-02-27,115.13332869820552,116.18360347389954,103.88751854876833,104.14513397216795,5401900.0
2025-02-28,103.52091915948296,105.21522114358352,101.24202920602296,104.7396240234375,3814200.0
2025-03-03,105.62145840340328,105.99797501219868,98.27948280357457,99.32975006103516,4174100.0
2025-03-04,97.20939490388255,101.68790000944372,94.44500494269164,99.32975006103516,3182800.0
2025-03-05,97.76425268816683,99.11176911457656,95.81233517817512,97.80388641357422,2643000.0
2025-03-06,94.33601417486892,95.22775409209534,89.77824161492954,90.30337524414062,3415200.0
2025-03-07,90.69970724687408,92.45345616263188,84.09093648862614,87.2813720703125,4669300.0
2025-03-10,84.30890765816292,85.61679789667855,80.15737515261064,84.04138946533203,6156600.0
2025-03-11,83.9323920478346,89.4314480865709,83.9323920478346,87.80650329589844,5214300.0
2025-03-12,90.1646552358586,93.68207063418816,89.84759301432666,91.62116241455078,4921300.0
2025-03-13,91.41309143911,91.6508862164563,88.60906791683587,90.08538818359376,3433500.0
2025-03-14,91.73015558105898,94.7521533028289,90.54116655073392,94.5143585205078,2989800.0
2025-03-17,94.72243259918127,97.02113571874877,93.57308481907756,95.24756622314452,2483900.0
2025-03-18,93.32537506390906,94.47472278680677,92.36427807497031,93.81087493896484,1796800.0
2025-03-19,94.10812718692112,98.11103504718854,94.02885973876376,97.35801696777344,2337400.0
2025-03-20,96.15912807904644,99.56754530025025,95.69344125619496,98.72534942626952,2564100.0
2025-03-21,97.14994296102309,99.81524468890204,95.6934357677642,99.7359848022461,7623100.0
2025-03-24,101.34111668445124,103.2434901767787,100.726812829694,101.9157943725586,2612200.0
2025-03-25,101.13303858844124,102.02477846615758,99.31983543031136,101.3311996459961,2096100.0
2025-03-26,100.55835606937784,101.22221145469813,95.61416459699332,96.47618103027344,2410200.0
2025-03-27,94.96022607555348,97.04095501931124,94.16757426973336,94.88096618652344,1958500.0
2025-03-28,94.72243289977582,96.04022590405876,93.60280851983624,94.32610321044922,2403200.0
2025-03-31,92.3642816994828,95.14848468894994,92.07694286764286,94.5837173461914,2976500.0
2025-04-01,94.72242994591927,97.68498086338634,94.13784953089636,97.6255340576172,2547800.0
2025-04-02,95.67362280048512,102.54000900562464,95.57454226469824,101.93560791015624,3301800.0
2025-04-03,96.10958514990976,98.59654663484272,91.53199187810108,91.9184112548828,3435700.0
2025-04-04,90.16465302725724,90.41235811799145,81.2571800810752,82.84249114990234,6877100.0
2025-04-07,79.69168623419556,90.01603313820824,78.83958007304534,86.43917083740234,4796800.0
2025-04-08,90.51144930318084,91.24465434149305,83.60542935059705,85.11148071289062,3618400.0
2025-04-09,85.2105579728231,97.6948940244112,82.35699782254468,96.49600219726562,4840800.0
2025-04-10,93.85051091284892,95.03949238703592,90.07548755091324,92.0373077392578,2577000.0
2025-04-11,92.49308450185788,94.60353683003828,90.60062143447944,93.6028060913086,1634900.0
2025-04-14,96.55544372933308,96.71397861981126,94.12793680392312,95.03948974609376,1981700.0
2025-04-15,95.11876321945203,97.5958143449586,95.11876321945203,96.21857452392578,1513700.0
2025-04-16,94.61343608660356,98.19029826757642,94.50444523992,97.18956756591795,2217500.0
2025-04-17,98.1308535578349,99.74588809232829,96.20865955824225,96.96168518066406,1945900.0
2025-04-21,95.21783747863842,95.911416283696,90.00612013735503,92.23546600341795,1916000.0
2025-04-22,94.21711577477105,98.42810281298613,94.21711577477105,97.89306640625,3561500.0
2025-04-23,102.24276226346738,104.64054588214688,100.04313970640968,101.1033172607422,1816600.0
2025-04-24,100.87543228320948,105.81963200120688,100.60791407539632,105.1359634399414,1699800.0
2025-04-25,105.13595635595152,108.18768509238907,105.13595635595152,107.33557891845705,1810200.0
2025-04-28,107.13741239987256,108.65337403629292,106.63209941375924,108.35612487792967,2620800.0
2025-04-29,107.50401520139287,109.08932635608524,106.19613255385173,108.5245590209961,1745300.0
2025-04-30,105.53228589764784,108.83171217761004,104.3333940869507,108.57410430908205,2328100.0
2025-05-01,110.71295849097216,114.64247457123656,110.67316498154682,113.54817962646484,3092400.0
2025-05-02,114.40371382235152,117.28867855844749,113.77698316592635,116.03520965576172,2207600.0
2025-05-05,114.93096722180528,116.10484913844026,113.40890159893016,115.6273422241211,1764400.0
2025-05-06,114.7718015415398,117.8557263155768,113.6078623017664,116.4032974243164,2891400.0
2025-05-07,115.13987941253389,119.19872620276358,114.88123299195723,118.0546875,2698100.0
2025-05-08,118.9102286330308,120.29302079324871,117.25883977838424,119.71602630615234,2549200.0
2025-05-09,119.62650115192156,120.10401568107866,116.83107349138092,118.71127319335938,3028100.0
2025-05-12,136.289639797953,150.028030986795,136.23989601756708,149.82907104492188,10257900.0
2025-05-13,148.85416911434544,157.8373470969199,147.13312828346233,155.8974609375,8023100.0
2025-05-14,153.94761015078038,157.54883533364634,152.11715432587278,153.01248168945312,6349700.0
2025-05-15,152.70407896496943,156.59380865859856,152.04749752304164,154.21620178222656,4280200.0
2025-05-16,154.1565364239665,158.4143433362591,153.24129328161845,158.37454223632812,6992300.0
2025-05-19,155.96709485098046,160.94116986263228,155.35031440703077,160.4039764404297,2878800.0
2025-05-20,159.2897718068769,160.5432484129307,158.0064671450818,158.85205078125,3482000.0
2025-05-21,157.59858042131947,157.837341470765,154.0271984423478,154.66387939453125,3066200.0
2025-05-22,153.88792240190273,155.1513416005971,151.58990236547464,154.48480224609375,2461300.0
2025-05-23,152.92296145412104,157.7378623618739,152.48524042983948,157.001708984375,2290700.0
2025-05-27,158.45412690499393,158.96147707404435,155.1016053199834,156.09642028808594,3851600.0
2025-05-28,156.99173476671737,157.19069470802864,154.77330182073916,155.2508087158203,1625600.0
2025-05-29,157.28023491122607,157.6880974659111,152.2962027643259,153.66905212402344,3948600.0
2025-05-30,152.8732112038669,155.3105047899948,152.8533106546033,155.09164428710938,3799300.0
2025-06-02,155.72832683768368,158.91174684684557,153.79839857019417,157.66822814941406,3746000.0
2025-06-03,159.79712399534654,161.4883063079422,157.34987263547757,160.20498657226562,3914000.0
2025-06-04,159.8369095378725,159.8369095378725,155.937236917851,156.15609741210938,3204200.0
2025-06-05,156.53412543544076,157.37970896481076,154.22614765715272,155.22096252441406,2491200.0
2025-06-06,155.78802069149845,157.12106902532705,153.47010013389877,155.13143920898438,2327700.0
2025-06-09,155.90738697790894,158.25515066831386,153.66905352992555,154.2460479736328,2166500.0
2025-06-10,153.82823370793758,154.94242154469694,146.9242158344378,147.90907287597656,3636900.0
2025-06-11,149.72959415564492,151.2118739106349,147.48131781086596,148.2970733642578,4052800.0
2025-06-12,147.46141463417146,151.33124415219964,147.46141463417146,150.21705627441406,2881000.0
2025-06-13,149.3117619656505,151.36107819340313,148.2274173876137,151.25164794921875,2258600.0
2025-06-16,152.6742509466461,155.0717586091507,152.54492014619694,153.14181518554688,2536300.0
2025-06-17,152.80358109132078,153.7884381684487,149.36151471456157,151.2914581298828,2533200.0
2025-06-18,151.27156201399532,153.4004654440797,150.3463913774984,151.8485565185547,2528400.0
2025-06-20,152.96273422320638,153.30098282722415,150.4060678125387,151.1322784423828,7964200.0
2025-06-23,151.21186815643827,154.19631292268377,149.1327086124083,151.26161193847656,2423400.0
2025-06-24,153.38057095715362,153.89787901266726,150.5055561854106,152.88316345214844,2654600.0
2025-06-25,153.54969788554672,155.75818835049623,151.83861490946566,152.52503967285156,2195500.0
2025-06-26,156.9022075461952,161.37887460486368,155.45972897433614,160.702392578125,2708600.0
2025-06-27,162.67213682345633,167.69595510825545,161.2793868545824,161.8265380859375,9663400.0
2025-06-30,162.9805394206779,163.84602359273325,159.35941351342427,159.7473907470703,2799500.0
2025-07-01,159.42902854619524,159.42902854619524,152.90304530720664,155.15133666992188,3566400.0
2025-07-02,154.73350524902344,156.71319239518164,153.20149695849372,154.73350524902344,2754700.0
2025-07-03,155.330392143583,157.95670277542547,154.8429273959001,157.5687255859375,2106100.0
2025-07-07,157.60852589693582,159.7971309397641,156.81268607736723,157.8671875,1929200.0
2025-07-08,157.67816433756715,157.67816433756715,148.81435978436585,150.48565673828125,3066800.0
2025-07-09,152.09725500214674,152.09725500214674,149.25208367717133,149.4908447265625,1916100.0
2025-07-10,149.60028088672985,151.8983010515954,148.36670485231627,150.5751953125,2101900.0
2025-07-11,149.83902568884426,151.34120600617763,149.34161820462455,149.89871215820312,1973800.0
2025-07-14,149.7992265061724,150.5751808984796,147.61063680531444,150.2767333984375,1703900.0
2025-07-15,151.07259762017094,151.8684526092883,144.2481665144389,146.11842346191406,2887800.0
2025-07-16,146.17810326748594,147.01374413712216,142.6564500345365,144.2083740234375,2546800.0
2025-07-17,145.3126243362042,147.26245310140558,144.30785154035982,146.61582946777344,2263000.0
2025-07-18,148.99343597660334,153.71880688332635,148.87404786309924,150.96316528320312,3408400.0
2025-07-21,151.11238589638396,154.40523615497705,147.2823574197381,151.520263671875,2730700.0
2025-07-22,151.6993334912681,153.61931901171045,146.78494532934914,153.16171264648438,2843100.0
2025-07-23,159.17039329278575,164.8209349684373,157.37972333230763,159.71754455566406,5434500.0
2025-07-24,160.17515556349983,160.5730906660318,156.78284799498817,157.1509246826172,2849700.0
2025-07-25,157.60853211659193,158.0562110073553,155.0220222415803,155.778076171875,2026200.0
2025-07-28,157.19069062255662,158.8221863863784,156.3550497829657,157.7179412841797,2071500.0
2025-07-29,158.73267119522222,159.51858350733823,156.0665744120722,159.0410614013672,1979500.0
2025-07-30,160.76209488188792,166.1340893024336,160.16519986641802,165.72621154785156,3887600.0
2025-07-31,166.42258328962308,168.36248455069477,164.64187124045836,166.3330535888672,3265800.0
2025-08-01,161.75480825391867,167.94891602106972,159.96939773382618,167.20083618164062,2560600.0
2025-08-04,169.05607028740772,174.00336297062407,168.5174442943264,173.46475219726562,3195500.0
2025-08-05,174.54200160388658,175.50951945807824,167.03128088981333,171.51976013183594,4432500.0
2025-08-06,165.64483794276634,165.64483794276634,144.62877366416777,148.17965698242188,9533000.0
2025-08-07,150.7031766146905,154.60316990833772,149.62593979799462,152.82772827148438,4884200.0
2025-08-08,153.0371806488316,154.66301238719697,151.11212914733937,152.1494598388672,2574100.0
2025-08-11,151.6108556102823,154.50342505706251,150.98246364105955,151.64077758789062,2779300.0
2025-08-12,151.6108536546888,156.59805278806672,151.2018996730181,156.28884887695312,2409900.0
2025-08-13,156.69779428211493,158.5729707042191,151.5210794298489,154.60316467285156,2514300.0
2025-08-14,152.20931984324434,156.05943808699834,151.51109980620242,153.38629150390625,2210900.0
2025-08-15,154.69293883984324,154.9921738313525,147.91034498443722,148.239501953125,2789200.0
2025-08-18,148.5088054143147,150.49371601790938,147.43156864601127,150.05484008789062,2093700.0
2025-08-19,149.1372028310343,149.73565757789007,146.67352531284985,148.0001220703125,2190800.0
2025-08-20,146.89296511113,148.39909374544638,143.1824877995714,147.81060791015625,2459300.0
2025-08-21,148.1696883252743,149.77556704448358,144.3295389298579,145.51649475097656,1889200.0
2025-08-22,146.49397799659934,148.05996578209007,144.01036264470102,144.71853637695312,1900400.0
2025-08-25,145.3668861377086,146.51393585301238,143.91061729088895,144.3993682861328,2051300.0
2025-08-26,144.62877461475026,146.19476244535676,143.45180292680115,145.85562133789062,2123400.0
2025-08-27,146.36432706664112,148.8479425185554,145.99526397777538,147.74078369140625,1951300.0
2025-08-28,147.55126167743688,150.82287820958936,147.08247897558755,148.27940368652344,1752100.0
2025-08-29,147.79065059170475,148.17965149768298,143.5914376348275,145.1873321533203,1560800.0
2025-09-02,141.9057693981499,144.86816692173602,140.40960964764074,144.73849487304688,2499300.0
2025-09-03,144.51905704286364,147.8305645995803,143.82085220250892,146.5338897705078,1457700.0
2025-09-04,147.64104085879288,148.23949559642497,145.79577117338332,147.5712127685547,1305000.0
2025-09-05,148.5686578314918,149.86533263869987,142.50422191232434,147.28196716308594,1672700.0
2025-09-08,148.34921642698384,149.25689029303382,144.41930120010676,147.38169860839844,2334000.0
2025-09-09,148.1198100598376,152.0297722431311,147.4415583024046,151.87017822265625,1755800.0
2025-09-10,154.55328903894863,161.84457130934925,154.51339814489867,160.79727172851562,3506700.0
2025-09-11,161.04663133017297,161.37577305962765,157.34612310128708,157.51568603515625,2303200.0
2025-09-12,157.29624936997843,165.395470687057,156.61799762889217,164.41796875,2278800.0
2025-09-15,164.6872826112918,168.5872758020896,164.6872826112918,165.65480041503906,2357700.0
2025-09-16,166.19340991136863,166.81183291931256,161.83460297879955,163.799560546875,2536200.0
2025-09-17,164.9566005212137,166.65224515296455,161.89445300140198,164.1586456298828,2373100.0
2025-09-18,166.65223838433937,167.1509582687001,161.4555704926227,163.76963806152344,2421700.0
2025-09-19,164.61746075468878,165.35557169861008,161.4755314180036,163.939208984375,4195800.0
2025-09-22,164.52769560724505,171.59954029301957,163.08141090918178,170.53228759765625,2580000.0
2025-09-23,170.72180428287993,171.1307582643024,164.75710316477992,167.0013427734375,2527300.0
2025-09-24,167.28063377502934,168.71693428718123,165.07628514380244,165.1560821533203,2133700.0
2025-09-25,160.547921249336,164.5376805573046,157.4957425941719,162.5428009033203,2226400.0
2025-09-26,163.36068275849473,169.01616437421086,162.482930898936,168.138427734375,2443300.0
2025-09-29,168.87652409441014,169.66451003141967,164.23843527731745,164.91668701171875,2686400.0
2025-09-30,164.9765340817334,165.4054411028392,160.63768015590196,161.53536987304688,2449000.0
2025-10-01,161.2660612837822,165.0264136315336,160.15891770487235,161.4954833984375,3232900.0
2025-10-02,162.55277249453607,168.14841062473226,162.0640214921752,166.87168884277344,2642400.0
2025-10-03,167.79929844906886,171.76911993326522,165.40544894339357,165.8542938232422,2270000.0
2025-10-06,168.53741042033573,169.53485025700945,162.68244344937273,163.53025817871094,2408300.0
2025-10-07,163.89930849403103,165.3755150757357,161.65506903642228,162.1936798095703,2648500.0
2025-10-08,164.1686188562931,168.89648915520536,163.0814130884373,167.09112548828125,2587400.0
2025-10-09,167.7793534899111,169.55479509554206,166.4926476399338,167.81924438476562,1973600.0
2025-10-10,167.29060111067216,168.3977598752048,159.96939677857796,160.01925659179688,1846200.0
2025-10-13,163.76964498241242,168.34789006158633,163.73972300566413,168.33792114257812,1965000.0
2025-10-14,165.14611374365165,168.54737186896244,162.67245210014127,165.18600463867188,1680700.0
2025-10-15,167.75939715650355,172.91615893504417,167.4302402064193,170.891357421875,2111100.0
2025-10-16,172.6468474316076,173.55452128184967,165.31567419894958,169.49493408203125,2181600.0
2025-10-17,168.228201646231,171.9586167870005,165.4553201979609,168.30799865722656,2091700.0
2025-10-20,171.37012672322075,172.45733243421822,165.88420791540358,166.58241271972656,1768500.0
2025-10-21,166.09367962156713,167.48012033364333,159.77988386636846,163.17117309570312,2071000.0
2025-10-22,163.600082008868,164.9466166214486,157.90469399322032,160.00929260253906,2916100.0
2025-10-23,161.24612027828417,163.56017267932725,159.8995704724405,163.39060974121094,2225900.0
2025-10-24,167.021289939583,170.13331243655298,166.65224208726738,169.92384338378906,1595800.0
2025-10-27,171.83892841976706,172.90619631678277,169.37525088338117,172.14813232421875,1602400.0
2025-10-28,173.05579889205077,173.45476870938825,165.4154066542273,172.31768798828125,2472200.0
2025-10-29,173.23533226200053,180.07776970538657,170.06348109312086,178.04299926757812,2483100.0
2025-10-30,175.97830191159375,179.61896642313835,172.42741855174455,172.6967315673828,1769200.0
2025-10-31,174.8412092483924,176.526884881946,169.9238385253969,171.4199981689453,1567500.0
2025-11-03,173.5800018310547,176.75999450683594,171.1699981689453,174.47999572753906,1593300.0
2025-11-04,171.66000366210938,172.02000427246094,166.89999389648438,167.99000549316406,1835500.0
2025-11-05,167.6999969482422,175.27000427246094,167.4600067138672,173.19000244140625,3047200.0
2025-11-06,169.27000427246094,177.08999633789062,164.9499969482422,170.10000610351562,3293200.0
2025-11-07,164.97999572753906,172.5,162.0,172.5,2530600.0
2025-11-10,175.64999389648438,176.72999572753906,164.10000610351562,166.72000122070312,2225200.0
2025-11-11,164.47000122070312,167.14999389648438,160.75999450683594,162.83999633789062,2015600.0
2025-11-12,164.0500030517578,169.4600067138672,162.89999389648438,168.83999633789062,2048500.0
2025-11-13,167.74000549316406,169.22999572753906,164.94000244140625,166.14999389648438,2725300.0
2025-11-14,161.25,171.1999969482422,160.05999755859375,165.19000244140625,2085800.0
2025-11-17,165.19000244140625,169.25,162.22999572753906,163.2100067138672,1492300.0
2025-11-18,161.36000061035156,168.6999969482422,161.13999938964844,166.4499969482422,2451600.0
2025-11-19,166.2899932861328,173.52000427246094,166.25999450683594,168.8000030517578,2295900.0
2025-11-20,173.9499969482422,174.72999572753906,160.35000610351562,160.4600067138672,2071200.0
2025-11-21,160.52999877929688,161.39999389648438,155.38999938964844,159.1999969482422,2119300.0
2025-11-24,160.33999633789062,167.97000122070312,158.9499969482422,166.85000610351562,2531800.0
2025-11-25,167.19000244140625,168.3300018310547,161.0,163.80999755859375,1628800.0
2025-11-26,165.8800048828125,169.91000366210938,165.61000061035156,168.5399932861328,1340400.0
2025-11-28,170.0,171.77000427246094,168.41000366210938,169.49000549316406,944900.0
2025-12-01,167.5500030517578,167.57000732421875,163.75999450683594,165.66000366210938,1276000.0
2025-12-02,166.94000244140625,168.0800018310547,162.75999450683594,164.0800018310547,1444700.0
2025-12-03,163.75999450683594,167.0,160.22000122070312,166.77000427246094,1291300.0
2025-12-04,166.13999938964844,170.19000244140625,166.0,169.36000061035156,1366000.0
2025-12-05,168.8699951171875,170.25,162.7899932861328,163.0,1864800.0
2025-12-08,164.19000244140625,167.17999267578125,162.2100067138672,164.11000061035156,1639400.0
2025-12-09,165.41000366210938,171.57000732421875,164.30999755859375,166.75,1822400.0
2025-12-10,167.42999267578125,170.05999755859375,163.25,168.16000366210938,1635900.0
2025-12-11,165.02000427246094,170.83999633789062,164.27000427246094,170.63999938964844,1558900.0
2025-12-12,172.0,172.39999389648438,160.5800018310547,161.44000244140625,2018000.0
2025-12-15,161.88999938964844,163.05999755859375,159.27000427246094,159.99000549316406,1674700.0
2025-12-16,159.6199951171875,162.27000427246094,157.4499969482422,160.14999389648438,1535100.0
2025-12-17,160.5399932861328,161.0800018310547,147.97999572753906,149.47999572753906,4748200.0
2025-12-18,154.2899932861328,158.2100067138672,152.08999633789062,154.63999938964844,2218200.0
2025-12-19,154.86000061035156,157.5800018310547,154.6999969482422,156.1999969482422,3893900.0
