date,open,high,low,close,volume
2015-12-21,31.05050197970116,31.65234968147645,30.92379767735934,31.462291717529297,3213700.0
2015-12-22,31.501880762675107,32.66597841467597,31.4781246541423,32.56303024291992,3209400.0
2015-12-23,32.99066601787187,33.41829419643064,32.206681023847445,32.49968719482422,3393400.0
2015-12-24,32.47591845034393,32.68181478096393,32.21459221024088,32.523433685302734,624400.0
2015-12-28,32.27003192719506,32.27794962425261,31.691943374193738,32.167083740234375,1760100.0
2015-12-29,32.43484560044301,32.53075852928182,32.00323284714285,32.354915618896484,1539100.0
2015-12-30,32.155097642238864,32.378895509264595,32.05119018296952,32.243019104003906,1965100.0
2015-12-31,32.25101159673488,32.5787169333789,32.07517171666903,32.2110481262207,1910800.0
2016-01-04,31.68351725725161,32.019217063046625,31.355811973675237,31.611581802368164,4029900.0
2016-01-05,31.89133796172942,31.995242377376123,31.53965209641005,31.939292907714844,3514500.0
2016-01-06,31.34782929066336,31.7394756167254,31.251913291245224,31.4597282409668,1631000.0
2016-01-07,30.844271195074374,30.860257189913685,29.56542209809694,29.853160858154297,5617100.0
2016-01-08,29.941079907945294,30.17287224103109,29.06187160529669,29.125812530517575,3400900.0
2016-01-11,29.36559894229784,29.429539866555015,28.61427250141487,28.88602828979492,3334300.0
2016-01-12,29.13381296496529,29.453523753993007,28.326536895959777,29.00592803955078,4248900.0
2016-01-13,29.26169362820929,29.629362354095345,28.4144542151088,28.47040367126465,3481100.0
2016-01-14,28.67821636536586,29.245705405432044,28.37448859150681,28.94997215270996,3819000.0
2016-01-15,28.198648120150047,28.40646300120817,27.75105246682494,28.09474372863769,3362300.0
2016-01-19,28.606293052650056,28.69421452834697,27.767047869301045,28.19066619873047,3265500.0
2016-01-20,27.663132822179005,28.294565930254123,27.09564369675212,27.95886611938477,3579000.0
2016-01-21,27.93488655732308,28.438434711389306,27.73506620004468,27.98284149169922,2826100.0
2016-01-22,28.486388221603004,28.662231102902155,27.990834614052204,28.262590408325195,2836000.0
2016-01-25,28.19066040424789,28.43843878037132,27.83098309988068,27.86295509338379,2326500.0
2016-01-26,28.23862506932148,29.477511144742333,28.174681067200684,29.20575523376465,3707000.0
2016-01-27,28.734167890792968,29.277679504702423,28.43044009501612,28.534347534179688,3327200.0
2016-01-28,29.573420742375085,29.573420742375085,27.894930514441874,29.28567886352539,3970000.0
2016-01-29,29.341621529528386,31.25989824428905,29.285672071507737,31.22792625427246,6027800.0
2016-02-01,30.94018979376637,31.355816588821167,30.372700593390856,31.315853118896484,3355800.0
2016-02-02,30.90820344745137,30.980138879522897,30.51655735540765,30.76433563232422,2949000.0
2016-02-03,31.155986792418982,31.979245610808903,30.74835464371597,31.89931869506836,2839600.0
2016-02-04,32.23502490407393,32.89842697481254,32.05118747282775,32.346923828125,2907700.0
2016-02-05,32.083159114626056,32.962370599310674,31.70749583168701,31.907316207885746,2782700.0
2016-02-08,31.867342993543517,31.947272948980896,31.25989057729959,31.483688354492188,2598000.0
2016-02-09,31.108035724231087,31.47570754575871,30.60449055497332,31.10004425048828,2720300.0
2016-02-10,31.163977673697023,31.92329243159944,30.972148829700853,31.13200569152832,1624300.0
2016-02-11,30.78032784443884,30.924198751914616,30.14090328288918,30.652442932128903,2095000.0
2016-02-12,31.323840770997183,32.01921786870631,30.884236557433542,31.995237350463867,2540800.0
2016-02-16,32.15509102450394,32.370897372871745,31.6915093883564,32.11512756347656,2450500.0
2016-02-17,32.41085649075156,32.834477658121905,32.33092957940724,32.578704833984375,2614200.0
2016-02-18,32.54674353478607,32.63466498730219,31.835383490271223,31.995237350463867,2544100.0
2016-02-19,31.859351522507797,31.867342993543517,31.25989057729959,31.483688354492188,2708700.0
2016-02-22,31.85136584476003,32.051186215301854,31.619576532184343,31.779430389404297,2662400.0
2016-02-23,31.46771077174616,31.619576203148423,31.076064557009143,31.092050552368164,2096400.0
2016-02-24,30.580505987744765,31.219933567142355,30.18885979683124,31.18796157836914,2957700.0
2016-02-25,31.12401763841956,31.77143669128418,31.004127253900187,31.77143669128418,2162100.0
2016-02-26,31.90732091104628,32.30696172235108,31.73148102740402,31.939292907714844,1851300.0
2016-02-29,31.4197500291864,31.891326133584315,31.23591569005044,31.443727493286133,2816900.0
2016-03-01,31.93928962649521,32.93040007827899,31.667533780765552,32.73857116699219,2172400.0
2016-03-02,33.05028702754087,33.81759954351821,32.93838811140288,33.76165008544922,2974300.0
2016-03-03,33.80161982848668,34.53695744202113,33.681726368054285,34.169288635253906,3967300.0
2016-03-04,34.32914002704619,35.04050005332098,33.72967891964382,34.33713150024414,3442800.0
2016-03-07,34.4969915016422,35.7838352822097,34.36910657587869,35.775840759277344,3646300.0
2016-03-08,35.280273875997274,35.92769278593824,35.200346970628964,35.42414474487305,3750100.0
2016-03-09,35.54404842109116,35.79182372872813,34.592901507722765,34.800716400146484,2827700.0
2016-03-10,34.84867472267801,36.02361958907816,34.736775792357456,35.959678649902344,2733700.0
2016-03-11,36.25540682748607,36.319347757587565,35.39218140349033,36.271392822265625,2944200.0
2016-03-14,35.999625882640764,36.48718790116791,35.719875633986014,36.087547302246094,2380300.0
2016-03-15,35.75185578200871,36.359311338606105,35.480099990692295,36.007625579833984,2126300.0
2016-03-16,35.743859391301974,36.45521923418165,35.56002506497478,36.35930633544922,3249400.0
2016-03-17,36.65504688813417,37.37439834612631,36.16748472771894,37.28647994995117,3108100.0
2016-03-18,37.37439765207145,37.85396833084378,37.0387009210458,37.32644271850586,3119200.0
2016-03-21,37.22253134487093,37.318444250876986,36.655042331562,37.09464645385742,1804800.0
2016-03-22,36.71098843801053,37.454320252158304,36.69500244696244,37.2385139465332,1970300.0
2016-03-23,36.83887582338242,37.30245739924839,36.67102747948352,36.80690383911133,2518500.0
2016-03-24,36.41525924341576,37.19855459708722,36.3832872577925,37.15059661865234,1995700.0
2016-03-28,37.214542821120624,37.71808790430356,36.93479250366911,37.45432662963867,2637000.0
2016-03-29,37.28109046537431,38.08681966564534,37.03131330678961,38.06264877319336,2679600.0
2016-03-30,38.32854454861276,39.09398803814683,38.0707114050917,38.92478561401367,4989200.0
2016-03-31,38.82004668035282,38.82810262278092,38.078773958791935,38.11100387573242,3988300.0
2016-04-01,37.7323092347033,38.33660628402054,37.64367850902524,38.28826141357422,2414800.0
2016-04-04,38.19962456412853,38.49774353338852,37.54698274898973,37.61144256591797,2356200.0
2016-04-05,37.466420959274885,37.925686518693,37.466420959274885,37.69202423095703,2049000.0
2016-04-06,37.74036130577533,38.07071020257803,37.35361160270973,38.04653930664063,1715100.0
2016-04-07,37.69201742792873,37.86122292476452,37.2488669069884,37.5147590637207,2165000.0
2016-04-08,37.97402303974038,38.4735743486822,37.88539232433177,38.10293960571289,2074000.0
2016-04-11,38.36077685592263,38.92478804520746,38.32854694256608,38.40911865234375,2827400.0
2016-04-12,38.70723840901232,38.99730146452247,38.3124296782094,38.74752426147461,2640600.0
2016-04-13,39.27125292355344,39.88360592475559,39.07787651213426,39.55325698852539,2846600.0
2016-04-14,39.633824793382026,39.77885631924628,39.343764815267,39.73051452636719,2066900.0
2016-04-15,39.6499405925796,39.93194770936684,39.424337358040646,39.89165878295898,2167600.0
2016-04-18,39.76273664592295,40.23811701904918,39.66604999802309,40.17366027832031,2279700.0
2016-04-19,40.39927891295354,40.91494533021052,40.28647726838036,40.65711212158203,2894800.0
2016-04-20,40.77795417673929,40.86658487806776,40.11725649688898,40.51206207275391,2870600.0
2016-04-21,40.25424074946969,40.39927228974799,39.15039231389704,39.88360595703125,2591700.0
2016-04-22,39.60160682823574,40.40733634194459,39.60160682823574,39.92389678955078,2315900.0
2016-04-25,39.682168767274185,40.01251766350898,39.34376393027857,39.577423095703125,2533600.0
2016-04-26,39.8272020332108,39.96417454743416,39.198734123501694,39.89165878295898,3139900.0
2016-04-27,39.97223240396279,40.81824758258405,39.41627720122413,40.77796173095703,2255600.0
2016-04-28,40.53623925040373,41.17276301530616,40.12531561597444,40.23811721801758,2601000.0
2016-04-29,40.25423485767387,40.61681365530093,39.78691346465381,40.10920333862305,5645600.0
2016-05-02,40.0769765446472,40.608757757184975,39.81914034214363,40.52818298339844,2266000.0
2016-05-03,39.83525058876161,39.90776633979217,38.9167197914499,39.26318359375,3838300.0
2016-05-04,38.9086821997489,39.521035328849166,38.52998831316519,39.077884674072266,3936600.0
2016-05-05,39.26319014215792,39.51296734261337,38.763638814860506,39.0456428527832,2480200.0
2016-05-06,39.00535872333479,39.448509262618536,38.57832314030309,39.35987854003906,2085000.0
2016-05-09,38.58637259366119,38.77974896255765,37.426123601121766,37.450294494628906,3288400.0
2016-05-10,37.67589653599376,38.64277220345503,37.52280909247749,38.61054229736328,2705100.0
2016-05-11,38.65889399393967,39.126218494084696,38.29631517031225,38.36077499389648,1917400.0
2016-05-12,38.658891403682745,38.82003787823249,38.04653848872972,38.22379684448242,2086500.0
2016-05-13,38.09489529696771,38.34467258466528,37.756490333262505,37.91763687133789,2309300.0
2016-05-16,38.10293964227226,38.91672488945207,38.10293964227226,38.52191925048828,2028600.0
2016-05-17,38.38494515001637,38.521920735682144,37.33749762589917,37.5147590637207,3935900.0
2016-05-18,37.27303064315446,37.8531566383144,36.78153842349164,36.95074081420898,1903900.0
2016-05-19,36.62040064236166,37.59533244668434,36.515654963188936,37.4986457824707,2335000.0
2016-05-20,37.77258475443956,37.85315644285666,37.361661152118806,37.49057769775391,1701200.0
2016-05-23,37.24886420770815,37.998192683235615,37.08771773714927,37.732303619384766,1794700.0
2016-05-24,37.94983935163786,38.16738657730561,37.71618024876148,37.99818420410156,1911800.0
2016-05-25,38.17546473694986,39.10205182181871,37.98208830371707,38.98925018310547,2372900.0
2016-05-26,39.66605986422382,39.92389303849677,38.94090521418634,39.085933685302734,1939200.0
2016-05-27,39.01342108465427,39.20679751788706,38.42523891592514,38.98925018310547,2704000.0
2016-05-31,39.16650847327171,39.50491336189975,38.77975871186228,39.085933685302734,2357000.0
2016-06-01,38.73141698295683,39.38405898721879,38.60250038535604,39.31959915161133,1866900.0
2016-06-02,39.093987196953954,39.60965347290039,38.98924152414813,39.60965347290039,1868700.0
2016-06-03,39.73856409879103,40.21394445213623,39.38404435550137,40.18977355957031,2626000.0
2016-06-06,40.19783474991267,40.68933012037254,40.125318989129845,40.62487030029297,2112400.0
2016-06-07,40.49596398831631,40.81020108035666,40.3912213645837,40.5845947265625,2119400.0
2016-06-08,41.07609503043927,41.88988365541518,41.04386510846478,41.70456314086914,3064200.0
2016-06-09,41.23722842417906,41.26945833588171,40.57653060234252,40.729618072509766,2969300.0
2016-06-10,40.43149412515064,40.97133124884192,40.30257756773084,40.68932723999024,2523700.0
2016-06-13,40.87464840539148,40.97133506405642,40.26229546902897,40.27035140991211,2977800.0
2016-06-14,40.36704453944893,40.49596112953877,39.64188987279884,39.89972305297852,1895600.0
2016-06-15,40.40732586017774,40.81824645318514,39.996402193556975,40.649044036865234,3197400.0
2016-06-16,40.36705360744703,40.842434216494745,40.13339434852991,40.81020736694336,2178400.0
2016-06-17,40.93911552317813,41.205004650297454,40.46373501239969,40.568477630615234,3038400.0
2016-06-20,41.21305434661446,41.77706238981606,41.14859452818381,41.33391189575195,2320000.0
2016-06-21,41.301689354346834,41.309748369894976,40.02057943382695,40.27841567993164,3880700.0
2016-06-22,40.56040664331417,40.67320823562137,39.81107826743023,39.93999481201172,3564800.0
2016-06-23,40.520124834679216,40.68932723999024,39.89165392784617,40.68932723999024,3166000.0
2016-06-24,39.2470756821082,39.74663008932593,38.44134633659854,38.57026290893555,4073900.0
2016-06-27,38.19962495105738,38.27214070902954,37.14411849026547,37.313323974609375,3236000.0
2016-06-28,37.91850174653326,38.576471718406296,37.73167145546698,38.44650268554688,3246900.0
2016-06-29,38.92575073242188,39.18569182843815,38.84452127027672,38.92575073242188,2676400.0
2016-06-30,39.20193129608393,40.13608551025391,39.05571889868053,40.13608551025391,2364000.0
2016-07-01,40.079226267929855,40.88341153655961,40.03861153892345,40.59098052978516,2516500.0
2016-07-05,40.3797800210734,40.50162730993621,39.55122651344004,39.77054977416992,3385500.0
2016-07-06,39.98988272725466,41.51702111726299,39.93302147165862,41.492652893066406,4712300.0
2016-07-07,41.46015956277584,42.04501863021967,41.38705179200712,41.841941833496094,3398900.0
2016-07-08,42.2399748010516,43.312220067335645,42.14249880376379,43.20661926269531,3674100.0
2016-07-11,43.4584252977054,44.27073231261578,43.4584252977054,44.23823928833008,3465200.0
2016-07-12,44.87996228026812,46.00094682115032,44.81497623212175,45.76537704467773,5238200.0
2016-07-13,45.98470455654571,46.17153481416532,45.13990444484394,45.83036422729492,3009700.0
2016-07-14,46.00094759568325,46.366486375897935,45.63540881546856,46.13091659545898,2563200.0
2016-07-15,46.074061286287545,46.293384582666256,45.74101548779523,46.03344345092773,3015200.0
2016-07-18,45.85473705902906,46.22839758658986,45.65978198885932,46.22027587890625,2133100.0
2016-07-19,45.59479837027419,45.85473639426164,44.603782717130976,45.25362777709961,4326600.0
2016-07-20,44.25449768938775,44.303237238910114,43.46655868166015,43.93769836425781,5542300.0
2016-07-21,44.01079624223097,44.25448773763015,42.29682786995146,42.49990463256836,4505500.0
2016-07-22,42.39430802992744,43.01978489232599,42.33744677868265,42.824832916259766,2618200.0
2016-07-25,42.743604425435024,42.98729596814006,42.28871437204058,42.5567741394043,2213300.0
2016-07-26,42.56488903510698,43.645255759050826,42.56488903510698,43.62900924682617,2614800.0
2016-07-27,43.953934656086375,44.1407649044019,43.05227334125957,43.42593383789063,2748500.0
2016-07-28,43.45843830367131,43.799605864657565,43.092899417824405,43.71025466918945,3221400.0
2016-07-29,43.62089836224261,43.86458990866061,43.222866460751845,43.57215881347656,2392200.0
2016-08-01,43.57214751102779,43.661501777901,43.0197784964528,43.27971649169922,2156700.0
2016-08-02,43.19849596593478,43.28785025129119,42.66237335250233,43.05228042602539,2170400.0
2016-08-03,42.922300916152,43.48279161641336,42.80857843482696,43.46654510498047,1836200.0
2016-08-04,43.38532137738209,43.55590512190243,42.97916783402569,43.29596710205078,1723700.0
2016-08-05,43.32846257154779,43.51529284017831,43.16600052530645,43.4990463256836,1194000.0
2016-08-08,43.62900712060419,43.62900712060419,43.07663812670666,43.46654510498047,1848400.0
2016-08-09,43.23098711285176,43.25535533553944,42.80858702693231,42.88169479370117,1507800.0
2016-08-10,42.98729154652474,43.05227760387162,42.483661996909525,42.52427673339844,2846400.0
2016-08-11,42.702985292396576,42.8898155592102,42.23997047927027,42.52427673339844,2516500.0
2016-08-12,42.32121075812817,42.39431854195714,41.09462805022714,41.17585754394531,3193900.0
2016-08-15,41.41141707557617,42.14249473135269,41.11898601326556,41.89067840576172,2446400.0
2016-08-16,41.9962708112993,42.13436150830312,41.20833206176758,41.20833206176758,1722400.0
2016-08-17,41.0621222796553,41.22458431541777,40.842798996181806,41.03775405883789,2378500.0
2016-08-18,41.224576678300224,41.427653410705645,40.85091623436345,41.37891387939453,1789400.0
2016-08-19,40.95651277101513,41.10272826219813,40.55035931744121,40.65596008300781,3070800.0
2016-08-22,40.32293238835992,40.883426387850776,40.29856416184513,40.86717987060547,1594700.0
2016-08-23,41.143361245198,41.41142101199297,40.58286728958892,40.63972854614258,2108300.0
2016-08-24,40.48538461471304,40.51787764130026,39.69744576285354,39.746185302734375,2446900.0
2016-08-25,39.73805611462895,40.16045611756605,39.55935068551707,39.71368789672852,2315100.0
2016-08-26,39.98987795975759,40.52600051910933,39.47000191416871,39.551231384277344,1819000.0
2016-08-29,39.50249091366154,40.274183195827504,39.50249091366154,40.160457611083984,1847000.0
2016-08-30,40.1604685412168,40.1604685412168,39.3644078235871,39.47813034057617,2824300.0
2016-08-31,39.26692712687079,39.58372641451062,39.13695810889789,39.4050178527832,3143700.0
2016-09-01,39.47811458478783,40.184823827524426,39.40500683894284,40.04673004150391,2700600.0
2016-09-02,40.4366457812876,40.891538865339285,39.616216987213015,39.827415466308594,2427600.0
2016-09-06,39.900514022607375,40.3554070017107,39.59183963196698,40.27417755126953,2263800.0
2016-09-07,40.04673324524265,40.59098052978516,39.90864254687982,40.59098052978516,2853700.0
2016-09-08,40.4122739772392,40.4122739772392,39.81116542299163,39.843658447265625,1933000.0
2016-09-09,39.46999550199829,39.4862420131218,38.04033660888672,38.04033660888672,3693100.0
2016-09-12,37.41487149658017,38.90139209101318,37.41487149658017,38.75517654418945,4360500.0
2016-09-13,38.17031270306979,38.284035203394126,37.1630505168865,37.38237380981445,3451400.0
2016-09-14,36.95995913605305,37.1711575391148,36.39946856358939,36.838111877441406,4593600.0
2016-09-15,36.77314309295142,37.24427960352068,36.50508026035588,37.05744934082031,3029300.0
2016-09-16,36.97622155155354,37.46360459827124,36.70003699875863,37.154930114746094,3482500.0
2016-09-19,37.593579688929424,37.73979524630072,37.2199190861834,37.36613464355469,2460300.0
2016-09-20,37.51234386182694,37.65855939448971,37.28489885488746,37.50421905517578,3010100.0
2016-09-21,37.77228353864896,38.90951482015517,37.77228353864896,38.87702178955078,3562500.0
2016-09-22,39.5187527321513,39.738072983768895,38.83641445293394,38.88515090942383,2252300.0
2016-09-23,38.68205724627654,39.81116344469498,38.62519600597527,39.648704528808594,5321500.0
2016-09-26,39.5268615248058,39.95738327620892,39.34003127233452,39.738059997558594,3697700.0
2016-09-27,39.47813128622647,39.949270980702416,39.27505447282262,39.85991668701172,2447500.0
2016-09-28,40.166867780154575,40.73167486757812,40.05226951220504,40.70711898803711,2125300.0
2016-09-29,40.65801374371619,40.90358508760949,39.79852340779767,39.99497985839844,2100200.0
2016-09-30,40.15049803239655,40.70712089355167,39.88037397709498,40.47792434692383,2745700.0
2016-10-03,40.31419749927136,40.44516735609218,39.733018954789486,39.962215423583984,3005300.0
2016-10-04,39.74122119372859,39.83944785016494,38.92265843743112,38.979957580566406,2642600.0
2016-10-05,39.32375162975418,39.45472153276263,39.02088119196,39.33193588256836,2297300.0
2016-10-06,39.15185554593584,39.4629071245292,39.06999740217266,39.25826644897461,2068100.0
2016-10-07,39.46290819595608,39.61024973616125,38.32510650859204,38.79168701171875,2361200.0
2016-10-10,39.04543999923907,39.56113535586603,38.99632511489453,39.06999588012695,1434100.0
2016-10-11,38.824425416795066,39.34012074304772,38.668899642717605,38.79986953735352,2065500.0
2016-10-12,38.8489871181507,39.05362780434733,38.48882063456951,38.67708969116211,3907200.0
2016-10-13,38.10410100282247,38.27599845623587,37.57203701046154,38.09591674804688,3182700.0
2016-10-14,38.374220750015205,38.68527233181601,38.24325084121252,38.35784912109375,2096900.0
2016-10-17,38.43969332163925,38.75893218931354,38.30053919883479,38.30872344970703,1912200.0
2016-10-18,38.78349913687234,38.848982524977146,38.23506053897219,38.59523010253906,3142400.0
2016-10-19,38.775311976135725,39.479276356924494,38.70982858766887,39.3155632019043,3102200.0
2016-10-20,39.02906294178271,40.01952288568201,37.08088318309055,39.58568572998047,5786600.0
2016-10-21,39.22552070869023,39.462904626724864,38.71801273975687,39.1845932006836,3547600.0
2016-10-24,39.54476334479698,39.55294759749077,38.947212975951295,39.02906799316406,1812100.0
2016-10-25,39.26645325041287,39.26645325041287,38.3578481646267,38.47244644165039,2818200.0
2016-10-26,38.43970820223705,38.84898960078532,38.07954169563951,38.750762939453125,1857800.0
2016-10-27,38.73438539256901,38.73438539256901,38.15320664481549,38.25962066650391,2674100.0
2016-10-28,38.26780306210978,39.53657451773017,38.17776067294089,38.97176742553711,2717400.0
2016-10-31,39.18459109440357,40.06864020815648,39.02906532331084,39.98678207397461,3179000.0
2016-11-01,40.22417844645099,40.34696412449608,38.90629174205436,39.15186309814453,3503600.0
2016-11-02,38.95539546220992,40.10138438663618,38.95539546220992,39.41379165649414,2752600.0
2016-11-03,39.49564811301514,40.13412598484293,39.47927648520305,39.92948532104492,2057100.0
2016-11-04,39.89674320247836,41.27192552200008,39.80670081527731,40.887203216552734,3393300.0
2016-11-07,41.62390999048376,42.18872022403617,41.57479822935311,42.016822814941406,3516600.0
2016-11-08,41.67303761654093,42.51615641448396,41.41109773518834,42.04957580566406,1893500.0
2016-11-09,44.39065376379148,47.9104726634442,44.39065376379148,47.16558074951172,9065600.0
2016-11-10,47.08371954590362,48.96641283817974,46.99367716331577,48.4097900390625,7220700.0
2016-11-11,48.49984612972178,48.7699733538345,47.19014689254604,48.0905647277832,4541100.0
2016-11-14,48.63899726087815,49.18743592885856,48.36068892265923,48.78633880615234,4010700.0
2016-11-15,47.96776834756439,49.40025293449333,47.81224257367965,49.38388442993164,4270100.0
2016-11-16,48.98278254540055,49.16286730352129,48.49983052163262,48.990966796875,3335500.0
2016-11-17,48.9909668441265,49.13830835135498,48.49983056841042,48.66354370117188,2944100.0
2016-11-18,48.524400660910246,48.76178461682885,48.025076864863934,48.16423416137695,3053400.0
2016-11-21,48.62263569073127,48.933687332849,48.26246602975562,48.8354606628418,2120900.0
2016-11-22,49.28565527289207,51.08649368596382,49.28565527289207,51.004638671875,4699300.0
2016-11-23,50.63628259217904,51.29931629523828,50.36615543717824,51.1683464050293,2801500.0
2016-11-25,51.36480788431483,51.48759353465943,51.03738156510841,51.44666290283203,855100.0
2016-11-28,51.29931731825516,51.36480382594984,50.43164294928061,50.72632598876953,2721500.0
2016-11-29,49.35112811468482,50.76724069970325,48.59804907884066,50.448001861572266,3220700.0
2016-11-30,51.135606051380336,51.79045549956917,50.65265399785949,50.90640640258789,3445500.0
2016-12-01,51.23382901439603,51.569439527689376,50.48074986104984,50.7099494934082,2943400.0
2016-12-02,50.68539300006252,51.61036958148361,50.48075235689837,51.593997955322266,2059900.0
2016-12-05,52.41257119377886,53.36210696895383,52.33890042234525,53.28843307495117,3630900.0
2016-12-06,53.17382818043707,53.73045102372009,52.73180360678844,53.681339263916016,2844700.0
2016-12-07,53.95147882774472,54.94193909720829,53.74683812136452,54.639068603515625,3006900.0
2016-12-08,54.91735718716778,55.66225208777261,54.23795503298841,54.36074066162109,3824900.0
2016-12-09,54.22976650984217,54.327996259694,52.94462361367854,53.50943374633789,2949000.0
2016-12-12,53.94328698295221,53.9760302426777,52.29797409129092,52.469871520996094,3319400.0
2016-12-13,52.72363056546039,53.083793934506616,51.61038158553761,51.92143630981445,3699200.0
2016-12-14,51.815013016780576,52.64994726059023,51.48758984361528,51.60218811035156,2942500.0
2016-12-15,50.587170002887184,51.84775720483112,49.94050477457675,51.46303176879883,5294400.0
2016-12-16,51.13561601771946,51.38936847190425,49.61308880233435,49.64583206176758,7583700.0
2016-12-19,49.220169003339,49.93231757642125,48.81088771172899,49.54759216308594,2448700.0
2016-12-20,49.60489779996939,51.06194151254418,49.55578603697881,50.84911346435547,2629300.0
2016-12-21,50.865478515625,51.52851533338243,50.21881332427043,50.865478515625,2254500.0
2016-12-22,50.66082671280367,51.004624546414725,50.308844629077775,50.448001861572266,1930800.0
2016-12-23,50.382531561411945,50.43983069833292,49.989621855710055,50.33341979980469,1266800.0
2016-12-27,50.67721347021735,51.0619389144354,50.56261519897845,50.64447021484375,1439600.0
2016-12-28,51.08755678241689,51.51582622358527,50.132187457276096,50.17336654663086,1340700.0
2016-12-29,50.16513784140448,50.63458642672787,49.769812882277606,50.18161010742188,1217700.0
2016-12-30,50.280442328368345,50.44516185256618,48.913275618524445,49.02034378051758,2203400.0
2017-01-03,49.20153532454207,50.13219481932946,48.60854629710944,49.09446716308594,3698200.0
2017-01-04,49.21800280289192,50.47810444403439,48.699140563008505,50.445159912109375,3568600.0
2017-01-05,50.3381024378398,51.557022101894034,49.92630512666888,50.15691375732422,3884600.0
2017-01-06,50.1404429087611,50.947565284516905,49.64628423629388,49.65452194213867,3057700.0
2017-01-09,50.14042961482865,50.68400181118815,49.020340690993685,49.119171142578125,3589700.0
2017-01-10,49.74509740801096,50.6263430653106,49.127401677655335,50.42044448852539,3987400.0
2017-01-11,50.60988447552523,50.88990674127778,49.86041357921162,50.39574813842773,2085800.0
2017-01-12,50.041597585635486,50.34632979533793,49.39096035545723,49.918060302734375,2469500.0
2017-01-13,49.81923154903031,50.47810650562259,49.555678424629775,49.72039794921875,1475000.0
2017-01-17,49.71214800346539,49.9921701660853,49.18504820130146,49.53095626831055,1534000.0
2017-01-18,49.65450403097524,51.42522999540231,49.45684000493603,51.37581634521485,3744100.0
2017-01-19,51.079340001244695,51.26876639162373,49.2509588932391,49.53921890258789,2892000.0
2017-01-20,49.810983211284366,50.3545553271528,49.58861237182506,50.23101806640625,2802400.0
2017-01-23,50.38751675708358,50.51105720103765,49.003877608559606,49.465091705322266,3026300.0
2017-01-24,50.2557278671035,51.3428721632374,50.05806383973229,50.17336654663086,4368700.0
2017-01-25,50.05806845113174,50.10748524796765,48.608543636675904,49.17682266235352,6208900.0
2017-01-26,49.11917378343031,50.07454324481359,48.92974743197436,50.00041961669922,3238900.0
2017-01-27,50.07455107592779,50.42869700544064,49.56392330337413,50.24750518798828,2585200.0
2017-01-30,49.860411389374136,50.06631001274443,48.616781944829896,49.49802780151367,4340000.0
2017-01-31,49.25918916461401,49.29213055753471,47.0519556089761,47.84260559082031,9225900.0
2017-02-01,48.23793209564316,48.83092117151858,46.27777620509351,46.887237548828125,4771600.0
2017-02-02,46.96958627678448,47.471979349028416,46.706036327699664,47.34844207763672,3051900.0
2017-02-03,47.26609120383976,47.84260802307189,46.66486755322012,47.23314666748047,2570000.0
2017-02-06,47.35667881962648,47.9331955379572,47.35667881962648,47.64493560791016,2644000.0
2017-02-07,48.15557185411697,48.38617731082973,47.38139100641492,47.480224609375,2218000.0
2017-02-08,47.4143331558251,48.03202900531919,47.10960408310181,47.99908447265625,2408000.0
2017-02-09,47.99908643297605,50.22279221032535,47.99908643297605,50.21455764770508,5505500.0
2017-02-10,50.758117919155886,50.98048875861519,49.95923043759057,50.23101806640625,5096300.0
2017-02-13,51.35934712704699,52.69356917120623,51.260516679047896,52.37236785888672,4343100.0
2017-02-14,52.12529079889684,52.298244870429386,51.39229227898555,51.9605712890625,2665100.0
2017-02-15,52.03469870121938,53.27009040230861,51.977047339842976,52.60297775268555,2963600.0
2017-02-16,52.61945280880603,52.97359869990202,51.95234326557793,52.38884735107422,2174800.0
2017-02-17,52.28177046153288,52.68533308699134,51.63936785545941,52.62768173217773,2225000.0
2017-02-21,53.12184320333787,53.863079481485215,52.92418229034095,53.11360549926758,2908300.0
2017-02-22,52.710052191499486,52.751234433185246,51.94410899425064,52.08412170410156,3090400.0
2017-02-23,52.47119852629021,52.57826667809884,49.91805714025544,50.14866256713867,3009600.0
2017-02-24,49.72039214193009,50.519279700731055,49.55567263658018,50.12395477294922,2228700.0
2017-02-27,50.26396684679792,51.98527932395165,50.26396684679792,51.5899543762207,2652000.0
2017-02-28,51.57348576703668,51.97704844703162,51.22757759140985,51.53230667114258,2325100.0
2017-03-01,52.91594169443114,53.27008754777385,52.47943765546782,52.71828079223633,3239000.0
2017-03-02,52.58650287831933,52.66886420603208,51.54877528324604,51.5899543762207,2578200.0
2017-03-03,51.58171981433113,51.853504341374666,51.13697806997254,51.5899543762207,2353700.0
2017-03-06,50.94756868940752,51.91941068760183,50.774614556279154,51.72998428344727,2358100.0
2017-03-07,51.70525858375027,51.97704626039197,50.14043101326015,50.18161010742188,2637300.0
2017-03-08,50.21455764770508,50.6016449261311,49.92629768777695,50.21455764770508,2339500.0
2017-03-09,49.86041259765625,50.42869168089462,49.42390536913393,49.86041259765625,2305200.0
2017-03-10,50.28869134130225,50.58518278141604,49.79453265758398,49.926307678222656,2553900.0
2017-03-13,50.24749732982594,50.51928501349984,49.78628643645968,50.00041961669922,1950300.0
2017-03-14,49.67921787453262,50.14043190594033,49.42390245936278,50.01689147949219,1581300.0
2017-03-15,50.44516389279961,52.37237517780324,50.44516389279961,52.25707244873047,3792800.0
2017-03-16,54.08545431935229,54.357242037586936,53.11361246794522,53.20420837402344,5324600.0
2017-03-17,53.38539392735555,54.21722611131095,53.039485753898646,53.303035736083984,6201500.0
2017-03-20,53.18772796964707,53.31949980648477,52.57003216837422,53.26184844970703,1794600.0
2017-03-21,53.26185373660536,53.43480782410639,50.412217577894815,50.51105117797852,4247100.0
2017-03-22,50.766360587945584,51.41700094712124,50.39574246298707,51.17815780639648,2563700.0
2017-03-23,51.19463212311846,51.45818210214437,50.13219450292825,50.45339584350586,2182100.0
2017-03-24,50.58517288381847,50.88166740768385,48.94622158166574,49.2180061340332,2830700.0
2017-03-27,48.13086437825466,49.18506753881376,47.74377707609547,49.00387573242188,2824700.0
2017-03-28,48.822679926661046,50.04983708819895,48.6085467435457,49.588623046875,2887500.0
2017-03-29,49.69470567323174,49.93505774731693,49.2885966006443,49.537235260009766,1482400.0
2017-03-30,49.57040008253137,50.29145332002823,49.57040008253137,49.81074905395508,2005800.0
2017-03-31,49.66984677779862,49.85218328485031,49.222295257733,49.49580001831055,2609700.0
2017-04-03,49.84389709856782,50.46549542253389,49.05653858922162,49.90191268920898,2746200.0
2017-04-04,49.68642066989428,50.26657966795983,49.388053004511285,50.13397216796875,1624100.0
2017-04-05,50.63125199037715,51.3854577764378,49.37147909775487,49.49580001831055,2730200.0
2017-04-06,49.57868246377004,50.2500097972118,49.19743624747044,49.819034576416016,2099700.0
2017-04-07,49.39634427172297,50.70584622465705,49.36319476479251,50.36603927612305,1713300.0
2017-04-10,50.55666666582008,50.63954518259436,49.454364055368245,49.79417419433594,1441900.0
2017-04-11,49.64498036640912,50.19198668747659,48.87419830104875,50.14225769042969,1913300.0
2017-04-12,49.71958538414465,49.71958538414465,47.88793969702797,47.970821380615234,2908900.0
2017-04-13,47.93767129392933,48.43494877583455,47.15860239584767,47.20832824707031,2822100.0
2017-04-17,47.38236704473248,47.59785623566932,47.025986911929415,47.41551971435547,2249500.0
2017-04-18,46.92653146388591,47.78848195144554,46.76077126833786,47.51498031616211,2183600.0
2017-04-19,47.86306608648664,48.33548051181389,47.614427414463705,47.75532150268555,2456400.0
2017-04-20,48.80789662373238,50.37432378937935,48.09513008745417,50.01794052124024,5916200.0
2017-04-21,50.00965849997932,50.01794508672416,48.85763008407424,49.72786712646485,3711400.0
2017-04-24,50.65612349956767,51.05394608654705,49.76931005662372,50.70585250854492,3325900.0
2017-04-25,51.23628578427083,51.24457553375137,50.21686474946582,50.50694274902344,3204000.0
2017-04-26,49.26374020368718,51.64239217135319,49.0316778308857,51.38546371459961,4377200.0
2017-04-27,51.40204378285887,51.44348304363808,50.75558246218702,51.06223678588867,4399700.0
2017-04-28,51.35231000598604,51.46005460330053,50.68927241022887,50.830169677734375,3233400.0
2017-05-01,51.09538142881234,51.642387805321896,50.556661638511095,51.14510726928711,2071800.0
2017-05-02,50.9461910429908,51.352300108917625,50.72241530474842,51.13681411743164,2107100.0
2017-05-03,51.13681713196426,51.13681713196426,49.63669220343781,49.959922790527344,3007700.0
2017-05-04,49.89362659104698,50.80530287714276,49.74444273890584,50.631256103515625,2727600.0
2017-05-05,50.74728602405927,50.88818328607242,49.92677801929823,50.11740112304688,2207300.0
2017-05-08,49.93506503622497,50.00965696108384,49.45436081788729,49.62012100219727,1983900.0
2017-05-09,49.736147506517696,49.74443725384069,48.600695567410696,48.73330307006836,2679400.0
2017-05-10,48.95707492734351,48.96536467400676,47.79675700022399,48.24430847167969,4348700.0
2017-05-11,48.85762324702594,48.85762324702594,47.407227325469854,47.68072891235352,2652300.0
2017-05-12,47.4652440974216,47.86306660932642,47.24146834167283,47.506683349609375,1832200.0
2017-05-15,47.81333051216597,48.028819650134174,47.382355397841366,47.74702835083008,3364600.0
2017-05-16,48.294047949554106,48.36863987765435,47.48182648891404,47.88793563842773,2639000.0
2017-05-17,47.88792314921903,47.88792314921903,46.47068004654518,46.51211929321289,2940600.0
2017-05-18,46.23861762522336,46.711031991650366,45.68332160404749,46.313209533691406,2997000.0
2017-05-19,46.70274642490827,47.39064999363256,46.4872604265006,46.95967483520508,2480800.0
2017-05-22,47.191729123466,47.44037090597786,46.80219644331317,47.04254531860352,3304400.0
2017-05-23,47.10057105500401,49.06482056221629,46.93481089589142,48.60069274902344,3550300.0
2017-05-24,49.13941591790568,49.72786152044398,48.29404189266466,48.608985900878906,3757900.0
2017-05-25,48.74159563199785,48.8990660624932,48.31062043307052,48.37692260742188,2281300.0
2017-05-26,48.36035620232762,48.63386102691306,48.03712552717253,48.19459915161133,1455300.0
2017-05-30,48.1117073749446,48.54268257197425,47.89622135723599,48.3437728881836,2027600.0
2017-05-31,47.96252554547995,48.43494001633731,47.14201753256456,48.15314865112305,2511800.0
2017-06-01,48.21116163186907,48.97365717478128,47.805052521450094,48.95708084106445,2194300.0
2017-06-02,48.89078854640683,48.98195365785112,48.58413105310258,48.65043640136719,1452100.0
2017-06-05,48.393502308621294,49.17257425234129,48.3520630515668,48.87420654296875,2137400.0
2017-06-06,48.56754766539544,48.56754766539544,47.879647165885615,47.91279983520508,2245600.0
2017-06-07,48.244317485254655,48.36863841553457,46.81049772099257,47.41551971435547,2799200.0
2017-06-08,47.41551127627995,49.23058009497115,47.06741779202313,49.01509094238281,2934100.0
2017-06-09,49.015090405669056,49.578673036343,48.69185984193794,49.553810119628906,2010700.0
2017-06-12,49.52065666477269,50.225133361049366,48.99851329083839,49.64497756958008,2411000.0
2017-06-13,49.64498141894934,50.16712167175738,49.45435517370073,50.13397216796875,1952500.0
2017-06-14,50.0593881045011,50.13398003254818,48.45151835806699,48.99023818969727,1702600.0
2017-06-15,48.16142727882932,48.21115310957738,45.21919653885693,45.25234603881836,8170400.0
2017-06-16,45.24405750932089,45.96511047867825,44.763353422008194,45.51755905151367,4724000.0
2017-06-19,46.40438367847163,47.31605986544485,46.10601600662956,46.24691009521485,4028800.0
2017-06-20,45.940253464414,46.94309785060088,45.73305405429544,46.52041244506836,2371000.0
2017-06-21,47.15030602145213,47.2000350273008,46.32979797543146,46.387813568115234,3569300.0
2017-06-22,46.578440878656494,47.24147854165538,46.14746560730398,46.99283981323242,2397000.0
2017-06-23,47.99566778257722,48.285745671242175,47.10056803925976,47.655860900878906,4209800.0
2017-06-26,47.73875019244507,48.05369422967045,47.18345720522309,47.58127975463867,2604900.0
2017-06-27,47.92937348731829,48.410074519096064,47.12543869018555,47.12543869018555,2143200.0
2017-06-28,47.68278121956497,48.81748687022236,47.68278121956497,48.533809661865234,2050400.0
2017-06-29,48.78411551488769,49.0594474973328,48.208415872261405,48.533809661865234,1793300.0
2017-06-30,48.85085887335707,49.3264348769873,48.26681721789701,48.283504486083984,2605000.0
2017-07-03,48.51712925442217,49.326441176842266,48.483754713785714,49.11785507202149,1794300.0
2017-07-05,49.16791866343127,49.58509088817936,48.43369465669862,49.35981750488281,2776800.0
2017-07-06,49.142876879494665,49.9772211172941,48.925945595315234,49.38483428955078,2290400.0
2017-07-07,49.50164782126991,49.56005166643836,47.91639241100118,48.558837890625,2530700.0
2017-07-10,48.33356835330403,49.62680145665932,48.02486183559832,48.98435592651367,1958800.0
2017-07-11,49.1178514836815,49.44324527418662,48.56718433449488,48.892578125,2219400.0
2017-07-12,49.0928249197629,49.34312760472012,48.73405657097474,49.1762580871582,1751400.0
2017-07-13,49.40152409358512,50.78653547215787,48.99269717841694,50.47782897949219,3822100.0
2017-07-14,50.49452801357541,50.511215285009534,49.760303984331856,49.82705307006836,2001800.0
2017-07-17,49.94385372791329,50.28593478703169,49.66851856232546,50.16078186035156,1691500.0
2017-07-18,49.96889167371855,50.0606700781052,48.94264831904999,49.51834487915039,3079600.0
2017-07-19,49.69354686792518,50.71978995876327,49.52667737400993,50.611324310302734,4081900.0
2017-07-20,49.74360528002666,50.84493947937995,49.017726644719,49.9939079284668,4061600.0
2017-07-21,49.8604168001013,50.5278948242368,49.79367090735041,50.252559661865234,3382800.0
2017-07-24,50.23586527551273,50.58629150681221,49.86040973582424,50.48616790771485,2596800.0
2017-07-25,51.12862684012536,51.94628401859487,50.7531743841171,50.82826232910156,3223600.0
2017-07-26,50.93673332355238,51.12863218504031,48.40032516838944,48.49210357666016,4601300.0
2017-07-27,48.59221600032664,49.28472015088188,48.191727914324005,48.95098114013672,2939800.0
2017-07-28,48.625587432102165,48.63393265790809,47.59934426917841,47.94142532348633,2966100.0
2017-07-31,48.35859498034295,48.45037336280684,47.73283675383922,48.11663436889648,2392700.0
2017-08-01,48.28351085428659,48.350259935838125,47.35738803577302,47.68278503417969,1862800.0
2017-08-02,47.31567169421562,47.565974385776734,46.72328791487431,47.45751190185547,2400800.0
2017-08-03,47.36572922622689,47.90805114514959,47.26560879520243,47.64940643310547,1333500.0
2017-08-04,47.94143498121558,48.00818407002514,47.47420409063562,47.95812225341797,1259300.0
2017-08-07,48.35859490011778,48.5004350862642,47.86633163544065,48.27516174316406,1907200.0
2017-08-08,48.158354010492005,48.45037324235942,47.44081740330818,48.01651382446289,1763900.0
2017-08-09,47.89970034818445,47.95810418750611,47.34069126245704,47.6744270324707,1807900.0
2017-08-10,47.14879563137662,47.799586358478095,46.97358408986779,47.173828125,2246100.0
2017-08-11,46.90683784899337,47.25726092938877,46.13923943329673,46.1976432800293,2179900.0
2017-08-14,46.41458629548196,46.7232928750877,46.13090903285806,46.48967742919922,2381300.0
2017-08-15,46.56476509587182,46.9151882386133,46.20599672624326,46.36452102661133,1359600.0
2017-08-16,46.64820089291389,47.44082880489683,46.581454987919074,47.33236312866211,2521100.0
2017-08-17,46.723284309149534,46.77334611670695,45.33827279443916,45.34661483764648,2840500.0
2017-08-18,45.32991903551919,45.580221643072186,45.071271204144566,45.1463623046875,2279500.0
2017-08-21,45.29655295553393,45.44673518463526,44.72085334972186,44.82931900024414,1487300.0
2017-08-22,45.129674704675175,45.61359265131461,44.80428099899567,45.59690856933594,1724200.0
2017-08-23,45.2798591908924,46.05579953566205,45.15470629034098,45.81383895874024,1350900.0
2017-08-24,45.86389997240417,46.0474535252362,45.30488772432872,45.54684829711914,1423600.0
2017-08-25,45.83888294192901,45.8889447547319,45.12134938838307,45.6469841003418,1671800.0
2017-08-28,45.813833632828754,45.83886293692116,45.07960994600711,45.53850173950195,1675500.0
2017-08-29,45.2798612013875,46.28107490194284,44.92943497394636,45.830528259277344,1884000.0
2017-08-30,45.83053296941866,46.68990658585352,45.580230314248126,46.45629119873047,1504100.0
2017-08-31,46.80671969594501,46.9318726293986,45.93065871008383,45.98072052001953,1714400.0
2017-09-01,46.397884945498426,46.58144170172965,46.030771433035966,46.30610656738281,1935000.0
2017-09-05,46.43126266794104,46.88180618170732,45.29655388381948,45.71372604370117,2489600.0
2017-09-06,45.83054265752231,46.34783534526121,45.747109482418864,46.1475944519043,1615600.0
2017-09-07,46.09752481961213,46.20599047506947,45.01287781335194,45.271522521972656,1944100.0
2017-09-08,45.01288714913428,45.85557370752298,44.67914807055697,45.51349258422852,2552700.0
2017-09-11,45.88894919617821,45.93901101382643,44.85436057751751,45.02957534790039,2706900.0
2017-09-12,44.57066193072991,44.66244029434287,43.11055970212069,44.620723724365234,4157100.0
2017-09-13,44.40380715271941,44.82932136914452,44.35374534611659,44.72085571289063,2267400.0
2017-09-14,45.18807918389454,45.246483019963165,44.49557519217921,45.02120971679688,2520300.0
2017-09-15,44.5957040752863,45.27152093046205,44.37043072930406,44.63742065429688,3595300.0
2017-09-18,44.70416508102865,45.5218220391901,44.50392106670901,45.27986145019531,2479300.0
2017-09-19,45.279871094776325,46.16427730701244,44.88772820720831,45.98072052001953,2685900.0
2017-09-20,46.130892382917736,46.981923863628175,46.10585989219909,46.70658874511719,2800600.0
2017-09-21,46.42292019690741,46.75665921772366,45.321585884093466,45.48011016845703,2340000.0
2017-09-22,44.90440440914493,45.72206133993063,44.879375101731966,45.49678802490234,2397800.0
2017-09-25,45.41335914057269,45.66366178650585,44.570669640513685,45.30489349365234,2156300.0
2017-09-26,45.346616404307184,45.77213382631837,45.11300099317712,45.12968826293945,1506200.0
2017-09-27,45.40502760418138,46.43127417261061,45.21312874501991,46.39789962768555,2124100.0
2017-09-28,46.034976852788695,46.69022141226948,45.673753232879,46.61461639404297,3139900.0
2017-09-29,46.505415239883085,47.12705374334787,46.32900457305281,47.07665252685547,1906200.0
2017-10-02,46.606210370096086,47.320258420106846,46.56420829763727,47.08504104614258,2796200.0
2017-10-03,47.21106732599196,47.269870889342165,46.42981632199197,47.00945281982422,3030500.0
2017-10-04,47.043041967788206,47.471468261420135,46.81622691661145,47.13544845581055,2131500.0
2017-10-05,47.50507510779188,47.79909606698791,47.25305943173327,47.60588073730469,2700700.0
2017-10-06,47.38746100844411,47.437865418034114,46.82462618850958,47.16904830932617,1433500.0
2017-10-09,47.0934486593436,47.16065134189602,46.14418633357344,46.53901290893555,2116200.0
2017-10-10,46.67342158406126,46.96743932942951,46.34579769051124,46.51380920410156,1270900.0
2017-10-11,46.69022218855076,48.16871643066406,46.597815697564975,48.16871643066406,3523900.0
2017-10-12,47.87471088312901,48.44594503691746,47.55548925239565,48.235931396484375,2213100.0
2017-10-13,48.89117503053468,49.27759935111921,48.62235783321032,48.98358154296875,2268300.0
2017-10-16,49.33639620808407,49.36159681548549,47.88310243112441,48.059513092041016,1759000.0
2017-10-17,48.00911640766037,48.4207413219758,47.80750191576348,47.97551345825195,2107700.0
2017-10-18,48.143524279043206,48.42074059612296,47.99231421352567,48.11832046508789,2048000.0
2017-10-19,47.63108512708582,49.269191848208834,47.0514455400966,49.243988037109375,3268000.0
2017-10-20,49.6052107855064,50.63007816050158,49.58001017941739,50.403263092041016,3982200.0
2017-10-23,50.40326386648855,50.85689401037972,49.9328322500955,49.94123458862305,2968900.0
2017-10-24,50.10085295848006,50.36967015870172,49.865638709424566,50.21846008300781,3123000.0
2017-10-25,50.09244000778237,50.16804502477793,49.47079840086855,49.554805755615234,2926000.0
2017-10-26,49.82362751294839,50.24365471206582,49.42880092032098,50.17644882202149,2461500.0
2017-10-27,49.67242194814485,50.29406046439557,49.420406246839065,49.9748420715332,2455700.0
2017-10-30,49.59681940428335,49.70602418410794,49.06758416181574,49.11798858642578,2581800.0
2017-10-31,48.75675197168205,49.13477704472847,48.487934854083,48.58034133911133,3763700.0
2017-11-01,49.294393189780216,50.36966181249584,49.109580193543486,49.39519882202149,2238100.0
2017-11-02,49.44561089397838,49.65562452964458,48.89957415942476,49.10118865966797,1471200.0
2017-11-03,49.15998080594149,49.15998080594149,48.44593268775196,48.72315216064453,1955700.0
2017-11-06,48.97517321303037,49.3699998253031,48.61394954745178,48.706356048583984,1486000.0
2017-11-07,48.597146615297845,48.68955311365615,48.21912469227316,48.462738037109375,1163000.0
2017-11-08,48.311521816445165,48.59714040918984,47.95030141239293,48.471134185791016,1284800.0
2017-11-09,47.9587082477571,48.025910936785486,47.33706655033926,47.47987747192383,1954400.0
2017-11-10,47.656288940041065,47.765496916677854,46.52221670541271,46.90024185180664,2551600.0
2017-11-13,46.51381139263852,47.06824717038637,46.2869963193026,46.79103088378906,1836600.0
2017-11-14,46.522216887295286,46.61462339061434,45.69896390112628,46.08538818359375,1815300.0
2017-11-15,45.59816341771667,46.3458115113702,45.11933254415083,46.1525993347168,2428700.0
2017-11-16,46.45501483997853,46.49701692554236,45.69896768616825,46.026588439941406,1650500.0
2017-11-17,45.78296129940843,46.27859348569423,45.631751262605775,46.03497695922852,1405800.0
2017-11-20,45.984575654851525,46.7322234994105,45.86696535626272,46.67341995239258,1517800.0
2017-11-21,46.81623151634017,47.236258718034826,46.77422943708135,47.0262451171875,1434800.0
2017-11-22,47.20264804450014,47.55547250252475,47.04303888762752,47.16904830932617,995200.0
2017-11-24,47.41267550612911,47.54708409987402,46.90864408072412,46.98424911499024,421200.0
2017-11-27,46.99265063135896,47.04305505827505,46.34580823976121,46.91704559326172,1763000.0
2017-11-28,46.9506461598088,47.40427636535131,46.63142454799514,47.27826690673828,1830900.0
2017-11-29,47.28666597753782,48.47954176385017,47.26986450391398,48.185523986816406,2208600.0
2017-11-30,48.185527798097134,49.08438587847176,48.0511192030286,48.30313491821289,6640900.0
2017-12-01,48.5131532327962,48.9499820100882,47.43788436841834,48.13512802124024,3614900.0
2017-12-04,48.689555222712265,50.11764843067037,48.67275374914176,49.41200256347656,3643700.0
2017-12-05,49.12638021953119,49.12638021953119,48.202321674668376,48.42073440551758,2425200.0
2017-12-06,48.88277748073707,49.64722706139289,48.65596234741447,48.67276382446289,2899100.0
2017-12-07,48.81555484670698,49.28598319378026,48.70634689275664,49.218780517578125,2227300.0
2017-12-08,50.3192544405326,51.20131082494167,49.605206354446864,50.54606628417969,5874700.0
2017-12-11,50.83170288303422,51.72216192050477,50.48728062218736,51.47014617919922,5465400.0
2017-12-12,51.93216622995352,52.18418192592241,51.15931766837514,52.04137420654297,4733000.0
2017-12-13,51.83135689195066,52.083372569926766,51.27692111858196,51.95736312866211,2951100.0
2017-12-14,51.65495261916777,52.2345890705752,49.98324275402943,50.016845703125,3914300.0
2017-12-15,50.630075069096094,50.73088069185023,49.756417793085646,50.49566650390625,6442200.0
2017-12-18,50.50406792254783,52.14217458805349,50.50406792254783,52.09177017211914,3147400.0
2017-12-19,52.02456814581564,52.738613088861705,51.83975515627532,52.44459533691406,2900800.0
2017-12-20,53.88948912001642,54.12470331817119,53.15024037710458,53.63747024536133,3960400.0
2017-12-21,54.07430815000207,54.376728269742905,53.67948152650115,54.20871353149414,2827400.0
2017-12-22,54.20030666209247,54.26751255177472,53.41065989019844,54.2339096069336,2247600.0
2017-12-26,54.26751306911269,54.485929008108975,54.0490971301164,54.37672424316406,2502700.0
2017-12-27,54.38511799910591,54.38511799910591,53.88108666004062,54.27591323852539,2065500.0
2017-12-28,54.2843610087306,54.47871944080092,54.022405530179455,54.36886215209961,1138200.0
2017-12-29,54.71534272936002,54.71534272936002,53.71821344567751,53.72666549682617,1519400.0
2018-01-02,54.25902812836744,56.23638902062324,54.16607490774286,56.21103286743164,3755900.0
2018-01-03,56.43918034540963,57.233505342990505,56.14342309536075,56.94619369506836,3772500.0
2018-01-04,57.06449915234421,57.16590440563008,56.27862616869693,56.80254364013672,2529300.0
2018-01-05,56.92928935536517,57.38560325055464,56.35467257405514,57.34334945678711,2660800.0
2018-01-08,57.29266427273032,57.740526230849,57.05605199477625,57.66447067260742,3118200.0
2018-01-09,57.65601019087309,57.65601019087309,57.20814190130434,57.2757453918457,3289300.0
2018-01-10,57.26728304448188,58.35736495707562,56.87857271431259,58.25596618652344,2539300.0
2018-01-11,58.60245342859477,59.30382537841797,58.22219494578869,59.30382537841797,2027400.0
2018-01-12,59.278447892317566,59.55730742077144,58.1376665314879,58.32356643676758,2637300.0
2018-01-16,58.36582860809774,59.32070375377632,57.68980658390262,58.26442337036133,4299700.0
2018-01-17,58.63624092361373,58.77144791831944,57.96021884413385,58.5263900756836,1952200.0
2018-01-18,58.34048556280082,58.67004456424296,57.88417161149065,58.154579162597656,2798200.0
2018-01-19,58.46725383905855,58.5010555965294,57.63912689858779,58.070091247558594,3272800.0
2018-01-22,58.19682661162103,58.39117859279136,57.61375777406232,58.29822540283203,2432300.0
2018-01-23,58.04473703450762,58.88130951412348,57.20815810786623,58.289794921875,2786800.0
2018-01-24,58.70384256808675,59.07565534476752,58.18837719933355,58.31513214111328,1872900.0
2018-01-25,58.90665773200851,58.94891153625665,57.453214545417445,57.66447067260742,3857400.0
2018-01-26,57.79965813122372,58.77143727688701,57.53769623816954,58.76298522949219,2778200.0
2018-01-29,58.69538563960359,59.13480187497119,58.28132554810318,58.340476989746094,2448400.0
2018-01-30,58.82216174957744,59.1770705272187,55.77162248860529,56.464542388916016,4430800.0
2018-01-31,57.40251476552356,57.45321417267211,56.05892245285912,56.58283996582031,4875700.0
2018-02-01,56.32088407118954,56.70114251641248,55.68711569780111,56.09272384643555,3209400.0
2018-02-02,55.60260907887845,55.67020613233129,54.14916605373569,54.284366607666016,3814100.0
2018-02-05,53.74354397331346,54.76602259853679,52.26475145429213,52.84782028198242,4241500.0
2018-02-06,51.58029265557114,53.93791161975442,50.96342520042331,53.74355316162109,5682400.0
2018-02-07,53.58300493286947,54.24212625351626,53.168941497802734,53.168941497802734,3153200.0
2018-02-08,53.27034418926274,53.3041459422304,51.022579193115234,51.022579193115234,3362300.0
2018-02-09,52.12110648673133,52.61967102350292,50.27895299313546,52.19715881347656,3291700.0
2018-02-12,52.60277467519602,54.10691724081011,52.34081592197146,53.60835266113281,2800300.0
2018-02-13,53.41398878165913,54.52942067396008,52.99992865228868,54.14916229248047,3192100.0
2018-02-14,53.51540444928813,55.24770084870437,53.51540444928813,55.08715057373047,3077100.0
2018-02-15,55.65329658046955,55.77159945749632,54.58011219269682,55.416690826416016,2524100.0
2018-02-16,55.24769239309413,58.72919520686133,54.84208429552432,57.91797256469727,5312800.0
2018-02-20,57.48701391355247,58.40809394232675,56.69268884523659,57.08985137939453,3453400.0
2018-02-21,57.08984230072412,57.63910941068032,56.48987579345703,56.48987579345703,1633300.0
2018-02-22,56.93773970410295,57.39405363734096,56.44763046946152,56.57437896728516,2606500.0
2018-02-23,56.81099873022147,56.98000104771821,55.88991869289634,56.5659408569336,1313100.0
2018-02-26,57.49544790417319,57.83345887688486,56.57436816470946,57.3602409362793,1703900.0
2018-02-27,57.14054244327767,57.84190767518064,56.8447787964128,56.8616828918457,1717200.0
2018-02-28,57.14900365414661,57.26730656639747,55.2561506111077,55.26460266113281,2602600.0
2018-03-01,56.185672717829256,57.68981517631782,55.77161255102645,57.06449890136719,5096300.0
2018-03-02,56.76872656930117,57.58840108284448,55.73779600369096,57.3602409362793,3877000.0
2018-03-05,56.87858351343938,58.40808187889588,56.82788411853736,57.34334945678711,3345100.0
2018-03-06,57.54615290698745,57.791210724932114,56.36311761060842,57.2757453918457,3095100.0
2018-03-07,57.21659136551172,58.97424335807043,57.21659136551172,58.71228790283203,3745100.0
2018-03-08,58.67004085397778,58.67004085397778,56.61663142645091,57.14899444580078,3220000.0
2018-03-09,57.68981366308947,58.078530565267066,56.29552854350632,56.7518424987793,3154400.0
2018-03-12,56.59974044594154,57.4025110938976,56.59974044594154,57.19970703125,1625900.0
2018-03-13,57.28420705900787,58.28133614734661,56.853242793219366,57.06449890136719,2146200.0
2018-03-14,57.453203076905936,57.56306036721181,55.65330355346316,55.7716064453125,2287200.0
2018-03-15,55.88146369811919,56.59128757765512,55.77161284223766,55.9237174987793,1627500.0
2018-03-16,55.932159930684975,56.92083680468854,55.50964778483487,56.270164489746094,3052300.0
2018-03-19,56.16876773286708,56.24481682729997,54.67307107211428,55.20544052124024,2141500.0
2018-03-20,55.37445248216885,55.83921851943349,54.22521868731906,54.25056838989258,2923700.0
2018-03-21,54.504077756782834,55.55190628368421,54.41112455027283,55.22234725952149,2549000.0
2018-03-22,54.5970176566722,54.5970176566722,51.58028132280186,51.62253189086914,3619400.0
2018-03-23,51.850693163786325,52.002797800360966,50.109941891605416,50.22824478149414,3206600.0
2018-03-26,51.08172148993359,51.49578160725095,50.10149339421785,51.208473205566406,2106400.0
2018-03-27,51.76618698209957,52.23095292395583,50.51555141017698,50.89581298828125,2684100.0
2018-03-28,50.929835980156746,51.21896859296359,49.95188982211821,50.44511413574219,2174300.0
2018-03-29,51.23597847421726,52.20542219519068,51.074405602048095,51.9503059387207,2692200.0
2018-04-02,51.70368758035478,52.14589056632893,50.41109498534855,50.89581680297852,1887300.0
2018-04-03,51.35502946389354,51.924792205383646,51.12542387350013,51.69518661499024,1569700.0
2018-04-04,50.25803204097719,52.07786879882238,50.130475527114655,51.98432540893555,2346300.0
2018-04-05,52.4605385332524,53.83817215949544,52.435027880759485,53.65958786010742,3859000.0
2018-04-06,53.115331679956256,53.14084557292162,51.09990931054583,51.61014175415039,1899100.0
2018-04-09,51.99282991445881,52.30747322041333,51.41456461250053,51.48259735107422,1401600.0
2018-04-10,52.47754586173445,53.25990604656288,52.17991077423292,52.86022186279297,2734800.0
2018-04-11,52.52856668928571,52.73265837940839,51.559123051255646,51.85675811767578,1658800.0
2018-04-12,52.11186017199931,53.03878472602375,52.06083888534166,52.65610885620117,1421500.0
2018-04-13,53.0047849305265,53.30241999071926,51.91628404472398,52.40951156616211,1490100.0
2018-04-16,52.85171485767401,53.26840394441576,52.401006164449896,53.115333557128906,1777500.0
2018-04-17,53.71911856772976,54.722578725100114,53.59156205252606,54.535491943359375,2575100.0
2018-04-18,55.45391481120694,56.26178896636956,55.18179035076327,55.63249588012695,3854900.0
2018-04-19,54.68856021341672,56.210758573970175,53.79565166606825,55.38587951660156,4019200.0
2018-04-20,55.44540404404673,55.46241547075101,53.57454935999223,54.04226303100586,2854900.0
2018-04-23,53.74462426442864,54.11879452683165,53.17486153606476,53.47249984741211,2339000.0
2018-04-24,53.99974370576466,54.56950322397535,51.74620979683007,52.94525909423828,4538300.0
2018-04-25,52.715660382790446,53.99124496793578,52.49455723807015,53.72762298583984,1995600.0
2018-04-26,54.18682723408418,54.22934606598206,52.698645409805785,53.69359970092773,1962500.0
2018-04-27,53.40447239286165,53.65958865350047,51.9843231541187,52.74967193603516,2363400.0
2018-04-30,52.91124818718761,53.14935626518226,51.90778808138263,52.4010124206543,2289700.0
2018-05-01,52.18840556448647,52.51155450049586,50.86179994798872,51.32951354980469,3294100.0
2018-05-02,51.60164293979372,52.40951373602297,51.59313722687671,51.865264892578125,2184700.0
2018-05-03,51.74621314820915,52.46904635637048,51.43156986022187,52.06085968017578,2277900.0
2018-05-04,51.70369552868222,53.761640385773504,51.58464148415237,53.523529052734375,2398600.0
2018-05-07,53.65108542812598,53.83817219714941,53.183371749546616,53.4384880065918,1588200.0
2018-05-08,53.26840817649951,53.70210872292864,52.78368632624044,53.25139999389648,1847800.0
2018-05-09,53.59155622492493,53.70210778793019,53.10683438310528,53.32793426513672,1372500.0
2018-05-10,53.57454109818117,54.773593465550455,53.42997643327996,54.29737091064453,2077700.0
2018-05-11,54.3313903388285,54.68005318464507,53.53202529275584,53.67658996582031,3020600.0
2018-05-14,53.89769294589917,53.9147011269209,53.123838551294135,53.37044906616211,2836500.0
2018-05-15,52.9452608288476,53.608566994917865,52.74116911927154,53.57455062866211,2478800.0
2018-05-16,53.57455296482037,55.32635373165024,53.54053659708131,55.25832748413086,3516800.0
2018-05-17,55.44541197758589,56.33832385653351,55.2838423285266,55.921634674072266,2824300.0
2018-05-18,55.811067167140585,56.21075131760631,55.22430275437567,55.73453521728516,1783400.0
2018-05-21,55.78556023134463,55.81957659619775,54.70556822108056,55.42839813232422,1472800.0
2018-05-22,55.70051710403444,56.244765912426566,55.27532231698074,55.31784439086914,1548100.0
2018-05-23,54.824604486578245,54.85011512996106,54.05925274531315,54.61200714111328,1257800.0
2018-05-24,54.70557172829143,55.045728910672096,54.13580893440072,54.94367980957031,3727500.0
2018-05-25,54.62903168210194,54.8246241648346,54.13580735045832,54.39942932128906,1269300.0
2018-05-29,53.85516384960631,54.28886102906426,53.1493390696518,53.33642578125,1777200.0
2018-05-30,53.889191376237285,54.92666454648983,53.838170073228575,54.50997543334961,1942300.0
2018-05-31,55.360376330680346,56.321320985584975,54.552508591811005,54.586524963378906,2994000.0
2018-06-01,56.151224862374974,56.32130667700474,55.71752434501638,55.95563888549805,2666200.0
2018-06-04,56.21074597158392,56.78050539284557,55.47941046538409,55.81106185913086,1982600.0
2018-06-05,55.86209239503391,56.7209811811878,55.83658174625116,56.36381912231445,2667800.0
2018-06-06,56.78903359565935,57.248244896859255,56.2873066943978,57.20572280883789,2898200.0
2018-06-07,56.967609261651496,57.23973373037689,56.083203116304176,56.474388122558594,2415500.0
2018-06-08,56.48286969625549,56.9080644512492,56.33830503666732,56.84853744506836,1814000.0
2018-06-11,56.89957517719316,57.562878072898336,56.61894503271536,57.04413986206055,2150000.0
2018-06-12,57.41829815067944,57.77546668375234,56.71247977236718,57.03562545776367,1499800.0
2018-06-13,57.06115540414653,57.20572011587824,56.5849391829318,56.78052520751953,1200600.0
2018-06-14,57.86901162498848,58.44727678002871,56.86555169382917,58.27719497680664,3845900.0
2018-06-15,58.47278452336376,58.54081075331537,56.457359049028994,56.84853744506836,3888900.0
2018-06-18,56.30429666393484,57.078154342007046,56.16823769677588,56.76350784301758,2435400.0
2018-06-19,55.53044219489796,55.93011984779865,54.47595444388017,55.67500686645508,3107300.0
2018-06-20,56.185253964471535,56.185253964471535,55.10526177052118,56.02367782592773,2227400.0
2018-06-21,55.7600459749399,55.82807870024798,54.98619481042331,55.16477584838867,2318600.0
2018-06-22,55.802566783883165,56.4233475463477,55.41988757867795,56.2957878112793,2483400.0
2018-06-25,55.658006354627744,55.785566114289374,53.18337556421128,53.96573257446289,3126900.0
2018-06-26,54.178322307489786,54.76509322572346,53.90619788661987,54.52698516845703,1845000.0
2018-06-27,54.70556997575362,54.98620012882435,53.54903948548494,53.56604766845703,1748500.0
2018-06-28,53.51470576859439,53.83125867372657,52.7789315050432,53.64303970336914,1894200.0
2018-06-29,53.81415312431473,54.11359463500976,53.454820047813,53.47193145751953,1763800.0
2018-07-02,53.06982225896608,53.92537317470588,53.04415677586756,53.7713737487793,1505300.0
2018-07-03,54.18203444210112,54.27614228985646,52.60782081888121,52.7703742980957,1100200.0
2018-07-05,53.33505564347457,54.14782984027757,53.12972194369557,53.89971923828125,1876900.0
2018-07-06,53.6430378937305,54.40447761308259,53.249485293743405,54.19058990478516,1031800.0
2018-07-09,54.52425081780388,54.9263574651105,54.1306982422837,54.900691986083984,1257300.0
2018-07-10,55.08036610286787,55.79047493590476,54.98625497909982,55.37981414794922,1449700.0
2018-07-11,54.618370977855925,55.302811062557325,54.490037034119766,54.68681335449219,2719100.0
2018-07-12,55.18304102749682,55.49959725610027,54.60982340819051,54.64404296875,1854200.0
2018-07-13,54.64403442887767,55.05469846442556,54.56703471823321,54.85792541503906,1272200.0
2018-07-16,54.98626686609436,55.30282312605089,54.56704865062314,54.76382827758789,1359400.0
2018-07-17,54.72102747062639,55.41402151830312,54.59269681097048,55.28569412231445,1861500.0
2018-07-18,55.49958464369165,56.38080095345198,55.39691619434036,56.1326904296875,2634400.0
2018-07-19,55.610809319871365,55.94447365360376,54.19059493547982,55.32847595214844,3770700.0
2018-07-20,55.68780981139895,56.868474334007445,55.53381690219185,56.68025207519531,3219800.0
2018-07-23,56.88559113191948,57.6555884317261,56.355153624425846,57.08237075805664,3013900.0
2018-07-24,58.50257448436075,58.89612715740878,57.68980365287793,58.023468017578125,4795600.0
2018-07-25,58.143251381215066,58.2630280118096,57.5443682282424,58.16036605834961,3102600.0
2018-07-26,57.749690606358456,57.9207981898133,56.782920357900345,57.80102157592773,2866500.0
2018-07-27,58.01490334219446,58.22024025398947,57.61279338243161,57.84379577636719,1672600.0
2018-07-30,58.08336190561562,58.22880402166973,57.39036762425701,57.5015869140625,2654900.0
2018-07-31,57.501573310816106,57.97212890124359,56.72302541168672,57.262020111083984,3188500.0
2018-08-01,57.20213823803752,57.655579206667085,55.99580824013393,56.20114517211914,3227900.0
2018-08-02,55.4824848220736,55.88459486382517,54.93493266698025,55.21726608276367,3081900.0
2018-08-03,55.48247469927695,55.67925427880014,54.88359167870268,55.15736770629883,1589600.0
2018-08-06,54.97771605469277,55.21726932067632,54.55849457555308,54.76382827758789,2436800.0
2018-08-07,55.45681933469994,55.91026035119882,55.14882043154286,55.21726608276367,1502500.0
2018-08-08,55.33704429941567,55.57659755823799,54.85793778177103,55.1317138671875,1196600.0
2018-08-09,55.11458947184265,55.27714623766698,54.20770757268711,54.250484466552734,2159000.0
2018-08-10,53.80559264820055,54.695366319017765,53.52326256368533,54.28470230102539,2980300.0
2018-08-13,54.51570406692935,54.9092566952997,53.97670608932008,54.03659439086914,2836300.0
2018-08-14,54.18203838799102,54.50714537009642,54.10503867882552,54.378814697265625,1345700.0
2018-08-15,53.4975955278297,53.63448353820019,52.15438090617308,52.28271484375,3765600.0
2018-08-16,52.59927200424984,53.30082352202157,52.4110497509123,52.83882522583008,3865100.0
2018-08-17,52.770383994070016,53.5574893184682,52.12872076774491,53.36927032470703,2155200.0
2018-08-20,53.60027416457592,53.95104996175839,53.3778290656788,53.51471710205078,2766100.0
2018-08-21,53.63449010559628,54.97770815539386,53.63449010559628,54.58415222167969,2835300.0
2018-08-22,54.71247240429959,54.95202883923735,54.40447360485618,54.57558441162109,1454400.0
2018-08-23,54.318932640514085,54.318932640514085,52.95004912730937,53.06127166748047,2074700.0
2018-08-24,53.7029357505216,54.010934627483,53.14682630448927,53.48904800415039,3158000.0
2018-08-27,53.86548931760708,54.6868174812272,53.74571270170431,54.50715255737305,1587300.0
2018-08-28,54.88359737559405,55.17448157939937,54.21626538335047,54.60982131958008,1225900.0
2018-08-29,54.60982537205869,55.18304301197895,53.976716155752186,54.8322639465332,1571100.0
2018-08-30,54.46438317343669,54.54993697840597,53.51472092540271,53.72005462646485,2276200.0
2018-08-31,53.42915456508705,53.9082609821991,53.258043731689455,53.47193145751953,2203100.0
2018-09-04,52.83883254328123,53.48049584451943,52.41105700912242,53.22383117675781,2841400.0
2018-09-05,53.07838308308529,54.58415135770416,52.907272235961614,54.4387092590332,3208100.0
2018-09-06,53.87404100090141,54.875033983318815,53.78848395304458,54.1649284362793,1750200.0
2018-09-07,54.49859414300471,54.49859414300471,53.50615520842246,54.10504150390625,2100500.0
2018-09-10,54.25047862069098,54.42158944138296,53.37781637246262,53.42059326171875,1300100.0
2018-09-11,52.82171165907981,53.77137037447636,52.44526719102988,53.64303970336914,2107200.0
2018-09-12,53.908259105883324,54.58414507926192,53.60026353288888,54.378814697265625,1536600.0
2018-09-13,54.90069783325252,55.080362732907645,54.15636948920447,54.32748031616211,1430800.0
2018-09-14,54.24193006950279,54.28470696311312,52.92438085883112,53.54037857055664,2479300.0
2018-09-17,53.660148108366506,54.57558721842223,53.64303670044326,53.94247817993164,1310100.0
2018-09-18,54.32748429872423,55.4397031236481,54.23337317381518,54.98625564575195,1997000.0
2018-09-19,55.39692246456755,55.92736638858646,55.23436569986237,55.47391891479492,1666400.0
2018-09-20,56.30379539448866,56.380798359793495,54.98624639476447,55.10602951049805,1730000.0
2018-09-21,55.21726315186497,55.499596552662304,54.4301545229463,55.08037185668945,3230200.0
2018-09-24,55.09748349141753,55.67070107182256,54.43015151893947,54.49003982543945,1368700.0
2018-09-25,54.77236860583761,55.46536930960975,54.75526045897189,55.31992721557617,1817300.0
2018-09-26,55.14025521052104,55.24292367267489,54.07937387760706,54.14781951904297,1934800.0
2018-09-27,54.3285691879183,54.621213708297766,53.96706887159275,54.2855339050293,1522200.0
2018-09-28,54.199457651421845,54.78474663075907,54.139207605023714,54.61260223388672,1825200.0
2018-10-01,54.89663420495023,55.80039141018148,54.58677496697163,55.34421157836914,3059200.0
2018-10-02,55.26675763136948,56.30822667184951,55.15486654275659,56.2049446105957,2318200.0
2018-10-03,56.44594071261235,56.48897271273168,55.98115177068556,56.28240203857422,2066900.0
2018-10-04,56.42871668619605,56.83325553172483,55.56799797375615,55.94671630859375,1632000.0
2018-10-05,55.67990208912925,55.989761387010056,54.69007414127464,55.33561325073242,1790100.0
2018-10-08,55.28397621360886,55.77458570953729,54.88804303586046,55.70572662353516,1567200.0
2018-10-09,55.58521505025221,55.68849709120502,54.75892260543588,54.827781677246094,1747500.0
2018-10-10,54.74171868762216,54.98272220334502,52.51245668832265,52.53828048706055,3776900.0
2018-10-11,52.50385533022244,53.19242982541777,51.8152808350271,52.03906631469727,2474700.0
2018-10-12,53.18382476504903,53.18382476504903,51.78085195571057,52.3403205871582,3151900.0
2018-10-15,51.69476233504105,52.22840696872258,50.56721974259329,50.584434509277344,3280000.0
2018-10-16,50.78241135326368,51.35909139769273,50.42951676163559,50.739376068115234,3462700.0
2018-10-17,50.81683944142412,50.894304265828616,49.93029683248787,50.8598747253418,2446200.0
2018-10-18,50.60165089716874,50.85986583894034,48.98349889421571,50.17989730834961,3846100.0
2018-10-19,50.27457713304268,50.69633072393044,49.921682611435024,50.257362365722656,3484000.0
2018-10-22,50.3778674662825,51.22998047481445,50.09383198569283,50.93733596801758,2767900.0
2018-10-23,49.611833454501664,50.76519683241899,49.18147403413523,50.45533752441406,3619000.0
2018-10-24,50.09383456108341,50.79101468416194,47.84735797920451,47.90760803222656,4707600.0
2018-10-25,48.37239406589469,50.08522252763426,48.26049970983617,49.6806869506836,3944300.0
2018-10-26,48.42404013218129,49.36222379211215,47.81293054835543,48.31214904785156,4610100.0
2018-10-29,49.09540054883644,49.73233061447321,48.35518186440861,48.931861877441406,3574600.0
2018-10-30,48.992117508404505,50.050804629576966,48.888832161234745,49.84423065185547,3865200.0
2018-10-31,50.52420365303345,51.40213738701009,50.40370352386883,50.885704040527344,3923000.0
2018-11-01,51.36769790369244,51.77223678767349,50.59304967551204,51.6517333984375,3035600.0
2018-11-02,52.142338729831465,52.39194464936116,51.1869404784963,52.09069442749024,2868200.0
2018-11-05,52.32309599703536,53.53670935878652,52.28866645744686,52.81370544433594,3617300.0
2018-11-06,52.7534424484404,53.78630539900651,52.7534424484404,53.73466110229492,2166800.0
2018-11-07,54.35438680726045,55.3011760567472,53.80352408538645,55.266746520996094,4019600.0
2018-11-08,55.01714140146576,55.49914837104785,54.75032068801419,55.18928909301758,2922300.0
2018-11-09,54.4835010021519,54.6642511675108,53.08052839711954,54.035926818847656,3217000.0
2018-11-12,53.80353145962287,54.4835001086872,53.33874579680502,53.50228118896485,2603600.0
2018-11-13,53.596956498500894,55.18067911630269,53.596956498500894,54.29413986206055,1990400.0
2018-11-14,54.52653635061018,55.02575484605092,52.99445788997657,53.45063781738281,1903900.0
2018-11-15,53.22684408320391,54.285527681125686,53.04609394576436,54.096168518066406,2041700.0
2018-11-16,53.8809869846428,54.92245906213025,53.8809869846428,54.42324066162109,2989500.0
2018-11-19,54.38021767463355,54.38021767463355,53.080530361231496,53.48506927490234,1785800.0
2018-11-20,52.70181163789669,52.86534702759351,51.30744810368023,51.79805755615234,2426800.0
2018-11-21,52.26284120411259,52.8739507011626,51.34187244563404,52.21119689941406,1981200.0
2018-11-23,51.195553764296825,51.505413057240254,50.11965526567749,51.1439094543457,1019100.0
2018-11-26,51.39351826434571,52.27145182588465,51.04923271769501,51.1266975402832,1936800.0
2018-11-27,50.52418896003398,50.79100965890914,49.17286084729952,50.16268539428711,3437700.0
2018-11-28,50.13686191755522,51.35047509615565,49.10399886944438,51.34186935424805,2360600.0
2018-11-29,51.37630627622456,52.06488397357154,50.78241145981368,51.62591552734375,1658700.0
2018-11-30,51.27301736557538,52.06488034904571,51.27301736557538,51.99602127075195,2403200.0
2018-12-03,53.43342763370408,54.03592820030365,52.08209602229435,52.66738510131836,2519600.0
2018-12-04,52.66738164024605,53.1752058582807,51.29023288797324,51.35048294067383,3068300.0
2018-12-06,50.162687778443086,50.94594171084331,49.36221907700993,50.93733596801758,2284600.0
2018-12-07,51.31604042106813,52.15954422890085,49.31056785262663,49.49992370605469,2205700.0
2018-12-10,49.40525816439296,49.66347313585798,48.26050063694329,49.04375457763672,1887000.0
2018-12-11,50.0249729595031,50.15408208568824,48.38960930031976,48.5961799621582,1578100.0
2018-12-12,49.37082475811424,49.68068401294963,48.37239120552311,48.45846176147461,3010800.0
2018-12-13,48.863004487237525,49.05236366546076,47.78710603529919,47.94203567504883,3120500.0
2018-12-14,47.5977470483493,49.4396846801286,47.5977470483493,48.53593063354492,3614800.0
2018-12-17,48.613393800055576,49.23311234046362,46.59070608444135,47.184600830078125,3694700.0
2018-12-18,47.503068975378255,48.019502220899845,46.89195942072359,47.31371307373047,2841700.0
2018-12-19,47.3395338883782,48.42403812913312,45.85049076189501,46.15174102783203,2614100.0
2018-12-20,46.22059235814002,46.496022064640265,44.421690240658414,44.98115539550781,3036300.0
2018-12-21,44.98115995836267,45.85048772543516,44.40447997793639,44.69712448120117,5453100.0
2018-12-24,44.27536938727617,44.51637285946618,43.05315039159632,43.0617561340332,994100.0
2018-12-26,43.492115097694615,45.04141139285557,42.85518509491181,45.02419662475586,1776600.0
2018-12-27,44.40448440839777,45.16191789537047,43.48351552634149,45.1533088684082,2062600.0
2018-12-28,45.30943086088502,45.80380989866383,44.71964476167357,45.0145378112793,1860400.0
2018-12-31,45.05789215173684,45.30074402112847,44.25127323284769,44.936466217041016,1681700.0
2019-01-02,44.121180230577416,45.491566450674455,43.91302239246722,45.28340530395508,2707300.0
2019-01-03,44.89310493998704,45.43085318705002,44.15587402934244,44.49413299560547,3321900.0
2019-01-04,45.67370400873154,46.95735500039561,45.14463094752621,46.68848419189453,2662400.0
2019-01-07,47.07010849036135,47.35632633264121,46.22879538350385,46.3328742980957,3021800.0
2019-01-08,46.99205125406288,48.05019742553538,46.99205125406288,47.92876815795898,2835600.0
2019-01-09,48.56192173024976,48.90018069197857,47.573160438553614,48.50120544433594,2145100.0
2019-01-10,48.379789457714615,49.01294157192243,48.06754933375244,48.99559783935547,2042400.0
2019-01-11,48.73538323351682,49.13435846269432,48.35375834974808,49.08231735229492,1619900.0
2019-01-14,48.7527346748422,49.11701586333078,48.362434583107735,48.79610061645508,1696100.0
2019-01-15,48.90885246531344,49.11701360754808,48.15427452835493,48.46651458740234,1689300.0
2019-01-16,48.57059447231775,49.51598653278402,48.43182147759836,49.325172424316406,2633200.0
2019-01-17,49.10832837827949,50.45269208289954,48.86547651924342,50.07974243164063,1926400.0
2019-01-18,50.461379739253,51.077184710517486,49.87159367114893,50.93841171264648,3000500.0
2019-01-22,50.409329386634745,50.47871752715925,49.57669155199257,50.04505157470703,3052100.0
2019-01-23,50.18384038454692,50.30526636017669,48.98692105163545,49.6807861328125,2165100.0
2019-01-24,49.44659838111973,49.55068060861616,48.99558862973857,49.325172424316406,1884000.0
2019-01-25,50.17515005307136,50.80830526378021,49.82821927158824,50.39198303222656,3417000.0
2019-01-28,50.01036686500764,50.74759779872227,49.35119594968945,50.73892593383789,2963200.0
2019-01-29,52.22206047023727,53.15010547299256,51.51084847389412,52.15267562866211,3435000.0
2019-01-30,52.27409537970728,52.77714617441162,51.61492126561492,52.334808349609375,3529200.0
2019-01-31,51.8144305378336,53.392974982373495,51.08587130892211,53.11542892456055,4474900.0
2019-02-01,53.13276755839605,53.75724778284186,53.06338270490745,53.32358169555664,2904000.0
2019-02-04,53.31490367094424,54.04346274576851,53.02001063331039,53.86132049560547,2545400.0
2019-02-05,53.71389047897126,53.71389047897126,53.03737233270246,53.23685836791992,2355100.0
2019-02-06,53.01133684137163,53.21082282664528,52.282777747559045,52.42155075073242,3132500.0
2019-02-07,52.02257549818165,52.36950963853239,51.042489364008624,51.46748352050781,2769300.0
2019-02-08,51.45013828496361,51.92717026319975,51.0424911520627,51.88380432128906,2795600.0
2019-02-11,51.73635304387197,52.07461198089803,51.19860484328858,51.95318603515625,2602200.0
2019-02-12,52.39552862630932,53.54040665927698,52.21338969120291,53.41030883789063,2430900.0
2019-02-13,53.78325919235548,53.87866624763677,52.75113523958621,53.12408828735352,2166400.0
2019-02-14,52.64706121488431,52.690427159878354,51.28535002869226,51.80574798583984,4712200.0
2019-02-15,52.57767716160914,52.80318538696253,51.20729400285376,51.60626602172852,3952500.0
2019-02-19,51.389430801174335,52.1006429121305,51.32004263980805,51.944522857666016,2712800.0
2019-02-20,52.1873753557699,53.54041473919925,52.031258608268125,53.32358169555664,2469900.0
2019-02-21,53.28887714486312,53.51438531876735,52.6817473888341,52.95929336547852,2252100.0
2019-02-22,53.39295959768165,53.809278564442586,52.881233580673815,53.072044372558594,1852500.0
2019-02-25,53.21949294498208,53.41897891130605,52.8899058530251,53.30622482299805,1766200.0
2019-02-26,53.04602524245151,53.52305718302104,52.8465392785264,52.95929336547852,1278000.0
2019-02-27,52.82051849365234,53.28020338071376,52.447565480471184,52.82051849365234,2706700.0
2019-02-28,52.88990392378391,52.88990392378391,52.29144604664168,52.534297943115234,2428000.0
2019-03-01,52.716445885262935,53.00266707674407,51.93584895220528,52.36083984375,2004800.0
2019-03-04,52.473591919035385,53.13276285760208,52.048597735307965,52.777156829833984,2076500.0
2019-03-05,52.716445885262935,52.829199988750304,52.25676091439755,52.36083984375,1821100.0
2019-03-06,52.45624253106833,52.51695551050933,51.71033643095395,51.736358642578125,1807300.0
2019-03-07,51.60625713154798,51.6929890133674,51.085859223413024,51.1812629699707,2631200.0
2019-03-08,50.71290540576709,50.71290540576709,49.95832414924148,50.12311935424805,2013800.0
2019-03-11,49.94098854092382,51.163926783074665,49.732827361817215,51.14657974243164,2691100.0
2019-03-12,51.337383047923176,51.70166423081574,51.13789707268098,51.2246322631836,1753400.0
2019-03-13,51.63228492903476,51.90983096900065,51.38076110498489,51.60626602172852,2048200.0
2019-03-14,51.3373838008361,51.35473083919104,50.89504590291769,51.01647186279297,2536300.0
2019-03-15,50.99044268435711,51.441455664872905,50.452694529544864,50.76493453979492,4344000.0
2019-03-18,51.059841748247074,51.59759005295803,50.782295730348935,51.09453582763672,2606400.0
2019-03-19,51.41545060087429,51.77973183715842,50.85168666871961,51.14657974243164,2448800.0
2019-03-20,51.18126660859056,51.18126660859056,49.71547652653625,50.43536376953125,1622300.0
2019-03-21,50.09709868163701,51.189938937733054,49.98434789524383,51.01647186279297,1612400.0
2019-03-22,50.50474917612231,50.60882810457648,49.16038504584024,49.437931060791016,2190600.0
2019-03-25,49.39456002362117,49.8629201162901,48.96956587095289,49.33384704589844,1504000.0
2019-03-26,49.81954163879404,49.9062768113371,49.04761680050767,49.3858757019043,1926900.0
2019-03-27,49.43792484715374,50.01036384461853,49.28180481978979,49.94097900390625,2306100.0
2019-03-28,50.32528305053711,50.48249524205177,49.74010692904197,50.32528305053711,1587800.0
2019-03-29,50.75324229166732,51.35588670940013,50.69210459704607,50.96285629272461,2882400.0
2019-04-01,51.71397703271348,52.18561350248246,51.31221411331958,52.15067672729492,2350100.0
2019-04-02,52.33408909308287,52.33408909308287,51.54803165249768,51.95853042602539,1675300.0
2019-04-03,52.48257811164947,53.15509615238785,52.43017294019738,52.91054534912109,2380000.0
2019-04-04,53.03281873161582,53.20749596629592,52.73586276820311,53.01535034179688,1773900.0
2019-04-05,53.1812914248974,53.42584220219523,52.7620600930635,53.00661087036133,1843600.0
2019-04-08,53.015345349291685,53.015345349291685,52.48257117112707,52.82319641113281,1728900.0
2019-04-09,52.47384792982973,52.47384792982973,51.32095742859027,51.39083099365234,1930500.0
2019-04-10,51.48689226782599,51.59169925676991,50.534886844554,50.8580436706543,2069400.0
2019-04-11,50.86679839812749,51.015274743226726,50.054536436070165,50.36895751953125,2387200.0
2019-04-12,51.00653167205613,51.41702716775571,50.648438013560295,51.12880706787109,2208300.0
2019-04-15,51.093881772586336,51.093881772586336,50.47376879342924,50.56984329223633,1993800.0
2019-04-16,50.76197750981066,50.997795772310994,50.50869418942556,50.84931945800781,1754900.0
2019-04-17,51.39082890124399,51.792591888728,50.60476798507543,50.65717315673828,2260900.0
2019-04-18,50.67462701326155,50.82310329275611,50.08071523177559,50.220458984375,3601400.0
2019-04-22,50.24666923198816,50.3514795647255,49.58288711675739,49.766300201416016,2421900.0
2019-04-23,50.37768274355051,51.50436888289671,49.60035773216976,51.19867706298828,4806300.0
2019-04-24,50.98031862322775,51.69650581661577,50.7270353463618,50.936649322509766,2805900.0
2019-04-25,50.90172210033487,51.26855162505611,49.95845236716757,50.13313293457031,2598400.0
2019-04-26,50.11566645990677,50.246674391649485,49.18112922010511,49.2509994506836,2260300.0
2019-04-29,49.08505080232327,49.731364543313305,48.901637713535926,49.67896270751953,2300000.0
2019-04-30,49.600351279863794,50.08945279728465,49.233521810043946,49.84490203857422,2729500.0
2019-05-01,49.748839612975374,49.97592537109096,48.692026913663256,48.77936553955078,2237600.0
2019-05-02,48.56100228068324,49.24225603581631,48.30771900260265,48.82302474975586,2404700.0
2019-05-03,49.2597367508649,50.587301156431344,49.24226835977128,50.35148620605469,2104800.0
2019-05-06,49.20732035825924,49.74009450399953,49.032639818905245,49.504276275634766,1680200.0
2019-05-07,49.08504574944511,49.364533284089646,48.42999621541805,49.06757736206055,2182400.0
2019-05-08,48.805561809701,49.94098041929593,48.76189250390013,49.27719497680664,2770100.0
2019-05-09,48.4649379336609,49.55668726839889,48.0282381997657,49.39947509765625,2146400.0
2019-05-10,49.24225514902154,49.722624114080304,48.718213552067766,49.60908126831055,1950900.0
2019-05-13,48.38633243992315,48.73569023225827,47.198508616123625,47.76621627807617,3261900.0
2019-05-14,47.958368887323225,48.49114314290559,47.7138180808611,48.19418716430664,1837600.0
2019-05-15,47.294578469643085,48.13304108740828,47.0587602336927,47.92342376708984,1409600.0
2019-05-16,48.1941812864855,48.42126367454011,47.71381226162636,48.01950073242188,1173000.0
2019-05-17,47.12862919508037,47.35571489701213,45.862199442511645,46.543453216552734,2709800.0
2019-05-20,46.22902601371752,46.50851352800276,45.89713334109606,45.95827102661133,1939900.0
2019-05-21,46.37750573990903,47.084960437058335,46.23776197239543,46.88407897949219,1771000.0
2019-05-22,46.49978426340444,46.72686663528632,45.85346725892582,46.185359954833984,2003400.0
2019-05-23,45.32943832524478,45.33817085483959,44.54337739151607,44.88400268554688,2553000.0
2019-05-24,45.41677260355401,45.722461086453016,44.64818013429488,44.6831169128418,1836700.0
2019-05-28,44.68311620153925,44.95387123333583,44.159077858696,44.55210494995117,3851400.0
2019-05-29,44.05427172082357,44.54337666401707,43.818453444556425,44.33375930786133,2870800.0
2019-05-30,43.76604555579858,44.32502065262288,42.90137866231736,43.04112243652344,2921300.0
2019-05-31,41.68735375477627,42.3948084816584,41.16331543751463,41.92317199707031,3610000.0
2019-06-03,41.92317147409469,43.51275812594711,41.9144389460095,43.477821350097656,3432400.0
2019-06-04,43.888318218309,44.04553037100447,43.30314224130688,43.80097961425781,3760100.0
2019-06-05,43.93199699008724,44.19401619047446,43.28568318458242,44.18528366088867,2824200.0
2019-06-06,44.28135834151913,44.51717662244008,43.69617890402901,44.03680419921875,3471400.0
2019-06-07,44.07174414299735,44.58705005344047,43.538969840297085,44.40363693237305,2243900.0
2019-06-10,44.6394502633598,45.11981933583986,44.35996268185304,44.490970611572266,4174400.0
2019-06-11,45.52156750483271,45.6700471083042,44.94512413908333,45.18967819213867,2211700.0
2019-06-12,45.04995186343983,45.25956589652108,44.58704782118834,44.65692138671875,1674700.0
2019-06-13,44.90147355878028,45.80107408574862,44.84906838304961,45.53905487060547,1973500.0
2019-06-14,45.33816390313694,45.5477812305756,45.0150070496003,45.15475082397461,1553600.0
2019-06-17,44.54336968783674,45.03247455442887,43.93198943753518,44.32501983642578,2588500.0
2019-06-18,44.80538419724623,46.44737584248749,44.80538419724623,45.95827102661133,2863200.0
2019-06-19,46.93648383131198,47.85355250778971,46.75306743061307,47.38191604614258,5546800.0
2019-06-20,48.02824281046964,48.39506902291468,46.65700244918566,46.99763107299805,3689600.0
2019-06-21,47.14609323481465,47.49545428322295,46.87533825571053,47.11115646362305,4127000.0
2019-06-24,46.97141491690866,47.35571275455945,46.41243987860283,46.93648147583008,2439600.0
2019-06-25,47.18976155272924,48.22037295919719,46.98014759344135,47.41684722900391,3280500.0
2019-06-26,47.88848993406782,48.412528232971,47.40811760635995,48.14177322387695,3326900.0
2019-06-27,48.37932626128759,48.48489940730428,47.825061371507786,48.00981521606445,1593900.0
2019-06-28,48.30014299164206,48.520088991866096,47.86904735451472,48.4760971069336,2259300.0
2019-07-01,48.90718099269996,49.118330578868495,48.546469773248205,48.9775619506836,1697200.0
2019-07-02,48.7136452612962,48.740041066767446,48.38812608010449,48.51129531860352,1831000.0
2019-07-03,48.65205350423981,48.810414889393726,48.44090722810761,48.64325714111328,910600.0
2019-07-05,48.16817031440043,48.83680462655148,47.91303216845608,48.66085052490234,1822700.0
2019-07-08,48.43210618156191,48.722436498423946,47.71068360501374,47.99221420288086,2001400.0
2019-07-09,47.613916757846496,48.05380882822305,47.13883587248355,47.9658317565918,3120900.0
2019-07-10,48.36172396720966,48.55527415070048,47.62270532777457,47.65789413452149,1529300.0
2019-07-11,47.49073272287198,47.72827476961977,46.945267665215454,47.59630584716797,2035600.0
2019-07-12,47.86025085421513,48.634458356388976,47.72828191201456,48.53768157958984,1906600.0
2019-07-15,48.86319976931627,49.01276142492781,48.14177722271036,48.5904655456543,1478100.0
2019-07-16,48.713633436807854,49.602217052192245,48.47609138188656,48.88079452514648,2215800.0
2019-07-17,48.68724099722512,48.86319844785781,47.92182994649853,48.12417984008789,2043900.0
2019-07-18,48.45848634115674,48.6256440309015,47.631487540262434,48.1153678894043,2432000.0
2019-07-19,48.80161737554039,50.068505070789385,48.32653323128096,49.89254760742188,4016600.0
2019-07-22,50.19167011667822,50.29724324348032,48.74882507798249,49.50543975830078,2922100.0
2019-07-23,49.79576426282302,50.14767914311304,48.959972295325024,49.77817153930664,1914900.0
2019-07-24,49.311883819506015,49.89254102270823,49.25909893673883,49.77817153930664,1497400.0
2019-07-25,49.87495136024913,49.93653596880732,49.30309380133601,49.4438591003418,1723900.0
2019-07-26,49.3118879354063,49.52303755242608,49.07434587480004,49.40866470336914,1916300.0
2019-07-29,49.17993002478533,49.36468387089843,48.77522680877733,49.030364990234375,1552400.0
2019-07-30,48.713635571519845,49.49664273717906,48.48489322496578,49.48784637451172,1693200.0
2019-07-31,49.51423488351549,49.61101164571188,47.6842861881887,47.84264755249024,2888500.0
2019-08-01,47.376366058617954,48.159376621240135,46.20625510846693,46.681339263916016,2882200.0
2019-08-02,46.54055911402742,46.8660781436079,45.59919082267498,46.25022888183594,1805600.0
2019-08-05,45.32647046604133,45.50242793098725,44.297121477578855,44.6490364074707,2128100.0
2019-08-06,44.80738724173596,45.24727912248647,44.16514549857325,45.16809844970703,1470500.0
2019-08-07,44.649032462515486,45.24728577680738,44.38509796647122,45.08892440795898,1920800.0
2019-08-08,45.53761937470949,46.0918842467305,45.247292393438286,45.89833068847656,1374500.0
2019-08-09,45.49362185987156,45.66957930024957,44.51706125407716,44.9217643737793,1500800.0
2019-08-12,44.71061584220798,44.71061584220798,43.1797937933998,43.42613220214844,1983100.0
2019-08-13,43.28536397305718,45.0273355080809,43.06541802132021,44.13875198364258,2508000.0
2019-08-14,43.35574364673329,43.71645486264076,42.64312093214783,42.66071701049805,2185400.0
2019-08-15,42.84547869973257,42.98624399638268,41.65776836289466,41.974491119384766,1651300.0
2019-08-16,42.23843160271517,43.27657707082271,42.15045453841177,42.89826965332031,1381200.0
2019-08-19,43.70766141116902,44.31471105217367,43.65487317260422,43.91001129150391,1962900.0
2019-08-20,43.3205565598908,43.85722186831321,43.05661873030504,43.13579940795898,1506400.0
2019-08-21,43.69886138900805,43.85722274749052,43.2413767490687,43.27656555175781,1673200.0
2019-08-22,43.48772064658115,43.50531672820487,42.801490243803165,43.047828674316406,1352100.0
2019-08-23,42.50236143895316,42.7662959378664,41.13869370836781,41.30585479736328,2143300.0
2019-08-26,41.719352063482,41.992086288110464,41.34104806379768,41.701759338378906,1330700.0
2019-08-27,41.98330153263559,42.088874692988455,40.97154839791399,41.00674057006836,1274800.0
2019-08-28,40.83957763198441,41.68417294594564,40.55804697936737,41.61378860473633,1309600.0
2019-08-29,42.19443853682397,43.01263790014863,42.15045000939878,42.94225692749024,2092800.0
2019-08-30,43.33816204485203,43.66368456890382,42.87187755919663,43.09182357788086,2361400.0
2019-09-03,42.54635545322743,42.73990901025893,42.01848303117143,42.722312927246094,1645400.0
2019-09-04,43.25017901957219,43.53170961620185,42.80149067997787,43.373348236083984,2005500.0
2019-09-05,43.98919611029665,44.57864972724215,43.83963445445412,44.297119140625,1871500.0
2019-09-06,44.41148967840756,44.49067036152876,43.5756943245969,44.12995910644531,1676600.0
2019-09-09,44.40269670377732,45.16810779493543,44.39389698492078,45.07133102416992,1731900.0
2019-09-10,45.31767517847385,46.303035736083984,45.00975210178933,46.303035736083984,1984000.0
2019-09-11,46.311815749603085,46.936461402409655,45.449628083171056,46.85728073120117,1968200.0
2019-09-12,46.99805744632352,47.37636481692047,45.97750818883414,47.235599517822266,2763400.0
2019-09-13,47.851440222978624,48.001005213773766,47.09482561993094,47.15641021728516,1960800.0
2019-09-16,46.01269909179472,47.47314028846063,45.93351840346485,46.76931381225586,2167000.0
2019-09-17,45.94231450209881,46.79570256895457,45.43203824949039,46.70772552490234,1829300.0
2019-09-18,46.45259192372145,46.83089929099478,46.01269994839055,46.53177261352539,2869900.0
2019-09-19,45.82793742502211,46.76050944389941,45.79274526820965,46.3822021484375,2835700.0
2019-09-20,46.43499671530389,46.98046519137193,46.03909661494771,46.29423141479492,3932900.0
2019-09-23,45.47602978769497,46.6901325415734,45.20329891937884,46.50537872314453,3037600.0
2019-09-24,46.22385195889044,46.36461726401697,44.1299651085374,44.54346466064453,3657300.0
2019-09-25,44.429090218327936,45.66078911137884,44.23553667213464,45.46723556518555,3538800.0
2019-09-26,44.89977876460386,45.13917372838833,43.48114570027515,43.74713897705078,2939000.0
2019-09-27,44.18159707853916,44.62492033215186,43.87126877163748,44.341190338134766,1809300.0
2019-09-30,44.208193484373226,45.34309988233203,44.048596849374285,45.1391716003418,1829200.0
2019-10-01,45.68002853822647,46.4248117408933,44.61605205123272,44.69585037231445,2079000.0
2019-10-02,44.154998208988665,44.32346322080644,43.37474828565895,43.72940826416016,2278500.0
2019-10-03,43.4811510664959,43.95994105315464,42.82503107933889,43.95107269287109,1600000.0
2019-10-04,44.07519763019694,44.4475909268185,43.98653433124745,44.40325927734375,1601000.0
2019-10-07,44.350063035094784,44.81998464755433,43.86240808488169,44.04860305786133,1435100.0
2019-10-08,43.676204606118965,43.86240293954469,43.07328810466631,43.135353088378906,1400000.0
2019-10-09,43.56093982300403,43.56093982300403,42.922553314441686,43.26834487915039,1756300.0
2019-10-10,43.702810936158016,44.61605583532588,43.66734426104959,44.51852416992188,1696000.0
2019-10-11,45.37857571288304,46.98340736330415,45.30764235754819,46.70854568481445,2948100.0
2019-10-14,45.84849667241623,46.282955011662445,45.69776836800312,45.86623001098633,2606900.0
2019-10-15,45.72435979825632,47.40898950352355,45.715494821450655,46.82380294799805,2066900.0
2019-10-16,46.433679039992896,47.08093061789785,45.47610252141028,45.68003082275391,2006400.0
2019-10-17,46.23862071040678,46.51347898679352,45.35197412637051,45.88396072387695,1563900.0
2019-10-18,46.02582390722168,46.389348870320255,45.768695586855095,45.821895599365234,1489700.0
2019-10-21,46.744011415528696,47.05433638311062,45.83963144706188,45.919429779052734,2525000.0
2019-10-22,46.22088257426961,47.42672234453661,45.66229433727782,47.11639404296875,3726600.0
2019-10-23,47.12527202573672,47.400130329718735,46.76174702507612,46.96567535400391,2625100.0
2019-10-24,47.27598514802412,47.59517838894067,46.30954044959905,46.735130310058594,2057100.0
2019-10-25,46.85927387586365,48.0473805164828,46.83267555882298,47.71932220458984,2171600.0
2019-10-28,47.87890590884972,48.827617292386506,47.87890590884972,48.52615737915039,2078800.0
2019-10-29,48.39316453955796,48.827619403059614,48.20696621576949,48.437496185302734,1946100.0
2019-10-30,47.96757866800798,48.34883696833221,47.61292206506359,48.1981086730957,1783100.0
2019-10-31,47.66611613595012,48.100574425418735,47.258259542433045,47.74591445922852,2952500.0
2019-11-01,48.25129669962022,49.61673300232116,48.24243172359984,49.07587814331055,2254400.0
2019-11-04,49.652201270005584,49.90932955261718,48.9340164268694,49.57240295410156,1467900.0
2019-11-05,49.93592965177237,50.01572797053356,49.13794646416048,49.18228149414063,1836800.0
2019-11-06,49.22662087739168,49.22662087739168,48.71236421294438,48.88969421386719,1577500.0
2019-11-07,49.48375188126236,49.64334855248073,49.06702686393788,49.22662353515625,1217500.0
2019-11-08,48.93401192481844,49.2620735168457,48.49068873998022,49.2620735168457,1627100.0
2019-11-11,48.8808207472319,49.3241439814074,48.37543253085485,49.17341232299805,1315600.0
2019-11-12,49.20888133966651,49.687671267152936,48.83649142870242,49.031551361083984,1839800.0
2019-11-13,48.86308804154635,49.022684678488815,48.46409644919018,48.47296142578125,1372000.0
2019-11-14,48.24243640677688,48.76555798224153,48.11830643671544,48.31336975097656,1098600.0
2019-11-15,48.63255144384816,48.92514636584991,48.44635652018565,48.72121810913086,1244500.0
2019-11-18,48.63255743613787,49.20001401700432,48.19810256072708,49.17341232299805,1357500.0
2019-11-19,49.53694555760708,49.59901055023011,48.51730397716548,48.58823394775391,1104900.0
2019-11-20,48.22471104444347,48.79216436271451,47.79912105574018,47.96758270263672,2282400.0
2019-11-21,48.11830745045413,48.47296403206031,47.781380822983394,48.09170913696289,1410600.0
2019-11-22,48.410898792000445,49.21774699245752,48.410898792000445,48.97835540771485,1265600.0
2019-11-25,49.19114508662936,49.87386326520088,48.934016802046365,49.58126831054688,1480800.0
2019-11-26,49.50147090517237,49.93592575384644,49.35960423197046,49.66106414794922,1691400.0
2019-11-27,49.66107903829154,50.10440237811031,49.48375240819496,50.006874084472656,1456900.0
2019-11-29,49.98913073581904,50.157592353595646,49.70540412572792,49.97139739990234,1608100.0
2019-12-02,50.13985576794283,50.61864565979757,49.900460822015454,50.21965408325195,1626100.0
2019-12-03,49.27980965064813,49.563536234485554,48.39316323058426,49.01381301879883,2085900.0
2019-12-04,49.44828009020379,50.06893337162882,49.30641677293135,49.50148010253906,1831800.0
2019-12-05,49.65220401910658,50.12212558195525,49.38621074546182,50.08666229248047,1322200.0
2019-12-06,50.80485024641962,51.28364022916978,50.414726954338974,51.0797119140625,1906500.0
2019-12-09,51.42549998626048,51.85995828469604,51.20383834838867,51.20383834838867,1986600.0
2019-12-10,51.05309826766776,51.576216365237,50.875768321866175,51.19496154785156,1681000.0
2019-12-11,51.37229804000023,51.93975465269415,51.16836974671613,51.53189468383789,1511800.0
2019-12-12,50.53884741657492,52.04614705107067,50.281719135513455,51.52302551269531,3511800.0
2019-12-13,51.24816972803132,51.4964330610886,50.06893157958984,50.06893157958984,2126900.0
2019-12-16,50.64524715244807,50.87577713661805,49.97139730039548,50.08666229248047,2360900.0
2019-12-17,50.0423312339542,50.71618452178472,50.01573291916476,50.68958282470703,1363600.0
2019-12-18,50.716181238970286,50.716181238970286,50.10439298010781,50.574317932128906,1341700.0
2019-12-19,50.68071193974729,50.76051025710237,50.051193759661565,50.12212371826172,1410900.0
2019-12-20,50.299459012156426,50.84031395566696,49.96253237185199,50.44132232666016,5240400.0
2019-12-23,50.38813043622186,50.53885874230568,50.05120376423237,50.33493041992188,1205200.0
2019-12-24,50.39698907206349,50.73391570165119,50.12212742920404,50.23739242553711,725700.0
2019-12-26,50.396985530440766,50.45905051280743,49.749734012697104,50.36151885986328,1274700.0
2019-12-27,50.47679242315589,50.5299924380598,50.10439908340541,50.255130767822266,1370200.0
2019-12-30,50.33817074441711,50.41854050020631,49.87381253391381,50.07920455932617,1262500.0
2019-12-31,49.92739357344743,50.40961210882815,49.84702381755064,50.2578010559082,1445400.0
2020-01-02,50.748964852016165,50.77575364221656,49.16836150651326,49.22193908691406,2466800.0
2020-01-03,48.66827938565349,49.05226791754726,48.427170069824186,48.57004928588867,2837400.0
2020-01-06,48.40930517845157,48.78436521433215,48.007456356618405,48.15926742553711,2239000.0
2020-01-07,47.99853159680132,48.74864831987682,47.87351271070693,48.0521125793457,2559000.0
2020-01-08,48.08781991087161,48.54324965230413,47.89136316174184,47.936012268066406,2130200.0
2020-01-09,47.99852513821325,48.0610345728493,47.39128771045563,47.77527618408203,2672800.0
2020-01-10,47.77528061012602,48.03425023847204,47.00730359172554,47.12339401245117,1646000.0
2020-01-13,47.31985134831664,48.20391532764959,47.221621260277686,47.65918731689453,1951100.0
2020-01-14,47.6681110496588,48.31106563224037,47.61453008173191,48.22176742553711,1845200.0
2020-01-15,47.93602134981179,48.22177977223765,47.53417250374133,47.712772369384766,1196100.0
2020-01-16,48.043179562183845,48.043179562183845,47.48059118171826,47.64133071899414,1782500.0
2020-01-17,47.90030149872455,48.22178058097249,47.5609620889618,48.0521125793457,2341300.0
2020-01-21,47.84671920910503,47.84671920910503,46.4982935699052,46.75726318359375,2282500.0
2020-01-22,46.92692855940545,46.97157766805682,46.23039292621986,46.408992767333984,1612300.0
2020-01-23,46.06965665649572,46.24825651019616,45.27489088436308,46.2125358581543,1652400.0
2020-01-24,46.069654121326565,46.069654121326565,44.506911448834494,44.944480895996094,2009700.0
2020-01-27,44.14078665940362,44.524775160659104,43.81930759728191,43.91753768920898,3016400.0
2020-01-28,47.04302191982832,47.04302191982832,44.08720441306394,44.17650604248047,4406700.0
2020-01-29,44.00683780627107,44.3551056697032,42.89952477415401,42.91738510131836,2860800.0
2020-01-30,42.81914512497577,43.65855986895716,42.56910400887904,43.63177108764648,2845700.0
2020-01-31,42.8816576436646,43.11383504694722,42.21191081055,42.40837097167969,3214800.0
2020-02-03,42.569113321664304,43.05133192980055,42.45302630624965,42.81022262573242,2270000.0
2020-02-04,43.67642010231759,43.98896723866135,43.08704306913483,43.61391067504883,2984400.0
2020-02-05,44.31045912316002,44.32831945135951,43.765731035858174,44.22116088867188,2513100.0
2020-02-06,44.64979173152494,44.64979173152494,43.60498824013147,43.80144500732422,2033400.0
2020-02-07,43.36387858923455,43.46210526874575,42.64947920236543,42.7923583984375,1988400.0
2020-02-10,42.55125220472232,42.95309759869591,42.41730146905865,42.5601806640625,1850700.0
2020-02-11,42.77450248677129,43.73893623133871,42.74771029490218,43.16741943359375,1994200.0
2020-02-12,43.73001349001814,43.7657307396661,42.854877853221616,43.1942138671875,1770000.0
2020-02-13,42.81915664672852,43.14063573499322,42.62269644689804,42.81915664672852,2108600.0
2020-02-14,42.83701560211317,42.94417415926505,41.79220859872769,42.104759216308594,1995600.0
2020-02-18,41.97080110414518,42.49766874362777,41.91722013171172,42.319068908691406,1822800.0
2020-02-19,42.40837871973989,43.11384292389656,42.33693740936449,42.60483551025391,1736700.0
2020-02-20,42.79236402733745,42.98882422521967,42.48874867644193,42.72985458374024,1329500.0
2020-02-21,42.42622975692949,43.44424784953981,42.4173012976254,43.372806549072266,2348800.0
2020-02-24,42.18512917465751,42.74771415710536,41.97973711330898,42.22977828979492,2793400.0
2020-02-25,42.3637172084588,42.41729817987116,40.11336750676673,40.15802001953125,3336500.0
2020-02-26,40.55094579339546,40.60452677652757,38.9882028870555,38.99713134765625,2878600.0
2020-02-27,38.47026785281072,39.02392439794276,37.229000598525296,37.33616256713867,3649800.0
2020-02-28,36.050226474101365,37.21111991359008,35.65730969033042,36.92536163330078,4665900.0
2020-03-02,37.20220398327315,38.148780734501145,36.09488771944968,38.13092041015625,4039800.0
2020-03-03,38.184501955910775,39.36325963995282,36.78249871056441,37.38973617553711,3277600.0
2020-03-04,38.14878711982908,38.62207387140734,37.47904017408213,38.5684928894043,2302600.0
2020-03-05,37.18434559929338,37.41652642138417,35.907361297320264,36.40744018554688,2899900.0
2020-03-06,35.44300084790456,36.55031710041071,34.70181613096383,35.37156295776367,2975000.0
2020-03-09,32.87117746106568,33.57664157207642,30.98695573006219,31.00481605529785,3939600.0
2020-03-10,32.61220113150837,33.33552882514066,30.82620985425057,33.15692901611328,3648300.0
2020-03-11,32.10320566222191,32.5229114498577,30.87980214250179,31.63884735107422,3356500.0
2020-03-12,29.07594323862285,30.87979508674064,28.21866642136465,28.37047576904297,4495200.0
2020-03-13,30.361858093900945,32.00497055053711,29.10273411509069,32.00497055053711,4387700.0
2020-03-16,28.352616961434208,30.08502760612045,27.05777235590949,27.361391067504883,3168400.0
2020-03-17,27.977563234580323,29.049157359874684,26.56662969216845,27.6739444732666,3875600.0
2020-03-18,26.066545792232287,26.539832438261985,24.584173019159525,26.20942497253418,4376500.0
2020-03-19,26.28979383715944,30.245763350240505,26.004035486199136,27.522127151489254,3166600.0
2020-03-20,28.43298667503647,28.763394170314143,26.834523360476613,27.35246086120605,4139900.0
2020-03-23,27.11135290286857,28.040067644717183,25.352150095232467,25.37894058227539,3721800.0
2020-03-24,27.147074753896455,29.15631721250396,26.95061627098912,28.558008193969727,3644400.0
2020-03-25,28.825904921892143,29.97787038491423,27.1470734748398,27.86147117614746,3323900.0
2020-03-26,28.09364740002806,30.165397409287696,27.46855135420212,29.951080322265625,4184100.0
2020-03-27,29.22775585859717,30.30828009705478,28.63837869157401,29.79034423828125,3114400.0
2020-03-30,29.64842787786309,31.763590297739057,29.06992250630112,31.564727783203125,5136000.0
2020-03-31,31.591850661043814,33.5895032937653,31.1127730520618,32.55904006958008,4390100.0
2020-04-01,30.886784977927935,32.66749927031009,30.77831610449164,32.4505615234375,5412700.0
2020-04-02,32.50479976215849,33.50814649447058,31.700315538423983,32.48672103881836,4188200.0
2020-04-03,32.20650395186389,32.91155680100214,32.0166791132654,32.22458267211914,3504600.0
2020-04-06,33.80644072277964,34.4120624462747,33.32736316807996,33.90586853027344,5256500.0
2020-04-07,35.55098711654222,35.623298540810346,33.57141058577902,33.73411560058594,4768400.0
2020-04-08,34.07761655361586,35.76793764822667,33.7341276828696,35.29790115356445,3152100.0
2020-04-09,36.04815059836362,36.97918244685347,35.08096130282308,35.641387939453125,3478600.0
2020-04-13,35.776983294417995,35.92160966134961,34.59285254455217,35.062889099121094,3278100.0
2020-04-14,35.74082171699212,36.12950567980672,34.20416459053492,34.69227981567383,3349400.0
2020-04-15,32.47768699525203,32.81213479364517,31.66416159573976,32.116119384765625,3675800.0
2020-04-16,32.40536527482166,32.40536527482166,31.383943369239493,32.0980339050293,2652600.0
2020-04-17,33.37255165969295,34.01433415173572,33.19177135584648,33.743160247802734,2111700.0
2020-04-20,32.75790189438053,33.70701255673575,32.40537192432698,33.02003479003906,2033800.0
2020-04-21,31.953402140266643,32.90251589442668,31.92628578666081,32.586143493652344,2043700.0
2020-04-22,33.490066001543,33.553339805808186,32.595191656556146,32.902523040771484,1603200.0
2020-04-23,33.056191238529046,34.67420089328954,32.98387978790061,34.09569549560547,2363600.0
2020-04-24,34.63804011199091,35.171350370711515,34.050493684392954,34.23127746582031,2393500.0
2020-04-27,34.412062788722075,37.37690452354986,34.357826617415235,36.60857772827149,3438000.0
2020-04-28,35.55099885123629,37.2413198983804,35.29790016234762,36.59954071044922,4238400.0
2020-04-29,37.512489318847656,38.85932478989707,37.512489318847656,38.41640472412109,4256700.0
2020-04-30,37.62096084391983,38.172349831564006,37.03341785813017,37.23227691650391,4537600.0
2020-05-01,36.292204900993966,37.61192056513392,36.21085237659281,37.06053161621094,2802800.0
2020-05-04,36.38259249920542,37.25939148396502,36.07526114513654,37.11476516723633,2115100.0
2020-05-05,37.73847207847549,38.10003965729533,36.726087685209485,36.83455657958984,2726500.0
2020-05-06,37.15092564868399,37.46729814239461,36.34644140586772,36.60857772827149,1563700.0
2020-05-07,37.277469278057794,37.75654329378373,36.89782305097884,36.97917556762695,1803000.0
2020-05-08,37.52152927921093,38.20850696073113,37.49441291878591,38.14523315429688,1614100.0
2020-05-11,37.14188979975925,37.63904265877592,36.50011059178929,36.72608947753906,2326800.0
2020-05-12,36.93397537157381,36.93397537157381,35.243654924598495,35.2617301940918,1924900.0
2020-05-13,34.873050704234366,34.99055719969044,33.39966793599967,33.73411560058594,2895100.0
2020-05-14,32.87540292485399,33.90586595398331,32.31497632883279,33.88779067993164,2669600.0
2020-05-15,33.598534526188075,34.48437467269696,33.264086786075744,34.41205978393555,3585600.0
2020-05-18,36.210858717305406,37.38594826029254,36.16566018059633,36.933990478515625,2172800.0
2020-05-19,36.81647433582244,37.28651076408264,36.36451662959114,36.5272216796875,1119700.0
2020-05-20,36.85263090446335,37.67519377233818,36.68088822151403,36.771278381347656,1674400.0
2020-05-21,36.65377286135445,37.13285042144562,36.093346216443024,36.156620025634766,1533300.0
2020-05-22,36.15661322901856,36.28316082361399,35.234619177898985,35.68657684326172,1162200.0
2020-05-26,37.12381235477452,37.95541647604437,36.73512838203386,37.52153396606445,1910200.0
2020-05-27,38.380250142356246,39.02202930039842,38.1542712741867,38.95875549316406,2246700.0
2020-05-28,39.3564751560806,39.672844149231,38.217539884412325,38.46159744262695,2000200.0
2020-05-29,38.11812559383497,38.316988162620525,37.35883967264999,38.19947814941406,3734000.0
2020-06-01,38.20850632997454,38.7237378585272,37.92829130027456,38.3802490234375,1580600.0
2020-06-02,38.72373318323831,39.16665321565434,38.50679198512031,39.07625961303711,1642700.0
2020-06-03,39.77227692454079,40.23327225351965,39.41975047623398,39.86266708374024,1514300.0
2020-06-04,39.763252617763406,40.35983683369853,39.22994222411195,40.35079574584961,1933500.0
2020-06-05,41.77897265031866,42.1495778419947,40.7304308801013,41.101036071777344,2276200.0
2020-06-08,41.20046262550055,41.85127932196656,40.85697383270578,41.11911010742188,2600600.0
2020-06-09,40.36886956167012,40.45925974017332,39.3293652680619,39.99826431274414,2012800.0
2020-06-10,40.04345085030268,40.676192309189446,39.55533571503315,39.86266708374024,1819900.0
2020-06-11,37.53056834487193,38.72373641364894,35.73177515660879,35.84928512573242,2771400.0
2020-06-12,37.3226779246453,37.72039956833192,36.37356718410286,37.24132537841797,1897000.0
2020-06-15,35.94871215078096,38.44351687935537,35.78600711976922,37.892127990722656,2609900.0
2020-06-16,40.766586963057264,40.96544947301764,39.17569722786607,40.30559158325195,3990000.0
2020-06-17,40.30558419322022,40.48636794656803,39.50110011139391,39.772274017333984,2170700.0
2020-06-18,39.32031925825176,40.16096084238471,39.13953549156962,39.33839797973633,2133300.0
2020-06-19,39.9892214938054,40.10672802100447,38.28985946240558,38.5971908569336,2871100.0
2020-06-22,38.425439987129934,38.63334355188292,37.98252339688014,38.235618591308594,1544000.0
2020-06-23,38.81412777710387,39.022027914657286,38.14523228204745,38.16331100463867,1539700.0
2020-06-24,37.89213572726538,37.95541298394565,36.68992991729129,36.76224136352539,2122300.0
2020-06-25,36.38260215689735,37.47633918299868,36.06623308262483,37.44018173217773,1839100.0
2020-06-26,37.02437710334503,37.1599658041349,36.26508796488235,36.69896697998047,2897100.0
2020-06-29,37.15819355606793,37.75162697892628,37.012117261531486,37.34078979492188,1709900.0
2020-06-30,37.08514345502218,38.01638088227533,36.88429078205335,37.806396484375,1701600.0
2020-07-01,37.79727300604978,37.8794411271264,36.4734548254745,36.86603546142578,2408900.0
2020-07-02,37.5598994073984,38.43635710255968,37.5598994073984,37.79727554321289,2072000.0
2020-07-06,38.6919897063759,38.72850616165194,37.09427898717773,38.025516510009766,2405000.0
2020-07-07,37.52338801820354,38.02552861889722,37.07603082470165,37.59642791748047,2659300.0
2020-07-08,37.78814939922445,37.78814939922445,35.86176574442399,36.20869827270508,3177100.0
2020-07-09,36.06261171876989,36.16303980231258,35.158762449618536,35.423526763916016,2644900.0
2020-07-10,35.52396414211062,37.06689528708258,35.4874441962248,36.92995071411133,1752900.0
2020-07-13,37.331658293629445,37.58729093993343,36.40955233179463,36.46432876586914,2211800.0
2020-07-14,36.29999218904797,37.54164243092249,36.044359544920944,37.48686599731445,1670200.0
2020-07-15,38.19898231072505,38.37244679815933,37.21296484682557,38.05290603637695,1864600.0
2020-07-16,37.88857717358509,38.70112682561251,37.58729284001063,38.12594985961914,1848000.0
2020-07-17,38.317673263328125,38.60982583406931,37.62380829576779,37.6694564819336,1176200.0
2020-07-20,37.31339238169424,37.687713046796766,36.90255177786632,37.15818786621094,2001700.0
2020-07-21,37.3407979827598,38.43636869064566,37.33166625331129,38.24464416503906,1808300.0
2020-07-22,37.89770983509738,38.67374311390617,37.76989349058948,38.58244323730469,1638900.0
2020-07-23,38.69200730439241,39.95191439414143,38.40898288019597,38.883731842041016,2444300.0
2020-07-24,38.81067361829364,39.18499426966382,38.33592836321242,39.12108612060547,1801200.0
2020-07-27,38.90198178541145,40.07972389759573,38.71938554214717,40.01581573486328,2301800.0
2020-07-28,39.67800592171023,39.80582222931552,38.90197634968773,38.95675277709961,2693800.0
2020-07-29,39.020673151944806,39.495418548583984,39.020673151944806,39.495418548583984,2119900.0
2020-07-30,38.810685732199175,39.07545013678586,38.536793081783365,38.984153747558594,1920800.0
2020-07-31,38.68285684866053,38.83806483929102,38.016383671795154,38.299407958984375,4898900.0
2020-08-03,38.62808907939959,39.33108235068909,38.2263766485292,39.13022613525391,2471300.0
2020-08-04,39.02979348748401,39.46802232976636,38.64634455651191,39.26716613769531,1924500.0
2020-08-05,39.714526144494734,40.47229923459588,39.66887796041552,39.696266174316406,1833800.0
2020-08-06,40.03407559607139,40.061467298644615,39.36760221235544,39.495418548583984,1902100.0
2020-08-07,39.08457533216772,40.60924637035758,38.93849904418106,40.48143005371094,2190600.0
2020-08-10,40.72794091440234,42.26174392335141,40.61838455168712,42.08827590942383,2165600.0
2020-08-11,42.28911858007368,42.65431098230924,41.23006479286997,41.458309173583984,2688500.0
2020-08-12,41.92393362623333,42.02436172882727,41.38528013547219,41.89654541015625,1615600.0
2020-08-13,41.30311650519866,41.8417735373893,41.07487205906252,41.540489196777344,1437800.0
2020-08-14,41.248329795192426,42.49910817898474,41.10225351301765,42.216087341308594,1382900.0
2020-08-17,42.48085030672424,42.76387464111373,42.18869772794373,42.334774017333984,2126400.0
2020-08-18,42.35303398884945,42.74561466959827,42.1978294550682,42.334774017333984,2102900.0
2020-08-19,42.46258593862898,42.85516657872997,41.71394459767666,41.80524444580078,1715700.0
2020-08-20,41.21181621295671,41.83264137867626,41.10225985510439,41.67743682861328,1226900.0
2020-08-21,41.48569749950409,41.48569749950409,40.6001116681434,40.80096435546875,1503000.0
2020-08-24,41.22094250177765,42.03349205720319,41.05660624531705,42.01523208618164,1286900.0
2020-08-25,42.05174974962796,42.07000971966008,41.275716695561925,41.60438919067383,1246500.0
2020-08-26,41.5587491703963,41.87829000189335,41.25746482978434,41.540489196777344,1089400.0
2020-08-27,41.73221216511814,42.0243647668388,41.23920334368939,41.58613586425781,972300.0
2020-08-28,41.75046642668046,42.170435298861214,41.59526190194406,41.98784255981445,1245200.0
2020-08-31,42.28912481307756,42.28912481307756,41.49483522628747,41.50396347045898,1897500.0
2020-09-01,41.46744583612258,42.58127975463867,41.14790503133528,42.58127975463867,2102000.0
2020-09-02,42.68171213519043,43.5125217935928,42.39868776350443,43.329925537109375,2764000.0
2020-09-03,43.20209967250477,43.71336838133159,42.1613057676905,42.55388641357422,2176600.0
2020-09-04,43.293398419092426,43.44860643035495,42.46258889828721,42.81865310668945,2274900.0
2020-09-08,42.17957092182639,42.40781534945236,41.45831769467225,41.62265396118164,2363600.0
2020-09-09,42.11565451701544,42.38954708000832,41.65916575111635,42.0517463684082,2257500.0
2020-09-10,42.17044504983371,42.23435321982407,41.412675255919225,41.4400634765625,1227400.0
2020-09-11,41.67743467243577,42.25260813345431,41.34876213314881,41.933067321777344,1286500.0
2020-09-14,42.20696324873318,42.864308378782255,42.07001866846224,42.6634521484375,1781900.0
2020-09-15,42.79126761261716,43.21124003867944,42.55389492200269,42.71823120117188,1795400.0
2020-09-16,42.90082942114374,43.77728729508097,42.462597001441125,43.42122650146485,1834400.0
2020-09-17,43.47600070962666,44.909375539053386,42.919083709135926,44.70852279663086,2519700.0
2020-09-18,44.626349248801546,45.62149504314901,44.57156933510717,44.90024185180664,4002100.0
2020-09-21,43.99640094524715,44.11508903985395,41.11139110429216,41.81438446044922,2879800.0
2020-09-22,41.750470729749686,42.170439645215104,41.29398186961763,41.7048225402832,1936200.0
2020-09-23,41.69568870312403,42.43520187290581,40.76445454037673,40.782711029052734,1915400.0
2020-09-24,40.71880331800677,41.75960080338303,40.26231447595408,40.8648796081543,1495700.0
2020-09-25,40.45403908765637,41.44005309384527,40.21666295910852,41.31223678588867,1134800.0
2020-09-28,42.22520927039855,42.85516249005421,41.65003247165821,42.24346923828125,1434600.0
2020-09-29,42.00678146167036,42.172561627892,41.03973283426664,41.20551300048828,1190700.0
2020-09-30,41.55549453744116,42.13572517938261,41.05815750053975,41.316036224365234,1468200.0
2020-10-01,41.46339134627845,41.95151987972111,41.25156191641968,41.49102020263672,1812000.0
2020-10-02,40.84632908216693,42.90016119277676,40.70818125616256,42.4028205871582,2110200.0
2020-10-05,42.88172847714703,43.8856178501,42.605425877740885,43.54484558105469,2120400.0
2020-10-06,43.78430614968529,44.41979438134035,42.9646173613186,43.22249603271485,2280000.0
2020-10-07,43.904039061151806,45.128969931404455,43.664580766566345,44.80662155151367,1861200.0
2020-10-08,45.06449449455501,45.58025534978122,44.83424467740046,45.5342025756836,1719400.0
2020-10-09,45.930230563547234,45.95786292948206,44.67767105005435,45.0000228881836,2080700.0
2020-10-12,44.95397735064192,45.66314723723063,44.88950768034599,45.386844635009766,1909900.0
2020-10-13,45.128962715820016,45.4421025976468,44.53031180507276,44.82503128051758,1616700.0
2020-10-14,44.61320134807448,45.75524193688008,44.61320134807448,45.47894287109375,1563300.0
2020-10-15,44.63163223835745,45.39606346371143,44.22639374756783,45.368431091308594,1475000.0
2020-10-16,45.57104726915105,45.80129710590707,45.11975955657613,45.432899475097656,1366100.0
2020-10-19,45.635522926644,46.3539049005924,44.97240569889783,45.10134506225586,1712000.0
2020-10-20,45.48816145437961,45.83814222281196,44.65005211050263,44.67768096923828,2604200.0
2020-10-21,44.87108714986631,45.36842410316928,44.60399650889484,44.61320495605469,1866600.0
2020-10-22,44.309277071564686,46.25258616487452,44.309277071564686,45.95786666870117,2073100.0
2020-10-23,46.30785041674088,46.694672005950295,45.69078248236804,46.22496032714844,1845700.0
2020-10-26,45.68156978222879,45.69078174388685,44.235600975302106,44.465850830078125,1764400.0
2020-10-27,44.318492886486375,44.93556434960148,44.1435042544591,44.41059494018555,1487200.0
2020-10-28,43.57247938557122,43.78430880898868,42.52253720254517,42.900150299072266,2562500.0
2020-10-29,42.67911232661356,44.51190267805448,42.36597239015298,44.1527099609375,1911100.0
2020-10-30,43.65537022051769,44.15270719511405,43.0843480988201,43.9869270324707,3114200.0
2020-11-02,44.769780901291,45.15659895861521,43.89483077829508,45.009239196777344,1791400.0
2020-11-03,45.76445560804593,46.35389813257324,45.3776375744502,46.09601593017578,1422700.0
2020-11-04,45.71839595528788,45.71839595528788,43.19486032288051,43.240909576416016,2370200.0
2020-11-05,43.71062403470818,45.68156188889856,43.71062403470818,44.94476318359375,1716000.0
2020-11-06,45.42368066085636,45.561831947399845,44.39216253155327,44.59477996826172,1350200.0
2020-11-09,47.5235749050347,48.72087711887044,46.71309783864471,46.74993515014648,2250100.0
2020-11-10,46.99858926623225,48.03011092648784,46.78675986635831,47.68933868408203,1572300.0
2020-11-11,47.7353983109225,47.7353983109225,46.61177797226409,46.79597854614258,2111400.0
2020-11-12,46.24337115075555,46.51046177444244,45.230273388724775,45.69077301025391,1413400.0
2020-11-13,46.28021052314445,47.818277524777386,46.18811200703863,47.57881927490234,1510700.0
2020-11-16,49.00637962937128,50.41551116940694,47.984069683201845,50.01026916503906,3099700.0
2020-11-17,49.29189011183193,49.93659041807053,48.99717057412298,49.60503005981445,1662200.0
2020-11-18,49.94579103440049,50.08394233312131,48.73007225365782,48.7392807006836,1442100.0
2020-11-19,48.48140664303015,49.245837812338536,48.21431598050067,48.65639877319336,1332100.0
2020-11-20,48.48140769490415,48.74849836322854,48.16826775939753,48.39851760864258,1016000.0
2020-11-23,49.14452328783594,49.68791301622843,48.57350470466648,49.43003082275391,1559300.0
2020-11-24,50.09314514673106,52.03645399063864,50.04709589011392,51.962772369384766,2232700.0
2020-11-25,51.22598257727471,51.5022816780654,50.21288470326426,50.45234298706055,2703900.0
2020-11-27,50.618122342359634,51.3272922481824,50.40629291802301,50.71943283081055,1052600.0
2020-11-30,50.37865604392111,50.968094959272335,49.44844490104935,49.45765686035156,2847200.0
2020-12-01,50.79310939050231,51.27202590261831,50.42470828990032,50.59048843383789,1873500.0
2020-12-02,50.682596819645866,51.53912655896878,50.49839974681708,50.747066497802734,1839500.0
2020-12-03,50.93126383956157,51.51149441934572,50.24051432045359,50.47076416015625,1791800.0
2020-12-04,51.28123493945177,52.49695358347616,50.82073534661426,51.962772369384766,1675100.0
2020-12-07,51.56676277643087,52.24830042872826,51.20757002562448,51.52070999145508,1769800.0
2020-12-08,51.041777699149,52.95745786122463,51.041777699149,52.07329940795898,2055900.0
2020-12-09,52.52459454080937,52.85615488620471,51.57596628518793,51.97199630737305,1458000.0
2020-12-10,51.72332413264359,52.69958472311268,51.35492298177464,52.59827423095703,1443200.0
2020-12-11,52.08251137855508,52.42328014672356,51.06941352147749,52.16540145874024,1492600.0
2020-12-14,52.81930875881988,52.883778429130544,51.09704104147277,51.262821197509766,1888700.0
2020-12-15,52.05488381000609,52.28513364806521,51.24440339630454,52.10093307495117,1456200.0
2020-12-16,52.04567848307709,52.28514031264872,51.37334929184532,51.98120880126953,1476300.0
2020-12-17,52.46932767920293,52.52458538491391,51.02335915754448,51.06940841674805,1973500.0
2020-12-18,51.07861857026323,51.07861857026323,49.48529025790558,49.66949081420898,4603400.0
2020-12-21,48.81296491183075,49.94579367592037,48.601135485700205,49.8629035949707,1450300.0
2020-12-22,49.927373223828376,50.09315338558249,48.62876429897692,48.89585494995117,1677700.0
2020-12-23,49.14451754395815,49.31950612598257,48.28798801264605,48.41692733764648,1564300.0
2020-12-24,48.757698872780814,48.776119279321335,47.901169291979535,48.29719924926758,620100.0
2020-12-28,48.44457778619921,48.84060789715875,47.919608292756976,47.993289947509766,1425200.0
2020-12-29,48.08537603906141,48.748496706619314,47.855126197640885,47.96564865112305,1222600.0
2020-12-30,48.09095208550894,49.325479574084525,48.06310315148136,49.139835357666016,1582400.0
2020-12-31,49.14913218140665,49.54826611025678,48.48081424642599,49.37190246582031,1283400.0
2021-01-04,50.29083271910893,50.72709614906502,48.4900917471344,48.74070739746094,2308900.0
2021-01-05,48.74999908584475,50.61571529839684,48.70358890420443,50.18873596191406,2223500.0
2021-01-06,52.31434415060567,53.41892181246197,51.68315590358232,52.92696762084961,3291300.0
2021-01-07,53.5024638229997,53.60456832921347,51.67387395211114,52.15654754638672,2229400.0
2021-01-08,52.17511649843605,52.53712083788902,50.8292001141377,51.998756408691406,2720800.0
2021-01-11,51.00555440376591,53.39107319233756,50.71780569237188,52.722755432128906,1857200.0
2021-01-12,52.90841285872107,54.319304293191344,52.24009493163784,53.92945098876953,2308400.0
2021-01-13,53.65097855442921,53.799493234282615,52.32362705410911,52.63922119140625,1876000.0
2021-01-14,53.31682158590344,53.3725159207076,52.574248159528345,52.61137771606445,1207300.0
2021-01-15,51.7852571724267,51.9337718365209,50.34652070010114,51.48822784423828,1613600.0
2021-01-19,51.94305668460405,52.92696862740984,51.822390944546775,51.86880111694336,1606700.0
2021-01-20,52.0915708602221,52.342190037798346,51.19120219359909,51.75741195678711,2232000.0
2021-01-21,51.5996158140267,51.83167021082645,50.49503815997277,50.51359939575195,1724200.0
2021-01-22,50.09590525325767,51.116943201968326,49.72461679507062,50.84775924682617,1522100.0
2021-01-25,50.996287481074845,50.996287481074845,49.75247541856716,50.60643768310547,1984600.0
2021-01-26,51.05196708696491,51.2376113118186,48.991322918740224,49.0098876953125,2531300.0
2021-01-27,48.08166462227134,48.17448849453472,47.181296076962965,47.64540481567383,3166000.0
2021-01-28,48.15593017829515,48.25803468104381,45.50122727030666,46.717193603515625,3985200.0
2021-01-29,46.6429314942834,46.81929155258379,44.49874769714681,45.23204040527344,5113700.0
2021-02-01,45.80754214742451,46.26237037908995,44.61014400368766,45.5012321472168,2445500.0
2021-02-02,45.7240027765776,47.29269297057428,45.529077907542245,46.84714889526367,3365700.0
2021-02-03,47.76607316285057,48.57362496200436,47.24627361308964,47.95171737670898,2854100.0
2021-02-04,47.68254193984997,48.852098216944206,47.47833645500186,48.28588485717773,2675700.0
2021-02-05,48.8706690294167,49.6503721301204,48.83353946727131,49.176979064941406,1811100.0
2021-02-08,49.80815014436454,50.4764678671913,49.50184021531474,49.84527969360352,1680700.0
2021-02-09,51.33042625328038,51.62745556544787,50.14230900461042,50.75493240356445,2877500.0
2021-02-10,51.144781422845135,51.330425625897966,50.17015378290358,51.01483154296875,2180900.0
2021-02-11,50.91273880004883,51.116947824605774,49.88242014010024,50.91273880004883,1421600.0
2021-02-12,50.671395671505614,52.379316087457326,50.643550278371976,52.2957763671875,2363400.0
2021-02-16,52.852702979073854,53.87374434980454,52.58352259613344,53.22399139404297,3784600.0
2021-02-17,54.1243677806536,54.18934272728317,52.88055609523629,52.90840148925781,3737700.0
2021-02-18,52.70420526945552,53.26113807100317,52.05445564562142,52.44430541992188,2739500.0
2021-02-19,52.75061010110007,54.32857725402,52.657786212718776,53.87375259399414,3627000.0
2021-02-22,53.83661804876224,56.5841411545457,53.83661804876224,55.572383880615234,3802000.0
2021-02-23,56.185008067700856,56.62127145626161,55.69305389140486,56.4913215637207,3668600.0
2021-02-24,56.79764108013235,58.58910156514815,56.73266612292408,58.50556182861328,3423600.0
2021-02-25,58.5055567662571,58.9232554127889,56.844049880293966,57.09466552734375,1883500.0
2021-02-26,56.64913224128856,57.13180593105729,55.24752489553066,55.5259895324707,2876200.0
2021-03-01,56.89973768246916,57.45667036220083,56.55629816486621,57.103946685791016,4016900.0
2021-03-02,57.31744027894379,58.022884139779045,56.8997416254173,57.37313461303711,2396000.0
2021-03-03,57.66088150173495,58.92325811770617,57.048257972321785,57.82796096801758,3116600.0
2021-03-04,57.82795768737463,58.06929625425568,55.19181947441791,56.06434631347656,2052000.0
2021-03-05,56.927587419359405,58.69119874449567,56.24998545168393,58.40345001220703,2240700.0
2021-03-08,58.60765849000709,61.84713591965357,58.403449485651805,61.605804443359375,2925400.0
2021-03-09,60.73328189364868,62.097762989546034,59.70295972253184,61.132415771484375,2751400.0
2021-03-10,61.14169868735305,62.98884981384039,60.56620119932817,62.61756134033203,2048200.0
2021-03-11,63.601471540341,63.963482946316525,62.74751298479484,62.96100616455078,2150400.0
2021-03-12,63.57362393049967,65.049493654795,63.45295818720048,64.7524642944336,2346700.0
2021-03-15,64.8359907353657,64.92881106869854,62.747501367558186,64.51111602783203,2839600.0
2021-03-16,64.59465540431829,64.78030316192128,63.406538082610496,63.96347427368164,2074000.0
2021-03-17,63.90779118924357,65.5414564253745,63.74999587008181,65.19801330566406,2061500.0
2021-03-18,65.24442258669015,67.03588302008322,65.00308400326847,65.34652709960938,2598400.0
2021-03-19,65.36509542700398,66.53465183163982,63.36014867222519,66.20049285888672,6491300.0
2021-03-22,66.26546581487263,66.26546581487263,64.43687568093449,64.55754852294922,3280800.0
2021-03-23,64.04702875719981,64.72463087306036,62.11633401678549,62.66398620605469,2948700.0
2021-03-24,63.96346922104059,66.3582649101764,63.89848719970926,64.48326873779297,3282600.0
2021-03-25,64.54825142292991,67.75059924420746,64.09342679119437,67.59280395507812,4329800.0
2021-03-26,69.48637718538016,73.64478849147926,69.1058045313535,73.607666015625,7677100.0
2021-03-29,74.2574249751984,76.81930811972993,72.76299373103335,73.09715270996094,6114000.0
2021-03-30,73.46567961008526,75.54630847209441,73.34439008977921,75.00515747070312,4304600.0
2021-03-31,76.2367337457931,76.9458278732589,73.82022581008479,74.8931884765625,5532700.0
2021-04-01,73.94151464307986,74.62261942423068,71.88888238360754,74.52931213378906,4185300.0
2021-04-05,75.77022717665366,76.4793213173521,74.98649716720833,75.11711883544922,2633000.0
2021-04-06,74.40802111805802,75.44366937957646,73.62429114628551,74.49198913574219,2740100.0
2021-04-07,74.52932298780861,74.92119515703159,73.75492504013103,74.4640121459961,2298200.0
2021-04-08,74.1187875593884,74.65993138740166,72.5046668727209,74.26806640625,2733600.0
2021-04-09,75.0891252803975,75.92883392386,74.21208802713609,74.91184997558594,3958200.0
2021-04-12,75.01449842932408,75.60229602982275,74.46401520995546,75.13578796386719,1858700.0
2021-04-13,74.70659088945607,75.11712020762495,72.76591589964504,73.03649139404297,2725800.0
2021-04-14,73.279071303257,75.03313867246054,73.26040699855943,73.76423645019531,3096000.0
2021-04-15,74.23076192733083,74.631959152842,72.87789136972364,73.61497497558594,2318200.0
2021-04-16,74.54798967229077,75.04248707868385,73.00851164523911,74.1747817993164,2227400.0
2021-04-19,73.84821419195629,75.0891271193339,72.83122310042943,74.11878967285156,2153400.0
2021-04-20,74.68791607422419,74.68791607422419,72.79388806045321,73.23240661621094,2241200.0
2021-04-21,72.7565945321334,74.81855914336046,72.25276501217084,74.8092269897461,2807700.0
2021-04-22,73.38171284965343,73.71759919297189,70.61998622997194,70.9931869506836,4785200.0
2021-04-23,71.73960838853706,72.65396731172535,70.53601674807146,72.61664581298828,4065200.0
2021-04-26,73.06448046384182,75.24774159885965,72.81256927666718,75.20108795166016,4502900.0
2021-04-27,74.90253989470577,76.09679949970447,74.65062865110554,75.28507995605469,3982700.0
2021-04-28,74.81857130911432,76.7405824020416,74.69727464744696,76.11546325683594,3240800.0
2021-04-29,76.88052227771725,77.54296280466087,75.4063552422581,76.88985443115234,3463000.0
2021-04-30,75.91017741912516,77.98147394407637,75.82620228301667,76.74989318847656,7387000.0
2021-05-03,77.56161429132472,80.99511331324686,77.31903526662443,79.95946502685547,4475100.0
2021-05-04,79.79153494903636,83.82216427738,79.70756691557096,83.65422821044922,5176000.0
2021-05-05,83.97144783599867,86.69585310182983,82.94513156389492,86.61188507080078,5123800.0
2021-05-06,87.22767192340729,89.32695811778343,86.20135565204852,89.28031158447266,4550400.0
2021-05-07,89.00038713911135,92.66713995235676,88.0207175856819,92.1446533203125,3977200.0
2021-05-10,93.67481808096458,97.01501743511626,92.83510216534712,94.51453399658205,6084000.0
2021-05-11,92.92838899782734,96.77241734895198,92.37791299346236,95.1489715576172,5109600.0
2021-05-12,95.29825335703968,95.52217520316586,88.50589803831932,89.5602035522461,4676200.0
2021-05-13,90.4932234665148,94.40256294075614,89.8027935920354,94.04801940917967,4686800.0
2021-05-14,93.66548925350357,96.044683245863,92.723140963711,95.64348602294922,3970400.0
2021-05-17,95.1676360681206,99.3102295630747,94.93438205814974,99.1982650756836,5134300.0
2021-05-18,99.7114331024511,100.6724385458682,96.12864757932311,96.53917694091795,7802500.0
2021-05-19,93.41356189574488,95.3355725246484,90.8291036610407,94.72911071777344,5491400.0
2021-05-20,94.81307891517012,95.04633289163284,92.69512882261463,94.35589599609376,3253900.0
2021-05-21,95.22360670896286,96.52049832538282,94.57983053630024,95.2889175415039,2446000.0
2021-05-24,95.17696093317686,96.921696238408,94.66379930319891,96.43653106689452,1956100.0
2021-05-25,96.94970150707144,97.15495905936828,93.33892681849844,93.34825897216795,3185700.0
2021-05-26,93.7307746440713,94.69177986351954,92.98436620953836,94.09465026855467,2140100.0
2021-05-27,96.22193303851212,97.23892413271436,94.14131144163412,94.28126525878906,4945000.0
2021-05-28,94.0573421750033,96.17529251489374,93.13365831347984,95.67146301269533,3277900.0
2021-06-01,97.96666504304916,103.53677085157506,97.64011091657488,103.32217407226562,7982300.0
2021-06-02,102.96765194209054,103.28487398257523,96.97769060398944,97.9946746826172,6173000.0
2021-06-03,97.08032766345023,100.065976324151,95.85807173686982,99.89803314208984,2998400.0
2021-06-04,100.7657331190351,101.72673850891994,100.07530323709754,101.49348449707033,2572300.0
2021-06-07,101.11094876027536,102.19324364311508,98.4425223706974,100.1779327392578,3320100.0
2021-06-08,101.23225961111936,102.8743701472577,99.36622717589135,102.62245178222656,2764100.0
2021-06-09,101.6987596950682,102.3332109577163,100.35521416984903,100.3738784790039,2593600.0
2021-06-10,101.39084498217184,102.17458210802518,99.0396478413058,99.18892669677734,2154800.0
2021-06-11,100.29922809907748,100.91502212560896,98.72242865388117,99.45018005371094,2049800.0
2021-06-14,98.90904182740186,99.21693174002408,95.21429881080196,95.83008575439452,3797400.0
2021-06-15,95.27026237478076,96.00734585385946,92.37791425779332,95.09298706054688,5860100.0
2021-06-16,94.47720155500812,94.47720155500812,91.54753190302344,93.24562072753906,3913000.0
2021-06-17,93.5255136754366,93.5255136754366,87.3862743417725,88.86976623535156,5508600.0
2021-06-18,87.91810979219355,89.16834794308858,86.50925349515312,86.78915405273438,5248400.0
2021-06-21,88.16066947634998,89.7654579465111,87.64751500772165,89.43890380859375,2482200.0
2021-06-22,89.36427338402991,89.96140306821319,88.16068186231283,89.2709732055664,2221600.0
2021-06-23,91.06236325136776,92.07935442725054,89.47623884514563,89.54154968261719,2922200.0
2021-06-24,90.32526641782928,92.72311698061064,89.4948828416594,91.32359313964844,3584700.0
2021-06-25,92.06068553519256,92.17265001600192,90.12934273089996,90.21331787109376,2838400.0
2021-06-28,90.45590477546162,90.54921207676462,88.24466125419497,88.7391586303711,2378300.0
2021-06-29,89.50281142960364,90.29927226158269,88.57517747618363,88.66887664794922,1663400.0
2021-06-30,88.48148429026945,89.93384657164987,88.31282291016585,89.88699340820312,1970400.0
2021-07-01,90.88958857237492,91.2175392663319,89.50281644662824,90.56163787841795,1778700.0
2021-07-02,90.94580345259816,90.94580345259816,89.49344838789112,90.4398193359375,2215900.0
2021-07-06,90.1493241769292,90.78648838579568,85.86720809858423,86.71988677978516,3142000.0
2021-07-07,87.46951154555457,90.13997730358086,87.27274113694091,89.662109375,2568400.0
2021-07-08,86.77612177782619,88.93123832672295,85.87659692185194,87.79745483398438,2290100.0
2021-07-09,89.68083093067756,91.37680926721396,88.96870446804868,91.04885864257812,2711700.0
2021-07-12,89.96194697824383,92.5761945446149,89.0905311227868,91.6017074584961,1849500.0
2021-07-13,90.92705734147074,91.2456359298838,89.1092635289388,89.29666900634766,1580500.0
2021-07-14,90.21494243895674,91.095730424199,88.46274567953513,89.09053802490234,1604100.0
2021-07-15,88.80006326912508,90.53353024031416,88.46274765640194,89.40911865234375,1278300.0
2021-07-16,89.40910477560085,89.42784889765849,85.86722347822948,86.24202728271484,2313600.0
2021-07-19,84.15249697372462,85.03328480087188,82.18478602792479,84.36801147460938,3398300.0
2021-07-20,84.3305376947707,86.36383894347988,83.08431803312767,85.7547836303711,2471200.0
2021-07-21,86.80424323726214,88.4440038878023,86.63558185582646,87.04786682128906,1832100.0
2021-07-22,88.42527363331523,88.95936685699657,86.24204757121153,87.93802642822266,2838700.0
2021-07-23,88.9687107111983,89.19359728283295,86.75737613163982,88.38777160644531,1847900.0
2021-07-26,88.87501659991534,91.7235156634653,88.73446427185033,91.6017074584961,3235800.0
2021-07-27,90.1118503869462,92.7635786436816,88.78130380291749,92.18263244628906,2848300.0
2021-07-28,92.14517355019176,93.79430623608732,90.27116140901605,93.1384048461914,3063200.0
2021-07-29,94.4408186323604,97.73907601438944,94.16908608332022,96.9332504272461,4246000.0
2021-07-30,96.26800244366072,98.3575291428856,95.69642816422746,97.46736907958984,4793900.0
2021-08-02,98.10452542671844,99.24767389152944,95.3216236092546,95.64957427978516,3531700.0
2021-08-03,95.85570540109693,100.0160066912862,95.10609782962425,99.9504165649414,3524800.0
2021-08-04,99.32263632596874,99.94106371941685,98.1607508838163,98.29193115234376,2499900.0
2021-08-05,97.90773661082402,99.07899389157438,94.98428301329486,95.11546325683594,5150600.0
2021-08-06,96.6053136055112,98.5730247031451,96.0805925524857,97.73908996582033,2668300.0
2021-08-09,97.13940632948676,101.78695504146116,96.93326387411564,100.9905014038086,4780400.0
2021-08-10,101.29033398129924,111.43810935567376,101.26222494876544,110.66039276123048,8317800.0
2021-08-11,114.24912910882398,116.1699940538544,111.26945007558524,114.98936462402344,9300900.0
2021-08-12,114.38031691569569,118.03464157873276,112.731184429273,117.35062408447266,5215000.0
2021-08-13,116.4885787019567,120.69573338993334,116.44172554522947,118.22203826904295,4748700.0
2021-08-16,116.25430996103512,116.6759597138452,111.87849456661723,116.45108032226562,4085200.0
2021-08-17,115.42976783798304,116.54480008213169,110.1919007435,112.03780364990234,4321300.0
2021-08-18,111.05396008599236,115.44852099287208,110.47302087786018,113.16222381591795,2816700.0
2021-08-19,109.395443705847,111.11953120735171,108.6552081539657,110.03260803222656,3438200.0
2021-08-20,110.5573264244468,111.73795588450976,108.41158201124192,109.0862274169922,2871800.0
2021-08-23,110.65103748334988,113.58387090151832,109.87332791973806,112.28143310546876,2594100.0
2021-08-24,115.90764228282892,118.0252778982464,114.78323791380105,115.48599243164062,2479900.0
2021-08-25,115.3641787143812,116.05756113721856,112.1502479202831,112.40323638916016,3463000.0
2021-08-26,113.068511008565,113.96803590040216,110.60418783036914,110.6229248046875,2291800.0
2021-08-27,111.531818665107,113.56511988970986,111.50370963001478,112.30016326904295,2430100.0
2021-08-30,113.4808046769258,115.63592147782978,112.11277668502954,113.41521453857422,3042500.0
2021-08-31,113.1434702609362,113.37772175215969,108.98316148919514,110.1544189453125,3543700.0
2021-09-01,109.432921806212,109.97638695329404,106.2096191670086,108.93630981445312,3168100.0
2021-09-02,109.31112401000296,109.90143521977964,107.44647691232336,108.01805114746094,2035600.0
2021-09-03,108.6926984321511,109.0862392452479,106.734359279749,106.86553955078124,1879800.0
2021-09-07,106.81866579602752,108.95503796814212,106.5469332444814,107.53079223632812,2918100.0
2021-09-08,106.9311208443449,106.97796685224644,104.59797089793392,105.1133270263672,2310800.0
2021-09-09,105.25388795185994,106.25648410739936,104.30750986991325,105.47876739501952,1712300.0
2021-09-10,106.35955413411224,108.89883956186192,105.03837222937196,105.17892456054688,2288300.0
2021-09-13,106.19089983240865,106.49074148943195,100.10972527932115,102.32106018066406,3494000.0
2021-09-14,102.56467416369378,102.76144456250394,99.1539729534076,99.5100326538086,2852700.0
2021-09-15,101.20601579567315,102.9394753928475,100.3814459752054,102.72396087646484,3266700.0
2021-09-16,101.99310344760126,103.53916480430102,100.78436482868284,102.9020004272461,3306600.0
2021-09-17,102.08680446324855,102.19924776080268,97.48610855735323,98.28256225585938,7501700.0
2021-09-20,91.65791797132084,92.604295943538,88.47209644265993,90.77713012695312,6527500.0
2021-09-21,91.64856130776492,91.72352350898322,87.45077812258566,90.14935302734376,4438100.0
2021-09-22,92.2950826911586,94.08476742146117,90.8708368448429,91.05823516845705,3692700.0
2021-09-23,91.40494504536166,95.04989808804532,91.40494504536166,93.1384048461914,3986100.0
2021-09-24,92.53871569116258,96.38981097007104,92.15453979505496,94.5626449584961,3356400.0
2021-09-27,94.30027144626423,97.62664518877304,94.30027144626423,97.37364959716795,2844800.0
2021-09-28,96.95200928246956,97.73909086928332,94.13161929881042,96.43665313720705,2421600.0
2021-09-29,97.5513936585357,98.41685026840214,93.23354840467049,93.87322998046876,2370600.0
2021-09-30,94.7386791093914,95.70760696880905,92.61267752943616,92.65030670166016,2544600.0
2021-10-01,92.6032827409222,93.25236627486991,88.23839890568381,91.86012268066406,4788700.0
2021-10-04,92.18935151564648,93.68507326363004,90.25149601513044,91.04168701171876,3073800.0
2021-10-05,91.66257551603664,93.35584534564391,90.49609261056052,92.84786224365234,2395400.0
2021-10-06,89.7247058854057,91.5873104562673,88.50179007199873,90.2985382080078,3402200.0
2021-10-07,92.60326731676516,94.84214903563364,92.10469338930108,93.08302307128906,3234200.0
2021-10-08,93.23354671467165,94.18366356231827,91.74722673063648,92.16114044189452,2448400.0
2021-10-11,94.02374181648108,95.84871724663124,92.71615854756864,92.7726058959961,2378300.0
2021-10-12,93.13008048934752,94.87979772724933,92.5186189295162,93.69450378417967,2194000.0
2021-10-13,94.28713849426344,94.7763033536794,92.687931054534,94.39060974121094,2692900.0
2021-10-14,95.44420299152888,97.66427375189812,94.7010430425296,95.22784423828124,2386300.0
2021-10-15,96.67653027171816,98.20047937832514,95.62294220722676,95.74523162841795,2489300.0
2021-10-18,93.57219660578043,96.59186747891334,92.94192416564084,96.45075988769533,2687600.0
2021-10-19,96.24382672648152,97.33505137824832,94.69166437223996,97.17513275146484,2190700.0
2021-10-20,96.78940956106275,100.23240300598772,95.94277124042304,98.92481994628906,3660500.0
2021-10-21,94.28713714335166,96.3943204089246,92.18935578743806,96.01803588867188,4479400.0
2021-10-22,96.08390510764497,97.75836403483991,94.8233599564422,96.26264190673828,3153400.0
2021-10-25,97.0245996496015,103.4684464935514,96.15915021632136,102.93224334716795,4507900.0
2021-10-26,103.24267737657556,107.30653464090032,100.80624770623976,104.82306671142578,5641700.0
2021-10-27,103.20505487423485,106.55397244285062,101.22956987226524,101.78458404541016,3158700.0
2021-10-28,102.55594255156116,104.62550364149568,102.33017473017853,102.9040069580078,2993500.0
2021-10-29,104.65373713227292,108.0779127663035,104.17397417045754,105.03002166748048,5369700.0
2021-11-01,106.17770299888448,106.1871049103988,100.4676063468324,102.7441177368164,4552500.0
2021-11-02,101.36126778377547,101.90688004282524,99.92198596496192,100.8626937866211,3297300.0
2021-11-03,100.94735233795296,104.39034635195816,100.1853813119486,103.7130355834961,3140600.0
2021-11-04,103.7412550730776,107.3159475851788,103.66599672656304,105.17113494873048,3557100.0
2021-11-05,105.69792574598362,108.71759683028591,104.76662706206608,105.5474090576172,3130900.0
2021-11-08,111.06935907611376,112.24524371407423,108.3695253636256,109.34786224365234,4202300.0
2021-11-09,107.49468075138375,108.20962071291758,105.2840187826874,106.67626953125,3173400.0
2021-11-10,104.99239009208232,107.32534123829284,103.12978563282276,103.8165054321289,3212100.0
2021-11-11,105.38748864768824,108.8022623917468,105.35926856336224,106.64804077148438,3301500.0
2021-11-12,106.5257295990125,108.06848953207437,105.35925415189904,105.58502197265624,3011600.0
2021-11-15,104.79486061389204,105.6509010636347,102.08561729138138,103.44023895263672,3568500.0
2021-11-16,103.58131990756776,106.1964860260386,102.66883233881428,105.07704162597656,3187200.0
2021-11-17,104.380917415502,105.52858186859991,102.59357148905592,102.64060974121094,2834600.0
2021-11-18,102.81934900777684,105.94249811845155,102.69705241998732,105.07704162597656,2590400.0
2021-11-19,104.7666309774512,107.53230704775284,104.10813120678432,106.15887451171876,2879500.0
2021-11-22,107.02431631247218,114.27717929624282,107.02431631247218,112.57449340820312,5089100.0
2021-11-23,112.6967918593806,114.82278621707854,110.3073933017182,112.30168914794922,3831700.0
2021-11-24,112.3205163888942,113.4869920890602,108.7458237624431,108.924560546875,2649300.0
2021-11-26,103.83532423487505,108.55768140339994,102.7723270060946,107.2218780517578,2825900.0
2021-11-29,108.5388578555334,110.06280699769404,105.36867732419854,105.42511749267578,2854000.0
2021-11-30,104.6161185764729,105.87667082077212,99.55511295433314,99.9596176147461,6881700.0
2021-12-01,101.82220473572262,104.2116032792745,98.41684727785852,98.48269653320312,4309000.0
2021-12-02,99.1882372309362,102.97928868869212,98.9060220073137,101.18253326416016,2945000.0
2021-12-03,102.3866182508419,105.82961173079131,101.84101326268365,103.9481964111328,4211200.0
2021-12-06,105.4815657537826,106.45990275228678,103.58133910661272,103.70362854003906,3084800.0
2021-12-07,106.78913959221784,108.71759333193182,106.10242696047771,107.25009155273438,2498700.0
2021-12-08,108.51062944743148,108.63292603912488,105.59443707497624,106.12123107910156,1722700.0
2021-12-09,105.15231645616004,106.53515806680916,102.86639622115524,106.19650268554688,1968200.0
2021-12-10,107.38180338842616,107.88978649281168,103.80711065846796,106.4975357055664,1890000.0
2021-12-13,107.2406915116633,109.64890123492438,104.79485261434738,108.69879150390624,2591500.0
2021-12-14,108.6329444383564,113.86327772812288,107.80511694648688,111.39862060546876,3672500.0
2021-12-15,106.29055519918718,107.70161667200011,97.24095221351264,101.80338287353516,8675100.0
2021-12-16,104.66315364341456,109.05625742272524,104.55026612173567,107.14662170410156,4963900.0
2021-12-17,106.99609267664876,111.66200204613872,105.74495687980551,111.00350952148438,7103200.0
2021-12-20,108.68937232557737,109.80881682443028,103.61895821917236,104.54084777832033,3248700.0
2021-12-21,105.57564312219856,106.51635095401096,104.34331098214312,105.84844207763672,2515100.0
2021-12-22,106.07421825711778,107.4758709319127,105.35927828773936,106.90203857421876,1095600.0
2021-12-23,106.96788211332566,108.08732668189302,105.96132506347269,107.5229034423828,1191900.0
2021-12-27,107.91800744661414,110.04400923158508,106.79856279034968,109.73357391357422,1550600.0
2021-12-28,107.51347671615908,108.88690900521893,106.30937208887536,107.66398620605467,1524600.0
2021-12-29,108.08731283383705,108.7081761646445,106.53514374127342,108.0779037475586,1079000.0
2021-12-30,108.33301966028328,110.1848652260486,107.39764305877203,107.56771087646484,1348400.0
2021-12-31,107.6810827093984,108.32356027647548,106.3016470641684,107.85115051269533,1298900.0
2022-01-03,108.55032109436506,111.72491546348807,106.1882721416486,106.80240631103516,2243200.0
2022-01-04,107.7755723062948,111.3186458333384,106.46227362894275,110.61003112792967,2924300.0
2022-01-05,111.84772945183931,119.68028394641745,111.67766165405546,115.94824981689452,7732200.0
2022-01-06,116.77969122981516,117.1387272607902,109.99588678790846,110.16595458984376,4619400.0
2022-01-07,111.01629813038504,111.24305280608628,107.23701989615915,108.12515258789062,3521200.0
2022-01-10,107.70943629100935,108.75818664209396,104.36477398328036,105.6875228881836,3050200.0
2022-01-11,103.93014808624989,104.78993731681403,101.49251197384709,104.72379302978516,4253700.0
2022-01-12,106.5662072922676,108.97549303185562,105.28125201445997,108.38970947265624,2869000.0
2022-01-13,107.7094289081492,109.75968560559504,106.09378833953508,106.50006103515624,2325200.0
2022-01-14,105.70640906912334,106.55674810910293,103.40105425989115,104.70490264892578,2428900.0
2022-01-18,102.45624727447,102.73968885029872,99.56509418388345,100.812255859375,3056100.0
2022-01-19,102.51291954717476,102.90974202185728,97.90220281141374,98.4974365234375,2742100.0
2022-01-20,97.78883330783611,100.63274245910252,94.5197581994616,94.8031997680664,4079300.0
2022-01-21,93.26313338117411,93.32927045883172,87.76428409689562,87.91545867919922,5790000.0
2022-01-24,85.26052303385492,90.61765591744884,83.61653886436568,90.0507583618164,6443900.0
2022-01-25,87.97214688997119,90.15467769448168,87.14070829977693,88.9925537109375,3402500.0
2022-01-26,90.23971897552616,90.73102197928483,86.63050851340252,87.90601348876953,3590200.0
2022-01-27,91.88371553256906,93.54660021762936,90.06021322903648,91.40185546875,5494000.0
2022-01-28,92.49783802401124,95.0299547785439,91.35460720092316,94.2835464477539,5878600.0
2022-01-31,93.89616325205924,97.25027550105808,93.60327150146648,95.80470275878906,5601400.0
2022-02-01,97.7037819123811,101.72870754340444,97.7037819123811,101.5302963256836,4530900.0
2022-02-02,101.56810828698158,106.52841124983418,100.16977208956644,105.8009033203125,4429100.0
2022-02-03,105.2623471821656,108.64479561748018,104.46869502946544,106.05599212646484,3453600.0
2022-02-04,106.34888948434792,108.03066718128838,104.0529776194996,105.1206283569336,3354100.0
2022-02-07,106.59455574195108,107.30317050017403,103.17430591390344,104.98836517333984,2414000.0
2022-02-08,106.0087429232619,110.40215495318438,105.65916432854158,109.19278717041016,4273400.0
2022-02-09,109.24948972430752,113.69958925559833,108.88101065033068,113.45394134521484,4067900.0
2022-02-10,112.01780547247066,116.55294227401572,111.50760204166674,114.88060760498048,3280400.0
2022-02-11,112.47132474951611,115.36247038542338,111.34698713181822,111.87609100341795,3304700.0
2022-02-14,112.43353418979764,113.33110994072528,110.09037837280094,110.87458038330078,2348700.0
2022-02-15,111.14857108748848,115.29632832793357,110.54388715323688,114.87116241455078,1944300.0
2022-02-16,114.2664877658069,117.52611258902766,113.973588780314,115.8915786743164,1941800.0
2022-02-17,114.7955761372428,116.76080254516414,113.66179555258113,114.2664794921875,2190700.0
2022-02-18,114.88060553607431,117.21431097612287,114.6538508626011,116.14666748046876,2243600.0
2022-02-22,115.95772513511794,118.06466903272724,111.6587926099941,112.1595458984375,4220600.0
2022-02-23,113.2649850694512,114.44600971560232,110.7517683708109,111.46983337402344,2377700.0
2022-02-24,107.40710678212452,114.58773526085916,105.9898771925689,114.22870635986328,2937300.0
2022-02-25,114.99399517064,123.29896050161932,114.99399517064,122.87379455566406,4722500.0
2022-02-28,121.71167888785403,126.96487403607064,121.125880879024,124.35716247558594,4076500.0
2022-03-01,125.63265799039988,129.40249322316404,121.26759623852736,123.7713623046875,3765000.0
2022-03-02,125.73660756090636,131.45276963630874,123.25172713346788,130.39456176757812,3691100.0
2022-03-03,131.69838962827922,132.51093497556795,128.1647595055489,129.94102478027344,3385300.0
2022-03-04,128.38208460014184,131.23542925065976,126.92705442502806,131.06536865234375,2780600.0
2022-03-07,130.06387442643134,131.0653809329375,123.0627574703865,124.6217041015625,3623000.0
2022-03-08,123.55406287644205,124.50832548044464,118.66934007603017,119.0094757080078,3593500.0
2022-03-09,119.9070885881418,123.97925976582866,119.0567492958954,122.83602142333984,3852200.0
2022-03-10,122.87379006609176,126.79478558201836,121.81558232614408,126.19010162353516,2691800.0
2022-03-11,125.3681216087578,130.62131655370462,123.89420526210984,127.78685760498048,2683200.0
2022-03-14,128.05137232656924,128.84501716376388,122.1651514921756,124.7634048461914,3184400.0
2022-03-15,122.2123970920447,128.38206671840203,121.57935539723609,128.04193115234375,2977600.0
2022-03-16,129.24183830370495,133.01167286828257,124.54609918836064,127.65454864501952,2845500.0
2022-03-17,126.65307323562124,128.70333008571978,122.86433732395427,127.48450469970705,3989800.0
2022-03-18,127.73013052040774,128.72219372349838,124.7444979076623,128.6466064453125,6600400.0
2022-03-21,130.26229146506552,136.64928206188145,130.26229146506552,134.87301635742188,3825200.0
2022-03-22,135.74223915349285,139.1341382811386,134.2777657935577,136.0540313720703,2935600.0
2022-03-23,136.05401905865693,140.91983411243646,135.95008832853725,139.020751953125,3445800.0
2022-03-24,139.7199241966187,145.78566417423298,139.28530084613672,145.0487060546875,3966100.0
2022-03-25,143.88657957844163,148.98861438899354,143.29135299648016,148.92247009277344,3524100.0
2022-03-28,146.97613762547658,147.66585191064414,142.3559702652222,145.36050415039062,2431700.0
2022-03-29,141.16549316273253,142.28983073979245,136.57366954908085,142.19534301757812,3362200.0
2022-03-30,143.23809542681025,144.67899762795827,139.87280320078085,141.69290161132812,2158000.0
2022-03-31,141.59812722730717,145.9587904848843,140.8018367257925,140.91558837890625,2972400.0
2022-04-01,143.3897732846277,145.47531647546367,139.446233580269,141.49383544921875,2252500.0
2022-04-04,141.7308369804256,142.34702549628855,140.0624167831163,141.74032592773438,1872200.0
2022-04-05,141.8446316995492,145.90193859464256,140.14775878296848,141.0578155517578,3068400.0
2022-04-06,140.05292679192516,142.78306731566786,135.56902359873172,138.8679656982422,3253800.0
2022-04-07,137.92949784419432,143.95858162752464,137.92949784419432,143.05801391601562,2578800.0
2022-04-08,144.07232534536732,145.7407600518581,142.01523434007726,142.91580200195312,2624900.0
2022-04-11,143.62678226338753,148.07275932027548,142.584025011224,144.84967041015625,2325800.0
2022-04-12,146.70768118708835,152.08266382618544,145.75023767863016,149.05865478515625,2490200.0
2022-04-13,150.54694793475235,155.35315749587497,148.66997344770925,154.73696899414062,2777200.0
2022-04-14,155.4574610545154,158.15916436513743,155.26785565879948,156.71826171875,2497600.0
2022-04-18,157.17326144662348,163.11703106452458,157.05002084915952,161.46755981445312,2680000.0
2022-04-19,159.8465093529335,163.3066044749339,157.6377401069067,162.88949584960938,2906700.0
2022-04-20,161.38226598559947,163.99865551361128,158.97441635345916,160.4437713623047,3599700.0
2022-04-21,162.56720847260328,178.12336871718335,160.58594227594946,166.45387268066406,7848700.0
2022-04-22,167.0795527445781,167.44926011248234,151.60869019411737,152.67042541503906,4993900.0
2022-04-25,148.9449044440267,153.84590308952065,144.59372962738004,150.3099822998047,5406400.0
2022-04-26,150.06346729985106,153.18227835728922,147.01100653817642,148.8595428466797,3642200.0
2022-04-27,153.05909031897065,153.5994251597731,147.2764732849031,150.7176055908203,3270400.0
2022-04-28,151.52334623215816,153.46668537946297,146.34744411361996,152.29119873046875,2675400.0
2022-04-29,154.18711803088044,155.40051692586246,145.31412957078936,146.7266082763672,6063900.0
2022-05-02,146.4422229007936,146.9730831388022,137.8536274926458,142.18585205078125,3789100.0
2022-05-03,142.53661861489175,145.67439367282174,142.00575829226247,144.2429656982422,2560000.0
2022-05-04,144.43257850525944,147.10584395382045,140.13827946549512,146.4896697998047,2206600.0
2022-05-05,145.95878228427156,146.7550727410471,131.42641635625512,133.4929962158203,3674700.0
2022-05-06,132.71566546253908,133.03797146423895,127.37859514411193,129.44517517089844,2818800.0
2022-05-09,125.56796864905375,128.11799287593516,122.56289446412882,123.26439666748048,4802200.0
2022-05-10,125.87131188912916,126.23154470705067,120.86603715473352,122.79041290283205,2968500.0
2022-05-11,124.37352295684856,125.04658727377466,119.24501471430064,119.4156494140625,2460500.0
2022-05-12,117.48180429465587,120.35414935013746,115.87973429070313,118.15486145019533,3342000.0
2022-05-13,118.49613226864072,121.0272079181157,117.15949242508408,117.34909057617188,3377600.0
2022-05-16,115.82285205567244,117.01729501401208,110.04971711738872,113.519287109375,5034300.0
2022-05-17,116.16411680882425,119.12178255706957,113.40552367357196,118.5624771118164,3727300.0
2022-05-18,117.529188913086,119.9275491036871,112.23952064739537,112.97893524169922,2382400.0
2022-05-19,112.9505072296504,117.0457329998016,111.64230538746068,114.42933654785156,2310100.0
2022-05-20,116.78978011603536,118.10745647236403,110.66590112809747,113.72784423828124,2869500.0
2022-05-23,116.74237512929626,120.86603852666126,114.98863405598344,119.73795318603516,2613700.0
2022-05-24,117.38699891925772,119.05541909382676,114.69476329211764,117.75670623779295,2056800.0
2022-05-25,116.75186860408384,122.62927366679246,115.65222106339029,121.9656982421875,2221200.0
2022-05-26,123.23596849674276,126.94253071309554,122.06048174373235,126.146240234375,2015100.0
2022-05-27,128.2696702265279,130.81970889546156,125.69119364763164,130.5732421875,1927700.0
2022-05-31,128.48774087223873,130.57328471446138,124.76222880518716,125.56800842285156,6387400.0
2022-06-01,126.22206694551257,127.27431311728692,121.20731728489542,123.9090347290039,1954500.0
2022-06-02,125.70067412157432,127.29325483156428,123.87108673644188,124.78114318847656,1554500.0
2022-06-03,122.56290897627603,124.5441752334125,121.27367775507456,122.01309967041016,1588000.0
2022-06-06,123.67206094449736,123.86165188040748,120.92294174678652,122.73356628417967,1633300.0
2022-06-07,121.81400040103082,127.0467926396242,121.01771001783491,126.81927490234376,2030700.0
2022-06-08,124.77167647595036,126.231556851771,122.11737481965676,123.10325622558594,1771500.0
2022-06-09,121.3305533431234,121.41587431613732,117.08365616623854,117.2258529663086,2393000.0
2022-06-10,114.01224541879655,115.68067313222733,112.62821134067048,113.91744995117188,2230000.0
2022-06-13,109.82219724491706,109.94543783249658,105.18662983386132,106.428466796875,3233500.0
2022-06-14,107.12050069008048,109.75585344367424,106.7318299151254,107.80303955078124,2681900.0
2022-06-15,112.18264600374106,114.70424697069602,107.57552339908366,110.40046691894533,3582400.0
2022-06-16,106.83610110048124,108.9974764490588,105.00652068068392,106.7128677368164,3040000.0
2022-06-17,107.10153181739685,110.14451118422622,105.99240268379656,108.05897521972656,4626100.0
2022-06-21,112.80831564570224,112.80831564570224,106.20097028640804,106.41900634765624,2527100.0
2022-06-22,102.69348340556782,103.6130144918592,100.50367009965272,102.22897338867188,3090300.0
2022-06-23,102.38065483717207,103.30966766518586,98.16219556324197,100.52263641357422,2211800.0
2022-06-24,102.16262168191857,105.61323568942989,101.07246305667368,105.28144073486328,2804700.0
2022-06-27,106.59911869723064,106.59911869723064,103.08215432635257,104.3334732055664,1941300.0
2022-06-28,104.97808186702602,107.15841339420258,101.95406576633296,102.35221099853516,1920500.0
2022-06-29,103.17126622067984,103.23793249066976,99.25698615079637,101.19031524658205,1472900.0
2022-06-30,98.61889559130304,100.57126911677403,97.37127356280628,99.4379425048828,2142400.0
2022-07-01,99.27602712128292,101.99030697173175,98.09507869383955,100.60935974121094,1831000.0
2022-07-05,97.14268886271036,99.66649546775116,95.36173695110612,99.6188735961914,2500400.0
2022-07-06,98.00935537964264,101.780776463714,97.69506847278404,100.86649322509766,3228500.0
2022-07-07,104.76172970233344,107.10458205829266,103.16173208532744,105.2283935546875,3023600.0
2022-07-08,106.61888427840442,106.61888427840442,102.35222810097667,103.8188934326172,1998200.0
2022-07-11,102.2855449430278,106.799821084892,102.2855449430278,102.695068359375,2448400.0
2022-07-12,102.69506759342464,106.27600873664568,102.20935208787326,103.97125244140624,2404100.0
2022-07-13,102.53316141521178,105.21887081577742,101.94268361908716,104.48553466796876,1551900.0
2022-07-14,101.42839862342832,103.97124969012889,100.72363995387995,103.2093505859375,2247700.0
2022-07-15,104.13315520818452,105.19029687372584,102.48554299271848,105.06649017333984,1715700.0
2022-07-18,107.47600277824247,110.72361968580256,107.209337736253,109.01885986328124,2833000.0
2022-07-19,109.49506609572734,112.47601114664148,108.5712568703109,111.64744567871094,2204300.0
2022-07-20,111.78078334614726,113.01887232337874,110.04745296516006,112.14268493652344,2340300.0
2022-07-21,117.22838282890548,122.44743266987236,115.41886768960664,122.39981079101562,3426000.0
2022-07-22,123.04741093507018,124.49503163750325,113.59028355893086,114.15219116210938,3445200.0
2022-07-25,115.59981448470349,117.23790829361684,114.52362832702369,116.41886138916016,1890900.0
2022-07-26,115.6474261448804,118.37123169975732,114.89504557744873,117.43789672851562,1704000.0
2022-07-27,117.34266608286433,121.84742388343014,115.79980882486556,121.26647186279295,2339300.0
2022-07-28,121.88550532827296,125.7426371120189,121.4188342423115,124.19025421142578,2423900.0
2022-07-29,125.73312195528142,129.6378684498479,124.48550737063208,129.33311462402344,3771500.0
2022-08-01,128.09502431777565,129.40931248894677,126.07598471859572,128.43788146972656,1550000.0
2022-08-02,127.3807357873802,128.04739841404194,123.1521692237608,125.84740447998048,2139700.0
2022-08-03,125.97124210554408,126.71409696223884,124.6283835060735,125.14266204833984,1530800.0
2022-08-04,125.47597013505478,129.71405502445683,124.76168567508292,127.85691833496094,1678200.0
2022-08-05,126.12359409879991,132.03787643247134,126.11407553659264,130.13311767578125,1471600.0
2022-08-08,131.99978972025446,133.304544838746,129.56168626646885,130.0474090576172,1891300.0
2022-08-09,130.9712415756573,132.64742437499712,129.94266990373552,131.9902801513672,1530800.0
2022-08-10,134.12359285534757,135.78073824551217,133.27597576930992,134.75216674804688,1668600.0
2022-08-11,136.68550376264537,138.95215698885306,134.87597407472003,135.14263916015625,1607700.0
2022-08-12,135.34262503321546,136.8188158778668,134.07595880043232,136.08547973632812,1112600.0
2022-08-15,134.04741431975074,135.25694035100065,130.7140860773413,135.11407470703125,1663800.0
2022-08-16,135.55214925298017,136.99023678286557,135.13310003045595,135.85690307617188,1034300.0
2022-08-17,133.51403568352706,135.23783962401268,133.19023025946788,133.78070068359375,1067600.0
2022-08-18,135.12357694985886,136.29499939571653,134.72357939596003,135.75213623046875,785900.0
2022-08-19,134.02836013953274,134.1045522417849,129.96171022344615,131.59027099609375,1381500.0
2022-08-22,129.50453382780572,130.9521544404416,128.4950140896278,128.96168518066406,1759600.0
2022-08-23,130.41883640541448,133.5521582143042,130.22836343324158,130.91407775878906,1440100.0
2022-08-24,129.42836830925663,132.45694267766632,128.856949328233,131.55218505859375,1114100.0
2022-08-25,132.1235719895653,137.37119106512222,132.1235719895653,137.34262084960938,1476100.0
2022-08-26,137.74264564586144,139.1426446115419,133.73312173396798,133.81883239746094,1610300.0
2022-08-29,132.33309531114662,134.79975410758595,130.85690455126314,132.91404724121094,1195500.0
2022-08-30,132.77121178407472,132.91406287706167,127.10455742514958,128.76168823242188,1924200.0
2022-08-31,128.78074549510438,129.7521765661729,124.8378953033047,126.60932159423828,2333200.0
2022-09-01,124.03788456871705,124.35217147981498,120.67597955504536,124.19025421142578,2110200.0
2022-09-02,126.38072091881868,127.89500040685267,123.7426263826269,124.55215454101562,1087900.0
2022-09-06,124.76170299211866,128.59979086052505,124.2093211892108,128.0474090576172,2076700.0
2022-09-07,126.04740928141516,129.52358799941985,124.16168775768362,129.15216064453125,1389700.0
2022-09-08,128.61882318707134,133.00929219852227,127.82834664992934,132.7807159423828,1489800.0
2022-09-09,134.28548306248877,137.1807097783403,133.961677583956,136.72357177734375,1636900.0
2022-09-12,137.78073850120765,138.5140747744608,134.06646431852388,134.97122192382812,1416100.0
2022-09-13,131.94261332567805,133.9711857542496,128.70452972719698,129.6188201904297,1705100.0
2022-09-14,124.75218196529156,125.59026594956522,113.64743475121998,114.9617156982422,5548600.0
2022-09-15,115.4569526342966,115.46647119628956,111.04743156155078,111.6855239868164,3278300.0
2022-09-16,110.19980775264884,112.13313656594626,108.7140983721991,111.50457000732422,3869800.0
2022-09-19,110.5617287649666,113.45696321470774,109.71411162116986,113.16172790527344,1728100.0
2022-09-20,110.63790425543851,111.09504952774432,107.44743497526638,108.11409759521484,2324300.0
2022-09-21,108.75218917681872,109.99980367254888,105.16171532560338,105.23790740966795,2553600.0
2022-09-22,107.07600839371206,107.26648135333645,102.79030140746453,103.66648864746094,2436900.0
2022-09-23,100.9426881625804,101.47602555478588,98.63793181344036,100.82840728759766,1982200.0
2022-09-26,99.5712859951212,101.19032834216408,97.96176221210985,98.46652221679688,2078900.0
2022-09-27,99.90460409610634,100.818887480966,98.80936629361206,100.27603149414062,1590300.0
2022-09-28,99.65696840834993,102.2950631128778,99.03792041611244,101.8283920288086,1555200.0
2022-09-29,101.474365288861,101.90494665039584,99.35014833149418,100.74715423583984,1425100.0
2022-09-30,100.45053099948584,104.45018080712885,99.8572789217206,102.3738021850586,2251400.0
2022-10-03,105.07214817954345,110.03822337943268,104.55544608069218,109.39713287353516,2398300.0
2022-10-04,111.00462551287404,114.36317752226054,110.56447358486882,114.16223907470705,2198100.0
2022-10-05,112.31552097789044,113.64554746673302,111.26298302775687,112.76524353027344,1612300.0
2022-10-06,111.1672974735428,115.2626314056714,111.1672974735428,112.72696685791016,2171800.0
2022-10-07,111.95192035392536,112.38250174289216,109.02394938843054,110.04778289794922,1923500.0
2022-10-10,112.10501285200222,113.50201875002826,111.1481588971721,112.97574615478516,1285000.0
2022-10-11,111.92320558817944,115.99940538234524,111.3777991389768,113.73165893554688,1655300.0
2022-10-12,113.6455370809054,114.94685899858,112.48774471154503,114.16223907470705,1316000.0
2022-10-13,111.42565133741066,119.5397769033368,109.9042569001716,118.64990234375,2177900.0
2022-10-14,119.04221481191966,119.3388372287272,112.9374813547646,113.58814239501952,1978400.0
2022-10-17,116.43000502374572,119.03264929558,116.1142414245414,116.8223114013672,1473500.0
2022-10-18,119.5015049175632,120.37224563046274,117.4059921559315,119.09005737304688,1247700.0
2022-10-19,118.86039950768206,120.4870483117736,116.56394855468152,116.63092803955078,2132600.0
2022-10-20,112.28682715841924,120.96549355213236,111.07162566369388,119.53021240234376,3323800.0
2022-10-21,119.92250867343697,129.71112060546875,119.87466305530472,129.71112060546875,3678600.0
2022-10-24,129.0509140168028,129.8738091664945,126.5726652824232,128.93609619140625,2190600.0
2022-10-25,127.07977561618122,130.6871192335547,126.830998835837,130.62013244628906,1844200.0
2022-10-26,131.3664638166622,133.88299421342293,129.1752748380438,131.10812377929688,1867300.0
2022-10-27,130.12259607128902,131.51003161492685,128.94565500009193,129.6537322998047,1551400.0
2022-10-28,128.60116530604898,131.07942813800807,126.61092193430956,128.2184295654297,2051800.0
2022-10-31,127.25202238483728,129.07003919707745,125.36701878245788,125.71148681640624,2954700.0
2022-11-01,129.17529591840437,130.46705471776204,124.96514396568185,128.69686889648438,1792800.0
2022-11-02,127.34768380606536,128.3332421686452,123.04184119658484,123.1662368774414,1852000.0
2022-11-03,122.08499317562546,125.30960094709464,121.09943476547902,123.2140884399414,1364600.0
2022-11-04,128.46719622178568,131.49085797607765,126.19945720628246,127.79740142822266,1740100.0
2022-11-07,129.12745106725993,130.43835104344444,127.35727983584502,128.52464294433594,1599000.0
2022-11-08,129.33795535723976,132.88789017438364,127.2041749935322,128.6873016357422,1862100.0
2022-11-09,127.84525859921766,129.5101897512379,125.09909239714295,125.41485595703124,1601800.0
2022-11-10,130.40006920041296,133.39502705903004,128.97435140500667,133.0314178466797,2287200.0
2022-11-11,135.77756140775242,137.76781925477027,131.89273694307042,132.77304077148438,2772800.0
2022-11-14,131.7205254834673,138.5237580250124,131.32821183835253,136.06463623046875,2300500.0
2022-11-15,138.06445922743367,139.36578127022298,136.93537849935433,137.83482360839844,2402800.0
2022-11-16,135.43310079099678,137.1267363597656,134.59107924868636,135.4905242919922,1321200.0
2022-11-17,132.9548646656293,136.12204917165215,131.2899479962391,135.96896362304688,1206400.0
2022-11-18,136.91624048095915,137.06934063079404,132.65824294166003,135.9019775390625,1600100.0
2022-11-21,135.13649945808285,142.90616462106786,134.6772135815924,142.60952758789062,2644800.0
2022-11-22,144.24573741724,146.56132229570028,142.88700651833022,145.5853271484375,2507200.0
2022-11-23,145.11651159030524,145.11651159030524,141.7962263456574,143.269775390625,1233200.0
2022-11-25,143.32715540222463,144.41796838708447,142.09282015637012,142.7530517578125,578000.0
2022-11-28,141.42302752590567,142.8104629392319,139.9686053227582,141.1646728515625,1735300.0
2022-11-29,143.24103045253142,144.48494348206614,140.05470511243132,140.64796447753906,1459400.0
2022-11-30,141.40389872616618,143.69077945726002,138.77254993262812,143.4802703857422,3562100.0
2022-12-01,143.5089546337106,145.44180374528895,142.62865073151474,142.81045532226562,1409100.0
2022-12-02,141.10723746285606,147.70952314254714,140.87758728427087,147.54685974121094,2277000.0
2022-12-05,146.94406516318227,148.22624592636814,143.25060840622623,144.4945068359375,1786600.0
2022-12-06,146.1690227964568,148.16885890345705,144.49452817029763,146.37953186035156,1644800.0
2022-12-07,145.2026242366404,148.29325920146286,143.11668909766118,143.33676147460938,1829900.0
2022-12-08,146.26471739567205,147.13545812533317,143.38459182883315,144.34144592285156,1298300.0
2022-12-09,144.1309155575777,144.89638703933974,140.4757264503036,140.72451782226562,1239700.0
2022-12-12,140.96376646637088,141.78664705444584,138.1314716360144,141.6718292236328,1266100.0
2022-12-13,146.04463444510495,146.4082290461537,142.29376842076948,143.0018310546875,2056000.0
2022-12-14,141.6239743987902,143.0783967632145,139.71026614049757,141.54742431640625,2064600.0
2022-12-15,137.59559760206304,137.90178326643235,127.9218038175257,128.31411743164062,3334800.0
2022-12-16,124.8407283777892,128.7351161235252,123.88387448639844,127.83568572998048,6122200.0
2022-12-19,127.7400121285143,128.2184391402316,125.39572269118636,126.07508087158205,1676100.0
2022-12-20,126.73529057213196,130.0460113450048,126.6874449591457,128.18971252441406,1727800.0
2022-12-21,129.87380207562987,131.92146925253806,128.8021301626117,131.51959228515625,1888300.0
2022-12-22,131.05069900222784,131.5769568963431,127.38594730439728,131.0028533935547,1369400.0
2022-12-23,131.6248342940841,132.04585239140138,129.02219023833484,130.2086944580078,960100.0
2022-12-27,131.23253105935498,132.88789912789233,129.87380001959284,130.6488494873047,1074500.0
2022-12-28,130.93587968628077,130.93587968628077,127.96964145815758,128.4002227783203,1154600.0
2022-12-29,129.34153391143613,129.8601998703763,127.72787879981186,128.28497314453125,836500.0
2022-12-30,127.286060100847,128.3330064855543,125.60517723037482,126.60409545898438,1138400.0
2023-01-03,126.60408344385348,128.15049612417383,124.69268905532638,125.88370513916016,1653300.0
2023-01-04,126.49842007849264,132.71288440111908,126.46960612045716,131.58909606933594,2183100.0
2023-01-05,131.10885038693638,132.97223126488967,129.0533715605221,131.6371307373047,1712300.0
2023-01-06,133.79828118887752,140.13760216189024,133.76946722606522,138.2454071044922,2092500.0
2023-01-09,139.36919899953608,139.87826517620212,135.45033915672485,135.4983673095703,1670800.0
2023-01-10,136.5164962204065,145.31470546040396,136.36281199763022,145.18984985351562,2801100.0
2023-01-11,145.18025319524182,148.45557714530952,145.18025319524182,148.39794921875,2274500.0
2023-01-12,149.34883800094428,150.19407192697028,146.9091485592121,149.56015014648438,1698600.0
2023-01-13,148.8877925800845,151.80773437556692,148.37872638360662,151.3370819091797,1330300.0
2023-01-17,150.99127277549945,153.6134454063839,147.7927917031287,149.00303649902344,2028900.0
2023-01-18,150.491857878454,153.32535825216746,146.2368294170612,146.3328857421875,1769800.0
2023-01-19,145.03618366765224,146.7074668218858,143.7394966929374,144.84408569335938,1389400.0
2023-01-20,144.71922975488326,147.41824539990108,143.89319519305064,147.4086456298828,1564600.0
2023-01-23,147.62955138321615,148.7533399858844,146.12156681004373,147.7736358642578,1246100.0
2023-01-24,147.02442659963893,148.5035970381782,144.55592307105545,147.94650268554688,1688300.0
2023-01-25,146.13116935977365,150.75119414401712,145.80460131301857,150.4822540283203,1552600.0
2023-01-26,153.68073748234843,163.82366381120147,153.2965415010975,163.11289978027344,4133200.0
2023-01-27,162.69026421100202,164.77455731093053,158.90587396595592,160.27938842773438,2383400.0
2023-01-30,158.64653080080754,162.85354531465433,158.64653080080754,159.79913330078125,1592100.0
2023-01-31,158.7425903754125,162.5077664359116,157.2634051675623,162.344482421875,3212700.0
2023-02-01,161.12460371664625,168.80863846915398,159.5397774113948,168.0690460205078,2397900.0
2023-02-02,168.29002175844494,170.1341888793084,165.00508304425654,169.7019500732422,2181000.0
2023-02-03,169.47143244671983,175.46497171695566,168.83749589894123,169.6539306640625,2211500.0
2023-02-06,168.0114548605619,168.74143304553888,162.3252696584805,163.16090393066406,1999300.0
2023-02-07,163.16090809927144,163.8716867637425,158.00300320144342,160.5771484375,2108100.0
2023-02-08,158.62732727074325,161.79699535086286,158.24313129696864,159.74151611328125,1369100.0
2023-02-09,162.08511231286087,162.69023475545828,156.76392455585147,157.12890625,1649900.0
2023-02-10,156.09160467340226,158.92510510270824,155.65938051412877,157.62841796875,1481700.0
2023-02-13,157.71483425418955,162.37328689099982,155.84185343077863,160.9901580810547,1722400.0
2023-02-14,159.77033644098097,165.58139237658892,159.55902425014884,164.4960174560547,1878000.0
2023-02-15,162.26765045764435,163.4586667889732,159.8471747471785,163.3626251220703,1354100.0
2023-02-16,162.08515281341437,166.2825532659371,161.6529286704727,163.11289978027344,1372900.0
2023-02-17,162.78629172666643,163.13207391840476,160.54831457682337,161.43199157714844,1229600.0
2023-02-21,161.2014746807292,164.24627223774527,156.36052371260172,157.08090209960938,1333600.0
2023-02-22,157.08089956884697,159.47256105138874,156.32210746212374,157.013671875,1411000.0
2023-02-23,158.07983355788954,158.4640294983254,153.79597700696465,156.8407745361328,1140400.0
2023-02-24,153.92086004067383,156.1684372564002,152.38404683927945,156.11080932617188,1316200.0
2023-02-27,158.52166519679523,159.52059814072774,157.09052279078102,157.79168701171875,1272000.0
2023-02-28,158.19508620656387,163.33379107865483,157.04248375245186,160.82687377929688,2330700.0
2023-03-01,163.7179969878048,165.9655741087043,162.45013860786267,163.99655151367188,1805000.0
2023-03-02,163.78523027980702,168.9143207558855,162.80551159305125,168.8374786376953,1445500.0
2023-03-03,170.28784861906237,171.83426156166803,168.93354831519957,171.3251953125,2106400.0
2023-03-06,169.2984979246693,170.72965473707012,167.14697747837258,168.60693359375,1842100.0
2023-03-07,167.5984519438427,168.7222405604924,164.27509959870127,164.447998046875,1358600.0
2023-03-08,164.38070711728176,166.6474978763699,163.58348678080873,166.44578552246094,1125600.0
2023-03-09,166.2537063835497,168.3764275984471,160.8460764702205,161.22067260742188,1322600.0
2023-03-10,161.62406988611437,161.720111526726,150.93365185950185,152.6049346923828,2466400.0
2023-03-13,149.02228912117974,152.08630126956362,145.80460736897015,149.29122924804688,1968500.0
2023-03-14,152.48967442107704,153.2868948378425,148.16740458838754,150.0692138671875,1652000.0
2023-03-15,145.32433186482515,146.19839446577137,136.54532143684,139.0906524658203,3214200.0
2023-03-16,134.47064162568748,140.2432688935524,133.53895100764714,139.67657470703125,2848700.0
2023-03-17,140.71392310552577,140.82917896691117,137.17927323242827,138.42791748046875,5407600.0
2023-03-20,140.81956998128453,143.98923786717805,138.8985609178504,142.02980041503906,1940300.0
2023-03-21,145.06499605163356,147.89848144597858,144.23896158064505,146.09274291992188,1758900.0
2023-03-22,145.63167266095832,146.51533495157489,141.6551850251168,141.72242736816406,1407900.0
2023-03-23,143.10555243679494,146.81309991907267,140.80994756150727,142.15464782714844,1645400.0
2023-03-24,139.8590494468095,143.97000719968935,138.53354865474105,142.7789764404297,1493100.0
2023-03-27,144.95933286404824,145.49721302230515,142.11624784008023,143.4033203125,1349500.0
2023-03-28,143.05754309229795,144.35421537830558,141.86651223178222,142.38519287109375,951700.0
2023-03-29,144.8056606363051,144.97855907644168,142.76939568090833,143.99884033203125,1030600.0
2023-03-30,146.0516782373024,146.880532255989,144.99152569648345,145.87820434570312,1077700.0
2023-03-31,146.6492281475053,149.37673586432817,146.12877708020838,148.8755645751953,1791900.0
2023-04-03,148.06598307395785,150.66819416379744,147.45879509406953,148.8562774658203,1947200.0
2023-04-04,147.80574518754432,148.39365334103312,136.77043399430863,138.6208953857422,2938000.0
2023-04-05,136.47168668906323,140.46174795490796,136.17290158835826,138.27395629882812,2230800.0
2023-04-06,137.8113510296739,141.02075052361874,136.75118373515886,140.2593536376953,2292000.0
2023-04-10,140.26899060783882,145.39632393076522,140.10514924008322,141.52191162109375,1525400.0
2023-04-11,144.02775683422945,145.24211831360768,143.19890273384513,143.33383178710938,1533100.0
2023-04-12,143.91209349111918,145.03007066335957,141.69538951322735,142.3122100830078,1540700.0
2023-04-13,142.90011802188764,143.72897203940224,140.73160614298857,141.51226806640625,1858200.0
2023-04-14,141.20386499908292,142.63990719683764,140.16297742506902,140.8954620361328,1265600.0
2023-04-17,141.35805534820506,142.67843339429388,140.6159382968398,142.32183837890625,1465800.0
2023-04-18,143.24710201630307,145.84931372041694,143.10252571230728,145.60836791992188,1474300.0
2023-04-19,143.7674912578873,144.5288879728425,141.7628210914114,142.2639923095703,1967600.0
2023-04-20,145.04935389956478,152.61505697878457,144.09520335378093,150.08993530273438,3801300.0
2023-04-21,149.02012620240896,149.40564823502697,144.91441582161946,147.8925018310547,2478400.0
2023-04-24,147.04439600810662,149.78153650835532,146.6395941608782,149.4249267578125,1584700.0
2023-04-25,146.71671147401332,147.15041096998914,142.5146161608112,142.5917205810547,1744600.0
2023-04-26,142.80376057428788,143.12181080748877,138.46673600436398,139.2666778564453,2033500.0
2023-04-27,140.0955104251702,143.1217887368132,138.9678859756197,142.9193878173828,1442200.0
2023-04-28,141.6857604503023,143.12180268730992,140.41357429584275,142.81338500976562,1646400.0
2023-05-01,143.5554946302579,144.50964522555614,142.33148593437974,142.6495361328125,915200.0
2023-05-02,142.26403521266337,142.8808558571221,138.00411533903224,141.25205993652344,1782300.0
2023-05-03,141.974894465704,144.88552371677076,140.84726993706326,140.8954620361328,1490800.0
2023-05-04,139.71001566001982,141.252059917881,133.8502121853533,134.81399536132812,2831600.0
2023-05-05,137.22344352993906,139.179922061359,136.36567715264735,137.16561889648438,2149400.0
2023-05-08,139.5943185458375,140.0376651722693,135.89339555799202,136.49093627929688,1124300.0
2023-05-09,135.24768416725266,136.7800957665414,134.68868820459775,135.09347534179688,1622200.0
2023-05-10,137.22343520607703,137.8209759904132,129.84085352214657,132.6358184814453,1812200.0
2023-05-11,129.11802979324293,133.1851958630904,128.57831358218212,132.52981567382812,2507800.0
2023-05-12,133.59962200884456,135.3729942673018,132.83823975423084,134.04296875,1432000.0
2023-05-15,135.08385471848217,135.7777797880695,133.67672479788442,135.3922576904297,1164900.0
2023-05-16,134.72722993811152,134.8814387599964,131.4792856727857,131.8262481689453,974400.0
2023-05-17,133.97548405735597,135.25731735103298,132.8575068328614,134.58267211914062,1074100.0
2023-05-18,133.4454308571467,135.4404544715322,132.41417575475637,135.1995086669922,1140800.0
2023-05-19,136.33675963319382,136.74154675809268,132.87676723317284,133.64779663085938,1329100.0
2023-05-22,134.11042130691595,135.59465561402894,133.27193466071623,134.89109802246094,1260800.0
2023-05-23,132.33704116298156,132.76110803528155,128.76141447421497,131.96116638183594,1930600.0
2023-05-24,131.26724153896893,131.26724153896893,127.83617641508606,128.53973388671875,1539400.0
2023-05-25,128.72287105287884,130.52514077988778,127.98075393333733,129.81195068359375,1276900.0
2023-05-26,130.15890686051313,132.41415572030562,129.80229712355742,131.2094268798828,992600.0
2023-05-30,130.29383425942385,130.99739177563356,127.2482762597596,128.19277954101562,1074600.0
2023-05-31,126.70853988859368,127.84579665925789,125.08937695854014,127.27716827392578,2394300.0
2023-06-01,128.9445365237914,129.15656998564805,127.12298702414192,128.21206665039062,1498300.0
2023-06-02,133.41650719476343,136.73192390181188,132.9057032527529,136.1729278564453,2141100.0
2023-06-05,135.89339591306106,138.45706208884278,133.31046466672032,135.8355712890625,1862900.0
2023-06-06,134.24531954862508,138.7558313653346,133.86944478941265,138.31248474121094,1180400.0
2023-06-07,138.43779543722712,143.10250182673522,138.43779543722712,142.57241821289062,1869000.0
2023-06-08,143.19889956555775,144.1144906000336,139.81602606531658,141.52191162109375,1258400.0
2023-06-09,141.67610796575866,141.9170537276052,139.3919468494255,140.27862548828125,1090800.0
2023-06-12,139.75819496095036,143.63260749896313,138.65948271359323,143.10252380371094,1229400.0
2023-06-13,144.56746268975382,148.94303142311875,143.94100956723,148.77919006347656,1681900.0
2023-06-14,150.27305380474385,151.0826280502672,144.10484806814335,145.1842803955078,1620400.0
2023-06-15,144.57710267055046,147.2275062896633,144.14340320138288,145.70472717285156,1030100.0
2023-06-16,146.40829842408868,147.08294367208794,144.03738545979016,145.92640686035156,3178700.0
2023-06-20,144.21084459145695,144.69273605668943,142.17726201992926,144.10482788085938,1191100.0
2023-06-21,143.96991322555982,148.26837728892667,143.40127006315876,146.3986358642578,1203800.0
2023-06-22,146.2155316480115,147.97924167194685,144.97224328943955,147.77685546875,1103800.0
2023-06-23,145.84930134471858,148.90449207101534,145.38668956474794,148.22019958496094,1449500.0
2023-06-26,149.03940819921354,152.38373651287984,148.80809497619933,149.7429656982422,1128600.0
2023-06-27,150.54290741668237,155.7376973971245,150.3886986013055,154.94740295410156,1288600.0
2023-06-28,153.62702088860368,155.76662055588577,152.81744661075723,155.28472900390625,1730300.0
2023-06-29,155.0043571544068,158.03056728044902,155.0043571544068,157.91455078125,880200.0
2023-06-30,158.74602762353405,159.08441397762874,156.3869272568525,158.54298400878906,1240200.0
2023-07-03,158.30127187748303,161.59821153976137,157.60514342231397,160.1189422607422,765500.0
2023-07-05,158.5043400904846,159.90626034174534,154.665969867995,155.1300506591797,2577700.0
2023-07-06,153.6217759067373,156.61899690726065,151.4850451026952,154.8109893798828,1913600.0
2023-07-07,155.1397044680438,159.50016306001368,154.76263611754405,156.58029174804688,1560600.0
2023-07-10,155.62314460021418,158.97807815256934,155.28474345591502,158.717041015625,979400.0
2023-07-11,159.5872074383786,162.9614970229943,158.87175259297516,162.75845336914062,1240500.0
2023-07-12,164.36340218029724,166.5871452780148,163.86063940753272,164.04434204101562,1134800.0
2023-07-13,165.2045526655563,165.3495880497716,163.35789269725393,163.64793395996094,904100.0
2023-07-14,164.02497748546915,164.02497748546915,159.00707261423122,161.240478515625,1153300.0
2023-07-17,160.2059659401977,162.20733907832354,159.55818256173708,161.87860107421875,787500.0
2023-07-18,161.50151554979905,166.08435859116022,161.28882357376466,165.60093688964844,1333400.0
2023-07-19,164.3730651843582,164.45041443802393,160.56371402313673,161.57888793945312,1085100.0
2023-07-20,162.33303682098162,162.51673946802217,159.37449772384758,160.515380859375,1164900.0
2023-07-21,160.9020854769957,161.15345946343206,157.94354687496767,158.39796447753906,1178400.0
2023-07-24,159.3164883770454,162.19767819502815,158.2529545082283,161.12448120117188,1295500.0
2023-07-25,158.53333907554702,168.47248965212646,158.05958042202298,167.14791870117188,1861900.0
2023-07-26,164.32474377829726,166.31643922209497,161.22116934933837,163.30955505371094,1327400.0
2023-07-27,162.6134107272717,164.29570897649396,161.81092885142593,162.84544372558594,1246300.0
2023-07-28,163.3965702679239,164.9531890718334,160.83444059977904,163.33856201171875,979800.0
2023-07-31,165.0595082279647,167.71832760695528,164.44072903533217,166.3840789794922,1719800.0
2023-08-01,164.01535137458245,167.8247176040626,163.3385637900496,167.26394653320312,1268400.0
2023-08-02,165.2238794377777,166.9351965046742,163.57057061842676,163.96697998046875,1726000.0
2023-08-03,164.3633856924113,168.9365510576405,163.80261472382338,166.08436584472656,1468200.0
2023-08-04,166.16172665609452,167.08022504244002,161.9172842261365,162.19766235351562,1299800.0
2023-08-07,163.1741900622983,165.22389366735734,162.5940780311607,163.64793395996094,949400.0
2023-08-08,161.28883957523823,164.87582069471893,159.34547470052942,164.27638244628906,1120500.0
2023-08-09,165.05951320168228,165.88133602655074,163.4062044285782,163.76394653320312,1104500.0
2023-08-10,164.36342185652276,165.1078956039688,158.88142008612238,160.74742126464844,1270600.0
2023-08-11,160.17697162436593,161.93663399383271,159.7902400995562,160.99879455566406,1053500.0
2023-08-14,164.78881359839144,168.71419596936997,161.93662813572797,166.33575439453125,2145200.0
2023-08-15,164.7404608708274,165.19487848914912,162.63274915423796,163.6382598876953,1208200.0
2023-08-16,163.21284368453345,165.33989636632305,162.8744573220104,162.89378356933594,895700.0
2023-08-17,164.38272880927866,166.5871307126102,161.67556417714127,162.3620147705078,1174300.0
2023-08-18,160.6507413340635,163.48358609269042,160.44769768020984,162.75845336914062,1051000.0
2023-08-21,163.029144152477,163.57057414505627,160.96009967920003,162.10098266601562,715100.0
2023-08-22,163.5802585580839,164.8274802156217,162.47805752833136,162.83578491210938,1035700.0
2023-08-23,162.3330243395086,163.29986787876206,161.14381091702813,161.4725341796875,1338600.0
2023-08-24,159.60651593604152,161.28882882308466,157.66316594374513,159.5485076904297,1213900.0
2023-08-25,160.6603671085897,161.13412568886557,157.7114917678105,159.9158935546875,1017900.0
2023-08-28,159.93525515205013,162.71009136552732,159.64519914213363,161.4048614501953,942900.0
2023-08-29,161.05679218200896,166.14238368671533,160.67004592985612,166.0263671875,1047500.0
2023-08-30,165.93934691795695,165.98767728842316,164.32472011830043,164.61476135253906,647100.0
2023-08-31,165.00152647417613,166.73216996563656,164.1410362907596,166.39378356933594,1264700.0
2023-09-01,168.22110196508638,169.12025931780872,165.63963165044584,166.85784912109375,977300.0
2023-09-05,166.4614600420374,166.4614600420374,163.24186909915963,164.595458984375,1446600.0
2023-09-06,164.30537808233137,166.21006085707646,160.3509919166364,163.0098114013672,1443500.0
2023-09-07,161.48220992480483,164.00567211905263,161.10514153958903,163.29986572265625,1554400.0
2023-09-08,162.35236577126904,163.12584355529356,159.0747667546299,159.47117614746094,1424800.0
2023-09-11,161.9462757734622,162.9904684562552,156.66730411370762,157.7598419189453,1397900.0
2023-09-12,156.8413446818447,159.62585852176286,155.56510425426214,157.6148223876953,1075000.0
2023-09-13,157.59549882308556,157.7115153282972,154.79165842615083,155.78750610351562,1110200.0
2023-09-14,158.72670290732862,160.3800118594443,157.30544171688967,160.04161071777344,1575500.0
2023-09-15,156.8510170682342,157.34411669567527,149.76405243412384,150.26681518554688,4859200.0
2023-09-18,150.26683499198347,152.06516473135758,149.12596659156935,149.5417022705078,1643900.0
2023-09-19,150.0541094082847,153.60242331034473,150.03476840733424,152.94497680664062,1486800.0
2023-09-20,154.25018711438722,154.82063592357247,150.0734313636828,150.23779296875,1053500.0
2023-09-21,148.71016504922875,149.53198775225889,146.3607429205002,146.5154266357422,1205000.0
2023-09-22,147.0665651346008,149.97675875381148,146.83451738395033,148.05274963378906,1156200.0
2023-09-25,147.8013703736346,150.59554767338244,147.3372895953931,150.1024627685547,1247900.0
2023-09-26,149.30964382883906,150.3345103944272,146.47679928056232,146.70884704589844,1270600.0
2023-09-27,148.478151105677,152.11347705421238,147.53063393192284,150.5471954345703,1869700.0
2023-09-28,151.0128117603891,154.17508863753818,150.73151227689186,153.03045654296875,1232200.0
2023-09-29,154.2041688447665,154.95108881664794,151.1194957825239,151.6627197265625,1213600.0
2023-10-02,151.76944347923978,153.1565659595527,149.1988797731659,150.13980102539062,1460200.0
2023-10-03,148.88846623156542,151.89552119074835,148.80115312912832,151.2941131591797,1487900.0
2023-10-04,151.68213257148196,153.48637167087534,150.51811068830523,152.225341796875,1458300.0
2023-10-05,151.32322414531075,152.9916608776868,150.67331207418087,151.74032592773438,1215800.0
2023-10-06,151.8664301058435,154.0586862406289,149.51898191657756,152.51634216308594,1539200.0
2023-10-09,152.51634824149875,153.05955745718094,149.4607890026158,150.99342346191406,1025100.0
2023-10-10,152.04104013281275,154.08778427110303,151.119508685615,151.22621154785156,1264100.0
2023-10-11,151.6142394123781,152.98197216110103,148.74297160805253,150.2174072265625,1258800.0
2023-10-12,148.80116857702745,148.81087825682826,142.0013288388354,143.12655639648438,2089400.0
2023-10-13,142.2826020673986,144.53305676734465,140.4783781183797,142.65121459960938,1534800.0
2023-10-16,145.06658007286256,145.56128523804423,143.54364066419578,144.53306579589844,879200.0
2023-10-17,142.56394387733462,145.94932145865388,142.1856363952891,145.0762939453125,1097200.0
2023-10-18,143.56304826250545,144.19355572960896,140.69178078466587,140.7596893310547,1575000.0
2023-10-19,140.83730763846765,143.4078565699607,139.13006173558207,139.4404754638672,1762300.0
2023-10-20,139.6829699458203,140.61419625804874,136.91840524510656,137.1221160888672,1570700.0
2023-10-23,136.6177118652453,138.18915546449742,135.87080658304933,136.27821350097656,1807200.0
2023-10-24,138.9360657640415,144.35849292305255,137.90784615290184,142.75794982910156,2139300.0
2023-10-25,143.09744249559864,143.62124710495647,138.99424471671384,140.26498413085938,1565100.0
2023-10-26,141.50662630405046,145.96871270163234,141.50662630405046,143.86376953125,1891500.0
2023-10-27,144.11597002427146,144.6882786353919,141.98191282799198,143.6697540283203,1491300.0
2023-10-30,144.98900356046278,145.50311337695396,142.5930511094149,144.48458862304688,1201100.0
2023-10-31,143.9510576673908,145.1538885945865,142.65123355658704,143.35934448242188,1454300.0
2023-11-01,143.35932877791925,143.73763619563155,140.99249109866244,143.5533447265625,1724800.0
2023-11-02,145.1247982950641,147.5595449366003,144.94049199286397,146.72532653808594,899800.0
2023-11-03,148.42283158109797,150.4986748619057,147.72441563602823,147.7438201904297,1174800.0
2023-11-06,148.83996488538338,150.57629526607937,147.73414198115458,148.5392608642578,1007300.0
2023-11-07,147.28793520939485,148.2288564448645,146.57012938533734,146.89993286132812,1116200.0
2023-11-08,146.52163128028425,149.54809116059417,146.52163128028425,148.37437438964844,1184000.0
2023-11-09,149.88758082544103,149.88758082544103,146.09479688984908,146.62831115722656,1026600.0
2023-11-10,147.04542036348656,148.40345809502026,145.70680198982112,148.04454040527344,915100.0
2023-11-13,147.70503793839197,148.7817613748099,146.51190196740222,148.35494995117188,733200.0
2023-11-14,150.3532058275619,151.6142356754161,149.38318514480343,150.33380126953125,1239700.0
2023-11-15,150.8285203025027,152.6133547947638,150.73151231432598,151.8761444091797,820100.0
2023-11-16,151.3426068560942,152.3805211238997,148.05423785968006,150.29498291015625,1334800.0
2023-11-17,151.70152191704585,152.56483966397235,150.90611271715414,152.0604248046875,983100.0
2023-11-20,152.21564367351866,153.98108841975304,152.13804024278232,152.3417510986328,856600.0
2023-11-21,152.1380535441175,154.4661122657253,151.38143852996407,153.0595703125,1021800.0
2023-11-22,152.9722377629407,153.3020411975939,151.23590749116366,152.6812286376953,695000.0
2023-11-24,152.85584742627,153.25355942329608,151.0516085240933,152.4484405517578,435100.0
2023-11-27,152.11865841617782,156.89115864519948,151.69184692554845,156.3964385986328,1349400.0
2023-11-28,156.21212444031167,158.5498778410966,155.4943186070028,156.3285369873047,1472500.0
2023-11-29,156.70685301811537,158.9475985523063,156.2994460847481,158.8699951171875,1252600.0
2023-11-30,159.7138881373072,165.6601192361689,159.25797726472635,164.87440490722656,5483700.0
2023-12-01,166.329443283357,167.62926741175488,164.68041112629425,165.3012237548828,2038800.0
2023-12-04,163.93349346251105,165.19452329556776,162.31356071747436,162.38145446777344,1580600.0
2023-12-05,161.82854810489664,161.82854810489664,158.63717185222131,160.79061889648438,1476700.0
2023-12-06,160.16980914754487,161.8479555725534,157.1433493774454,157.37615966796875,1532000.0
2023-12-07,157.93876463985052,159.32588702344796,156.6680251930219,158.32676696777344,1228100.0
2023-12-08,157.7350208410855,160.1115679060941,156.997810651522,157.23060607910156,928500.0
2023-12-11,155.76592848520698,159.84001253563736,154.25269853516212,159.64601135253906,1321300.0
2023-12-12,160.0825010048713,161.3435307653918,157.47314318074976,158.85057067871094,1063300.0
2023-12-13,158.8505498582344,162.66273807449411,157.05602083542564,161.72181701660156,1469800.0
2023-12-14,159.6654279249515,166.09665569654683,158.05518986152765,165.72805786132812,2399500.0
2023-12-15,166.20335094954143,170.267740240616,164.4185163304883,167.6389923095703,3915600.0
2023-12-18,170.45202495215398,172.82857251676484,168.33737229862615,168.9969940185547,1994800.0
2023-12-19,169.54018236404266,172.81885640126475,168.02695274727503,172.52784729003906,1718200.0
2023-12-20,171.52875078910333,173.91499326420413,170.39382842148115,170.4229278564453,1543500.0
2023-12-21,172.1301923024742,172.8383033597989,170.72366506758377,171.3250732421875,955900.0
2023-12-22,171.69367367820288,173.54641687304118,171.6742691187222,172.72189331054688,927400.0
2023-12-26,172.73159234430562,173.79860622850134,172.430873495588,172.90618896484375,477000.0
2023-12-27,172.78008757980464,173.49790824802497,171.96527371945183,172.53758239746094,855800.0
2023-12-28,171.74945637701458,172.3916082393635,170.21215494380436,170.4553985595703,1002300.0
2023-12-29,170.27053358858169,170.68890548769286,168.83053551865655,169.3364715576172,903600.0
2024-01-02,168.99593773584235,171.7591816620441,168.65539073345028,170.68890380859375,1208000.0
2024-01-03,168.32456999373989,173.22835440217713,167.7797067090703,171.798095703125,1624200.0
2024-01-04,171.75918131562574,172.81971992055253,167.2932320792953,167.4197235107422,1809100.0
2024-01-05,166.80676450650742,167.954867385564,165.27918728838438,165.9602813720703,1489800.0
2024-01-08,165.47378007496684,168.20783604014068,162.7591729103446,168.0813446044922,1274700.0
2024-01-09,166.57322730201463,167.23485766574996,162.41862213299558,162.59376525878906,2199000.0
2024-01-10,162.59375775844347,164.54943102004742,162.17537103297897,164.2964630126953,1203300.0
2024-01-11,164.2964834534619,165.04567801553816,162.1753912098522,163.64459228515625,824000.0
2024-01-12,163.87809351722174,165.62945064644202,162.99269797519392,164.32566833496094,774100.0
2024-01-16,164.3256816995787,166.46622287764353,163.07055098196528,166.18406677246094,1534700.0
2024-01-17,164.7634945672194,167.04025128295748,164.01431490845877,164.48133850097656,1632700.0
2024-01-18,165.85324312160537,166.1743116481877,161.42620608872554,161.9029541015625,2470000.0
2024-01-19,161.88350140785147,163.6640465172387,160.82294792385588,162.28240966796875,1219500.0
2024-01-22,161.58186220878602,166.1548388197278,161.55265931872495,165.83375549316406,1642900.0
2024-01-23,167.4197314418872,169.6089240943549,167.06946002363586,167.09864807128906,1479600.0
2024-01-24,168.13000349962346,169.0348626956438,166.67054168946424,167.964599609375,1379600.0
2024-01-25,169.2683856810798,170.88352701658778,167.92567603512572,169.97865295410156,1624200.0
2024-01-26,170.46511690414383,172.44999305227694,169.41430273979304,170.36782836914062,1370600.0
2024-01-29,170.75703578844292,172.30406178031004,168.4510908252291,171.86622619628906,2203700.0
2024-01-30,173.18946004563904,185.58516045204107,172.09973336249604,183.7948760986328,3647800.0
2024-01-31,183.79487371021108,185.7992136141063,181.51811698548272,181.87811279296875,3037400.0
2024-02-01,182.8608235123595,184.73865710542972,180.20460737722,180.603515625,2250100.0
2024-02-02,180.58407228147368,180.58407228147368,177.88892877226988,178.4337921142578,2097100.0
2024-02-05,177.19809757167147,178.28783902348664,176.332150927075,177.38296508789062,1508800.0
2024-02-06,177.30513628443995,178.365689756602,176.1764971648595,176.4489288330078,1264900.0
2024-02-07,177.4218997557195,182.74407127071424,177.4218997557195,181.17758178710935,1663700.0
2024-02-08,180.89540581994365,182.32567943221676,179.5721599897594,181.25540161132807,1003900.0
2024-02-09,181.5181056131894,182.04352011453963,180.15594736230253,181.49864196777344,1198700.0
2024-02-12,181.5570438805553,182.90947781370508,180.564605754102,181.070556640625,1171800.0
2024-02-13,178.50190468739848,178.7451483074723,173.4035130659426,174.62945556640625,1530700.0
2024-02-14,175.35916229898484,177.77214936753154,174.83376268433648,176.16673278808594,1357900.0
2024-02-15,176.51703560123536,181.9462352033101,175.88460810192808,181.3235321044922,1194000.0
2024-02-16,181.76136016585056,184.4565036314448,179.64028292651648,180.56460571289065,1908000.0
2024-02-20,178.65755224734613,180.2337808503507,177.74295394784727,179.01756286621094,1421600.0
2024-02-21,179.0175829225653,179.57217066533298,177.86946529677354,179.37757873535156,885400.0
2024-02-22,179.67919704246137,182.91920387132615,179.67919704246137,181.60568237304688,1259300.0
2024-02-23,182.10190347065773,185.69218160296944,181.16784145677025,184.8554229736328,1095600.0
2024-02-26,184.3300358677965,187.64788283254293,184.13544391616404,186.4122009277344,1298100.0
2024-02-27,186.83057007382823,188.6694913088584,186.06191189485267,187.9008331298828,1234000.0
2024-02-28,186.4997451825873,188.64030096142605,185.8381296483373,186.9959716796875,963300.0
2024-02-29,187.42409547343732,188.08571105230004,185.9840824257709,187.1030120849609,1998500.0
2024-03-01,187.23919970709807,189.73001184616547,183.999193107848,185.5462188720703,1420100.0
2024-03-04,185.83811644781008,187.5505461028304,181.3040520331174,182.10189819335935,1306500.0
2024-03-05,180.5840771667235,181.6640794796708,178.1516408624649,179.80569458007812,1348000.0
2024-03-06,181.1483787474794,182.85108406104197,179.45541268026955,179.65972900390625,1038200.0
2024-03-07,181.3138162842878,183.84354124764369,180.5938097608516,181.3721923828125,945400.0
2024-03-08,182.257587950558,184.70947296729727,180.23379923692303,180.79812622070312,1210600.0
2024-03-11,179.29975022002202,180.2143486792515,175.71921097566633,179.82516479492188,1169900.0
2024-03-12,180.9051474435284,181.23597006738072,176.78946933391683,177.9473114013672,1073400.0
2024-03-13,179.46515071100288,180.62299278759207,176.7700070815518,179.12461853027344,1825500.0
2024-03-14,178.18081654123935,179.18297904131157,175.65107702185762,177.16891479492188,1487500.0
2024-03-15,177.27595176761707,183.82406602653444,176.01108194236323,183.38623046875,3369700.0
2024-03-18,184.73866323888612,186.7429883299312,183.2013617500233,184.67056274414065,1083000.0
2024-03-19,185.11811971886985,187.04461988387743,184.1548844827784,185.7894744873047,1094800.0
2024-03-20,185.77000215910957,189.38946825302705,184.65108749494968,188.2705535888672,1090200.0
2024-03-21,189.7300139238972,191.89974274664704,187.9981206255356,191.07272338867188,1591500.0
2024-03-22,191.61760167134327,192.6294886256067,188.96138542579055,189.18516540527344,873300.0
2024-03-25,190.45001959576803,193.2424514490879,189.97325678205496,190.1970367431641,951100.0
2024-03-26,190.37219483095367,191.55922491239423,188.58192530847083,188.8154296875,1015600.0
2024-03-27,190.2594428359462,193.8012003051548,189.84965505330183,193.7328948974609,859000.0
2024-03-28,193.86951336892085,194.16222321565843,191.722999305914,193.0889587402344,1051900.0
2024-04-01,194.8647170540644,196.6209612120525,193.0792034007632,195.13790893554688,907300.0
2024-04-02,194.9915623801198,195.098888826055,191.50834354300196,193.5475311279297,1012000.0
2024-04-03,193.8499760161839,197.95763521991108,192.51328621147636,195.28424072265625,1308600.0
2024-04-04,196.21115983837123,197.4990622067187,193.45970836624724,194.25978088378903,819900.0
2024-04-05,193.89875513932705,196.57214952176253,193.1474850017952,196.0843048095703,563600.0
2024-04-08,197.167330125168,197.52833046540056,194.8647023776396,195.9965057373047,912500.0
2024-04-09,197.51857561049889,198.06495932312905,192.3279005648332,195.02081298828125,908600.0
2024-04-10,194.2110121503968,194.2110121503968,190.72779323459216,193.36215209960935,806200.0
2024-04-11,193.65484216486485,194.3085523243308,191.8107896589564,192.5425567626953,781900.0
2024-04-12,192.44501330787296,194.1524700301881,188.3276021921772,189.80088806152344,1186200.0
2024-04-15,192.30840999240385,192.98162325417596,188.06415463309656,189.29351806640625,855100.0
2024-04-16,186.60061894957167,188.56174950675245,184.72729687528545,187.4397125244141,1142900.0
2024-04-17,189.59599980408836,191.1961300646832,186.96162611851503,188.0934295654297,1152500.0
2024-04-18,189.43986504500384,189.43986504500384,184.3565165172804,186.1322784423828,1051900.0
2024-04-19,186.4542728622628,187.1567705063153,184.5321633205969,186.70794677734372,1622600.0
2024-04-22,186.33718264203983,188.9032508751612,183.88820727648348,186.9713897705078,1609800.0
2024-04-23,173.3800321148508,179.47809187471358,170.16025358407498,170.39442443847656,4855700.0
2024-04-24,170.74566955888267,173.98496597896337,167.7795799069098,168.56011962890625,2587000.0
2024-04-25,167.2234272339211,171.8969735119251,166.66729194588368,171.60427856445312,1623600.0
2024-04-26,172.29699615248302,172.53116697976554,170.10169489316752,171.1554412841797,1253900.0
2024-04-29,171.70182855959075,172.30676615400867,170.0334079050479,170.97982788085938,1198700.0
2024-04-30,170.05293491166182,170.14075829097848,164.12075520734643,164.43296813964844,2179100.0
2024-05-01,165.4671821324534,167.86738490242996,163.65239902964396,164.56954956054688,1254900.0
2024-05-02,165.48669176226596,166.6867856429315,164.3646548258167,166.37457275390625,1303100.0
2024-05-03,167.49660849606883,170.38465586011915,166.94047324327303,169.69190979003906,1054700.0
2024-05-06,171.25304528122575,171.43842869000903,165.70136899345735,166.86244201660156,1588300.0
2024-05-07,166.84290508027365,167.9551905186285,165.94527252369255,167.6136932373047,1400700.0
2024-05-08,166.29652933974234,167.65273721918285,165.4476841950672,165.67208862304688,1247800.0
2024-05-09,165.89649238692738,170.51149977290302,165.89649238692738,170.1309814453125,1230800.0
2024-05-10,170.6481007726014,171.36036488184865,169.48704268372833,170.2285614013672,1149400.0
2024-05-13,169.66264385424915,171.1261780809134,168.79428080860865,169.51629638671875,812200.0
2024-05-14,170.21878758887644,171.12617162903442,167.79906703944283,168.4235076904297,1021600.0
2024-05-15,168.99918575668184,172.18967971963602,168.90161085101974,171.92625427246094,1467500.0
2024-05-16,172.0140603762378,172.2970037782008,169.10650985936488,169.2138214111328,1215800.0
2024-05-17,170.55052449980158,170.73590788351058,167.35026418858092,167.9356689453125,1245000.0
2024-05-20,168.00397545202685,168.6284161293211,166.06234800976753,166.77459716796875,1474900.0
2024-05-21,166.91120689907223,168.3454567413766,166.08186488390248,167.9356689453125,901500.0
2024-05-22,166.86241851916918,168.68695307698516,166.0916154951764,166.9404754638672,884300.0
2024-05-23,167.3307616317911,167.935684402444,166.31605102735637,167.3600311279297,950100.0
2024-05-24,168.65768117410562,168.7942771034156,165.3500944899627,167.10633850097656,1056100.0
2024-05-28,166.98923838366696,167.09656481544852,163.83776572366514,164.2963409423828,1571400.0
2024-05-29,163.19382475382545,166.56971706432546,161.8961558977468,162.5498809814453,1337500.0
2024-05-30,162.15960403101963,163.9548692719919,161.87666060554176,162.61817932128906,1380200.0
2024-05-31,162.5986494098756,164.86225619868418,161.15463311678343,164.74517822265625,2484600.0
2024-06-03,163.79877099481052,164.6671341230598,160.89120533532468,162.75477600097656,1442000.0
2024-06-04,160.97901671538844,161.2131726682627,157.07625869718694,157.26162719726562,1643700.0
2024-06-05,157.26162041331025,159.14470881753675,157.21284785045896,157.7592315673828,1251400.0
2024-06-06,157.3104198480702,159.59354467891805,157.09576695894913,159.36912536621094,1081100.0
2024-06-07,158.17878129970725,159.8960043948653,156.11032426727485,157.0860137939453,1674700.0
2024-06-10,156.36401445788823,157.46654850187912,153.26132858633326,153.48573303222656,1707000.0
2024-06-11,152.45150084525625,152.8125012351484,149.62200694470505,151.65142822265625,1784700.0
2024-06-12,152.1197505680566,153.32959599637655,150.0707967026554,150.68548583984375,1282600.0
2024-06-13,150.1878923515592,150.77331206423918,147.91454869440028,150.37327575683594,1226900.0
2024-06-14,146.35342665305683,152.31489016090495,145.49481511924995,150.92941284179688,2206500.0
2024-06-17,150.18787547537772,154.3345557920252,148.45114938084433,153.55401611328125,2168600.0
2024-06-18,154.07112842709213,155.61271958269973,150.80256273374496,151.8465576171875,1726200.0
2024-06-20,152.18805489900396,154.86144967935527,151.6124016260166,152.9978790283203,1262200.0
2024-06-21,152.61734217133036,154.11991226337997,152.1099794881074,153.7491455078125,4060000.0
2024-06-24,154.1296590973282,155.037043113113,151.73922299234593,151.7782440185547,1634100.0
2024-06-25,151.1733161493242,151.44650798692,146.55830951296747,147.79742431640625,2105900.0
2024-06-26,147.2315393902026,150.95868042118497,147.0754403851782,150.8025665283203,1616400.0
2024-06-27,150.41228142683028,152.12948941063462,149.7683228499641,150.94891357421875,1208900.0
2024-06-28,153.6022963790696,157.08791457822986,152.07489199426774,154.7772216796875,3517800.0
2024-07-01,155.29615034832722,156.1479685943467,151.8692761025196,153.71978759765625,1475100.0
2024-07-02,153.43586256226888,154.5716153132126,152.41758292902514,153.1910858154297,1143000.0
2024-07-03,153.98416343727362,155.77593105594457,152.75047904475318,153.15191650390625,737500.0
2024-07-05,152.3000727356616,152.74066782793753,150.0872817042563,150.62579345703125,1348100.0
2024-07-08,150.53769479800093,151.23286731180042,148.70676956726973,149.28443908691406,1084000.0
2024-07-09,148.5403273575172,150.02855921882406,147.10103889350034,147.11082458496094,1500000.0
2024-07-10,147.95286247521258,150.56707642732326,147.786416074515,150.15585327148438,1422900.0
2024-07-11,151.60492398939323,156.80397975853543,151.38951925462763,155.63885498046875,1927800.0
2024-07-12,157.06836077344352,159.03636068589748,155.41366736735557,157.73416137695312,1414600.0
2024-07-15,159.60421452513046,163.5108565357263,159.59442883427178,161.42535400390625,1653500.0
2024-07-16,160.42669001536947,163.32483840672174,159.7511037861728,162.66883850097656,1457700.0
2024-07-17,162.6100762556889,163.38356413552538,160.29938336682972,160.5735321044922,1323200.0
2024-07-18,159.8392116252319,164.0004162157816,159.7119229393135,162.20864868164062,1490300.0
2024-07-19,162.4338467696481,162.58072178494757,158.89926987059127,159.10488891601562,1564500.0
2024-07-22,158.90907291555234,160.0839983558547,157.32290937815603,159.92733764648438,1434700.0
2024-07-23,157.1466782830552,161.4547432381844,155.59968738317116,158.17474365234375,2212900.0
2024-07-24,157.6264447217244,158.0082958623937,151.46785319197008,151.55596923828125,2553600.0
2024-07-25,153.05402318582844,155.64865092553674,151.67347864206448,153.73939514160156,1390700.0
2024-07-26,153.61209082482526,159.0265511349231,153.06379331595255,157.5285186767578,1252600.0
2024-07-29,156.91166917148468,157.5187256193368,154.76743757241294,156.07943725585938,1134300.0
2024-07-30,155.883609259707,157.40121293590488,155.4625855424503,156.0989990234375,835400.0
2024-07-31,156.6571134574389,162.29676416351154,156.3242206769386,159.5356903076172,2438600.0
2024-08-01,159.17342855943593,160.3287676220992,151.49721849874206,152.52528381347656,2517600.0
2024-08-02,150.46916058183845,152.31968720333396,146.23942599838642,147.8941192626953,2175900.0
2024-08-05,143.4391838129515,148.87323096587662,142.35237438236646,147.3751983642578,2011200.0
2024-08-06,147.15978182510798,150.14606109689234,146.45482360553964,146.82688903808594,1180500.0
2024-08-07,148.72633915996306,149.31380930370992,141.78447449662008,142.1565399169922,1725000.0
2024-08-08,143.29232046986527,143.95810608210698,142.1467520923527,142.60693359375,1204900.0
2024-08-09,142.38173848713524,143.1454407537596,140.53122685031667,142.1075897216797,954300.0
2024-08-12,142.2838301049096,142.3034014872514,137.43723871772983,138.3967742919922,1651700.0
2024-08-13,138.71009505373272,140.28645801402664,137.93660705184385,139.8948211669922,1141100.0
2024-08-14,139.82625825556772,139.88500228095847,136.49730067021295,138.3086395263672,1218100.0
2024-08-15,143.6839455306837,144.41827574634306,140.59976460090894,142.1859130859375,1478900.0
2024-08-16,141.66699800797448,143.5272953817161,141.33410520467126,142.19570922851562,881400.0
2024-08-19,142.17613315767196,143.68395135468214,140.31582090527155,141.05995178222656,1268400.0
2024-08-20,141.05994546779755,141.5788709561358,139.87521948461864,140.4039306640625,752500.0
2024-08-21,141.8725897776949,144.1832827560998,141.51032499031342,143.40000915527344,1019000.0
2024-08-22,143.1258511581202,143.85039570167962,141.64740499678868,143.16502380371094,709500.0
2024-08-23,143.9776927795854,144.9665855085649,142.96921372666924,144.6434783935547,947500.0
2024-08-26,146.9345797100795,149.36276063980708,146.0044162027372,147.29684448242188,1226200.0
2024-08-27,146.99334113842133,148.4815730464115,145.48550796692118,147.2283172607422,1388000.0
2024-08-28,145.91631225687135,146.68981513864438,144.22246136208284,144.94699096679688,1126900.0
2024-08-29,145.83796857158188,148.17803344580116,145.01552236791997,146.8856201171875,997600.0
2024-08-30,147.01290717195633,149.10819551299565,146.9247911292927,148.73614501953125,1441400.0
2024-09-03,146.64087302352877,146.86606347098748,140.92287626466702,141.4124298095703,1544600.0
2024-09-04,140.893483988103,142.35235872053912,138.29885654919235,138.74925231933594,1544700.0
2024-09-05,139.41503613061028,139.82625925125984,135.7433851176825,136.68333435058594,1662600.0
2024-09-06,136.526671995436,138.6513322296237,135.02863959557098,135.89024353027344,1310500.0
2024-09-09,138.64155429915755,140.51163727596273,137.79952169903038,137.9757537841797,1350700.0
2024-09-10,138.2988345185918,138.31842083764838,135.14610944976573,136.69309997558594,1094800.0
2024-09-11,135.6161006390078,136.2721005141876,130.63244976190458,134.89157104492188,1889700.0
2024-09-12,135.97837989564363,137.79951944567406,134.84261223218664,137.66244506835938,1358100.0
2024-09-13,138.39676075484624,142.1075691838128,138.39676075484624,140.58995056152344,1144800.0
2024-09-16,141.25575692358194,141.72572405330885,139.3269151315954,139.97312927246094,1390200.0
2024-09-17,136.53646893788977,141.43200396570933,135.5084035940502,139.2094268798828,2296500.0
2024-09-18,140.01229262085238,142.5481760134935,138.53384651772654,139.99270629882812,1426900.0
2024-09-19,143.63498344908987,146.27856916852372,142.55797479153554,145.88693237304688,1939900.0
2024-09-20,144.95677943500093,145.4561185752685,142.23486345003988,143.2531280517578,3915300.0
2024-09-23,143.55666076274093,144.31057732125117,141.92155389739105,143.92872619628906,1486600.0
2024-09-24,146.92479078619505,148.96133509403623,146.31774924039158,147.4633026123047,1465000.0
2024-09-25,147.06186842739663,147.2283148246156,145.26031513280498,145.7694549560547,986100.0
2024-09-26,149.00050219412978,149.35298132617217,146.75835364585168,147.4437255859375,1382300.0
2024-09-27,148.43616278782918,149.77254088429635,147.16857602422326,147.52232360839844,895000.0
2024-09-30,147.52232420098142,148.30841661897128,146.32351377166952,147.72866821289062,1415700.0
2024-10-01,147.2963060739486,150.8534386826326,147.2963060739486,150.05751037597656,1262500.0
2024-10-02,150.50953818628363,152.45514271801457,148.0529615070133,148.8194122314453,1547700.0
2024-10-03,147.48301674019837,149.01591801051887,146.93274602713484,148.66217041015625,1715300.0
2024-10-04,150.62742780224968,151.69850647844228,148.30841914468223,148.8095703125,1036200.0
2024-10-07,147.3945829950261,150.73552087874577,147.3945829950261,150.09681701660156,1208500.0
2024-10-08,147.8171096800065,148.6130530377074,144.0732896014333,145.53741455078125,1702600.0
2024-10-09,145.18366969939524,149.77255275629497,144.79062346082358,149.1829833984375,1291000.0
2024-10-10,148.2298263897156,150.09681846145696,147.77780973359532,148.27894592285156,1055900.0
2024-10-11,148.3575538873003,151.15805690787582,148.3575538873003,149.2714080810547,1594600.0
2024-10-14,148.39687706689728,150.3719591705763,147.34545513032853,150.1852569580078,1075900.0
2024-10-15,148.86853583143846,152.1799961539124,148.68183361852397,149.006103515625,1843000.0
2024-10-16,149.68411786218417,151.70833445543505,149.68411786218417,151.59042358398438,1232000.0
2024-10-17,152.11120736498987,155.54057828086323,151.80659430305002,155.34405517578125,2044600.0
2024-10-18,156.40530959083165,156.71975857739656,154.3909138776897,155.49147033691406,1954000.0
2024-10-21,155.78625324787336,156.444628963483,152.71062957636676,153.39846801757812,2062400.0
2024-10-22,150.76499994177533,151.17771797234792,140.31964726269683,143.4837188720703,5247000.0
2024-10-23,143.45425544756924,144.93802234638076,139.07171610682693,139.199462890625,2785500.0
2024-10-24,139.40580280047442,141.50863175074005,137.9809913844948,138.885009765625,1984600.0
2024-10-25,139.85781928873257,141.92133461432346,138.98327862827307,139.01275634765625,1741400.0
2024-10-28,140.74216415702594,145.66515262239753,140.14275894443836,145.16400146484375,1864700.0
2024-10-29,144.82010029604643,146.75588374640262,143.57215525587327,144.64321899414062,1707300.0
2024-10-30,143.5721482385353,145.44897616110725,140.083806836406,140.22137451171875,2094000.0
2024-10-31,140.5161672812568,141.5872309718232,138.31506947294648,139.37631225585938,2299800.0
2024-11-01,139.34683333666763,141.59706565133163,139.34683333666763,141.06643676757812,1106000.0
2024-11-04,140.68321478865778,142.6779536162125,139.62197198979206,140.1231231689453,1345700.0
2024-11-05,140.08382496659968,142.66814840918238,138.8751934489439,142.0982208251953,1227600.0
2024-11-06,161.8294354714195,167.55817365303795,157.37812006506596,164.8264617919922,7506300.0
2024-11-07,165.1605402090888,165.49463098861872,158.09542434526972,158.3705596923828,2608900.0
2024-11-08,157.1128045476993,158.1249128566228,154.76431803567004,156.08103942871094,1704800.0
2024-11-11,157.22088579641365,158.37056172454967,155.90416447636915,156.29721069335938,2141800.0
2024-11-12,154.76430728379376,155.31457797735806,149.1338385884815,151.21701049804688,2170600.0
2024-11-13,150.84360958188893,152.00312142186837,148.79973624881254,149.55636596679688,2465100.0
2024-11-14,149.09452777661485,149.55636533035073,143.208580432463,143.83746337890625,1792500.0
2024-11-15,144.82009122781437,146.89344223037966,143.857102520105,144.52529907226562,1519600.0
2024-11-18,144.44667941807486,145.92062512642255,143.3952576157863,144.6923370361328,1569000.0
2024-11-19,142.56985904180596,143.63110180632967,141.21383911526334,142.16697692871094,1810000.0
2024-11-20,143.375604696655,147.33560399352646,142.96290172953374,145.59634399414062,2260600.0
2024-11-21,145.42932537924432,148.22982852087276,144.0634694771218,147.384765625,1738900.0
2024-11-22,146.99170370855308,150.5881352015909,146.99170370855308,149.28123474121094,1276300.0
2024-11-25,150.2048985615721,153.76201616722065,149.89044960513277,150.7748260498047,2694000.0
2024-11-26,152.4551228877435,154.2238608655042,149.6939334584001,151.32510375976562,1728500.0
2024-11-27,150.4898544748426,154.06662888076886,150.14594279747072,152.08172607421875,1098800.0
2024-11-29,152.7106079447842,153.46722262606485,151.31527444919024,152.00311279296875,920700.0
2024-12-02,154.08629049481638,154.87239791493693,152.75974828000545,153.6539306640625,1837300.0
2024-12-03,155.54057523443225,155.72727742841647,151.9539799072399,152.28807067871094,2043700.0
2024-12-04,151.8065863538493,152.18981163650508,145.63566821614762,146.716552734375,2160900.0
2024-12-05,146.4119655860184,146.42178649468224,140.8699293676132,143.0415496826172,2115800.0
2024-12-06,143.8374788108624,143.84729971957452,139.83816488321196,140.09365844726562,1838800.0
2024-12-09,142.34386093824443,144.5646005657939,140.85025831589806,142.0687255859375,1551600.0
2024-12-10,141.4791401610127,141.98029132961594,137.1850495231891,138.11854553222656,1676200.0
2024-12-11,138.58039483352326,138.58039483352326,135.30823307688814,136.03538513183594,2082700.0
2024-12-12,133.30366711742045,134.39438765308387,128.38067835121538,129.1274871826172,2699300.0
2024-12-13,128.48877512469994,128.48877512469994,122.82882812256346,123.0744857788086,2790700.0
2024-12-16,121.84619347544228,123.90971622040917,120.87339128794925,122.00341796875,3090900.0
2024-12-17,119.79249355898573,122.57333230880612,117.36539490888758,118.87864685058594,3290400.0
2024-12-18,119.37978704215573,121.02078580806672,115.52787696854556,115.91110229492188,2605800.0
2024-12-19,116.34345367589424,118.0335793495803,113.28747219549405,113.76895904541016,2869000.0
2024-12-20,112.67824105920336,115.87179028123155,111.96092497065987,114.55506896972656,10452500.0
2024-12-23,114.47645136782788,114.81054213383456,112.88458728512536,114.58454132080078,1668600.0
2024-12-24,114.55506253197215,115.82265674387388,113.7001713201662,115.39029693603516,886500.0
2024-12-26,114.69264336867651,116.99199534484916,113.729662094333,116.57929229736328,1565300.0
2024-12-27,116.03884065685406,118.22028172634232,114.70246997596958,115.24291229248048,1330800.0
2024-12-30,114.7024635755304,114.7024635755304,113.17938327506496,113.84757232666016,1448600.0
2024-12-31,114.49920743767402,116.1875193962007,114.23262750427618,115.22982025146484,1240000.0
2025-01-02,116.30600037142266,117.17483702873508,112.92936891686136,113.02810668945312,1383100.0
2025-01-03,113.40328040043606,114.5979335845869,110.8263813103421,113.9857940673828,2080200.0
2025-01-06,116.75029527375402,120.27501847458224,116.53308421686036,119.09024047851562,3500000.0
2025-01-07,119.22845767508548,121.88433650016472,118.7150483815014,119.74185943603516,2223100.0
2025-01-08,119.0013697068501,119.46541010836026,115.44702843329353,116.6811752319336,2360000.0
2025-01-10,115.23969085881753,117.332798975437,114.76577518124974,116.66143035888672,2647800.0
2025-01-13,116.85889222813933,121.98307212706229,116.1085288682802,121.32156372070312,3023300.0
2025-01-14,121.6868783061754,122.0126948794522,118.51759012804024,120.20590209960938,2501700.0
2025-01-15,122.6939302967683,122.72355614625644,120.38361119053644,121.51902770996094,2054600.0
2025-01-16,122.3286311371506,122.6248218466999,121.17347155137642,121.79547882080078,1189100.0
2025-01-17,122.69393317756284,124.54021947537292,122.23976806565628,122.9506378173828,1858500.0
2025-01-21,124.89565944364044,126.11993099229024,122.53597130261244,123.48379516601562,2220400.0
2025-01-22,123.15798066489,124.23416063784596,120.11704854342,120.54158782958984,2739800.0
2025-01-23,120.53170582682168,122.81240653141712,120.27500120257172,120.51195526123048,3000000.0
2025-01-24,122.42736000713418,122.96051231753296,119.82084262249624,120.62056732177734,2399900.0
2025-01-27,121.13398073337989,121.70661913138566,119.6233862353322,120.42311096191406,3103900.0
2025-01-28,120.42311434235737,126.16930177949692,117.78697847636695,124.94503021240234,4913300.0
2025-01-29,125.14249026029964,127.1467435341977,124.16504806681247,125.26097106933594,2738900.0
2025-01-30,126.37662791651825,127.21585373738358,125.0931122761875,127.0479965209961,3125300.0
2025-01-31,126.69257989443976,129.79275602314266,125.05362934438658,126.8011703491211,4010000.0
2025-02-03,128.53885793969687,131.73775675414132,124.62908184157098,129.63478088378906,5054100.0
2025-02-04,127.36394845930796,129.56566210974796,126.44575048081389,129.16087341308594,3320500.0
2025-02-05,129.52617289654103,131.72788649352628,129.09175082748175,131.53042602539062,2669200.0
2025-02-06,133.24836950380865,134.35416022545454,130.65171979287015,131.51068115234375,2891100.0
2025-02-07,132.2017905774827,134.00858318280973,128.4203782860627,128.6079559326172,3571400.0
2025-02-10,135.06502908713247,139.03404942249682,134.64047475310613,135.7857666015625,5613100.0
2025-02-11,137.5925759063531,139.705434884325,135.51920300210298,136.35842895507812,4278800.0
2025-02-12,134.66022485841776,135.73639725091024,131.7673919944258,131.8562469482422,2827200.0
2025-02-13,131.82663357042128,134.20605723719387,130.73071056981112,133.8308868408203,2423400.0
2025-02-14,134.49237537725466,136.18067966889572,133.56429462499923,136.02272033691406,2108900.0
2025-02-18,138.22443459668008,141.2456233995647,136.46701084774372,140.7124786376953,3061000.0
2025-02-19,137.36547768230554,140.26819331213014,136.63485736685575,137.9973602294922,2372000.0
2025-02-20,138.47126231347235,140.79146417869995,137.41482548731025,138.17506408691406,1895700.0
2025-02-21,138.92544898185102,139.59681763567662,133.20887234670292,133.5149383544922,2277600.0
2025-02-24,133.5939043518299,135.43031517229457,132.11292836968957,134.45286560058594,1742200.0
2025-02-25,134.4528944671077,135.0551587650926,131.7279034984204,134.3541717529297,2066700.0
2025-02-26,135.8153811966498,137.64192444050295,131.90561266980885,132.86331176757812,1773300.0
2025-02-27,133.32734430238358,135.35134812563257,132.53750237988845,133.1002655029297,1439100.0
2025-02-28,133.4853171373608,135.8252697542028,132.34990808822442,135.72653198242188,3848100.0
2025-03-03,137.8887604233353,138.34291801951798,130.31603729407152,132.36965942382812,3209200.0
2025-03-04,130.34565385615144,130.9577858537436,124.82654539838678,127.8674774169922,4662000.0
2025-03-05,129.41757118383887,131.688404297326,128.38088486406556,130.8096923828125,2787100.0
2025-03-06,129.8124984808273,131.74764737673652,127.84774633091102,130.3160400390625,2668100.0
2025-03-07,131.10586539189885,133.66302879973227,129.8618509438236,132.02407836914062,3383900.0
2025-03-10,128.92390538914347,130.42463202619305,124.125542315977,125.09310913085938,3432900.0
2025-03-11,125.09310519420204,130.28640409540606,124.5303346061772,128.2525177001953,3149300.0
2025-03-12,127.87736138109668,131.19474864265646,126.97889887863346,129.2003631591797,2154700.0
2025-03-13,128.98315188965032,132.12282923465403,127.50217570518622,127.9168472290039,1969300.0
2025-03-14,130.20742093219891,131.40206652578772,128.83505037622055,130.4147491455078,2111300.0
2025-03-17,128.82517951404097,129.2991027475423,125.9817079067438,127.85761260986328,3702500.0
2025-03-18,128.35125848278665,128.83504941902575,126.82091354166914,128.16366577148438,2168100.0
2025-03-19,128.6869526943657,129.85199511819212,127.47255645030135,129.38795471191406,1860800.0
2025-03-20,127.85761260986328,129.0127722441433,126.75182186223164,127.85761260986328,2799400.0
2025-03-21,123.65163959259056,124.97464893818017,118.0535512658908,120.46260833740234,10007400.0
2025-03-24,125.38931224841788,127.7884863459368,123.90833611949957,125.78424072265624,4234100.0
2025-03-25,125.66575966481184,127.13686804003962,125.01413408638383,125.94220733642578,2662000.0
2025-03-26,125.28071258094673,127.47255855933788,124.9746465771183,125.68551635742188,2337400.0
2025-03-27,124.40199002283252,127.2257183354853,123.30606712716352,125.85334777832033,2156000.0
2025-03-28,125.87308998976252,126.3075120450678,120.31449588202048,120.40335083007812,2737200.0
2025-03-31,119.01485329169648,119.74877610163564,116.15849953672958,119.35205841064452,2700200.0
2025-04-01,118.93551052400944,119.67935337136622,117.32881481644569,118.67765045166016,1914500.0
2025-04-02,117.09078149443648,122.43653156931045,117.09078149443648,122.01998138427734,2123600.0
2025-04-03,117.39824377926558,117.65610386025368,108.6407318803022,108.88867950439452,4247500.0
2025-04-04,105.33806334195611,105.7347810374002,98.95093038891216,102.37261199951172,3820000.0
2025-04-07,98.40545070172108,107.19271478711242,96.78882740837544,104.10824584960938,4103300.0
2025-04-08,108.6010546710725,109.86062521779154,100.71632359152082,102.8288345336914,3178200.0
2025-04-09,102.7891607214102,115.8113664904316,101.61884769811486,114.55179595947266,4111100.0
2025-04-10,111.43757599162076,111.63593105567172,105.17938064965712,108.5415496826172,2850600.0
2025-04-11,108.80932879781602,111.08052982456164,106.49845524526468,110.32676696777344,1779400.0
2025-04-14,112.15166581919382,112.91534113575514,109.6920221756357,109.91021728515624,2010400.0
2025-04-15,109.4341556799006,111.84420679939204,109.23580061468547,109.57301330566406,1366600.0
2025-04-16,108.40269758607393,110.69373106985368,106.91501193338358,108.0555648803711,1757500.0
2025-04-17,108.12499646901584,111.23922558570054,108.005986452306,109.59284973144533,2125600.0
2025-04-21,108.43245494284422,109.02752771720898,105.05044577560774,105.7942886352539,1823500.0
2025-04-22,107.22246421416686,108.97792994951912,105.6951060408,108.7200698852539,1939300.0
2025-04-23,112.65747665561834,114.8989252524355,110.2176729900963,111.0111083984375,1726600.0
2025-04-24,110.41603187063536,114.79974381407916,110.31685433965563,114.34352111816406,1784100.0
2025-04-25,113.8575436401096,115.30555675035248,113.33188835959612,114.76998901367188,1562700.0
2025-04-28,114.819578822358,117.27922250533295,114.1848335299956,115.6130142211914,2271000.0
2025-04-29,114.16500315778676,118.16191759549665,112.0624046087925,117.79495239257812,3053500.0
2025-04-30,114.08565537709292,118.697482528393,113.8476277854402,118.39002990722656,2970000.0
2025-05-01,119.01485221075278,120.87941550468746,118.41977946305111,118.73715209960938,1719100.0
2025-05-02,119.8281286350265,122.93243019484446,119.29256085376277,121.96047973632812,2085700.0
2025-05-05,120.5917919085362,121.88112246384264,119.4313989488166,119.50082397460938,1368400.0
2025-05-06,118.05282011072418,119.1437881298726,115.78161899414344,115.89071655273438,2378500.0
2025-05-07,117.08086763420526,117.08086763420526,113.0740332402617,114.20467376708984,2928900.0
2025-05-08,115.08736552457128,116.1981735603127,113.55008728970026,114.54187774658205,2084100.0
2025-05-09,114.9485114175271,115.85103676678752,113.3120557079551,114.27409362792967,1715200.0
2025-05-12,119.49091050514,121.39514625367158,118.36026248976664,119.13386535644533,2250300.0
2025-05-13,119.8479541266599,120.373609420277,117.74536321923398,117.98339080810548,1929100.0
2025-05-14,117.71560731801436,118.7173101936946,115.61300890452992,116.13865661621094,1864800.0
2025-05-15,114.62122066147334,115.05761087572608,113.12361498081918,114.51212310791016,2020100.0
2025-05-16,114.15507972498472,115.38489776906792,112.9550141838354,115.20638275146484,1833400.0
2025-05-19,113.02443276885565,115.09727863393822,112.60788261801004,114.8691635131836,1630700.0
2025-05-20,114.66089334733198,114.66089334733198,113.6691029075604,114.05590057373048,1198400.0
2025-05-21,112.79632677253966,113.80794966238632,110.55487832498407,110.80282592773438,1959300.0
2025-05-22,110.2771833756546,110.71356603149744,108.87875519872638,109.78128814697266,1526900.0
2025-05-23,107.8968901543623,109.78129363083671,105.91330914054944,107.59934997558594,3908400.0
2025-05-27,108.67048301857848,109.07712074902392,106.93484967174828,108.48204040527344,2620400.0
2025-05-28,108.85892515994196,109.69202553076346,107.53984200604708,107.94647216796876,1548800.0
2025-05-29,107.97622926788316,108.38285941861795,105.73478072695174,108.045654296875,2437400.0
2025-05-30,106.86542075315296,108.60105403684685,105.33806255549104,108.4622039794922,3548200.0
2025-06-02,121.90097154112664,124.71765287256522,116.92217909363896,119.4115753173828,7457300.0
2025-06-03,118.06273959494834,121.43482873880778,114.40303030400491,121.31581115722656,4854700.0
2025-06-04,121.37531634380508,122.98201964709948,120.0463207312768,120.85958862304688,2248800.0
2025-06-05,120.99843493009868,121.2265500630301,117.17012318680553,117.77511596679688,2429900.0
2025-06-06,119.2132048566312,122.05964607172294,119.00492977749184,120.57196044921876,2061200.0
2025-06-09,122.3472739108905,122.83324912617702,119.01485730111833,121.52408599853516,1642500.0
2025-06-10,121.99022485357872,124.52920597388332,121.67285221354064,123.65643310546876,1881800.0
2025-06-11,119.01485253538796,119.48099525183326,115.25596586813404,116.1684112548828,3617300.0
2025-06-12,115.08736613051845,117.6164272688263,114.71048847895293,117.47757720947266,2132400.0
2025-06-13,116.56513078560523,121.03810784944628,116.24775814316536,120.9190902709961,3304200.0
2025-06-16,121.89104816446364,122.42661591699564,119.49091708467095,120.671142578125,2517300.0
2025-06-17,120.8298349707748,122.43653069203624,119.41157429371962,121.19679260253906,1855500.0
2025-06-18,125.43173940115838,128.04015312694798,124.2812588473061,125.14411926269533,4038500.0
2025-06-20,128.09965847898155,128.4269511443343,122.30759830157392,123.27955627441406,5239700.0
2025-06-23,122.23817704216502,125.35239855376044,121.81170683176128,124.95568084716795,1789500.0
2025-06-24,126.53263197307984,128.18892026806432,125.46149643257358,127.14753723144533,2039100.0
2025-06-25,127.0186130129915,127.67318322303436,126.70123279786146,127.15746307373048,1713600.0
2025-06-26,128.38726969929402,130.24192811675982,127.72277191912949,129.53775024414062,1838300.0
2025-06-27,129.5972578803852,130.73782599203454,128.8038224839164,130.35101318359375,2860500.0
2025-06-30,130.30122845531926,131.34698772774178,128.9766020698665,129.0164337158203,2578600.0
2025-07-01,128.70768148224843,134.10577341930733,127.9408045651784,133.56796264648438,2092900.0
2025-07-02,134.45436752891024,138.53780254752405,133.83687825963275,138.29876708984375,1970600.0
2025-07-03,137.53187143071796,138.70711007108588,136.92433628885112,137.31275939941406,1029100.0
2025-07-07,135.94830618524136,138.54775792238237,135.3905719760202,136.396484375,1546800.0
2025-07-08,137.30280042377015,140.68905228322342,136.82474473473218,139.1652374267578,1975000.0
2025-07-09,139.03577401374037,139.77277337262754,137.42231135839367,139.13536071777344,1459000.0
2025-07-10,141.97385112913068,144.45377743765408,140.96792357364865,142.73077392578125,1967700.0
2025-07-11,141.97385048645853,143.16899733785553,140.45998970289338,141.82444763183594,1243000.0
2025-07-14,140.29068094268342,142.33239841265018,140.1014464419724,140.99781799316406,1419900.0
2025-07-15,141.4260732757062,141.65513942088955,137.70118390297546,137.82070922851562,1486200.0
2025-07-16,137.75098053839392,138.59755111383836,135.05194224197913,137.2330780029297,1535900.0
2025-07-17,137.29284901836917,140.4699430281055,136.9542116680568,140.18112182617188,1109800.0
2025-07-18,140.28072702324027,140.62930329602818,138.69714183976726,140.06161499023438,1492200.0
2025-07-21,142.5017037578223,143.5374936185578,141.1770775032734,141.57545471191406,1362000.0
2025-07-22,141.55554817709682,143.85620925822536,140.73885513339556,143.1889190673828,1473300.0
2025-07-23,143.88609899724673,145.5593016719863,143.57735435110678,144.41395568847656,1685100.0
2025-07-24,143.09927398110204,143.83628855663002,140.0616134780846,140.85836791992188,2069700.0
2025-07-25,141.23684396823768,145.40991167313567,139.73295240751213,145.2406005859375,1983700.0
2025-07-28,145.2406007691168,146.55525782312674,143.47775032223856,143.93589782714844,2404200.0
2025-07-29,134.20537040157285,140.46994093061818,133.4882792660326,140.07156372070312,4232700.0
2025-07-30,140.10145441564296,143.09928347429084,138.53780776283253,142.3722381591797,2675200.0
2025-07-31,141.98381179839313,144.08528440420963,140.8782974854353,142.49176025390625,2753300.0
2025-08-01,138.81666462640823,139.72297507677624,136.75502377095066,138.10952758789062,1721000.0
2025-08-04,138.14937985213734,139.32460332916818,136.34668259784576,136.42636108398438,1190900.0
2025-08-05,136.49608919550528,139.37440809868278,136.12757428738456,138.88638305664062,1035300.0
2025-08-06,138.16928676962783,138.93617889398456,137.18329780685778,137.96014404296875,852000.0
2025-08-07,139.9221773851101,141.0774773835997,135.80886502679874,137.2330780029297,1225700.0
2025-08-08,138.19916189406848,139.22499768021598,137.2729280121966,138.41827392578125,1066800.0
2025-08-11,138.01990058515716,138.08960976241733,135.25113777612515,137.1633758544922,1474300.0
2025-08-12,138.43819666846338,141.81449452609016,137.89041659186265,140.85836791992188,1011300.0
2025-08-13,141.42607323674872,145.50950819074112,141.13725202743336,145.25054931640625,1342700.0
2025-08-14,142.75070458520412,143.97572903577208,141.0376550979642,143.76658630371094,1155100.0
2025-08-15,150.38969924204503,150.70841318406164,144.25459263227998,144.82229614257812,2180300.0
2025-08-18,145.09118916538696,147.05322811472442,143.70680781912964,144.0653533935547,1118500.0
2025-08-19,144.6231141984983,146.85405110705366,143.64706410388746,145.32028198242188,1383700.0
2025-08-20,145.629022009286,145.629022009286,142.571422772144,142.89013671875,1190900.0
2025-08-21,142.16308726701905,143.3881116695897,141.8244499093731,142.6710205078125,986200.0
2025-08-22,142.75069358846665,148.38782076461598,142.75069358846665,147.33209228515625,1410300.0
2025-08-25,147.73048638176996,149.7024794260115,147.71056296193655,148.945556640625,1083500.0
2025-08-26,148.59696807799338,150.439496922036,146.84408702639075,147.35202026367188,1469200.0
2025-08-27,146.85404736056017,150.0510801699365,146.60505778714548,149.722412109375,943400.0
2025-08-28,150.44945149022973,150.54905339452452,147.44165330650702,149.19454956054688,1083300.0
2025-08-29,149.28419102355207,150.14071578116682,147.69065164288162,148.12887573242188,911600.0
2025-09-02,145.37007968920085,146.40586963115211,143.4677956949845,145.80828857421875,1202300.0
2025-09-03,145.59914276521033,145.59914276521033,142.15312044434165,144.62310791015625,1125000.0
2025-09-04,144.31434017248571,144.57329903615124,141.7248579156454,144.35418701171875,1141000.0
2025-09-05,145.93776489473447,149.63277678360876,144.69281705034678,146.66481018066406,1374700.0
2025-09-08,146.9835209397843,146.9835209397843,142.94988697191312,143.4379119873047,2331300.0
2025-09-09,144.1350853690381,145.52942090029734,140.41019588250626,140.45004272460938,1689700.0
2025-09-10,140.84841683973283,143.16900143446378,140.59942727202073,141.3065643310547,1439200.0
2025-09-11,141.20696727098328,145.08124446965428,141.0077786494014,143.16900634765625,1515200.0
2025-09-12,142.700893870048,142.99968437824396,140.6890539917862,140.77870178222656,929900.0
2025-09-15,140.52971639575793,141.59538383017485,138.65731000613343,140.99781799316406,1548000.0
2025-09-16,142.06348896515104,144.33427263599495,141.41612215965648,142.35231018066406,2037300.0
2025-09-17,141.41611561462648,145.82820331216791,140.43011148853225,142.22283935546875,1485600.0
2025-09-18,135.45032821165972,137.5418467114221,133.24925369148855,133.7572021484375,3676100.0
2025-09-19,134.04602526036965,134.20538223723605,132.11386370793852,132.76124572753906,4919200.0
2025-09-22,132.51224901138838,135.0818231357389,131.39676543053486,134.13565063476562,2225400.0
2025-09-23,134.73322603178576,137.54183549108305,134.0360583211108,134.7133026123047,1828100.0
2025-09-24,134.03607286204613,136.0180353947295,134.03607286204613,135.8487091064453,1669400.0
2025-09-25,135.26109126225347,136.10766187714134,134.15557696612706,134.21533203125,1701200.0
2025-09-26,134.51411722263816,137.99997105641293,134.51411722263816,137.57171630859375,1214800.0
2025-09-29,138.02984848439797,138.12945038699215,134.36472946510474,135.52999877929688,2047700.0
2025-09-30,135.38999938964844,135.80999755859375,134.27000427246094,135.42999267578125,1793400.0
2025-10-01,135.22999572753906,136.85000610351562,134.97999572753906,135.38999938964844,1552600.0
2025-10-02,135.5,139.2899932861328,135.13999938964844,139.02000427246094,1473100.0
2025-10-03,139.39999389648438,139.8300018310547,137.8000030517578,138.0399932861328,889400.0
2025-10-06,137.99000549316406,138.52999877929688,135.55999755859375,135.58999633789062,1158600.0
2025-10-07,136.47999572753906,137.60000610351562,134.60000610351562,135.8000030517578,1729200.0
2025-10-08,136.55999755859375,138.7100067138672,135.80999755859375,137.83999633789062,1223400.0
2025-10-09,139.25,141.61000061035156,137.58999633789062,138.1699981689453,1376100.0
2025-10-10,138.3699951171875,139.0,133.61000061035156,133.64999389648438,1146800.0
2025-10-13,136.50999450683594,138.64999389648438,135.97999572753906,136.97000122070312,1051300.0
2025-10-14,135.35000610351562,139.77999877929688,134.35000610351562,138.50999450683594,1327000.0
2025-10-15,139.24000549316406,139.6699981689453,135.75999450683594,136.75999450683594,1091600.0
2025-10-16,137.00999450683594,137.67999267578125,131.5500030517578,132.66000366210938,1365400.0
2025-10-17,131.85000610351562,133.6199951171875,131.32000732421875,131.77999877929688,1836600.0
2025-10-20,134.5500030517578,136.77999877929688,133.77999877929688,136.61000061035156,1291700.0
2025-10-21,135.16000366210938,141.3699951171875,135.16000366210938,140.52000427246094,1609500.0
2025-10-22,139.1999969482422,140.49000549316406,136.2899932861328,136.64999389648438,1406600.0
2025-10-23,136.64999389648438,139.0500030517578,135.58999633789062,138.4499969482422,1182900.0
2025-10-24,138.89999389648438,140.77000427246094,138.33999633789062,138.6999969482422,1360300.0
2025-10-27,140.22000122070312,144.8300018310547,139.2100067138672,144.16000366210938,2765600.0
2025-10-28,146.22000122070312,154.77999877929688,145.69000244140625,151.99000549316406,3402700.0
2025-10-29,152.1999969482422,155.8300018310547,151.14999389648438,154.42999267578125,2290500.0
2025-10-30,151.2899932861328,153.4499969482422,149.42999267578125,149.74000549316406,1766000.0
2025-10-31,149.5,152.0,147.85000610351562,150.0500030517578,1992600.0
2025-11-03,149.50999450683594,150.0,144.77999877929688,148.1199951171875,1642400.0
2025-11-04,145.39999389648438,146.7100067138672,143.85000610351562,144.2899932861328,1748900.0
2025-11-05,144.0,146.63999938964844,142.52999877929688,145.25,1466200.0
2025-11-06,145.77000427246094,147.35000610351562,144.5,144.66000366210938,1191300.0
2025-11-07,144.3000030517578,144.74000549316406,142.0500030517578,144.30999755859375,1134200.0
2025-11-10,144.77999877929688,144.97999572753906,140.92999267578125,142.66000366210938,1508400.0
2025-11-11,143.0,144.72000122070312,141.3300018310547,144.0399932861328,908700.0
2025-11-12,145.0,150.3300018310547,145.0,148.3800048828125,1580900.0
2025-11-13,149.00999450683594,149.9600067138672,144.1300048828125,145.80999755859375,1492400.0
2025-11-14,145.1300048828125,150.6199951171875,143.41000366210938,147.77999877929688,1160500.0
2025-11-17,147.00999450683594,151.19000244140625,146.10000610351562,148.6699981689453,1655000.0
2025-11-18,147.61000061035156,150.6199951171875,146.52000427246094,148.50999450683594,1334300.0
2025-11-19,149.1699981689453,150.25999450683594,147.02000427246094,148.5800018310547,981400.0
2025-11-20,149.83999633789062,153.60000610351562,147.16000366210938,147.1999969482422,1392200.0
2025-11-21,147.0,152.6699981689453,146.0,152.35000610351562,1523200.0
2025-11-24,151.72000122070312,153.92999267578125,150.86000061035156,153.64999389648438,1640400.0
2025-11-25,154.5,157.83999633789062,153.6300048828125,156.25,1364800.0
2025-11-26,156.25,159.4199981689453,155.97999572753906,159.1300048828125,1077900.0
2025-11-28,159.4499969482422,159.9499969482422,158.6300048828125,159.49000549316406,604600.0
2025-12-01,158.72999572753906,162.22000122070312,158.64999389648438,160.6999969482422,1096500.0
2025-12-02,161.6199951171875,161.94000244140625,160.17999267578125,161.08999633789062,959700.0
2025-12-03,161.13999938964844,166.27000427246094,160.72000122070312,164.7100067138672,2198300.0
2025-12-04,164.0,164.7100067138672,160.5399932861328,162.5399932861328,1475100.0
2025-12-05,162.58999633789062,162.77999877929688,159.13999938964844,159.4499969482422,1974000.0
2025-12-08,159.75,160.5,158.0,159.3000030517578,1292500.0
2025-12-09,158.0,159.38999938964844,157.22000122070312,158.13999938964844,1296000.0
2025-12-10,159.80999755859375,165.16000366210938,159.0800018310547,164.3300018310547,1907400.0
2025-12-11,163.9600067138672,168.07000732421875,163.25999450683594,166.57000732421875,1260000.0
2025-12-12,167.22000122070312,167.4199981689453,163.72000122070312,165.11000061035156,1200100.0
2025-12-15,165.72999572753906,165.72999572753906,160.58999633789062,162.02000427246094,1695800.0
2025-12-16,162.72999572753906,163.82000732421875,161.5,162.25999450683594,1349600.0
2025-12-17,156.99000549316406,161.67999267578125,156.5800018310547,160.69000244140625,2032600.0
2025-12-18,159.63999938964844,160.8699951171875,157.14999389648438,157.8300018310547,2031700.0
2025-12-19,156.50999450683594,159.2100067138672,155.0,159.14999389648438,3430900.0
