date,open,high,low,close,volume
2015-12-21,37.10886420227615,37.33523536420024,36.68037196625097,37.01993179321289,2828900.0
2015-12-22,37.10886226538104,37.941587353916994,37.03609966940673,37.68287658691406,4706700.0
2015-12-23,37.81225413573991,38.30542278820548,37.67481222540941,38.18415069580078,4171600.0
2015-12-24,38.095201548209445,38.822827615680616,38.08711818482691,38.353912353515625,2025700.0
2015-12-28,38.1598820915773,38.418592905697054,37.68288344977973,37.860748291015625,2995600.0
2015-12-29,38.09520888027125,38.329666556479054,37.7879916673886,38.23265075683594,2523400.0
2015-12-30,38.12755120556867,38.37009226387373,37.77182452565972,37.804161071777344,1990200.0
2015-12-31,37.5858689124558,38.41859418027555,37.46459686503051,38.10329055786133,3163600.0
2016-01-04,37.4565030252881,37.90924529635706,37.29480803530258,37.715213775634766,5456300.0
2016-01-05,37.67479409652498,37.80414949360883,37.14928914515507,37.28672790527344,4098300.0
2016-01-06,36.82591111276236,37.89309425754098,36.78548811626317,37.29482650756836,4444300.0
2016-01-07,36.65612411499024,37.50501917949851,36.17912546593111,36.65612411499024,6308500.0
2016-01-08,36.80165602427368,38.10329679899216,36.80165602427368,37.56161880493164,6530900.0
2016-01-11,37.74756894626615,38.05478927053768,36.92292686579644,37.82033157348633,6583700.0
2016-01-12,38.03052833260056,38.45093419478281,37.5292734099546,38.01435852050781,3884900.0
2016-01-13,38.04670013140803,38.18413891525859,36.30848379162674,36.33273696899414,5601500.0
2016-01-14,36.41358290421125,38.26498469136191,36.26805768436069,37.77989959716797,6171000.0
2016-01-15,36.83399770813652,37.472688457133465,36.44593138887156,37.09270858764648,4856600.0
2016-01-19,37.43224628276636,37.78797587289892,36.31655425893536,36.696537017822266,4918600.0
2016-01-20,36.09018760093157,36.13869702853,34.10134733053215,35.58893585205078,7172400.0
2016-01-21,35.58895006317572,37.56162131208863,35.45959462200236,37.00377655029297,7068900.0
2016-01-22,37.59394992571743,38.24072694203283,37.23822333776297,37.94967651367188,4554400.0
2016-01-25,37.715241097241424,37.94969576428446,37.06037730123875,37.42419052124024,4575700.0
2016-01-26,37.75565054016406,38.57220606588092,37.537362686578,38.4105110168457,3746000.0
2016-01-27,38.28114702247525,39.13812843161208,37.99818306308264,38.27306365966797,3955200.0
2016-01-28,38.61264292780821,38.7581682158088,37.00378447635826,37.42419052124024,4273900.0
2016-01-29,37.6909675636148,38.6449648661977,37.57778196569416,38.40242385864258,3705900.0
2016-02-01,38.12754033324929,38.99260514777375,37.8203201021611,38.73389434814453,2778600.0
2016-02-02,38.28923897829016,38.52369662642039,37.61820565793321,37.69905471801758,2999400.0
2016-02-03,38.03053084636939,39.17855982415024,37.72331056445312,39.01686477661133,5454000.0
2016-02-04,40.26190579725826,40.68231161584774,38.68538474856669,39.13813018798828,8107700.0
2016-02-05,38.984529244532254,39.243240093667616,37.23014302200172,37.39183807373047,6104800.0
2016-02-08,36.90675268873629,37.01185184145794,35.0472643869354,35.86382293701172,7405900.0
2016-02-09,35.006824184923644,35.726363508412724,34.43281001495762,34.481319427490234,7335800.0
2016-02-10,33.52733664600493,35.265549689870014,33.43840422772756,34.66728210449219,7266900.0
2016-02-11,34.0528467322537,35.51618246142888,33.87498495309444,35.22513198852539,7652900.0
2016-02-12,35.25747531494868,35.605118629164934,34.37624043911069,34.90983200073242,6762700.0
2016-02-16,35.394916171658686,36.8825053213296,35.2008845474843,36.31657409667969,6002000.0
2016-02-17,36.60760612550692,37.80414415043483,36.58335295575533,37.64245223999024,5567500.0
2016-02-18,37.58586278209889,37.70713172566861,36.71271158483321,37.01993179321289,4419300.0
2016-02-19,36.769302117298274,37.08460566892272,36.30039001295504,36.45399856567383,5359700.0
2016-02-22,36.76122641956571,37.98201790187981,36.71271698455757,37.89308547973633,5144600.0
2016-02-23,37.812238434984806,38.44284565185677,37.48884837890496,37.96584701538086,4322300.0
2016-02-24,37.39992388200929,38.56412586325822,37.01185758295191,38.386260986328125,4243800.0
2016-02-25,38.766241038033485,39.00069870672392,38.11946392102243,38.5156135559082,3584300.0
2016-02-26,38.83091033401952,39.461520610044445,38.60453915415602,39.049198150634766,3897900.0
2016-02-29,39.04920091060906,39.46960676298104,38.70964411681414,39.1138801574707,7813500.0
2016-03-01,39.34833733854927,40.64997796963122,39.25132154586982,40.62572479248047,6543700.0
2016-03-02,40.34276187404942,40.755081317188285,39.95469252464322,40.54487991333008,3757500.0
2016-03-03,40.62573473493078,41.757597234808486,40.57722528468098,41.620155334472656,5959000.0
2016-03-04,41.57971505655303,41.82225603886186,41.24015521405993,41.55546188354492,4298500.0
2016-03-07,41.23208559476412,42.05672767674864,41.14315315198977,42.040557861328125,4103600.0
2016-03-08,41.68483340893216,42.056729931309626,41.20783462272556,41.37761306762695,4530300.0
2016-03-09,42.75604033830695,43.05605341234697,41.83167355824634,42.24520492553711,7024900.0
2016-03-10,42.36684050380527,42.40738231628099,41.345172600963934,41.98574066162109,3730400.0
2016-03-11,42.25331759614346,43.10470793810432,42.228993129931965,43.07227325439453,4393900.0
2016-03-14,42.7236205858698,43.67231525538384,42.715513459151005,43.218238830566406,5128600.0
2016-03-15,42.7560391947556,43.12902874635821,42.02627743202981,42.642520904541016,6543800.0
2016-03-16,42.901992400476544,44.58044848500592,42.901992400476544,44.1425895690918,8553300.0
2016-03-17,44.10205896909044,44.39396498719668,43.79393560629583,43.98854064941406,4781600.0
2016-03-18,44.18314949800055,44.41829328337917,43.826374070411966,44.36153411865234,5924500.0
2016-03-21,44.28855186165824,44.41018039494512,43.32364309335109,43.80204391479492,4512800.0
2016-03-22,43.59122315257625,44.02097505115451,43.21823350660752,43.67230987548828,2903500.0
2016-03-23,43.66420123361162,43.73717774029698,43.20201772231844,43.38040542602539,2674100.0
2016-03-24,42.97497958050327,43.931781260124346,42.77226741267071,43.83448028564453,3003700.0
2016-03-28,43.98853909111154,44.59667557624211,43.78582692940135,44.28044509887695,2986700.0
2016-03-29,43.9642058213937,44.62099111425799,43.80203550585802,44.51558303833008,3216100.0
2016-03-30,44.702086766411206,44.72641123601096,43.83447896174296,44.28044509887695,4020100.0
2016-03-31,44.34530655610163,44.90479404114383,44.34530655610163,44.66964721679688,4502500.0
2016-04-01,44.2723251348936,44.92100638409027,44.020964089314255,44.7345085144043,4106800.0
2016-04-04,44.83992101655053,45.12371984480999,44.36963049933487,44.450714111328125,2968600.0
2016-04-05,43.980444069761134,44.24802258842666,43.55880228618419,43.99665832519531,3719600.0
2016-04-06,44.02097101636826,44.56423809094527,43.92366695779232,44.47504425048828,2577400.0
2016-04-07,44.11015841303082,44.47503775339079,43.28309259480808,43.44526290893555,4045400.0
2016-04-08,43.97231532350427,44.39395692944495,43.60743286709968,43.88312149047852,3605600.0
2016-04-11,44.00475047750314,44.2561146375232,43.31552736511586,43.39661407470703,2640200.0
2016-04-12,43.38850066982069,43.704734174282905,43.20200589117362,43.44526290893555,2762800.0
2016-04-13,43.810147031547935,44.23178865704855,43.60743489004621,44.02096939086914,4719900.0
2016-04-14,43.95609790716781,44.18313759806853,43.50202471164967,43.5101318359375,2896500.0
2016-04-15,43.46149312741075,43.91556955519981,43.24256668000198,43.69664001464844,2517100.0
2016-04-18,43.7128476707021,44.150706654736574,43.58311201911506,43.8912353515625,2744900.0
2016-04-19,43.98853772295608,45.22102799899751,43.87501941083182,44.564239501953125,4234600.0
2016-04-20,44.61288637991359,44.78316382843263,43.98853264220211,44.63721084594727,3390200.0
2016-04-21,44.75073824888265,45.84538584021392,44.523701604669775,45.26157379150391,3153600.0
2016-04-22,45.27779855793738,46.27514224252816,45.27779855793738,45.80485153198242,4541200.0
2016-04-25,45.55347583440579,45.8453818332477,45.20481067947151,45.642669677734375,2175600.0
2016-04-26,45.79672835686675,46.33188830680447,45.48049789915017,45.7642936706543,2890100.0
2016-04-27,45.81294490708483,46.0156570526914,45.05885547797703,45.723751068115234,2905500.0
2016-04-28,45.36698201879853,45.98322562410965,45.04264132559767,45.46428298950195,3118900.0
2016-04-29,45.4237351542636,45.4237351542636,44.83181609681416,45.33454132080078,3590200.0
2016-05-02,45.423737517937546,45.93457298598904,45.08317950818928,45.78861999511719,2633500.0
2016-05-03,45.39130342258259,45.642667597493904,44.88046794789143,45.131832122802734,5736600.0
2016-05-04,46.22646807892605,46.69676165756734,45.20480040825967,45.83726119995117,12178700.0
2016-05-05,46.08052186993993,46.94001930275843,45.9102413336711,46.59946441650391,7706700.0
2016-05-06,46.388645062609925,46.81028668214529,46.22647473307452,46.76974487304688,4812800.0
2016-05-09,46.810291893216345,46.915703083120334,45.318330263055806,45.40752410888672,5230700.0
2016-05-10,45.5453610695908,46.2345841854216,45.3183244678846,46.18593215942383,4210400.0
2016-05-11,45.5777976761873,45.74807513464973,44.912902091879104,45.2453498840332,4891800.0
2016-05-12,45.610239921833845,45.67510930331989,43.78583032496049,44.01286697387695,6142100.0
2016-05-13,43.964217479508285,44.272337758275526,43.35608095484437,43.38040542602539,3857400.0
2016-05-16,43.4209388939977,43.82636316582428,43.07227377277551,43.50202560424805,3093700.0
2016-05-17,43.4858149371896,44.134493253054686,43.16958445152676,43.34796905517578,4637900.0
2016-05-18,43.16148517981749,43.22635457442805,42.09927204164197,42.39117813110352,5420500.0
2016-05-19,42.27763960736346,42.35872631192935,41.6127440956307,42.24520492553711,4529500.0
2016-05-20,42.4479190041817,43.25066040411386,42.4398118799221,42.76415252685547,3329400.0
2016-05-23,42.61821243510792,43.21823879233099,42.496583882435424,42.52090835571289,2194800.0
2016-05-24,42.829027733786056,43.49392341485824,42.65064003144981,43.274993896484375,3520700.0
2016-05-25,43.35606776603452,44.17502334247501,43.33985042579968,43.72905731201172,3670900.0
2016-05-26,43.68041128547559,44.41017623048059,43.3885053074736,44.069618225097656,3213700.0
2016-05-27,44.04529443009688,44.68586554791601,43.86690675345312,44.49126052856445,2711000.0
2016-05-31,44.59667593366269,44.83182278548521,44.369639300533166,44.75884628295898,3682100.0
2016-06-01,44.7588360717911,44.7588360717911,44.23989354694692,44.7345085144043,3676300.0
2016-06-02,44.604771756117024,45.0426306603185,44.47503612818414,44.92100524902344,2867000.0
2016-06-03,44.57234441047295,44.59666887641839,43.55878375419071,44.10205078125,4480900.0
2016-06-06,44.215566758315966,44.34530239178267,43.599323272634514,43.81014251708984,4848100.0
2016-06-07,43.85879766637903,43.93988128314832,43.34796221993567,43.38850402832031,5634400.0
2016-06-08,43.44542185308767,43.81945992463551,43.25026980167678,43.5267333984375,3613100.0
2016-06-09,43.31532816195895,43.380376787846885,42.73800803666615,43.09578323364258,4158800.0
2016-06-10,42.69733922472152,42.95754297326244,42.27451550020394,42.87622833251953,3342600.0
2016-06-13,42.78679089572201,43.20961779240847,42.355834084527125,42.37209701538086,3561100.0
2016-06-14,42.40461535615448,43.05511696574572,42.33956364427719,42.94940948486328,2866400.0
2016-06-15,42.97381852815887,43.64058331710729,42.95755869589552,43.25841522216797,2578600.0
2016-06-16,43.0144690684054,44.453702785952935,42.57537923838907,44.29920959472656,4980000.0
2016-06-17,44.14472972947388,44.30735598618344,43.54301351019987,43.68937683105469,5029800.0
2016-06-20,44.26668313819355,44.67324710085754,43.90077805326546,43.9251708984375,4229000.0
2016-06-21,43.93329395654318,43.982082741110034,42.94941006488455,43.45354843139648,3064300.0
2016-06-22,43.64058081521792,44.03088500758804,43.33972430619339,43.62432098388672,2772200.0
2016-06-23,44.006478876323776,44.07153059394864,43.25840273465747,43.65683364868164,2794200.0
2016-06-24,41.90863659101376,42.80307654995296,41.729747358490506,41.99808120727539,6412000.0
2016-06-27,41.46139965563811,41.82730478803127,41.087358404070734,41.38008499145508,4134900.0
2016-06-28,41.762264083598176,42.44529188316498,41.66468956989945,42.33958435058594,4298900.0
2016-06-29,42.68921524458928,43.13643497440332,42.50219619764292,42.90062713623047,2404100.0
2016-06-30,43.32346089992378,44.26668930053711,43.07139319315749,44.26668930053711,4332100.0
2016-07-01,44.26668850494232,45.29123155209646,44.19350685871702,44.60820388793945,3519500.0
2016-07-05,44.38052248569621,44.55127860108189,44.01461430855775,44.45370101928711,2483300.0
2016-07-06,44.28294793829063,44.852138130415504,44.02274723934846,44.79521942138672,3220200.0
2016-07-07,44.94158328188738,45.624610900878906,44.83587577725474,45.624610900878906,3400800.0
2016-07-08,45.982392968428464,46.43774581647327,45.7384551612692,46.413352966308594,3434500.0
2016-07-11,46.55156487133868,46.99065461194572,46.364545856303,46.779239654541016,3101800.0
2016-07-12,46.93373530938511,47.28338049440351,46.8930764399078,47.11262130737305,2454300.0
2016-07-13,47.169564580205176,47.29966496554732,46.58411439708446,46.76300048828125,2778000.0
2016-07-14,47.202065857285135,47.34029918946825,46.87681661432037,47.11262130737305,2665400.0
2016-07-15,46.275109454389145,46.47026151852666,45.28309240687737,45.41319274902344,6783000.0
2016-07-18,45.45386187280016,45.502647573454624,44.45371158365827,44.469974517822266,6549600.0
2016-07-19,44.396775346987525,44.90091680163545,43.99021145882157,44.70576477050781,4140400.0
2016-07-20,44.89279389878104,44.89279389878104,44.12845473352552,44.3398666381836,2980000.0
2016-07-21,44.42117517019662,44.73016151887391,43.73001463883236,43.86824798583984,4795500.0
2016-07-22,44.07152969901177,44.868394612715214,43.91703342370828,44.84400177001953,4887700.0
2016-07-25,44.648861357689,44.96598080271514,44.2260343970417,44.25042724609375,3309000.0
2016-07-26,44.24229645196935,44.56754890811352,43.87638821426648,44.26668930053711,3375300.0
2016-07-27,44.40491609135496,44.66511677692747,43.95769635689201,43.99021911621094,3674300.0
2016-07-28,43.82759466141271,44.55940790380992,43.60804975814252,44.07966232299805,6528900.0
2016-07-29,43.1689489967581,43.33970506646823,42.25011384257567,42.46152877807617,8271100.0
2016-08-01,42.485934511530566,42.86810563273884,42.2826525282218,42.36396408081055,4117500.0
2016-08-02,42.274520561936015,42.56724399815052,42.02244979820593,42.209468841552734,4397300.0
2016-08-03,42.20947168206227,42.8274475581067,42.09563426556753,42.3558349609375,3633700.0
2016-08-04,42.28265470536231,42.7542704198039,41.989928138031246,42.14442443847656,3226600.0
2016-08-05,42.2907866352665,42.47780880806759,42.06311178397783,42.4208869934082,2536700.0
2016-08-08,42.53471995600743,42.5509828856124,42.111893091788176,42.29077911376953,3679700.0
2016-08-09,42.20134155691397,42.42088337229492,42.0061894854413,42.160682678222656,2903800.0
2016-08-10,42.27451753769558,42.6160297397664,42.095628421275705,42.32330322265625,2269800.0
2016-08-11,42.44528116497818,43.1283087920684,42.44528116497818,43.03073120117188,2993700.0
2016-08-12,42.81119017806874,42.99820924470083,42.39649316358428,42.5672492980957,2509000.0
2016-08-15,42.64857887945302,42.77054626027312,42.510345458984375,42.510345458984375,2177100.0
2016-08-16,42.4371399795922,42.55098048039209,41.94926452636719,41.94926452636719,4211200.0
2016-08-17,41.97366490149573,42.185079910516,41.82730161889309,42.07937240600586,4225200.0
2016-08-18,42.07123757400724,42.33956815952599,41.859822589696286,41.90047836303711,2395600.0
2016-08-19,41.7785146535873,42.18507862580483,41.5670996510055,42.160682678222656,3344000.0
2016-08-22,42.09563638681478,42.95755317230887,41.91674723654464,42.8355827331543,4234000.0
2016-08-23,42.9982106050525,43.09578509902644,42.72174695392865,42.93315887451172,4050600.0
2016-08-24,42.8355782232011,43.063253043692576,42.44527720157136,42.59164047241211,2631700.0
2016-08-25,42.48592748252188,42.57537203667364,42.00618195721037,42.030574798583984,3134600.0
2016-08-26,42.06310120514661,42.35582771280429,41.59961860196742,41.827293395996094,3205600.0
2016-08-29,41.843563079833984,42.07124101245653,41.68093687134272,41.843563079833984,2300900.0
2016-08-30,41.81103133871984,41.89234598245029,41.5264378402545,41.689064025878906,2659000.0
2016-08-31,41.493927001953125,41.85983527659349,41.43700828165769,41.493927001953125,2298600.0
2016-09-01,41.59149831073368,42.3395745795136,41.51018364988554,42.31518173217773,4210800.0
2016-09-02,42.51844746797955,42.91687829730318,42.380214148331376,42.46152877807617,1844300.0
2016-09-06,42.46967345900054,42.54285510030186,41.61588971170986,42.07937240600586,4087800.0
2016-09-07,42.005926039359295,43.24619463641375,41.87537161402004,42.936126708984375,5012300.0
2016-09-08,42.82188903400422,43.58073755186247,42.73213228912551,43.53993988037109,4518500.0
2016-09-09,43.16461177446781,43.18092835877512,42.35680389404297,42.35680389404297,5288500.0
2016-09-12,42.128318629041445,43.35226743082808,42.10383753639504,43.05035781860352,4733400.0
2016-09-13,42.80558844671212,42.80558844671212,42.079378987009854,42.29969024658203,4605800.0
2016-09-14,42.29152803512421,42.87086326809919,42.209929550622434,42.54447555541992,2171800.0
2016-09-15,42.48735606947701,42.854541449899536,42.24256685341658,42.62607192993164,2826600.0
2016-09-16,42.413916866039074,42.71582344694876,41.720346936544594,42.25888442993164,6386700.0
2016-09-19,42.218079948150496,42.38943205193279,41.581624385631365,41.67954254150391,3319300.0
2016-09-20,42.34863348108084,42.34863348108084,40.11288543854797,40.77381896972656,8364400.0
2016-09-21,40.68406528023647,41.04308919987369,39.88441897331952,40.86357879638672,7149900.0
2016-09-22,40.75750030064136,41.10020450956217,40.68406323977787,40.85541534423828,3814200.0
2016-09-23,40.57798858116719,41.67954454264866,40.57798858116719,41.540828704833984,4052200.0
2016-09-26,42.10384261631255,42.11200401906696,41.41843108010917,41.720340728759766,4567800.0
2016-09-27,41.671392339773874,42.50367821242342,41.48372049290151,42.471038818359375,4383800.0
2016-09-28,42.503675175569946,44.40487461033436,42.05489443357812,44.184566497802734,11189700.0
2016-09-29,44.07849052374337,45.62882429637882,43.71130514431316,44.52727127075195,12488800.0
2016-09-30,44.73126459626691,44.84549936052342,44.15192937030098,44.66598892211914,8244000.0
2016-10-03,44.38039577700148,44.90261358410523,44.34775638589157,44.82101821899414,3130000.0
2016-10-04,45.28611424767817,46.02048491297613,45.11476212999643,45.32691192626953,5893300.0
2016-10-05,45.74305389950925,46.38766465724182,45.375868586457024,46.02864074707031,5608800.0
2016-10-06,45.88993672806335,46.19184332598125,45.42483316821175,45.865455627441406,3971500.0
2016-10-07,46.15920457038219,46.33871811832196,44.80470089428425,45.05765151977539,4099200.0
2016-10-10,45.2126879043737,45.78386487811056,45.1963682065339,45.47379684448242,2728000.0
2016-10-11,45.40851320357362,45.54722594189308,44.84549462114782,45.24531936645508,4396700.0
2016-10-12,45.28611712386083,45.335076208877936,44.796538724343975,45.00053024291992,3792900.0
2016-10-13,44.64151040338808,45.22084566287042,44.364081768716176,45.073974609375,2529600.0
2016-10-14,45.39219058250922,45.69409713848562,44.90260910271315,44.96788787841797,2916600.0
2016-10-17,44.91893294470994,45.37587507885024,44.82101788477403,45.19636154174805,3586000.0
2016-10-18,45.80017539152738,45.93072983540134,44.92709196449592,44.9597282409668,3747600.0
2016-10-19,45.147405736450665,46.86093329870459,44.91077482078157,45.31059646606445,4288500.0
2016-10-20,45.20452606068682,46.51007065867172,45.0984495893931,46.09392929077149,6348700.0
2016-10-21,45.98784034134165,47.61161079995722,45.98784034134165,47.0485954284668,10802100.0
2016-10-24,47.32602806940299,47.48106048907157,45.95520493837963,45.97968292236328,5624100.0
2016-10-25,46.00416604527526,46.3142308982693,45.62066101176904,45.68593978881836,4292300.0
2016-10-26,45.60435688335259,46.53455798516116,45.408526710689976,46.33056640625,4272600.0
2016-10-27,46.61613724795386,46.74669168007652,45.661455434018094,46.02864074707031,5563300.0
2016-10-28,45.97968431161664,46.69773528591092,45.97968431161664,46.13471984863281,3067700.0
2016-10-31,46.24897130683305,46.60799536738605,46.08577742015823,46.20001220703125,2901000.0
2016-11-01,46.09392691225933,46.20000026541567,45.12292524949077,45.55538940429688,4337600.0
2016-11-02,45.62882138098992,45.74305924602984,44.90261207288571,45.00053024291992,4722100.0
2016-11-03,45.19636459379595,45.99601104804277,45.08212983071267,45.2861213684082,5024800.0
2016-11-04,46.86910767419506,46.99966217028668,46.04498300124139,46.51824188232422,7193400.0
2016-11-07,47.0894015795289,48.72949513818802,46.787495002437886,47.01596450805664,5486000.0
2016-11-08,46.91804489924488,47.676893526628334,46.85276612530669,47.105716705322266,4962500.0
2016-11-09,46.02049657375545,47.11389144543301,45.898100394304976,46.85277938842773,5032400.0
2016-11-10,46.86093104847081,47.28523377295191,46.55902447798631,46.63246154785156,4305600.0
2016-11-11,46.4692662437803,47.358669345058736,46.4692662437803,47.1138801574707,7195900.0
2016-11-14,47.23627528293685,48.20727689810847,47.04860346040152,48.02776336669922,5251100.0
2016-11-15,48.0196099747188,48.52551126352199,47.766662442981264,48.313358306884766,5003700.0
2016-11-16,48.14199654621504,48.61525834532408,48.01960039467624,48.45206451416016,3754200.0
2016-11-17,48.41127014288064,49.07220069089944,48.30519367847548,49.01508331298828,3630900.0
2016-11-18,48.91717960304232,49.38228013833092,48.89269849778308,48.95797729492188,5428300.0
2016-11-21,49.02325461268398,49.52915282458564,48.93349782565892,49.19460678100586,5571500.0
2016-11-22,49.21906478766202,50.05135041213332,49.07219067083397,49.71680450439453,5325100.0
2016-11-23,49.1945904534842,49.300663791431816,48.75396807032825,48.96611785888672,3703600.0
2016-11-25,48.87638107971876,49.71682534626539,48.8355802758689,49.70866394042969,1191400.0
2016-11-28,49.53730998731912,49.86369773038749,49.3169987276476,49.3577995300293,2527000.0
2016-11-29,49.34962308959516,49.98607557074579,49.22723005773103,49.77392578125,3811400.0
2016-11-30,49.74945892142513,50.0432072438426,49.31699473001542,49.54546737670898,3763900.0
2016-12-01,49.56177721224083,49.9371208327951,49.17827218843001,49.42306137084961,3900700.0
2016-12-02,49.42307327943477,49.676023926059855,48.85189630772061,49.1048469543457,4842600.0
2016-12-05,49.29251194145125,50.02688267599465,49.03140303864997,49.76577377319336,3621900.0
2016-12-06,49.773935618392045,50.05952252851399,49.74129622504557,49.896331787109375,4390200.0
2016-12-07,49.86358579166043,52.089566647439774,49.64262418125415,51.91770553588867,4828500.0
2016-12-08,52.089577420767725,52.29417119991944,51.72130799392398,52.03229141235352,4220800.0
2016-12-09,51.99136189730861,52.40873488869296,50.86200666358671,51.197540283203125,5665900.0
2016-12-12,50.77199033655685,52.564233746474095,48.54600913644377,50.88656234741211,18385400.0
2016-12-13,51.10752213830087,51.91771168387888,50.91929625274384,51.60673141479492,4681900.0
2016-12-14,51.68038454849513,52.82611084267822,51.68038454849513,52.08138656616211,5244400.0
2016-12-15,52.14685658740836,52.86702434780053,51.88497683420159,52.40055084228516,3899900.0
2016-12-16,52.58059119709265,53.26802316673751,52.441468952336734,52.81792068481445,7637600.0
2016-12-19,53.07162030421655,53.09617055652025,52.40873851719254,52.65424728393555,3443500.0
2016-12-20,52.83429702397082,53.16983382824567,52.6869892490684,52.88340377807617,4011800.0
2016-12-21,52.82610579379863,53.153450780531074,52.70334830192125,52.89157104492188,1672500.0
2016-12-22,52.76882964206495,53.19438195043756,52.64607212728416,52.785194396972656,2437500.0
2016-12-23,52.82611538987382,53.03070916559958,52.76064388315201,52.92431640625,1550200.0
2016-12-27,52.95704893323244,53.16164269649344,52.84247692530277,53.07162094116211,1457700.0
2016-12-28,53.0388886821348,53.161646196915584,52.74427314414354,52.785194396972656,2027000.0
2016-12-29,52.85884515961719,53.178017195529854,52.76882964206495,52.785194396972656,1583700.0
2016-12-30,52.82610983750086,52.95704659347562,51.75403744151259,52.06501770019531,3811600.0
2017-01-03,53.5299096912244,53.76723293764922,52.22050786839875,52.69516372680664,3553800.0
2017-01-04,52.91612474605723,54.73291180389608,52.78518176330934,53.79996490478516,5365500.0
2017-01-05,53.742683350323865,53.88180559820727,53.202559111133056,53.587196350097656,4186500.0
2017-01-06,53.60355609408708,53.60355609408708,52.49875122485835,52.61332321166992,5275500.0
2017-01-09,52.482392838325005,52.62152135033799,51.83587888288129,51.9504508972168,3595700.0
2017-01-10,51.95863088228604,52.09775313582804,51.00931599329879,51.30392837524414,6017300.0
2017-01-11,51.4103198837916,51.62309914292901,50.8701924809972,51.541259765625,4293900.0
2017-01-12,51.26303388049266,51.402159320022285,50.69835598580671,51.03388977050781,4385800.0
2017-01-13,50.911107401952975,51.41031664557788,50.85382140237499,51.00112915039063,2641200.0
2017-01-17,50.92748374178285,51.164813277686136,50.73107545968267,50.95203399658203,3905000.0
2017-01-18,51.1484407477912,51.991366052321816,50.902928856572416,51.95863342285156,3815900.0
2017-01-19,51.86043290500951,51.934086794127325,51.10752925789719,51.25483703613281,2727600.0
2017-01-20,51.8522437919773,52.03228730240251,51.20572675168048,51.95863342285156,3989300.0
2017-01-23,51.81133370149736,51.97500623979917,51.48398238118665,51.77041244506836,3401300.0
2017-01-24,51.8522431556742,51.8522431556742,51.43487013605629,51.541259765625,3951500.0
2017-01-25,51.8849760644731,52.28597806481135,51.303927443928494,51.55762481689453,4805300.0
2017-01-26,51.59036425372416,52.67880457615015,51.287563235421125,52.5069465637207,4382200.0
2017-01-27,52.59696820980548,53.14528430621635,52.261437644608606,52.98160552978516,1982400.0
2017-01-30,52.95705197958463,52.97342297806269,52.20414838596288,52.7033576965332,2217400.0
2017-01-31,52.38418014913568,53.03887633605929,52.326891032881,52.77699661254883,3523900.0
2017-02-01,53.04708227680016,53.35806261715691,52.637894660890346,52.86703872680664,2123200.0
2017-02-02,52.77700005907492,53.480803032664845,52.40873382011287,52.490570068359375,2919900.0
2017-02-03,52.61333222983841,52.948862750525215,52.245062836354926,52.49876022338867,2236500.0
2017-02-06,52.6460718682421,53.30076820434062,52.4987640999713,52.92431640625,3849900.0
2017-02-07,53.047057696253646,53.13707942953681,52.515112793318,52.76062774658203,2256500.0
2017-02-08,52.76063315639311,52.76063315639311,51.75403235909666,51.97499084472656,3600500.0
2017-02-09,52.08957093688758,52.83428895357315,52.01591706068694,52.68698120117188,2414900.0
2017-02-10,52.83429446582517,53.04707374009445,52.5396789302851,52.7033576965332,3838100.0
2017-02-13,52.89976507597596,53.538096644261216,52.78519306339688,53.43989562988281,3109100.0
2017-02-14,53.16983907201816,53.64449819837241,52.76065146179017,53.464454650878906,3044200.0
2017-02-15,53.50536486777309,53.79998042021523,53.32532758013122,53.39079284667969,3541300.0
2017-02-16,53.349867003064674,53.677212000461466,52.441470274765685,53.53808975219727,5978400.0
2017-02-17,53.30895112370968,54.12732618700728,53.178014360309305,53.75905990600586,6926100.0
2017-02-21,53.69358425042398,55.49400675297278,53.67721325394848,55.20757675170898,5234900.0
2017-02-22,55.3385163936561,55.76406862063277,54.90477242523257,54.92932891845703,2751800.0
2017-02-23,55.24849503883428,55.32214578791039,54.15186935084839,54.26644134521485,3856000.0
2017-02-24,53.93091100475085,54.80657196044922,53.86543950959264,54.80657196044922,2099900.0
2017-02-27,54.74928706003785,54.98661655196228,54.16005607921935,54.20097732543945,3057800.0
2017-02-28,54.05367363445898,54.176424894915,53.79997312753581,53.94728088378906,4249900.0
2017-03-01,54.42194038432592,55.63313819574911,54.33191863005836,55.043907165527344,4397600.0
2017-03-02,55.13392380188081,55.43671854384954,54.63471457226667,54.953880310058594,2828900.0
2017-03-03,54.81477233090029,56.05051435784592,54.72475056155894,55.84592056274414,6603000.0
2017-03-06,55.63314001966883,56.13234306828322,55.12574522840836,55.64131927490234,5327300.0
2017-03-07,55.4612781336239,55.84591543207101,55.215769348281405,55.60040664672852,2439500.0
2017-03-08,55.69066943419605,56.09273673860655,55.46091042852584,55.805545806884766,2018800.0
2017-03-09,55.43627494441716,55.8711648069253,55.12446865401089,55.551151275634766,2476800.0
2017-03-10,55.846561360403584,55.977852201638,55.07524957917292,55.313209533691406,2732900.0
2017-03-13,55.41987866407726,55.846561377637045,55.24756413012282,55.72348403930664,1936100.0
2017-03-14,55.53476310256446,56.09273673860655,55.51014763131585,55.805545806884766,2194200.0
2017-03-15,55.920410931407766,56.19939456316598,55.35423016540353,55.94502639770508,2271700.0
2017-03-16,55.9286110293391,56.20759462546023,55.09985496154216,55.222938537597656,2790800.0
2017-03-17,55.32142342348629,55.44450705078812,54.829095174572345,54.93576431274414,4081800.0
2017-03-20,54.99320493990462,55.18193401149916,54.60755207237424,54.902950286865234,2737600.0
2017-03-21,55.1162786791457,55.305007716862896,54.04136141732218,54.131622314453125,2693600.0
2017-03-22,54.23827759491559,54.59111384992932,53.877240358832175,54.25469207763672,2351500.0
2017-03-23,54.41880190155084,55.24755802978644,54.29571831651922,54.75522994995117,2534400.0
2017-03-24,54.829084191474166,55.17371327065016,54.65676965188617,54.89472961425781,2088100.0
2017-03-27,54.48446490357131,55.58399776147736,54.23009040964469,55.37886047363281,2807000.0
2017-03-28,55.23934850750104,55.78911473628197,54.80445861726265,55.60859298706055,2425000.0
2017-03-29,55.46091033083868,56.03529845356332,55.14089668458481,56.00247573852539,2075500.0
2017-03-30,55.87118331920959,57.11021417107032,55.813745134569295,56.89686965942383,2753600.0
2017-03-31,56.74916177620235,56.99532267635195,56.36350281298129,56.91326904296875,2828700.0
2017-04-03,56.921480048355626,57.282517311173656,56.29786112488252,56.50299835205078,2267600.0
2017-04-04,56.35529595451107,56.831215795775,56.18298144514813,56.78197860717773,1952900.0
2017-04-05,56.84763267327699,57.52048259049576,56.66711089494894,57.03636169433594,2876700.0
2017-04-06,56.97892469242476,56.97892469242476,56.27325205000213,56.519412994384766,2407500.0
2017-04-07,56.51121286321905,56.68352740497075,56.02708568947576,56.34709930419922,2046800.0
2017-04-10,56.30608805676933,56.601486268014014,55.92863617802191,55.97786712646485,1648000.0
2017-04-11,55.92041714154291,56.05990897291301,55.47731991810944,55.82194900512695,1835300.0
2017-04-12,55.63323660382841,55.71529026932093,55.02602570653831,55.10808563232422,2290600.0
2017-04-13,55.16551384820335,55.2721829680245,54.52548034839964,54.533687591552734,2419700.0
2017-04-17,54.77163730576304,55.1326808133938,54.64034648106418,55.124473571777344,1728400.0
2017-04-18,54.968585295286296,56.28146267103882,54.74703978137215,56.11735534667969,3540900.0
2017-04-19,56.3142837392179,56.8722573901132,56.10914645962835,56.26505279541016,2728200.0
2017-04-20,56.40453748478312,56.56044380077891,55.8629783907481,56.34709930419922,2045400.0
2017-04-21,56.306071909943945,56.437356488241285,54.459836749254094,54.845489501953125,5890900.0
2017-04-24,55.14089010384983,55.41167277537689,53.68031389058315,54.11520385742188,4313600.0
2017-04-25,53.92648727563044,54.7716518379246,53.89366456074711,54.49266815185547,3066000.0
2017-04-26,54.48446843962072,55.14090404715012,54.45164572020021,54.902950286865234,2114600.0
2017-04-27,55.15730208765667,55.2639711987416,54.22187677416802,54.43521499633789,2236200.0
2017-04-28,54.60753693267783,54.76343698133565,54.15623249113496,54.61573791503906,2376100.0
2017-05-01,54.8865242837192,54.95216970879009,54.13162067628086,54.68959426879883,2158100.0
2017-05-02,54.714196280059134,54.97677165546465,53.68030300052271,53.87723922729492,3277000.0
2017-05-03,53.67211885031314,54.05777166302217,51.07918072732681,52.072044372558594,6579500.0
2017-05-04,51.76843207309605,52.71206146367358,50.11913010251965,52.39204788208008,9512300.0
2017-05-05,53.58185391720487,54.15623573145185,52.769505873822666,53.499794006347656,4726300.0
2017-05-08,53.59825522475053,53.91006156076639,51.7684315080592,51.99818420410156,4997700.0
2017-05-09,52.02282220382091,52.39206685156921,50.95610570542436,52.154109954833984,3169600.0
2017-05-10,51.76844572114297,51.76844572114297,50.82481295164373,51.30893707275391,4436400.0
2017-05-11,51.25969583437633,51.7109971478061,50.87403681173743,51.48944854736328,2636900.0
2017-05-12,51.39098328302049,51.63714734998147,50.88224066380241,51.03814697265625,1877200.0
2017-05-15,51.046366410907815,51.43202554735963,50.726352714765625,50.939697265625,2132500.0
2017-05-16,51.12840394179981,51.21866169298848,49.89758057119443,50.21759414672852,3622400.0
2017-05-17,50.21759628644783,50.23400764103932,49.47089686833698,49.54474639892578,3608000.0
2017-05-18,49.667826863143226,50.16836222267335,49.43807415915399,49.54474639892578,4385300.0
2017-05-19,49.6678258279248,50.76736152147072,49.31498953692639,50.59504699707031,4054400.0
2017-05-22,50.61966382653042,50.98070736944912,50.38991112114277,50.9150619506836,2633400.0
2017-05-23,50.84941860282208,50.9068567779725,50.34067600842438,50.43914413452149,1581400.0
2017-05-24,50.57863157760407,50.83300285280676,50.29964483807857,50.55401611328125,1645300.0
2017-05-25,50.7509555836501,51.2843136981695,50.45556056607136,50.54581832885742,2479900.0
2017-05-26,50.54581755595432,50.6114629789543,50.21759983139251,50.52120208740234,2002100.0
2017-05-30,50.54582113050391,50.685316099170805,50.332479750958754,50.48017883300781,1672600.0
2017-05-31,50.54582417950596,50.734553230289066,49.97144230371899,50.14375686645508,3762300.0
2017-06-01,50.18477603524108,50.91506413452887,49.905789253813005,50.652488708496094,3283900.0
2017-06-02,50.66890361118664,50.99712448177912,50.21760226173162,50.29965591430664,3125200.0
2017-06-05,50.0945060392282,50.12732874405213,49.00317771006856,49.51191711425781,4019200.0
2017-06-06,49.29857664564632,50.48016586843066,49.05240948535562,49.946807861328125,3670400.0
2017-06-07,50.13609320832434,50.56404449201464,49.9714992171912,50.34183883666992,2031600.0
2017-06-08,50.34184918006688,50.34184918006688,49.38718939397312,49.6670036315918,2128200.0
2017-06-09,49.61762091517205,50.06203226553879,49.14852109181696,49.96327209472656,2543100.0
2017-06-12,50.05381170114123,52.15241713176152,50.05381170114123,51.559871673583984,4753200.0
2017-06-13,51.40349390158157,51.62569958662022,50.86855708005552,50.90147399902344,2515900.0
2017-06-14,50.85209185375696,50.99199737850352,49.79867206870432,49.98796081542969,2695100.0
2017-06-15,49.97150069170798,50.70395464792221,49.77398350131924,50.62165451049805,2378800.0
2017-06-16,50.69574188410193,51.23068198794095,50.1525733331805,51.2142219543457,3595400.0
2017-06-19,51.16482714152309,51.51870991348866,50.97554151875095,51.22243881225586,2030400.0
2017-06-20,51.04960820587044,51.26358543379979,49.798674313099234,49.922122955322266,2577300.0
2017-06-21,49.92213233355009,51.97136071495248,49.62585804810107,51.46110916137695,5826900.0
2017-06-22,51.24712402543369,52.18532363488862,51.0907584703343,51.47755813598633,3926000.0
2017-06-23,51.34587869094974,52.53097552368644,51.11544459099723,52.34991836547852,4268000.0
2017-06-26,52.48160320392245,53.26343733793714,52.44868314493813,52.9671630859375,3226200.0
2017-06-27,52.90133615350297,53.485653218681016,52.67090196203679,52.68735885620117,2348700.0
2017-06-28,53.008315610222624,53.683161133467,52.84371531256586,53.6173210144043,2497200.0
2017-06-29,53.51856254004604,53.674931258084506,52.03719434768912,52.3005485534668,2615200.0
2017-06-30,52.5803509642146,52.81901664059652,52.12771122104723,52.48982238769531,2391200.0
2017-07-03,52.81080327940055,53.3868949904666,52.60505758520417,52.80257797241211,988500.0
2017-07-05,52.73672350448893,52.93423755913347,52.05364647855573,52.070106506347656,1589200.0
2017-07-06,52.01251386747301,52.02074231416794,51.04139390709845,51.0825424194336,1805200.0
2017-07-07,51.222439919690174,51.96312239793004,50.98377420517119,51.6915397644043,1836300.0
2017-07-10,51.66685029339461,52.52275301165437,51.66685029339461,52.42399597167969,1658800.0
2017-07-11,52.349928427441874,52.72849970425009,51.97135715063365,52.48160552978516,1903500.0
2017-07-12,52.66266009295411,52.99185126265847,52.02896308850048,52.15240859985352,1360500.0
2017-07-13,52.21825610376632,52.572138937341975,51.683316060613336,51.92198181152344,1672700.0
2017-07-14,51.996037107034965,52.942468283418606,51.83143997121661,52.62973403930664,1426700.0
2017-07-17,52.62152713440936,53.18115891442104,52.30056429572366,53.164695739746094,1371100.0
2017-07-18,53.18114487517091,53.18114487517091,52.382850643435766,52.835487365722656,1445200.0
2017-07-19,53.633779430836384,54.75303637131236,52.93424541275378,53.4774169921875,2876600.0
2017-07-20,53.493875458997394,54.59666926229945,53.304586675444206,54.20164108276367,2851900.0
2017-07-21,54.08641614658348,54.25101015099239,53.576164686741805,54.176944732666016,1808100.0
2017-07-24,54.22632075886495,54.72834062631731,53.96296658896033,54.53082656860352,1628400.0
2017-07-25,54.613120716763,54.62957760452176,53.95473218696222,54.38268661499024,1671700.0
2017-07-26,54.58843315736831,55.37849563900893,54.52259304751697,54.82709884643555,2016200.0
2017-07-27,55.17275599037185,56.580055527110325,55.17275599037185,55.600704193115234,3487300.0
2017-07-28,55.45256174002504,55.65830737671402,55.13983063264686,55.49371337890625,1523800.0
2017-07-31,55.52663566116718,55.650084303903256,54.11110461935893,54.176944732666016,2921200.0
2017-08-01,54.37445503168167,54.8353232352272,54.27569486855405,54.38268661499024,2535000.0
2017-08-02,53.971193938603975,54.10286787379699,52.4651344543988,53.337493896484375,3634200.0
2017-08-03,53.378654233721576,53.77368238254774,52.90955438270349,53.353965759277344,1948200.0
2017-08-04,52.98361585710868,53.1893615006218,52.16886486687719,52.35815048217773,2440900.0
2017-08-07,52.25117455868117,53.18937122285137,51.88906015067413,53.09884262084961,4139900.0
2017-08-08,54.11933714372492,54.86002273415424,53.131754263532855,54.06995391845703,4540700.0
2017-08-09,53.59263126808349,53.96297094102174,51.60101166569958,53.78191375732422,5345800.0
2017-08-10,53.658474795532136,54.72835492209465,53.658474795532136,54.47323226928711,3893800.0
2017-08-11,54.45676124692037,55.27974390906102,54.37446423647819,54.90117263793945,2770900.0
2017-08-14,55.279737150047225,55.60893143042502,54.54728317260742,54.54728317260742,2256300.0
2017-08-15,54.6624987853244,55.06576475059517,54.201630572281786,54.8929328918457,2092900.0
2017-08-16,55.01639017003608,55.09046187525726,54.44853639801793,54.74480438232422,1808600.0
2017-08-17,54.68719940898677,55.23037101979287,53.971208458745856,54.06173706054688,2756400.0
2017-08-18,54.12755717337557,54.1851656981909,53.312806242742,53.32926940917969,1922100.0
2017-08-21,53.42803400678332,53.69138821287458,53.23875150679936,53.50210571289063,1357400.0
2017-08-22,53.58440480582178,54.26748196275452,53.38689071329826,54.02881622314453,1237300.0
2017-08-23,53.71607587770887,53.90536465369481,52.958933331484005,53.2634391784668,1972600.0
2017-08-24,53.41157607168651,53.576170092703336,52.6544303894043,52.6544303894043,2233300.0
2017-08-25,52.75318601368346,53.23051745222098,52.46514334520712,52.580360412597656,1792200.0
2017-08-28,52.77786475238299,53.18935599682998,52.29230809778742,52.46513366699219,1301400.0
2017-08-29,52.13594347808608,52.46513775506605,51.880820895884426,52.070106506347656,2210800.0
2017-08-30,52.06187160951922,53.12352292824468,51.88081759418888,53.09060287475586,2319800.0
2017-08-31,53.13999886275914,53.48565012999779,52.67913050644095,52.72027587890625,1508700.0
2017-09-01,52.86016892437439,53.23874012224833,52.68733707336882,52.95069122314453,977400.0
2017-09-05,52.75319366111384,53.09061960657239,52.10303966666979,52.3746223449707,1735200.0
2017-09-06,52.52274517504022,52.52274517504022,50.89324013115335,51.00845718383789,3733200.0
2017-09-07,51.14877190199596,51.16527987088313,48.90373851051015,49.93546295166016,6183500.0
2017-09-08,49.72086626239667,49.84467130770752,48.43327301058101,49.04405212402344,5201400.0
2017-09-11,49.349451082116815,49.45674817193328,47.80598883671136,47.87202072143555,5047200.0
2017-09-12,47.92155230665848,49.06882972453164,47.56663874088238,48.5488395690918,3633800.0
2017-09-13,48.6974073107657,50.018013707221264,48.6974073107657,49.943729400634766,3588600.0
2017-09-14,49.58881754083698,49.654846284443416,47.5336205510452,47.99583435058594,5421800.0
2017-09-15,47.78122232453514,48.557081127644224,47.78122232453514,48.06185150146485,4953000.0
2017-09-18,48.15265327955814,48.5405827578285,47.41806582812395,47.64091873168945,2822900.0
2017-09-19,47.731701135627375,48.68914129265527,47.40980046465472,48.57358551025391,4056800.0
2017-09-20,48.62310627865932,49.01928806131621,48.42501381304441,48.7386589050293,1793700.0
2017-09-21,48.69739588355304,48.82120408166935,48.32597443777739,48.52406692504883,1581800.0
2017-09-22,48.47454771321562,48.91199793142133,48.10312623144966,48.887237548828125,1988800.0
2017-09-25,49.02755292065077,50.13356178777278,48.911997123785525,49.605316162109375,4654900.0
2017-09-26,49.52278005665746,49.69610903119811,47.8637683101318,47.87202072143555,3754800.0
2017-09-27,47.91329230601104,48.41677444097651,47.43457370377377,48.045352935791016,4550400.0
2017-09-28,47.847264962084665,48.03710192614893,46.980613708496094,46.980613708496094,3646600.0
2017-09-29,47.09616496736773,47.95455742876722,46.97235675779666,47.87202072143555,5982400.0
2017-10-02,48.17741254122139,48.45804176710882,47.54186978998887,48.32598114013672,3511800.0
2017-10-03,48.23519542609553,48.73042520599547,47.9958376718134,48.60661697387695,3557900.0
2017-10-04,48.54058361491116,49.6383370312201,48.41677539455298,49.498023986816406,4218000.0
2017-10-05,49.44850419994953,49.75389384748549,48.29297120865127,48.614871978759766,3967300.0
2017-10-06,48.51581841921144,48.59835827947979,47.81424692408595,48.11963653564453,2351600.0
2017-10-09,48.1609056598467,48.27646146606595,47.73996338577047,47.80599212646485,1262500.0
2017-10-10,48.136148986995885,48.2929700132381,47.14569261162508,47.36854553222656,2848200.0
2017-10-11,47.31901718511176,47.36853794937981,46.51839791132748,47.12917709350586,4973400.0
2017-10-12,46.716492402509154,47.26949847004139,46.52665543860222,46.642208099365234,3856900.0
2017-10-13,46.58442854384096,47.31076355223195,46.402847153173454,47.0466423034668,2700000.0
2017-10-16,47.03838417300275,47.54186307760381,46.69997866737999,46.9640998840332,2987600.0
2017-10-17,46.83203834686686,46.9971117425712,46.51013766866772,46.76600646972656,2288600.0
2017-10-18,46.80727737944295,47.73995722935003,46.6422008261342,47.01362228393555,3243000.0
2017-10-19,46.92282991736548,47.78122547379471,46.79902486409051,47.73170471191406,1966800.0
2017-10-20,48.16090058825154,48.920251492002734,48.04534794277436,48.63136672973633,7969000.0
2017-10-23,48.54883277002904,48.54883277002904,47.73996105738734,47.830753326416016,3632400.0
2017-10-24,47.58313417041252,47.96280802254423,46.96409948379955,46.99711227416992,4457100.0
2017-10-25,47.005379196261806,47.42632149954489,46.67522602416111,47.23648452758789,2564000.0
2017-10-26,47.12092304525099,47.8802707909994,46.84854625694553,47.07965469360352,6161200.0
2017-10-27,47.10442278573971,47.19521506337063,45.81682922297859,46.84030151367188,4937000.0
2017-10-30,46.64221011131769,47.24474012312782,46.3203125,46.3203125,4882200.0
2017-10-31,46.378088832873736,46.592689339468194,46.056191221556055,46.3203125,5025200.0
2017-11-01,46.39459406258611,46.80728392932018,46.00666772888628,46.37808609008789,7009100.0
2017-11-02,46.27904194387797,46.27904194387797,44.57050612754146,44.95018005371094,12759700.0
2017-11-03,44.53749101898758,46.38634306364856,43.5387822667261,45.72603988647461,15150100.0
2017-11-06,45.56095554167995,47.25298312880457,45.08223385194192,47.01362228393555,10498200.0
2017-11-07,47.18695603820947,48.90374732918222,47.153943243055146,47.55012512207031,15637200.0
2017-11-08,47.35203541112926,47.73996490146151,46.71649262532755,47.25299072265625,12565600.0
2017-11-09,46.881568734589074,48.44979150444427,46.77426848648559,47.93805694580078,12348700.0
2017-11-10,48.29296190284013,48.61486261091999,46.61744222203856,46.8320426940918,17567300.0
2017-11-13,46.69998510238636,46.83204572891021,45.66000491350906,46.15523147583008,21413800.0
2017-11-14,46.1552320497975,46.84029872305359,45.14827094074614,46.559669494628906,23062500.0
2017-11-15,46.49364479832656,46.84030279669584,45.9158783191371,46.2542839050293,29475700.0
2017-11-16,45.9488845619423,47.541867571532286,45.93237973934295,46.551414489746094,29783800.0
2017-11-17,46.468873633255086,47.25298492992931,45.52794133667541,46.8320426940918,29535500.0
2017-11-20,46.74950144395415,47.28599945949265,46.10570634416667,46.163482666015625,10854900.0
2017-11-21,46.13046810293128,46.93933978154492,46.03967583772211,46.8320426940918,14975100.0
2017-11-22,46.74951114377238,47.22823293678948,46.1057159104071,46.41936111450195,6799800.0
2017-11-24,46.63394954344403,47.013623421237455,46.39458869278465,46.66696548461914,3207800.0
2017-11-27,46.8237904333315,46.840298405312,45.800321359130365,46.18824768066406,6221700.0
2017-11-28,46.11395236954786,46.11395236954786,44.90889903988809,45.19778060913086,7858600.0
2017-11-29,45.22255111822928,46.8402944529283,45.03271417933257,46.66696548461914,7724100.0
2017-11-30,46.658712596410986,46.91458143230729,45.89936479734886,46.27078628540039,6163500.0
2017-12-01,46.13046418927173,47.28599685987048,45.81681906749667,47.137428283691406,5410500.0
2017-12-04,47.51710663593421,49.63833210407087,47.46758272299196,49.605316162109375,6750900.0
2017-12-05,49.65484264221156,49.76214288484711,47.93805450291135,47.95455932617188,4501100.0
2017-12-06,48.16090575906875,48.38375866294721,47.302513236830784,47.40155792236328,2798000.0
2017-12-07,47.28599999125099,47.95455547975678,47.079655082734696,47.21171569824219,2964500.0
2017-12-08,47.319353623140806,47.7747448339204,46.84740232997669,47.58430862426758,2519800.0
2017-12-11,47.915502390449326,47.9403440941089,47.12063736062582,47.75818634033203,4317100.0
2017-12-12,47.89065208223977,48.13904694823392,47.34418211364779,47.998291015625,3253400.0
2017-12-13,47.93206499480033,48.14734292577253,47.30279760271632,47.335914611816406,3145200.0
2017-12-14,48.02314411503389,48.49509545106956,47.61742995604045,48.13078308105469,4458600.0
2017-12-15,48.42058555587256,48.95049570369664,48.18875065582793,48.768341064453125,4760000.0
2017-12-18,48.92564642010996,49.323078943796304,48.50337535072852,48.85112762451172,3653000.0
2017-12-19,48.892520855000384,49.6873858146074,48.85112223057529,49.23199462890625,3018800.0
2017-12-20,49.55491051791371,50.068263590780006,48.718646896813325,49.7453498840332,5498500.0
2017-12-21,49.72052164907917,50.31667213594279,49.48868675241603,50.11795425415039,5008500.0
2017-12-22,49.97718155748053,50.2255764578462,49.645986251317936,49.819862365722656,2404500.0
2017-12-26,49.57147457641425,50.02686581882956,49.57147457641425,49.83642959594727,1647800.0
2017-12-27,49.96890216009427,49.99374386219448,48.826284935889845,49.09123992919922,3696300.0
2017-12-28,49.107800404933634,49.33963523631046,48.80144362517119,49.06639862060547,2136800.0
2017-12-29,49.091244094607504,49.21543998159597,48.74348866231138,48.85112762451172,2335000.0
2018-01-02,48.18046096610554,49.30652142094885,48.18046096610554,48.991886138916016,3177600.0
2018-01-03,49.0167236328125,49.19059976379363,48.65240812959929,49.0167236328125,2966100.0
2018-01-04,49.20715509295305,49.26511379768109,47.54290326144085,48.023136138916016,6646500.0
2018-01-05,48.23842307408315,48.263264781328346,47.51807673423874,47.67539596557617,3169300.0
2018-01-08,47.675399430490096,47.725076531564255,46.72321498539721,46.9964485168457,3633100.0
2018-01-09,46.89708285173221,47.07924061278406,46.25953384656371,46.35889434814453,5276600.0
2018-01-10,46.56588303085169,47.4021465852299,46.10221024159979,46.91363525390625,3773400.0
2018-01-11,47.0709578477664,47.93206322279486,47.05440092308496,47.84098434448242,3483100.0
2018-01-12,47.84097840741893,49.22371517667651,47.41042577333626,48.71036529541016,6280300.0
2018-01-16,49.00844311090724,49.84470993611054,48.39573582842426,49.20716094970703,5830900.0
2018-01-17,49.289969589553536,50.50710913181508,48.04799149614825,48.768341064453125,5879400.0
2018-01-18,49.08296490114105,50.99561197707905,48.867690124606696,49.67911529541016,7368900.0
2018-01-19,49.67083514847558,49.8364296670352,47.74990651635171,47.81614685058594,6221100.0
2018-01-22,47.34418923428978,48.23841151806362,46.83083934622493,48.23013305664063,6673900.0
2018-01-23,48.06454068311983,48.46197320385909,47.327634353508735,47.625709533691406,4838900.0
2018-01-24,47.82442563892067,49.082963571328186,47.70022974915486,49.04156494140625,3909400.0
2018-01-25,49.091259490350005,49.761925702552105,48.41231165464367,49.07469940185547,4618600.0
2018-01-26,49.33964146723204,49.73707401057376,49.190603868664766,49.67911529541016,2829300.0
2018-01-29,49.10780019247719,49.28995477697976,48.51164987607285,48.627567291259766,4499700.0
2018-01-30,48.470257028614895,49.09124596272711,48.321219431746925,48.354339599609375,2663100.0
2018-01-31,48.437139868346925,48.95877148977437,47.31936098094422,47.700233459472656,4435100.0
2018-02-01,47.74162181974933,49.3396333515832,47.74162181974933,48.79316329956055,3933300.0
2018-02-02,48.91737426391743,48.92565272737871,45.77930914036509,45.87038803100586,7625900.0
2018-02-05,45.74619193343918,46.51621858427589,44.70293175149042,44.77745056152344,4686600.0
2018-02-06,43.96600320605057,45.3901384481768,43.78384864982228,44.55387496948242,4368500.0
2018-02-07,44.63668598024472,45.45639279097955,44.13161445790956,44.24753189086914,4062200.0
2018-02-08,44.33860335035544,44.68635874950402,42.839952277358606,42.88962936401367,4790100.0
2018-02-09,43.12146327110556,44.08192581058348,41.92088430713008,43.68449020385742,4509500.0
2018-02-12,44.04053984384193,44.3717352488597,43.651388875236535,44.01570129394531,4591400.0
2018-02-13,43.90804662966208,45.29078331940973,43.86664800845074,45.26594161987305,4698700.0
2018-02-14,44.934758320934606,46.44996963287863,44.76088218257452,46.24297332763672,4108200.0
2018-02-15,46.42512956434057,47.253114758152265,45.90349800785561,46.97988128662109,5333700.0
2018-02-16,47.19515926688391,47.59259180800452,45.55574885031898,45.86210250854492,5503900.0
2018-02-20,45.71306001805287,46.9964363869471,45.621981144906535,46.57416534423828,3267500.0
2018-02-21,46.24298323430714,46.56590019281415,45.80415198390728,45.85383224487305,2638100.0
2018-02-22,46.15190274386507,46.416857791387066,44.86852298169589,44.97616195678711,2833200.0
2018-02-23,45.282508295695024,45.70478250568924,44.909917492010806,45.63854217529297,2855600.0
2018-02-26,45.74618850564853,46.21813988098955,45.31563576422084,46.10222244262695,1982100.0
2018-02-27,46.03597563509883,46.433411308677954,44.81883954474368,44.83539962768555,2437000.0
2018-02-28,44.86852311596896,45.07551944487205,43.84182309337709,43.85838317871094,3082300.0
2018-03-01,43.92461772654422,44.01569661115999,42.76544024933267,43.14631271362305,2594600.0
2018-03-02,42.972425580798046,44.247520163927625,42.86478663935754,44.14816284179688,3411000.0
2018-03-05,43.96601402638146,44.54560431350497,43.88321676758366,44.22269058227539,2390300.0
2018-03-06,44.26407890843083,44.504195324971285,43.1131802230633,44.07364273071289,3460600.0
2018-03-07,43.79214021033396,43.941177810884646,42.88963614411616,43.14631271362305,3806000.0
2018-03-08,43.2044775534476,43.82761905662232,43.2044775534476,43.75284194946289,2106100.0
2018-03-09,43.94392552255847,44.20149174333739,41.99141731464356,43.35401916503906,8606600.0
2018-03-12,43.43710898459792,43.90238903913379,43.28755479454928,43.44541931152344,8704400.0
2018-03-13,43.57835722193302,43.78607102835838,42.980140445200405,43.12138748168945,5230500.0
2018-03-14,43.021669363342944,43.30416018012471,42.440073419492414,42.59793472290039,3215900.0
2018-03-15,42.747499402561154,43.021679962287145,42.06619841238026,42.4068489074707,2536900.0
2018-03-16,42.489938388100455,42.95521848454886,42.31545954048031,42.33207702636719,5182600.0
2018-03-19,42.34037419380422,42.58963008436937,41.6590732805112,42.21574783325195,4029900.0
2018-03-20,42.29883085897779,42.37360794094612,41.6092228092348,41.75877380371094,2609300.0
2018-03-21,41.75046525134671,42.55639564455526,41.63414605427752,42.26559448242188,2815200.0
2018-03-22,41.94987325609928,42.32375549648039,41.73384916620833,41.75877380371094,2488200.0
2018-03-23,41.866790398778136,42.33207042264373,40.91130888029637,40.93623352050781,2825800.0
2018-03-26,41.42642517481093,43.00504755850655,41.21871145305151,42.9468879699707,4735100.0
2018-03-27,43.22108161786828,43.86914756568002,42.89704864396241,43.495262145996094,4267400.0
2018-03-28,43.561732697402014,44.392587788835264,42.91366674031149,43.10476303100586,3730200.0
2018-03-29,43.12138886300348,43.27094306197732,42.082819797608025,42.69765090942383,4046100.0
2018-04-02,42.70596740627136,42.79735883488137,41.81695241142012,42.13267517089844,3175200.0
2018-04-03,42.94691157675848,44.04364037693436,42.44839963830093,43.91901397705078,5425400.0
2018-04-04,43.13799486267487,44.77478040842214,42.86381433038752,44.69169616699219,6509000.0
2018-04-05,44.61691642091686,44.75816025681595,43.64481437296838,43.93561553955078,6397700.0
2018-04-06,43.73622165034293,44.29289633884081,43.32910433600966,43.90239334106445,3243100.0
2018-04-09,44.01870235693565,44.25965109408428,43.70297653479126,43.91069030761719,2654300.0
2018-04-10,44.110099195463846,44.20980092410528,43.27093690459861,43.30416870117188,3985500.0
2018-04-11,42.98843143307944,43.48694307644959,41.68398639965673,42.38190460205078,6767600.0
2018-04-12,42.4982533272144,42.58133759620279,41.25197027561822,41.592620849609375,6522500.0
2018-04-13,41.69231239133396,42.66441141206524,41.35166190080493,41.60091781616211,2951200.0
2018-04-16,41.81694394564506,42.50655211696047,41.4430584698904,42.29053115844727,3181000.0
2018-04-17,42.43177340539874,42.87212563258981,41.99142117820767,42.489933013916016,2222100.0
2018-04-18,42.63118445909651,43.07984388994283,42.49824774450107,42.51486206054688,1281300.0
2018-04-19,42.58964013396034,43.1961672757165,42.31545954048031,42.33207702636719,2446800.0
2018-04-20,42.37360654906089,42.39022403000361,40.74513145019885,40.98608016967773,4512600.0
2018-04-23,41.01101316613815,41.56768462862071,40.89469394528872,41.30181121826172,2307700.0
2018-04-24,41.501220703125,42.032967560261625,41.19380514561688,41.501220703125,2477700.0
2018-04-25,41.49289834678679,42.224051648117495,41.285184592843095,41.89170837402344,2375900.0
2018-04-26,41.85017890580232,42.03296807874575,41.434751272357296,41.56768798828125,1746600.0
2018-04-27,41.70062735420918,41.7754044597597,41.10241367926658,41.51784133911133,4060600.0
2018-04-30,41.69232010661354,41.69232010661354,40.8365401433871,40.87808227539063,2281500.0
2018-05-01,40.82822037377453,41.24364793666513,40.32139823993427,41.21872329711914,2262100.0
2018-05-02,41.14395412430993,41.59261673921625,40.59558976257822,40.7036018371582,2429600.0
2018-05-03,40.65374145946293,40.81160279197273,39.4988533445409,40.495880126953125,3956000.0
2018-05-04,41.54276493170278,44.26796929699482,41.02763553399887,44.17657470703125,8772500.0
2018-05-07,44.01039769691072,44.051939819940095,42.82227459539771,43.55342483520508,4782000.0
2018-05-08,43.553416037412106,43.81098221930319,42.27390179148075,42.59793472290039,2854300.0
2018-05-09,42.61455896954853,43.13799540213214,42.365303072681,42.73918533325195,1655800.0
2018-05-10,42.93859771360428,43.528504154880856,42.664413971639576,43.47034454345703,1764900.0
2018-05-11,43.4869509728938,43.694664723591714,43.154607703993015,43.636505126953125,2489500.0
2018-05-14,44.118409342378,46.08753842563448,43.67805710569431,44.575382232666016,9292700.0
2018-05-15,45.1735991676754,46.112466489965286,44.841258968523576,45.21514129638672,6122300.0
2018-05-16,45.29823025598319,45.38962484391728,44.37598038786479,44.72494125366211,4001100.0
2018-05-17,44.11840837526167,44.783095048578765,41.50121648455415,42.88043594360352,11988700.0
2018-05-18,42.888749246710205,43.74453235192816,42.6644179377382,42.99676132202149,5355000.0
2018-05-21,43.503579975474096,43.68636913872839,43.06322772159183,43.204471588134766,3564000.0
2018-05-22,43.22939885733732,43.4371126756708,42.78073941852761,42.8056640625,1980400.0
2018-05-23,42.53148504576382,42.730891728172736,41.850183899181054,41.96650314331055,3718300.0
2018-05-24,42.14097229046083,42.28221613814491,41.75046937363423,42.04126739501953,2515400.0
2018-05-25,42.06619535243343,42.73918596700912,42.05788502638688,42.34868621826172,1987300.0
2018-05-29,42.10774418303197,42.34869296539856,41.59261481720025,41.76709365844727,3026600.0
2018-05-30,42.09112907500116,42.79735480724645,41.79202066199233,42.56471633911133,3598500.0
2018-05-31,42.37360973139366,42.45669397288664,41.4264354327468,41.85017013549805,5211500.0
2018-06-01,41.95818720058385,42.00803965311527,41.43474754211758,41.52614212036133,2107900.0
2018-06-04,41.62584113246488,41.69231106482444,41.50121476348195,41.63415145874024,2444400.0
2018-06-05,41.79200817142871,41.90002021483572,41.44305057352053,41.733848571777344,2243600.0
2018-06-06,41.86678726614865,42.2074377245466,41.36827548245528,42.074501037597656,4369200.0
2018-06-07,42.31630102606461,43.02504568227354,42.149536642025424,42.5330924987793,4457600.0
2018-06-08,42.52475848893227,42.88330082477084,42.47472821622237,42.63315582275391,1985100.0
2018-06-11,42.58312013845181,43.650407041165344,42.56644338300117,43.35023498535156,4556600.0
2018-06-12,43.54201941505629,43.74213414886602,43.31688795394558,43.67543029785156,1987300.0
2018-06-13,45.10960438317544,45.87671947900498,44.6510045921474,45.24301528930664,6966000.0
2018-06-14,45.51817525408908,46.1435394479917,45.509838464374425,45.96009826660156,2948800.0
2018-06-15,45.99345482861238,46.9856982701471,45.99345482861238,46.78558349609375,4680700.0
2018-06-18,46.69385798528032,47.48598656939823,46.64382770664867,46.95234298706055,4023700.0
2018-06-19,46.452055040246165,47.31089076047772,46.31864412944811,47.07741928100586,3480400.0
2018-06-20,47.52768346088208,48.77841197301056,47.52768346088208,48.52826690673828,4075200.0
2018-06-21,48.25310512036045,48.50325018670043,46.89398242696533,47.02739334106445,3639100.0
2018-06-22,47.34423834599499,47.51934274059522,47.00237270818208,47.27753448486328,5465000.0
2018-06-25,47.2191785167921,47.50267714998961,46.377019409013805,46.89398956298828,3253700.0
2018-06-26,46.78558411184347,46.91899502322386,46.1852334202482,46.57712936401367,2412900.0
2018-06-27,46.810591629883845,47.1858107637654,46.393682187963584,46.45204925537109,2490400.0
2018-06-28,46.69386779780515,46.910659355900194,45.95176933636994,46.80226516723633,2239000.0
2018-06-29,46.79390884694624,47.31921556676005,46.52708709292536,46.87729263305664,2435400.0
2018-07-02,46.66885589655245,46.935677753243205,46.276959902952136,46.67719268798828,1766700.0
2018-07-03,46.760570594043145,46.985698922788494,46.285290842339,46.3936882019043,888100.0
2018-07-05,46.67718273061013,47.49432489000522,46.57712535088762,47.444297790527344,2020000.0
2018-07-06,47.57771698707075,48.56996052920051,47.52768669810178,48.48657989501953,2642000.0
2018-07-09,48.52826572657519,48.70336695063077,47.81118088813764,48.670013427734375,2437100.0
2018-07-10,48.845123771446815,49.14529597171016,48.278126536337055,48.97853469848633,2454300.0
2018-07-11,48.68668242778188,49.68726568979656,48.353156794288,49.445457458496094,4434200.0
2018-07-12,49.57054144241345,49.62890851943128,49.20365903742468,49.29537963867188,1718500.0
2018-07-13,49.11193782951296,49.24534873537487,48.853452807820005,49.20365524291992,1143900.0
2018-07-16,49.20365045030875,49.25368072792143,48.71169718646719,49.05356597900391,2507100.0
2018-07-17,48.69503742547215,49.03690313424826,48.052996327377016,48.3781852722168,1850900.0
2018-07-18,48.378172718467255,48.82843568560615,48.26143858197199,48.54493713378906,2103000.0
2018-07-19,48.536602773273366,48.6700136847966,47.87788500604184,47.894561767578125,1645700.0
2018-07-20,47.81118395184766,47.83619750523931,47.07742230494294,47.71946334838867,2313400.0
2018-07-23,47.73613692570007,47.81951755195344,47.36091774602588,47.41928482055664,1256900.0
2018-07-24,47.81951652935576,47.89456036368582,46.93567045920942,47.24418258666992,2123300.0
2018-07-25,47.36091390071839,47.802840090128186,47.11910565114259,47.786163330078125,2324500.0
2018-07-26,47.98627362129031,48.79507891419587,47.96959686279297,47.96959686279297,1492700.0
2018-07-27,48.19473581600288,48.25310288942476,44.36750661757156,45.03456115722656,15397800.0
2018-07-30,44.43421384889697,44.56762475738935,42.44972380190165,42.75823593139648,15733900.0
2018-07-31,42.85830037934758,44.16739603146313,42.5331082784808,43.9172477722168,10900200.0
2018-08-01,43.92558944879949,44.1924113003022,43.36692901043816,43.81719207763672,4070600.0
2018-08-02,43.733810882609525,44.15905720901456,43.04173952734629,43.95894241333008,5450500.0
2018-08-03,43.52536288349536,44.35084211040461,42.69988047581827,44.325828552246094,8242700.0
2018-08-06,44.11736350690194,44.18407055419047,43.6087334040117,44.06733322143555,3676000.0
2018-08-07,44.15071915321823,44.85946407051483,43.94226439157014,44.37585067749024,3220700.0
2018-08-08,44.31749175978253,44.60932720752463,44.20075439991787,44.325828552246094,1969800.0
2018-08-09,44.44254354974815,45.68493502127401,44.30079587367171,44.66767501831055,4561500.0
2018-08-10,44.367505406627245,44.45922599972023,43.708787675111104,43.79217147827149,2406400.0
2018-08-13,43.84220290011762,44.10068474471849,43.42529341577615,43.533687591552734,1734900.0
2018-08-14,43.76716605992657,44.00897118210347,43.59206163113768,43.83386993408203,1103900.0
2018-08-15,43.558713340978095,44.100693874361646,43.25019796854493,44.02565002441406,2286100.0
2018-08-16,44.19240460502654,44.55928380006767,44.017303387900114,44.17572784423828,1432000.0
2018-08-17,44.16739591584214,44.65934928056232,44.10902883704206,44.37585067749024,1525900.0
2018-08-20,44.56761931999305,44.78441082705629,44.35916460210792,44.65933990478516,1074700.0
2018-08-21,44.77608155890725,45.26803490298011,44.63433067293688,45.00121307373047,2038200.0
2018-08-22,45.02622514988837,45.02622514988837,44.442551224754936,44.50925827026367,1389300.0
2018-08-23,44.42587185708226,44.559282759506026,43.93391855800085,44.09234619140625,1729000.0
2018-08-24,44.14238024477535,44.55928977811357,44.109029899491446,44.27579116821289,1149500.0
2018-08-27,44.46756297762405,44.82610217439896,44.40919272895684,44.74272155761719,2139000.0
2018-08-28,44.7260481220018,44.917826099465486,44.40919602930372,44.51759338378906,1247800.0
2018-08-29,44.64267766439747,45.12629111317358,44.292471970457605,44.934513092041016,1665400.0
2018-08-30,44.77608564986185,44.84278952288509,43.95060335342343,44.20074844360352,1839800.0
2018-08-31,44.06733267378594,44.40086154454946,43.992288836902496,44.209083557128906,1708100.0
2018-09-04,44.058991072710526,44.10068138181218,43.55870100195725,43.85053634643555,1984300.0
2018-09-05,44.43421344986386,44.78441588872384,43.84220274754328,44.15071487426758,3906100.0
2018-09-06,42.94167577796394,46.41036247085618,42.94167577796394,45.543190002441406,9002800.0
2018-09-07,45.886189618390816,47.81031685798647,45.6017536675076,46.8984489440918,6751700.0
2018-09-10,47.04066543512675,47.05739733713403,45.06634567624332,46.178993225097656,11239800.0
2018-09-11,45.74396641659772,46.71439424701335,45.74396641659772,46.3463020324707,4247400.0
2018-09-12,46.22918384041434,46.57217983926096,45.84435968391012,46.1287956237793,4065200.0
2018-09-13,46.34630517344975,47.4505850832004,46.304473826291954,47.02392959594727,3297300.0
2018-09-14,47.02392321963865,47.29162721047323,46.35466324255217,46.722755432128906,3179600.0
2018-09-17,46.76459626925563,47.34183251833602,46.33794075322251,47.08249282836914,3617100.0
2018-09-18,47.00720157952007,47.124324893442505,46.33794145638328,46.57218170166016,2459500.0
2018-09-19,46.65583863011536,47.16615044304762,46.40486649673596,46.82315444946289,5072100.0
2018-09-20,46.85660998011623,47.57606569140864,46.79804992838624,47.4338493347168,2436200.0
2018-09-21,47.2581755068354,47.63463212085026,47.09085968322663,47.46731948852539,6121100.0
2018-09-24,47.46732524242192,47.71829741261549,46.95701335463391,47.333473205566406,3679300.0
2018-09-25,47.4338563501471,47.51751266748165,47.157784758631976,47.30836868286133,3346500.0
2018-09-26,47.49241641370283,47.8437767760721,47.040664640984666,47.26654052734375,4972100.0
2018-09-27,47.21634481902295,47.4673201535945,46.76459623761884,47.30836868286133,2364500.0
2018-09-28,47.19124346364073,48.170038865384605,46.94027134746761,48.061283111572266,2744500.0
2018-10-01,48.11148812570145,48.12822002996661,46.40487537735256,46.64748001098633,3608800.0
2018-10-02,46.68929800380575,47.358558026433386,46.63910230537736,47.274898529052734,3806500.0
2018-10-03,47.3836568513885,47.3836568513885,46.55544852571828,46.77295684814453,4171400.0
2018-10-04,46.6558310332768,47.132678966438974,46.46341898930638,46.86497497558594,3498500.0
2018-10-05,47.08249681664456,47.30837272227495,46.17062883818896,46.27938461303711,2042600.0
2018-10-08,46.07860539672991,48.09475333215846,45.73560618958573,47.72665786743164,6315900.0
2018-10-09,47.68483155266486,48.96479179944652,47.4087599434383,48.00273132324219,4638100.0
2018-10-10,48.05292285066071,48.05292285066071,46.37977090081659,46.45506286621094,3121600.0
2018-10-11,46.47178912244933,46.563812979115525,44.91575748754307,45.024513244628906,3846200.0
2018-10-12,45.49299813183661,45.82762657556783,44.89902682012079,45.44280242919922,2642000.0
2018-10-15,45.1249089980358,45.95312065517508,45.1249089980358,45.47627258300781,1717700.0
2018-10-16,45.69376946387951,46.2542769113272,45.317309714292776,46.053497314453125,5031600.0
2018-10-17,46.11205361522708,46.98209314545176,45.986569169758994,46.73112106323242,2680800.0
2018-10-18,46.73949493818582,47.63463090160457,46.73113058329723,46.9904670715332,2763300.0
2018-10-19,47.22469534743825,48.02780719305942,47.01555143818589,47.85212707519531,2503700.0
2018-10-22,47.71828524548292,48.00272115018642,46.92353758310988,47.51750564575195,2145000.0
2018-10-23,46.86498512518163,47.32510125965288,46.32957702752171,47.06576156616211,1708500.0
2018-10-24,46.948641162963305,47.15778514931631,44.47237713045187,44.5727653503418,6433500.0
2018-10-25,45.057984518457,46.07024072710319,44.57276889966408,45.74397659301758,3905200.0
2018-10-26,45.099810924014506,45.80253487439633,44.59786661286353,45.03288650512695,3053700.0
2018-10-29,45.4846318718916,46.22081957497099,44.622959695596194,45.28385543823242,2760900.0
2018-10-30,45.46790284924006,47.074130376627686,45.22529824248222,47.04903411865234,2670900.0
2018-10-31,47.400398113450535,48.47121441925351,47.18288974806593,47.97763442993164,2610500.0
2018-11-01,48.119840639168096,49.49182444741169,48.036181143980414,48.93132019042969,4528600.0
2018-11-02,47.98599444131796,49.82646207133845,46.63910672310363,46.9904670715332,4739600.0
2018-11-05,47.25817420542627,48.27879463789424,46.98210262538175,47.93579864501953,2643600.0
2018-11-06,47.83541793593252,48.53814193297405,47.43386182209227,48.34572982788086,1604400.0
2018-11-07,48.588321669438045,48.588321669438045,47.26653043690853,48.36244583129883,1947300.0
2018-11-08,48.36245092552579,48.92295521191351,48.06964746393272,48.454471588134766,1570200.0
2018-11-09,48.47958640322504,48.83931438724111,47.80195860260029,48.14495468139648,1836200.0
2018-11-12,48.2035071748956,48.47957878068959,47.77685482836793,47.79358673095703,1798700.0
2018-11-13,47.74339295835298,48.32899680757109,47.56771276097282,47.65973663330078,1211300.0
2018-11-14,47.95253121293652,48.20350334928673,47.35856307894148,47.651363372802734,1723800.0
2018-11-15,47.383658676214296,47.94416619117568,46.58891092942154,47.93579864501953,1230700.0
2018-11-16,47.78521407281992,48.35408593486523,47.283269813972296,48.0947494506836,1411100.0
2018-11-19,47.95253603185673,48.161680031713495,45.90292419500358,45.9865837097168,5419400.0
2018-11-20,45.25039240591938,45.55992460799602,43.63580059770379,44.23813629150391,4395200.0
2018-11-21,44.66478284149617,45.36750666301837,44.50583458341125,44.94921875,3039700.0
2018-11-23,44.714984846739625,45.55156079077111,44.606229080456025,45.10817337036133,943400.0
2018-11-26,45.559925159944136,45.57665706178394,44.773544921176885,44.940860748291016,1551100.0
2018-11-27,44.89066563360032,45.283857353800926,44.79027741252417,45.275489807128906,2332800.0
2018-11-28,45.59338754668058,46.32120770203141,45.46789988242387,46.1287956237793,1964300.0
2018-11-29,45.71886577860051,46.639097822348816,45.593378140233376,46.304466247558594,1926500.0
2018-11-30,46.42159529070761,46.42159529070761,45.0161476083119,45.325679779052734,3397100.0
2018-12-03,45.57665450741172,45.87782234108121,43.93696651441533,44.765174865722656,3357900.0
2018-12-04,44.848823246706814,45.09979531542336,42.88286846064736,42.95816040039063,3842300.0
2018-12-06,42.68210534340606,42.95817374738309,42.05467338103171,42.924713134765625,3657800.0
2018-12-07,42.70718385155718,43.14220354762968,42.28889605048163,42.7490119934082,2836100.0
2018-12-10,42.74902382368374,42.90853716198522,41.447748161969294,41.77516555786133,3784700.0
2018-12-11,41.98505942793628,42.54754841102342,40.49069116081608,40.49908828735352,3967700.0
2018-12-12,40.750926263877226,41.47292504422985,40.750926263877226,40.85166931152344,5318000.0
2018-12-13,41.17910567090399,41.4477560573013,39.852644788387984,40.22203826904297,4603600.0
2018-12-14,40.02894649390143,40.70057246811482,39.83585422647541,40.33957290649414,3553900.0
2018-12-17,40.23043107812096,40.28920135092234,39.09706249206176,39.30694580078125,4309100.0
2018-12-18,39.79388247368554,39.87783452850879,38.47581535705376,38.78644180297852,5371800.0
2018-12-19,38.77803173620848,39.45805468259776,37.91331369032539,38.08961486816406,4693900.0
2018-12-20,37.82097437849127,38.05604587932832,36.46093133445959,37.05699920654297,3356500.0
2018-12-21,37.35083015825618,38.123199096394806,36.18387642379327,36.402156829833984,5068200.0
2018-12-24,35.79769319173235,36.45252802735324,35.26039248531882,35.277183532714844,1921300.0
2018-12-26,35.46189022525772,36.41056060791016,34.7398910295643,36.41056060791016,4512900.0
2018-12-27,35.90684187734365,36.41056060791016,34.90779834060833,36.41056060791016,4001900.0
2018-12-28,36.61204486061697,37.0234143519918,36.15030222226016,36.44413757324219,3553600.0
2018-12-31,36.72956881532189,36.80512691355884,35.94040894684153,36.704383850097656,3278900.0
2019-01-02,36.62043204051111,38.4086383970251,36.38536380301117,38.33308029174805,4704600.0
2019-01-03,38.05603907077509,39.19780145994164,37.88813180095023,38.727664947509766,5106600.0
2019-01-04,39.12224680741996,39.75189672300653,38.76124726627844,39.60078048706055,3917700.0
2019-01-07,39.56719669560554,40.53265785848685,39.34891629177868,40.02054214477539,3413800.0
2019-01-08,40.30598290226821,40.86007462264556,39.66793915254097,40.60821533203125,3219900.0
2019-01-09,40.69217333134717,40.708964378872,40.04573241318287,40.12968444824219,3239600.0
2019-01-10,39.98697005227899,40.38154850655466,39.625970494438434,40.17166519165039,3106100.0
2019-01-11,40.16326732199323,40.56624286270775,39.93659297986039,40.27240753173828,2636100.0
2019-01-14,40.05413601625586,40.6082279082332,39.827461623733456,40.23883438110352,1998300.0
2019-01-15,40.19684863834153,40.53265998114367,39.99535927060837,40.12968444824219,2360900.0
2019-01-16,40.18845435519261,40.49068682688208,39.93659502963976,40.13808441162109,4400600.0
2019-01-17,40.90205474611378,41.24626319817806,40.465497138179735,40.94403076171875,6261500.0
2019-01-18,41.16230721634285,41.7499810318265,41.01958812536671,41.3386116027832,3277300.0
2019-01-22,41.22107757457743,41.32182386133398,40.4990817348782,40.68377685546875,3263500.0
2019-01-23,40.935626248709895,41.49811500450164,40.41511670351112,40.67537307739258,2437300.0
2019-01-24,40.683776988895374,41.21268378712473,40.53266076082984,41.12033462524414,2220100.0
2019-01-25,41.38898258009402,41.55688984624838,41.044774125631726,41.27984237670898,1735300.0
2019-01-28,41.09514585319735,42.26209634886937,40.90205362465694,42.01863098144531,3265700.0
2019-01-29,41.88431466687275,42.48877965098576,41.60727035086448,42.27889633178711,2226500.0
2019-01-30,42.2285260509622,42.51396751256584,40.82650692070331,41.55690002441406,2261200.0
2019-01-31,41.40577367461907,41.95147148960757,41.34700661178212,41.52330780029297,2831000.0
2019-02-01,41.71640271178673,41.79196082636194,41.14551989112183,41.69961166381836,1902300.0
2019-02-04,41.61566550942442,41.80036386062094,41.355409032971615,41.56529235839844,1594300.0
2019-02-05,41.59047956020906,41.96827017763406,41.43936331323906,41.81715393066406,2385100.0
2019-02-06,41.92629068077347,42.136173999924935,41.63245531498753,41.79196548461914,1771200.0
2019-02-07,41.57368024995591,41.62405338979234,40.74254105676058,41.26305389404297,1483100.0
2019-02-08,41.11194076907751,41.60726547241211,40.83489328298776,41.60726547241211,1781700.0
2019-02-11,41.28824894844785,41.64924853238112,40.25562334878949,40.3731575012207,2586100.0
2019-02-12,40.55784442106688,40.9356317466299,40.40672820981585,40.61661148071289,3191800.0
2019-02-13,40.83490108604454,40.96083236788836,40.45711044307863,40.658599853515625,3068400.0
2019-02-14,40.57463924897208,41.666031718851485,40.423523023635646,41.22107696533203,4485600.0
2019-02-15,40.80131325282007,42.87496133316763,40.68377911430993,42.51396179199219,6830900.0
2019-02-19,42.48038135340372,42.665079694026446,42.22012809441554,42.455196380615234,4189700.0
2019-02-20,42.40481285944854,43.34509217936751,42.35444292619303,42.98409271240234,4281100.0
2019-02-21,42.9840872092719,42.99248112955169,42.42999559644905,42.74901580810547,1901500.0
2019-02-22,42.80779522846266,43.40386297547229,42.48037462127477,43.39546585083008,3410500.0
2019-02-25,43.605347203287714,43.605347203287714,42.43000280794745,42.46358489990234,2584600.0
2019-02-26,42.39642749490417,42.522358758588325,41.95147591433293,42.37124252319336,2121200.0
2019-02-27,42.13617609981013,42.21173422657276,41.51492323759779,41.65764236450195,2439100.0
2019-02-28,41.76677344299037,42.32086518367921,41.288239812512046,42.152957916259766,2865900.0
2019-03-01,42.48038681916142,42.757434365741965,42.29569165734,42.63990020751953,2426100.0
2019-03-04,42.88334830028786,42.96730032146076,41.71639470957295,42.06900024414063,2029400.0
2019-03-05,41.92628896057442,42.16975436941662,41.766778797487376,42.144569396972656,2081800.0
2019-03-06,42.21171971402266,42.32925382578575,41.71639509833222,41.99344253540039,2225900.0
2019-03-07,42.00184172317109,42.00184172317109,40.94403138210031,41.25465774536133,2499700.0
2019-03-08,40.94290368304496,41.31365530554848,40.74067347982666,41.29680252075195,1856400.0
2019-03-11,41.39790426537364,41.40632904755657,40.93446410117959,41.35577392578125,3112900.0
2019-03-12,41.56643318129148,41.81921845959783,41.44003893496871,41.65911865234375,1964900.0
2019-03-13,41.67597698205902,42.03830377446712,40.69011330109256,41.035587310791016,3821300.0
2019-03-14,41.30521438556424,41.381050280355375,40.42046442256019,40.6479721069336,5885800.0
2019-03-15,40.538436614797234,40.690108426675,40.159257085102816,40.192962646484375,6755200.0
2019-03-18,40.23508368472216,40.3109195731203,39.79692113112603,40.14239501953125,3620600.0
2019-03-19,40.15083230321448,40.51315905222974,39.72109443143393,39.78850555419922,1990000.0
2019-03-20,39.6031331424387,39.77165775612552,38.72680772273896,38.89533233642578,5196600.0
2019-03-21,38.735234076809895,39.15654398597045,38.54985668819061,38.84477233886719,4693600.0
2019-03-22,38.66782527341394,38.85320267317928,37.95159967051282,37.96845245361328,2970100.0
2019-03-25,38.33076909262044,38.98801138759944,38.08640862395532,38.36447143554688,3423800.0
2019-03-26,38.600410234271365,40.56371249535518,38.600410234271365,39.87276458740234,6169100.0
2019-03-27,40.285644776259225,40.36990545165968,39.678957627492,40.09184265136719,3158700.0
2019-03-28,40.02444544111823,40.36149468846358,39.84749603271485,39.84749603271485,2733900.0
2019-03-29,40.04970932006836,40.37833045601561,39.72108818412111,40.04970932006836,3071000.0
2019-04-01,40.44574275504231,41.001871589350586,40.36148207670484,40.6226921081543,2290100.0
2019-04-02,40.70695513801829,40.77436303639174,40.22666221012941,40.39518356323242,1284700.0
2019-04-03,40.61427442526946,41.45689421328609,40.41204426183613,41.12827301025391,2864300.0
2019-04-04,41.2378028984466,42.11412807156,41.06085355031949,41.84449005126953,2302900.0
2019-04-05,42.01302198709463,42.46803743152669,41.95403886070596,42.44275665283203,2286300.0
2019-04-08,42.26580887081625,43.41177230853899,42.26580887081625,43.30223083496094,3892400.0
2019-04-09,43.10000118497574,43.23482021542228,42.779804782288,43.0662956237793,2063100.0
2019-04-10,43.024162599461896,43.555010690712585,42.90619314262271,43.50445556640625,2421200.0
2019-04-11,43.59715600387633,43.92577725784501,43.36122024091069,43.44548416137695,2633300.0
2019-04-12,43.664556811993975,44.00160601026652,42.89777293954636,43.46232986450195,2476400.0
2019-04-15,43.59715265932246,43.76567405864708,43.0494484684985,43.6140022277832,1785000.0
2019-04-16,43.90049365369303,44.10272383547779,43.55501963782965,44.018463134765625,2080000.0
2019-04-17,44.15326770658059,44.56614950476115,44.060579037586166,44.2628059387207,2403900.0
2019-04-18,44.2880910707208,44.49874598849838,43.95946669894304,44.14484405517578,2172600.0
2019-04-22,44.09429273989616,44.09429273989616,42.87249346840861,43.0662956237793,2252700.0
2019-04-23,43.03260117245034,43.39492801300712,42.821946182095935,43.26010894775391,2917600.0
2019-04-24,43.22638239108184,43.83306949733963,42.97359716825393,43.26851272583008,2204000.0
2019-04-25,43.16740769690448,43.16740769690448,42.65340915546984,42.68711471557617,1573900.0
2019-04-26,42.897767513600094,43.30222457176556,42.70396537412533,43.142127990722656,2313500.0
2019-04-29,43.20953943860461,43.74039077727661,43.18426187487616,43.60557174682617,1294000.0
2019-04-30,43.56343755486629,43.689828576684576,42.75452344360902,43.20111083984375,2598400.0
2019-05-01,43.167402001714265,43.61398936401677,43.04101098949931,43.0831413269043,1299500.0
2019-05-02,42.98202809020388,43.20111100513614,42.07200051514232,42.48488235473633,2330100.0
2019-05-03,42.527024441686486,42.8135153164549,41.22096111550306,41.90348434448242,3983300.0
2019-05-06,41.32206678874909,42.03829217745714,41.03557599039812,41.84449005126953,1612000.0
2019-05-07,41.52429050804705,41.70124305692429,40.54685195596928,40.85862350463867,2944600.0
2019-05-08,40.7575136314351,41.161970698166265,40.4963035839036,40.900760650634766,2461300.0
2019-05-09,40.69010733115682,41.21253066114856,40.45417162217736,41.102989196777344,2322300.0
2019-05-10,40.88390121504771,41.6759624399874,40.52157454906694,41.53271865844727,2255000.0
2019-05-13,40.93446750787121,41.09456409738158,39.63683236866362,39.81378173828125,3266100.0
2019-05-14,39.89804134016799,40.53843410948375,39.78007509696221,40.184532165527344,2009400.0
2019-05-15,39.99073194466689,40.44574737406655,39.65368597848653,40.31092834472656,2031700.0
2019-05-16,40.614261662814855,41.111407310097285,40.33619567726473,40.74908065795898,1448100.0
2019-05-17,40.38675455698022,41.01871920803123,40.19295244971186,40.76593399047852,1414100.0
2019-05-20,40.65640424166529,40.7743704961551,40.38676617016305,40.70696258544922,1202000.0
2019-05-21,40.81649404046773,41.31363975464413,40.74065814459883,41.220951080322266,2572400.0
2019-05-22,41.03558568180197,41.18725750582815,40.65640612173653,40.71538925170898,1850000.0
2019-05-23,40.28564669972685,40.53843195233636,39.931744774602414,40.36990737915039,2353300.0
2019-05-24,40.43731376080815,40.513149649148,39.982298430769085,40.00757598876953,2193900.0
2019-05-28,40.20138904008029,40.59742136633008,40.058145219979366,40.12555313110352,1721100.0
2019-05-29,39.86432931403597,40.02442586031545,39.12282326124068,39.367183685302734,1983800.0
2019-05-30,39.59469277641775,41.26307904524015,39.59469277641775,40.61426162719727,3816700.0
2019-05-31,40.39518794057824,40.9513168233628,40.20981378920946,40.681678771972656,3012700.0
2019-06-03,40.53000265943945,40.98501802818625,40.36990608791984,40.6479721069336,1872000.0
2019-06-04,41.001878756315655,41.37263030588079,40.80807659079256,41.12827301025391,1654000.0
2019-06-05,41.41476332672743,41.54115436467822,40.538437987175485,40.70696258544922,2146000.0
2019-06-06,40.90918648559983,41.02715273130527,40.59741809132986,40.816497802734375,1507600.0
2019-06-07,41.00256728708533,41.34087359143044,40.77421101560158,40.95182037353516,1496900.0
2019-06-10,41.00256162612287,41.23091786607892,40.40207108382783,40.57122421264648,2448400.0
2019-06-11,40.6557976189609,40.93490075485484,40.42744138768245,40.66425704956055,1863800.0
2019-06-12,40.77420808449254,41.04485181798183,40.67271749101601,40.87570190429688,1115600.0
2019-06-13,40.875703556530645,41.8567879366676,40.67271913504496,41.721466064453125,1768700.0
2019-06-14,41.75529782852746,41.75529782852746,41.14635096253663,41.43391036987305,1302100.0
2019-06-17,41.50156657577585,41.89061656044604,40.83341341101966,41.56922912597656,1647700.0
2019-06-18,41.77221356714463,42.21201049861148,41.49311359171711,41.61997604370117,2369400.0
2019-06-19,41.83141017969078,42.36424142881721,41.37469768043955,42.0682258605957,2640800.0
2019-06-20,42.45727721592413,43.07468344025047,42.21200532197416,42.939361572265625,2561200.0
2019-06-21,42.99856583617266,43.116972070530544,42.42344707529614,42.68563461303711,3652800.0
2019-06-24,42.592596972526366,42.73637503861453,41.85678455347966,42.53339385986328,1506100.0
2019-06-25,42.41498630499168,42.51647689118597,41.662255047261965,41.79757690429688,1595900.0
2019-06-26,41.85678866731782,41.90753235382908,41.08714490072662,41.10405731201172,2038100.0
2019-06-27,41.07868996143808,41.35779317308679,40.8418774616113,41.290130615234375,2252200.0
2019-06-28,41.28167094386301,42.20355224609375,41.21400839168957,42.20355224609375,3531600.0
2019-07-01,42.55877469806999,42.98165600725298,42.24584343264652,42.753299713134766,2989100.0
2019-07-02,42.80405021472952,43.30305033038857,42.60106574974592,43.116981506347656,1885900.0
2019-07-03,43.2438354475011,44.03039479275851,43.159257265774215,43.84432601928711,1750300.0
2019-07-05,43.59060337695308,44.25029714526642,43.54831589396625,43.98810958862305,1408300.0
2019-07-08,43.81049559587456,44.35178306410862,43.76820811735523,44.31795501708984,2390300.0
2019-07-09,44.07268340636587,44.3940740525559,43.97119281200559,44.24183654785156,1630200.0
2019-07-10,44.36869657295379,44.55476534110871,44.01347789883364,44.46173095703125,1925400.0
2019-07-11,44.49556841810895,44.909990262228725,44.26721214169826,44.8930778503418,1639700.0
2019-07-12,44.969197884996746,45.22292925729683,44.85925106508368,44.977657318115234,3177700.0
2019-07-15,44.94381502455148,45.23137437987218,44.740833848047245,45.13833999633789,1376100.0
2019-07-16,45.12988576518187,45.42590133816536,44.52093575638408,45.25674819946289,2608100.0
2019-07-17,45.239838241936994,45.24829444748307,44.29258190437936,44.334869384765625,2076500.0
2019-07-18,44.02194511112342,44.16572643873903,43.41299819946289,43.41299819946289,2562800.0
2019-07-19,43.42989727162913,43.75974731259605,42.8547785904992,42.88015365600586,2651000.0
2019-07-22,42.75328993742054,43.15079930958549,41.94981498842502,42.29657745361328,2215000.0
2019-07-23,42.40653287168036,42.48265162867346,41.746839128625545,42.35578918457031,2160100.0
2019-07-24,42.29658040612167,43.45527733218143,42.262752358770136,43.17617416381836,2038700.0
2019-07-25,43.2438358723549,43.5229358089763,43.057767097055454,43.45527648925781,1786200.0
2019-07-26,43.58213946821349,43.9458175919373,43.45527703228311,43.852783203125,1502500.0
2019-07-29,43.895069563735,44.14033820612358,43.81049138849109,44.10651016235352,1536400.0
2019-07-30,43.97119070843139,44.46173124631191,43.74283446229941,44.43635940551758,1657500.0
2019-07-31,44.41944949035001,44.50402445477535,43.319958821180215,43.56522750854492,1555300.0
2019-08-01,43.47219699249322,43.8274157200196,42.66026248068065,42.8125,1739900.0
2019-08-02,42.66025092339799,42.99010094344749,41.94135423073808,42.62642288208008,2741500.0
2019-08-05,41.856796497023474,42.178183992806574,41.25630254157908,41.49311828613281,2318800.0
2019-08-06,41.85678961699138,42.034398976466456,41.44236455188816,41.915992736816406,1851500.0
2019-08-07,41.38315625378175,41.72991872350704,40.833409379821525,41.59459686279297,12381600.0
2019-08-08,42.26275069880775,43.18463189923082,42.26275069880775,42.98164749145508,3012000.0
2019-08-09,41.87370535943132,42.22892733296504,40.63889272439114,41.366249084472656,5009300.0
2019-08-12,42.28812588945414,42.38116028262341,40.47819461759798,40.63043212890625,2687800.0
2019-08-13,40.70655615503112,42.01748758207111,40.69809672201429,41.18864059448242,7023600.0
2019-08-14,40.20754309268045,40.31748987576993,37.71254350254398,37.76329040527344,9513800.0
2019-08-15,37.839411749203904,37.97473360613067,36.33395246127516,36.66379928588867,6028200.0
2019-08-16,36.91753681402921,37.21355241772992,36.75683986373903,37.04439926147461,4109100.0
2019-08-19,37.509563036029085,37.94090368846697,37.247378743692025,37.39961624145508,5252600.0
2019-08-20,37.21355633151604,37.5180313995319,36.82450628964174,37.33196258544922,3436300.0
2019-08-21,37.48420071342992,37.518031994040754,36.70610061735159,37.28121948242188,3338700.0
2019-08-22,37.42499065412359,37.475737565641126,36.72300622993993,36.76529693603516,3171900.0
2019-08-23,36.53692526598113,36.68070328182407,34.86231660802417,35.02301025390625,6834200.0
2019-08-26,35.61505333689154,35.80957829166425,35.08222214909747,35.319034576416016,3141700.0
2019-08-27,35.344412454876775,35.49664994922372,34.608596823423994,34.71009063720703,3614700.0
2019-08-28,34.56631214708721,35.454362118483786,34.49019339374877,35.302127838134766,4461800.0
2019-08-29,35.61505931442074,36.2070937084098,35.35287177850802,35.826499938964844,5408300.0
2019-08-30,35.944891911019056,35.978723171841935,35.352857751925185,35.572757720947266,5099000.0
2019-09-03,34.989190994281664,35.132972285764666,34.38024423565097,34.921531677246094,4633400.0
2019-09-04,35.33596195759463,35.46282764373401,34.6847243396474,35.24292755126953,5387100.0
2019-09-05,35.505115744645295,36.44391280460018,35.09915005883505,36.367794036865234,5686500.0
2019-09-06,36.308581346388685,36.96827500878938,36.308581346388685,36.90061569213867,5853700.0
2019-09-09,36.95157415604474,37.495107292744095,36.65433225602409,37.46113586425781,6928100.0
2019-09-10,37.33373640235356,38.16601677874695,37.33373640235356,37.75836944580078,5604800.0
2019-09-11,37.71591064219925,37.93671842188312,36.84116752004184,37.20635223388672,5968100.0
2019-09-12,37.15539918517648,37.54606089051127,36.47598681944342,37.21484756469727,5926500.0
2019-09-13,37.50359822509552,37.84330602780891,37.00253099792483,37.21484756469727,4590200.0
2019-09-16,36.95156703172508,37.43565169508802,36.7732219260979,37.41017150878906,4705300.0
2019-09-17,37.33374328271227,37.42716308783819,36.50995722959766,36.77322769165039,5588500.0
2019-09-18,36.74774765267649,37.002526856348034,36.39954865173026,36.84116744995117,4605700.0
2019-09-19,36.943078893592,37.2063525761348,35.847524741979754,36.00039291381836,5325900.0
2019-09-20,36.110794333086254,36.25516801252408,35.524801900561464,35.567264556884766,8169300.0
2019-09-23,35.50782479839772,35.8984865147906,35.24455108185793,35.643707275390625,6142400.0
2019-09-24,35.46535043671397,35.72862409048611,34.55663598102994,35.08318328857422,7617200.0
2019-09-25,35.04071751729047,35.29549993654918,34.65855036778847,35.02373504638672,3803500.0
2019-09-26,35.05771007863507,35.10866722038313,34.21693829780094,34.22542953491211,3457000.0
2019-09-27,34.276387810792016,34.65006381022758,34.038594287487,34.24241638183594,2873200.0
2019-09-30,34.35282063249284,34.590614146981856,34.17447549662609,34.28487777709961,2987300.0
2019-10-01,34.49719503671427,34.88785998372052,33.86873981011476,34.11502456665039,2611100.0
2019-10-02,33.82627748065928,33.89421709840488,32.71373748779297,32.71373748779297,4562100.0
2019-10-03,32.611822769636255,32.88358768940878,32.170203965082564,32.6542854309082,3626900.0
2019-10-04,32.79016127207403,33.42711078166461,32.55236782519522,33.15534591674805,5835100.0
2019-10-07,33.04494033072108,33.316705194837844,32.67126445248371,32.91754913330078,4222300.0
2019-10-08,32.611830737337,32.6542934089834,31.507781836365584,31.56723022460937,6439700.0
2019-10-09,31.94940539373883,32.15323078284628,31.66065464899181,31.94091415405273,2971300.0
2019-10-10,31.966374580245272,32.4079933285002,31.83049213768168,31.983360290527344,3229100.0
2019-10-11,32.365541239524376,33.13837349136583,32.365541239524376,32.637306213378906,3254200.0
2019-10-14,32.535387887020256,32.56086483522109,31.864466840389788,32.22115707397461,3666300.0
2019-10-15,32.2806125243626,32.61182912206529,31.94939916635392,32.33156967163086,4039300.0
2019-10-16,32.39100419285055,32.7901602430358,32.2551217646566,32.357032775878906,3401400.0
2019-10-17,32.35704634240266,32.51840902082711,30.785904905187905,32.08528137207031,10451500.0
2019-10-18,31.86446851097304,32.255130189102694,31.202041905475497,31.210533142089844,5967900.0
2019-10-21,31.34642279505417,31.49929100672051,30.785907098842326,30.870832443237305,5785900.0
2019-10-22,30.83686016042527,31.023696541259152,30.36976110910608,30.86233711242676,6113100.0
2019-10-23,30.93876035769475,31.09162849547937,30.4631702357323,30.989717483520508,5003000.0
2019-10-24,31.049175838663256,31.06616155273961,29.79226215425602,30.361268997192383,8302300.0
2019-10-25,30.2933245549827,31.252996292047555,30.276342081489105,30.607555389404297,4334000.0
2019-10-28,30.8028929929535,31.0576722672991,30.44619941711426,30.446199417114254,3426500.0
2019-10-29,30.4122245583009,30.913291758575227,30.30181904239136,30.734943389892575,4057600.0
2019-10-30,30.65851361081779,30.65851361081779,29.76678460080561,30.21689796447754,5621800.0
2019-10-31,30.11497942605814,30.616046626151096,29.74130345502189,30.607555389404297,7308700.0
2019-11-01,30.81138989592672,31.320951777989965,30.63304469506726,31.202054977416992,3681900.0
2019-11-04,31.38038483027666,31.626672790830867,31.202039716644965,31.54174423217773,4234900.0
2019-11-05,31.75406260160728,32.12774180185734,31.61818013961456,31.838991165161133,3994400.0
2019-11-06,31.75406286157031,31.87295961182564,31.21902424572786,31.269981384277344,3332500.0
2019-11-07,31.72009393430771,32.52689753990846,31.60969165162817,32.102264404296875,4794800.0
2019-11-08,32.16170662983074,32.382517632324145,31.59269989204601,32.36553192138672,3722900.0
2019-11-11,32.45046077844554,33.308221456100505,32.06829033987122,33.27425003051758,8863500.0
2019-11-12,32.7137309537334,32.87509034838221,31.66913402694846,32.06828689575195,10050900.0
2019-11-13,31.84747633697122,31.94938735413554,31.142583972327035,31.29545211791992,5112800.0
2019-11-14,31.592702928515283,32.4164889301517,31.39737209350073,31.957887649536133,5789100.0
2019-11-15,32.20417827711602,33.027967669229604,32.05980455338568,32.756202697753906,7693100.0
2019-11-18,32.611824278022326,33.418624598586185,32.17020545304256,33.410133361816406,7007800.0
2019-11-19,33.46957637218774,33.69887860453069,32.98549496158363,33.44409942626953,6753000.0
2019-11-20,33.3167147959132,33.52903135966974,32.72222776945615,33.12987518310547,5065300.0
2019-11-21,33.12137871655302,33.54601177702165,32.71373136726631,33.104393005371094,5115400.0
2019-11-22,33.10439521194109,33.59697114997,32.92605009218304,33.5629997253418,4414300.0
2019-11-25,33.60545842986089,34.17446838646622,33.1978111013954,34.04707717895508,6902700.0
2019-11-26,34.07256094329371,34.45473140261538,33.66491353324847,34.40377426147461,8037400.0
2019-11-27,34.471715553560166,34.60759801741504,34.24241328836254,34.31035614013672,5298100.0
2019-11-29,34.16597426966887,34.59910178799342,34.11501713819157,34.293365478515625,1876400.0
2019-12-02,34.39527924042928,34.46322208780883,33.732852676945086,33.851749420166016,6128600.0
2019-12-03,33.38465641181354,33.5460158279876,33.010977200072595,33.410133361816406,8706000.0
2019-12-04,33.41014060532177,35.482349473622364,33.308229543521875,34.62459182739258,25531000.0
2019-12-05,34.81990838751647,35.02373366695706,34.10652476901379,34.701011657714844,5486100.0
2019-12-06,35.049218800343326,35.09168146523665,33.41862590295162,33.73285675048828,10050000.0
2019-12-09,34.174479031099104,34.233927415869765,32.781679508731315,32.815650939941406,10083200.0
2019-12-10,32.756201692444755,34.064072602340886,31.89844413499236,31.949398040771484,8591900.0
2019-12-11,31.97487623641669,32.50991165184625,31.42285186719657,31.669139862060547,6673400.0
2019-12-12,31.64366248535675,32.4759463516553,31.34642056146012,32.08528137207031,7019500.0
2019-12-13,32.433480438062865,32.900579517966634,32.059804413833845,32.815650939941406,5853100.0
2019-12-16,33.18082252735969,33.97913140507705,32.985491735142446,33.758323669433594,8031300.0
2019-12-17,33.97065675678747,34.633083526842654,33.579994981611044,34.20845031738281,7746400.0
2019-12-18,34.61608346976211,35.320975860512426,34.56512957913925,34.94729995727539,9269700.0
2019-12-19,35.40589801240043,36.09380463166984,35.33795841773394,35.626708984375,9771700.0
2019-12-20,36.55241722764594,36.55241722764594,35.516311449560554,36.00039291381836,11248200.0
2019-12-23,36.29763483928458,36.48447117983657,35.68616220553202,35.830535888671875,7123000.0
2019-12-24,35.82205880125129,36.272168979041744,35.45687397182698,35.68617630004883,2824200.0
2019-12-26,35.847527719809186,36.24668389495578,35.63521115680672,36.22969818115234,3522000.0
2019-12-27,36.34072495207635,36.571324541934345,35.54643856190637,35.66600799560547,4175900.0
2019-12-30,35.683092956522,35.87952893750253,35.35000571668446,35.42687225341797,4462000.0
2019-12-31,35.418331853977136,35.947855058033454,35.20481406514539,35.845367431640625,3993000.0
2020-01-02,36.05034453472923,36.16991398132831,35.66601184350143,35.94785690307617,5738100.0
2020-01-03,35.64038780532419,35.666008896614755,35.076700990772125,35.401248931884766,4640100.0
2020-01-06,35.43540952585755,35.930769043870704,35.375621554592456,35.9222297668457,5700000.0
2020-01-07,35.76849973519545,36.02472042186417,35.503736512758195,35.982017517089844,5104000.0
2020-01-08,36.04181292348708,36.18700349438022,35.384177569269504,35.75996780395508,8139300.0
2020-01-09,36.06742424353066,36.07596677951637,34.64966626603109,34.854644775390625,7749200.0
2020-01-10,34.93150671745755,35.01691251795089,34.273871627987,34.42760467529297,4688100.0
2020-01-13,34.50448092660148,35.05962530236184,34.21409656182625,34.84610748291016,5809600.0
2020-01-14,34.67528704551604,34.87172627514281,34.36782417128131,34.4446907043457,5479300.0
2020-01-15,34.35073492633559,34.53008904534492,33.804130035246885,33.898075103759766,6239500.0
2020-01-16,34.06035118604886,34.2567871181297,33.693100408412725,34.19700241088867,6918500.0
2020-01-17,34.171386176306655,34.25679524836572,33.58207824020249,33.727272033691406,6566500.0
2020-01-21,33.73581753553219,33.838305182887204,33.01839748799993,33.078182220458984,9534200.0
2020-01-22,33.308773495979985,33.360018935785064,32.72800487694672,32.83903503417969,4931000.0
2020-01-23,32.625515829076626,32.68530054389092,31.56646625889575,31.592090606689453,9293600.0
2020-01-24,31.60063659291159,31.66042132041848,30.2341238812923,30.567211151123047,10789700.0
2020-01-27,30.2084923801088,30.43055267946747,29.71313286111778,30.003517150878903,7931100.0
2020-01-28,30.234122431928103,30.541585333785804,30.029143905999828,30.19995880126953,6365300.0
2020-01-29,30.10601047144888,30.41347663158993,29.55940541254173,29.627729415893555,6885500.0
2020-01-30,29.28609837938013,29.516697964023592,28.60284216081949,29.2006893157959,12968200.0
2020-01-31,29.175073303996257,29.62773001670365,28.67971368107512,29.149452209472656,8386800.0
2020-02-03,28.807818373795,28.927387808843,27.842717099729,28.252674102783203,11674300.0
2020-02-04,28.611386462358585,28.91031009233812,28.21851447495028,28.67117118835449,8788700.0
2020-02-05,28.91885024676211,29.619188343323238,28.876147340000664,29.32880401611328,7413600.0
2020-02-06,29.585021168468597,29.661887694634693,29.226312885041825,29.550857543945312,6101800.0
2020-02-07,30.020603125295928,30.114548217871832,29.380049743601333,29.64480972290039,6558200.0
2020-02-10,29.465458701468545,29.56794634122712,29.004259435519955,29.217777252197266,7112300.0
2020-02-11,29.46545261048768,29.95227287123653,29.012795975270624,29.866867065429688,6381600.0
2020-02-12,30.02914279186466,30.387854384424514,29.80708571686896,30.140172958374023,5321600.0
2020-02-13,29.90102353736107,30.31098047428717,29.73875122426023,29.875402450561523,3742500.0
2020-02-14,30.080380919024574,30.131623092623663,29.3544186321559,29.875402450561523,4349000.0
2020-02-18,29.90957554561019,30.49034425585685,29.8668726347439,29.9778995513916,6057700.0
2020-02-19,30.071849663967267,30.720945675875296,29.918116569463965,30.4647216796875,10675500.0
2020-02-20,27.535262045460456,27.586504241861157,24.83639505254813,25.01575088500977,44416400.0
2020-02-21,24.708275015222515,25.066984910902285,24.05918084070621,24.13604736328125,17502200.0
2020-02-24,23.486961540542737,23.495502449311623,22.504779838286037,23.000141143798828,17546900.0
2020-02-25,23.162409932688316,23.38446699459116,21.479888751648705,21.65924453735352,25053800.0
2020-02-26,21.924006017742556,22.29125686504625,20.847876196228714,20.873498916625977,18715900.0
2020-02-27,20.46354563474989,21.44572884026202,19.70342277077312,20.40376091003418,21560500.0
2020-02-28,20.267104796405444,21.62507784067136,19.976720520964232,21.018688201904297,22712100.0
2020-03-02,21.138258142656657,21.180961042855515,19.87423340024029,20.762466430664062,18892200.0
2020-03-03,20.68560231960153,20.958906451387083,19.395954709251093,19.71196174621582,20205100.0
2020-03-04,20.010889310503995,20.06213312851612,19.216602800763894,19.72904586791992,17083100.0
2020-03-05,19.515527737901333,19.524068645598085,18.14901345764132,18.34544944763184,20784500.0
2020-03-06,17.926952508638543,18.86643106095496,17.610947108330155,18.422313690185547,14435200.0
2020-03-09,17.081422295044845,17.25223716959984,16.329840430827876,16.372543334960938,14525100.0
2020-03-10,17.124125133806384,17.568242502744855,16.35546145926602,17.534080505371094,14906800.0
2020-03-11,16.919149198694843,17.32910459294308,16.466492527125194,16.910608291625977,15620200.0
2020-03-12,15.527013974171767,15.629501601288585,13.759086930797816,13.784708023071287,21431500.0
2020-03-13,15.033134714461776,15.544642886166324,13.51594985178565,14.218189239501951,17399900.0
2020-03-16,13.437922001771549,13.63732302815961,11.790693183887322,11.799362182617188,18695600.0
2020-03-17,12.527611281666369,12.527611281666369,10.585614965126824,11.04510498046875,21756300.0
2020-03-18,10.446901251056914,10.628963460726125,8.75632406230001,10.585615158081056,19626400.0
2020-03-19,10.53359780467282,11.461248573059104,9.796679912680167,10.941070556640623,14490700.0
2020-03-20,11.140473773838853,11.539276747287095,10.20415389301258,10.377546310424805,18495100.0
2020-03-23,10.31685660722272,10.394883388621231,9.371867884729983,9.779339790344238,21613200.0
2020-03-24,10.403553073689087,12.857057607423425,10.273508990988022,12.787700653076172,24294700.0
2020-03-25,13.151827011778758,14.036129550010534,12.293533955353968,12.779032707214355,19993600.0
2020-03-26,12.87439647558527,12.87439647558527,11.504595470423746,12.12880802154541,23227100.0
2020-03-27,11.773354829624006,11.773354829624006,10.637634017708969,11.088454246520996,15405700.0
2020-03-30,11.244507393740212,12.319541033486503,10.63763361819312,12.215505599975586,15460100.0
2020-03-31,12.19816502739739,12.909075009622727,12.01610282578847,12.146147727966309,16262900.0
2020-04-01,11.625971058538552,11.756015975097691,11.001757608735094,11.079784393310549,14039600.0
2020-04-02,11.05377581404248,12.085461192894371,10.854374764849322,11.062445640563965,13340000.0
2020-04-03,11.001756845156995,11.374551089232485,10.334195962966117,10.776347160339355,12254700.0
2020-04-06,11.374550557687058,12.28486156068032,11.218497006659623,12.08545970916748,17272700.0
2020-04-07,12.779030790530864,14.452269169672595,12.67499535930756,12.735682487487791,20200900.0
2020-04-08,13.11714538564152,14.010116710318492,12.848386592319304,13.698010444641112,16587800.0
2020-04-09,14.495616987740666,14.859741419008806,13.949431167638588,14.356903076171877,15991700.0
2020-04-13,14.521626644212366,14.616993079684658,13.55929825081112,13.923421859741213,11912800.0
2020-04-14,14.226859223672928,14.41759044180226,13.325217956915598,14.10548496246338,14021400.0
2020-04-15,13.498608696637362,13.654662244001967,13.004440232382828,13.17783260345459,11604500.0
2020-04-16,13.134486468321978,13.143156295004214,12.475595349675464,12.683666229248049,11751000.0
2020-04-17,13.299207580653333,13.732688918605266,13.177832508378778,13.698010444641112,9142500.0
2020-04-20,13.099807693060992,13.880074714067504,12.874397992005926,13.455263137817385,7836200.0
2020-04-21,13.143155070625555,13.437922535960446,12.88306608198888,13.134485244750977,7964100.0
2020-04-22,13.463931353064458,13.60264526157045,12.909075719040494,12.943754196166992,8503900.0
2020-04-23,12.96109377647321,13.776039276626667,12.709674595957816,13.455263137817385,10601200.0
2020-04-24,13.48994058128714,13.767368393163451,13.151824815462817,13.55062770843506,11014200.0
2020-04-27,13.628656682959344,14.816395727413402,13.628656682959344,14.721029281616213,9611400.0
2020-04-28,15.215192055636551,15.648673329627336,14.729693491774828,15.128497123718262,10883200.0
2020-04-29,15.648677568038138,16.90577426453329,15.61399991659842,16.463623046875,15216500.0
2020-04-30,15.778725016524842,16.00413390928622,14.81639569428786,14.96377944946289,15791500.0
2020-05-01,14.556306726787884,14.573644726672285,13.784708682719437,14.270207405090332,11225600.0
2020-05-04,14.070804746508742,14.417589508662958,13.602644904200506,13.958100318908691,12886600.0
2020-05-05,14.11415310444062,14.174840227803188,13.177832644160736,13.229850769042969,10932900.0
2020-05-06,13.359895912085012,13.593976252620754,12.822379103610482,12.900405883789062,12620600.0
2020-05-07,14.556303952504113,15.189186301673844,14.062133843974268,14.23552703857422,29842000.0
2020-05-08,14.582312282771433,15.796059726503634,14.391581084939263,15.67468547821045,17206000.0
2020-05-11,15.986793698391368,16.02147134879123,15.059143813191907,15.640008926391602,13543700.0
2020-05-12,15.735369722610551,16.116833702062873,15.371245390769651,15.822066307067873,12306900.0
2020-05-13,15.6660150425473,15.69202451771126,14.148830383584055,14.608321189880373,18874700.0
2020-05-14,14.22685793151747,14.911759265794368,13.91475082692545,14.877079963684082,10219600.0
2020-05-15,14.504285618014173,15.033133395766075,14.374241543340789,14.998454093933104,11608400.0
2020-05-18,15.917438970849254,16.732382885659714,15.787393216255674,16.515642166137695,17608500.0
2020-05-19,16.619679133361164,17.58200849739132,16.177527848633808,17.027151107788086,15382600.0
2020-05-20,17.660030317237823,17.928788281956496,16.888432416413153,17.018476486206055,15998400.0
2020-05-21,16.90577495939674,17.503979767121955,16.81907834683361,17.200542449951172,13246700.0
2020-05-22,17.261228711379687,17.391272796860044,16.55898932690555,16.983800888061523,10553700.0
2020-05-26,17.642692620153497,17.824754007299138,17.16586210665731,17.660032272338867,16650200.0
2020-05-27,18.33626523408083,19.402629217581016,18.15420381652737,19.08185386657715,16083200.0
2020-05-28,19.03850223994573,19.1512083296403,18.31025501133606,18.37961196899414,11246700.0
2020-05-29,17.980804443359375,18.249562391101403,17.616680078779872,17.980804443359375,15549300.0
2020-06-01,17.902780398344238,18.91712687867736,17.833423444714633,18.66570854187012,7165100.0
2020-06-02,18.847770706641565,18.969144967126564,18.518325576639302,18.934467315673828,9835800.0
2020-06-03,19.30726303500101,19.99216282551624,19.19455693866787,19.69739532470703,8816900.0
2020-06-04,19.654051072851612,21.1278888190472,19.463319810120694,20.911148071289062,12649300.0
2020-06-05,22.306954822247363,23.000526128254883,21.457331584648625,21.51801872253418,17165200.0
2020-06-08,22.5410363278662,24.786470463584,22.15957217315569,24.717113494873047,23066100.0
2020-06-09,23.84147906307401,23.93684550847845,22.51502526899591,22.558374404907227,18642700.0
2020-06-10,22.55837323933489,22.593050892671727,20.659724178132667,20.80710792541504,20386200.0
2020-06-11,19.073179767647908,20.486328268303208,18.899786562865597,20.45165061950684,19971100.0
2020-06-12,21.4326238695356,21.72166205671313,19.418115494734185,20.05750274658203,22131300.0
2020-06-15,19.18163810521728,22.238437820420764,19.006464327307494,21.800500869750977,20166000.0
2020-06-16,22.99168700764445,23.28072529177383,20.44289441015903,21.187387466430664,17451300.0
2020-06-17,20.994693379631247,21.371319362898745,20.320271855567302,20.40785789489746,17232700.0
2020-06-18,20.145092010498047,21.51145430518227,20.05750431981141,21.45890235900879,12249200.0
2020-06-19,21.81801410713696,22.063259348753228,20.62682532013872,20.74944877624512,35548800.0
2020-06-22,20.679379647539808,20.933382164799728,20.1976480855833,20.57427406311035,13738900.0
2020-06-23,20.872069534430054,21.152348842140967,20.60054916390966,20.766963958740234,10519600.0
2020-06-24,20.285237707793343,20.793244460832856,19.365570857313863,20.65310478210449,16923900.0
2020-06-25,20.118824005126957,20.293999463148435,19.496954303284955,20.118824005126957,14766600.0
2020-06-26,19.94364332066324,20.22392262009204,19.28673808615336,19.54949951171875,17517300.0
2020-06-29,19.610812029052905,20.486685747840035,19.164116231999888,20.188888549804688,10918600.0
2020-06-30,20.355303252810984,20.539237586460413,19.73343376847391,20.425373077392575,9886200.0
2020-07-01,20.434133661104337,21.126074696383867,20.223924170418496,20.67061996459961,8771700.0
2020-07-02,21.020970498361898,21.178628044395072,20.2414433769719,20.36406517028809,9947300.0
2020-07-06,20.837036481864963,20.968417204996467,20.390340686740625,20.74944877624512,9234300.0
2020-07-07,20.58303299172817,20.59179192964305,19.864816788673963,20.101303100585938,8823200.0
2020-07-08,19.961160814372235,20.1363345378809,19.453152505586917,20.075023651123047,9759000.0
2020-07-09,20.05750792638308,20.066266864086327,18.98018364783202,19.356809616088867,13176200.0
2020-07-10,19.2867373425508,20.10130006923292,19.120320888457517,20.08378219604492,6351900.0
2020-07-13,20.42537376129211,21.099796889594284,19.74219336639587,20.766963958740234,14111300.0
2020-07-14,20.591797899760877,21.3100143110454,20.285241666247533,21.23994445800781,8983700.0
2020-07-15,21.65159422484691,22.19463657772004,21.3100040643632,21.853046417236328,11980100.0
2020-07-16,21.528979531576766,22.42237127468309,21.362563029485163,22.33478355407715,8514300.0
2020-07-17,22.29974375575304,22.422367210614507,21.66035635123365,22.06325912475586,16381900.0
2020-07-20,22.142089495087856,22.150848433254733,21.231179972892136,21.43263053894043,8481800.0
2020-07-21,21.45014454643993,21.966910110903388,21.38007472433961,21.47642135620117,7930000.0
2020-07-22,21.310009609556005,21.861809371662357,21.126076912386125,21.77422332763672,6607900.0
2020-07-23,21.739183677397687,22.133327487260416,21.581526153452597,22.010704040527344,8436100.0
2020-07-24,21.87932223212585,22.317259034228915,21.406351354564634,21.67787170410156,8646500.0
2020-07-27,21.607808010105177,21.791740717261643,21.117319120424465,21.747947692871094,6861000.0
2020-07-28,21.43262667326577,21.861804542454745,21.318763838826374,21.47642135620117,4636000.0
2020-07-29,21.590288041296343,22.299745325419213,21.257456744608035,22.150848388671875,6711300.0
2020-07-30,21.58152985074448,22.816511772426413,21.406356093481268,22.60630226135254,7469000.0
2020-07-31,22.492439897186436,22.93037680586811,22.194642665635158,22.834030151367188,8446700.0
2020-08-03,22.834028077642216,22.886580034144306,22.19464064997763,22.518712997436523,7970200.0
2020-08-04,22.63258207456865,23.377075235692008,22.431131475263776,23.254451751708984,8889400.0
2020-08-05,23.429623768879814,23.447141645538068,22.737682676248927,22.77271842956543,9744800.0
2020-08-06,23.29823789854636,24.1478346819999,22.693884651852528,23.5522403717041,17381600.0
2020-08-07,23.29824554420717,23.54348916144717,22.474923629166277,22.956653594970703,11786400.0
2020-08-10,22.90409368359872,23.455894972140747,22.65885015144339,23.044233322143555,12312700.0
2020-08-11,23.44713921109865,24.34928804757473,22.912855722671587,23.219411849975582,12788300.0
2020-08-12,23.8325262482644,23.92011396588301,22.68513199219108,22.982929229736328,11405800.0
2020-08-13,22.702648177015877,23.62231496694472,22.4311277761811,23.377071380615234,8121500.0
2020-08-14,23.3595495831519,24.734670903431848,23.254444013370364,24.051488876342773,16534200.0
2020-08-17,24.08652866185377,24.200391516829104,23.324517747307148,23.85004234313965,10933900.0
2020-08-18,23.83252395280504,24.612052726873035,23.21065439174283,23.622314453125,6345000.0
2020-08-19,23.76245277645577,24.00769801418549,23.39458575515946,23.928869247436523,7598900.0
2020-08-20,23.64859178145001,23.64859178145001,23.07051522710674,23.377071380615234,10627200.0
2020-08-21,23.38582831975716,23.552243118942236,23.026720238531368,23.219411849975582,4982200.0
2020-08-24,23.25444960958278,24.23542903809771,23.166863562716227,24.209152221679688,6777600.0
2020-08-25,24.33177294548192,24.52446456565444,23.80624837067001,24.147838592529297,5039500.0
2020-08-26,24.077770474805057,24.51570737322769,23.79749112711004,24.428119659423828,7095000.0
2020-08-27,24.734671370561617,25.233919077610704,24.314252424688323,24.760948181152344,10530100.0
2020-08-28,24.953643908032348,24.953643908032348,24.45439611840092,24.51570701599121,6122600.0
2020-08-31,24.36680675922615,24.74343272822556,24.244184972332032,24.39308357238769,6894500.0
2020-09-01,24.20914605705989,24.43687339623728,23.81500393473452,24.261699676513672,5177400.0
2020-09-02,24.20039360102141,24.89233474042167,23.99894301762518,24.795988082885746,6820100.0
2020-09-03,24.866052870090588,25.41785421580245,24.41935709947504,24.743431091308597,8722900.0
2020-09-04,24.918606442827784,25.27771451190701,24.506944751007858,25.181367874145508,9383200.0
2020-09-08,24.936124202170184,25.487925581197697,24.72591470988236,25.146333694458008,14509200.0
2020-09-09,25.233921400560405,25.43537362577488,24.690880629799327,25.146333694458008,7759900.0
2020-09-10,25.24267842881758,25.925860480022997,25.172608603355208,25.6630973815918,9877300.0
2020-09-11,25.715657765028343,26.10980001041195,25.435378389485287,25.645587921142575,12297200.0
2020-09-14,25.937014955215552,26.528700399623773,25.78688576232381,26.25493431091309,10250000.0
2020-09-15,26.56402033245556,27.235185943622245,26.378567541103244,26.60817527770996,11208100.0
2020-09-16,26.82895261187952,27.7297276185088,26.431553062651176,27.09388732910156,9539800.0
2020-09-17,26.722978591918945,27.20868968664368,26.40505762262826,26.722978591918945,11887700.0
2020-09-18,26.59051150227948,26.917262105224683,26.40505704610805,26.634666442871094,13423200.0
2020-09-21,26.060645909057648,26.246098695883177,25.40714296570559,25.60142707824707,13916800.0
2020-09-22,25.81337531229604,26.343243094607125,25.583765883814458,25.972335815429688,8809900.0
2020-09-23,26.246096574418598,26.502199946270974,25.29233537142904,25.451295852661133,9744900.0
2020-09-24,25.23052026262941,26.05181504018028,24.82428937899097,25.742725372314453,13542900.0
2020-09-25,25.48662276804908,26.13129437443679,25.46896011692536,26.07830810546875,9418000.0
2020-09-28,26.484542107069945,26.661165270389112,26.113634811622344,26.352075576782227,9323400.0
2020-09-29,26.184280073673555,26.4138894800766,25.52194583057353,25.574932098388672,11466500.0
2020-09-30,25.74272471476453,26.060645700380476,24.621171623866637,24.73597717285156,9358800.0
2020-10-01,24.86844695547993,24.86844695547993,23.870530608124422,24.44455337524414,13944100.0
2020-10-02,23.97650118194036,25.053899381614468,23.83520333352461,24.700653076171875,9109000.0
2020-10-05,24.815452528336177,25.283500904463278,24.780127232717557,25.07155418395996,5874900.0
2020-10-06,25.3894829268502,26.04298593744768,25.106887212473268,25.124549865722656,8724400.0
2020-10-07,25.56610431558065,25.707402162959347,25.29233826243162,25.477792739868164,4870500.0
2020-10-08,25.654415930078567,26.21077771535541,25.380651542944182,26.14896011352539,9561800.0
2020-10-09,26.396228304969537,26.56402012756783,25.52194725733081,25.539609909057617,5729600.0
2020-10-12,25.460131893815213,25.58376709794062,24.96558939291026,25.01857566833496,6608200.0
2020-10-13,24.48870639811954,24.88610765107554,23.92351500227387,24.241436004638672,13413100.0
2020-10-14,24.28558684177811,24.541690202441178,24.020653840901705,24.144289016723636,7125100.0
2020-10-15,24.25909772555859,24.61234404333158,24.038319619152112,24.57701873779297,6884900.0
2020-10-16,24.700648477858937,24.7448051000206,24.223768749333296,24.674156188964844,7503700.0
2020-10-19,24.85961449679439,24.877277149600857,23.85286686847166,23.958839416503903,15514800.0
2020-10-20,24.21493578847478,24.52402538510678,23.941171487184857,24.250259399414062,9204100.0
2020-10-21,24.250264420144905,25.230519671601503,23.93234511825874,25.142208099365234,9283100.0
2020-10-22,25.34532375993516,26.05181292829726,25.25701219278914,25.69856834411621,9179000.0
2020-10-23,25.875197286939,26.05182047237755,25.345331099430418,25.85753631591797,5877800.0
2020-10-26,25.29233389118808,25.5572685725372,24.98324595621848,25.389476776123047,7403400.0
2020-10-27,25.221689235120863,25.29233815851996,24.78013304277573,24.912599563598636,8316700.0
2020-10-28,24.28559071480705,24.87727608323484,24.197279138963477,24.55052375793457,12407000.0
2020-10-29,24.426885392661543,24.99207670967373,24.303250213165875,24.841947555541992,7449700.0
2020-10-30,24.55052146042907,25.24818099146089,24.42688627646011,25.230518341064453,12162900.0
2020-11-02,25.433643679826154,26.193121098838304,25.04507532608368,26.140134811401367,11088900.0
2020-11-03,26.493371409406603,26.917264947700343,26.219607043142297,26.60817527770996,12412800.0
2020-11-04,26.45804280409837,26.74064014543331,25.88402016540494,26.290252685546875,8869700.0
2020-11-05,26.502202969679587,27.685573704515768,26.502202969679587,27.632587432861328,11691700.0
2020-11-06,27.155700290554957,27.358815693349573,25.477787438750827,25.875186920166016,26843600.0
2020-11-09,27.24401849746641,27.508951549739976,25.415976057330333,25.654415130615234,17020200.0
2020-11-10,25.75155699753921,26.564020458663904,25.4866239559477,26.55518913269043,8927500.0
2020-11-11,26.28142255870428,26.802458956574128,26.13129339856546,26.66999244689941,9281700.0
2020-11-12,26.493375729291863,26.493375729291863,25.71623744903683,25.83104133605957,8077300.0
2020-11-13,25.96350158796253,26.917262815784728,25.94583893749842,26.66999244689941,7894200.0
2020-11-16,27.173363824669764,28.72763987310456,27.04089732654671,28.17127990722656,21017100.0
2020-11-17,27.90634950985096,29.04556352108579,27.36765045832578,28.515697479248047,9860900.0
2020-11-18,28.70114825301452,29.3546528032039,28.3390723636518,28.87777137756348,8265200.0
2020-11-19,28.61284659587973,29.654919624429382,28.471548729405555,29.52245140075684,9218600.0
2020-11-20,29.504781999918123,30.1141282781064,29.257511632329734,30.01698875427246,16974700.0
2020-11-23,30.246592707779527,31.332820304415364,30.202437771748283,30.57334327697754,14833400.0
2020-11-24,30.511534947565107,30.83828561587349,30.149458972194545,30.47620964050293,12525600.0
2020-11-25,30.4497111708846,30.811787072843725,29.584261536172686,30.749969482421875,12095000.0
2020-11-27,30.72348231315985,31.156205518242903,30.644002059539577,30.970752716064453,3903900.0
2020-11-30,30.76763786608858,31.271011692647814,30.74997521284709,31.156206130981445,18543000.0
2020-12-01,31.3504816527333,32.887098292071286,31.2356761287676,32.10995864868164,18436500.0
2020-12-02,31.959836799467112,32.286590815627505,31.429970702741503,32.118797302246094,9386500.0
2020-12-03,32.313079833984375,32.69281840003628,32.012821511264406,32.313079833984375,10173300.0
2020-12-04,32.37490470997509,32.67516310024312,32.00399907018883,32.63100814819336,8736500.0
2020-12-07,32.35722532028748,32.56034068971095,31.862684723014763,32.51618576049805,7706900.0
2020-12-08,32.498530797958324,32.95774958170672,32.19827249199998,32.366065979003906,10698000.0
2020-12-09,32.21593595687578,32.383726079319835,31.845030411850168,32.18061065673828,11809600.0
2020-12-10,31.730226417144024,32.321910063655,31.41230543802509,31.67723846435547,12962500.0
2020-12-11,31.31516751179581,31.633088541366405,30.829456324977063,31.43880271911621,9883600.0
2020-12-14,31.87446321032627,31.92781081554065,30.55858614008413,30.8253173828125,20752300.0
2020-12-15,31.056486864528942,31.492147101770648,30.62971619896346,31.24319839477539,8888500.0
2020-12-16,31.26987449637115,32.38125763983055,31.038708294867355,31.910032272338867,20991800.0
2020-12-17,32.034500031833964,32.25677661466195,31.46547252246177,32.18564987182617,10649700.0
2020-12-18,31.545488488237773,31.83000220919485,31.00313314776613,31.349884033203125,12922200.0
2020-12-21,30.745295858844237,31.02091662662352,30.345197366632643,30.9853515625,14495800.0
2020-12-22,31.012024508293926,31.16317093089299,30.33630191215329,31.02091407775879,8805700.0
2020-12-23,31.047587654216183,32.39902951909105,31.0386980843286,31.96336936950684,12458700.0
2020-12-24,31.77665724099048,32.03449546262409,31.518815627685857,31.998933792114254,4720500.0
2020-12-28,32.08784434459179,32.92360298938096,32.034496749178,32.6568717956543,6108200.0
2020-12-29,32.7279994275121,32.88803880988005,32.36346603248974,32.647979736328125,8183000.0
2020-12-30,32.799124770029294,33.29702542651762,32.594630766026256,32.80801773071289,5264900.0
2020-12-31,32.67465483694114,33.305919463327214,32.49683290779361,33.12809753417969,7669800.0
2021-01-04,33.16365761649612,33.57264561792737,32.28344445653192,32.541282653808594,12491900.0
2021-01-05,32.576856998763866,32.93250090501147,32.194540986632774,32.88804626464844,13060300.0
2021-01-06,33.65267486217691,36.22219512921184,33.39483659167127,35.7420768737793,20360700.0
2021-01-07,35.55536663788692,35.90211759326307,34.986335689528964,35.67094802856445,13123600.0
2021-01-08,35.573145269042755,35.75096722586437,35.14637460767392,35.61760330200195,11159500.0
2021-01-11,35.20861580818618,36.60451273252975,35.066358904803145,36.5067138671875,7253200.0
2021-01-12,36.77343899291788,37.8670393908933,36.640071684422914,37.1468620300293,12478200.0
2021-01-13,36.96903959972263,38.613884809857495,36.81788977315817,38.338260650634766,14475000.0
2021-01-14,38.33826425206644,41.66352344047071,38.15155273553968,40.89889144897461,29667700.0
2021-01-15,40.534357609690495,41.18340482181774,39.87641743495151,40.27651596069336,11513500.0
2021-01-19,39.22737541751936,39.565236816406255,38.53387347551063,38.89840698242188,21067200.0
2021-01-20,38.880611698821454,39.33405773659683,38.13376239395978,38.55164337158203,13048800.0
2021-01-21,39.120681087930336,40.66772769601586,38.78281971068468,40.10758972167969,24194100.0
2021-01-22,39.5830130167589,40.73885053233041,38.79170894975235,40.52546691894531,14450400.0
2021-01-25,40.383211266650015,45.60226830336109,40.30319494624543,42.41926574707031,24130800.0
2021-01-26,42.89048755473003,46.50025680639301,42.757120258812805,46.16239547729492,18865900.0
2021-01-27,46.47359245196718,53.995431865637975,46.32244259861649,49.78995895385742,45158900.0
2021-01-28,48.9630782503758,49.94109371545936,42.87270212613426,44.99766540527344,29765700.0
2021-01-29,45.33552261537569,47.37157305539106,43.02384466509762,43.12164688110352,23340800.0
2021-02-01,43.15721825596564,46.71364326148394,43.0860881278531,46.52693176269531,18855000.0
2021-02-02,45.43333090901502,46.29576511172194,44.25082128494717,44.68648147583008,17683400.0
2021-02-03,44.54422936817432,46.56250130701911,43.57510325466156,46.28688049316406,13200000.0
2021-02-04,44.757616396916326,46.34022470659574,44.01076688382693,46.28688049316406,18711000.0
2021-02-05,46.100164721016455,48.7941593748052,45.282188474545,48.04730987548828,15575300.0
2021-02-08,47.26489239486192,49.203144466732745,46.74921248682856,48.45629501342773,16656200.0
2021-02-09,48.145105861907176,49.27426783977855,46.71364422499353,48.92751693725586,7948500.0
2021-02-10,48.80303897738074,50.856875528885325,48.44739853091095,50.29673767089844,13028200.0
2021-02-11,50.44789589484754,51.35478138903736,50.10114156863193,50.85688400268555,8545700.0
2021-02-12,51.105839591476354,52.41282719034239,50.483464382889096,51.84379959106445,11056500.0
2021-02-16,51.76377274893252,53.04408467110459,50.99914074575848,52.58174896240234,14584500.0
2021-02-17,52.4394936065512,54.60002236979628,51.97715788440909,54.23548889160156,10102800.0
2021-02-18,55.124593963387504,56.067047919892346,54.61780361279976,55.25796127319336,14245100.0
2021-02-19,55.28463629876184,56.66275054230773,55.28463629876184,55.73807907104492,14426600.0
2021-02-22,56.64495638860194,59.747935193034536,56.36933563142953,58.80548477172852,21760600.0
2021-02-23,59.16113236564115,59.6768156332579,56.31599160667497,57.23177337646485,18354800.0
2021-02-24,56.61829205683655,58.84995087171299,56.520489816675294,58.32537460327149,17322500.0
2021-02-25,59.0366652726843,60.3258668165491,54.94677387000551,55.569149017333984,25151200.0
2021-02-26,55.12459373088289,57.68521757831392,54.23548738038478,57.33846664428711,16360300.0
2021-03-01,57.61409444314371,60.44145291973646,57.436269102366815,59.68570709228516,13425700.0
2021-03-02,59.8457486768679,61.6773124448813,59.38341634077359,61.09939193725586,14417500.0
2021-03-03,61.46391674796172,64.41574942485141,61.35722833213642,63.046531677246094,17460100.0
2021-03-04,62.71755924844676,64.54022309438403,62.24633399453782,63.908958435058594,21489300.0
2021-03-05,63.21547668544171,66.46961003475423,62.03296330222082,66.00727081298828,14159000.0
2021-03-08,66.57627110871289,75.5206842673284,65.89166230606969,74.38262939453125,21341100.0
2021-03-09,75.04058808638828,75.21840666861871,68.55010808481661,70.82622528076172,23611600.0
2021-03-10,71.10185423941655,74.21372726729307,70.0704873513148,73.69804382324219,22506900.0
2021-03-11,73.71579835423306,77.6900973732573,73.59131724546349,76.71208190917969,22371000.0
2021-03-12,76.73883589490302,84.94142748951204,76.56943231383642,84.64720916748047,38020400.0
2021-03-15,84.44213295260171,90.91505103464034,83.60403970056609,85.88650512695312,32035400.0
2021-03-16,86.7157117843755,88.40972762942158,83.99637002241215,85.80628967285156,29110100.0
2021-03-17,84.21926756161334,84.95036828539256,76.82801399441334,82.3291015625,34687600.0
2021-03-18,81.0273796809446,87.49138188649876,80.37652533710218,86.26991271972656,31797800.0
2021-03-19,85.3694071776185,87.9104273362904,85.06627103340665,86.79594421386719,33518700.0
2021-03-22,88.40080107446855,89.53311291391572,85.77953463996053,89.46178436279297,20400200.0
2021-03-23,82.56089423431389,85.89542526190922,80.51024972098585,81.35725402832031,37782300.0
2021-03-24,75.24987141586192,75.7848217382678,62.41102966680877,62.500186920166016,89815300.0
2021-03-25,59.46880740513519,62.580448694667616,57.525148871054085,59.15675354003906,44269500.0
2021-03-26,58.6218181228573,59.08544015531867,35.49406326959338,43.001220703125,216631000.0
2021-03-29,41.895642514402695,42.79614319768938,38.33821161459674,40.13029861450195,213578900.0
2021-03-30,41.65492167620389,43.14386947391917,40.264045534907645,41.55684661865234,150842500.0
2021-03-31,41.84214136362177,41.88671999416847,39.02472905881388,40.21053695678711,92028600.0
2021-04-01,40.64743056311024,41.22696317553948,39.16739704026264,39.80042266845703,59501200.0
2021-04-05,39.720169321884605,39.89848726362438,37.7141001298588,38.249053955078125,68076000.0
2021-04-06,37.44662821176448,40.442359012886776,37.40204957269118,39.54185485839844,125164900.0
2021-04-07,40.950558333887074,41.191287038924365,38.95340355939162,39.13172149658203,84665200.0
2021-04-08,39.10497513662006,39.55076828062872,37.55361349897197,37.70518493652344,58371800.0
2021-04-09,37.74976666619474,38.42737080415373,36.697694487973415,37.339637756347656,49660000.0
2021-04-12,37.55362390880417,38.05291359290397,35.360321848571786,35.458396911621094,59418100.0
2021-04-13,35.966598650056376,36.96517455286303,35.48514113577848,36.10033798217773,33145100.0
2021-04-14,36.4747972354368,37.42879435243169,35.82393961176667,35.85960388183594,35659100.0
2021-04-15,36.21624260011558,36.26082124479358,34.73620914933079,34.99477005004883,34635500.0
2021-04-16,35.03935231994811,35.61888496411918,34.59355902478049,35.08393096923828,40042700.0
2021-04-19,35.217670938663844,35.6099678209145,33.80004809901155,34.2369270324707,44779700.0
2021-04-20,34.45089558378026,34.98584942768865,33.2829196567876,33.80895233154297,41652900.0
2021-04-21,33.56823257444567,36.47480302370078,33.47015751675745,36.42130661010742,52142800.0
2021-04-22,37.66952365454184,37.95483101723124,36.04683675382137,36.31431198120117,60658800.0
2021-04-23,36.43913566853973,37.43771489776502,36.26973547484207,37.18806838989258,40878500.0
2021-04-26,37.83893076251317,37.91025931680411,36.5639617641903,37.28614807128906,30501300.0
2021-04-27,37.43770754204882,38.64134760006472,37.28613611335695,38.16880798339844,33759800.0
2021-04-28,38.21338403054727,38.30254128765508,36.89383689878984,36.93841552734375,27913200.0
2021-04-29,37.19698551410237,37.794346766631925,36.26973484637404,37.00083541870117,22505200.0
2021-04-30,36.86709773156171,37.25939793973711,36.296482957269134,36.5728759765625,20587400.0
2021-05-03,36.51937889432874,36.63528608107883,35.119588489035465,35.36031723022461,34064100.0
2021-05-04,35.09284284763599,35.645625488513595,34.397406512301835,35.63671112060547,20480800.0
2021-05-05,35.67237415265878,35.99334583489789,34.77187328960578,34.86103057861328,24750100.0
2021-05-06,35.86853285532288,36.09142953232672,33.49691234804729,34.014034271240234,44431900.0
2021-05-07,34.32607188249454,35.431640369493635,33.924857375070204,35.11958312988281,25483700.0
2021-05-10,35.20874237830787,35.743692765869554,34.647042090575965,35.01259231567383,18927400.0
2021-05-11,34.05859964857689,35.23549337225131,33.83570305846988,35.1998291015625,19701400.0
2021-05-12,35.280078418489694,36.260822232654725,34.77187437282365,34.82537078857422,21179800.0
2021-05-13,35.04827109815438,35.90419343321282,33.969448707970635,34.334999084472656,20742900.0
2021-05-14,34.71837400670705,35.075009935533,34.05860195985102,34.691627502441406,17029200.0
2021-05-17,35.913096007849695,36.30539616675717,34.07643035889893,34.24583053588867,33202600.0
2021-05-18,34.62029483895293,36.30539226438596,34.56679844090704,35.80610275268555,29181900.0
2021-05-19,35.155251111271134,35.60104429969595,34.70054015444384,35.387062072753906,19409600.0
2021-05-20,37.134572490453024,37.34855130781672,36.10033247017657,37.0186653137207,36244500.0
2021-05-21,37.23264648976711,37.89242192088779,36.769024555731406,37.58036804199219,27099400.0
2021-05-24,37.66952841655538,37.73193919746262,36.62637387756359,37.036502838134766,19473100.0
2021-05-25,37.40205020320276,37.64277893961523,36.25190292960948,36.46588516235352,15314900.0
2021-05-26,36.760103538324,38.03507224707324,36.572871227533895,37.85675430297852,18656600.0
2021-05-27,38.15990085019639,38.82859071346314,37.62495032003599,38.47195816040039,22191800.0
2021-05-28,38.55219073354763,38.57001946545332,37.67843322037816,37.82108688354492,14547300.0
2021-06-01,38.204479261331926,38.5522008450626,37.83001457272852,37.98158264160156,11165200.0
2021-06-02,38.33821357143446,38.64135307060271,37.39313080317295,37.963748931884766,20988600.0
2021-06-03,37.64277735665272,37.82109190845332,36.69769458690202,37.07216262817383,18451200.0
2021-06-04,37.17023185999477,37.50903560847559,36.84034587920473,37.17914962768555,11105600.0
2021-06-07,37.419877670938256,37.53578143979635,36.89384162391562,37.21481323242188,9004600.0
2021-06-08,37.17023028414976,37.59819128460372,36.653112017358936,37.16131591796875,12402900.0
2021-06-09,37.0810782624899,38.32930057454226,36.88492816744769,37.669525146484375,15497300.0
2021-06-10,37.91025454454618,38.061822601635576,36.75119289228595,37.00975036621094,12086700.0
2021-06-11,37.214817410100615,37.81217865877696,36.81360285442806,37.75868225097656,11266100.0
2021-06-14,37.78558770219725,38.628457782987056,37.6241871939829,38.22495651245117,13862700.0
2021-06-15,38.117348307396256,38.55671705326296,37.041349637671765,37.3641471862793,19307900.0
2021-06-16,37.37311727718166,37.821451214364245,37.04135112141117,37.48968505859375,12538600.0
2021-06-17,37.3193141280026,37.68694780149324,35.741180252181266,36.03707885742188,21893700.0
2021-06-18,35.821884067765644,36.099848933677166,35.36458151333594,35.89361572265625,24690600.0
2021-06-21,36.135711746948616,36.76337989263341,35.472179488765775,36.72751235961914,14021300.0
2021-06-22,36.637849099214186,36.82614852782293,36.17158140419508,36.53921508789063,8517300.0
2021-06-23,36.55715189287396,38.52982202169907,36.44058410430482,37.51658630371094,29032600.0
2021-06-24,37.408992625439055,38.762959893460845,37.373125082050045,38.44015884399414,17000900.0
2021-06-25,38.4849783958466,39.43544744736182,38.16218087733799,39.2919807434082,15530300.0
2021-06-28,39.79411478200832,42.555849609440365,39.73134831460187,41.2467155456543,43425000.0
2021-06-29,41.24672560429359,41.51572530456606,39.98242393454787,40.01829147338867,18654100.0
2021-06-30,39.90171647870703,40.6549175557999,39.381647520957024,40.52938461303711,12847500.0
2021-07-01,40.6549176328551,41.130150465791,39.97345161920144,40.30521774291992,13624100.0
2021-07-02,40.30521975752056,40.46662024102204,39.28301897568869,39.59685134887695,10022300.0
2021-07-06,39.45339471137192,39.48029365865507,37.75869262218892,38.44015884399414,14026900.0
2021-07-07,38.682251398680926,38.71811893443656,37.71385187689422,38.377384185791016,9848700.0
2021-07-08,37.60625395033649,37.73179034110624,36.48541897234047,37.17585372924805,15650400.0
2021-07-09,37.43588880438541,38.42222223102471,37.26552311666173,38.35049057006836,10049600.0
2021-07-12,38.10837793253764,39.65961267085903,37.51657737675887,38.95124435424805,17104900.0
2021-07-13,38.64639055366588,39.05886044523244,38.13529005247042,38.18012619018555,9441000.0
2021-07-14,38.54775333788505,38.59258604739987,37.3820823674008,37.56141662597656,11243000.0
2021-07-15,37.47174851579912,38.06354913223565,36.70061365366625,37.023414611816406,9672000.0
2021-07-16,37.10411518771068,37.22964813468122,35.92947911724179,36.126747131347656,10837100.0
2021-07-19,35.669440911940846,35.99224183937277,35.12247305384964,35.75014114379883,12677300.0
2021-07-20,36.05501491198715,37.12205188654833,35.364580228599486,36.21641540527344,12779000.0
2021-07-21,36.40470351138284,37.42690745758952,36.315038118801866,37.032371520996094,8950800.0
2021-07-22,37.07721257732649,37.08618117091608,36.10881312114184,36.64681243896485,6260300.0
2021-07-23,36.74544501149671,36.87994654596215,36.234344653353794,36.75441360473633,6552900.0
2021-07-26,36.79028447298532,37.85732151040717,36.6916504523312,37.80352020263672,12283700.0
2021-07-27,37.46278136812543,37.69591692268352,36.68268130283169,37.0682487487793,7622600.0
2021-07-28,37.12205493369834,37.81248625324327,36.512320446904,37.346221923828125,9449600.0
2021-07-29,37.44484273060289,38.06354565063789,37.21171062688316,37.38207626342773,6833200.0
2021-07-30,37.18481251822728,37.561411329669646,36.54817581902576,36.70061111450195,8020600.0
2021-08-02,36.9068446013584,37.36414365066738,36.512312021160135,36.619911193847656,8873800.0
2021-08-03,36.66474648683251,36.7544153208349,34.10924457679916,34.49481201171875,34007800.0
2021-08-04,34.34237340286247,35.23007596131235,34.27960693535263,34.781742095947266,17040600.0
2021-08-05,34.74588044821179,37.37311761767919,34.638281260052274,37.25654983520508,19426900.0
2021-08-06,37.45381258818895,37.75867976212779,37.09514411749053,37.21171188354492,10609500.0
2021-08-09,37.05031388735918,37.0772128272768,36.02811312429473,36.126747131347656,12343600.0
2021-08-10,36.24331305391996,36.61991533165386,35.732212650258255,36.53921508789063,11877200.0
2021-08-11,36.60198974609375,36.79925781283812,36.02812273794704,36.60198974609375,8285900.0
2021-08-12,36.521283391756455,36.70061765701479,35.65151442858932,35.830848693847656,8250300.0
2021-08-13,36.12674175631756,36.306075976957786,35.06867361710756,35.11350631713867,8991800.0
2021-08-16,34.91624114924674,35.032808915144344,34.207876222370004,34.539642333984375,9775300.0
2021-08-17,34.26167334351768,35.04177673596894,33.86714077138722,34.99694061279297,12938800.0
2021-08-18,35.86671578234566,37.32828540822088,35.364580530006855,36.28815078735352,20720100.0
2021-08-19,36.1357038339074,36.2522715804195,35.427335604317975,35.54390335083008,12395500.0
2021-08-20,35.42733996696779,35.88464241778236,35.167308928825655,35.60667419433594,10167300.0
2021-08-23,35.83084715606642,36.36884992875152,35.50804617655864,36.16261672973633,8201500.0
2021-08-24,36.315058090715,36.75442696523523,36.153657558892654,36.49439239501953,8818500.0
2021-08-25,36.637850512459686,37.06825068896013,36.23434927807909,36.73648452758789,9384000.0
2021-08-26,36.71855142559228,36.95168357606649,35.78601598266223,35.830848693847656,8032500.0
2021-08-27,35.82187884086089,36.69164426990502,35.624610832791674,36.66474533081055,7827600.0
2021-08-30,36.6647452433938,36.691644182424135,35.27491085839582,36.07294464111328,8721000.0
2021-08-31,36.028116725256936,37.38208375785879,35.974315419528075,37.16688537597656,12153600.0
2021-09-01,37.31931520641101,37.51658322928271,36.95168152229693,37.13101577758789,7088000.0
2021-09-02,37.55244867279236,37.79454939087281,36.98754699727131,37.2475814819336,9273300.0
2021-09-03,37.25655465802543,37.25655465802543,36.7185552270679,37.01445388793945,7396500.0
2021-09-07,36.96961315299608,37.8124796574737,36.82614644115912,37.319313049316406,9260800.0
2021-09-08,37.21172008159778,37.63315511443668,36.6019855993905,36.68268585205078,9544800.0
2021-09-09,36.66474790255926,36.88891486544653,36.03707972237162,36.17158126831055,8952900.0
2021-09-10,36.341952326683945,36.512321432914135,35.508050827240424,35.552886962890625,10474100.0
2021-09-13,35.83084125580235,36.32400781749995,35.53494268699014,36.1984748840332,8894700.0
2021-09-14,36.27966754051676,36.30672735420348,34.944662823390786,35.107025146484375,16633100.0
2021-09-15,35.14310752791897,36.433011420903874,34.791316182736416,36.41497039794922,9786400.0
2021-09-16,36.26162672105483,36.62243685580281,36.03611909647237,36.46909332275391,7633000.0
2021-09-17,36.39692501178523,36.74871975576844,35.98199185648959,36.07219696044922,9895300.0
2021-09-20,35.215267970472766,35.422734551492155,34.38539820542227,35.05290222167969,13967100.0
2021-09-21,35.314497862496694,35.62118839107501,34.7552364368122,34.872501373291016,6875400.0
2021-09-22,35.2513573590431,36.207507589005694,35.2062530764441,35.35960006713867,9331300.0
2021-09-23,35.58510626703214,36.46909580258834,35.44078151512446,36.135345458984375,8066800.0
2021-09-24,36.018073898073446,36.35182418029186,35.720402216466006,36.07219696044922,5406400.0
2021-09-27,36.02709602839251,37.10051449871501,35.97297640197168,36.47811126708984,7119000.0
2021-09-28,36.496155273514624,37.14561837145092,36.09024083730444,36.28868865966797,9474000.0
2021-09-29,36.423994438172194,36.55027816415082,35.92787832569614,36.1894645690918,7628300.0
2021-09-30,36.34279949486988,36.405941336912335,35.48587007161499,35.63921356201172,9657300.0
2021-10-01,35.97297155320924,36.279662011823845,35.28742655584826,35.99101257324219,6887500.0
2021-10-04,35.94591636601993,35.97297962262651,35.170172976425825,35.27841567993164,7925800.0
2021-10-05,35.29645196268792,35.963952559111775,35.13408620875281,35.69334411621094,7714200.0
2021-10-06,35.458825785067454,35.467844577461335,34.81838141393943,35.33253860473633,9146900.0
2021-10-07,35.5400013017039,36.53223342576761,35.46783721364024,35.936893463134766,9246900.0
2021-10-08,36.13534344276377,37.055414975203625,35.87375376922264,35.90983581542969,6541900.0
2021-10-11,35.945909814510536,36.13533881233722,35.46783480693485,35.512935638427734,6762700.0
2021-10-12,35.58510738960907,35.93689876842089,35.20625275329154,35.31449890136719,6081800.0
2021-10-13,35.32351008157392,35.70236463625442,35.170166566303564,35.512935638427734,7715400.0
2021-10-14,36.00905272095978,36.00905272095978,35.476858076401804,35.60314178466797,6305600.0
2021-10-15,35.73844717996952,35.87375313034965,35.070946541893164,35.107025146484375,12981100.0
2021-10-18,34.971722596812725,35.38665579740659,34.60189023263589,34.75523376464844,12958100.0
2021-10-19,34.88151509521534,35.28742947712851,34.88151509521534,35.24232864379883,6645500.0
2021-10-20,35.098009844561425,35.66629007528631,35.00780816265685,35.06192779541016,6878300.0
2021-10-21,35.034862146160904,35.42273550752692,33.45630888882533,34.07870864868164,15778100.0
2021-10-22,34.060674585412414,34.15087971170068,33.31199096257532,33.835166931152344,13533900.0
2021-10-25,33.92536163330078,34.04262654095704,33.53748831187619,33.92536163330078,7760800.0
2021-10-26,34.06969212922184,34.15087501122051,33.38414702768344,33.44729232788086,7146300.0
2021-10-27,33.38414053366483,33.402181552929925,32.22954282847919,32.31974792480469,17112300.0
2021-10-28,32.3197543506788,33.61867702726688,32.10326551742749,33.39316940307617,9769000.0
2021-10-29,33.239819812052204,33.40218556396287,32.52721839085875,32.67154312133789,8460000.0
2021-11-01,32.92410892768194,33.84418032981062,32.80684401460411,33.60063171386719,9750900.0
2021-11-02,33.46532892464926,33.71789979508488,33.140600847186015,33.70887756347656,7792800.0
2021-11-03,33.58258927386869,34.00654463640324,33.38414149719759,33.871238708496094,7745700.0
2021-11-04,33.997528408034164,34.27715910262173,32.238571680546684,32.382896423339844,21669100.0
2021-11-05,32.36485199450615,33.2578601712604,31.715388999795472,32.77978515625,11927300.0
2021-11-08,32.77978488398018,32.87900877856714,31.98599716825734,32.32876968383789,12223600.0
2021-11-09,32.37387463276465,32.44603872563179,31.697351746515267,32.0220832824707,8759300.0
2021-11-10,31.985993407818803,32.8339040866242,31.859709717181197,31.9228515625,9085500.0
2021-11-11,31.868740398041936,32.3017146411755,31.291437966223768,32.11228561401367,10585300.0
2021-11-12,32.16640565359159,32.36485345335891,31.580084485718903,31.75147247314453,11691800.0
2021-11-15,32.04012036798478,33.02333364613676,31.99501953597234,32.2746467590332,10887400.0
2021-11-16,32.31073782465782,32.364860902771795,31.697356703261644,31.706378936767575,10061900.0
2021-11-17,31.67931095130095,31.841676720447246,31.31850080728846,31.64323234558105,9241200.0
2021-11-18,31.814609622084152,31.97697535405745,30.69609051748725,30.87649726867676,13599300.0
2021-11-19,30.660014515277982,30.97572377585375,30.0646745946402,30.362342834472656,12878500.0
2021-11-22,30.41647038392794,30.6329557828392,29.712884235032924,30.25410461425781,12943800.0
2021-11-23,30.190957138318176,30.34430064728243,29.514434370827733,29.721900939941406,15514800.0
2021-11-24,29.577577530910705,30.163895224128133,29.388151973454587,29.983491897583008,12147400.0
2021-11-26,29.315988734184973,29.73994413391377,29.11754094010375,29.415212631225582,8737400.0
2021-11-29,29.487374619320235,29.57757973027326,28.459060441267788,29.117542266845703,15881300.0
2021-11-30,28.99125785210057,28.99125785210057,27.484866945308617,27.917842864990234,21862400.0
2021-12-01,27.962939061047614,28.74770617235548,26.79030036926269,26.79030036926269,17249900.0
2021-12-02,26.835404891858943,27.115033839247985,26.068678693708534,26.664018630981445,31862500.0
2021-12-03,27.241323105133866,28.1072716011632,26.970712909759648,28.02608871459961,24840000.0
2021-12-06,28.062167462188757,28.810852656521188,27.593111221755137,28.07118797302246,14798200.0
2021-12-07,28.350814296199207,29.35206853950772,28.04412383825761,28.30571174621582,16599200.0
2021-12-08,28.31473532778613,28.955176122647803,28.161390082180493,28.72064971923828,10991900.0
2021-12-09,28.404941611734127,28.81085604455208,27.872743453366905,28.02608871459961,10748400.0
2021-12-10,28.1884499285233,28.341795164953925,27.77351677140893,28.1613883972168,18471600.0
2021-12-13,28.0531473089887,28.08922763229697,27.115034816162005,27.358583450317383,8300100.0
2021-12-14,27.16763918881332,27.449500155819816,26.849411861884803,26.913057327270508,12239300.0
2021-12-15,26.7584895276344,26.99488821365458,26.058385926829494,26.87668800354004,13234200.0
2021-12-16,27.04035186767578,27.567702309536497,26.95852147719661,27.04035186767578,11798400.0
2021-12-17,27.049443828906693,27.22219706498917,25.93109749185451,26.84032249450684,18207700.0
2021-12-20,26.38570904676312,26.494815072010844,25.72197523484428,26.07657241821289,15714400.0
2021-12-21,26.340248296050675,27.2312901367268,26.103849581929182,26.685754776000977,11746900.0
2021-12-22,26.64029692198667,26.767589625692537,26.04930090534098,26.531190872192383,14243900.0
2021-12-23,26.64938754304561,27.90411916856996,26.51300412310842,27.80410385131836,14137400.0
2021-12-27,27.758644524171967,27.80410508810345,27.18583170706289,27.385862350463867,12801800.0
2021-12-28,27.304031948019716,27.88593549054761,27.25856964987888,27.385862350463867,11393400.0
2021-12-29,27.38585845779825,27.69499337016829,26.90396857125802,27.267658233642575,13096800.0
2021-12-30,27.204015092067472,28.658775600550985,27.13127715335376,28.295085906982425,12386300.0
2021-12-31,28.322360203096444,28.413283055716573,27.385859503473892,27.440412521362305,14554500.0
2022-01-03,27.840473887245206,29.81349246345548,27.80410405009033,29.313419342041016,19555600.0
2022-01-04,29.66801573686377,30.44994987129304,29.39524890282108,30.049888610839844,20568400.0
2022-01-05,30.413581341883773,30.995484871087708,29.60437152980839,29.74984741210937,18118900.0
2022-01-06,30.186275059012324,30.31356602247336,29.24068008984662,29.74984741210937,11555100.0
2022-01-07,30.322651388081105,32.47751706608608,30.07716369817888,32.17747116088867,27736100.0
2022-01-10,33.23217945225382,33.35037969615997,31.21370192229757,31.741050720214844,21648300.0
2022-01-11,31.741046094391468,32.1229224158124,31.350079048649743,31.78650665283203,9730600.0
2022-01-12,31.995633800265384,32.350234544628705,31.586485231664245,31.79560661315918,8473900.0
2022-01-13,32.659366423523366,33.50494610862991,32.11383270919213,32.90485763549805,15606600.0
2022-01-14,32.64118703299941,33.532227339149,32.195665145715125,33.4776725769043,10259000.0
2022-01-18,33.177627388907304,34.00502214014454,31.64103465916764,32.013816833496094,20056700.0
2022-01-19,32.36841046071048,33.28672970545615,31.604661278367413,31.88652229309082,18207400.0
2022-01-20,31.83196837940608,32.332044945858335,30.61360663903028,30.668161392211918,15664500.0
2022-01-21,29.73166138704308,29.840767427604646,28.304176526987,28.41328430175781,21435800.0
2022-01-24,27.70408776790635,29.62255499003226,27.122184267355376,29.59527587890625,18787300.0
2022-01-25,29.286136680448152,30.14081040790719,28.358728490122743,29.87713432312012,11808800.0
2022-01-26,30.140812824183875,30.28628869841518,28.36782322245216,28.79515838623047,15505200.0
2022-01-27,29.19521599061364,29.477073527445636,28.40418945898393,28.558757781982425,14309800.0
2022-01-28,28.56785741520001,30.058988003983934,28.195075201556406,29.97715759277344,14852900.0
2022-01-31,29.72256320236046,30.777264035271017,29.26795071458146,30.413576126098636,10162300.0
2022-02-01,30.095349170285875,31.13186868906629,29.80439741819896,30.64088630676269,8991500.0
2022-02-02,30.48631085958312,30.50449577443297,29.70437686312865,29.79530143737793,10144600.0
2022-02-03,29.549810959268484,30.98638804920584,29.413425829012372,30.09534454345703,9594900.0
2022-02-04,30.12263248030568,30.7227209861822,29.704386243516197,30.37721443176269,8516300.0
2022-02-07,30.486308002767416,31.25915120358417,30.45903236725751,30.91364479064941,8546300.0
2022-02-08,30.931836982553897,31.641031420036512,30.59542468123757,31.39554023742676,9715300.0
2022-02-09,31.64103005503761,32.613900550585186,31.31370849234531,32.53207015991211,10466300.0
2022-02-10,32.28658150251237,33.359467388934526,32.07746014748683,32.62299728393555,11436200.0
2022-02-11,32.55934613689372,33.48675598583294,32.36840626474603,32.73209762573242,10450100.0
2022-02-14,32.641181274470604,33.086699614737945,31.722862014998256,31.85015296936035,10548200.0
2022-02-15,31.822880402621724,32.75938120171917,31.595574114031567,32.72301483154297,13294700.0
2022-02-16,27.49496681468809,27.57679721242124,25.31282692162572,26.89487838745117,87606200.0
2022-02-17,26.83123064096665,27.685902648296803,26.45844852021597,26.685754776000977,12100500.0
2022-02-18,26.367524653221093,26.949428090621147,25.11279493277496,25.803804397583008,17020000.0
2022-02-22,25.56740967208905,26.494817923336782,25.23099563391809,25.321918487548828,13261100.0
2022-02-23,25.52194300052956,26.303876979740124,25.276451858097097,25.82198715209961,14566900.0
2022-02-24,24.867301634266028,26.43116785508317,24.776378796428183,26.412982940673828,13670600.0
2022-02-25,26.45844537503357,26.98579575639893,25.803802326298012,26.87668800354004,9130000.0
2022-02-28,26.203867083972384,28.095055221120575,26.203867083972384,27.83138084411621,23784100.0
2022-03-01,27.82228477829993,30.04079421854375,27.658624004170854,29.33159637451172,21537700.0
2022-03-02,29.58618361854567,32.495704438707534,29.54981378454431,32.04109191894531,30575500.0
2022-03-03,31.595570683146214,32.30476511664383,31.32280386014085,32.22293472290039,15983400.0
2022-03-04,31.768321642710674,32.35931930596155,30.61360542592797,30.977296829223636,17458900.0
2022-03-07,30.668166537563945,31.068224389427048,30.158999161031726,30.477230072021484,14670000.0
2022-03-08,30.44994906243131,32.19565952866687,30.36811866755037,30.68634605407715,12438500.0
2022-03-09,31.75014000468712,31.94107991876664,30.531781655183224,30.6772575378418,8303800.0
2022-03-10,30.41358120555113,30.85909957566765,29.595277203514605,30.213550567626957,10428900.0
2022-03-11,30.52268870879815,30.613609838518133,29.54072732783098,29.658924102783203,6783900.0
2022-03-14,30.24513667181207,33.40521369017643,30.0894209492661,32.7640380859375,25229200.0
2022-03-15,32.51673293543183,33.12126923897339,31.56412921647952,32.251102447509766,13143100.0
2022-03-16,32.324379972143674,33.240344243426,32.28774056270205,33.203704833984375,10120500.0
2022-03-17,32.84647651844829,33.835716029894776,32.68160268418619,33.77159881591797,9887800.0
2022-03-18,33.8173982749531,34.12882625826435,32.96555474102589,33.973114013671875,26711400.0
2022-03-21,33.95479313156577,34.56849097185733,32.82815756770343,33.34109878540039,9914000.0
2022-03-22,33.52429754089921,35.255473290005845,33.3502655529291,34.284549713134766,15019400.0
2022-03-23,34.10134313192452,35.22797855920478,34.03722592425111,34.45856857299805,8950100.0
2022-03-24,34.55017458667405,34.77916566215492,34.202107173587706,34.70588684082031,5347500.0
2022-03-25,34.58681193032951,35.44782064590533,34.504374999989835,35.246307373046875,7591800.0
2022-03-28,35.19134461273192,35.9149572048108,33.881518957089305,34.44025421142578,9030100.0
2022-03-29,34.742524590981255,35.0447909792235,34.42193849828094,34.97151565551758,6210200.0
2022-03-30,34.705887467455604,35.31042377787529,34.66008995035783,34.89823913574219,4589500.0
2022-03-31,34.59596329031624,34.98066652194793,34.4036116745004,34.63260269165039,7264200.0
2022-04-01,34.73335929332743,34.95319222929038,33.71664201011098,34.25706100463867,7748400.0
2022-04-04,34.24789725256584,34.64176209639115,33.231176539162185,34.550167083740234,8486100.0
2022-04-05,34.495215821905724,34.84328323853612,33.62504902739302,33.74412536621094,6770000.0
2022-04-06,33.313612530759976,33.58840105527096,32.41596815382374,32.837310791015625,10361600.0
2022-04-07,32.654128962591486,32.84648062859123,31.49085387267989,32.34270095825195,10673500.0
2022-04-08,32.141185810131255,33.020510655312705,32.067906992636296,32.91975402832031,8966300.0
2022-04-11,32.7823620299784,33.890677957009174,32.77320043057654,32.892276763916016,5494300.0
2022-04-12,33.07546440708242,33.77159558981377,32.87395118576182,33.029666900634766,5670600.0
2022-04-13,32.928919060623464,33.36858152905185,32.79152301055916,33.194549560546875,4497900.0
2022-04-14,33.295302569603066,33.87236108576789,32.99303615245833,33.35026168823242,3950800.0
2022-04-18,33.304460604959594,33.46017284988576,32.67244303781472,32.947235107421875,4182200.0
2022-04-19,32.8831144220451,33.441849619148684,32.764038104047174,33.231178283691406,5788100.0
2022-04-20,31.56412976877592,31.655728297658627,29.155144365186224,30.37337684631348,20866000.0
2022-04-21,30.7855595172642,31.051189992804225,29.21009986275248,29.594806671142575,8322900.0
2022-04-22,29.44825083386429,29.73219750354037,28.138419983203114,28.431529998779297,9089800.0
2022-04-25,27.97355055491505,28.788758222689424,27.79951684877265,28.578086853027344,7009500.0
2022-04-26,28.138423059482317,28.468170771141292,26.88355292933702,26.90187263488769,8956400.0
2022-04-27,26.810270179571773,27.149175925210475,26.17825444835142,26.498842239379883,7891100.0
2022-04-28,26.727835249024984,26.81943201711304,25.72027429418248,26.6087589263916,6742100.0
2022-04-29,26.553801941058254,27.286574349094803,26.5263223861231,26.67287826538086,7523000.0
2022-05-02,26.691199506622613,28.14758290323173,26.645401989823892,27.72624015808105,12111200.0
2022-05-03,26.114142705446543,27.52472683532967,25.26229561703908,27.3690128326416,18703000.0
2022-05-04,27.26825554101281,27.77203516858812,26.28817409463636,27.643800735473636,13527200.0
2022-05-05,27.341534220992244,28.09262465418224,26.819434858753503,27.222457885742188,10597700.0
2022-05-06,27.02094311180617,27.02094311180617,25.27145168060342,25.56455993652344,11249300.0
2022-05-09,24.95086635428825,25.408848486519084,24.492884222057416,25.13405990600586,9804200.0
2022-05-10,25.37221044150919,25.77523345390461,24.84095124602144,25.11573982238769,8890300.0
2022-05-11,25.05162455428805,25.518766568121624,24.392129124375572,24.44708824157715,7066800.0
2022-05-12,24.30053099140716,25.482123907569832,23.915825955364248,24.84095001220703,11178700.0
2022-05-13,25.31724913978396,26.03170182245669,25.09741794828381,25.96758460998535,7768500.0
2022-05-16,26.07750231887064,26.3156532403704,25.42716852124926,25.665319442749023,7932500.0
2022-05-17,28.24833720084765,29.86959431917381,27.90026981253084,29.60396385192871,27198900.0
2022-05-18,29.191780211974745,30.5840444867724,28.843712832978014,28.898670196533203,13586400.0
2022-05-19,28.77959857005065,30.08942606035457,28.752119011922485,29.512371063232425,10148600.0
2022-05-20,29.759683097842,30.04362980846864,28.733802263031404,29.89707565307617,9845700.0
2022-05-23,30.09858046451695,30.76723382887931,29.5123640077678,30.30925178527832,8864300.0
2022-05-24,29.521525635387714,29.741358579974285,28.44984745554618,29.127660751342773,7081200.0
2022-05-25,29.265053757316316,29.961184937411254,29.136817595035343,29.631437301635746,10647900.0
2022-05-26,29.70471626944513,30.254293335993065,29.52152274922056,29.67723846435547,6418200.0
2022-05-27,29.95203257354032,31.10614602579261,29.73219960952128,31.060348510742188,9179100.0
2022-05-31,31.19773666680783,31.600759589190574,30.58403893900001,31.44504737854004,13664700.0
2022-06-01,31.573283713619155,31.60076151855853,29.04522083542405,29.631437301635746,12810000.0
2022-06-02,28.807078937500844,28.87119616120465,27.836155487787085,28.788759231567383,19731900.0
2022-06-03,28.587243739244677,28.907831579917875,27.9277501004514,28.21169853210449,8669800.0
2022-06-06,28.230021412955224,28.4590125039066,27.7903589376238,27.863636016845703,6316500.0
2022-06-07,27.79035745245309,28.05598619528801,27.38733266473936,27.99186897277832,5179000.0
2022-06-08,27.845312210987007,28.45900831427308,27.75371543867833,28.156740188598636,4649600.0
2022-06-09,28.028504291211974,28.07430180144199,26.66371787101375,26.70035552978516,6872100.0
2022-06-10,26.306495554662416,26.5446464957772,25.656161703477068,25.72943878173828,10028800.0
2022-06-13,25.18901910326826,25.18901910326826,23.37541014712814,23.64103889465332,19415400.0
2022-06-14,23.89067049643524,24.112565055922296,23.271214189902597,23.49310874938965,13727100.0
2022-06-15,23.724245978435285,24.158789212497,23.32668428430217,23.71500015258789,9804300.0
2022-06-16,23.298950271468524,23.51159899110291,21.902862208869585,22.420616149902344,14417200.0
2022-06-17,22.4206141639433,23.1140352205601,22.22645711455184,22.70722770690918,14331300.0
2022-06-21,23.382164950548432,23.47461970468278,22.614777088926708,22.744216918945312,10581800.0
2022-06-22,22.448353263955106,22.873650696298988,22.337405110952616,22.59628295898437,6624400.0
2022-06-23,22.59628698561838,22.716479222949893,22.217216854123357,22.67025184631348,5325000.0
2022-06-24,22.790443645634657,23.92765401826365,22.753462097728548,23.816707611083984,7962300.0
2022-06-27,24.00162133375693,24.214271868958807,23.576323790276223,24.020112991333008,5007100.0
2022-06-28,24.066335171117345,24.593334915305288,23.59480862014365,23.63179016113281,4538200.0
2022-06-29,23.65028236840073,23.69650973658734,22.76270420229826,23.18800163269043,5194600.0
2022-06-30,22.836669830171108,23.25272144845695,22.4575997550066,22.818178176879883,6891400.0
2022-07-01,22.91063326632138,23.437633008378317,22.7349660978154,23.30819320678711,6442000.0
2022-07-05,22.577788781896924,23.29894728713021,22.041543256506287,23.289701461791992,7952600.0
2022-07-06,23.243474734575752,23.493106754095127,22.716474980119997,23.169509887695312,5869700.0
2022-07-07,23.40989846856229,24.08482798561685,23.40989846856229,23.946144104003903,5666700.0
2022-07-08,23.87217634967593,24.03859769277971,23.40064979870224,23.63179016113281,10021500.0
2022-07-11,23.1880038634766,23.400652599130414,22.29117978476624,22.34665298461914,10025000.0
2022-07-12,22.19872209722824,23.483862033587148,22.19872209722824,23.197248458862305,7581900.0
2022-07-13,22.82742309177914,23.26196634600018,22.429861379202357,23.13252830505371,4768700.0
2022-07-14,22.716480086429417,22.716480086429417,22.069287971612177,22.30042839050293,6283700.0
2022-07-15,22.66100165509677,23.132528212537288,22.45759876821423,23.114036560058597,6640700.0
2022-07-18,22.818181567703665,23.280462387913342,21.893619927284306,22.67025184631348,11639300.0
2022-07-19,23.10479367518362,23.604057774901182,22.679496194797185,23.160266876220703,9739400.0
2022-07-20,23.41914185431144,24.168036147716776,23.326685355054483,24.04784393310547,10033600.0
2022-07-21,23.76123136012694,24.094072302440587,23.51159933079586,24.057090759277344,6386200.0
2022-07-22,23.548581597541343,23.955389165603776,23.030827633119,23.363670349121094,7962500.0
2022-07-25,23.5393330718726,23.88142157559525,23.298948652831893,23.428386688232425,6291800.0
2022-07-26,22.374387461968777,22.744211683765577,22.06003643257625,22.31891250610352,9745800.0
2022-07-27,22.4760883032989,22.818176814923728,22.29117707180687,22.679492950439453,6505000.0
2022-07-28,22.42986039082149,22.6517549212923,21.810404165292606,22.513071060180664,9365100.0
2022-07-29,22.291182153497655,22.291182153497655,21.597760909536955,21.86588287353516,15451700.0
2022-08-01,21.81040726168728,22.383634439251946,21.403599683006373,22.328161239624023,6976600.0
2022-08-02,22.152493038837548,23.243475907996867,22.069284124924764,22.62401962280273,6494400.0
2022-08-03,22.82742318292948,23.493106806333618,22.633264357273443,23.151020050048828,10863100.0
2022-08-04,22.09701670771652,23.9368936488298,21.828894823564777,23.40064811706543,14790000.0
2022-08-05,22.291179098977963,22.51307365502421,21.77342337140888,22.42986297607422,14571200.0
2022-08-08,22.64250960052483,23.927649446134613,22.64250960052483,23.30819320678711,11387500.0
2022-08-09,23.33592924692404,23.798209941427597,22.66099985617947,22.82742118835449,11436500.0
2022-08-10,23.40065135649588,23.659529214497724,23.09554612831495,23.197248458862305,6785100.0
2022-08-11,23.530092154622025,24.695038155862186,23.49310884615792,23.853687286376957,9007100.0
2022-08-12,24.195774170405,24.26973901878094,23.576317903958625,24.214265823364254,5761400.0
2022-08-15,24.0108593316505,25.31449078675229,23.89991294930109,24.55635070800781,12383700.0
2022-08-16,24.65805497258557,25.416195111117165,24.38068723137781,25.148073196411133,11285700.0
2022-08-17,24.870706781966703,24.96316329501085,24.26049626472112,24.31596946716309,7213200.0
2022-08-18,24.46389728951475,24.55635379540417,23.696511288516533,24.010862350463867,7053100.0
2022-08-19,23.733495367966643,24.21426780345533,23.567074004646617,23.946144104003903,8227400.0
2022-08-22,23.604053402081917,23.622543290028048,22.670246167555973,22.70722770690918,13121400.0
2022-08-23,22.771948503239475,23.012334699937316,22.56854561224641,22.651756286621094,8362700.0
2022-08-24,22.65175493994521,23.37291348716493,22.568544270517517,23.12328147888184,6255900.0
2022-08-25,23.17876193978521,23.992377237467515,23.169516111009106,23.983131408691406,5789400.0
2022-08-26,23.927653504646173,24.168039732990582,23.021583557128903,23.021583557128903,12397100.0
2022-08-29,22.845909022304795,23.067805287566024,22.4853306773116,22.50382232666016,6339300.0
2022-08-30,22.67949826647557,22.771953022162315,21.412848010106867,22.244953155517575,12212100.0
2022-08-31,22.318915163009564,22.42061749740849,21.607004112600716,21.6254940032959,9959800.0
2022-09-01,21.542282548744318,21.71794972999345,21.20019577645304,21.69021224975586,9014800.0
2022-09-02,21.949093166708955,21.99532230687998,21.20944455858637,21.375865936279297,10100400.0
2022-09-06,21.39435127655463,21.449826232955797,20.506773135668134,21.172456741333008,16381600.0
2022-09-07,20.950564221474878,21.44058246939029,20.904336850154685,21.22793197631836,9966400.0
2022-09-08,20.987545869486954,21.172457103605065,20.654703179228896,20.996789932250977,10065200.0
2022-09-09,21.2094440606756,21.8936194479927,21.061514342523864,21.8751277923584,9158000.0
2022-09-12,22.124757741077985,22.494582001155063,22.078528606405115,22.42986297607422,7972300.0
2022-09-13,21.625491591308755,21.79191293323212,20.756405104426104,20.83036994934082,13391200.0
2022-09-14,20.895789738053043,20.90513511704872,19.92389171188835,20.484601974487305,14941100.0
2022-09-15,20.41918495788861,21.867684754390524,20.41918495788861,21.540603637695312,14745200.0
2022-09-16,21.43780745257568,21.74619780388679,20.951858480070708,21.24155807495117,31555800.0
2022-09-19,21.26025063634021,21.624711505436714,21.064003024503258,21.587331771850582,6730000.0
2022-09-20,21.36304460255048,21.503221700340088,20.97054765927047,21.12941551208496,7830800.0
2022-09-21,21.176142435460346,21.213523948719825,19.989306126201733,19.9986515045166,8761200.0
2022-09-22,20.10144879074404,20.26966203473792,19.48466808439892,19.503358840942383,9425900.0
2022-09-23,18.933305928970405,19.157589691958,18.568845036921683,18.849199295043945,14644900.0
2022-09-26,18.727710168656248,19.110861763503628,18.353902169581943,18.37259292602539,12885000.0
2022-09-27,18.709018639723,19.026754356347755,18.008131344071074,18.12961769104004,9752500.0
2022-09-28,18.092239612050072,18.662293452434135,17.998787607617835,18.53146171569824,7789800.0
2022-09-29,18.2884846006562,18.40062734642059,17.568906586659935,17.70908546447754,12029000.0
2022-09-30,17.71843079102342,18.447354253609312,17.709087195207662,17.793193817138672,9136300.0
2022-10-03,18.101585488586423,18.47539173414745,17.68105234829979,18.335214614868164,8446900.0
2022-10-04,18.35389884097092,18.765086495911635,18.138960528197845,18.75574111938477,10613700.0
2022-10-05,18.381936564287045,18.41931629118708,17.67170392870173,18.288484573364254,11594800.0
2022-10-06,18.26979922179366,18.409978140858534,17.662363774825526,17.877302169799805,10672300.0
2022-10-07,17.66236103730044,17.877299398960986,17.279209424792953,17.42873191833496,9161200.0
2022-10-10,17.522182177491334,17.681050033865198,17.195101087021786,17.344623565673828,6246900.0
2022-10-11,17.195100476270856,17.466111073232028,16.821294292917933,17.045578002929688,8786400.0
2022-10-12,16.93344025836779,17.438078256218947,16.75588161910126,17.325937271118164,6771200.0
2022-10-13,17.101651001169195,17.998787755670016,16.80260601048517,17.8959903717041,9972800.0
2022-10-14,18.11093028229515,18.167002559672515,17.50349487029823,17.540876388549805,5577000.0
2022-10-17,17.905334908043272,18.34455699463944,17.709087310558388,18.02682304382324,9154000.0
2022-10-18,18.447353694788276,18.550151070134085,18.13896335119944,18.30717658996582,7659400.0
2022-10-19,18.56884289669604,18.77443587679267,17.765158168452363,17.83057403564453,7266600.0
2022-10-20,17.783850806925255,18.29783420276777,17.73712390938119,17.858612060546875,5938700.0
2022-10-21,17.830574966548827,18.110929206994577,17.56890970167035,17.961406707763672,9725000.0
2022-10-24,17.942717428846905,18.0922399255499,17.56890940464066,17.839920043945312,6977900.0
2022-10-25,17.877295477775174,18.438005596796543,17.877295477775174,18.381935119628903,6681400.0
2022-10-26,18.32586721969275,18.7650892870972,18.03616585161351,18.07354736328125,8154700.0
2022-10-27,18.01747818342837,18.12027378306409,17.157722959723415,17.19510269165039,12711200.0
2022-10-28,17.307245472341627,17.802538061251212,17.18575733292888,17.774503707885742,8907300.0
2022-10-31,17.232483100775816,17.47545758128784,16.73718876175724,17.12034034729004,16357100.0
2022-11-01,17.466111151572925,18.31652089093336,17.466111151572925,17.9146785736084,14504100.0
2022-11-02,15.868091462561631,16.718501427163474,15.662498451953692,15.690534591674805,34636100.0
2022-11-03,15.699875785895411,15.718566542848423,14.690598973490031,15.148510932922363,20763900.0
2022-11-04,15.400832602150167,15.456904879554408,14.288758279141708,14.550422668457031,16457700.0
2022-11-07,14.737324456242934,15.326069019963434,14.522385214965787,15.29803466796875,14246800.0
2022-11-08,15.326070419029229,16.16713492217161,15.23261841146923,15.49428367614746,14945000.0
2022-11-09,15.12047678338316,15.223274165559149,14.494350676622403,14.51304054260254,14495900.0
2022-11-10,15.213929754613654,16.03630351698115,14.95226448445413,15.484938621520996,18009100.0
2022-11-11,15.559695844743016,18.036163652413503,15.37279365653957,17.578250885009766,29935200.0
2022-11-14,17.353968466887473,17.858608155318045,17.2418275022019,17.279207229614258,14656800.0
2022-11-15,18.512771839925136,19.157588740521025,17.91468183499493,18.167001724243164,30421400.0
2022-11-16,18.026820748023493,18.026820748023493,16.681116742192184,16.952125549316406,19353300.0
2022-11-17,16.634393061998107,17.241830215695074,16.12975507659687,17.204448699951172,12968200.0
2022-11-18,17.54087531307592,17.765159061487292,17.260519290725107,17.438077926635742,10379800.0
2022-11-21,17.438078910205718,17.615637556131293,17.036236503218362,17.307247161865234,8575300.0
2022-11-22,17.36331749966857,17.93337316791494,17.213794993644747,17.886646270751953,11642100.0
2022-11-23,17.85860960097119,18.512770034453933,17.85860960097119,18.37259292602539,8468600.0
2022-11-25,18.316522555786303,18.73705388374994,18.260452068547547,18.60622215270996,4850300.0
2022-11-28,18.391286517257274,18.53146364729238,17.849266973992325,17.980098724365234,7794400.0
2022-11-29,18.11092751023037,18.568842126479108,18.017477293802745,18.45669937133789,8143900.0
2022-11-30,18.45670057371489,18.80247245734801,17.924026462602008,18.76509094238281,11839600.0
2022-12-01,18.699676786385552,19.11086457642059,18.363250250679712,18.849199295043945,10115200.0
2022-12-02,18.66229475515972,19.148243786170152,18.42866561899496,19.045446395874023,7513400.0
2022-12-05,19.017412103000307,19.036102861742837,18.064204796517703,18.23241806030273,11282500.0
2022-12-06,18.18568953370976,18.46604554237659,16.447490122749677,16.96147346496582,21050800.0
2022-12-07,16.821295414833497,17.129685759474164,16.344691830852714,16.83064079284668,10483800.0
2022-12-08,16.896056482325477,17.148376338734725,16.634391247999375,16.91474723815918,11494600.0
2022-12-09,16.989509729575733,18.045512557627998,16.839987236797516,17.774503707885742,13049400.0
2022-12-12,17.653011786656293,18.727706924134058,17.475454978550722,18.381935119628903,14828800.0
2022-12-13,19.0267518456259,19.55008045823662,18.12026992209938,18.381935119628903,16741500.0
2022-12-14,18.192727022186347,18.826587073305323,18.060279245806917,18.31571578979492,8312800.0
2022-12-15,17.96566988926261,18.079197824496216,16.6790283774532,16.70741081237793,17240400.0
2022-12-16,16.6884908728337,16.783097194329198,16.073552489811227,16.376291275024414,23845900.0
2022-12-19,16.319523730990344,16.376286786543588,15.846494057628306,16.00732421875,11286600.0
2022-12-20,15.931642885737128,16.205999215526777,15.591060872031676,15.969484329223633,15489700.0
2022-12-21,16.139775336076358,16.40467265834342,15.903260449773214,15.969484329223633,9827000.0
2022-12-22,15.780269481578292,16.064086551030883,15.41130693039694,16.0262451171875,8433800.0
2022-12-23,15.71405218323111,16.064093261480892,15.543761148637952,15.761354446411133,9685800.0
2022-12-27,15.57213756949374,15.818113241270488,15.203174964061212,15.628902435302734,8231100.0
2022-12-28,15.47753509439972,15.723510798369093,15.212637766017608,15.24102020263672,8819200.0
2022-12-29,15.468077086463564,16.04517229995272,15.401853193478392,15.865422248840332,10443200.0
2022-12-30,15.61944330799559,15.997866765187547,15.534297804569228,15.969484329223633,9652200.0
2023-01-03,16.451973511680848,16.745253244916743,15.960023961490922,16.149234771728516,12693300.0
2023-01-04,16.46143601902932,17.54940415451042,16.2154603163567,17.50210189819336,13236100.0
2023-01-05,17.31289084942953,17.757540039176646,16.953388976888263,17.653472900390625,8568600.0
2023-01-06,17.785920159230418,18.050817502810595,17.29397052753227,18.003515243530273,8439300.0
2023-01-09,18.13596434378118,18.590072562267544,17.88998860765132,18.495466232299805,10371600.0
2023-01-10,18.372477947317385,18.883349205317398,18.26841081137836,18.81712532043457,9916200.0
2023-01-11,18.959035419671277,19.02525930354896,18.429240739718807,18.921192169189453,11009200.0
2023-01-12,19.110407585752466,19.38476397369513,18.760364685863397,19.1387882232666,8381300.0
2023-01-13,18.90227586872929,18.996882217118998,18.64683926941689,18.97796058654785,7647300.0
2023-01-17,18.96849326932619,19.7348028045912,18.798204065954916,19.526668548583984,10509800.0
2023-01-18,19.583433865407237,19.83886857849552,18.930652255369544,18.940113067626957,9207700.0
2023-01-19,18.55223038302172,18.63737589619607,18.135963630221084,18.514387130737305,9280000.0
2023-01-20,18.599531884349577,19.280694157461674,18.31571472166925,19.20500946044922,8541200.0
2023-01-23,19.271235282109437,20.132149393236315,19.252313656609484,20.01862144470215,9105200.0
2023-01-24,19.9240141678738,20.113226804884324,19.696960086140432,19.7064208984375,5835200.0
2023-01-25,19.432061628894857,20.851150779047117,19.299612081177667,20.74708366394043,12569900.0
2023-01-26,20.936299318195072,21.49447465758957,20.70924521810562,21.201196670532227,17152600.0
2023-01-27,21.144433556729787,22.03373013375136,21.00252496999984,21.82559585571289,12597300.0
2023-01-30,21.570159505617628,21.910741560321416,21.380948656477653,21.39040946960449,9024100.0
2023-01-31,20.983601936149807,21.948583148319084,20.60517846210268,21.91073989868164,27171400.0
2023-02-01,21.85397787465944,23.310908770588444,21.71206929065796,23.08385467529297,16302100.0
2023-02-02,23.556883090360973,24.531325103614783,23.481198396431143,23.88800430297852,20276500.0
2023-02-03,23.263608568015048,23.812323131286664,23.0933175303677,23.273069381713867,7279400.0
2023-02-06,23.01763020722735,23.121697341612112,22.5824436533738,22.76219367980957,8478100.0
2023-02-07,22.61082431211097,22.695969821345635,21.608001631027243,22.09049224853516,9283200.0
2023-02-08,22.071569259731262,22.128332327559164,21.17281196420681,21.210655212402344,9786300.0
2023-02-09,21.60799912827177,21.68368381610687,20.491648629355087,20.61463737487793,10279700.0
2023-02-10,20.34028097656956,20.78492832970561,20.255135469984825,20.425426483154297,7748100.0
2023-02-13,20.397045534008875,21.116051084025127,20.04700447426257,21.106590270996094,8906700.0
2023-02-14,21.002523570462674,21.286340725009957,20.548413596935376,21.239038467407227,7773500.0
2023-02-15,21.712066217057853,23.329827093699464,21.43770809629016,23.21630096435547,23919000.0
2023-02-16,21.286341281647378,23.09331499719887,21.11605026267972,22.23240089416504,26736800.0
2023-02-17,22.260783846872933,22.79057673688261,22.09049282396772,22.412153244018555,18133900.0
2023-02-21,21.882358503099425,22.213479735327272,21.57961970945072,21.69314765930176,12343200.0
2023-02-22,21.66476461363602,22.298624621750644,21.64584298844681,22.043188095092773,8819900.0
2023-02-23,22.10941241191471,22.421611990310485,21.58907857827816,22.175636291503903,10965500.0
2023-02-24,21.428249128356565,21.60800095382576,20.62409812437905,21.09712791442871,13419000.0
2023-02-27,21.229581667380927,21.475557423228494,20.75655178408925,20.898460388183597,11372000.0
2023-02-28,20.99306722443004,20.99306722443004,20.065927259759924,20.26460075378418,13354200.0
2023-03-01,20.255134374219445,20.633557824976567,19.914552366305355,20.548412322998047,9925000.0
2023-03-02,20.368663497537604,21.1633536926269,20.32135943564809,21.144432067871094,8009100.0
2023-03-03,21.25795871702772,21.44717136019029,21.13497176209789,21.37148666381836,7552400.0
2023-03-06,21.617464071077222,21.702609586721856,20.83223460805004,20.85115623474121,9241900.0
2023-03-07,20.97414519637207,21.097132172643704,20.236217925344853,20.32136344909668,7756800.0
2023-03-08,20.397045000493108,20.73762704276752,20.10376702212655,20.690324783325195,7210700.0
2023-03-09,20.643020518026304,20.77546828674508,19.668580269082995,19.734804153442383,9073800.0
2023-03-10,19.55505247584073,19.62127636072356,18.59007122749395,18.81712532043457,11895200.0
2023-03-13,18.486007170029183,18.94957620062248,18.135964291497373,18.35355758666992,15789700.0
2023-03-14,18.873891622801278,19.17663043625844,18.306255445336262,18.590072631835938,10390100.0
2023-03-15,18.164345053328866,18.7603618077428,17.87106527792735,18.731979370117188,11795700.0
2023-03-16,18.54276414067552,19.006333018634272,18.344090733284588,18.892805099487305,10474100.0
2023-03-17,18.787477001945906,19.017293005385536,18.63426450657091,18.86408233642578,28213400.0
2023-03-20,18.88323234419949,19.31413849316159,18.81620290467545,19.151351928710938,7202400.0
2023-03-21,19.591833064612,20.40576592501225,19.50565365719581,20.348312377929688,11417300.0
2023-03-22,20.329160228721616,20.65473336714765,19.802498765840557,19.812074661254883,8618700.0
2023-03-23,20.13764842300092,20.530251015064174,19.62056101311349,19.859952926635746,7610500.0
2023-03-24,19.601409496373808,19.66844076728827,18.91196143327777,19.3715934753418,10231600.0
2023-03-27,19.65886260708986,20.08976691198655,19.51522601237579,19.87910270690918,5256700.0
2023-03-28,21.4207898980785,21.7750889184217,20.38661687225214,20.501523971557617,16222600.0
2023-03-29,20.84625024248402,20.884552002539667,20.195103883798275,20.59728240966797,8438700.0
2023-03-30,20.77921949423872,20.90370248966098,20.62600881075805,20.788793563842773,5987300.0
2023-03-31,20.913282233236604,21.401642061583825,20.827100979621463,21.363338470458984,9649700.0
2023-04-03,21.420787529317085,21.48781696756891,20.67388416076417,20.865398406982425,11501100.0
2023-04-04,20.913275221612796,21.028182303630757,20.50152088714897,20.693035125732425,9940300.0
2023-04-05,20.415346285735723,20.49195164073899,20.01316771536464,20.108924865722656,10836400.0
2023-04-06,20.070617208191123,20.84624832515413,19.840801189747943,20.740915298461918,8478000.0
2023-04-10,20.58770263013977,21.43993717781828,20.49194550843748,21.35375595092773,7208000.0
2023-04-11,21.497396574363357,22.474114284758517,21.459092987939943,21.909149169921875,13385900.0
2023-04-12,22.22514436753668,22.33047739390531,21.15266961809653,21.19097137451172,10768900.0
2023-04-13,21.143096523902507,21.48782150939288,21.02818758660052,21.200550079345703,9708500.0
2023-04-14,21.17182198308393,21.277153185890768,20.34831319407096,20.664310455322266,8089200.0
2023-04-17,20.779220089394705,21.248428049295164,20.664311160285287,21.14309501647949,6431900.0
2023-04-18,21.171820468676295,21.277151663948857,20.73133841777605,20.89412498474121,5583100.0
2023-04-19,20.635580601157272,21.813390111646743,20.45364407612855,21.602724075317383,10613400.0
2023-04-20,21.19097317643862,21.51654635252118,21.066490174484947,21.210124969482425,8104200.0
2023-04-21,21.210122681981,21.61230116044849,20.942004913946217,21.573999404907227,7918700.0
2023-04-24,21.612297961519044,21.851689834068285,21.238847224795045,21.62187385559082,8892800.0
2023-04-25,21.38248858290672,21.49739752082048,20.9420082781378,21.03776359558105,9405900.0
2023-04-26,21.152666816891173,21.32502926397228,20.702610736724488,20.73133659362793,5664000.0
2023-04-27,21.056913302320503,22.20599526189024,20.913278513978145,22.100662231445312,11427300.0
2023-04-28,22.01447852648315,22.598595336897237,21.679329506960062,22.340051651000977,9519100.0
2023-05-01,22.359205649452388,22.981624274949183,22.26344851635702,22.44538688659668,9924400.0
2023-05-02,22.186844986529447,22.263450333976834,21.73678879857801,22.014482498168945,11174600.0
2023-05-03,21.99532940297231,22.464537356620745,21.81339285506189,21.918724060058597,11986000.0
2023-05-04,18.10760422743729,18.2320890455002,15.694533296165432,15.704109191894531,72171000.0
2023-05-05,16.259501309271183,16.61380220986794,15.110420096321873,16.144594192504883,52342100.0
2023-05-08,16.24992169577481,16.374406507956103,15.598777254699446,16.269073486328125,18853400.0
2023-05-09,16.08713512076732,16.37440649967601,15.79028967300209,15.828593254089355,14977700.0
2023-05-10,15.895624041195076,15.933925799111856,14.899753678750589,15.177448272705078,18320700.0
2023-05-11,14.938055476490362,15.005084918737277,14.5167252055472,14.717814445495604,19051700.0
2023-05-12,14.6986648149216,14.84229960712683,14.286910404561928,14.382667541503906,14403600.0
2023-05-15,14.55502804847,15.139144897460938,14.363514701754804,15.139144897460938,14599700.0
2023-05-16,15.052964186841976,15.052964186841976,14.2964857560927,14.31563663482666,16927600.0
2023-05-17,14.42096963873962,15.024236472518222,14.248607164398472,14.90932846069336,15776200.0
2023-05-18,14.995510750450489,15.435992863176304,14.794421487339909,15.043389320373535,17445700.0
2023-05-19,15.024237075539617,15.06253974768524,14.487999665500858,14.526302337646484,11065700.0
2023-05-22,14.545452406450964,14.5741800938649,14.133698932135758,14.353939056396484,18178400.0
2023-05-23,14.401819032023358,14.880602910632124,14.258184233723838,14.286911010742188,19687400.0
2023-05-24,14.066669809214424,14.18157874253931,13.731521645508108,14.018792152404783,24032100.0
2023-05-25,13.846428347380078,13.923033686831635,13.214433840300902,13.482552528381348,28822700.0
2023-05-26,14.48799839450622,14.535876958789924,13.98048780479734,14.27733325958252,26299800.0
2023-05-30,14.516725965652467,15.244477625781547,14.440120623871271,15.187023162841797,26061500.0
2023-05-31,15.10084406202374,15.10084406202374,14.555029816090013,14.564605712890623,46194200.0
2023-06-01,14.698664415697072,15.014661680532091,14.296485912596555,14.736967086791992,11966100.0
2023-06-02,14.98593292891247,15.225324834570548,14.727390145669728,14.746541023254396,12417900.0
2023-06-05,14.641209643549574,14.880601561144047,14.363515055668296,14.487998962402344,12354500.0
2023-06-06,14.401816561451463,15.388110926492637,14.363513894261738,15.11999225616455,12253400.0
2023-06-07,15.158295920243471,16.46058851675502,15.091266476555148,15.704109191894531,28373600.0
2023-06-08,15.70410999404736,16.10628850313561,15.32108327739556,15.876472473144531,14195600.0
2023-06-09,15.81901710892172,15.90519833859138,15.24447618659574,15.41683864593506,13686200.0
2023-06-12,15.589206154971286,16.1828972334331,15.512600795607964,15.809446334838867,11436300.0
2023-06-13,15.905200905397072,16.173318706380613,15.857321422067484,15.914776802062988,9224900.0
2023-06-14,15.98201036816886,16.462239062711696,15.741896020897444,15.94359302520752,10376300.0
2023-06-15,15.789915789970577,16.15488869470583,15.55940629772832,15.876357078552246,10109400.0
2023-06-16,15.982004240968756,15.982004240968756,15.501775730536508,15.63624095916748,13016000.0
2023-06-20,15.472966177988203,15.559407473099723,15.031154910537447,15.05036449432373,11601200.0
2023-06-21,14.93510921288902,15.70347513394388,14.887086171079966,15.117595672607422,20746300.0
2023-06-22,15.107989841077876,15.127199422864525,14.752620821694432,14.935108184814451,10108700.0
2023-06-23,14.743016822172596,15.05036280045536,14.723807240548291,14.752620697021484,8522300.0
2023-06-26,14.800645043840175,15.107991049299471,14.685390291792942,14.954318046569824,9242600.0
2023-06-27,14.954315941329178,15.415334884616732,14.7238064696854,15.252058029174805,11224900.0
2023-06-28,15.079177422352847,15.1272004641619,14.896690962634445,15.117595672607422,7278900.0
2023-06-29,15.050362949639954,15.549801085263317,15.002339911066434,15.357708930969238,9163000.0
2023-06-30,15.472965463787764,15.549801963459531,15.261664631708742,15.28087329864502,8376700.0
2023-07-03,15.28087432021802,15.693871220536362,15.261665651997584,15.67466163635254,5382900.0
2023-07-05,15.367313901524827,15.72268384154528,15.0215496684873,15.511382102966309,9928100.0
2023-07-06,15.23284900255958,15.85714665592058,15.184826881193024,15.818727493286133,9911500.0
2023-07-07,15.386523459216386,16.039634592105955,15.175222636935064,15.64584732055664,12992100.0
2023-07-10,15.607428888134352,15.991611386687714,15.501778014059685,15.597824096679688,11417800.0
2023-07-11,15.674660200533518,16.346980929967717,15.636242867611722,16.164493560791016,9404800.0
2023-07-12,16.404606436339716,16.510257298671977,15.85714620775699,15.885960578918455,13612500.0
2023-07-13,15.962801601282989,16.279752446322853,15.713082476111133,16.154891967773438,11985900.0
2023-07-14,16.05884327809857,16.106867235919626,15.23285043880654,15.328896522521973,16266200.0
2023-07-17,15.07917625692855,15.098385838552856,14.58934291706795,14.752620697021484,18671400.0
2023-07-18,14.723807458414788,15.319290758130569,14.608552714853342,14.906294822692873,12672900.0
2023-07-19,14.944714139024956,15.847543486119402,14.944714139024956,15.405734062194824,12852000.0
2023-07-20,15.2136419265591,15.47296580565341,15.069572799518925,15.271268844604492,7502300.0
2023-07-21,15.309685967176293,15.367313796938657,14.791039163168143,14.906294822692873,12118100.0
2023-07-24,14.954317341808938,15.127199919713927,14.762226097449677,14.867876052856444,8893300.0
2023-07-25,14.887086447985151,14.963922949923491,14.502903938293455,14.502903938293455,9463900.0
2023-07-26,14.55092680638829,14.877482414245604,14.541322930129208,14.877482414245604,7211300.0
2023-07-27,15.031153830640877,15.05996820425016,14.387647475446396,14.44527530670166,10479500.0
2023-07-28,14.743015006810229,14.867873608140846,14.60855069988698,14.72380542755127,7631700.0
2023-07-31,14.867875205971554,15.597822808921713,14.8102482939279,15.396127700805664,12208100.0
2023-08-01,15.41533627175367,15.51138235156282,15.175222904157405,15.424941062927246,8947300.0
2023-08-02,15.223245499871194,15.405732862991217,14.91589860302781,14.935108184814451,9222900.0
2023-08-03,14.819854107919246,14.839062774605765,14.262789034560514,14.493298530578612,12955400.0
2023-08-04,14.598947919535457,15.271267714757911,14.570134462644528,15.011944770812988,11777400.0
2023-08-07,15.098385418554034,15.607427409915417,15.079175837464092,15.453754425048828,20930100.0
2023-08-08,15.71307692717289,15.866749898867749,14.762223811875428,15.703472137451172,22037000.0
2023-08-09,15.65545153995062,15.799521584688812,14.973527811077153,15.002341270446776,10864200.0
2023-08-10,15.079176292233033,15.348104023860085,14.800643769771344,14.858271598815918,10570500.0
2023-08-11,14.723808482136842,14.819854566430946,14.531717229511978,14.666181564331056,9845400.0
2023-08-14,14.4452743532782,14.57973867335664,14.032277518436972,14.339624404907228,14998800.0
2023-08-15,14.176346664335368,14.867875099695697,14.041882343922572,14.762225151062012,10156700.0
2023-08-16,14.67578461241501,14.781435482373489,14.32041558610761,14.397252082824709,7086300.0
2023-08-17,14.233973312464268,14.426065456915987,13.955440802165144,13.974650382995604,13194400.0
2023-08-18,13.907421115475726,14.243581533262928,13.859398983760512,14.224372863769531,8817700.0
2023-08-21,14.195556748271212,14.224371122930052,13.92662899653205,14.0610933303833,7215600.0
2023-08-22,14.061092963727704,14.176347711467688,13.91702384208024,13.965046882629396,6447100.0
2023-08-23,13.936233699013126,14.42606707352267,13.840187616024195,14.40685749053955,7547600.0
2023-08-24,14.301208294591518,14.454881302797297,14.051489198275444,14.147534370422363,5919700.0
2023-08-25,14.157136781102093,14.310809763459057,13.849790816388165,13.868999481201172,7713500.0
2023-08-28,13.984257152340165,14.233975326731516,13.936234109431432,14.15713882446289,7048800.0
2023-08-29,14.22437240561948,14.387649296926464,14.089908059642848,14.368440628051758,6560900.0
2023-08-30,14.483694354827197,14.685390401406174,14.25318484901218,14.502903938293455,6440300.0
2023-08-31,14.531716779914964,14.723808026596714,14.454880281242264,14.493298530578612,6727400.0
2023-09-01,14.11871916560916,14.147532622096184,13.08142557244364,13.110239028930664,32745300.0
2023-09-05,13.06221690677338,13.494422417931805,12.946961248898752,13.110239028930664,12582600.0
2023-09-06,12.994984350230004,13.043007388584147,12.77407965614951,12.870124816894531,15497300.0
2023-09-07,12.735662201627886,12.764475660049095,12.332270119877622,12.505152702331545,20686600.0
2023-09-08,12.505153359874647,13.177473226155747,12.505153359874647,13.119845390319824,13775600.0
2023-09-11,13.206284766443051,13.888209325567004,12.898938795895887,13.014193534851074,19227900.0
2023-09-12,13.081425670576111,13.254308242721695,12.831706603246555,12.975775718688965,10494400.0
2023-09-13,13.10063628714916,13.206286247381408,12.706848073272578,12.841312408447266,10485800.0
2023-09-14,13.072687273008418,13.390827809087238,13.043764737436453,13.294421195983888,9988800.0
2023-09-15,13.294420723098858,14.046389152591903,13.236576573414052,13.554718017578123,18420100.0
2023-09-18,13.487233697555103,13.525796159472996,12.9859216926225,13.111249923706056,9015800.0
2023-09-19,13.072687461788162,13.226937309459732,13.024484154540392,13.111249923706056,6225600.0
2023-09-20,13.207655631307388,13.217296476646396,12.744906087854462,12.76418685913086,7217200.0
2023-09-21,12.850952637754668,13.169093178961072,12.802749330426083,12.822031021118164,9280500.0
2023-09-22,12.908797873703977,13.130531818860575,12.108626030866484,12.185750961303713,20955900.0
2023-09-25,12.272513559470095,12.272513559470095,11.771201603905544,12.205029487609863,16022300.0
2023-09-26,12.021861229627683,12.311080201932942,11.983298761280434,12.01222038269043,9873900.0
2023-09-27,12.079701264887024,12.446045076610368,12.031497962402092,12.320716857910156,9315700.0
2023-09-28,12.291795559001942,12.484607854478526,12.205029796187093,12.35927963256836,6734000.0
2023-09-29,12.417124411059415,12.64849917737318,12.311077873016004,12.436405181884766,8590300.0
2023-10-02,12.330358847756775,12.42676546168265,11.983296692546531,12.13754653930664,7348000.0
2023-10-03,11.9929356700125,12.195388807725484,11.549466935946034,11.559107780456545,17170700.0
2023-10-04,11.665156864669004,11.674796791127797,11.269890459005287,11.40485954284668,12779100.0
2023-10-05,11.347015053368338,11.462702432712764,11.067436070700683,11.250608444213867,12905300.0
2023-10-06,11.14456328927414,11.559109553392164,10.980672585064102,11.395218849182127,11786000.0
2023-10-09,11.231328754414797,11.549469334108831,10.98067318090555,11.53018856048584,9989000.0
2023-10-10,11.481984399229114,12.041140584020672,11.481984399229114,11.98329734802246,8911300.0
2023-10-11,12.00257604466468,12.16646671732143,11.61695147335556,11.703717231750488,7185300.0
2023-10-12,11.665155554074284,11.694077169004608,11.183124348028263,11.308451652526855,8953900.0
2023-10-13,11.308450865277235,11.578388983840108,11.289170096466458,11.472341537475586,8957500.0
2023-10-16,11.53018757457105,11.886890590412094,11.366296875481698,11.819406509399414,9516500.0
2023-10-17,11.694079788975175,12.156829409142174,11.694079788975175,12.01222038269043,7986600.0
2023-10-18,11.896530617234411,11.954373848577614,11.72299908440164,11.751920700073242,6197000.0
2023-10-19,11.838686333849695,11.857968023682457,11.337374350418424,11.35665512084961,11896000.0
2023-10-20,11.279531842327623,11.48198501803563,11.067437820299782,11.086719512939451,9714800.0
2023-10-23,10.980671227681349,11.086717762248728,10.672170629973536,10.78785800933838,13490700.0
2023-10-24,10.864984493995973,11.11564003781486,10.701093800305763,10.749296188354492,13659000.0
2023-10-25,10.691452491151257,10.864984022684236,10.498640189115484,10.546842575073242,12903900.0
2023-10-26,10.556484062381838,10.662531524505628,10.247984360352564,10.508280754089355,12000800.0
2023-10-27,10.508281108416682,10.60468772825237,10.257625551766893,10.315468788146973,11126900.0
2023-10-30,10.37331104149598,10.710732310235551,10.354029353304378,10.60468578338623,13337400.0
2023-10-31,10.662530898667084,10.730014974674594,10.431155216324116,10.488999366760254,15194100.0
2023-11-01,10.33474890111772,10.421514661834994,10.132295765911255,10.411873817443848,16678200.0
2023-11-02,10.672172242275495,11.510906558933844,10.643250622915335,11.491625785827637,23944800.0
2023-11-03,12.484608150539996,13.313702419852866,12.388202460216302,13.265499114990234,31936400.0
2023-11-06,12.619577083936814,12.937717605430889,11.99293596629579,12.233951568603516,22297000.0
2023-11-07,12.16646891501369,12.484609473661465,12.050781522723742,12.378562927246094,12593400.0
2023-11-08,11.79048434072339,11.848328497257036,11.14456328927414,11.395218849182127,24142800.0
2023-11-09,11.732639952532194,11.925452256391894,11.385577805584736,11.694077491760254,18170000.0
2023-11-10,11.742281289213947,11.79048367764587,11.453062361614275,11.665156364440918,9588600.0
2023-11-13,11.607313802818451,11.809766987959543,11.48198555302618,11.568751335144045,8205800.0
2023-11-14,12.098984254168252,12.754546112464851,12.012218484249178,12.070062637329102,16142300.0
2023-11-15,12.09898251128878,12.764185119175382,12.09898251128878,12.696701049804688,11573500.0
2023-11-16,12.67742115403746,12.822031076649514,11.992936761331611,12.301437377929688,12066000.0
2023-11-17,12.436406248035173,12.812390965078718,12.340000546840548,12.715984344482422,9407700.0
2023-11-20,12.947359657715484,13.74753145845306,12.764187268013162,13.429390907287598,21637600.0
2023-11-21,13.255858263109513,13.61256124786136,13.14017088314147,13.554718017578123,16462800.0
2023-11-22,13.689687417733802,13.728249881243974,13.545078409421077,13.651124954223633,15799100.0
2023-11-24,13.689686623703304,13.786093236587773,13.602920855987604,13.69932746887207,3299700.0
2023-11-27,13.535435822053175,13.699326500733571,13.361904298885335,13.64148235321045,7085400.0
2023-11-28,13.6414833342125,13.699327485895378,13.304062027500766,13.41010856628418,11999500.0
2023-11-29,13.564358062321418,13.930701895142953,13.48723314166442,13.892139434814451,10677500.0
2023-11-30,13.93070253804689,13.969265000155056,13.718608536751184,13.853577613830566,13241500.0
2023-12-01,14.26812418741,15.241827465064013,13.901780352666858,15.212904930114746,30992200.0
2023-12-04,15.174344501342144,15.43464183432838,14.933328860903792,15.376797676086426,13153200.0
2023-12-05,15.2418270136361,15.299670243018287,14.807998196261934,14.952608108520508,12367500.0
2023-12-06,15.000812235762425,15.193624543286033,14.64410831759174,14.673030853271484,9695600.0
2023-12-07,14.701952627575832,14.788718396744471,14.422374548811112,14.489858627319336,9889100.0
2023-12-08,15.183984316500784,16.63971890654868,15.15506269904467,16.24445343017578,49773400.0
2023-12-11,16.765046449337756,16.871093913784318,15.54068845994221,15.65637493133545,26904100.0
2023-12-12,15.637092562534134,15.694937634528577,14.682670940264613,14.721234321594238,19420900.0
2023-12-13,14.518781397740346,15.309312339549551,14.142796698405864,15.164702415466309,26230000.0
2023-12-14,15.628928016034491,16.276909641158863,15.628928016034491,16.160852432250977,20096000.0
2023-12-15,16.044796842033914,16.083481348013873,15.454842907339058,15.735313415527344,24281300.0
2023-12-18,15.541885933661112,15.764326924209644,14.942261311182389,15.000289916992188,14119800.0
2023-12-19,15.038974868210904,15.40648690042292,14.893903819469298,15.300101280212402,14748900.0
2023-12-20,15.483858639363229,15.74498598857052,14.671463671607324,14.990618705749512,36752800.0
2023-12-21,14.71014749317113,14.99061706589782,14.303950053727878,14.574748039245604,30003100.0
2023-12-22,14.613433297949632,14.797189763476672,14.45869159371632,14.50704860687256,17819000.0
2023-12-26,14.507048808567475,14.65211892771982,14.40066411601131,14.526391983032228,12556500.0
2023-12-27,14.487706761319323,14.507049937289072,14.23625193004636,14.4973783493042,9116200.0
2023-12-28,14.48770727793785,14.87456251012717,14.410336415966672,14.65212059020996,21671700.0
2023-12-29,14.507049033110295,14.652119154508064,14.265264882558458,14.303950309753418,12177900.0
2024-01-02,14.20723888576806,14.265267498367823,13.868741566325538,13.926769256591797,14285900.0
2024-01-03,13.665641367962865,13.849396930917743,13.327143161800272,13.723669052124023,14447400.0
2024-01-04,13.723667103811785,14.052493675153755,13.549583153709133,14.013808250427246,10727600.0
2024-01-05,13.91709661890734,14.545735067657365,13.839725761286823,14.168551445007324,12739800.0
2024-01-08,14.081510288496188,14.468364586669132,14.004138506528198,14.207237243652344,12360800.0
2024-01-09,14.052496046342316,14.081510811533049,13.723669419514836,13.762354850769045,10562000.0
2024-01-10,13.66564216212534,14.08151125289282,13.462543411091628,13.655970573425291,21357300.0
2024-01-11,13.423856095146895,13.443198347499656,12.7275174861143,12.911273956298828,19492100.0
2024-01-12,12.872589280332164,13.220758143996274,12.804889087314102,12.891931533813477,12371300.0
2024-01-16,12.756532084697838,13.066016441753218,12.688832813935749,12.795217514038086,11028800.0
2024-01-17,12.650148614309588,12.766204913612103,12.418036015704557,12.57277774810791,10282900.0
2024-01-18,12.708174879322923,12.756530970022803,12.485732988303589,12.679160118103027,7927900.0
2024-01-19,12.621132757441613,13.017658614076687,12.437376287765195,12.959630012512209,13799700.0
2024-01-22,12.988645645516224,13.588270264339505,12.969302469586411,13.298129081726074,11615900.0
2024-01-23,13.443199047986838,13.52056990609611,13.201414885812014,13.230429649353027,9361500.0
2024-01-24,13.365827071951934,13.37549865899,12.650146233134434,12.920944213867188,17391900.0
2024-01-25,13.501227378845217,14.052494962273938,13.04667290492444,13.501227378845217,30678900.0
2024-01-26,13.520570063215937,13.549584827094126,13.278785898231389,13.34648609161377,8992600.0
2024-01-29,13.298129081726074,13.385171528743442,13.01765948707755,13.298129081726074,8470100.0
2024-01-30,13.104701774342114,13.45287063583384,13.046673169593468,13.230429649353027,8704100.0
2024-01-31,15.14535807315149,15.184043497869204,14.09117909667714,14.110522270202637,71655800.0
2024-02-01,14.410335427062469,14.50704945905619,13.955781874758731,14.197566032409668,16944300.0
2024-02-02,14.042823421736774,14.071837260547532,13.791367692488048,13.955780982971191,14524400.0
2024-02-05,13.87841060478338,13.907424444584088,13.433527731061403,13.559255599975586,13217600.0
2024-02-06,13.539913554432172,13.70432686423695,13.472214281806703,13.53024196624756,11769800.0
2024-02-07,13.44319949551872,13.452871083687697,12.37934969993335,12.427706718444824,27707100.0
2024-02-08,12.572776417840997,12.698504292699411,12.243949810108736,12.58244800567627,12737800.0
2024-02-09,12.630806383368808,12.73719109401862,12.418036039735703,12.47606372833252,9780300.0
2024-02-12,12.524419286732646,13.162729320703056,12.45672001717014,12.9693021774292,18549900.0
2024-02-13,12.669491792026747,12.717847891652688,12.350336738361456,12.57277774810791,15176500.0
2024-02-14,12.727518826316436,12.804889688541248,12.553433925143889,12.756532669067385,12184200.0
2024-02-15,12.243949727486994,12.68883261924034,11.944137885283675,12.176250457763672,20832800.0
2024-02-16,12.050522340474572,12.12789319640592,11.605639457702637,11.605639457702637,21617200.0
2024-02-20,11.547611813111695,11.760382145750858,11.450898696336392,11.557283401489258,13027000.0
2024-02-21,11.441226212354254,11.499254815743775,11.315498340288086,11.412212371826172,10259800.0
2024-02-22,11.528269255894896,11.54761150980855,11.305827340720713,11.325170516967772,11178600.0
2024-02-23,10.976999862830851,11.13174155834331,10.62883012559456,10.84160041809082,23106600.0
2024-02-26,10.831929622352805,11.01568609093944,10.657845663358438,10.725544929504396,19461400.0
2024-02-27,10.75455929687208,10.967329615346776,10.54178897839738,10.880287170410156,25111200.0
2024-02-28,10.715874503731738,10.996344108307747,10.570804368456828,10.696532249450684,28898500.0
2024-02-29,11.00601647396912,11.586297978387432,10.638504393337444,10.677189826965332,38591000.0
2024-03-01,10.686860098068136,10.706202351330075,10.454747524924583,10.5901460647583,15587000.0
2024-03-04,10.49343314549682,10.541789240701826,9.86479376216441,9.961507797241213,25771200.0
2024-03-05,9.913151374267102,10.04855084702884,9.826108921944089,9.874465942382812,11957200.0
2024-03-06,9.932494827848998,10.280663724498956,9.8744662172406,10.154935836791992,14075000.0
2024-03-07,10.18394772110952,10.628830575714808,10.17427705648039,10.445075035095217,15283600.0
2024-03-08,10.541789830401129,10.667517714100724,10.435405123732286,10.570804595947266,12173600.0
2024-03-11,10.561133137371886,11.305827937883087,10.493433861598175,11.238128662109377,18432600.0
2024-03-12,11.799067107252991,11.808738695245564,11.08338619780378,11.209114074707031,19020600.0
2024-03-13,11.170429002315547,11.48958403761027,11.170429002315547,11.296156883239746,9810100.0
2024-03-14,11.315582392232583,11.315582392232583,10.810509651879524,10.93677806854248,16119900.0
2024-03-15,10.936775202049256,11.043617252930911,10.820219984824217,10.88821029663086,35215200.0
2024-03-18,10.90763760888985,10.936777113011496,10.713378879572328,10.878499031066896,9527200.0
2024-03-19,10.781371070728694,11.04362014662599,10.761944732951754,10.868786811828612,10960200.0
2024-03-20,10.839647948262874,12.199460989262455,10.752231283148053,12.150896072387695,40555900.0
2024-03-21,12.209174397682435,12.34515599265946,11.432139358667529,11.480703353881836,25037500.0
2024-03-22,11.500126884318888,11.500126884318888,10.917349821091111,10.92706298828125,16685700.0
2024-03-25,11.024192785351952,11.140748012502716,10.86878488951899,11.12132167816162,9294800.0
2024-03-26,11.199026138962395,11.296155966535869,10.975628832361568,11.043619155883787,8956500.0
2024-03-27,11.063046364393172,11.40299893511295,10.95620336037656,11.364147186279297,17754500.0
2024-03-28,11.286441807082602,11.568117170744008,11.276728639918751,11.432136535644531,9850400.0
2024-04-01,11.470989224989294,11.500127802587777,11.228165583638363,11.412711143493652,9544600.0
2024-04-02,11.25730322622401,11.441848770751252,11.150460240072649,11.422423362731934,10179800.0
2024-04-03,11.519552135124034,13.403863934548342,10.995053155899466,13.131901741027832,63228800.0
2024-04-04,12.034339894723365,13.131902855291562,11.752664510244706,12.01491355895996,51854600.0
2024-04-05,12.150895206200005,12.422857424493348,11.344720792963589,11.62639617919922,51436900.0
2024-04-08,11.490415787379131,11.500128956319312,10.74251937866211,10.74251937866211,36881000.0
2024-04-09,10.693952565025173,10.927063020483828,10.577397337295846,10.65510082244873,17748200.0
2024-04-10,10.392851871334384,10.664814095694704,9.829501086295794,10.198593139648438,35124900.0
2024-04-11,10.29572374642152,11.053333320378956,10.276297408636031,10.946491241455078,27581200.0
2024-04-12,10.791082419271609,10.917350825464004,10.58711052100677,10.64538860321045,14768800.0
2024-04-15,10.6162490673568,10.77165603747936,10.441415762819616,10.587109565734863,18417000.0
2024-04-16,10.392851893366178,10.519120300804394,10.07232475383021,10.130602836608888,14883100.0
2024-04-17,10.198592170325345,10.587109596770675,10.18887900308956,10.499693870544434,11543100.0
2024-04-18,10.480267517705434,10.859072702549708,10.451128942347754,10.65510082244873,11669400.0
2024-04-19,11.597257499626991,12.21888639763449,11.335008430637048,12.082904815673828,45625400.0
2024-04-22,12.10233022236134,12.170320544964358,11.587544366298486,12.02462673187256,19616800.0
2024-04-23,11.85950652031571,12.60740284389127,11.849793352481292,12.374292373657228,15385700.0
2024-04-24,12.286876691387503,12.442284610182408,12.044053034037562,12.31601619720459,9629300.0
2024-04-25,12.170319601271537,12.364578312430572,11.733237269589052,11.830367088317873,18338200.0
2024-04-26,11.548693637889045,11.878933038393829,11.480702383000889,11.568119049072266,15347000.0
2024-04-29,12.141181984726265,12.384005624420787,11.81094168653392,11.898358345031738,26501600.0
2024-04-30,11.752663671332678,11.772089079410812,11.00476647120305,11.063044548034668,23834600.0
2024-05-01,11.140749745460774,11.96634963110982,11.13103657677933,11.908072471618652,18519500.0
2024-05-02,11.91778613872391,13.59812548634123,11.71381421937684,13.462143898010254,64803800.0
2024-05-03,13.938077189020602,14.122622746293452,12.490847602833844,12.519987106323242,67049300.0
2024-05-06,12.957069398669285,13.394151759339662,12.801662419435251,12.908504486083984,23587300.0
2024-05-07,12.869652811508017,12.976494878739809,12.471422193472913,12.519987106323242,15564800.0
2024-05-08,12.43257044026124,12.53941250742264,12.238311715286576,12.451995849609377,12066800.0
2024-05-09,12.451995818309406,12.733671200389304,12.335440583617586,12.704532623291016,10530600.0
2024-05-10,12.753097548095862,12.869652782898347,12.626829145485171,12.67539405822754,9494500.0
2024-05-13,12.67539406520702,13.015346601993455,12.6074028168108,12.636542320251465,8930600.0
2024-05-14,12.772523061792317,12.976494955938216,11.548692623215594,11.976061820983888,29621000.0
2024-05-15,11.966349567651648,12.30630305930942,11.966349567651648,12.199460983276367,12064600.0
2024-05-16,12.131468766561945,12.393718740968804,12.121755598702723,12.2771635055542,8150100.0
2024-05-17,12.218887522767028,12.238313861821103,11.674962997436523,11.674962997436523,17127600.0
2024-05-20,11.937212090574738,11.937212090574738,11.558406815709729,11.674962997436523,10345300.0
2024-05-21,11.56811901930548,11.927497925108485,11.558405850589487,11.752665519714355,11484900.0
2024-05-22,11.665246936688623,11.888644222648702,11.577830285209082,11.84979248046875,6800600.0
2024-05-23,11.781802200519564,11.810940775672108,11.315580366585875,11.45156192779541,12475700.0
2024-05-24,11.519553179502646,11.636108415864207,11.39328477520295,11.61668300628662,6795900.0
2024-05-28,11.50012870763235,11.70410061947139,11.441850621550302,11.66524887084961,8082900.0
2024-05-29,11.500128770346462,11.577832268013768,11.296156857395092,11.364147186279297,7820000.0
2024-05-30,11.335009515641248,11.772091956661844,11.04362091286124,11.480703353881836,25535200.0
2024-05-31,11.548693637889045,11.781804129880218,11.412712054411484,11.568119049072266,19774900.0
2024-06-03,12.481136327743627,12.675395067888148,12.3160161670461,12.432571411132812,34518500.0
2024-06-04,12.286875792842451,12.306302128633185,11.742951358883332,11.88864517211914,18380100.0
2024-06-05,11.937210115032263,12.014913605791408,11.645821561536136,11.733238220214844,10877700.0
2024-06-06,11.645821588785118,11.840080316137506,11.558404929901874,11.62639617919922,9480400.0
2024-06-07,11.558405867415646,11.849794445228383,11.548693624984264,11.66524887084961,10860800.0
2024-06-10,11.558404907646162,11.66524790220826,11.432137429834247,11.6361083984375,8942600.0
2024-06-11,11.538980697231914,12.044053439862912,10.344287781139586,10.723093032836914,36348700.0
2024-06-12,10.373427265931046,10.83964825813979,10.373427265931046,10.800796508789062,31180700.0
2024-06-13,10.664814136217888,10.664814136217888,9.936343194903593,10.052899360656738,30459800.0
2024-06-14,10.033473049253548,10.35400019012622,9.858639726487104,9.878066062927246,15167100.0
2024-06-17,9.868304259926468,9.917109117689256,9.575476975100202,9.594998359680176,15370600.0
2024-06-18,9.575477038857352,9.673085824157612,9.31193136370864,9.380257606506348,14859900.0
2024-06-20,9.380258107769905,9.848783467224097,9.36073672201676,9.819500923156738,22311000.0
2024-06-21,9.770695198326065,10.02447970679887,9.770695198326065,9.907347679138184,20933000.0
2024-06-24,9.887825837130045,10.131849176849316,9.760933588771,10.044000625610352,9452400.0
2024-06-25,9.819501274730968,10.004958634964682,9.594999279842444,9.868305206298828,12852200.0
2024-06-26,9.809739663785376,9.858544523978397,9.634042539440625,9.73165225982666,9644000.0
2024-06-27,9.712131480366097,10.044003465147776,9.692610091724756,10.014720916748049,12023600.0
2024-06-28,10.02447999904296,10.229458726236889,9.975675141240732,10.141611099243164,14708800.0
2024-07-01,10.141611135184796,10.229458762489852,9.819500375773872,9.897587776184082,11285400.0
2024-07-02,10.248982339677966,10.493005728717918,10.06352497359276,10.463723182678224,20170500.0
2024-07-03,11.830252890767111,11.840014048997702,11.117705095689177,11.186031341552734,35905200.0
2024-07-05,11.176270867436363,11.576469070634362,11.078662071781558,11.527665138244627,20846500.0
2024-07-08,11.674078105455992,11.674078105455992,10.844398271735656,10.912725448608398,42675400.0
2024-07-09,10.79559499658585,11.283641768150078,10.785833837744484,11.254358291625977,22295800.0
2024-07-10,11.293400597709786,11.537423953275686,11.215313198398716,11.420292854309082,16335400.0
2024-07-11,11.508142397810252,11.595990962284995,11.361728744269213,11.449576377868652,9200700.0
2024-07-12,11.439815666923106,11.508141911571986,11.078661196689326,11.28364086151123,9730400.0
2024-07-15,11.351967435594412,11.36172859393474,11.146987764823995,11.303162574768066,6543700.0
2024-07-16,11.273881025405297,11.674079243918428,11.176271295139731,11.664318084716797,9595700.0
2024-07-17,11.537424464888405,11.683839043245651,11.5179030796326,11.58622932434082,7943300.0
2024-07-18,11.57646790306142,11.605751376592211,11.33244454222296,11.351966857910156,10673900.0
2024-07-19,11.371488769339722,11.371488769339722,11.166509099507726,11.24459743499756,6278100.0
2024-07-22,11.146987094169178,11.28364051008618,10.97128997811521,11.264118194580078,7978000.0
2024-07-23,11.17627016246521,11.508142094683656,11.14698761870337,11.45933723449707,6932100.0
2024-07-24,11.400772045543588,11.517903150424138,11.342206027665672,11.371488571166992,6750600.0
2024-07-25,11.322684764155138,11.449576097651669,11.176270183322144,11.186031341552734,9255800.0
2024-07-26,11.312924279841448,11.430055392960234,10.883442600863887,10.922486305236816,9816100.0
2024-07-29,10.932245740036269,11.010333136467764,10.766309789900545,10.79559326171875,8021000.0
2024-07-30,10.756550691118584,11.049377992996348,10.697984672217856,10.971290588378906,9522500.0
2024-07-31,11.0786616674866,11.420293836124216,10.990813102990405,11.146987915039062,15478600.0
2024-08-01,11.08842089949576,11.18603061369982,10.746788761532006,10.84439754486084,7553400.0
2024-08-02,10.737028121948242,10.86392038418539,10.493004755540326,10.737028121948242,8915000.0
2024-08-05,10.346591222057649,10.727267082088597,10.2294591857209,10.278264045715332,10478600.0
2024-08-06,10.28802479735725,10.56133069930097,10.200176239013672,10.200176239013672,10465900.0
2024-08-07,10.268503109768716,10.375873049646447,10.151371081515464,10.20993709564209,7896200.0
2024-08-08,10.151372082677502,10.20017694411712,9.86830500337809,9.965914726257324,14892300.0
2024-08-09,10.35635185791449,10.532048988475584,9.956153665747836,10.053763389587402,14193200.0
2024-08-12,10.044001606189848,10.1611327089854,9.936631661346077,10.073284149169922,6385100.0
2024-08-13,10.07328316573162,10.131849176849316,9.936630691248933,10.044000625610352,10119300.0
2024-08-14,10.053763620118715,10.083046165591902,9.936632507350623,9.98543643951416,7187100.0
2024-08-15,10.083044785725766,10.893202236324724,10.07328362827874,10.697983741760254,22511200.0
2024-08-16,10.72726696388186,10.785832981404878,10.551570773063345,10.737028121948242,9840300.0
2024-08-19,10.6784618590261,10.893202677175234,10.600374458040095,10.805354118347168,11324000.0
2024-08-20,10.463723072317686,10.824877572582688,10.434439595711488,10.678462982177734,12681800.0
2024-08-21,10.78583403375298,10.932247695532851,10.717506851497062,10.824877738952637,7176000.0
2024-08-22,10.942007992482267,11.02985655497916,10.785833183987918,10.912725448608398,7863300.0
2024-08-23,10.844398446666656,11.127465524347638,10.766311041159852,11.088421821594238,7642300.0
2024-08-26,11.107943154873896,11.186030553466578,11.010333441195437,11.059138298034668,9390300.0
2024-08-27,10.629657641511043,10.688222725214835,10.258742031511208,10.268503189086914,17312700.0
2024-08-28,10.24898199721331,10.532049081806091,10.23922083856779,10.44420051574707,9517700.0
2024-08-29,10.473481832023872,10.561330387776204,10.190414780641476,10.20993709564209,11261800.0
2024-08-30,10.307547467308648,10.34659116892865,10.024480397844812,10.219698905944824,18652600.0
2024-09-03,10.170893669128418,10.278263611884006,10.073283953259526,10.170893669128418,7184300.0
2024-09-04,10.20993709564209,10.30754680889473,10.170893396516076,10.20993709564209,7891100.0
2024-09-05,10.248980381596512,10.327067776700568,10.102566748495205,10.13184928894043,10023300.0
2024-09-06,10.141611727109082,10.170894271253202,9.839022334702188,9.848783493041992,8040200.0
2024-09-09,9.85854457700288,10.11232817579605,9.829261102204397,10.06352424621582,9985400.0
2024-09-10,10.083045707945546,10.102568024625157,9.77069608807414,9.848783493041992,8484900.0
2024-09-11,9.84878303780506,9.887826738484282,9.712129619990158,9.741412162780762,7634600.0
2024-09-12,9.809741216199097,10.03424230538939,9.741414028765824,10.014720916748049,7202800.0
2024-09-13,10.053762724691946,10.366112330921128,10.053762724691946,10.317307472229004,8732500.0
2024-09-16,10.385958125559313,10.454609106557513,10.16038914680891,10.219233512878418,6489100.0
2024-09-17,10.248656237412138,10.434995968897567,10.121160877790414,10.238848686218262,5793000.0
2024-09-18,10.28788494592018,10.55268320191884,10.268270779901489,10.356536865234377,7193200.0
2024-09-19,10.513455557944615,10.631143378127248,10.160391162097069,10.258464813232422,6670400.0
2024-09-20,10.229041857516936,10.258463575186912,10.081931398567972,10.17019748687744,33505500.0
2024-09-23,10.17019752252315,10.219234342344674,10.091738984928528,10.180005073547363,5902300.0
2024-09-24,10.219234868261278,10.34673023223877,10.140776326628911,10.34673023223877,4747500.0
2024-09-25,10.327115129180882,10.356537783767712,10.209427316732334,10.34673023223877,4942500.0
2024-09-26,10.39576738414506,10.46441837642482,10.307501288185586,10.45461082458496,4399000.0
2024-09-27,10.533067866018468,10.689984931871338,10.415380066628815,10.582104682922363,5269800.0
2024-09-30,10.49383997478813,10.55268434984434,10.34673044009702,10.41538143157959,7416200.0
2024-10-01,10.395767211914062,10.53306919419884,10.34673038882681,10.395767211914062,5953800.0
2024-10-02,10.3957657128232,10.425187428313038,10.219233549285237,10.22904109954834,5171000.0
2024-10-03,10.189812836120351,10.327114812111668,10.072125027285123,10.248656272888184,6605000.0
2024-10-04,10.307500874457125,10.35653769638852,10.18981306300152,10.31730842590332,5152100.0
2024-10-07,10.307500874457125,10.346730144942324,10.20942723059433,10.31730842590332,4937800.0
2024-10-08,10.258463032305372,10.3173073998308,10.219233765721585,10.29769229888916,4109100.0
2024-10-09,10.268271690606404,10.385959503054952,10.248656587548515,10.34673023223877,6750700.0
2024-10-10,10.307500304713344,10.346729573030158,10.121160578733818,10.140775680541992,4974400.0
2024-10-11,10.101547396885405,10.248656933588256,10.101547396885405,10.15058422088623,4382500.0
2024-10-14,10.150583320197304,10.229041857516936,10.130968218217626,10.17019748687744,3350500.0
2024-10-15,10.150582783024824,10.30749984935998,10.150582783024824,10.29769229888916,6693000.0
2024-10-16,10.278078220118534,10.395766966873722,10.278078220118534,10.31730842590332,4658600.0
2024-10-17,10.287885166585362,10.31730781919375,10.081931274824283,10.13096809387207,9025300.0
2024-10-18,10.25846382411601,10.317308196183406,10.209427003276442,10.248656272888184,4590700.0
2024-10-21,10.258463395275989,10.278077561612134,10.111353874206545,10.111353874206545,5225400.0
2024-10-22,10.10154619798992,10.18000473295959,10.072124481201172,10.072124481201172,5931500.0
2024-10-23,10.072124606234722,10.160389757696674,10.023087787445066,10.111353874206545,4890600.0
2024-10-24,10.111354792919885,10.140776512747111,10.042702866256873,10.101547241210938,3633000.0
2024-10-25,10.12116036408258,10.248655717233174,10.052509379808996,10.072124481201172,5719700.0
2024-10-28,10.140775017779356,10.297692080791116,10.091738201763317,10.22904109954834,5253800.0
2024-10-29,10.189812906462926,10.327114883402068,10.170197803871863,10.268271446228027,3973100.0
2024-10-30,10.199620088546396,10.46441837642482,10.18981347200616,10.45461082458496,5231700.0
2024-10-31,10.54287587823688,10.768443936455384,10.503646610055425,10.729214668273926,8559600.0
2024-11-01,10.699793074990849,10.788059163247162,10.513454282793832,10.768444061279297,6577400.0
2024-11-04,10.78805978687002,10.8370966093248,10.63114270325439,10.660564422607422,4809700.0
2024-11-05,10.680179257702337,10.925362428524066,10.62133488517331,10.876325607299805,6898200.0
2024-11-06,11.003820912452332,11.229388979518411,10.895939719247195,11.160737991333008,12576200.0
2024-11-07,11.150930891452113,11.32746307998843,11.052858180831628,11.30784797668457,10617900.0
2024-11-08,11.288233335562635,11.317655053985684,10.660564085640363,10.85671043395996,15682600.0
2024-11-11,10.94497705093074,11.366692421575078,10.886133611254552,11.327463150024414,14093800.0
2024-11-12,11.18035331828643,11.29804207495441,11.023436223128671,11.229390144348145,10026800.0
2024-11-13,11.278427057757456,11.288234610105688,10.925363590918147,10.94497776031494,12007300.0
2024-11-14,11.023434048212424,11.16073694703552,10.886132084688803,11.131315231323242,9294800.0
2024-11-15,11.023434333236148,11.160737235609371,10.591912395533807,10.631141662597656,14795800.0
2024-11-18,10.57229751353814,10.699792867963772,10.35653700786355,10.405572891235352,12238900.0
2024-11-19,10.307500268324288,10.346729536502613,10.072124659254351,10.13096809387207,16248600.0
2024-11-20,10.150583963313718,10.395767141796664,10.091739588945988,10.37615203857422,8702400.0
2024-11-21,10.32711489312732,10.905747325914533,10.32711489312732,10.876325607299805,11221100.0
2024-11-22,10.886132494650564,10.974397645111384,10.640949338782754,10.670371055603027,11242700.0
2024-11-25,10.591913251754969,11.033242775724014,10.57229814898766,10.905747413635254,55191500.0
2024-11-26,10.89594031553185,10.974398859265865,10.395767333052428,10.434996604919434,13048300.0
2024-11-27,10.405572462907951,10.660563161262967,10.376150747036062,10.562490463256836,11266300.0
2024-11-29,10.58210582922304,10.709601192864232,10.552684110013407,10.640950202941896,3651800.0
2024-12-02,10.670371357338592,10.788059163247162,10.542876000446087,10.768444061279297,6265800.0
2024-12-03,10.680178731443409,10.778251433759886,10.582105093827405,10.709600448608398,5923400.0
2024-12-04,10.631143167211818,10.886133906865153,10.631143167211818,10.8076753616333,8061700.0
2024-12-05,10.797866189918874,10.866517172873834,10.562490589530874,10.601719856262209,7051400.0
2024-12-06,10.64095061644338,10.778252601623535,10.474225975610654,10.778252601623535,7609400.0
2024-12-09,10.817481477857116,11.003821215636744,10.719408768504314,10.954784393310549,11064900.0
2024-12-10,10.876325937912991,11.062664741869929,10.80767494729195,10.984206199645996,8990300.0
2024-12-11,10.96459199670412,11.062664706520856,10.846904183744275,10.974398612976074,9915500.0
2024-12-12,11.05285756040617,11.464764418370176,10.92536220198654,11.40592098236084,11272600.0
2024-12-13,11.415728200563258,11.425534816079136,10.984205317680717,11.003820419311523,5618800.0
2024-12-16,11.013671863525456,11.072778698215814,10.79694461085968,10.816646575927734,8274700.0
2024-12-17,10.747688302027653,10.79694462398697,10.629473693017008,10.649176597595217,7242400.0
2024-12-18,10.688582434466555,10.885606800646205,10.481706615106356,10.521111488342283,12328500.0
2024-12-19,10.560516364918673,10.659028078296515,10.412747385622485,10.422598838806152,9067300.0
2024-12-20,10.432450283706965,10.71813584940257,10.324086177745205,10.501408576965332,18990900.0
2024-12-23,10.462002761737295,10.491556179117532,10.17631722176515,10.196020126342772,9671800.0
2024-12-24,10.225572589148625,10.294530869760536,10.15661430853671,10.26497745513916,4116200.0
2024-12-26,10.235425933208749,10.314235679762982,10.176318153549929,10.28468132019043,6849800.0
2024-12-27,10.235424984644853,10.393044463145998,10.16646575818595,10.245275497436523,5766200.0
2024-12-30,10.19602012293982,10.245275505395044,10.058102609401084,10.186168670654297,8242100.0
2024-12-31,10.186169611678723,10.343789104863603,10.1763181584831,10.304384231567385,9559000.0
2025-01-02,10.353640545493034,10.452152258870877,10.245276439445238,10.422598838806152,9216900.0
2025-01-03,10.442300791961143,10.590068818282232,10.363491052658407,10.511259078979492,5765700.0
2025-01-06,10.619622238980346,10.82649803958648,10.5900688216041,10.767391204833984,7853300.0
2025-01-07,10.836349492464004,10.885605814417898,10.6787300138005,10.727986335754396,6841200.0
2025-01-08,10.629473691965517,10.659027109343704,10.304383282346857,10.48170566558838,8025400.0
2025-01-10,10.373341557493651,10.471854201289556,10.30438327052824,10.324085235595703,10085800.0
2025-01-13,10.29453275856932,10.599921230642297,10.255127885348902,10.560516357421877,8253900.0
2025-01-14,10.550663948630865,10.599920270566624,10.41274643510797,10.511259078979492,6133200.0
2025-01-15,10.63932611917077,10.668879539257036,10.28468132019043,10.28468132019043,9453600.0
2025-01-16,10.284680370426225,10.314234727269506,10.008846282958984,10.008846282958984,14965800.0
2025-01-17,10.127061855590206,10.294532802360964,10.048252108814117,10.11721134185791,9459900.0
2025-01-21,10.136912339766926,10.353639592426193,10.097507470145809,10.324085235595703,7972400.0
2025-01-22,10.343788150374564,10.43244934198128,10.24527550648128,10.353639602661133,10114900.0
2025-01-23,10.402896846009067,10.718135831210883,10.343789066540586,10.708284378051758,8743400.0
2025-01-24,10.708283421621845,11.102333057415136,10.599920265008944,10.90530776977539,22305800.0
2025-01-27,10.885606751261736,11.023523337218665,10.737837772682669,10.993969917297363,7964000.0
2025-01-28,10.97426796767311,10.984118481338095,10.796945568895447,10.895458221435549,7049400.0
2025-01-29,10.875755308586262,11.01367283416212,10.8363504354912,10.92501163482666,12097100.0
2025-01-30,10.984117506694078,11.013671863525456,10.66887854971564,10.816646575927734,6086600.0
2025-01-31,10.77724171480288,10.856052393595826,10.659027105842757,10.718134880065918,6730700.0
2025-02-03,10.521111472579632,10.678730965287205,10.501408566248044,10.570366859436035,7747900.0
2025-02-04,10.609771722824789,10.816646583879317,10.540812496320411,10.757539749145508,5069800.0
2025-02-05,10.71813488064182,10.747688298011887,10.61962223675999,10.678730010986328,7610000.0
2025-02-06,10.796944619952802,10.826498037322873,10.570365914819078,10.678730010986328,6509000.0
2025-02-07,10.75754072945125,10.806797055875489,10.422598837149982,10.47185516357422,9713800.0
2025-02-10,10.491557138856136,10.521111498426125,10.373342519035049,10.39304542541504,6986900.0
2025-02-11,10.363491047020592,10.550663942891225,10.343788142462529,10.41274642944336,6600800.0
2025-02-12,10.353639604301302,10.530961048056623,10.333936699725044,10.48170566558838,7056800.0
2025-02-13,10.491556179428157,10.737836849738548,10.452151309757944,10.649176597595217,8157300.0
2025-02-14,10.727987252453325,11.17129230894608,10.678730926290513,11.131887435913086,15196900.0
2025-02-18,11.151588450729896,11.161439903018742,11.003820424341969,11.141737937927246,8662300.0
2025-02-19,11.151589381975064,11.397870072845445,11.122035962126777,11.269804000854492,12558300.0
2025-02-20,11.250101092297845,11.35846424899396,11.210696222636876,11.299357414245604,8716500.0
2025-02-21,11.35846519857783,11.45697785070915,11.289506905777674,11.31906032562256,10479100.0
2025-02-24,11.35846424612194,11.654001238247576,11.250101089453224,11.496381759643556,12170900.0
2025-02-25,11.525935175872291,11.693406106744078,11.31905937535339,11.32891082763672,6808500.0
2025-02-26,11.328910831708532,11.427423475604824,10.954564100183298,11.05307674407959,10721000.0
2025-02-27,10.787093162056951,11.220547667528113,10.67873000543226,11.072778701782228,13022700.0
2025-02-28,11.072778700133608,11.28950595283692,10.944712638967388,11.190993309020996,10644800.0
2025-03-03,11.200844772687937,11.28950596431517,11.112183581060702,11.141737937927246,7531500.0
2025-03-04,11.10233305535164,11.397869107783931,11.082630150796849,11.309207916259766,9896800.0
2025-03-05,11.378167152984144,11.42742347492938,11.250101091721012,11.338762283325195,7340600.0
2025-03-06,11.328910830966583,11.624447823149907,11.220547674276716,11.585042953491213,9580300.0
2025-03-07,11.565340050458833,12.353438383223912,11.496381763418482,11.959389686584473,23490100.0
2025-03-10,11.851026541391018,12.077605264755372,11.722960469834865,11.821473121643066,9701200.0
2025-03-11,11.78206730246402,11.831323624411782,11.279654509672024,11.299357414245604,9890300.0
2025-03-12,11.378168099638732,11.427424425682052,11.102333989076914,11.407721519470217,8263300.0
2025-03-13,11.328911774886986,11.565341012538356,11.289506901945092,11.466829299926758,8631100.0
2025-03-14,11.525935169624178,11.64414977850144,11.378167143399152,11.516083717346191,7311000.0
2025-03-17,11.615020027702425,11.674381704798275,11.516085157238464,11.555659294128418,4617800.0
2025-03-18,11.49629641929605,11.575444684829929,11.367680251923058,11.535870552062988,5674500.0
2025-03-19,11.535871526062264,11.65459393438708,11.52597775615474,11.615019798278809,4716900.0
2025-03-20,11.555659003881145,11.971187902549598,11.52597769431781,11.802997589111328,7015300.0
2025-03-21,11.79310439241813,11.872252668056758,11.634807841140873,11.733742713928224,14225600.0
2025-03-24,11.85246533015269,11.882146641666353,11.417149806693054,11.516085624694824,8707200.0
2025-03-25,11.565552696666751,11.565552696666751,11.377575772958808,11.486404418945312,5114600.0
2025-03-26,11.545765795166949,11.79310439241813,11.525978254496357,11.733742713928224,9531000.0
2025-03-27,11.773316575262234,11.773316575262234,11.516085157238464,11.555659294128418,4951500.0
2025-03-28,11.49629806805617,11.525978436007597,11.35778811174638,11.43693733215332,5616800.0
2025-03-31,11.357788186886848,11.862359163008623,11.328107818739063,11.83267879486084,27065100.0
2025-04-01,11.852464000991544,11.892039078571726,11.59523260137283,11.605125427246094,8941400.0
2025-04-02,11.48640365970576,11.872252195735008,11.308320518364582,11.773316383361816,9139800.0
2025-04-03,11.5853391163253,11.84257146577924,11.347894306147111,11.357787132263184,12422900.0
2025-04-04,11.169810471388557,11.209384607284989,10.754281572715104,10.952152252197266,12062000.0
2025-04-07,10.595984855350654,11.20938442344625,10.467368679916152,10.74438762664795,10078500.0
2025-04-08,11.021408326569675,11.021408326569675,10.477263219301925,10.53662395477295,9428100.0
2025-04-09,10.398114711362254,11.47651113145606,10.358540574089172,11.021408081054688,13870800.0
2025-04-10,11.011513526232584,11.02140729572634,10.665239142125442,10.803749084472656,9002300.0
2025-04-11,10.85321752253382,10.902685428915252,10.52673066134695,10.576197624206545,5527900.0
2025-04-14,10.635559300568628,10.783962076191084,10.417901078603434,10.576197624206545,7252100.0
2025-04-15,10.586091085658351,10.793855531587653,10.546516950410952,10.74438762664795,7281300.0
2025-04-16,10.694922190259003,10.764176700936762,10.506944313388033,10.595986366271973,6800400.0
2025-04-17,10.685026917302327,10.902685133367282,10.576197337508944,10.823535919189451,6698700.0
2025-04-21,10.734494537394491,10.81364280594951,10.615771191040176,10.645452499389648,8080100.0
2025-04-22,10.714706823388129,10.90268466577558,10.704813054099995,10.863109588623049,8037700.0
2025-04-23,10.991726542308385,11.159916858108398,10.942259579385183,11.080768585205078,7790600.0
2025-04-24,11.0906627687837,11.357787963913392,11.011514492928836,11.308320999145508,7738800.0
2025-04-25,11.308319893568978,11.624912966036185,11.298426124173933,11.605125427246094,9442400.0
2025-04-28,11.58533929739752,11.624913433045736,11.47651066024537,11.5655517578125,5973300.0
2025-04-29,11.525977406606042,11.654593580937837,11.44682913678983,11.624913215637209,6566200.0
2025-04-30,11.466617023753248,11.644701108001383,11.278639169597584,11.615019798278809,9558900.0
2025-05-01,11.61502013306952,11.61502013306952,11.466617354266402,11.525978088378906,6187900.0
2025-05-02,11.624914102564958,11.70406237841982,11.29842722878318,11.308320999145508,8118200.0
2025-05-05,11.080767769194953,11.278638436881655,11.041193635657612,11.13023567199707,8507100.0
2025-05-06,11.05108806363031,11.40725528669598,10.99172638802512,11.377574920654297,6553000.0
2025-05-07,11.377575291641362,11.6051263445837,11.338001154454789,11.446829795837402,6747000.0
2025-05-08,11.397362746568604,11.59523343101837,11.328107299369805,11.555659294128418,7212600.0
2025-05-09,11.694168592841905,11.911826822920514,11.605126546740571,11.812891006469728,10208500.0
2025-05-12,11.931614007379055,11.96129437401938,11.7931040571878,11.822784423828123,8104900.0
2025-05-13,11.84257244953842,11.921720726172644,11.783210770301814,11.862359046936035,5141100.0
2025-05-14,11.88214631416406,11.951400818743338,11.615020179035094,11.68427562713623,7454300.0
2025-05-15,11.694168110871995,11.773316383361816,11.634807378265547,11.773316383361816,5352400.0
2025-05-16,11.773315847387485,11.802997155861314,11.545764810218856,11.575445175170898,10259000.0
2025-05-19,11.63480687221148,11.74363550627104,11.496296929617843,11.654593467712402,6316300.0
2025-05-20,11.615019951359182,11.763423671362462,11.615019951359182,11.74363613128662,5254000.0
2025-05-21,11.72384978221252,11.901932929045053,11.674381874500536,11.763423919677734,9160700.0
2025-05-22,11.783210622082834,11.802998162753426,11.7139561167795,11.733742713928224,4032000.0
2025-05-23,11.70406225912408,11.901932946744404,11.664488121600014,11.842572212219238,4866700.0
2025-05-27,11.921720256509584,11.95140062319767,11.842571982993451,11.901932716369627,4326400.0
2025-05-28,11.872253078814042,12.000869267057157,11.832678939625538,11.961295127868652,6120100.0
2025-05-29,11.921719709649803,12.050335884094238,11.852464265858616,12.050335884094238,6924400.0
2025-05-30,12.030549280496874,12.099803786152297,11.88214649880044,11.97118854522705,9097500.0
2025-06-02,11.911826822920514,12.030549236548335,11.723849903890263,11.812891006469728,8611900.0
2025-06-03,11.822784205944323,11.971187923454682,11.753529703885915,11.882145881652832,5524700.0
2025-06-04,11.892039630757688,11.951400362840708,11.793103819256883,11.802997589111328,4624700.0
2025-06-05,11.832678059490098,12.01076214435311,11.743636017058591,11.773316383361816,6600700.0
2025-06-06,11.921719389064448,11.94150598424285,11.753529084200032,11.793103218078612,4884400.0
2025-06-09,11.783210419848729,11.892040004625414,11.753530052874112,11.872252464294434,4614200.0
2025-06-10,11.832678016327476,12.070122832930798,11.812890476516284,12.04044246673584,6573900.0
2025-06-11,12.060229434389557,12.159165249448334,12.010762470382026,12.109697341918944,6809900.0
2025-06-12,12.08991091512318,12.099803741950762,11.674381995664872,11.812891006469728,9140400.0
2025-06-13,11.763423919677734,11.832678424361394,11.654594334007,11.763423919677734,5725100.0
2025-06-16,11.902518099690724,11.94226030664072,11.82303558080346,11.912453651428224,5138800.0
2025-06-17,11.862776239668111,11.932324150803224,11.773359121076652,11.892582893371582,10746300.0
2025-06-18,11.991936254485156,12.1210955854601,11.882648027124684,11.962130546569824,9770900.0
2025-06-20,12.031676895518755,12.289995544185464,11.982001034049738,12.27012538909912,27163800.0
2025-06-23,12.280059554600442,12.379413169005083,12.210512593020969,12.240318298339844,6341000.0
2025-06-24,12.240318300562556,12.369477620309528,12.131030082702637,12.131030082702637,4993100.0
2025-06-25,12.061482950320793,12.190642268238877,12.051547399517954,12.140965461730955,5850400.0
2025-06-26,12.210512593020969,12.299930656483886,12.170771336760367,12.240318298339844,5008500.0
2025-06-27,12.29993177033812,12.458896809776034,12.270126062320106,12.44896125793457,8020200.0
2025-06-30,12.46883165380538,12.836438523514383,12.46883165380538,12.816567420959473,12951100.0
2025-07-01,12.816566734016597,13.184174531528862,12.786761029288074,13.074885368347168,12925600.0
2025-07-02,13.154368679369837,13.204045488609664,12.737084997765404,12.756956100463867,10630400.0
2025-07-03,12.806632817188335,12.866244229840436,12.737084905752464,12.816567420959473,4141400.0
2025-07-07,12.806633544176249,12.806633544176249,12.43902665359948,12.44896125793457,9746000.0
2025-07-08,12.46883157980814,12.607925506841786,12.339672256486676,12.548314094543455,7522800.0
2025-07-09,12.64766614911728,12.76689086292833,12.498636678112872,12.5284423828125,7622500.0
2025-07-10,12.558250073222124,12.717215108103638,12.468832004224684,12.68740940093994,5848900.0
2025-07-11,12.607925330239343,12.677473240288307,12.488701559806367,12.667537689208984,4084500.0
2025-07-14,12.58805559475779,12.965598020787183,12.578120043347624,12.915921211242676,10525400.0
2025-07-15,12.985467915932617,12.985467915932617,12.846373989002393,12.876179695129396,9600400.0
2025-07-16,12.905986183952974,12.945727443701232,12.85630937239106,12.886116027832031,3037200.0
2025-07-17,12.856308937072754,12.92585684990707,12.826503230147384,12.856308937072754,5853100.0
2025-07-18,12.905985832214355,12.985468349544664,12.786762056218896,12.905985832214355,6848200.0
2025-07-21,12.94572639465332,13.035144458717562,12.876179432606152,12.94572639465332,4758000.0
2025-07-22,13.045079574559766,13.114626534286945,12.96559706415549,13.025208473205566,4139600.0
2025-07-23,13.08482117913957,13.15436814072372,13.025208820991525,13.11462688446045,4885900.0
2025-07-24,13.09475759453112,13.21398137119147,13.04508078404605,13.174240112304688,10758000.0
2025-07-25,13.39281541217426,13.502104575356276,12.786761029325763,12.96559715270996,25566700.0
2025-07-28,12.905984966804688,13.223915962313423,12.697343135926507,12.95566177368164,25205600.0
2025-07-29,12.965597496958374,13.233850741650764,12.955661945949617,13.16430377960205,28752100.0
2025-07-30,13.213980674743652,13.442492664422264,13.035144545425572,13.213980674743652,32766300.0
2025-07-31,11.922388662124638,12.528443078013698,11.465363725509608,12.488701820373535,12951500.0
2025-08-01,12.558249720554253,13.233851099828067,12.270125366046193,12.925856590270996,9689900.0
2025-08-04,12.92585634142594,12.965597598265193,12.22044832189945,12.23038387298584,6560500.0
2025-08-05,12.230384060195146,12.280059921374871,11.46536366994653,11.674005508422852,10124100.0
2025-08-06,11.534910564206765,11.574651821415245,10.799696832096764,10.968597412109377,75616700.0
2025-08-07,11.564716512510834,12.707278298209353,10.50163628887607,11.664069175720217,43086700.0
2025-08-08,11.346139467956998,11.783293283326463,10.312865865941072,10.442025184631348,39967400.0
2025-08-11,10.55131348692965,10.591054743193732,9.88564673387657,10.054547309875488,51349500.0
2025-08-12,10.163836015179823,11.226916329365036,10.074418894926936,10.89905071258545,30385100.0
2025-08-13,11.127562371533894,17.4166231549676,11.077885563456585,14.90298557281494,133664900.0
2025-08-14,14.803632238064806,14.84337349578084,13.58158785266698,14.286995887756348,26039900.0
2025-08-15,14.286995913849829,14.50557330544039,13.571652326148383,13.631264686584473,16703500.0
2025-08-18,13.631263724118847,13.81009889778741,13.144432166199197,13.412686347961426,11959400.0
2025-08-19,13.422623198332,13.581588233655404,12.876180178778048,13.392816543579102,11058900.0
2025-08-20,13.412686611148905,13.969065139328952,13.23385048646491,13.889581680297852,9088500.0
2025-08-21,13.85977660788323,16.19457714861625,13.85977660788323,15.926324844360352,46431500.0
2025-08-22,15.469298535771031,16.53237785734109,15.151368483901024,15.896517753601074,14871600.0
2025-08-25,15.807100381506512,16.29393103161742,15.648135348613671,15.85677719116211,8131600.0
2025-08-26,15.60839332306982,15.807099604417315,15.052014787790544,15.737552642822266,14226800.0
2025-08-27,15.60839406069996,15.60839406069996,14.53537914320806,14.714215278625488,12166100.0
2025-08-28,14.674474195032673,14.932791902311717,14.32673747147493,14.594990730285645,5585000.0
2025-08-29,14.525443593012076,14.694344177030173,14.286996044106408,14.604926109313965,4862800.0
2025-09-02,14.445960479323627,14.565184248846178,14.098223774253135,14.366477966308594,5127200.0
2025-09-03,14.356542497396896,15.210980938453693,14.296931086047906,14.962597846984863,8362700.0
2025-09-04,14.82350376400982,14.942727540562752,14.316802003030094,14.644667625427246,5291800.0
2025-09-05,14.386348284820995,15.081821702890736,14.386348284820995,14.90298557281494,7422200.0
2025-09-08,14.972533045734982,15.141433630448516,14.654602979218376,15.091756820678713,6514800.0
2025-09-09,14.853309101200315,15.36994640089732,14.624797105377176,15.101692199707031,6071100.0
2025-09-10,15.201045469592763,15.687876104102676,14.734084989804526,15.012273788452148,6164300.0
2025-09-11,14.922856857005856,17.46629922850879,13.899517819656907,17.347074508666992,48508800.0
2025-09-12,17.347074322148465,18.74795671142341,16.790696723898474,18.66847419738769,32421300.0
2025-09-15,18.72824433242501,18.977290144824646,18.15045812366061,18.50908470153809,11157400.0
2025-09-16,18.519046501663507,18.548932682756018,17.383398221110454,17.463092803955078,9622700.0
2025-09-17,17.572670581572858,18.240113384164523,17.502938063402905,17.85160255432129,7332400.0
2025-09-18,17.931297043001432,18.080724138346056,17.59259461351703,17.81175422668457,5567000.0
2025-09-19,17.93129734284763,19.15660220525908,17.632443147160956,18.84778594970703,21734800.0
2025-09-22,18.84778722369159,19.226336023819982,18.409466060330733,18.538970947265625,13813100.0
2025-09-23,18.61866408866669,20.780381656265213,18.220191198340185,19.654693603515625,23432200.0
2025-09-24,19.50526713684528,19.97347256058555,18.927480952201865,19.04702377319336,11908400.0
2025-09-25,18.658510634213105,19.2661829862308,18.529007655949137,18.85774803161621,7548200.0
2025-09-26,18.83782388984166,19.06694556653935,18.608702213143967,18.84778594970703,4528900.0
2025-09-29,19.09683295294179,19.62481075875985,18.240114751066496,19.425573348999023,8183600.0
2025-09-30,19.23629678411343,20.013320352994874,18.7979775504488,18.84778594970703,11997100.0
2025-10-01,18.807937644149128,19.05698343970235,18.52900756917344,18.81789970397949,4903000.0
2025-10-02,18.83782518485612,19.0769089378551,18.538970968624582,18.548933029174805,4635400.0
2025-10-03,18.52900798522914,19.375764089137125,18.52900798522914,19.01713752746582,12239000.0
2025-10-06,19.06694600784985,19.146640588548767,18.60870264384829,19.056983947753903,10251200.0
2025-10-07,19.01713823982,19.14664122523636,18.160420043766543,18.43935203552246,5035200.0
2025-10-08,18.30984712869473,18.797978588715797,18.070763378926376,18.42938995361328,8336300.0
2025-10-09,18.42938882582361,18.578815922776023,17.831678537945336,17.901411056518555,4697900.0
2025-10-10,18.03091577496504,18.03091577496504,16.8255331500293,16.93511390686035,6055600.0
2025-10-13,17.064617098065888,17.473053951381768,16.97496235961014,17.034732818603516,4426700.0
2025-10-14,16.895266277821573,17.373435661209275,16.56652589553116,17.224008560180664,4230800.0
2025-10-15,17.204084728433582,17.61251969812415,17.014809383921047,17.363473892211914,3790100.0
2025-10-16,17.28378013451203,17.363474720201488,16.696031852526467,16.83549690246582,4354500.0
2025-10-17,16.715955712907952,16.925153284549882,16.446985777880812,16.70599365234375,4216200.0
2025-10-20,16.865381366789244,17.02477052193346,16.586449395252558,16.925151824951172,2422000.0
2025-10-21,17.084541899643305,17.224008842952532,16.387214783372,16.446985244750977,4350700.0
2025-10-22,16.407137125772657,16.66614499376556,16.217863679987193,16.506755828857422,2655200.0
2025-10-23,16.506755618932118,16.805611724385706,16.397174856925602,16.407136917114258,3585500.0
2025-10-24,16.6262989613655,16.825534471166623,16.516718195930192,16.65618324279785,2239000.0
2025-10-27,16.74583957621963,16.865382399935093,16.297558262441264,16.506755828857422,3798300.0
2025-10-28,16.49679300412769,16.49679300412769,16.0485117111214,16.148128509521484,3481800.0
2025-10-29,16.148128773500144,16.217863193616264,15.749656823214265,15.81938934326172,4414400.0
2025-10-30,15.729732775273082,15.799465295640132,15.31133575300211,15.400992393493652,4880200.0
2025-10-31,15.321297667510422,15.590266636395478,15.231641027870628,15.331259727478027,6730500.0
2025-11-03,15.30137360951798,15.410954369536588,14.8132440695412,15.36114501953125,6608200.0
2025-11-04,15.151947214726992,15.381068905367092,14.733550175264364,14.78335952758789,7350400.0
2025-11-05,14.793321155476718,15.281450703897892,14.773397035116172,15.032404899597168,6114600.0
2025-11-06,15.032405255451776,15.341221528075891,14.673778680747164,14.743512153625488,6506000.0
2025-11-07,14.604045833284678,15.22167931483853,14.594083773090016,15.042366981506348,9772900.0
2025-11-10,15.07225252076542,15.261526918168975,14.912863354523608,15.191794395446776,13006300.0
2025-11-11,16.148129599153524,17.094504448362226,15.948894088840849,16.67610740661621,15858700.0
2025-11-12,16.496793593395857,16.536641834234185,15.211718227459032,15.51057243347168,12218000.0
2025-11-13,15.420915372886284,15.729732580756677,15.231640984215888,15.311335563659668,5957600.0
2025-11-14,15.22167956314644,15.70981007026984,14.99255787513768,15.620153427124023,6226900.0
2025-11-17,15.660000818934613,15.86919933760483,15.54045894398511,15.669961929321287,7821900.0
2025-11-18,15.640075563383988,16.247746954465168,15.191793327338244,16.028587341308594,10117500.0
2025-11-19,15.919007188851236,16.08835841001215,15.391030355250097,15.410954475402832,7942600.0
2025-11-20,15.520534723621036,16.237785968718832,15.460764261546736,15.620153427124023,8946300.0
2025-11-21,15.640076084731271,15.97877947552339,15.400992344208484,15.829351425170898,5483100.0
2025-11-24,15.829351598427582,15.83931270853264,14.942748196741867,15.002519607543944,13558300.0
2025-11-25,15.092175548625075,15.610191284040392,15.042367147171907,15.58030605316162,4552500.0
2025-11-26,15.62015270467016,15.789503922771887,15.391030077224276,15.729732513427734,6666200.0
2025-11-28,15.739695054714897,15.968817689168382,15.430877838721337,15.958855628967283,2774900.0
2025-12-01,15.749657423068626,15.839313116529624,15.440840201032849,15.650038719177246,4571600.0
2025-12-02,15.650037996289514,15.9887394837997,15.44083948780816,15.759617805480955,6446300.0
2025-12-03,15.739695105239072,15.769580335903944,14.58412271916423,14.614007949829102,9614700.0
2025-12-04,14.57416096553106,14.85309200768463,14.195611219019742,14.763435363769531,7527200.0
2025-12-05,14.355000252075657,14.355000252075657,13.14961850075449,13.3189697265625,27103900.0
2025-12-08,14.02625949412249,14.70366437964521,13.478358539657606,14.514389038085938,39522900.0
2025-12-09,14.364962083742492,14.753473880887904,13.916679825518926,14.58412265777588,15404800.0
2025-12-10,14.623970114518116,15.24160360286511,14.494466180666176,14.663817405700684,14626200.0
2025-12-11,14.753473742454236,14.972633364396872,13.99637427564966,14.066106796264648,19132600.0
2025-12-12,14.036221727617088,14.185648830665215,13.65767198985623,13.687557220458984,10241500.0
2025-12-15,13.727404084681323,13.94656465237105,13.418587827969471,13.936602592468262,6609300.0
2025-12-16,13.8070993244564,13.92664119890655,13.458435761485385,13.797138214111328,7513000.0
2025-12-17,13.498282436974144,13.528167666714277,13.010152901069912,13.050000190734863,12883200.0
2025-12-18,13.109999656677246,13.239999771118164,12.949999809265137,13.010000228881836,7405300.0
2025-12-19,12.949999809265137,13.140000343322754,12.869999885559082,13.050000190734863,23333000.0
