date,open,high,low,close,volume
2015-12-21,48.67091954151634,49.03345689982394,48.29931676121991,48.7706184387207,2221500.0
2015-12-22,49.19658878332864,49.44130325994311,48.76154197738446,49.22378158569336,2574100.0
2015-12-23,49.39598070327602,49.604440390433226,48.67996474035934,49.2509651184082,2010100.0
2015-12-24,49.30536459578872,49.468507618309104,48.95188574203091,49.241920471191406,597300.0
2015-12-28,49.006244956610914,49.48660837720501,48.86122938865172,49.2962760925293,1226700.0
2015-12-29,48.20867469636235,50.42922917720189,48.20867469636235,49.79478454589844,1298200.0
2015-12-30,49.812909792659234,50.11200643959465,49.43224510468136,49.44130706787109,1205000.0
2015-12-31,49.3416155559804,49.4322524886414,48.761553016731874,48.7706184387207,1471700.0
2016-01-04,48.03647122885385,49.278167724609375,47.583296971977866,49.278167724609375,4145700.0
2016-01-05,49.27816423082159,50.00324229892659,49.10595927009821,49.60445022583008,3029200.0
2016-01-06,48.97000498835577,49.42317920725951,48.30837104364969,48.84311676025391,2533700.0
2016-01-07,48.00927954246434,49.94886471427248,47.583294655357776,48.72529220581055,3774700.0
2016-01-08,48.7978084196617,48.7978084196617,47.093872095541215,47.22076034545898,2830900.0
2016-01-11,47.60141566394796,47.918636202850735,47.02135327427171,47.66485977172852,2261900.0
2016-01-12,48.50776184337938,49.72226871400473,48.408062976340496,49.35066604614258,3878800.0
2016-01-13,49.178463324340136,49.187528744631166,47.19356154631664,47.30232238769531,3565100.0
2016-01-14,47.51078458117006,48.37181630907086,46.87634342555946,47.87332534790039,3212600.0
2016-01-15,46.41410911578309,47.79175934745581,46.41410911578309,47.39296722412109,3656500.0
2016-01-19,47.93676949022003,48.17242202595978,47.202629450476536,47.65580368041992,3279000.0
2016-01-20,47.121049918949176,47.88238263378178,45.698079898624506,47.29325485229492,4108700.0
2016-01-21,47.4201411235627,47.74642705336038,47.048538471836295,47.33856964111328,3216200.0
2016-01-22,48.00021075274473,49.18752840930393,47.80081645448398,49.0697021484375,2638200.0
2016-01-25,49.01533454883147,49.260045631281216,48.39901721667563,48.598411560058594,2208400.0
2016-01-26,48.5077768698497,49.37787068499473,48.21774559813469,49.241920471191406,2145000.0
2016-01-27,49.278146100486126,49.68600344418852,48.40805273888347,48.74340057373047,2477000.0
2016-01-28,49.178472561657,49.33255361854262,48.2449346281313,48.89750671386719,2176800.0
2016-01-29,49.187533579740894,51.04554731589029,48.942819069499976,50.99116516113281,3492100.0
2016-02-01,50.991173060742014,51.83407757411827,50.61957025594301,51.4443473815918,4299200.0
2016-02-02,51.01834694525792,51.834058345723314,50.47453588750326,51.226806640625,3145800.0
2016-02-03,51.46246206655693,51.58935029188304,49.341606630184494,49.93979644775391,3431400.0
2016-02-04,49.34161388051045,49.6588379478839,48.35369382144742,49.37786865234375,4135900.0
2016-02-05,49.13314952065453,49.16940428908766,48.045530669775566,48.32649993896485,4347200.0
2016-02-08,47.737377908871146,48.58028236239205,47.22982491832639,48.3355712890625,3809900.0
2016-02-09,47.98208175636254,49.72227243526893,47.83706615457406,49.42317581176758,3878400.0
2016-02-10,49.36879475938919,50.42922064844844,48.77060499845832,48.797794342041016,3474200.0
2016-02-11,48.23586608352143,48.589341429260784,47.27513547251716,47.63767623901367,3467900.0
2016-02-12,48.27212378957748,48.9972054186334,47.4110954056031,48.71623611450195,2643100.0
2016-02-16,49.24192257881885,50.85522202896589,49.16035106406727,49.84917449951172,4148200.0
2016-02-17,50.32046275038584,50.62862133958542,49.758527719767095,49.91260528564453,4409600.0
2016-02-18,49.64070316814176,49.94886176793497,49.205656343276885,49.68601989746094,3221000.0
2016-02-19,49.386936020990206,49.60445774567468,48.58028287440263,49.56820297241211,3180700.0
2016-02-22,50.13918891821084,50.565173736118,49.86728511298169,50.238887786865234,3040400.0
2016-02-23,49.94886395738991,50.75551352994244,49.87635442134498,50.166385650634766,3101300.0
2016-02-24,50.07574547661675,51.099920062594016,49.70414279780299,50.98209381103516,3838800.0
2016-02-25,51.25401512068041,51.453412928719565,50.49268212151215,51.24495315551758,2804700.0
2016-02-26,51.453410869400166,51.49872760829199,50.429235974706415,51.01836395263672,2443600.0
2016-02-29,50.846144874237154,51.272129737141626,49.7766534642456,49.83103561401367,6074900.0
2016-03-01,50.25702706133885,51.235881683294856,50.17545555472208,50.9639778137207,5119700.0
2016-03-02,52.43225691905894,53.402049492647954,51.43527499810884,52.33256149291992,8993600.0
2016-03-03,52.81291139891377,52.957926976377856,50.81894461569944,52.43224334716797,4220300.0
2016-03-04,52.3234878382038,52.395997363016136,51.75248743136219,52.042518615722656,3673400.0
2016-03-07,52.22379485403611,53.87334869747279,51.8884469076086,52.1422233581543,3128300.0
2016-03-08,52.03345689081365,52.65883598666817,51.87031391668735,52.00626754760742,2346700.0
2016-03-09,51.15428968685872,52.08783065697593,50.98208477850889,51.28118133544922,3208400.0
2016-03-10,51.13129119520463,52.29419430081393,51.022270220393054,51.97621154785156,3016500.0
2016-03-11,52.63942203539682,52.78478447400832,51.97620569262475,52.6575927734375,2369700.0
2016-03-14,52.630335315498506,52.96648528527041,52.46680214842812,52.8483772277832,1551000.0
2016-03-15,52.55766675881385,53.14820374223567,52.55766675881385,52.81205368041992,1784100.0
2016-03-16,52.55765422975458,52.966487161915815,52.17607913687999,52.77569961547852,2502300.0
2016-03-17,52.68485706174579,53.21179466656454,52.38504504594985,53.17545318603516,2112100.0
2016-03-18,53.420741984037576,54.22023706253125,53.14818786760285,53.875,4666700.0
2016-03-21,53.46616597374692,53.70238207790434,52.88471627999566,53.084590911865234,2361100.0
2016-03-22,53.47525907737968,53.51160055374692,52.7393597766557,52.802955627441406,2242200.0
2016-03-23,52.730283561290285,53.06643360070972,52.34870493716155,52.85747528076172,1281200.0
2016-03-24,53.01191716059176,53.1481959724478,51.67640074668767,52.15791320800781,2527400.0
2016-03-28,52.27602035051543,52.684853313095765,52.05797494856789,52.32144546508789,2035400.0
2016-03-29,52.42137889617673,52.82112472667114,52.239674985692425,52.77569961547852,2081200.0
2016-03-30,52.93923084419689,53.22995570400964,52.36686476019081,53.00282669067383,1830100.0
2016-03-31,53.00283425174574,53.393496487670006,52.55765979718755,52.60308837890625,1977700.0
2016-04-01,52.59399592768954,53.41166179547419,52.34869616735415,53.27538299560547,2307600.0
2016-04-04,53.48434461488648,53.61153632097933,53.066428018948805,53.28447341918945,2941100.0
2016-04-05,52.403213709629405,53.166367441933296,52.24876415635706,52.60308837890625,2314400.0
2016-04-06,52.748444560989824,53.411660879839495,52.43046185531859,53.13910675048828,1797600.0
2016-04-07,52.7757116984058,53.17545762042149,51.24032040800103,51.51287460327149,2996700.0
2016-04-08,51.485601570818766,51.60370962469249,51.04043065852438,51.3584098815918,1937400.0
2016-04-11,51.35842397497806,51.71274476811564,50.88599509555642,50.92233657836914,1966400.0
2016-04-12,51.0222606385675,51.32207259513845,50.368127981113545,51.2493896484375,1554000.0
2016-04-13,51.49470946570733,51.8126888171764,50.97685539862055,51.74000930786133,1751200.0
2016-04-14,51.29481368510014,51.84900901211328,50.89506788374138,51.76724243164063,2681200.0
2016-04-15,51.93079691874277,52.09433014684544,51.5219638484861,51.74000930786133,1945600.0
2016-04-18,51.72182402741552,52.603085790539446,51.55829084527471,52.48497772216797,2095300.0
2016-04-19,52.64850050191049,52.73935071149879,51.97619716753177,52.26692199707031,1506600.0
2016-04-20,52.24876477778193,52.394127230153735,51.83084816042728,52.13974380493164,2033300.0
2016-04-21,52.357779786456376,52.78477996392949,51.96711761624589,52.012542724609375,2286500.0
2016-04-22,51.93985751306988,52.13973214000714,51.33115346298054,51.485599517822266,2286300.0
2016-04-25,51.50378959771172,51.89445189760973,51.0041063084071,51.785430908203125,2073600.0
2016-04-26,51.90353938102504,52.54858514949055,51.66732319225061,52.33053970336914,1577900.0
2016-04-27,52.32144462708231,52.975577356733936,51.90352803456667,52.88472366333008,1918200.0
2016-04-28,52.68485590196404,52.9028978489118,52.06706460942161,52.1851692199707,2032500.0
2016-04-29,51.730899376991445,51.876261797195774,50.94049143373747,51.58553695678711,2940500.0
2016-05-02,51.84901664896329,52.494062286748886,51.49469590329837,52.32144546508789,1267900.0
2016-05-03,52.03979740305327,52.41228883897001,51.4765184314578,52.05796813964844,1499300.0
2016-05-04,51.73999597771633,52.512233327021335,51.50377983544164,52.36687088012695,1661000.0
2016-05-05,52.24875960100454,52.603083792661664,51.27664764726298,51.30390548706055,1897000.0
2016-05-06,50.43172418812423,51.86718120433479,50.43172418812423,51.8490104675293,2074900.0
2016-05-09,52.53039883150998,53.02099834053369,51.71273298313713,52.83929443359375,2305200.0
2016-05-10,52.911980695978336,53.14819336379215,51.99437746804295,52.294189453125,2393700.0
2016-05-11,50.33178798269736,50.72245014147894,49.45052635023005,49.45960998535156,5519400.0
2016-05-12,49.55048377216709,50.28637981560056,48.94177600061387,50.05016708374024,3635400.0
2016-05-13,50.050155238517874,50.54983843183247,49.3142559035326,49.3505973815918,3385100.0
2016-05-16,49.214323773239535,50.81331431970213,49.059877673735535,50.64069747924805,3181800.0
2016-05-17,51.50376148307325,51.97619013356771,49.18704679496056,49.53228378295898,4934200.0
2016-05-18,49.16889049517923,49.69583149815345,48.46024904428248,49.34151077270508,3216600.0
2016-05-19,49.6322436935662,50.74971826485773,49.62315659026872,50.44082260131836,5564900.0
2016-05-20,47.28826943654301,49.01445167290376,47.242844317841815,47.688018798828125,11595400.0
2016-05-23,47.72434772653529,48.19677649563802,47.397281389024656,47.60624313354492,4340400.0
2016-05-24,47.82429131157327,48.65104089935313,47.71527034002928,48.478424072265625,3007700.0
2016-05-25,48.41482470896224,48.95084935664583,47.98782102492383,48.52384567260742,2900800.0
2016-05-26,48.796394286464185,49.45961056088412,48.64194822760676,48.95084381103516,2568400.0
2016-05-27,49.12347288374317,49.26883534370457,48.68738550385897,48.9871940612793,2254700.0
2016-05-31,49.4323587607956,49.459613133608464,48.205863464224585,48.5147590637207,3004400.0
2016-06-01,48.57836160221952,48.94176599739875,48.38757056910766,48.42391204833984,2197100.0
2016-06-02,48.46024571732041,48.85090789181855,48.33305402622123,48.77822494506836,2215900.0
2016-06-03,48.70081701370116,48.70081701370116,48.154331114908416,48.35470962524414,2591100.0
2016-06-06,48.45488653566516,48.59150536971937,47.41656810927478,47.67159271240234,3106800.0
2016-06-07,47.70803548703314,48.63705834009683,47.607846237028674,48.43667984008789,3828200.0
2016-06-08,48.491329622193895,48.81011044189352,48.26362804399407,48.68259811401367,2442100.0
2016-06-09,48.564187949981374,49.638939580318585,48.20897407586908,49.383914947509766,4723900.0
2016-06-10,48.81921580704269,49.11978355080403,48.509541529129606,48.84654235839844,2859300.0
2016-06-13,48.77366723194256,49.04690837417775,48.300047630658405,48.76456069946289,3103300.0
2016-06-14,48.72813723283316,49.20175692754427,48.482219113976406,49.08335113525391,3433700.0
2016-06-15,49.10156802605288,49.784672758454526,49.01959531918666,49.47499847412109,3625200.0
2016-06-16,49.30196545362083,49.7027191330148,49.18355961503446,49.5752067565918,2272500.0
2016-06-17,49.465896888279296,49.62984231841259,49.10157293810516,49.41124725341797,3557500.0
2016-06-20,49.82109904615954,50.322041753339,49.32926287207794,49.36569595336914,2152700.0
2016-06-21,49.465892750098526,50.07613131997104,49.32016387711029,49.95772552490234,2765000.0
2016-06-22,49.91220424777427,50.303851389331605,49.31107199145747,49.5752067565918,2981600.0
2016-06-23,49.81199815995514,50.07613283600866,49.01959760624508,49.24729919433594,2249000.0
2016-06-24,48.04505179001976,50.04882715672135,48.04505179001976,49.56609725952149,5501500.0
2016-06-27,49.45679740917382,49.97595689032114,48.582423911920586,49.866661071777344,4214900.0
2016-06-28,49.802886411448775,50.50420764628311,49.64804754104242,50.40401840209961,2825300.0
2016-06-29,50.586184516225366,51.314828886979605,50.586184516225366,50.79566955566406,3042300.0
2016-06-30,50.87763856313674,51.67003904153104,50.64993699668837,51.63360595703125,2604500.0
2016-07-01,51.5060984273978,52.12544702371203,51.15088450660444,51.32393646240234,1959700.0
2016-07-05,51.17820707471361,51.48788136978124,50.90496586717169,51.333045959472656,1577300.0
2016-07-06,51.314814609275125,51.73378457157937,50.99603387153265,51.72467803955078,2822300.0
2016-07-07,51.48787883177828,51.742906957436645,51.28750380916491,51.51520538330078,1762000.0
2016-07-08,51.91596613094173,53.0271510792528,51.64272489882693,52.99982452392578,2466200.0
2016-07-11,52.97249938451334,53.1182282676082,52.47155656602795,52.88142013549805,2868600.0
2016-07-12,53.03625153439226,53.15465732869934,52.46244258061991,52.735687255859375,3131200.0
2016-07-13,53.03626075061824,53.29128545241088,52.55353442952477,52.86320877075195,2238000.0
2016-07-14,53.0453568166536,53.063569883893,52.64459984838546,52.84497833251953,1861900.0
2016-07-15,53.13644687720857,53.13644687720857,52.72658329181098,52.99982452392578,2187000.0
2016-07-18,53.20019562649453,54.07456883705128,53.11822292085169,53.69203186035156,2184600.0
2016-07-19,53.63737910266066,54.00170298969709,53.5736229435968,53.928836822509766,2208300.0
2016-07-20,53.93795441355015,54.19297908565847,53.792225533138165,54.02903366088867,1751400.0
2016-07-21,54.02902937438992,54.19297478615279,53.64649239657675,53.937950134277344,1570400.0
2016-07-22,54.28405097506505,54.82142680020512,53.855974401256944,54.62105178833008,1976700.0
2016-07-25,54.57551116628935,55.79599173246352,54.493541935755886,55.67758941650391,2775000.0
2016-07-26,55.59562167462175,56.48821150054383,55.59562167462175,56.451778411865234,3674900.0
2016-07-27,56.31515903099064,56.788775281720845,55.76867312911261,55.91440200805664,3415900.0
2016-07-28,55.92350499971634,56.19674617914197,55.46810187585693,55.85974884033203,2405700.0
2016-07-29,55.84153533777104,56.36980118348621,55.63205030632792,56.31515502929688,2159300.0
2016-08-01,56.21497190380688,56.48821312786677,55.63205636595897,56.08745956420898,2103400.0
2016-08-02,55.89618199821464,56.15121012639239,54.94894608103409,55.26772689819336,2118600.0
2016-08-03,54.83965882570796,55.85065460205078,54.25674321848894,55.85065460205078,2520500.0
2016-08-04,55.959927189970905,56.2878179515905,55.71400911875621,56.005470275878906,2060500.0
2016-08-05,56.224066807223295,56.59749721355397,56.005475262978486,56.3333625793457,2157400.0
2016-08-08,56.30604811790821,56.360697749554,55.777782243134254,56.02369689941406,2294000.0
2016-08-09,56.05101997354716,56.18763883250638,55.17664676818721,55.37702178955078,3192700.0
2016-08-10,55.57740891933559,55.85976016416844,55.103789157576045,55.61384201049805,2595400.0
2016-08-11,56.21496404412205,56.80698603440323,55.64115512170783,56.433555603027344,2441700.0
2016-08-12,56.014580550398215,57.50830214249685,55.83241861794597,57.49008560180664,3110400.0
2016-08-15,57.68136983042559,57.94550104058021,57.39901860124924,57.581180572509766,3216200.0
2016-08-16,56.77055508801883,57.44454976563833,56.30604195599043,56.35158157348633,4645500.0
2016-08-17,56.360695742504205,56.81609889998367,56.178533784622346,56.74323272705078,2979800.0
2016-08-18,56.91630090604922,57.97283632920364,56.74324544377535,57.271514892578125,4835300.0
2016-08-19,58.74700409050953,60.36823813033055,58.47375943145865,59.25705337524414,7260000.0
2016-08-22,59.26616803691246,59.43922346449228,58.62860638093558,58.70146560668945,4935700.0
2016-08-23,58.98381224786583,59.17508071856017,58.44643296923893,58.56484222412109,2887600.0
2016-08-24,58.44643606851371,58.57394838907161,57.98192640441706,58.17319488525391,2419000.0
2016-08-25,58.136759452988,58.3098078998998,57.28970943760002,57.75421905517578,3492000.0
2016-08-26,57.79975759797908,58.20051452868668,57.33524798900861,57.61759567260742,2222500.0
2016-08-29,57.59028333464388,57.93639070991921,57.29882558950162,57.480987548828125,2540300.0
2016-08-30,57.29882513508778,57.45366401534498,56.54285770038606,56.74323272705078,2190700.0
2016-08-31,56.79343136850115,56.97598541432336,56.42831631286627,56.81168746948242,2603900.0
2016-09-01,57.01250075382922,57.05813926779639,56.254891672387245,56.93947982788086,1813500.0
2016-09-02,57.094659265570606,57.35936755750815,56.711291517519726,57.25896072387695,1316600.0
2016-09-06,57.07639279012453,57.27720642089844,56.43744665947168,57.27720642089844,2361300.0
2016-09-07,56.68390645926371,57.53279617908615,56.68390645926371,57.37762451171875,2233200.0
2016-09-08,57.17680392845858,57.50540681020762,57.00337617731127,57.24982833862305,2082900.0
2016-09-09,56.775186171779005,56.97599635715015,55.46990429788504,55.47903060913086,3021000.0
2016-09-12,55.55204621034862,56.40093578331349,55.48815159578097,56.327911376953125,2244100.0
2016-09-13,56.05406113085917,56.59260379007677,55.50639216439811,55.834991455078125,2409700.0
2016-09-14,55.83500758130568,56.236634855902906,55.71634814289774,55.95367050170898,1897900.0
2016-09-15,55.76198684344361,56.674771042234966,55.53379079374577,56.54698181152344,1846300.0
2016-09-16,56.4191953508334,56.61087920631182,55.96280322903017,56.52872848510742,2934300.0
2016-09-19,56.65651703088118,57.331978894987344,56.52872779545461,57.07639694213867,2338900.0
2016-09-20,57.08551535259989,57.51452148856827,56.930340253381246,57.42324447631836,2621600.0
2016-09-21,57.92528169218832,57.92528169218832,57.04900973828708,57.82487487792969,2288200.0
2016-09-22,58.03481747865716,58.673763593109925,57.96179307586532,58.39992904663086,2083200.0
2016-09-23,58.03483156115454,58.98412813582994,58.03483156115454,58.65552520751953,1814500.0
2016-09-26,58.52772592185375,58.655515153849805,57.943541103878985,58.19911956787109,1762800.0
2016-09-27,58.089593131111776,58.9658652360472,58.089593131111776,58.7741813659668,2200700.0
2016-09-28,58.865444731705146,58.883704313562085,57.71533829636406,57.89789581298828,2197700.0
2016-09-29,57.87964318079673,58.37254746061438,57.67882955227948,57.82487487792969,1982000.0
2016-09-30,58.299527071073925,58.90196451611197,57.98918029744854,58.6920280456543,2042000.0
2016-10-03,58.39080602600991,59.01149955671906,58.18086607915173,58.62813186645508,2091100.0
2016-10-04,58.54598857675205,59.04802276277963,58.436451945984565,58.65552520751953,1597500.0
2016-10-05,58.64639123327239,59.69609457032382,58.63726144036126,58.8563346862793,2318300.0
2016-10-06,58.63725781631747,58.91109587479484,58.26301989798892,58.75592422485352,1757300.0
2016-10-07,59.029756207523214,59.59568495369576,58.37255391047747,58.673770904541016,1945200.0
2016-10-10,59.03888181639846,59.32184268743797,58.491212694003295,58.60074234008789,1823500.0
2016-10-11,58.5550983818499,58.56422817229531,57.99829955250436,58.18998336791992,1944600.0
2016-10-12,58.34515364324454,59.285320081791575,58.28125903957599,59.23968505859375,2141500.0
2016-10-13,58.9841265227851,59.17581039839216,58.46383972785395,59.15755081176758,2001800.0
2016-10-14,59.27621600773418,59.45877008625593,58.91110088669896,59.02063751220703,1626700.0
2016-10-17,59.05714227456288,59.3766223553552,58.673774534402064,58.7741813659668,2152200.0
2016-10-18,59.02063322097381,59.23969949207053,57.99831234920377,58.00743865966797,2262700.0
2016-10-19,58.965861606589336,58.965861606589336,57.532790601727335,57.83401107788086,3019000.0
2016-10-20,57.93440697047549,58.418181421130846,57.72446704883269,57.879638671875,2042300.0
2016-10-21,57.67884181501423,57.88878179764572,57.29547405942525,57.87052917480469,1799900.0
2016-10-24,58.1717320884125,58.35428961050194,57.63318931334596,57.86138534545898,2108100.0
2016-10-25,57.54190706639717,57.80661527528196,57.10377114237829,57.62405776977539,1758000.0
2016-10-26,57.5601682303268,58.39992795476147,57.50539992925689,57.9617919921875,2040000.0
2016-10-27,57.96179945957538,58.07133259383157,56.665647505223056,56.875587463378906,2235800.0
2016-10-28,56.76605103025294,57.09465391607713,56.39180962850774,56.84820175170898,2324700.0
2016-10-31,56.98511869215308,57.11290792484485,56.50134417353555,57.08552551269531,3182600.0
2016-11-01,56.95773575131116,57.22244052428902,56.42831924136462,56.69302749633789,3157900.0
2016-11-02,56.75692211209069,56.966862061277816,56.437449033326686,56.69302749633789,1842700.0
2016-11-03,56.88470586275451,56.94860047235107,55.86238862721454,55.93540954589844,2118300.0
2016-11-04,55.70722730821255,56.72041848550101,55.70722730821255,56.044960021972656,2293800.0
2016-11-07,56.510463455227935,57.39586514589458,56.25488502163138,57.13115692138672,3191900.0
2016-11-08,57.13116594053318,58.13522721559529,56.85733136387947,57.36848831176758,2801700.0
2016-11-09,56.1636196609204,57.50541376296154,55.67984507207387,57.37762451171875,2880800.0
2016-11-10,57.62405380658394,59.00235608847361,57.44149631363307,57.72446060180664,3491200.0
2016-11-11,57.62406216920104,58.32690635576478,57.06726330179373,58.08958053588867,3390500.0
2016-11-14,58.171748271817926,58.84721024686414,58.02570290991551,58.05308532714844,3865000.0
2016-11-15,58.418184539078574,58.42731433033008,56.57436017172449,57.58755111694336,4099800.0
2016-11-16,57.587557184116434,58.50033793171098,57.43238205444846,58.29040145874024,3744500.0
2016-11-17,58.518606174347056,59.81475830078125,57.6058218097046,59.81475830078125,4038300.0
2016-11-18,61.813749835193015,62.83606372684281,60.79142897955214,62.06932830810547,6999100.0
2016-11-21,62.087587005209,62.39793729839863,61.66770704947508,62.00543975830078,4024500.0
2016-11-22,62.66263322229008,63.72145921386592,62.571356200187225,62.92734146118164,7715400.0
2016-11-23,62.80867320341848,63.65756271539856,62.55309476350881,63.21030044555664,2832500.0
2016-11-25,63.48412603954552,63.48412603954552,62.85430289021754,63.01860427856445,1036400.0
2016-11-28,62.79044299513704,62.98212689348156,62.33405077127123,62.397945404052734,2693800.0
2016-11-29,62.61698201557768,62.84517801925252,62.26099680696408,62.589599609375,2221300.0
2016-11-30,62.48007862396447,62.72653426931566,61.68596078981114,61.69508361816406,4411600.0
2016-12-01,61.57642330500359,62.02368562767629,61.23869063294974,61.50339889526367,2925100.0
2016-12-02,61.56729662566248,61.95979414287063,61.329977727995306,61.48514938354492,2248700.0
2016-12-05,61.91045152531628,62.12080961110839,61.16046556688566,61.41655731201172,2765700.0
2016-12-06,61.51715850830078,61.73666469560747,61.004968100617326,61.51715850830078,2626200.0
2016-12-07,61.626906510251935,62.46835966599993,61.3250881272955,62.4317741394043,2360200.0
2016-12-08,62.31286420769712,62.59640027054095,61.70922051443224,61.919578552246094,2451300.0
2016-12-09,61.99276688912533,61.99276688912533,61.19705420889796,61.84643173217773,2198400.0
2016-12-12,61.690937430085576,62.02020023413037,61.28851054134597,61.63606262207031,1786700.0
2016-12-13,61.91046038443105,62.82507787817426,61.681806010995246,62.44093322753906,2698600.0
2016-12-14,62.55983272534544,62.61470753741887,61.47143576604185,61.68180084228516,2827300.0
2016-12-15,61.901287264020006,62.13908967021813,61.34337025984836,61.52629089355469,3236900.0
2016-12-16,61.72750682606084,63.59332656860352,61.54458619517372,63.59332656860352,11132700.0
2016-12-19,63.10860210005179,63.32810832743576,62.50495125227444,62.5689811706543,4173800.0
2016-12-20,62.66956958660084,63.10858892771162,62.32201755095426,62.58725738525391,3205900.0
2016-12-21,62.6055561960341,62.86165492117845,62.16654376602588,62.1939811706543,2105700.0
2016-12-22,62.0384845882128,62.15738230876378,61.27020253349231,61.37995910644531,2058500.0
2016-12-23,61.41654463076298,61.80983029470883,61.34337358212764,61.37995910644531,1411300.0
2016-12-27,61.51716578016506,61.92874080226384,61.40740918454959,61.41655731201172,1266400.0
2016-12-28,61.535454620015535,61.818983767537325,60.79461679430935,60.8403434753418,1808600.0
2016-12-29,60.81289366796141,61.407396223943984,60.62082489965478,60.70314407348633,1670200.0
2016-12-30,60.99583410563284,61.24277772306673,59.898289084430616,59.99889755249024,2776900.0
2017-01-03,60.38304236046054,61.251933144630165,59.80683586584682,60.00805282592773,3023800.0
2017-01-04,60.05379259266015,61.05987051731356,60.01720705274825,60.867801666259766,2970600.0
2017-01-05,60.10865230832954,60.90436492302277,59.95316903626035,60.08121490478516,2798800.0
2017-01-06,60.17264650027187,60.35556708851083,59.68790066126277,59.73362731933594,2183200.0
2017-01-09,59.69706676120971,60.34645117025792,59.69706676120971,59.861698150634766,2182200.0
2017-01-10,59.73365595678647,61.46228216288163,59.68792927679106,61.06899642944336,3020300.0
2017-01-11,61.08730792775293,61.47144562986052,60.43793029476774,60.867801666259766,1919600.0
2017-01-12,60.68485933099715,60.99583285625997,60.28243244497824,60.90436553955078,1209900.0
2017-01-13,60.83120204744258,61.36167480844576,60.81290579273203,61.21533966064453,1418100.0
2017-01-17,61.18788605511335,62.52322619836768,61.10556688666576,61.389102935791016,1611900.0
2017-01-18,61.64520536329081,61.64520536329081,61.02326534087752,61.187896728515625,1935500.0
2017-01-19,61.06898942683574,61.27935446021744,60.20925397495467,60.32815170288086,1469300.0
2017-01-20,60.62083400860888,60.76717612719883,59.88914434958794,60.364742279052734,1732700.0
2017-01-23,60.19096867516209,60.42877115226125,59.34952234447517,59.55073928833008,2048800.0
2017-01-24,59.62390485171235,60.56595956737792,59.62390485171235,60.46535110473633,1676500.0
2017-01-25,60.67570373849442,60.82204584484268,60.09949739519348,60.32815170288086,2194100.0
2017-01-26,60.49276310238683,60.684831820045616,59.9256980945561,59.97143173217773,2090500.0
2017-01-27,60.20010598585977,60.24583963869164,59.39524533303919,59.75194549560547,1967600.0
2017-01-30,59.687925995445305,60.07206358057592,59.15744629523096,59.80682373046875,1655400.0
2017-01-31,59.58731932184483,60.483640380681926,59.06598773269125,60.46535110473633,1832300.0
2017-02-01,60.38304314276884,60.65743117879363,59.88915584268841,60.25499725341797,2148200.0
2017-02-02,60.11780350677999,60.5293785369252,59.87085290631139,60.03548431396485,1654800.0
2017-02-03,60.2824250281288,60.895216898016805,60.01718519385436,60.32815170288086,1698700.0
2017-02-06,60.1909778516121,60.78548064600678,60.05379080350243,60.675724029541016,1734900.0
2017-02-07,60.68484830383945,60.9866736469908,60.43790473633626,60.69399642944336,1368200.0
2017-02-08,60.69400445151812,62.06593039847291,60.66656704905522,61.89215087890625,1950400.0
2017-02-09,62.01105286764099,62.59640735437237,61.91958555948379,62.349456787109375,1818400.0
2017-02-10,62.48666689994474,63.07202153776333,62.04764743259194,62.91653823852539,2219200.0
2017-02-13,63.10859156113886,63.13602896273276,62.18482616561355,62.239707946777344,2116300.0
2017-02-14,62.2397024084766,62.85249424946541,62.13909395960079,62.83419799804688,1994600.0
2017-02-15,62.66043381056369,63.06286068160989,62.5506772213822,63.035423278808594,2377700.0
2017-02-16,63.18175998967537,63.18175998967537,62.166534305067785,62.4317741394043,2542000.0
2017-02-17,62.39519608728644,62.73360003737676,62.075081413697,62.697021484375,4137500.0
2017-02-21,63.09944584695839,63.59334002845857,62.69701897823607,62.934814453125,2788200.0
2017-02-22,63.04457509508921,63.474446372068975,62.852506286264,63.14518356323242,2540500.0
2017-02-23,62.96224581504924,63.044564993056206,61.79153689476573,61.864707946777344,2618100.0
2017-02-24,61.96533962633989,63.44702258408984,61.7549745174456,63.11775970458984,3232900.0
2017-02-27,63.09030911107997,63.46529860338906,62.80677298199317,63.245792388916016,2380300.0
2017-02-28,62.97140039047065,62.97140039047065,62.23971072934281,62.724456787109375,3499400.0
2017-03-01,62.212262738697625,62.422627778076,60.02632805313201,61.096435546875,7923600.0
2017-03-02,61.03241741035404,62.54153042022634,60.9318089459657,62.02019882202149,3312000.0
2017-03-03,62.01104979506316,62.11165824667032,60.86777827950503,61.34337615966797,2605500.0
2017-03-06,61.33422535482472,61.77324466793331,60.95008781708924,61.64519882202149,2819100.0
2017-03-07,61.42570894289194,61.80984658249034,60.99583764135117,61.16046905517578,2496000.0
2017-03-08,61.16046142578125,61.52718722745293,60.903755463024936,61.16046142578125,1965800.0
2017-03-09,61.17877713301548,61.27045679814561,60.84872474277895,61.105430603027344,1867600.0
2017-03-10,61.52717909869145,61.55468230610844,60.91291748400544,61.38965606689453,2016900.0
2017-03-13,61.37131864794521,61.60968442541452,61.0045929202928,61.3804817199707,2354400.0
2017-03-14,61.31631104185992,61.84806304751629,61.16045486614716,61.68303680419922,1648600.0
2017-03-15,61.63720805794901,62.12311678022801,61.27048225037767,61.921417236328125,1357200.0
2017-03-16,61.64636047615876,62.29729534959259,61.62802733656999,61.71053695678711,1863500.0
2017-03-17,62.26064303904206,62.26064303904206,61.508851247708826,62.02227020263672,3324800.0
2017-03-20,61.84805855304964,62.01308478437434,60.76622147985694,60.93124771118164,2135800.0
2017-03-21,61.160480389039854,61.197153680049134,59.99613312703414,60.298675537109375,2453200.0
2017-03-22,60.50950477696698,60.95874005088313,59.96858983414901,60.83038711547852,1821300.0
2017-03-23,60.72957796307461,61.059630587443095,60.22533594980586,60.298675537109375,1740500.0
2017-03-24,60.59204621663775,61.01378550565363,60.22532734835028,60.61955642700195,1857400.0
2017-03-27,60.28950402315051,60.42702709651083,59.78525508573407,59.90443801879883,2326200.0
2017-03-28,59.84026989156593,60.38119219055902,59.37270116930646,60.298675537109375,2075100.0
2017-03-29,60.29866099866349,60.85791631096317,60.014451805260286,60.56453704833984,1593300.0
2017-03-30,60.45451732334238,61.08711213334174,60.39034083552469,61.06877899169922,1740900.0
2017-03-31,60.87625526561623,60.98626811526484,60.33533310756208,60.39034652709961,1655300.0
2017-04-03,60.55536422669561,60.55536422669561,59.61104310099842,59.75773620605469,2313800.0
2017-04-04,59.68438795017831,59.74856443313082,58.25416519025839,58.36418151855469,2788500.0
2017-04-05,58.3916787975947,58.51086518127199,57.26400192932526,57.32817840576172,4965400.0
2017-04-06,57.69491921491745,58.67590675112428,57.639909293289904,58.171661376953125,4468600.0
2017-04-07,58.2541641058685,58.29083738040327,57.72241211718215,57.84159851074219,3140800.0
2017-04-10,57.759085707777125,58.50170378306812,57.759085707777125,58.21749114990234,2197500.0
2017-04-11,58.18081818945,58.66673033892961,57.96078553456066,58.5933837890625,2060500.0
2017-04-12,58.7492420727179,58.7584051452011,58.35501311987365,58.4283561706543,2225100.0
2017-04-13,58.57505747240978,58.69424039090965,57.93328903741818,57.94245910644531,1743000.0
2017-04-17,58.27250227782796,58.34584533147315,57.77742355063776,58.01579284667969,1869400.0
2017-04-18,58.05246231755896,58.318338301479486,57.91493929212261,58.13497543334961,1756500.0
2017-04-19,58.437526237849326,58.7492420727179,58.27250000189797,58.4283561706543,2007600.0
2017-04-20,58.483381491028695,59.592722093715295,58.483381491028695,59.281009674072266,2857800.0
2017-04-21,59.28098970531267,59.52852554372259,58.77674096725929,59.50102233886719,2150100.0
2017-04-24,59.97776901468325,60.23447495444332,59.28099774810941,59.6477165222168,2118800.0
2017-04-25,59.78524233742247,59.90442524507325,59.15264053168638,59.36351013183594,1804000.0
2017-04-26,59.7119046357532,60.06029733160012,59.528545212991176,59.63856506347656,1910600.0
2017-04-27,59.62020832250693,60.408666211313886,59.61103825550825,60.08778381347656,2349500.0
2017-04-28,60.13363520994854,60.13363520994854,59.27183755358699,59.59272003173828,2823800.0
2017-05-01,59.86776289200965,59.98694580748472,58.74008225054153,58.74925231933594,1814000.0
2017-05-02,58.74007386809352,59.38183869785841,58.63922410988588,59.33600234985352,2524300.0
2017-05-03,59.45518950282289,59.79441207695106,59.28100017640035,59.72106552124024,1741900.0
2017-05-04,59.7210606245755,59.950263346344585,58.9784460443515,59.19847869873047,1876200.0
2017-05-05,59.31766128540039,59.50102765868283,59.05179228488672,59.31766128540039,1922300.0
2017-05-08,59.36351410422842,59.49186708866052,59.07013485485319,59.25349426269531,1532100.0
2017-05-09,59.21683044737537,60.133641622554784,59.00596779412404,59.79442596435547,1696400.0
2017-05-10,59.84023678505112,60.99542033123736,59.537694542356896,60.55535507202149,3073200.0
2017-05-11,60.133615236809646,60.32615165446365,59.19847132612826,59.80356979370117,2691100.0
2017-05-12,59.574378089502375,59.70273106180683,58.189991608547366,58.20832824707031,3332500.0
2017-05-15,58.17165639069992,58.32751257591704,57.09898574372576,57.16316223144531,5505100.0
2017-05-16,55.503735320060514,56.723092055438,54.70610728167656,56.38387298583984,8804300.0
2017-05-17,56.20967317152285,57.23650032049634,56.12716005703846,56.40220260620117,4108700.0
2017-05-18,56.70476222849653,56.98897491397186,55.93464080409057,55.98965072631836,3702900.0
2017-05-19,57.6765850535486,58.63006941860457,56.13634215533717,57.02565002441406,6901200.0
2017-05-22,57.11732162375205,57.68574343486788,56.7322627025512,57.254844665527344,3686100.0
2017-05-23,57.11731688809755,57.41986615597603,56.61307160565601,56.86061096191406,3343400.0
2017-05-24,56.8697870028948,57.30985587707923,56.54890454172589,56.79644393920898,3015100.0
2017-05-25,57.16314302452762,58.00661064699497,56.9431104255223,57.759071350097656,4109600.0
2017-05-26,57.89661314065506,58.39168839779536,57.566560637657375,58.23583221435547,1922900.0
2017-05-30,58.27250671828117,58.43753297325316,58.03413390671884,58.1533203125,2233700.0
2017-05-31,58.15331891372579,58.62089095999559,57.90577953722193,58.60255432128906,3039200.0
2017-06-01,58.56588930232059,58.67590564614729,57.97913080543616,58.38252639770508,2763000.0
2017-06-02,58.327375976089634,58.72259800306186,58.18951002869184,58.58473205566406,2018700.0
2017-06-05,58.7042154395694,58.71340860647012,58.171127462801465,58.19869995117188,2234600.0
2017-06-06,57.99648409178359,58.13435352632799,56.73729038052856,56.83839416503906,3443300.0
2017-06-07,57.10494593732213,57.45420913126564,56.85678303246811,57.08656311035156,2851600.0
2017-06-08,57.47258535227509,57.5644994765632,56.24096413613702,56.360450744628906,3451800.0
2017-06-09,56.452358960840456,57.05898163683568,55.82736047310012,56.94868469238281,2498300.0
2017-06-12,56.67296005123563,57.78509482168728,56.67296005123563,56.85678482055664,3101700.0
2017-06-13,56.70971993423136,57.24280785422042,56.56266083497587,57.06817626953125,1962900.0
2017-06-14,57.307157061310576,57.307157061310576,55.90090393389195,56.15825653076172,2903900.0
2017-06-15,56.130678803886696,56.39722454358937,54.71523264080963,55.983619689941406,2929900.0
2017-06-16,55.31266334927236,55.35861866587632,54.779571859401926,55.22075271606445,4407500.0
2017-06-19,55.32183861685753,55.91926809577144,54.74279546720066,55.74463653564453,2400600.0
2017-06-20,55.71707904998596,55.71707904998596,52.99648343990086,53.05163192749024,5961100.0
2017-06-21,52.9505137825659,53.44683951798155,52.06815925704822,52.29793930053711,7242400.0
2017-06-22,52.334701379511145,52.334701379511145,51.12146303185043,51.44315719604492,6669800.0
2017-06-23,51.47992953047267,51.8108134191926,50.75382711485494,51.73728561401367,5281600.0
2017-06-26,51.847567170825805,52.638011055469775,51.83837751210057,52.11411285400391,2851500.0
2017-06-27,52.040583810769846,52.38066080312164,51.65455501663895,51.95786285400391,2610500.0
2017-06-28,52.14169395254852,53.39169811564454,51.79242725846801,53.10676956176758,3476400.0
2017-06-29,53.051632225963225,53.24464667436272,52.16927395039975,52.66559982299805,2934500.0
2017-06-30,53.36412911887327,53.36412911887327,52.73912699644882,53.06081771850586,3419100.0
2017-07-03,53.29978739099171,53.75934753798497,53.272211397979454,53.5203742980957,1544000.0
2017-07-05,53.47443139007769,53.5387695450892,52.389868911074416,52.74832534790039,3940300.0
2017-07-06,52.30712742382919,52.38984837730312,51.43396258297445,51.72808074951172,4068900.0
2017-07-07,51.71889762667454,52.08654362822443,51.58102818473986,51.59941101074219,3581400.0
2017-07-10,51.51667885743997,51.59939980340076,50.30344065412498,50.36777877807617,4575300.0
2017-07-11,50.376971988243824,50.56998636027395,49.926601614008746,49.94498443603516,3656400.0
2017-07-12,50.25749140778098,50.450505802891136,49.70602070570477,49.7519760131836,4363900.0
2017-07-13,49.724409751815365,50.19316309583544,49.53139531894399,50.01852798461914,6000400.0
2017-07-14,51.11228624671082,51.51669796240361,50.25750399017504,50.331031799316406,5736600.0
2017-07-17,50.35860765380574,50.79059185843911,50.24831068115519,50.30345916748047,3468100.0
2017-07-18,50.35860460685901,50.52404654965869,49.871468439208456,49.93581008911133,2698300.0
2017-07-19,49.95418984032868,50.30345655659538,49.82551355174777,50.01852798461914,4683200.0
2017-07-20,50.11044043925147,50.62514908243899,50.01852630323632,50.22992706298828,4902400.0
2017-07-21,50.30344823548023,50.569993935543934,49.72440152648519,49.91741943359375,4069100.0
2017-07-24,49.81631679479904,49.81631679479904,48.63065086548355,48.7777099609375,5574200.0
2017-07-25,49.025884301380366,50.0736810396756,48.78691453022221,49.66007614135742,5340000.0
2017-07-26,49.715208799100544,50.00932696510083,49.05344117251734,49.59572219848633,2715400.0
2017-07-27,49.54057914502205,50.671096546607714,49.43947536415285,50.661903381347656,3182500.0
2017-07-28,50.62515448880626,50.87331391713419,50.24831175014896,50.43213653564453,2102600.0
2017-07-31,50.64353365792533,50.91007942077569,50.30346008479986,50.845741271972656,2736600.0
2017-08-01,50.97440829002758,51.17661586726437,50.57918630151869,51.10308456420898,2475300.0
2017-08-02,51.08471732864721,51.37883559811108,50.744640230819456,51.14905548095703,2471500.0
2017-08-03,51.13067001929444,51.461553931953226,50.11963545215192,50.43213653564453,3109000.0
2017-08-04,50.64353046630367,51.41559170944989,50.422943543213854,51.342063903808594,2400900.0
2017-08-07,51.121481317321134,51.48913092042812,50.671114234989865,50.91927719116211,2235000.0
2017-08-08,51.029559337485885,52.0314006019986,51.029559337485885,51.3972053527832,3085500.0
2017-08-09,51.36044439875301,51.53507599711377,50.57000036356028,51.50750350952149,3353000.0
2017-08-10,51.19498823768402,51.22256071761602,50.248292188096194,50.36777877807617,3336900.0
2017-08-11,50.42293745074908,51.41558549704618,50.367788973557104,51.06632232666016,2593800.0
2017-08-14,51.388010242666944,51.69132159163168,50.220727167906354,50.340213775634766,3457100.0
2017-08-15,50.24830443387856,50.32183573983692,48.57550579114801,48.74094772338867,7469000.0
2017-08-16,49.52219397875017,50.04609217651056,49.0718235687669,49.97256088256836,3615300.0
2017-08-17,49.55896693394981,49.96338212655026,48.88800950805871,49.01668930053711,5508400.0
2017-08-18,53.97992951732336,54.687652499825646,53.29978252531594,54.24647521972656,14140300.0
2017-08-21,54.18214487958903,54.35677648240558,53.079199767600514,53.82368850708008,5277400.0
2017-08-22,54.044272680125815,54.44868785413644,53.91559639972814,54.40272903442383,3342700.0
2017-08-23,54.25568298042428,54.52222877175509,53.92479903341589,54.154579162597656,3144700.0
2017-08-24,54.55897834510065,55.8825102366736,53.4376505233868,53.61228561401367,4233500.0
2017-08-25,53.6674314597668,54.84390427145652,53.6674314597668,54.57736206054688,6287600.0
2017-08-28,54.641697190554666,54.73360780909663,54.00750200165288,54.24647521972656,2764300.0
2017-08-29,53.86964084003074,54.36596663886733,53.26302158795235,53.94316864013672,2649000.0
2017-08-30,53.98912930693214,54.15456773937265,53.35493404021943,53.704200744628906,3179200.0
2017-08-31,53.76853526787104,54.10860878271071,53.44684457899103,53.72257995605469,3370000.0
2017-09-01,53.9064197085079,54.47627344715204,53.9064197085079,54.154579162597656,2751800.0
2017-09-05,53.99831599453565,54.56816958160268,53.9523606821564,54.21890640258789,2918600.0
2017-09-06,54.228128586350834,55.0207224606123,54.228128586350834,54.51383209228516,2924100.0
2017-09-07,54.71658174133805,54.94698675534232,53.56455667131669,53.96085357666016,2942000.0
2017-09-08,53.92398266772831,54.11752553253547,53.334146451957,53.93320083618164,2085300.0
2017-09-11,54.00692536820228,54.725791289324256,53.76730573829558,54.62441253662109,2778200.0
2017-09-12,54.82718714026757,56.58748157827985,54.55069826823362,55.914695739746094,3369700.0
2017-09-13,55.997632876134375,57.04828268979547,55.997632876134375,56.59668731689453,2943200.0
2017-09-14,56.47687201161239,56.62433106977451,55.56447018789089,55.85017013549805,2800900.0
2017-09-15,55.82251568033984,56.15429939864155,55.29719263159575,55.951541900634766,3528400.0
2017-09-18,56.0437126159668,56.20960449470779,55.2511188654712,56.0437126159668,2373700.0
2017-09-19,56.10822547648642,56.41235824231635,55.9331154298953,56.35706329345703,3052400.0
2017-09-20,56.49530093848213,56.61511251363552,55.87781727365504,56.14508438110352,1747000.0
2017-09-21,56.31099372116518,56.458452814913386,55.89626743704356,56.135887145996094,2352100.0
2017-09-22,55.87781962532912,56.28333114545949,55.58290151692501,56.11743927001953,1644500.0
2017-09-25,57.77635956780844,58.59660436406325,57.6012530242672,57.93303680419922,3860700.0
2017-09-26,58.071276051340334,58.92838295323399,57.757925103167366,58.79014205932617,3651700.0
2017-09-27,58.68875613449871,60.18178291960762,58.65189049434026,59.75783157348633,4648200.0
2017-09-28,59.49978012383736,59.76705074592695,58.73483741404764,59.72097396850586,4224000.0
2017-09-29,59.83156827691824,60.09883891874095,59.444489567272605,59.50900268554688,2501700.0
2017-10-02,59.29702577253871,59.831567045179646,58.73484054139381,59.61959838867188,2507300.0
2017-10-03,59.49058479804702,60.04355549387765,59.39841715590534,59.82236862182617,1775300.0
2017-10-04,59.91452151638134,60.25551643533601,59.29703073801448,60.117279052734375,3286500.0
2017-10-05,60.10805312273121,60.504349974962665,59.95137942174256,60.39375305175781,2227200.0
2017-10-06,60.20942635960474,60.9743725210094,60.200208192332,60.81769180297852,2385400.0
2017-10-09,60.79004141178889,60.79004141178889,59.96980034896068,60.17255783081055,1268100.0
2017-10-10,60.17256475171753,60.37532225688809,59.536644763937495,59.75783157348633,1761900.0
2017-10-11,59.86843442717506,60.11727576505538,59.34311130780866,59.49057388305664,2754400.0
2017-10-12,59.49056772414513,59.591946476281976,58.20951310206242,58.320106506347656,3254200.0
2017-10-13,58.421494850211474,58.624252387774206,57.97911764473949,58.17265701293945,2812700.0
2017-10-16,58.089707948976766,58.42149171419626,57.45379140944027,57.9791145324707,2226100.0
2017-10-17,58.06206236016472,58.615032976361896,57.93303611743213,58.28325271606445,1783800.0
2017-10-18,58.26481877442146,58.56895155277844,57.93303500479468,58.35697937011719,1860800.0
2017-10-19,58.38462407276823,58.633461888170025,57.99754537038847,58.42148971557617,1771400.0
2017-10-20,58.70719483101309,59.29702755408432,58.43992418666262,59.19565582275391,2334600.0
2017-10-23,59.12192312164273,59.82235627521601,58.95603124399123,59.269378662109375,1891200.0
2017-10-24,59.29702758789063,59.68411333282041,59.1127063999451,59.29702758789063,2020700.0
2017-10-25,58.98368649259561,59.27860464380245,58.33855171844251,58.83622741699219,2364000.0
2017-10-26,59.0021084311514,59.63802847176921,58.716408485437306,59.232513427734375,1624000.0
2017-10-27,58.65189529182877,59.066621472581005,58.329329703310094,58.81778717041016,2537200.0
2017-10-30,58.605819694254336,58.605819694254336,57.684199635225774,58.44914245605469,2159600.0
2017-10-31,58.68876315435696,59.7854932281965,58.4399253270749,58.51365661621094,1983000.0
2017-11-01,58.74406348922776,59.0942800923578,58.21873682668196,58.50444030761719,1965700.0
2017-11-02,58.845428280006445,59.60115630482328,58.568943017510186,59.31545639038086,1948300.0
2017-11-03,59.14035838349645,59.49057851125525,59.02976847485947,59.103492736816406,1645400.0
2017-11-06,59.08506156912128,59.65646852756871,57.92381834516815,59.11270904541016,2052900.0
2017-11-07,59.17722017963504,59.73940894996966,58.98368082071041,59.711761474609375,2680400.0
2017-11-08,59.56430609019141,59.79471112121994,58.78093039097509,58.86387634277344,2373200.0
2017-11-09,58.57816803923148,60.08040961269224,58.568949870505854,59.50900268554688,2391900.0
2017-11-10,59.250945736593,60.64259379012916,59.250945736593,60.60572814941406,3430600.0
2017-11-13,60.052773664372594,60.72555245102196,59.638040368946704,59.82236862182617,2613000.0
2017-11-14,59.00210261311695,59.82235078896023,58.57816182067745,59.41683578491211,3992400.0
2017-11-15,59.20486220059062,60.38453458329995,58.90072945254256,59.54586410522461,3328000.0
2017-11-16,59.49978274249492,60.81769957485599,59.33389086739344,60.54121780395508,4665800.0
2017-11-17,66.47645444968057,68.14459159115658,65.45345558897208,66.58705139160156,8241900.0
2017-11-20,66.71606966777617,67.14923218260904,66.05250215836433,67.03863525390625,4161600.0
2017-11-21,67.2505945737184,67.278242041314,66.25524355187238,66.97410583496094,3069400.0
2017-11-22,66.58704911915846,67.10315410103655,66.35664410490533,66.63313293457031,2287800.0
2017-11-24,66.60547856520158,66.99256433381935,65.6009160760391,65.72994232177734,1045400.0
2017-11-27,65.98796997060259,66.31975362942298,65.45342885012526,65.7391357421875,2557200.0
2017-11-28,65.76680323729565,67.17688070101029,65.28755690353748,67.1031494140625,3015400.0
2017-11-29,67.23217965242748,70.34725991306905,67.02942914835637,69.99703979492188,5689200.0
2017-11-30,70.16326966222232,71.29925124084558,69.20276073089934,70.21868133544922,5023900.0
2017-12-01,69.85851817324806,70.49578084487045,68.6024680923318,69.94164276123047,3100700.0
2017-12-04,70.57887518499022,72.78619620901436,70.4126331099227,72.04734802246094,4498200.0
2017-12-05,72.24130142709733,72.7584959016239,71.10531265340931,71.13301849365234,2403500.0
2017-12-06,71.35468551204626,72.01041629104698,70.7728346313684,70.92060852050781,2037600.0
2017-12-07,71.19766098948317,71.55785801691111,70.65276072685951,70.83747100830078,1748900.0
2017-12-08,71.12377747347325,71.21613260947876,70.32951062058456,71.01294708251953,2093900.0
2017-12-11,70.83747220780852,71.30849259357892,70.2094473755299,70.89289093017578,2070700.0
2017-12-12,70.87445067568113,71.29005959058054,70.38496183821556,70.5696792602539,2096500.0
2017-12-13,70.81902572955273,71.64099872673522,70.6712518195547,71.08686065673828,2014200.0
2017-12-14,71.25307291994281,71.5578511968942,69.45211613943044,69.7384262084961,2057200.0
2017-12-15,70.56963852116442,70.90211559639968,69.50753685789351,70.1540298461914,4383100.0
2017-12-18,70.51422336417086,71.75180477800741,70.51422336417086,71.6317367553711,1813100.0
2017-12-19,71.81646986639991,72.81391545421678,71.2900377061296,72.53684997558594,2925600.0
2017-12-20,72.78620721649865,73.7097728740459,72.34289964677417,73.52506256103516,2991200.0
2017-12-21,73.62664579124996,74.45785618441114,73.45116608429208,74.01454162597656,2515600.0
2017-12-22,73.94990413636992,74.36550587623505,73.34958503170597,74.2916259765625,1447600.0
2017-12-26,74.39320763447833,74.92887029662836,74.25467139316959,74.77186584472656,1309800.0
2017-12-27,75.0304769437732,75.0304769437732,74.40245197379711,74.55946350097656,958000.0
2017-12-28,74.73493439746036,74.73493439746036,73.90372386216418,74.4486312866211,810900.0
2017-12-29,74.4024377063822,75.25212335900035,74.08842880473215,74.11613464355469,1757900.0
2018-01-02,74.67950715511742,75.14128990673392,74.28237370687742,74.3470230102539,2107900.0
2018-01-03,74.47635257609245,74.49482783973463,73.53431847154859,74.30087280273438,2942000.0
2018-01-04,74.31008401979182,74.81804789565957,73.52505470401566,74.72569274902344,2313200.0
2018-01-05,75.10436228350304,75.84321766044116,74.78111569843527,75.70468139648438,2224500.0
2018-01-08,75.69542992685483,75.84320379372319,74.65180341551873,75.01199340820312,3318300.0
2018-01-09,74.9658117879778,74.9658117879778,73.48810836087704,74.35626220703125,1676300.0
2018-01-10,74.23619503856955,75.00275612239598,73.81135573875203,74.51326751708984,3348600.0
2018-01-11,74.77189166574088,76.30501438549868,74.23622177236177,76.24959564208984,2252100.0
2018-01-12,76.58204044528505,77.51484346210414,76.48044768868867,77.19159698486328,2202600.0
2018-01-16,77.65341176052249,77.81965388124604,74.43939977528304,74.68876647949219,2596500.0
2018-01-17,75.34448132793615,75.93556273245878,74.97505368854799,75.08588409423828,2950200.0
2018-01-18,75.2798276723559,76.15721209977144,75.13205380663561,75.40912628173828,2186400.0
2018-01-19,75.88013823010292,77.48714008669857,75.49223539885986,77.35784149169922,2514500.0
2018-01-22,77.45946670175121,78.09672231657329,77.09003897002589,78.02284240722656,1853000.0
2018-01-23,77.78270438292652,78.18907554573357,77.44098253727086,78.11518859863281,1537500.0
2018-01-24,78.16136364003117,78.79862623586665,77.0715558184379,78.12442016601562,1752000.0
2018-01-25,78.5677298209259,78.60467329259649,77.40403512516623,77.93970489501953,1259000.0
2018-01-26,78.38301714382376,78.97409858022527,77.72728639551103,78.92791748046875,1842300.0
2018-01-29,78.54001105596541,79.11262420327301,77.80115583661662,78.1059341430664,1785700.0
2018-01-30,78.31836707044373,78.68778767991799,76.87759991775752,77.0161361694336,2233800.0
2018-01-31,77.12697889456315,77.2839833832826,75.41838364107784,76.09258270263672,3241300.0
2018-02-01,75.46454884246398,76.82219148303663,75.36295605669005,75.73238372802734,2189700.0
2018-02-02,75.26135763567895,75.66772874834737,72.9616812993202,73.03556823730469,3230000.0
2018-02-05,72.9893703593218,74.14382707649757,71.01294102321644,71.02217864990234,3673300.0
2018-02-06,69.7014899638217,72.83237646989112,68.34384754068182,72.34288787841797,3034500.0
2018-02-07,71.76104239586365,73.27568937594201,71.29925960812645,72.02887725830078,2219200.0
2018-02-08,71.91807010222783,72.68462434743181,69.28590198209237,69.32284545898438,3438500.0
2018-02-09,69.75691932155851,72.05659604472874,68.34386486459552,71.41010284423828,3907800.0
2018-02-12,71.77951935405783,72.17665284277159,70.40340858694347,71.43779754638672,2302200.0
2018-02-13,71.2346170156796,72.02888404917064,70.75436597150325,71.87187957763672,1369100.0
2018-02-14,71.25308057990021,73.18332911561106,71.05913266814785,72.89702606201172,1996700.0
2018-02-15,73.10946384648904,74.46709950018453,72.70309268562266,74.4486312866211,2184700.0
2018-02-16,74.32854639318953,74.75338563107339,73.60815946330491,74.042236328125,2356300.0
2018-02-20,73.59896534792297,73.81138154898613,71.98272509929747,72.01966857910156,2256800.0
2018-02-21,72.0750657595715,73.55276942288023,71.86264255504265,71.92729187011719,1755600.0
2018-02-22,72.24131117510805,73.47888584793279,72.18589948714491,72.49990844726562,1262100.0
2018-02-23,73.00787878236673,73.31265013902201,71.00373565566125,72.84163665771484,3196400.0
2018-02-26,73.24799171058348,73.9037224968006,72.64767965652695,73.83907318115234,2114600.0
2018-02-27,74.088429577425,74.95658344956382,71.59479836370049,71.61327362060547,3214600.0
2018-02-28,72.86933168144553,74.53174563481221,72.11200812523201,72.1212387084961,3781300.0
2018-03-01,71.9734751457589,73.24799327268231,71.02220360397037,71.991943359375,3033100.0
2018-03-02,71.28079080077516,73.00786094911578,70.81900801690028,72.42601013183594,2603800.0
2018-03-05,72.370621067868,72.3798586993811,70.86521125865478,72.01966857910156,2756800.0
2018-03-06,72.49989353341786,74.50402902661845,72.18588463789146,74.35626220703125,4420900.0
2018-03-07,70.80977367484113,71.40085510193575,68.12220141199626,69.63684844970703,8768200.0
2018-03-08,70.14480286928504,71.04990023657251,69.18430086833197,69.4706039428711,3795100.0
2018-03-09,70.31104471041408,71.1607303948308,69.47060370094536,71.12378692626953,3419800.0
2018-03-12,70.99449062803532,71.25308787016353,70.20022364364364,70.58811950683594,4057100.0
2018-03-13,71.28079745845866,72.11200795631838,70.85595810316298,71.11455535888672,2428300.0
2018-03-14,71.50245365722192,71.65022754905276,70.81901702312177,71.28079986572266,2468900.0
2018-03-15,71.31774617949088,71.62252455884703,70.6527777322583,70.94831848144531,2634000.0
2018-03-16,71.10116845402254,71.77734807557017,70.63802901632532,71.09190368652344,4289000.0
2018-03-19,70.93443201035282,71.93481480774443,70.86032801048388,71.36051940917969,2853800.0
2018-03-20,71.64763242816309,71.93478353608766,71.16597077229679,71.61058044433594,2184200.0
2018-03-21,71.42535299684684,72.90739754235258,71.3512490028351,71.70323944091797,2365900.0
2018-03-22,71.01778146462738,71.56428953574525,69.35048415674115,69.50794982910156,2540400.0
2018-03-23,69.60057930127878,70.79547964396167,69.28564794288486,69.32269287109375,2330900.0
2018-03-26,70.0266649980435,71.78659585828073,69.85993455724324,71.61986541748047,2046600.0
2018-03-27,71.91628095573853,72.19416740508683,70.84180128994676,71.24935913085938,3371800.0
2018-03-28,71.53648969430368,72.68507302392675,70.45273850827321,70.54537200927734,2774600.0
2018-03-29,71.00852882434478,72.4813085712301,70.58243440169117,72.23121643066406,3247500.0
2018-04-02,71.89773327388647,72.10150858940031,69.03552929045641,70.18411254882812,3098400.0
2018-04-03,70.35083551055149,71.0640737737635,69.7765474755391,70.58240509033203,2277100.0
2018-04-04,69.97110702877491,73.03708784199118,69.97110702877491,72.83330535888672,2763400.0
2018-04-05,73.07415160056689,74.19494837099892,72.40722957291688,73.88927459716797,2206000.0
2018-04-06,73.36126002178302,73.76882485458621,71.12893233971253,71.74027252197266,3053700.0
2018-04-09,72.24047166642795,72.6202493141653,71.19377931093804,71.26788330078125,2097300.0
2018-04-10,72.23120718354443,72.85181213956334,71.83290710922957,72.36088562011719,1692000.0
2018-04-11,71.7032324626721,72.69435031854844,71.41608128055896,71.6013412475586,2281100.0
2018-04-12,71.97184986255162,73.06485897629005,71.7773321898031,72.38867950439453,1790600.0
2018-04-13,72.60172450366127,72.84255895283758,70.3786611993891,70.55464935302734,2426600.0
2018-04-16,71.02706969434034,72.12007913071884,70.73992548318118,71.86997985839844,2146500.0
2018-04-17,72.62024833768334,73.37053179065722,72.19416100223239,72.96296691894531,2333700.0
2018-04-18,73.01856035942895,74.09304010526246,72.83330035708076,73.07413482666016,2308100.0
2018-04-19,72.86108106372967,73.18527717366962,72.1385777897911,72.94444274902344,2504300.0
2018-04-20,72.9259217149068,72.96296664224437,71.30493406649401,71.61986541748047,2308500.0
2018-04-23,71.74954005456284,72.61097944180318,71.40681442585176,72.37940979003906,2088900.0
2018-04-24,72.8795905610309,73.02779144194625,71.5272248380627,71.99036407470703,2147100.0
2018-04-25,71.76806532804919,72.86107430223369,71.47165647404718,72.51834869384766,1600000.0
2018-04-26,72.57393633902265,74.54691453656659,72.26826266518545,74.4913330078125,2224900.0
2018-04-27,74.40795738168892,75.9918928491344,74.13933575500712,75.65843200683594,2530300.0
2018-04-30,76.05676184249286,76.7051542525182,74.78775719207499,74.8896484375,3049900.0
2018-05-01,74.49131510498911,74.67657504473543,72.52760921228699,73.52798461914062,2488300.0
2018-05-02,73.42609152107227,74.55615239001015,72.5461297975912,73.83365631103516,2305900.0
2018-05-03,73.59284079759883,75.00078839648621,73.07412698061175,74.44502258300781,2111100.0
2018-05-04,74.17638815728009,75.1304539353483,73.25936730238921,74.75994110107422,3237900.0
2018-05-07,74.88964480034123,75.01932327604821,73.06487430610406,73.5835952758789,2547500.0
2018-05-08,73.7317799049749,75.25087634165591,73.41684855278399,74.88036346435547,3401700.0
2018-05-09,74.78772536300207,75.82515984446583,74.10228124027392,75.8158950805664,2039600.0
2018-05-10,75.92705925354417,75.95484648130174,74.47280210968972,75.31571197509766,2021700.0
2018-05-11,75.43614497969942,76.36242374588652,75.02858006115434,75.89928436279297,1775500.0
2018-05-14,76.1308405533389,76.79776227743346,75.86221891074833,76.56619262695312,1766900.0
2018-05-15,76.18640622411876,76.74217190780557,75.84368063682224,76.6680679321289,2497900.0
2018-05-16,77.51099818676781,78.33538562493321,76.93670287616969,77.2238540649414,2288200.0
2018-05-17,76.92743564389168,77.7888749695546,76.74217569555617,77.2794189453125,2016500.0
2018-05-18,76.61249498896501,76.9737430438057,76.10304604680354,76.39019012451172,3649700.0
2018-05-21,76.9366915726433,76.97374356145873,75.51948656843842,75.88999938964844,3733500.0
2018-05-22,76.1957089625418,77.43691937247706,75.89003521074069,76.26980590820312,3694600.0
2018-05-23,75.56581629393106,76.64956065179281,75.16751617946748,76.51988220214844,2493900.0
2018-05-24,76.44579313056013,77.45544076205233,75.78813598846286,76.8440933227539,4079300.0
2018-05-25,73.34273821937532,74.52837367061633,70.91588579659187,71.63838195800781,7845400.0
2018-05-29,71.42534742772753,72.13857888037803,70.79547766163105,71.54576110839844,4873000.0
2018-05-30,71.7958699770713,73.34275383844461,71.05484412876449,73.0833969116211,3664800.0
2018-05-31,73.05560741302402,74.12082231987372,72.71288173209702,73.06486511230469,3215100.0
2018-06-01,73.50946646897563,75.28791959315782,73.21305761494527,74.75994110107422,3771900.0
2018-06-04,75.43613988270695,77.37205898109961,75.42687511692615,77.01081085205078,3738600.0
2018-06-05,77.12197515718044,78.18719719458127,76.85335345613527,77.70552825927734,2752200.0
2018-06-06,77.96485710957296,78.31684745095268,77.23309627037355,78.2705307006836,2580700.0
2018-06-07,78.55769022725042,79.20608952392121,78.36317255833278,78.81704711914062,3075400.0
2018-06-08,78.74294342331675,79.61364047590398,78.4372697983392,79.51174926757812,2501100.0
2018-06-11,79.330643620007,80.17577564715735,78.98702442764069,79.46066284179688,2226500.0
2018-06-12,79.81359795360223,79.84145821008212,78.8570246916972,79.59999084472656,2398200.0
2018-06-13,79.79501529692672,80.02719353539696,78.27192661940337,78.65270233154297,3299400.0
2018-06-14,78.65269978832696,79.63713322024374,78.10475547878573,78.47624206542969,2286000.0
2018-06-15,78.30907336254995,79.2749356524682,77.80756753400485,79.07061767578125,3852800.0
2018-06-18,78.58768754003493,79.29350423699526,78.16048045960619,78.89415740966797,2973300.0
2018-06-19,78.22549007868194,79.19134525194522,77.93758426376046,78.89415740966797,1973800.0
2018-06-20,79.40494968968864,80.52869140228654,78.81057402493465,80.43582153320312,2276800.0
2018-06-21,79.98075009930794,80.56583662139207,79.58140330583312,80.44510650634766,2406900.0
2018-06-22,80.42652062175706,80.76085776982222,78.85700093360671,79.85072326660156,3682300.0
2018-06-25,79.70214485421846,80.092202591562,78.2440658103717,79.18206787109375,2794700.0
2018-06-26,79.09847972303405,79.5071156856722,78.67127261914753,79.33065795898438,2010800.0
2018-06-27,79.8414450866708,81.0023361526384,78.70841427260373,78.81986236572266,2404400.0
2018-06-28,78.87559065377984,79.56283624871246,78.32764633209763,79.0334701538086,1873800.0
2018-06-29,79.40494679138723,79.91574168097705,78.65269166809729,78.70841217041016,1793500.0
2018-07-02,78.2254855426399,78.56910475832187,77.12031499692048,78.54124450683594,2221600.0
2018-07-03,78.84772790959249,79.78572993779426,78.79200031653443,79.08919525146484,987400.0
2018-07-05,79.52569806714858,79.64643530163903,78.46696572841438,79.04277038574219,1747500.0
2018-07-06,79.07061478466363,80.3150937401099,78.8291474496337,80.16649627685547,2073500.0
2018-07-09,80.37083489806848,80.76089271106463,79.80431932349457,80.13865661621094,2189700.0
2018-07-10,80.23150196838733,80.38009942436805,79.12633141746,79.79500579833984,1613900.0
2018-07-11,79.40492722416512,79.67425472816969,78.67124342060404,78.71768188476562,1798400.0
2018-07-12,78.97775549659673,79.33995300492074,78.3276521360146,78.7734375,1380000.0
2018-07-13,78.71770866831905,79.24707474650872,78.4298028464845,79.08919525146484,2009400.0
2018-07-16,79.2656465392959,79.5164029963271,78.1233336122076,79.07061767578125,1662000.0
2018-07-17,78.65271222055095,80.76088777329397,78.35552432136431,80.23152160644531,2420600.0
2018-07-18,80.17578987391012,80.90018483399822,79.85074176175743,80.81659698486328,1975600.0
2018-07-19,80.64943916105955,81.73603883206995,79.51641517363,81.20667266845703,1822100.0
2018-07-20,81.29022860987317,81.44810808216322,80.39866519012696,80.417236328125,2410600.0
2018-07-23,80.29650739032103,81.782446444938,80.19434841604895,81.29022979736328,2186700.0
2018-07-24,81.27169327758784,81.60603059298053,79.87862349195804,80.32440185546875,1664000.0
2018-07-25,80.37082075895188,81.34596511989143,80.32438227654245,81.22523498535156,1622700.0
2018-07-26,82.01464601799172,82.98050842659126,81.19738109633896,81.77318572998047,2158000.0
2018-07-27,82.06109452772252,82.31184396067628,79.60000326231253,79.8043212890625,1654300.0
2018-07-30,79.8693186890705,80.91876183733811,79.85074754653814,80.55656433105469,1862400.0
2018-07-31,80.62156786429232,81.63386865097894,80.56584735538902,81.19737243652344,2837700.0
2018-08-01,80.83517697204924,81.2159456015729,79.93432426623714,80.26866149902344,3314800.0
2018-08-02,79.74859552957746,83.45415877196713,79.59070891940117,83.08267211914062,3280800.0
2018-08-03,83.30553140245406,83.4541288445036,81.99605010059362,82.70187377929688,2330000.0
2018-08-06,82.9526231189915,83.3612589991764,82.49755585229579,83.29624938964844,1332700.0
2018-08-07,83.4541391657432,84.52216038463533,83.34269107042263,84.28069305419922,2035700.0
2018-08-08,84.30857037749546,85.6180591919697,84.30857037749546,85.28372192382812,2099400.0
2018-08-09,85.40443556204016,86.11025933451633,85.1351079766806,85.5994644165039,1898500.0
2018-08-10,84.8100451906034,85.99879633688968,84.44784779714168,85.07008361816406,2718000.0
2018-08-13,85.09796085695855,85.25584743565798,84.1413876993614,84.52216339111328,3901900.0
2018-08-14,84.89365336097042,86.35173239531669,84.43857891818398,86.23099517822266,2215800.0
2018-08-15,85.61804460586157,85.61804460586157,84.21568614148364,84.6707534790039,3456000.0
2018-08-16,85.33942736993296,85.73877419827488,84.2063965041481,85.20011901855469,2764400.0
2018-08-17,85.30230647259668,85.64593290927577,84.55005104382074,85.32088470458984,2715100.0
2018-08-20,85.65518115432569,85.90593048243112,84.81004913988325,85.73876190185547,3425700.0
2018-08-21,86.56532289593912,87.40116586836463,85.72019789669312,86.26813507080078,3951800.0
2018-08-22,86.50031168537285,87.39187514434563,86.12882513942172,86.75106811523438,3277400.0
2018-08-23,87.13182790675498,88.75707518167297,86.82535100581806,88.25556945800781,5537300.0
2018-08-24,85.44159023899607,90.87455950556787,84.8100651581567,88.31130981445312,7465300.0
2018-08-27,88.81279824877087,89.15642451905718,87.37329772919988,87.54046630859375,3145600.0
2018-08-28,87.62405696433605,87.91196276922035,87.0018210483729,87.86552429199219,2268100.0
2018-08-29,87.96768632798688,89.37932680722743,87.19685292654141,89.212158203125,2646000.0
2018-08-30,88.6363895277328,89.50937511218592,87.98628604043776,88.14417266845703,2404200.0
2018-08-31,87.8283686598612,89.05426926472575,87.8283686598612,88.95211029052734,2238300.0
2018-09-04,89.30503777354329,90.79097702819516,88.91497296221439,90.72596740722656,4290000.0
2018-09-05,90.73525638242018,91.19033084956256,89.81583250531642,90.51236724853516,2837300.0
2018-09-06,90.57734770614404,91.23673286712258,90.17800096521162,90.4101791381836,2201300.0
2018-09-07,90.2058767679213,90.67952230640672,89.40718314832502,89.66722869873047,2704600.0
2018-09-10,90.07586890544717,91.0695914991442,89.84369066312993,90.93029022216795,2859700.0
2018-09-11,90.96743258733792,91.66396731491484,90.63309535125958,91.44107818603516,2379300.0
2018-09-12,91.34334693749908,91.82738782201795,89.29550132321903,90.5428237915039,2733400.0
2018-09-13,90.80344187873126,91.22231702436952,90.03084299951415,90.38455963134766,2365800.0
2018-09-14,90.37526370470376,90.37526370470376,89.3885754515612,90.09601593017578,2922400.0
2018-09-17,90.18910617424044,90.46836107420972,89.24895558620739,89.56544494628906,3211200.0
2018-09-18,89.38858869602167,90.7010768665344,89.19311309436506,90.23565673828124,2421800.0
2018-09-19,90.00293601604604,90.65452127774098,89.36996443250806,90.24494934082033,3425900.0
2018-09-20,90.2728825965547,90.3845788715709,88.99762901006042,89.76091766357422,3752100.0
2018-09-21,90.03086057831865,91.10132817276173,89.61197824914697,90.7476043701172,5646500.0
2018-09-24,90.61726474859162,91.92044205632138,90.44040999306226,90.56141662597656,3693900.0
2018-09-25,90.88721146995088,91.67842400118292,90.44971556044445,90.76620483398438,3657000.0
2018-09-26,91.21302495711424,93.63320794393468,91.11994236180324,92.31141662597656,2853500.0
2018-09-27,92.49757241418362,92.74889608685484,91.9390627384777,92.5813446044922,2147400.0
2018-09-28,92.49757712510772,93.24224489439916,91.9204537449665,92.24624633789062,3438200.0
2018-10-01,93.07469545006848,93.53081219193744,91.73429059517215,91.76221466064452,2312900.0
2018-10-02,91.6412027375042,92.03216096716086,89.62128147488723,89.65851593017578,2446200.0
2018-10-03,89.99360561155451,90.53349448074312,89.10000012207604,90.04945373535156,2132100.0
2018-10-04,89.90983739401194,90.27287154862576,88.35533620847593,88.55081176757812,2938800.0
2018-10-05,89.77952450527584,89.77952450527584,87.42450019639907,88.08539581298828,2342000.0
2018-10-08,88.02954134749548,89.46303584581486,87.99230689408833,89.24893951416016,1868400.0
2018-10-09,89.43512315157751,91.2781826682023,89.06278567191443,90.43112182617188,2465500.0
2018-10-10,90.44042968822532,90.61728448226825,88.32741863370289,88.44842529296875,2873000.0
2018-10-11,88.3832712324394,90.16117936460276,87.51758959093911,87.79684448242188,3308400.0
2018-10-12,88.4763507156133,89.76090744428068,87.77822066925678,89.23963928222656,3037600.0
2018-10-15,89.1279306117483,90.69174210655166,88.91383428551073,89.94706726074219,2278900.0
2018-10-16,90.92448067240548,91.7156935060494,89.89124737258001,91.5202178955078,2079700.0
2018-10-17,91.27817991401648,91.67844144977131,88.90454186856054,90.25425720214844,3196000.0
2018-10-18,90.58003542586002,91.19439321637446,88.62527290451062,89.29547882080078,2210600.0
2018-10-19,90.15187712362462,90.15187712362462,88.03887287312435,88.14126586914062,2924200.0
2018-10-22,88.38326030593956,90.43111268623522,88.38326030593956,89.98430633544922,1713300.0
2018-10-23,89.14653568599728,89.82605194986769,87.36863513823889,89.50025939941406,2320700.0
2018-10-24,89.15589169076223,91.54815121631329,88.63462334332655,88.81148529052734,2670500.0
2018-10-25,89.09069693821817,90.57073625422468,88.0202295011624,89.73297882080078,2131900.0
2018-10-26,87.57343358074287,90.44042263825584,87.14524801008771,90.0401611328125,2833700.0
2018-10-29,91.10132281529528,93.40980227799744,90.10532419595476,91.48296356201172,3686500.0
2018-10-30,91.7715171230878,93.82867988317864,91.6691312511914,92.87921905517578,2635300.0
2018-10-31,93.34464961624084,94.20102085450527,91.78083787161816,92.1531753540039,3233300.0
2018-11-01,92.36726656275876,92.851300291641,90.89653749532415,91.61328125,2710900.0
2018-11-02,92.37655877224496,93.53080547501514,91.29678807496268,93.11192321777344,2947000.0
2018-11-05,93.48425236721616,94.38716821544052,92.35793692926718,94.25685119628906,1952800.0
2018-11-06,94.16378612086233,94.67574390500648,93.2515597155702,94.46165466308594,1912300.0
2018-11-07,95.02944867143638,95.86720606075644,93.47494763343134,95.64380645751952,2291000.0
2018-11-08,95.72761421326784,97.13318507193794,95.00155990667272,96.18373107910156,2153300.0
2018-11-09,96.2395562773448,96.35125964470426,94.8246824661896,95.65312957763672,2070000.0
2018-11-12,95.65311164119107,96.5932548419599,94.33131356474036,94.73157501220705,2413600.0
2018-11-13,94.72229732436818,95.17840701742958,92.76753439521534,93.31672668457033,3345500.0
2018-11-14,93.99624672891647,94.92708693097777,91.0454778910544,91.12925720214844,4746600.0
2018-11-15,90.21699879701151,90.72896356791766,88.62526346620967,89.80743408203125,4252700.0
2018-11-16,89.0348660041999,89.2955001223216,87.01494448700963,88.6904525756836,3782900.0
2018-11-19,88.42979886309558,89.04415666403493,83.42188228410866,84.88330078125,5776400.0
2018-11-20,78.56291765118483,82.68654019713388,76.3661341173487,76.92463684082031,7941900.0
2018-11-21,78.6559641109082,79.1213840168899,75.17462520265342,75.98445129394531,4443800.0
2018-11-23,75.41665787017088,75.7889953112307,74.28103897247009,74.80230712890625,2213300.0
2018-11-26,75.83554022280902,76.50574619697106,74.46720420918587,75.3328857421875,4839200.0
2018-11-27,75.15602316259813,77.01770325056165,74.96054760557148,77.0083999633789,6024700.0
2018-11-28,77.55758649687212,80.55489235512249,77.47381430789085,80.45249938964844,5930800.0
2018-11-29,80.25703301248186,80.7224530535176,79.42858590757795,79.99639892578125,3422400.0
2018-11-30,79.86607998276202,81.65329119341011,79.86607998276202,81.54158782958984,7369100.0
2018-12-03,82.22111977215795,82.81685695521654,78.74908256618605,78.88871002197266,5198000.0
2018-12-04,79.10279008764873,79.5123548779445,75.41665726276507,76.10548400878906,4881200.0
2018-12-06,75.307452293457,76.19418815845536,73.29128506337881,76.14752197265625,4110600.0
2018-12-07,75.62478121982397,75.9701450549309,72.7592163607087,73.12324523925781,3474700.0
2018-12-10,73.15124007413802,74.85937252901101,72.26449756431637,74.6820297241211,3570600.0
2018-12-11,75.47543537887795,75.93280369230325,74.60736491875176,75.18608093261719,3008400.0
2018-12-12,76.72619874571355,77.09022759962839,75.21408108217302,75.51277160644531,3055700.0
2018-12-13,75.84878955177585,76.23148339850154,74.52334384504286,75.4380874633789,2956600.0
2018-12-14,74.96206635721096,76.22217406721984,73.76730410658587,73.93531799316406,3368100.0
2018-12-17,73.72060517722598,74.05662567972924,72.60051072396266,73.06721496582031,3915900.0
2018-12-18,73.87932315861453,74.59804494923321,73.41261866250369,73.63663482666016,2879100.0
2018-12-19,73.99131353752084,75.40076284035398,72.8525607665987,73.24459075927734,2941200.0
2018-12-20,73.02057484653251,73.49660821556897,71.11642000635435,72.0218276977539,2680000.0
2018-12-21,72.45120193160795,74.71938586067786,71.65779866351001,71.85382080078125,6272400.0
2018-12-24,71.89114936909965,72.49786657013591,70.85507205579562,71.21910095214844,1541000.0
2018-12-26,71.45244578922092,76.47418252038852,71.41510858302506,76.343505859375,3865800.0
2018-12-27,75.39140511828855,76.43682525337047,73.49658690954296,76.39015197753906,3296800.0
2018-12-28,76.66089274452752,77.31428343783664,75.1487744433157,76.14752197265625,2258800.0
2018-12-31,76.59552902873983,77.69695177207439,76.28750951613226,77.65961456298828,2327700.0
2019-01-02,76.35283586915473,78.38766715626943,76.35283586915473,78.20098114013672,2471200.0
2019-01-03,77.43558818004857,78.70502463556932,76.45551327630767,77.54759979248047,2978700.0
2019-01-04,78.4436773110033,80.28249380761957,77.81829511691531,79.6571044921875,3146000.0
2019-01-07,79.10639974767149,84.01613227465972,78.64903140682361,83.00804901123047,3892100.0
2019-01-08,83.45608615841964,85.63092330055001,82.94270845799633,85.44424438476562,4593500.0
2019-01-09,85.75225605670315,85.78025717705525,83.90410377869293,84.32413482666016,3310400.0
2019-01-10,82.23331685433195,84.77219002232584,81.58926960136097,84.68818664550781,2830600.0
2019-01-11,84.5574991942433,85.93894734216695,84.36148420214796,85.13621520996094,2105100.0
2019-01-14,84.4174905520975,85.57491542077996,84.10946395210618,84.59483337402344,2394700.0
2019-01-15,84.57617004421814,85.31356383427067,84.21214119007554,84.80018615722656,2818700.0
2019-01-16,84.9401994108163,85.59358271159273,83.9601173383078,84.24014282226562,2189000.0
2019-01-17,83.69877577707248,84.82819971071558,83.30674574152923,84.75353240966797,2408400.0
2019-01-18,85.57491745453466,87.15238057560684,84.83752366188386,86.81635284423828,2931500.0
2019-01-22,86.04162169651742,86.6016655407125,84.90286184455924,85.52824401855469,2467800.0
2019-01-23,85.74292851632657,85.76159355797274,84.62284086262211,85.4162368774414,1665200.0
2019-01-24,85.72426555606789,85.72426555606789,84.32415227795956,85.12688446044922,2547300.0
2019-01-25,86.08829420513602,86.51766138584532,85.61225373727285,86.34964752197266,1668700.0
2019-01-28,86.10696379354762,86.10696379354762,84.88420051606829,85.44424438476562,2362200.0
2019-01-29,85.4442445828104,85.50024683340669,84.56683800963293,85.37890625,1722200.0
2019-01-30,85.71495793207269,86.62969484685749,85.22958122021669,86.14432525634766,1603500.0
2019-01-31,86.12563185177082,86.46165960902208,85.54692291977263,85.98562622070312,2854200.0
2019-02-01,86.29363799354867,86.37764848600153,84.99620037212041,85.62158966064453,1815500.0
2019-02-04,85.64026356113777,86.19097137451172,84.96820803737367,86.19097137451172,1962600.0
2019-02-05,86.1536341176745,87.17104627996419,85.98562025071408,86.98436737060547,1533600.0
2019-02-06,86.73235863080595,86.8163691400892,85.6029346466748,86.48967742919922,1393200.0
2019-02-07,86.02295746323338,86.53632802467989,85.47224257429966,86.42431640625,1518100.0
2019-02-08,86.1816214013166,86.98435340106072,85.93893316105047,86.76033020019531,1656700.0
2019-02-11,87.0403658648575,88.34713953803562,86.7790125544906,87.86176300048828,1773100.0
2019-02-12,88.32845091154375,88.79515519916515,87.77774327039478,88.44979858398438,1541200.0
2019-02-13,88.79516734270801,88.80450342371307,87.65641470710457,88.33779907226562,2189200.0
2019-02-14,87.86174993905493,87.88042209921599,86.20961983192885,87.07769012451172,1996600.0
2019-02-15,88.03913324772621,88.38449712827918,87.32974044072196,87.7497787475586,2342600.0
2019-02-19,87.72176514482148,87.72176514482148,86.62034243845794,87.43240356445312,2225300.0
2019-02-20,87.50705893542789,88.0671026883461,87.13369405970153,87.71240997314453,2358100.0
2019-02-21,87.67508459158135,87.74975900106088,86.94702690251505,87.30171966552734,1624600.0
2019-02-22,87.39504975106607,88.13244344263087,87.2643731091526,88.08577728271484,1602600.0
2019-02-25,88.39380110122282,88.86984153252077,87.47906456255662,87.6097412109375,1826400.0
2019-02-26,87.65641848174664,88.51515281626621,87.3950580517531,88.05777740478516,2022100.0
2019-02-27,87.57241894965665,88.87919277776604,87.31106560830366,88.46849060058594,2659600.0
2019-02-28,88.54313783653537,89.06584435877504,87.71240477597206,88.51513671875,2685900.0
2019-03-01,89.401901576556,89.80326768066085,88.27247768392247,88.54316711425781,1997500.0
2019-03-04,89.06583811157417,89.2058508120226,86.96566896887278,87.36703491210938,1755200.0
2019-03-05,88.77652318202789,89.11255096381029,87.21773199069251,87.89911651611328,3723000.0
2019-03-06,87.74042623293333,90.07394820721348,87.27372183807731,88.14179229736328,4341600.0
2019-03-07,87.34840380800281,87.55375489892204,85.05221884120013,86.25631713867188,3599800.0
2019-03-08,85.38824948625661,85.58426450111043,82.74670058453867,83.12939453125,3061900.0
2019-03-11,83.37207853182154,84.88420343857555,83.07338798347631,84.69751739501953,2375200.0
2019-03-12,84.78151200110484,85.11753969516673,84.03478220955775,85.08953857421875,2115400.0
2019-03-13,85.18289113262625,85.48158167096301,84.61351118121176,84.65084838867188,2007500.0
2019-03-14,84.43616133248625,84.43616133248625,82.4293309373778,83.29740142822266,3705700.0
2019-03-15,83.3956904085203,84.24752997295427,82.94637424804543,84.15392303466797,5396200.0
2019-03-18,83.91987557473126,85.49249592248626,83.91987557473126,85.3052749633789,2869000.0
2019-03-19,85.37082224583719,86.47540118963218,85.06192008273653,85.85758972167969,2599400.0
2019-03-20,85.83886176669591,86.13840822780327,85.32402008072285,85.6610107421875,2182000.0
2019-03-21,85.51123550662432,86.0448028734221,85.21168904003173,85.65164947509766,1520200.0
2019-03-22,85.24913338647102,85.61420542007366,83.74203821523912,83.80756378173828,2318100.0
2019-03-25,83.53607594451302,84.86531972590407,83.33949929851661,84.06028747558594,1610300.0
2019-03-26,84.49090343572017,85.34273575465755,84.2849639115208,85.08999633789062,1837800.0
2019-03-27,85.18359597005508,86.43794439476089,84.94957510200548,85.8014144897461,2328600.0
2019-03-28,86.20393435707605,87.05577385183884,85.61420426652946,86.03544616699219,1923200.0
2019-03-29,86.55028302284934,87.53317359395422,86.18521101455337,87.14937591552734,2146800.0
2019-04-01,87.77654345185327,88.3101107417267,86.99959960291483,88.2352294921875,2556600.0
2019-04-02,88.10417964979388,88.21650509659875,87.47699829088256,87.7671890258789,2011000.0
2019-04-03,88.32883588863983,89.03089848389179,87.5986919322578,88.90921020507812,1717500.0
2019-04-04,88.98411505171781,91.36176852850691,88.89987094598705,91.24944305419922,1971000.0
2019-04-05,91.53961310376556,92.60674780148469,91.25878517626012,92.11998748779295,2329500.0
2019-04-08,91.92338956172156,92.66289632515264,91.38046660245864,92.36334991455078,1427700.0
2019-04-09,91.7080947326279,92.13869225319654,91.11835760131125,91.31494140625,1291100.0
2019-04-10,91.79236395817492,92.43826398683592,91.43665472854735,92.0544662475586,1570600.0
2019-04-11,92.316559370401,92.62546150446128,90.88434558484674,91.38983154296876,1929500.0
2019-04-12,91.5676962444952,92.09190076814014,90.80010798840758,91.1464614868164,1913200.0
2019-04-15,91.06220034665932,92.0638093906932,90.80009811334207,91.74554443359376,1447900.0
2019-04-16,92.16678315635248,92.82204590991138,91.79234831742605,92.5599365234375,1333800.0
2019-04-17,92.97182143083076,93.72069115596852,92.8407703001943,93.5334701538086,1551500.0
2019-04-18,94.02958739140767,94.3291338342533,93.43985734067276,93.6083526611328,2393700.0
2019-04-22,93.23392236509282,93.6177200577448,90.92179479902109,91.5302505493164,1565700.0
2019-04-23,91.95149418535529,92.07318248102132,91.01541059538292,91.60514068603516,2080100.0
2019-04-24,91.68002401241488,93.16839341004354,91.4647216562686,92.26039123535156,2416000.0
2019-04-25,91.3336709632258,92.41953130065136,90.97796178807808,91.7549057006836,1489900.0
2019-04-26,92.03574284830088,92.32592649023428,91.26815455209687,92.25104522705078,1450900.0
2019-04-29,92.1386989067192,93.43049156170808,91.86723383554576,91.98892211914062,1630500.0
2019-04-30,91.98892736905066,92.13870416517716,90.88434849374516,91.4179229736328,2314200.0
2019-05-01,91.26814398262523,91.39919510520896,89.67680484167967,89.7516860961914,1887100.0
2019-05-02,89.87336863944199,90.64095673669668,89.77039889478287,90.20099639892578,2135600.0
2019-05-03,90.7533109853998,91.02477611279896,90.18229936255186,90.92180633544922,1314100.0
2019-05-06,89.61128891117995,91.43664913030914,89.44279357235638,91.1651840209961,1163800.0
2019-05-07,90.56607919161564,90.57544202636431,89.04026564809969,89.63935852050781,1646300.0
2019-05-08,89.46151615633275,91.24943939607412,88.55351385273649,90.64098358154295,1881300.0
2019-05-09,89.7891212154913,91.28685328054438,89.4895748024807,90.80945587158205,1446400.0
2019-05-10,90.32270545328686,91.8391634712426,88.9747499124107,91.2587890625,1928100.0
2019-05-13,89.65806575400885,90.31332841061504,86.79365287227881,87.47698974609375,2814800.0
2019-05-14,87.99184205618565,89.01216956262707,87.49571898301691,88.42243957519531,2501500.0
2019-05-15,87.71102260335634,88.81560143804307,87.23362515219758,88.45989227294922,1759900.0
2019-05-16,88.86240960126605,90.80010221861176,88.86240960126605,89.7516860961914,1677400.0
2019-05-17,89.30238129717179,91.16518575386456,89.1713301580126,90.9873275756836,2452700.0
2019-05-20,90.5848102432828,91.28687296973976,90.27590807137275,90.49120330810548,2575800.0
2019-05-21,90.27589832287676,91.54897250071848,89.21811935851895,91.1745376586914,2846900.0
2019-05-22,90.64099452239005,90.64099452239005,88.10420832465819,88.48799896240234,3002200.0
2019-05-23,87.93568623097838,88.87176973050592,86.84982594348625,88.46925354003906,3203500.0
2019-05-24,86.66262438708786,87.99186143085275,85.7358964491062,86.84983825683594,5843000.0
2019-05-28,87.70166557018821,89.53638837673098,85.44570090277954,85.49250793457031,5083900.0
2019-05-29,84.96831178635146,85.86695839643801,83.82629570529681,84.52835845947266,3095000.0
2019-05-30,84.85598522644024,87.00897335987365,84.81854102302162,86.96217346191406,2601500.0
2019-05-31,85.96991960277917,87.29916382301649,85.61421038426583,87.04641723632812,2525800.0
2019-06-03,86.99024883864232,87.75783710148661,85.68909321189103,86.15713500976562,2396300.0
2019-06-04,86.86855964191989,88.6845569424616,86.85919680636913,88.59095001220703,2335200.0
2019-06-05,88.86242399553814,89.53640538757168,88.40374499219654,88.91858673095703,1755700.0
2019-06-06,89.16195452132057,90.2946147138727,88.73135696279458,90.0137939453125,2240100.0
2019-06-07,90.65968660590372,93.18711637048402,90.5660796831601,92.8220443725586,3194900.0
2019-06-10,93.00504724973248,94.22509616108644,91.79438531281882,91.9727020263672,2606000.0
2019-06-11,92.56395890114337,93.0613683384102,91.85070631820852,92.41380310058594,2661600.0
2019-06-12,92.71413075201248,93.38046284373796,92.19795447524248,92.2636489868164,1910400.0
2019-06-13,92.89245305345098,94.3846601171348,91.587935399569,94.35650634765624,2221500.0
2019-06-14,94.57234420723503,95.43576693157463,94.25325864836492,94.76004791259766,2562800.0
2019-06-17,94.76944877088148,95.8487148041225,94.23450566252048,95.20115661621094,2363100.0
2019-06-18,96.03639345055788,97.46290564683493,95.77361545336186,96.2991714477539,2489500.0
2019-06-19,96.5056434108306,97.20951612569291,95.45452424564397,97.02181243896484,1785900.0
2019-06-20,97.66937762208582,98.83311183907658,97.25643667147212,98.1386260986328,1920700.0
2019-06-21,98.21370438908356,98.6829528504168,97.50983169708368,97.5661392211914,3068500.0
2019-06-24,96.66519768366088,97.8477059902682,95.63285234431488,96.52442169189452,2058700.0
2019-06-25,96.51503371536307,96.74965797915206,95.06036757596986,95.26683807373048,2349100.0
2019-06-26,95.79238321687578,96.76842090222856,95.19174574283768,96.10208892822266,1938700.0
2019-06-27,93.47431671644785,94.44096765609186,92.76105686227584,94.35650634765624,3678800.0
2019-06-28,94.45971039049786,95.21989055584146,92.96749665982163,93.02381134033205,8249300.0
2019-07-01,94.3470914238696,95.65160153116793,92.49825140067551,92.89242553710938,2733900.0
2019-07-02,92.71413115370524,93.2772279925164,91.53162278008644,92.1416473388672,2174000.0
2019-07-03,92.34809963759908,93.8872340348788,92.33871266342352,93.84969329833984,1211900.0
2019-07-05,92.7797995040776,94.70372091769856,92.7797995040776,94.6755599975586,1612300.0
2019-07-08,94.581726695144,95.4545291932187,94.03739671566431,95.33252716064452,1638300.0
2019-07-09,95.25744978780511,96.25225436133164,94.9571310206935,95.70793151855467,1877500.0
2019-07-10,96.2803974992894,96.62764394424894,95.14481706274174,96.2991714477539,1540800.0
2019-07-11,96.66516782554622,96.89979201929756,96.07391743495126,96.57131958007812,1722900.0
2019-07-12,97.14382832407026,100.2127104220172,96.74027431998168,99.49945068359376,3693700.0
2019-07-15,99.64022095586334,100.64441242100152,98.48587369976056,99.80915069580078,2448500.0
2019-07-16,99.99686353707531,100.84150515390598,99.4806872955328,100.2408676147461,2025100.0
2019-07-17,100.334703723416,101.29196737953184,100.01561106460215,100.69132995605467,1774200.0
2019-07-18,100.77580398383412,101.01042823081094,99.8279271813656,100.45671844482422,2218800.0
2019-07-19,101.14180666055316,101.54536060956282,99.95930573475437,100.05315399169922,2738200.0
2019-07-22,100.47548953030176,100.86966372380166,99.16159941918237,99.42437744140624,1905700.0
2019-07-23,99.58392333984376,100.0719386592504,98.842509805231,99.58392333984376,1303600.0
2019-07-24,99.4243741526332,100.05316542217882,99.01143318270408,99.43375396728516,1578800.0
2019-07-25,97.86646290536989,99.4712918651683,97.86646290536989,99.03019714355467,1705200.0
2019-07-26,99.33989815819535,100.4754785791286,98.62663848978258,100.25962829589844,1261500.0
2019-07-29,99.9968455440334,100.3440848075318,99.4806693953696,99.95930480957033,1060900.0
2019-07-30,99.62145698123008,99.9311627065581,98.98327874123471,99.79976654052734,1216200.0
2019-07-31,99.65899015344162,100.45671110282775,97.99784659656048,99.50882720947266,1485000.0
2019-08-01,100.12824750324936,100.49426076146707,96.18655579604982,97.20013427734376,1588900.0
2019-08-02,97.16258651297832,98.02600197454407,96.6088767583318,97.1250457763672,1563800.0
2019-08-05,96.02699689187833,96.73086952561282,93.99984743000758,94.9946517944336,2184900.0
2019-08-06,95.3137482706388,97.23766988866124,94.8444997940639,97.02181243896484,1664400.0
2019-08-07,95.7923953764322,97.8101655032344,95.30438005189056,97.51923370361328,1767600.0
2019-08-08,98.24186498054974,100.63503516377904,98.04478147230884,100.45671844482422,1861700.0
2019-08-09,100.32534146438446,100.53181197209796,98.5046547983632,99.01144409179688,1549800.0
2019-08-12,98.71110888294956,98.96449990742596,96.59010378409174,96.92796325683594,1743900.0
2019-08-13,96.89042864450415,101.39521712574214,95.9707055906899,99.89362335205078,1669000.0
2019-08-14,98.11047859657585,98.11047859657585,95.79238982887892,95.88623809814452,2413600.0
2019-08-15,96.84351248820391,97.0875165648966,94.48788289740632,95.17298889160156,1979500.0
2019-08-16,96.27102493056528,97.27521644409023,95.98008598877644,96.83412170410156,1900300.0
2019-08-19,98.43894895649376,98.91758442744649,96.97489593965469,97.68814849853516,1721500.0
2019-08-20,96.6839357405622,98.6172439885788,96.28976880889208,97.781982421875,2308000.0
2019-08-21,99.20852180195938,100.06255755008286,97.84770395030556,99.19913482666016,1686300.0
2019-08-22,100.29719147471675,101.3013831235572,99.19914438416988,100.79459381103516,3922400.0
2019-08-23,99.14283029354668,99.8279363078248,96.11148875516662,96.61827087402344,3917000.0
2019-08-26,96.9936689978167,98.31695327945692,96.94674844126416,98.1292495727539,1787500.0
2019-08-27,98.64543075820195,98.66419754973036,96.23349349750124,96.27103424072266,2355000.0
2019-08-28,96.0082513882419,98.37326081138568,95.72669940826952,98.1292495727539,2095100.0
2019-08-29,99.47128838425408,100.94472828947777,99.47128838425408,100.52240753173828,1927100.0
2019-08-30,100.82273824869976,101.80816301410036,99.2742166859978,99.49007415771484,2290600.0
2019-09-03,98.70174249473132,99.56515814508624,97.66939707277088,98.56096649169922,2095800.0
2019-09-04,98.99266837434308,99.48068367207355,98.36386993204968,99.45252990722656,1612200.0
2019-09-05,100.41918715973466,102.74666305932983,100.17517591506122,102.63404083251952,2440900.0
2019-09-06,102.90619788677516,103.8634616800681,102.3337141417104,102.46510314941406,1436400.0
2019-09-09,102.58712569910377,102.9437592143361,101.0573778548048,101.81755828857422,1443300.0
2019-09-10,101.87385628940694,102.00524530184988,99.88423999215571,101.50784301757812,2081500.0
2019-09-11,101.0139593536635,102.16163263427164,100.34605266252436,101.88882446289062,2020600.0
2019-09-12,102.78250161018455,104.30645500104396,102.53791375128591,102.87657165527344,2242100.0
2019-09-13,103.11175594457764,103.7232220364198,102.55673044743068,102.66020965576172,1576100.0
2019-09-16,102.14281489642777,102.14281489642777,101.12684118803836,101.21150207519533,1518600.0
2019-09-17,101.41848991512728,102.519132007203,101.03280046655333,101.72892761230467,1857100.0
2019-09-18,101.68186802071952,102.35918388322946,100.95752072042058,102.2651138305664,1984600.0
2019-09-19,102.35916057028852,103.13995546602234,101.96406213283888,102.1710205078125,1206900.0
2019-09-20,102.13341713103918,103.04591173885127,98.37055750432378,98.53988647460938,4592900.0
2019-09-23,99.11373061035854,100.94812194577496,99.03847168965282,100.68472290039062,2167000.0
2019-09-24,101.87942783817668,102.65081377891616,100.44012799409698,101.25855255126952,2176400.0
2019-09-25,101.30559387890186,102.66021850798715,101.30559387890186,101.82298278808594,1721200.0
2019-09-26,102.26513892220494,102.53794716582314,100.6471077818966,101.45612335205078,1390000.0
2019-09-27,102.17102129617534,102.94240704161246,101.72888425115345,102.5849380493164,1944600.0
2019-09-30,102.66959499429755,103.8454882915358,102.66959499429755,103.3375015258789,1582800.0
2019-10-01,103.82670934068577,104.81445571029558,102.76369687713878,102.82014465332033,1975400.0
2019-10-02,102.41563680901773,102.43444794966274,100.60005671064778,101.1550750732422,1724600.0
2019-10-03,100.70352557054784,100.8822565080934,98.60572833864312,100.59063720703124,1338800.0
2019-10-04,100.9574947557013,102.79188543065104,100.90105417403612,102.4720458984375,1570200.0
2019-10-07,101.79477738045568,102.509722846871,101.36204930730828,101.72892761230467,1618300.0
2019-10-08,101.08922305575656,102.82954419847523,100.4683549491546,101.48432159423828,1695300.0
2019-10-09,102.06756818898144,102.94243334625612,101.62543103098125,102.69784545898438,1458400.0
2019-10-10,102.41563500666312,104.5980933144282,102.08637904594453,104.42876434326172,1461300.0
2019-10-11,105.36005009919366,106.7805313556502,105.0402105349642,105.79277801513672,1962300.0
2019-10-14,105.76457421588115,106.15026358448902,104.72978928358776,104.79563903808594,852900.0
2019-10-15,105.0308036157306,105.83040972042366,105.02139445861636,105.3036117553711,1629500.0
2019-10-16,105.31301070053112,105.99973560839972,104.88969194468208,105.6046371459961,1824700.0
2019-10-17,106.28195569029818,106.9498623020344,105.9150703346138,106.32898712158205,1025400.0
2019-10-18,106.12203391611833,108.02228182456687,105.8304146258164,107.36377716064452,1595700.0
2019-10-21,104.88028731756204,106.50772702168015,102.60375930491384,104.40052795410156,2832700.0
2019-10-22,104.68274543093304,106.28196495271897,104.44756672276613,105.2659912109375,1377300.0
2019-10-23,105.3412580985562,105.56702766591248,103.16820179008975,103.37516021728516,1484700.0
2019-10-24,103.68558919751314,104.12772631375734,102.70724491790746,103.89254760742188,1362700.0
2019-10-25,103.57267546259258,104.99315651046818,103.1587659212548,104.12770080566406,1116900.0
2019-10-28,104.06189059352846,104.53224806961676,102.7825176844014,102.9048080444336,1548000.0
2019-10-29,102.96123141615055,103.9489848214871,102.30273393064908,102.36858367919922,1565700.0
2019-10-30,102.24630044762472,103.8455128390654,102.15222321994072,103.7796630859375,1579100.0
2019-10-31,103.9395758484341,104.39112210863964,102.75428037242769,103.1681900024414,1790900.0
2019-11-01,103.65738260284812,104.95556664966752,103.23405656923696,104.40995025634766,1294400.0
2019-11-04,104.9931966147997,105.37888601394592,104.40995075943174,105.14370727539062,1540400.0
2019-11-05,104.88029672826411,106.11263806349008,104.80504499476862,105.41650390625,1704700.0
2019-11-06,105.78336806351176,105.84921780724572,104.72036300692568,105.6046371459961,1282200.0
2019-11-07,105.689314696343,106.97809665793524,105.52939489020608,106.36663055419922,1389700.0
2019-11-08,106.08441110524332,106.35721927461016,104.79563634644022,105.19073486328124,1431900.0
2019-11-11,105.0402122869231,105.71752087725,104.52281630429428,105.52938079833984,1126300.0
2019-11-12,105.50118006582493,105.74576795542578,104.2688386360905,104.3911361694336,1327100.0
2019-11-13,104.42876291686468,105.3036280597608,102.848361599926,104.7862319946289,1683900.0
2019-11-14,105.13427922246628,106.3007634668554,104.41933402496416,106.1502456665039,1291100.0
2019-11-15,106.92165766620532,106.9310596475886,105.585837070022,106.64884948730467,1151600.0
2019-11-18,106.24433156960386,106.6206117470897,105.2095395502648,105.5387954711914,1800900.0
2019-11-19,106.03738243496632,107.20386687672593,105.19073760744529,105.75516510009766,1993500.0
2019-11-20,105.73634780384178,106.2161143743498,103.46922162976732,103.89254760742188,2267700.0
2019-11-21,104.57927553040432,105.21896196061964,104.04306831515656,105.16252136230467,2495600.0
2019-11-22,106.37603596282996,107.13801268751648,101.98289937703224,104.90851593017578,3955400.0
2019-11-25,105.38827398918482,107.2320740675896,104.9367349210895,106.6112060546875,2210100.0
2019-11-26,106.65825450216596,109.15115046287563,106.29137625940292,108.4926528930664,5066600.0
2019-11-27,109.23581560252876,109.5838755184688,108.3703524492077,109.43336486816406,1589800.0
2019-11-29,109.66856109905927,110.2894292934501,109.16998327613234,109.26405334472656,1411500.0
2019-12-02,109.73439090495832,110.60925602021725,109.01944559493006,109.1229248046875,2534700.0
2019-12-03,108.19159452272145,108.98179138822522,106.846372278471,107.4954605102539,1890600.0
2019-12-04,107.7306434611654,108.2856688619989,106.85577850978108,107.38258361816406,1964600.0
2019-12-05,107.70786339368776,107.76443754207372,106.73675896537304,107.00074768066406,1359200.0
2019-12-06,108.2735680923982,108.55641729031052,107.1987526493776,107.3967514038086,1243500.0
2019-12-09,107.25532450155482,108.78268999665042,107.18932731587977,108.48098754882812,1947000.0
2019-12-10,108.4055718638544,108.7732715127242,107.67016537296077,108.37728118896484,1264300.0
2019-12-11,108.7072556049939,108.7072556049939,107.60414965518434,108.2829818725586,1403600.0
2019-12-12,108.31126015293016,110.11205148724248,108.01898798180925,109.79148864746094,2041800.0
2019-12-13,109.65009592099638,109.73494636659656,108.65070067172934,108.88640594482422,1319200.0
2019-12-16,109.395514737965,109.86692521753436,107.65129740218892,107.84928894042967,1937400.0
2019-12-17,108.15099239740007,108.15099239740007,107.0101798890738,107.30245208740234,1746000.0
2019-12-18,107.30245009716138,107.62301296083837,106.1427843559682,107.00074768066406,1863300.0
2019-12-19,107.23646783284934,108.61298574913738,107.23646783284934,108.57527923583984,1427900.0
2019-12-20,109.48980669480784,109.48980669480784,107.9718642184876,108.64127349853516,3701800.0
2019-12-23,108.76382652317072,108.9241043600171,107.57587009946472,107.67015075683594,1470800.0
2019-12-24,108.00015940178886,108.80155589459278,107.74559367775508,108.53756713867188,535700.0
2019-12-26,108.47155416391686,108.99010137525372,107.73614777396214,108.71668243408205,1033000.0
2019-12-27,109.46150346741663,109.46150346741663,107.98127496356226,108.38668823242188,895600.0
2019-12-30,108.11328178757596,110.3194866566684,107.63244825911951,109.8386459350586,1415400.0
2019-12-31,109.92349958823117,110.34777336435508,109.03725271820248,109.76322174072266,1576000.0
2020-01-02,109.81978675218318,110.1591956744154,108.86753558439956,110.14977264404295,1722500.0
2020-01-03,108.82983565967774,110.3100644418118,108.61298365006084,110.17807006835938,1486500.0
2020-01-06,109.60295540770612,110.76262855249168,109.02783394796388,110.71548461914062,1573600.0
2020-01-07,110.31949812277094,112.08256896333012,109.87637105808896,112.00714874267578,1961900.0
2020-01-08,112.29941398099304,113.22337456652384,112.1485591627778,112.33712768554688,1565200.0
2020-01-09,113.77021069040964,115.60871599422497,112.70482552796888,115.146728515625,2185800.0
2020-01-10,115.1184426856612,115.38243141481236,113.60993052397356,113.81735229492188,1271700.0
2020-01-13,113.77963917195852,113.87391983382852,112.4219746229395,113.11023712158205,1392100.0
2020-01-14,113.17622254916806,113.26107297809206,112.01654966847138,112.15797424316406,1828000.0
2020-01-15,111.733734074689,112.5445608215372,110.7343387860422,111.03604125976562,1409100.0
2020-01-16,111.62058929015272,112.12028332151657,110.73433515564072,111.30003356933594,1853700.0
2020-01-17,111.45087350121968,111.93171424236336,110.7343275017129,110.95117950439452,2094800.0
2020-01-21,110.5457841540718,111.46032185618722,110.47035673276945,111.06433868408205,1853300.0
2020-01-22,111.37544220460694,111.72428856434308,110.68718690237648,110.69661712646484,1770500.0
2020-01-23,110.630617433885,111.83743440791224,109.40495439719004,111.45087432861328,1989100.0
2020-01-24,111.27173874715233,111.63001535489394,108.67898082257696,109.1409683227539,1548100.0
2020-01-27,107.54758270145408,108.89581691286328,107.01017506155829,108.2829818725586,2677900.0
2020-01-28,108.52813300462331,108.86754916234044,107.82101720823832,107.93415832519533,1558400.0
2020-01-29,108.16986429958762,108.82040594518077,107.44388804904156,107.73616027832033,1365900.0
2020-01-30,106.99132672194234,108.10385575303476,106.59533644818508,107.65129852294922,1627100.0
2020-01-31,107.3307265318743,107.51929502553214,105.1056758519321,105.77507781982422,5115000.0
2020-02-03,106.12391021089417,108.16040665425602,106.10505695930098,107.32129669189452,1662700.0
2020-02-04,109.15981976848238,110.12150126544942,108.66012576402962,109.69722747802734,1510200.0
2020-02-05,110.3760672521423,112.27113970062489,110.3760672521423,111.95057678222656,1715700.0
2020-02-06,112.5162605466665,112.8085399632315,111.38487816501016,111.43202209472656,1267000.0
2020-02-07,111.27174562828073,111.2811758535818,109.8763743962028,110.71548461914062,1059000.0
2020-02-10,110.20634896448414,111.630010725383,110.03664089236936,111.49801635742188,1373400.0
2020-02-11,112.23343177712906,113.07254203428266,111.88458535830776,112.8556900024414,1260900.0
2020-02-12,113.59107389327622,113.70420780631984,112.82738401446598,113.19508361816406,1388800.0
2020-02-13,112.91225735866072,113.84564823695509,112.64826860061014,113.7042236328125,1290300.0
2020-02-14,113.99650741451129,114.99589552043903,113.77965538746712,114.81675720214844,1307700.0
2020-02-18,114.62817405687365,115.97640831756112,114.10018942786638,115.48613739013672,1497200.0
2020-02-19,115.92927653499824,116.5609649180816,115.56157689749276,115.9104232788086,1061200.0
2020-02-20,115.8161295823373,117.0606602227554,114.96759642663908,116.7306671142578,1065400.0
2020-02-21,116.21212827202166,116.78724970596288,115.13731281685536,116.19326782226562,1316400.0
2020-02-24,115.02415529487308,116.13668429774631,114.12847827434632,114.66588592529295,1816400.0
2020-02-25,115.01473629931826,115.22215807838046,109.89521778024717,110.07435607910156,2295700.0
2020-02-26,111.63001716721688,114.46791062845408,111.21517359074056,112.38426971435548,2432000.0
2020-02-27,111.0643064309204,112.21454190255552,105.45451768256464,105.53937530517578,2738900.0
2020-02-28,102.40922622323691,104.32315182593582,100.65557847453212,102.56007385253906,4152000.0
2020-03-02,102.97492203187828,105.59596354760158,99.89189299656324,105.57711029052734,3138100.0
2020-03-03,104.65312708774516,107.77386217927342,101.43810414521894,102.97490692138672,3487300.0
2020-03-04,103.12575549904382,104.18171757897215,99.7598849111416,103.29546356201172,4938700.0
2020-03-05,100.2596010221967,101.03272129671902,94.94209013217515,95.87548828125,3136700.0
2020-03-06,92.00989042122757,97.50653812857692,91.77418519048176,96.64857482910156,3940100.0
2020-03-09,91.44421281328869,92.22675602131092,89.01173993948741,89.38886260986328,4067500.0
2020-03-10,91.60449562829577,96.09231859615564,90.30339799048326,96.0263214111328,3921200.0
2020-03-11,93.73527283431804,95.1966484290314,92.23619072525904,92.92444610595705,3731100.0
2020-03-12,87.37122485146413,90.9445174890026,85.82499890714061,86.12670135498047,5273900.0
2020-03-13,90.161958362891,91.57618968599712,82.47797392853636,87.52206420898438,4298400.0
2020-03-16,79.76240869258088,79.76240869258088,69.21758525521467,69.91741943359375,4883700.0
2020-03-17,70.39027243074796,70.61724428274673,64.01609153771892,65.78459167480469,7862800.0
2020-03-18,61.75582095133762,62.37053618586732,53.24429571141899,56.71510696411133,8149600.0
2020-03-19,56.232770170164834,65.56707229887745,54.53992268215471,61.47208404541016,7958700.0
2020-03-20,61.87875045293072,66.2007108589683,60.38450410472655,60.43179321289063,10008700.0
2020-03-23,59.28746199842416,62.82447288123621,57.21632683808149,59.50497817993164,5970200.0
2020-03-24,64.13903540198866,67.90302209262676,62.4840175243928,67.69496154785156,8351500.0
2020-03-25,69.93631647118826,80.25417313518697,68.84873918378477,76.87793731689453,5655300.0
2020-03-26,77.87096101602751,82.11726971496333,76.89686582102598,80.95402526855469,5436500.0
2020-03-27,77.34133775572076,81.1242352323737,75.65794953305888,78.06954956054688,3493000.0
2020-03-30,78.10738342461298,80.85944519821457,76.20648236409586,80.26364135742188,3237400.0
2020-03-31,79.5354396599788,83.97089046796432,79.19497821715271,82.24967193603516,4875800.0
2020-04-01,77.83313000281116,80.7365039577984,75.55393047201353,76.68879699707031,4468900.0
2020-04-02,75.65795599299979,77.80474731956699,71.5251375493724,75.09052276611328,4137500.0
2020-04-03,74.31503595422835,74.9297583472088,70.1443872768136,70.69290924072266,3534700.0
2020-04-06,75.65796264012056,83.28050006721492,73.90837369712888,82.4482650756836,5382000.0
2020-04-07,88.57655323711823,90.76117435313436,79.88534344988454,80.2068862915039,5867100.0
2020-04-08,81.09588008854038,86.87425766099494,80.10286642582373,84.2167739868164,3023800.0
2020-04-09,85.47455593316252,87.6118947788438,83.11970454847545,83.92356872558594,2693900.0
2020-04-13,84.18839849166548,84.18839849166548,80.4811598893433,82.27803802490234,2192200.0
2020-04-14,83.7060733383918,86.40138658583588,83.54529469778254,86.03255462646484,3034400.0
2020-04-15,81.88082651955607,84.50048013232973,81.52144660239148,83.75335693359375,2383500.0
2020-04-16,83.74389598867326,83.99923839426333,81.6822165700378,82.45771026611328,2610700.0
2020-04-17,85.17196066474905,87.02558013455904,83.90469308229687,86.74186706542969,5080600.0
2020-04-20,85.56913208592249,85.56913208592249,81.76731661494836,81.81460571289062,3565500.0
2020-04-21,79.10986852922476,80.86891695797664,77.19950069290834,78.21142578125,4154500.0
2020-04-22,80.45279112909695,81.31340397518885,77.49267573980298,79.31792449951172,3265800.0
2020-04-23,80.12176251329522,80.69865490389176,77.85202278811418,78.14519500732422,3721400.0
2020-04-24,78.50459796980793,81.61603264691952,78.12630670166776,80.84999084472656,2213900.0
2020-04-27,82.19291597604035,86.155496542285,81.80516548553707,85.90015411376953,3238400.0
2020-04-28,88.94538755591982,95.59382929598118,87.15796891968417,87.51734161376953,4800000.0
2020-04-29,91.86768163087083,93.34300961067622,89.96677327706382,91.7825698852539,3552400.0
2020-04-30,90.2504964347492,90.8652188512463,86.1082253958758,86.40139770507812,3058100.0
2020-05-01,83.4601892854861,84.71800463471972,82.62795430145242,84.13165283203125,1990100.0
2020-05-04,82.45773131200826,83.98034851608224,81.0485964436923,83.59259796142578,1864300.0
2020-05-05,85.11520197097427,86.04201512272577,83.2994127272667,83.95195770263672,2423200.0
2020-05-06,84.48158586218963,85.3894806726687,83.59260237023224,84.03709411621094,1938400.0
2020-05-07,85.72046609887887,86.88371038141993,84.88823115584404,84.97334289550781,2286200.0
2020-05-08,86.1555102439851,86.62837254742664,85.55024707280444,86.4959716796875,1480000.0
2020-05-11,85.2097862252142,86.44869037519001,84.03708972487107,85.82450866699219,1598100.0
2020-05-12,85.91906582429202,86.26898647231279,81.4457931650876,81.91865539550781,2301600.0
2020-05-13,81.28502532495776,81.6633166026255,78.13576793549088,79.17606353759766,2192900.0
2020-05-14,77.7952779715785,80.09338816247173,75.52553835342538,79.93260955810547,2171100.0
2020-05-15,79.1855244007465,81.33231608070005,77.87096056089541,80.67976379394531,3067500.0
2020-05-18,85.02063134165144,87.38494251791926,83.96141733717363,85.71100616455078,2581900.0
2020-05-19,85.62589176337218,86.63781662674103,83.16700965956335,85.01116943359375,3319700.0
2020-05-20,85.89070112211647,87.29037659466943,85.1152072997752,85.95690155029297,2431800.0
2020-05-21,89.37095809267504,94.00500921461544,88.42523366841394,91.6123275756836,5012800.0
2020-05-22,87.93347583093673,91.44211320509255,86.88372095549343,88.78462219238281,5340100.0
2020-05-26,91.4799280663278,91.896041912658,89.10615770656243,89.46553039550781,4445100.0
2020-05-27,90.0518931961023,91.35699048325388,88.70896606094993,91.25296020507812,2974500.0
2020-05-28,91.31915235695436,95.13988007500764,89.58848206346828,92.93634033203124,4286700.0
2020-05-29,92.71885608839592,93.50380936877146,90.2978030181658,91.69747161865234,4511800.0
2020-06-01,91.81094850973771,93.73076834786669,91.25296722791587,91.92443084716795,2253900.0
2020-06-02,93.2105903949274,93.61725215738946,90.78007908401815,93.447021484375,2510600.0
2020-06-03,94.4968039275179,95.2533865226812,93.45650827064811,94.70486450195312,2303300.0
2020-06-04,94.09958981210612,95.51817659319316,93.19169513804708,93.58889770507812,2689600.0
2020-06-05,96.74763121878046,99.23488436432876,95.80190660164791,96.91786193847656,2570800.0
2020-06-08,96.98406927536628,98.40265630202514,95.88702517806954,97.18267059326172,3616800.0
2020-06-09,96.55848583997896,97.3245277169972,95.20609929461108,96.07616424560548,2678700.0
2020-06-10,96.17074532680869,96.29368693809292,93.29574142454304,94.61029815673828,3299400.0
2020-06-11,91.4326452808571,91.58395744944816,88.15098009948345,89.2480239868164,3797000.0
2020-06-12,91.18674334252914,91.5366639619995,84.91659327625571,87.4605941772461,2933000.0
2020-06-15,84.30188493491232,86.52433616128715,83.09135867792376,86.3730239868164,3879400.0
2020-06-16,91.8203695532324,92.72827123791367,90.09915160216826,92.32160949707033,4164100.0
2020-06-17,92.43511339640226,92.80394538529718,91.32861742971744,91.43264770507812,3317200.0
2020-06-18,89.88166634669052,91.1489338402496,86.98775139578824,87.36603546142578,3357100.0
2020-06-19,89.9762529917721,89.98571225964791,86.67567560323117,88.24557495117188,6537000.0
2020-06-22,87.64029057812753,87.84835112944872,85.3232683627173,85.75830078125,2839400.0
2020-06-23,87.01612309959563,88.10370784057238,86.36357081194836,86.4959716796875,3749000.0
2020-06-24,84.92605178541181,85.45565512666589,81.74841730727861,82.32530975341797,3119100.0
2020-06-25,82.0605086728278,82.22128731554787,78.01280911611416,79.69619750976562,4748500.0
2020-06-26,79.20442962646484,81.98486206195136,79.05311023786165,79.20442962646484,5236000.0
2020-06-29,79.37465909830313,80.8783576188408,77.18057850476971,80.61355590820312,2845900.0
2020-06-30,80.39604330959595,81.08641816728624,79.23279897751709,80.61355590820312,5775200.0
2020-07-01,80.66083251706881,83.79117787806916,80.59463209967106,82.45771026611328,3703700.0
2020-07-02,83.92357471352447,86.17440322839438,83.51691296451634,83.77226257324219,3516300.0
2020-07-06,84.88823926110925,86.11767687057403,84.68017870165829,85.24761199951172,1907500.0
2020-07-07,84.35863950556094,84.35863950556094,81.49309484782616,81.69169616699219,2300300.0
2020-07-08,81.53090914304775,82.32532148342395,80.2068933859577,81.3512191772461,2350800.0
2020-07-09,81.08641620597037,81.54036713844441,78.7315642329811,80.12178039550781,2700800.0
2020-07-10,80.24471434199708,82.98731656026918,79.90425297888443,82.07942199707031,2767100.0
2020-07-13,82.24967919885593,83.015713905204,79.86644888862894,80.21636962890625,3584900.0
2020-07-14,79.42194055945335,79.42194055945335,75.32695205859903,75.8187255859375,7567700.0
2020-07-15,77.331882679096,80.04611436307374,77.19948183746827,79.11930847167969,5743700.0
2020-07-16,78.50459038304041,80.32983890126492,77.92769787832196,79.970458984375,3207100.0
2020-07-17,80.62301304698485,81.40796610803052,79.56379901706882,81.13370513916016,3217200.0
2020-07-20,80.93511926834827,81.40798160497292,78.9774694833345,80.18799591064453,3074600.0
2020-07-21,80.45276050355024,83.22373280486997,79.55432536507354,81.81460571289062,2263300.0
2020-07-22,81.66330737761227,83.98978873179715,80.97293254801419,83.96141815185547,2587700.0
2020-07-23,83.73446502433345,83.96143692993459,82.13618798731397,82.9778823852539,2890100.0
2020-07-24,82.91168166192625,83.31834356636205,81.28503404418309,81.483642578125,2167600.0
2020-07-27,81.25665160476598,81.56874243794104,79.5543517439402,80.50007629394531,2380700.0
2020-07-28,80.3298349819139,81.84299261910756,80.15960429677307,81.21881103515625,1814800.0
2020-07-29,81.47418848720555,84.13167272031589,81.33232833193725,83.63043975830078,2371500.0
2020-07-30,82.87382128432316,84.45318641513744,82.33475869934587,84.12217712402344,2524000.0
2020-07-31,83.81010942945551,84.90714611898908,83.15755720277349,84.80311584472656,3166100.0
2020-08-03,84.3586159642304,84.8409374420682,82.65631632558105,83.11026000976562,2784100.0
2020-08-04,83.06297814779646,83.97087273180024,82.46716714104367,83.58312225341797,2043700.0
2020-08-05,84.0181639798383,84.73691664461757,83.44127865326001,83.86685180664062,1894300.0
2020-08-06,84.02763163666657,84.02763163666657,82.14564164987684,82.24967193603516,3282100.0
2020-08-07,82.23074260055884,84.58560180664062,81.68222787277888,84.58560180664062,3321400.0
2020-08-10,85.1152198541401,88.17936574860329,84.93552985888324,87.4889907836914,2557800.0
2020-08-11,88.39687194763448,89.82491799164646,87.36602846993934,88.51981353759766,1846200.0
2020-08-12,88.53872133773417,89.33312637408662,87.33764730357157,88.96429443359375,1780900.0
2020-08-13,88.85080482387033,88.86026408819075,87.9712808399916,88.01856994628906,1583500.0
2020-08-14,88.14154066875012,89.61687613251512,87.60247786909763,88.95486450195312,1838900.0
2020-08-17,90.9030388107034,92.26487714344488,89.95731433907216,91.85821533203124,3101800.0
2020-08-18,91.52721646289858,91.70690642779232,88.21718069455062,89.18182373046875,2933900.0
2020-08-19,85.58806346344242,86.25006769803214,83.76281497058223,85.36109161376953,4579100.0
2020-08-20,84.05598544180475,84.84093845692337,82.49554589153661,82.71305847167969,3703200.0
2020-08-21,82.84547198701726,84.90715186555612,81.68223479107039,82.48609924316406,4292800.0
2020-08-24,82.28749205876139,84.47211337920372,82.00377181817946,84.46265411376953,2981900.0
2020-08-25,84.91661384191096,87.36603712550722,84.83149487480699,86.29737091064453,2534100.0
2020-08-26,86.18387801087168,86.59053986715213,84.85986937675479,84.9828109741211,1679600.0
2020-08-27,85.77722368203871,87.02557994326078,85.3516504716269,85.92854309082031,1958300.0
2020-08-28,86.25006763475349,88.83189857836916,85.94743609697666,88.7373275756836,1781500.0
2020-08-31,87.95237835563934,88.4063292896286,86.08929993924845,86.13658905029297,2057900.0
2020-09-01,86.07038575451934,86.73238999524011,84.67071036874603,86.31626892089844,2415900.0
2020-09-02,87.18636378874908,89.8343886616864,87.09178554499915,89.42772674560547,2181000.0
2020-09-03,89.96676839448952,90.44908990605975,87.933466507396,88.69950103759766,2331800.0
2020-09-04,89.19127777302747,89.83437073957109,87.68757923944632,88.25501251220703,1776600.0
2020-09-08,87.23362644783245,90.108629813052,86.7134822985089,88.5103530883789,2803200.0
2020-09-09,88.42524405573286,89.15344877322208,87.52680863326744,88.3968734741211,1895300.0
2020-09-10,88.2455333833553,89.45605935018074,85.47456085620172,85.78665161132812,1858500.0
2020-09-11,86.21224070081202,86.42029401020889,84.29241408716919,85.32325744628906,2264800.0
2020-09-14,86.2689944982352,88.95484875355052,86.02310409525519,88.68058776855469,1708400.0
2020-09-15,89.09670971804758,89.3709707056264,87.75378257774224,88.82244873046875,1795600.0
2020-09-16,89.77762025750822,92.53913385617508,89.06832693635926,90.80845642089844,1909500.0
2020-09-17,88.90757100726736,89.76817663492905,87.2147231199787,88.78462219238281,1463700.0
2020-09-18,88.79407740582386,89.3236808448279,86.25007605789737,87.26200103759766,2357300.0
2020-09-21,86.01363053926715,86.28789147869757,82.87382584742534,85.51239776611328,2466800.0
2020-09-22,85.78668035690376,86.41086207630866,84.53832413340028,85.70156860351562,1427100.0
2020-09-23,86.06094689883886,87.4322448149504,82.75091047965276,82.9778823852539,2241700.0
2020-09-24,82.15510044836756,83.3183376919742,80.50008236112225,81.97541046142578,2016600.0
2020-09-25,81.75788670865207,83.40345266590374,80.73650965020987,83.15756225585938,1624500.0
2020-09-28,84.91660002071536,87.64028386452476,83.99924614123893,87.2525405883789,1499300.0
2020-09-29,86.86478818411365,87.13904913696037,85.30434141840882,86.08929443359375,1711800.0
2020-09-30,86.58108327526712,89.49390933285355,86.17442144031592,88.25501251220703,2045700.0
2020-10-01,89.0021217274696,91.04488263053766,88.85080236375117,89.68304443359375,1460200.0
2020-10-02,87.95238534737611,91.4704819157201,87.22418060041737,90.99761962890624,1923300.0
2020-10-05,91.36645189818324,92.01900416476109,90.70444758086217,91.81094360351562,1086000.0
2020-10-06,92.12300971809512,92.20812144377425,89.10614682042207,89.50334930419922,1428100.0
2020-10-07,90.71388322296286,92.3499896188345,90.3545105464654,91.86766815185548,1123700.0
2020-10-08,91.9906332084488,92.70938596021624,90.97870812510664,92.54861450195312,904900.0
2020-10-09,93.95771686646196,94.25089633427768,92.32161770949372,93.06874084472656,1517200.0
2020-10-12,93.5510642132432,94.44004753698336,92.74719984501048,93.28626251220705,1690700.0
2020-10-13,93.9388147114894,94.35492857797144,92.21759643951304,92.34053802490234,1359600.0
2020-10-14,92.31217603142858,93.55107291159952,90.90304843971992,91.0638198852539,1100100.0
2020-10-15,90.193744511256,91.67853162753616,89.73033432999611,90.96923828125,1434200.0
2020-10-16,90.70444442212543,91.5366794228192,89.84383162427254,89.95732116699219,1657800.0
2020-10-19,90.08971215445484,90.46800337343088,85.58806180078038,86.0230941772461,2791200.0
2020-10-20,86.96882696104312,88.16044188978745,85.88124230788074,87.17688751220703,3316600.0
2020-10-21,87.04450071046767,87.81999466210526,85.87180412354644,87.16744232177734,1624100.0
2020-10-22,87.0633959982219,89.01159339336157,86.77968297467719,88.10369873046875,1917800.0
2020-10-23,89.38043859465809,90.2788741250592,87.56464178499836,90.25050354003906,1778300.0
2020-10-26,88.99268813332415,89.50338031022626,85.47459128042502,86.66620635986328,2339900.0
2020-10-27,86.76077988213896,87.46062133841762,85.94745608237153,86.48651885986328,1280100.0
2020-10-28,84.75583845638063,85.1908708922074,80.56627832783538,80.6513900756836,3082000.0
2020-10-29,80.69867855572274,82.95895968023832,80.1217859960458,82.2685775756836,1803100.0
2020-10-30,81.36066390356861,82.13615757459347,80.08393748625137,80.5473403930664,2634700.0
2020-11-02,82.1834611406687,83.97087988252918,81.73896946771724,83.78173065185547,2879700.0
2020-11-03,84.12220474213974,87.29038809229024,84.12220474213974,86.66620635986328,1824100.0
2020-11-04,87.31874195061533,89.30476189236725,86.22169810327698,87.19579315185547,1980200.0
2020-11-05,88.45361147627303,90.22211889169644,87.49842770941393,89.7870864868164,1841600.0
2020-11-06,89.99515518198855,89.99515518198855,87.5551840153204,88.2361068725586,1728100.0
2020-11-09,99.14974791193654,111.37796534364688,98.57286263530015,101.96800994873048,6490400.0
2020-11-10,101.6842927029801,103.9256623134195,100.49268505568286,103.48117065429688,3511800.0
2020-11-11,103.06506196860023,103.29203383444543,97.6838871093529,98.52558135986328,2482200.0
2020-11-12,98.12837894227523,99.7361077520607,96.9840531304364,98.93224334716795,2417500.0
2020-11-13,100.43594366366337,102.6016537347638,99.52804896746808,102.26119232177734,2586100.0
2020-11-16,103.7459562604104,104.94703020176549,100.70072997439402,104.82408142089844,2428000.0
2020-11-17,102.89482284767384,105.30641586133976,101.36274664411891,104.4647216796875,2260200.0
2020-11-18,104.4742020908972,109.363596745948,104.45528355753363,105.2591552734375,3831400.0
2020-11-19,103.79326839532229,105.62797631412371,102.88537370161902,104.21884155273438,3665900.0
2020-11-20,108.7488555256367,108.75831479068655,102.89482592287597,103.0745086669922,5031300.0
2020-11-23,104.23774265761432,104.398514071065,100.59670522581412,102.30846405029295,3852600.0
2020-11-24,103.98239536597256,107.3775497293454,103.45279200846556,107.25460815429688,2925200.0
2020-11-25,105.95898681116014,106.13867679704504,103.36770338437177,104.89977264404295,2301300.0
2020-11-27,105.73200497811138,105.84548730352726,102.79080112265716,103.59466552734376,827600.0
2020-11-30,102.5543522936166,102.5543522936166,100.86150481700317,101.6842803955078,5951000.0
2020-12-01,102.7340600981367,105.92115457896024,102.13825620114022,105.48612213134766,2155400.0
2020-12-02,104.0958799778956,105.74143834339876,103.86890815186516,105.52392578125,1072100.0
2020-12-03,105.20239612263904,107.29244649642716,104.91868308897745,106.92361450195312,1526000.0
2020-12-04,107.34919116538616,109.06095021982762,107.06547092622434,108.98529052734376,1362700.0
2020-12-07,108.2287156269396,108.71102993377394,106.9236111805973,107.4343032836914,1382400.0
2020-12-08,106.4034534105469,107.50994921799574,105.57121132742957,107.31134796142578,1523600.0
2020-12-09,107.46268020190642,108.46515315167778,106.34672492162552,107.62345886230467,1381800.0
2020-12-10,106.84794417201807,108.04901096600912,106.09136177803803,107.16948699951172,1312300.0
2020-12-11,105.97787978145374,106.81957396650324,104.4647221013257,106.6966323852539,1636300.0
2020-12-14,107.793685914774,108.1152287940454,104.49310208523264,104.5498504638672,1816600.0
2020-12-15,105.5995939451754,107.33026417873651,104.26611902759858,106.95197296142578,1364800.0
2020-12-16,106.75337769777452,109.0893183395493,106.48857599536048,107.27352905273438,1081300.0
2020-12-17,108.06796146381636,110.52685152817922,107.22626703335465,110.35662078857422,1477800.0
2020-12-18,110.3755136287156,112.00216104253074,109.9215698759754,111.27395629882812,6004000.0
2020-12-21,107.96391143007664,111.51037827376302,107.79368073296747,110.45116424560548,1906300.0
2020-12-22,110.0634082516672,111.23611175784828,109.25008465218563,110.40386962890624,1640400.0
2020-12-23,110.85784036059933,112.46556931759623,110.85784036059933,111.7279052734375,961800.0
2020-12-24,111.8697524276097,111.8697524276097,110.49844756782736,111.6144027709961,608700.0
2020-12-28,112.9762664526613,116.32413259815225,112.15348340506648,115.96475982666016,1597800.0
2020-12-29,115.93636477334678,116.70240653652682,114.678556652649,114.8676986694336,1054100.0
2020-12-30,114.87715345314888,116.62674229371834,114.77312318338429,115.84178924560548,786700.0
2020-12-31,115.80396303860697,116.74023549590108,115.10412892345516,116.14442443847656,849200.0
2021-01-04,115.88908734896994,116.55109164856816,110.15799887863008,110.71597290039062,2315600.0
2021-01-05,110.68759765665943,111.54820320989243,109.6851319836854,110.81053924560548,1994200.0
2021-01-06,109.60946277187576,116.45650561803234,109.60946277187576,115.65264129638672,1578300.0
2021-01-07,114.81094096469496,116.35246910376084,114.47047961129442,115.39728546142578,1463800.0
2021-01-08,115.34056342887224,117.0807003253233,114.6218107619486,115.76614379882812,1755100.0
2021-01-11,114.73529603922336,115.46350072941182,113.8652312309889,114.30972290039062,1856200.0
2021-01-12,113.54368920841964,115.78505902978485,113.29780601601271,114.58399200439452,1581200.0
2021-01-13,113.25997632774332,114.42321350626166,112.11565046585773,112.69254302978516,1300400.0
2021-01-14,112.9289721017582,113.2694263020475,109.72295923568754,110.71597290039062,2574100.0
2021-01-15,109.22172345300824,110.99969017912304,107.9922858987793,110.62139892578124,1425700.0
2021-01-19,110.66868215639282,111.41580540653636,107.1884155712625,107.79368591308594,2300200.0
2021-01-20,107.98282090619932,110.56465189916806,107.67073009759665,108.81505584716795,2413900.0
2021-01-21,109.03256523501013,110.20526145236713,108.16250053230344,109.12713623046876,1010000.0
2021-01-22,108.71103182819456,109.1838940931546,106.34672050339428,107.17896270751952,1583600.0
2021-01-25,106.46967636292892,107.83151486981808,105.07000079119427,107.37757110595705,1708000.0
2021-01-26,107.32082005697276,108.25708529711568,105.18348065429512,105.59960174560548,1214200.0
2021-01-27,103.63249458136993,105.06999267631556,101.40058413806332,102.03421783447266,2699400.0
2021-01-28,104.0864426339816,109.84590894910738,103.41497906306157,107.61399841308594,2445900.0
2021-01-29,105.8833209186313,106.83850474493973,104.3890743814965,105.24968719482422,2381500.0
2021-02-01,106.52641152924852,106.99927379889728,105.24022557857944,106.30889892578124,1412100.0
2021-02-02,107.3113580686566,110.52682274876976,106.9425260981015,109.96884155273438,1645700.0
2021-02-03,109.99721037688776,112.46555181138928,109.70403810120456,111.30231475830078,2184000.0
2021-02-04,111.65223445482552,113.91251547903508,111.20774277624528,112.3047866821289,1693600.0
2021-02-05,113.6760888974466,114.0922100115422,111.4252670486597,112.27642059326172,1389000.0
2021-02-08,112.503386145148,114.16786329269758,111.46309063366904,114.11112213134766,1441400.0
2021-02-09,114.05436192862678,114.234051874677,113.14646736463897,113.53421783447266,1103200.0
2021-02-10,114.06384561323388,114.28135823262662,113.19378070505054,113.7517547607422,1214000.0
2021-02-11,114.3948429653739,116.7213245385648,113.96926979557657,115.26490783691406,1559300.0
2021-02-12,114.37592361613356,115.43513044090555,112.10618336757084,112.62632751464844,890700.0
2021-02-16,112.69253353863851,113.903059729745,111.6238602485951,113.42073822021484,1102600.0
2021-02-17,112.86276133801066,113.43020182519405,111.75626537555304,112.98571014404295,1297900.0
2021-02-18,111.8886763022996,114.33810679420472,111.29287239549866,113.68555450439452,1838900.0
2021-02-19,113.7612170215018,114.31919109188028,112.22914051782992,112.4939422607422,1755500.0
2021-02-22,111.61439340609152,115.1324894197224,111.61439340609152,114.905517578125,1567600.0
2021-02-23,114.95281937038486,116.3241170511255,112.6830790580335,113.73283386230467,2841000.0
2021-02-24,112.68307810856945,117.17526958285536,112.58850709954032,116.90100860595705,1955200.0
2021-02-25,117.12797436937446,117.12797436937446,112.17238015827384,112.32369232177734,2247400.0
2021-02-26,113.43018912310067,113.4774710148676,109.63783218264732,110.30929565429688,1794200.0
2021-03-01,111.83193542306311,115.17980141699832,111.41581428468398,114.02601623535156,2038200.0
2021-03-02,114.05436355770756,114.4326547685986,110.05395330347514,111.25502014160156,2258800.0
2021-03-03,107.8126050372827,110.1863758175998,104.82411182027072,105.02272033691406,6375000.0
2021-03-04,104.7201002101206,106.24271035364188,102.6205902015348,105.94007873535156,4429300.0
2021-03-05,107.61398874499234,107.76530090884934,103.61357104588136,106.98980712890624,3789500.0
2021-03-08,108.43676009289176,114.44210841956412,107.26405667512154,113.83684539794922,3749300.0
2021-03-09,115.49187507784254,120.1826675914888,114.59343250057304,118.19664764404295,4694300.0
2021-03-10,118.53712719899308,119.35991026304436,114.7920583550575,114.97174835205078,3805900.0
2021-03-11,115.31218856138663,116.97666570149566,114.14894425177562,114.30972290039062,2425000.0
2021-03-12,114.67857371826906,116.22956157568656,113.72338979616102,115.96475982666016,2971700.0
2021-03-15,116.23489979005215,119.55264681462172,115.9126006041087,118.74690246582033,2647100.0
2021-03-16,117.73263245300924,117.73263245300924,115.30593954598672,116.96481323242188,1974600.0
2021-03-17,116.43397078138868,117.95065378072884,115.89365223687014,117.23970794677734,1786100.0
2021-03-18,116.67093845589648,118.70898437703823,115.85572008743978,116.7562484741211,2208400.0
2021-03-19,113.6470700954992,116.29178968201724,113.10675150677714,114.99312591552734,7687500.0
2021-03-22,115.92208804781568,116.11167070927496,112.63277752348073,114.37696838378906,1778500.0
2021-03-23,115.64720118330156,115.64720118330156,109.57098001036992,110.6042251586914,2072900.0
2021-03-24,110.68005174686752,113.0498712424541,109.39086936269922,109.46670532226562,2022600.0
2021-03-25,107.7604283201897,113.24893093240432,107.7604283201897,112.7939224243164,1771300.0
2021-03-26,113.29631541180645,116.11166183520972,112.9550680936832,115.98843383789062,2007000.0
2021-03-29,115.32491226827354,116.71836021213043,112.19674729232976,113.77978515625,1484200.0
2021-03-30,112.70861270582006,115.32489536223306,112.61382137574228,114.11154174804688,1338000.0
2021-03-31,113.66602325439452,116.17802607870082,113.29632476767917,113.66602325439452,1675400.0
2021-04-01,115.03101986048593,115.31540105075284,113.27735513947748,114.2347640991211,1370900.0
2021-04-05,115.5049860824518,116.67094030816448,114.20632979254324,116.5761489868164,1265200.0
2021-04-06,116.33919052002943,117.77055639479504,115.83678267458794,117.069091796875,1553100.0
2021-04-07,116.9079286943185,117.88429309922806,116.14958361735776,116.9837646484375,1747000.0
2021-04-08,117.67575400238997,120.99350123159374,116.19698898022166,120.81339263916016,2335400.0
2021-04-09,120.6143395824238,121.87509261137474,119.60005705561336,121.5433120727539,1214900.0
2021-04-12,121.51486353499422,121.7897562249027,120.0360912912779,121.33475494384766,1258400.0
2021-04-13,121.31580270875688,121.31580270875688,118.30139202335828,119.80859375,1508000.0
2021-04-14,120.10245760638084,120.98403081014284,119.31568297481434,120.26361083984376,2262900.0
2021-04-15,121.48643462918233,122.88936377296714,121.18309077959051,122.34905242919922,1885800.0
2021-04-16,122.76611442102865,123.30644016694758,122.49122174512144,123.14529418945312,1676100.0
2021-04-19,122.75664759407768,123.2306114844023,120.5858921085371,120.85131072998048,1309500.0
2021-04-20,120.13090031919688,120.13090031919688,117.20179948476888,118.45306396484376,1723000.0
2021-04-21,118.63314826281736,121.11671410696871,118.01699383652516,120.737548828125,1242400.0
2021-04-22,120.74702147056917,122.73766808942877,120.51952085952882,121.18306732177734,1144800.0
2021-04-23,121.2873762965686,122.70926819796854,120.51007567975462,122.1120834350586,966700.0
2021-04-26,121.90351427538003,122.31111626451384,119.86546093702248,120.56693267822266,1107900.0
2021-04-27,120.54796928298823,122.9651879193088,120.26359529949536,122.4438247680664,1523800.0
2021-04-28,121.86560087387429,122.84196539255872,121.34423766869546,121.82769012451172,1040400.0
2021-04-29,122.33957198781764,124.43449900299882,122.11207854980356,124.34917449951172,1220900.0
2021-04-30,124.56721613912386,125.88483541907456,123.35386951287715,124.12168884277344,1253100.0
2021-05-03,124.47241747574668,126.23556405088476,124.10272615180963,125.24972534179688,1182300.0
2021-05-04,124.32073399329492,125.17387775228428,123.22114866019672,125.11700439453124,1833600.0
2021-05-05,125.3160656242369,126.05544822990716,121.67602595567072,122.01728057861328,2196600.0
2021-05-06,122.51965478023608,123.0410179061892,121.05984525968168,122.33954620361328,1643400.0
2021-05-07,121.86560023858628,126.37774599345096,121.68549163553332,126.03649139404295,1438100.0
2021-05-10,126.64316147461848,127.23087208953126,124.05530813349549,124.14063262939452,1227700.0
2021-05-11,123.40122441502264,123.40122441502264,119.76118541897604,122.39642333984376,1415900.0
2021-05-12,121.07882862362008,121.7423680000208,117.0785719011243,117.62836456298828,1970200.0
2021-05-13,118.37722533167268,120.55746224318509,117.54305144113586,119.19244384765624,1295700.0
2021-05-14,120.06452799702448,124.39655013836052,119.72327344064686,123.7045669555664,1493600.0
2021-05-17,122.4248705173558,122.9936329873827,120.90819470433482,121.7328872680664,2486100.0
2021-05-18,121.8940332638664,122.41539645070428,117.70419409149451,118.31086730957033,3589700.0
2021-05-19,116.70886170240983,118.98388240987322,114.21580720844096,118.62367248535156,3946200.0
2021-05-20,118.1402268837364,119.36305448703597,115.28696970815186,116.10218811035156,3755900.0
2021-05-21,118.24452573746116,119.17349827350598,115.44814128944466,116.83211517333984,3684800.0
2021-05-24,117.44824347050596,118.10230866563522,116.58562579213452,117.07855224609376,2493500.0
2021-05-25,118.05492493145142,118.05492493145142,115.9031248510803,117.41981506347656,2675900.0
2021-05-26,117.82743337275532,119.66640846401592,117.55253343137632,119.57161712646484,1915600.0
2021-05-27,119.47680996445234,119.70431059086604,117.56199193180296,119.1166000366211,4549600.0
2021-05-28,120.34891230530188,120.56693888086215,118.24451143766876,119.80859375,2044900.0
2021-06-01,119.46732979751812,120.5100488466131,116.09270941720956,116.5666732788086,1982600.0
2021-06-02,116.39603861655232,116.68989387782834,114.35799269452316,114.68976593017578,2091500.0
2021-06-03,113.74185318662543,114.57603426810203,111.69433292651443,113.25841522216795,2381600.0
2021-06-04,114.15894936717967,114.46228598485284,112.01663043679795,113.24893951416016,2069300.0
2021-06-07,113.1301538171994,113.75728566118924,112.20846400070992,113.28218841552734,2078600.0
2021-06-08,114.37490958375923,115.06854747882176,113.75728173582918,114.2798843383789,1798900.0
2021-06-09,114.85953377916618,114.89754243744385,113.3202229906774,114.10887908935548,1735600.0
2021-06-10,113.51975917804543,114.09937851074842,111.58136116777132,112.09446716308594,4707600.0
2021-06-11,113.215676427641,114.10885433043158,112.37950062578334,114.09935760498048,3456300.0
2021-06-14,114.18487028252147,115.02104607450796,112.44601262354088,113.28218841552734,1856200.0
2021-06-15,113.4342329570955,113.8523209164562,111.96143562196444,112.81661224365234,2117900.0
2021-06-16,113.18717246422784,113.6242610682162,111.82839402707344,113.05414581298828,2415100.0
2021-06-17,113.13014757394376,113.36769618366525,110.7831661499903,112.34149169921876,3734400.0
2021-06-18,110.906699867469,111.27727513138156,108.85427632942242,109.51941680908205,4148500.0
2021-06-21,110.2035555241516,113.53873282478612,110.2035555241516,113.46272277832033,2264400.0
2021-06-22,113.34871813553391,114.86902809167904,112.63607216395874,114.40343475341795,1571500.0
2021-06-23,114.0233513252318,115.50565257264878,113.69078466708176,114.8595199584961,1291500.0
2021-06-24,115.93323951331,117.28251403954911,115.45814223651516,117.03546142578124,1652600.0
2021-06-25,117.9096252656842,118.82181831286908,116.94043012098668,117.41552734375,3143700.0
2021-06-28,117.31101056175838,117.31101056175838,115.0590470165015,115.71468353271484,1271100.0
2021-06-29,116.11376891889265,116.72189283946318,115.7241929304376,116.07576751708984,1249900.0
2021-06-30,116.35131517350918,118.2327034982844,115.98073989353068,117.8241195678711,1792500.0
2021-07-01,117.82411055962793,119.11637557797648,117.82411055962793,118.76480102539062,1499300.0
2021-07-02,118.89784610279384,120.21861599922956,118.6032881005326,119.96206665039062,1220400.0
2021-07-06,120.32313465256372,120.44666458511858,118.40374482903717,120.21861267089844,2446200.0
2021-07-07,120.72221186869524,121.22581378437846,117.38702720618905,117.90962982177734,1581600.0
2021-07-08,117.1684946618532,117.1684946618532,114.17538744952256,115.61017608642578,1643300.0
2021-07-09,116.5033544146729,118.60328350131122,116.5033544146729,118.55577087402344,1412800.0
2021-07-12,117.75761234110009,118.42274563463734,117.10197577360675,117.9191436767578,1079200.0
2021-07-13,117.78610789997522,118.10917779569036,116.3703201422398,116.56035614013672,1177200.0
2021-07-14,117.27299754136982,119.25890771600277,117.11146622436664,118.66978454589844,1290500.0
2021-07-15,117.17799118212427,118.06167240032846,116.5793712276282,117.5390625,1486300.0
2021-07-16,117.9001387165121,118.32772335413968,113.35821003479596,113.53874206542967,2197700.0
2021-07-19,111.72388215659464,111.98993548313824,108.69275908045267,109.78548431396484,2106400.0
2021-07-20,109.88050721259356,113.38672774197316,108.78778193046128,112.68357849121094,1984600.0
2021-07-21,113.03513808257296,115.80020758743866,113.03513808257296,115.5911636352539,1830500.0
2021-07-22,115.64818312073028,115.67668779863364,114.35591789344124,115.16358184814452,1025600.0
2021-07-23,115.9712339754258,116.5128445147254,114.95452621746308,115.61965942382812,962100.0
2021-07-26,115.47713604676748,116.3513132440454,114.52694154988052,116.29430389404295,1195800.0
2021-07-27,116.2562770156862,117.12095735199084,114.8499934404624,115.57213592529295,2150500.0
2021-07-28,115.54364934571778,116.43683449240244,114.74548944822752,115.14456939697266,1123100.0
2021-07-29,115.30609588520782,117.78610399746032,115.30609588520782,116.47483825683594,1166000.0
2021-07-30,115.97123708566863,119.0878737637786,115.6101585501796,116.57936096191406,1197800.0
2021-08-02,117.21597995278374,117.5010411681423,114.7074673554968,114.98302459716795,906800.0
2021-08-03,115.56265764283616,115.99024226786196,113.1776674191771,115.9237289428711,1157800.0
2021-08-04,115.60067589870252,115.71469460849924,112.71208351016648,112.78809356689452,1464800.0
2021-08-05,113.63377642599914,115.28712036148656,113.23469640684424,114.65998840332033,1305500.0
2021-08-06,114.98304301026474,117.03545944152842,114.84051237976097,116.95944213867188,1414000.0
2021-08-09,116.42733715186014,116.68389374025018,114.70748733468994,115.41062927246094,1080300.0
2021-08-10,115.73369371560209,120.10458699275527,115.334606513583,119.47745513916016,1635400.0
2021-08-11,119.89553890784302,120.98826400180894,119.15438837871734,120.91224670410156,1436300.0
2021-08-12,120.69370528904592,120.99776724685113,118.30872225258386,119.18289947509766,1075800.0
2021-08-13,119.20188007832748,119.44893264283124,118.04264904361096,118.45123291015624,1308700.0
2021-08-16,118.43223969510656,118.68879626499891,116.59836405427282,118.5842742919922,1133600.0
2021-08-17,117.4725524419224,117.87163967210532,114.12787073493824,114.74549865722656,1839300.0
2021-08-18,114.82150458800686,119.4299539006792,113.89031799965896,117.87163543701172,2526700.0
2021-08-19,116.91193758007007,120.5416804486823,116.38932768103324,120.27562713623048,2594000.0
2021-08-20,115.80971430138612,117.415545482207,112.9971391780672,116.98796081542967,4914800.0
2021-08-23,117.60556881194483,119.45845241668648,117.2444975156106,118.25170135498048,1728600.0
2021-08-24,118.72681765748202,119.37295030423252,117.32053364652546,117.62459564208984,2393700.0
2021-08-25,117.3015283728452,118.18520970035524,116.01876702630742,117.80513763427734,1683100.0
2021-08-26,116.64587649088246,116.75039846372138,112.51253194935364,113.3106918334961,2400300.0
2021-08-27,113.26318591636152,114.27039705523056,112.31299137931347,112.9686279296875,2130700.0
2021-08-30,113.282190060695,113.70977468823696,111.95191630364076,112.57904815673828,1306100.0
2021-08-31,112.40801849362728,112.76908981389636,111.67636462831764,112.50303649902344,1960400.0
2021-09-01,112.72157360898798,112.83559956148994,110.849696488924,111.67636108398438,1512100.0
2021-09-02,111.50532564964824,111.85690023239518,110.88769776078313,111.13475036621094,1331600.0
2021-09-03,110.40607681504405,111.02520608600638,109.72978440443444,109.90123748779295,1243600.0
2021-09-07,109.38688171011184,109.66311209024246,108.320068950564,109.0820770263672,2130700.0
2021-09-08,109.2916283344313,109.4345071153375,107.78665934128716,108.82489776611328,1990000.0
2021-09-09,108.93920573265667,110.58705355947356,108.72965114956624,108.8439483642578,1340300.0
2021-09-10,109.30117561390894,109.56787884482492,107.37709711435942,107.45329284667967,1302500.0
2021-09-13,108.48200918855544,109.12972013551858,107.62474363123395,108.1581573486328,1330100.0
2021-09-14,109.05351714598837,109.101145836389,106.78653246500468,107.0818099975586,1670500.0
2021-09-15,106.60553498388124,107.6723549797372,106.1483316050263,107.54853057861328,1554900.0
2021-09-16,107.8533326874131,108.81536810495922,107.5866222444574,108.25338745117188,2031200.0
2021-09-17,108.77728318405885,110.28225963940729,108.40580266581831,109.1773452758789,2795300.0
2021-09-20,107.95809927493607,109.0249192115032,106.31977878012,107.75807189941406,1355100.0
2021-09-21,108.62486257713208,109.93933127939373,108.03430038312788,108.42483520507812,1561900.0
2021-09-22,109.65359335831732,110.29177703635348,108.65344911825942,108.76775360107422,1036300.0
2021-09-23,108.80586027446202,111.89200878619155,108.80586027446202,110.07270050048828,1242400.0
2021-09-24,109.3297264200522,110.69182385695912,109.17732772105376,110.48226928710938,1099400.0
2021-09-27,110.25366439954996,112.9969063058132,110.25366439954996,111.06330108642578,1234600.0
2021-09-28,110.21557867951736,110.71089085874624,107.9962155979694,109.11066436767578,1380200.0
2021-09-29,109.89172699136412,110.98711411371504,109.04398869179452,109.5107192993164,984600.0
2021-09-30,108.01525312146404,108.72011251730952,103.31935167801537,103.68130493164062,3208800.0
2021-10-01,104.36712859615854,106.85319476477495,103.80514790947971,105.81494903564452,2634300.0
2021-10-04,105.719706626311,107.10085863554627,104.6338394009081,104.97674560546876,1577200.0
2021-10-05,104.69100986818538,105.26251786638556,102.98600579878656,103.17650604248048,2838500.0
2021-10-06,102.55736762718638,102.81455094568368,99.9379493512408,100.85236358642578,3235700.0
2021-10-07,102.26207846326686,104.31950844204924,101.95727375281326,102.78596496582033,1764300.0
2021-10-08,103.20506720299184,103.75752801328112,102.1477742708276,102.74786376953124,1549500.0
2021-10-11,102.56687856063816,103.26221813574278,100.4903942930915,100.52849578857422,1437000.0
2021-10-12,101.0428530515148,102.07157160757612,100.75709547468097,101.15715026855467,1162500.0
2021-10-13,102.090615057913,102.50972421766524,101.08095091900093,101.57625579833984,1320100.0
2021-10-14,100.69995687358832,103.67180108583622,100.6142266851716,103.00504302978516,1344300.0
2021-10-15,103.96707517670342,104.5195359474675,103.1098097164,103.54796600341795,1383100.0
2021-10-18,102.93837824210812,104.51955789729492,101.97633528644772,104.30047607421876,1353100.0
2021-10-19,104.71002715716196,104.71002715716196,102.95739489254946,103.50033569335938,1153900.0
2021-10-20,103.65273936830329,105.48156743622664,103.51938777587866,104.0051727294922,1259700.0
2021-10-21,104.34807349559586,105.54823776525129,104.34807349559586,105.45298767089844,801800.0
2021-10-22,105.71017365530464,105.73874795763837,104.6242992968068,105.14818572998048,718400.0
2021-10-25,105.72922252950978,107.8723824456485,105.56729663550954,107.7485580444336,1689000.0
2021-10-26,107.99620428154506,109.0725514425932,107.35802064356214,108.4534149169922,2056400.0
2021-10-27,108.45342727561751,108.66298187128037,105.31012287490954,105.40538024902344,1759000.0
2021-10-28,106.17691658242234,108.3105495215246,105.56730717125026,107.6056900024414,3301500.0
2021-10-29,107.60568592383152,108.10099082646612,106.98654934520044,107.82476043701172,1927300.0
2021-11-01,107.68189174106328,109.67264586154675,107.26278255059631,108.59630584716795,1482800.0
2021-11-02,109.49165520555962,110.48227221016606,107.71997577174076,109.10112762451172,1666600.0
2021-11-03,109.02492203354298,111.8729413117657,109.02492203354298,111.7586441040039,1356800.0
2021-11-04,111.91104415383192,112.70163376360128,111.3490634965777,112.00629425048828,1097500.0
2021-11-05,112.75878419598496,114.87336980476996,112.75878419598496,113.9684829711914,1496600.0
2021-11-08,114.25425181831876,114.40665781388029,111.87296264105392,112.98741149902344,1414200.0
2021-11-09,113.04454853577997,114.33044310637813,112.8254667563781,113.60652923583984,1427800.0
2021-11-10,113.71130409141756,114.71144832883024,112.93976881902984,113.03501892089844,1203700.0
2021-11-11,111.20620313310629,112.03489437218774,109.81553114371,109.98698425292967,2299500.0
2021-11-12,110.52038079711863,110.96806427926728,109.23448622670504,110.01554870605467,1301500.0
2021-11-15,111.39669946322827,112.36826947054368,109.56787120690429,109.96792602539062,1731700.0
2021-11-16,110.39655267779132,110.73945885399046,108.8534748848952,109.55833435058594,2174800.0
2021-11-17,114.09231682771062,117.50232440255684,110.40608612532588,110.98711395263672,3978900.0
2021-11-18,111.66340363447269,114.282821455863,110.22510308684376,113.84465789794922,4922500.0
2021-11-19,109.615486452171,111.29190851465232,105.65301844896076,107.42469787597656,6664900.0
2021-11-22,108.39626415346096,108.97729917560736,104.5766750571664,105.89114379882812,3080300.0
2021-11-23,105.3387107872905,110.30132412127666,105.06248762145488,109.94889068603516,2724600.0
2021-11-24,108.70108173128456,110.09175362042993,107.91049204759044,110.02507781982422,1547000.0
2021-11-26,106.8722282128298,107.08178276992068,104.081357715544,104.78622436523438,2045800.0
2021-11-29,106.76746962715386,107.45328201875397,105.0529459152709,106.35789489746094,2022900.0
2021-11-30,105.62444291131432,105.7196930076184,101.5667248581356,103.909912109375,3091900.0
2021-12-01,105.7101991588201,106.63413331468986,99.81412445092764,99.89032745361328,1894800.0
2021-12-02,101.24287398713253,106.25310758261116,101.24287398713253,105.31011199951172,2396700.0
2021-12-03,105.51014852556636,106.04356219669,103.58607023460232,104.95769500732422,1719100.0
2021-12-06,106.71009163803475,109.00205859395145,106.32809593105496,107.60778045654295,1697300.0
2021-12-07,105.49724105314624,109.04978799948384,105.26804659124208,108.00885009765624,2167300.0
2021-12-08,108.80149741161677,109.28854205268026,107.1589211993721,108.03750610351562,2267700.0
2021-12-09,107.45497141981248,108.53410975974728,106.93928563186888,107.46452331542967,1194400.0
2021-12-10,108.17120334850704,108.67735177889178,106.64322802025804,107.7796630859375,1541400.0
2021-12-13,107.30215898783254,107.875148764558,104.16025618086952,104.7427978515625,1637600.0
2021-12-14,104.09342249422592,106.8342335810108,103.911972912499,104.66641235351562,1779600.0
2021-12-15,103.95972434298636,104.75236407362048,101.3430660569238,103.92152404785156,1675900.0
2021-12-16,106.20395473052471,106.50954985131128,104.01703668747366,104.35128021240234,1765800.0
2021-12-17,103.93106746569518,105.1343438774668,102.27893944419183,103.2052764892578,3542600.0
2021-12-20,101.98290920439474,101.98290920439474,98.95560671661434,101.0947723388672,1997400.0
2021-12-21,101.96380819006708,103.76873765739504,101.13297539017712,103.66368865966795,1508700.0
2021-12-22,103.8069309478677,104.51362553192092,102.91879405576782,104.12207794189452,1294600.0
2021-12-23,104.5709160716764,105.83149668630747,103.95972591221658,105.20121002197266,1187400.0
2021-12-27,105.6405047100136,108.0375132070117,105.41130293093651,107.31172943115234,1656200.0
2021-12-28,106.92974119632048,108.29537092639173,106.80558840251996,107.11119079589844,1139700.0
2021-12-29,107.1780251955281,108.868346314055,107.1780251955281,108.20940399169922,1399300.0
2021-12-30,108.30491692830132,109.75649178803836,108.29536503253756,109.1261978149414,860100.0
2021-12-31,109.12619029239472,109.9188300090268,108.64869754058662,109.1357421875,1134800.0
2022-01-03,108.152107306662,110.03342989752946,107.81786384061068,108.066162109375,1793200.0
2022-01-04,108.68689685234412,109.49864035184734,107.72236674830476,108.066162109375,2273300.0
2022-01-05,108.22850399820962,108.64869264641938,104.66640502435604,104.72370910644533,2345100.0
2022-01-06,105.4304113977132,105.64050939487034,103.4249431006022,104.5136260986328,1844400.0
2022-01-07,103.77828630138548,103.77828630138548,100.17799369467028,100.2639389038086,2999200.0
2022-01-10,99.6241141524358,99.7196112712055,96.3962649078567,98.47813415527344,4096400.0
2022-01-11,98.3253064273213,102.25029742404556,97.98151106366944,102.1166000366211,2645100.0
2022-01-12,102.76599672679114,103.77827908920176,99.85328785349064,100.69367980957033,2260900.0
2022-01-13,100.98018582821008,101.54363117963324,99.74825340150116,100.01565551757812,1960700.0
2022-01-14,99.14660480244888,99.45219990332446,96.03334970318024,97.66637420654295,3552200.0
2022-01-18,96.43445404513756,96.59679985684215,94.3430331422482,94.74412536621094,4103200.0
2022-01-19,95.46035672033362,96.38669388915682,94.40987405033394,94.5722198486328,2118500.0
2022-01-20,94.94466985734373,96.3198514999822,92.77685567687092,93.04425048828124,2379800.0
2022-01-21,93.10154537510248,94.23798058612677,90.77138543374151,91.13427734375,3086000.0
2022-01-24,89.38664721885729,94.01832574113976,88.75636053612367,93.82733154296876,4575900.0
2022-01-25,91.59266720704096,93.54083130908424,90.04558799969442,92.26115417480467,3139100.0
2022-01-26,92.90099086323596,94.84916221184343,89.76863950169653,90.4944305419922,3125200.0
2022-01-27,92.04151032768311,93.41669193548177,90.16973940926944,90.5994873046875,2214700.0
2022-01-28,90.1028837756628,91.51626557337372,88.3839141841327,91.4589614868164,4187700.0
2022-01-31,90.82868439095247,93.54084009897856,90.62813828177832,93.34984588623048,2891500.0
2022-02-01,93.83689137939592,94.67727612281028,93.1301967572452,94.10428619384766,3762500.0
2022-02-02,94.52445783150252,94.93510184378395,92.2706917109756,92.94873046875,2966300.0
2022-02-03,92.6526997946436,92.90099809095,90.04559318429294,90.13153839111328,3057100.0
2022-02-04,89.3006905021497,90.59947128295651,87.9541575349759,89.92143249511719,3617800.0
2022-02-07,90.29388279542968,90.80956855867292,88.78500394249384,89.14789581298828,2512900.0
2022-02-08,89.57765359951608,91.82186833752684,88.94735959636746,91.1820297241211,2161600.0
2022-02-09,92.51898260960984,93.55036858667924,92.2133875741034,93.03467559814452,2827100.0
2022-02-10,90.07424377160558,93.59814305596154,90.07424377160558,92.22296142578124,2470000.0
2022-02-11,92.1465662634896,92.66225940523096,89.71135715000052,90.02649688720703,2187700.0
2022-02-14,90.63769442576026,91.3825820907325,89.12881530206838,90.02649688720703,2320400.0
2022-02-15,91.2966239694477,92.24205769477972,90.66633724788038,91.86006927490234,2565200.0
2022-02-16,91.46852095909232,92.18476016971702,90.19838834362028,91.39212036132812,2431600.0
2022-02-17,90.13153589040368,91.31572324857152,87.2379307656781,87.61992645263672,3101500.0
2022-02-18,87.32388498885845,89.96919187665794,87.15198729061417,89.26250457763672,3260000.0
2022-02-22,89.11924619169099,91.21066675935428,87.7631685360563,88.08786010742188,3364800.0
2022-02-23,85.49985337214557,86.24474092011408,82.63489678090578,84.05782318115234,5274900.0
2022-02-24,82.81635639252055,86.70314768056707,82.27201486570192,86.55989837646484,4279900.0
2022-02-25,86.90367340564954,88.77544395853288,85.72903813071757,88.55580139160156,2525100.0
2022-02-28,87.09466585936116,87.83000869997908,86.15878424434253,87.27611541748047,3177700.0
2022-03-01,86.90368518060664,87.78227013929629,84.95551378136336,85.51895904541016,4002500.0
2022-03-02,90.87642636488584,93.21613799469718,89.84504024575244,90.72362518310548,5477000.0
2022-03-03,90.6567671305149,90.6567671305149,88.01146069613698,89.31978607177734,3266600.0
2022-03-04,88.51762876244605,88.85187230742015,84.86958360166552,85.41392517089844,4347900.0
2022-03-07,85.7003885200256,85.89138997330478,81.25970491324091,81.28836059570312,4641900.0
2022-03-08,81.63217187853073,84.74541967279993,80.638985985268,81.99506378173828,3160200.0
2022-03-09,84.30610695836717,85.28019611198243,82.73037964702019,84.58305358886719,3488200.0
2022-03-10,83.12194312064929,85.75770527790466,82.42480046354149,85.56670379638672,2235100.0
2022-03-11,86.62674445092009,86.99918825870394,83.65673859892746,83.80953979492188,2228200.0
2022-03-14,84.61456513589071,85.03625065919184,82.01738095111868,82.18988800048828,2063100.0
2022-03-15,83.81912994384766,84.89250813657499,82.48699478854904,83.81912994384766,2744000.0
2022-03-16,84.93082005165417,87.54716815243717,84.71997731290914,87.53758239746094,3376600.0
2022-03-17,86.57921989888918,88.73555433180077,86.30129878413301,88.37137603759766,2467400.0
2022-03-18,87.58550624537992,89.57891925097051,86.99131372108208,89.44474792480469,4463400.0
2022-03-21,89.92394488932531,90.32645891960166,86.67506806591359,87.27883911132812,2095200.0
2022-03-22,88.07426893271821,89.49265347637726,87.30756944678107,87.8634262084961,2008000.0
2022-03-23,87.20215970351845,87.27883112468552,85.23750389068887,86.00419616699219,2858800.0
2022-03-24,86.58880575071925,86.94340560121289,85.4387636432746,86.65589141845703,1739400.0
2022-03-25,87.48008116871686,87.72925961181124,84.94039721077087,86.4642105102539,2284200.0
2022-03-28,86.56962882524829,87.7771706670236,85.67834376386841,87.74842071533203,1496500.0
2022-03-29,89.30099282596544,91.94609832242332,89.26265711595427,91.57233428955078,2467100.0
2022-03-30,90.6043863663905,90.88231480665488,88.60138736992981,88.75473022460938,2188100.0
2022-03-31,88.33303468350005,88.93681296569383,86.63672158848317,86.69422149658203,2927900.0
2022-04-01,87.53760417628399,87.67178284396805,86.20546906291914,86.83799743652344,2160700.0
2022-04-04,87.20217101180516,89.64601986795017,86.5504784709525,89.29141998291016,2416800.0
2022-04-05,88.36177550473028,90.16351709802044,87.19256939409522,89.27223205566406,2451800.0
2022-04-06,87.60468906505052,91.1506585345469,87.27883915101921,90.26895904541016,3356700.0
2022-04-07,89.3584904291238,91.83108882261868,88.34261973130498,91.38065338134766,2811100.0
2022-04-08,91.22731830543924,94.217430505954,91.1506468870186,92.80862426757812,2722400.0
2022-04-11,95.03205114780972,98.23300608017834,94.7349512305752,95.55915069580078,3994400.0
2022-04-12,96.08627963003688,99.21056386205392,96.08627963003688,97.9359359741211,4825600.0
2022-04-13,98.2521603309998,99.72805207716394,98.19466042913238,98.64509582519533,2300100.0
2022-04-14,98.4246861522977,100.33184946219276,98.4246861522977,98.78887176513672,2165800.0
2022-04-18,98.14676891938988,100.64811028081,98.04134753379178,100.14017486572266,2969700.0
2022-04-19,100.03473793494356,103.36028566325226,99.98682378371096,102.89068603515624,3030200.0
2022-04-20,103.42738093153368,104.7978515468509,103.3219595525255,103.89698791503906,2072700.0
2022-04-21,104.8553555840063,105.8233048537937,102.32524987647956,102.71818542480467,2536800.0
2022-04-22,101.53939479777782,101.98025184991918,98.99013198412904,99.1530532836914,2430100.0
2022-04-25,98.88470527886348,101.47230366703066,97.72507741976403,101.21354675292967,2748200.0
2022-04-26,99.93890742755217,100.82060682260428,98.6834439995586,98.7409439086914,2425000.0
2022-04-27,98.44384029025647,98.68343296724338,96.18208483455726,97.0350341796875,2648000.0
2022-04-28,98.17551100880682,100.14016684011985,97.15005450436442,99.83348846435548,2373300.0
2022-04-29,98.25216535626764,98.98052916825654,95.35788892956236,95.61664581298828,2696800.0
2022-05-02,96.22043527310566,97.49507026467111,94.76370747937676,97.10213470458984,3059100.0
2022-05-03,97.3896558604923,97.44715577611902,94.7062143504674,96.2683563232422,2449700.0
2022-05-04,96.30669009473073,99.8718310274627,94.8020480679368,99.59390258789062,2449200.0
2022-05-05,98.13718734080616,99.00930110849356,94.38037494872646,95.73167419433594,2719500.0
2022-05-06,95.00330333732109,95.08956051922834,91.11231987827972,92.23361206054688,3446300.0
2022-05-09,91.524422678405,92.33903649643072,89.15724534081536,89.52143096923828,3225500.0
2022-05-10,90.73854440960156,91.16022988637792,84.16412037046,85.88919067382812,5568400.0
2022-05-11,85.39083456210668,86.72296935397621,84.02994981688279,84.19287109375,3338000.0
2022-05-12,83.52201211936824,85.94668894101663,83.3399193375439,85.41000366210938,3092000.0
2022-05-13,86.28210883925662,88.36177140431913,85.9754305223432,88.22760009765625,2701800.0
2022-05-16,87.71967158716654,88.52470680102954,86.3012870039527,87.9880142211914,2563900.0
2022-05-17,87.69093318663732,89.27224655891817,85.6400201429531,89.18598937988281,3958400.0
2022-05-18,91.3902559476757,94.31329032013018,88.32347177968263,88.93682861328125,7013200.0
2022-05-19,88.19886619995766,90.728964602914,87.4130024128544,88.84097290039062,7356600.0
2022-05-20,67.08594931394367,71.54237455215615,66.84635663782245,68.87810516357422,34575500.0
2022-05-23,69.2614634053013,76.47800259919512,69.2327134474905,75.47171020507812,12789900.0
2022-05-24,74.47500127643181,75.31836503069358,72.43367390497396,74.37916564941406,6149500.0
2022-05-25,74.13956232236701,79.13267308729957,73.40161274511523,77.9730453491211,4410400.0
2022-05-26,78.96975669639535,83.6849393560255,78.95058518547454,83.3686752319336,5308700.0
2022-05-27,83.73285359051889,85.50583798455136,82.50613291014125,83.67534637451172,3767500.0
2022-05-31,82.75532504334603,82.85116067016669,80.62774049369521,81.4806900024414,4228700.0
2022-06-01,81.84486702589736,82.18029534043933,78.93141894341055,79.21893310546875,3805800.0
2022-06-02,79.06559789432009,80.30189721153694,78.4905768265375,79.74604034423828,3585300.0
2022-06-03,79.06559310056302,80.47439938387748,78.82600039419768,79.27643585205078,3059400.0
2022-06-06,79.76705679325623,80.08451066905089,78.03550420939442,78.23751831054688,2676000.0
2022-06-07,76.43859949358095,78.31445678829554,75.9287534718148,77.44867706298828,3671800.0
2022-06-08,77.50639563047734,80.06525497011826,76.65985950616943,77.96814727783203,2557300.0
2022-06-09,77.10235806685894,77.80459625650914,76.6502282886853,76.72718811035156,2719700.0
2022-06-10,75.35157916450714,76.33279142035927,74.21644723126181,74.26454162597656,3983400.0
2022-06-13,72.3983148852518,73.07169514088638,71.62873115941714,71.98466491699219,4753300.0
2022-06-14,72.10972199493129,72.84082582935604,70.57056182190128,71.18622589111328,3113300.0
2022-06-15,71.90769858109323,74.04328625504614,71.90769858109323,73.11016845703125,2616400.0
2022-06-16,71.34014012436548,71.62872850639381,70.17614276384737,70.81105041503906,3303200.0
2022-06-17,70.90725766645645,72.83120987232192,70.63790553192251,71.9173355102539,5539300.0
2022-06-21,72.74461631692633,73.40837466177419,71.48442296447769,72.244384765625,3204600.0
2022-06-22,71.09963741879163,71.92692988393999,69.75286978323845,70.04145812988281,3335100.0
2022-06-23,70.50322635715806,71.45558060208288,69.47391226595985,71.1669921875,2821900.0
2022-06-24,72.13855858731974,75.29383783584686,71.84997026929636,74.58197784423828,10913200.0
2022-06-27,74.56274254883984,75.30346064815717,72.95623746607866,73.43722534179688,2123200.0
2022-06-28,73.69698922376932,74.37036955453915,69.89718658430567,70.01261901855469,3612500.0
2022-06-29,69.64705259680935,69.94526275997548,68.762036581463,69.07948303222656,2807200.0
2022-06-30,67.80007959927568,68.85825185455771,66.93429963066481,67.55958557128906,5531300.0
2022-07-01,67.47299953181854,68.81976746911786,66.60721961931934,68.66584777832031,2977800.0
2022-07-05,67.5787932906389,71.36897991771941,67.43449546699973,71.01304626464844,3824500.0
2022-07-06,71.67682919296257,72.08085732547838,70.17614173901335,71.17659759521484,2470000.0
2022-07-07,71.31128793262096,73.75470818551919,71.31128793262096,73.62965393066406,2387000.0
2022-07-08,73.08131567166355,73.54306002761562,72.07123796666528,72.59070587158203,2596400.0
2022-07-11,72.48488681315573,72.72538080214382,70.75333449601783,71.7634048461914,1969600.0
2022-07-12,71.59986640770776,73.12940456322215,71.39785234976966,72.21553039550781,2827900.0
2022-07-13,70.78218629102174,73.69697200345213,70.73408456179418,73.42761993408203,3164600.0
2022-07-14,72.48489299036783,74.30302711491699,72.33098064073185,74.04329681396484,3095200.0
2022-07-15,74.65896640505078,75.63056433012285,74.62048647997617,75.01490020751953,2875800.0
2022-07-18,75.87105535969843,78.17017758217763,75.87105535969843,76.1115493774414,2948700.0
2022-07-19,76.87150320977123,78.44914321187225,76.28469728150625,78.08358764648438,2424300.0
2022-07-20,78.30484471794006,79.53617277412111,77.83347855190385,79.34378051757812,2444900.0
2022-07-21,79.16099356339498,80.52699750872611,78.55495142014637,80.43080139160156,1938100.0
2022-07-22,80.61359407366811,81.71986063431643,79.3341641951315,80.07488250732422,1680200.0
2022-07-25,80.20954956694858,80.20954956694858,78.5164772320508,79.48806762695312,1484600.0
2022-07-26,75.4381516686703,76.40974942584556,74.71666971161119,74.99564361572266,3430100.0
2022-07-27,75.31309574136213,77.48716337798481,74.49541767631057,77.21780395507812,1889600.0
2022-07-28,77.6025793264259,78.37216283571767,76.45783321395201,78.30482482910156,1543700.0
2022-07-29,78.36255826563381,78.59343043350316,76.92921618697467,78.170166015625,2032400.0
2022-08-01,77.91042278359863,79.90171251862184,77.44867848117511,79.17061614990234,2394800.0
2022-08-02,79.69972824438369,79.69972824438369,76.21737903014733,76.79456329345703,4103000.0
2022-08-03,77.71803992160176,81.85453221162358,77.62184379193506,81.36392974853516,2990800.0
2022-08-04,80.93103014703459,81.71985009460307,80.12297391067874,80.57510375976562,1677800.0
2022-08-05,79.89210503174036,81.36392705079365,79.67084733547827,81.02723693847656,1350000.0
2022-08-08,81.78719581966094,83.69191151798036,81.3927894783656,82.06616973876953,1836200.0
2022-08-09,81.90264102254123,82.0661751910335,80.0941286749504,81.24849700927734,1834300.0
2022-08-10,82.8453599714502,84.04782974225408,82.81649453194474,82.903076171875,1799900.0
2022-08-11,83.90354171874102,86.25076533455272,83.82658188297484,84.79817962646484,2517600.0
2022-08-12,84.96171580203745,86.7894715790183,84.68274189519302,86.69327545166016,1908500.0
2022-08-15,86.19305415868386,87.231990072756,85.80826226392067,86.73176574707031,2146000.0
2022-08-16,86.94337930771472,90.80090472650254,86.94337930771472,89.11744689941406,3432400.0
2022-08-17,87.7514286543928,90.84899172832814,86.80868919477628,89.29058837890625,3846700.0
2022-08-18,88.29977121437854,88.89619893122607,87.31855165889694,88.50178527832031,3072800.0
2022-08-19,88.27091278974707,90.20447911156752,85.87558745609287,87.54943084716797,4911300.0
2022-08-22,86.61632633019678,87.23199042861148,84.60579252498712,84.75971221923828,3668100.0
2022-08-23,84.82704574979284,85.90446153449919,84.4133957675595,84.61540985107422,2148700.0
2022-08-24,84.43261045256814,87.30892330104656,83.88428455497363,87.11652374267578,2746700.0
2022-08-25,86.46239802131177,88.6172294903627,86.09684979282893,87.45323944091797,2475500.0
2022-08-26,87.71298417278223,88.15549231361138,83.81697789520396,83.9420394897461,2530300.0
2022-08-29,83.05699939720719,84.91361326080133,82.59525505456378,83.65342712402344,2260900.0
2022-08-30,84.086321964927,84.77893848929516,82.36438412034833,83.0473861694336,1960400.0
2022-08-31,83.35521006640862,83.68227833724089,82.37399057532502,82.98965454101562,2153700.0
2022-09-01,82.52791735354397,85.25031104431484,82.52791735354397,85.14449310302734,2248600.0
2022-09-02,85.66577932344899,86.14845783024228,83.67714623228926,84.362548828125,2094800.0
2022-09-06,84.67146063437544,85.05760490305256,82.68282759355878,83.71575927734375,1822800.0
2022-09-07,84.20810598144224,89.56583365239663,84.14053127671242,88.94800567626953,2868000.0
2022-09-08,88.06953374262926,89.58514413407326,87.49031357563432,89.06385040283203,2144200.0
2022-09-09,88.92870015773588,90.4539588032108,88.92870015773588,90.27054595947266,2046600.0
2022-09-12,90.78217538327132,92.51016533932828,90.78217538327132,91.68961334228516,2158700.0
2022-09-13,89.01556618838157,89.89404457489537,86.36083449498032,86.74697875976562,2602400.0
2022-09-14,87.02693086939249,87.499953714591,85.25067024432344,86.36083221435547,2054600.0
2022-09-15,86.438070672498,88.50393415909818,86.21603531156146,86.4573745727539,2034400.0
2022-09-16,85.67543103754356,87.58684107766827,85.10587396081847,87.12346649169922,3962400.0
2022-09-19,86.29325852274444,87.82817992712937,86.13880523817181,87.59648895263672,2063700.0
2022-09-20,86.61183303313132,86.72767116190116,83.84125573364916,85.24102783203125,2055200.0
2022-09-21,85.86850904844061,87.71234460065347,84.5459745666802,84.8066177368164,2319600.0
2022-09-22,84.70041771573226,85.18309619634519,83.04000256400951,83.59025573730469,3681300.0
2022-09-23,83.03035781842415,83.06897298232148,80.18255024298418,81.5147476196289,2993800.0
2022-09-26,81.8719132348187,83.0689610483962,79.9701590353511,80.05704498291016,2630800.0
2022-09-27,80.81969217528602,82.52837088716045,79.67091494642821,81.47613525390625,2262300.0
2022-09-28,82.23877782369206,84.60389989108246,81.72713971348772,83.9957275390625,2102600.0
2022-09-29,83.16550944107307,83.16550944107307,80.2887422567911,81.11894989013672,2051000.0
2022-09-30,80.5300721787513,83.03999868775907,78.41594554061325,81.35062408447266,3720900.0
2022-10-03,82.50907848940616,84.45909673195571,81.23480731974736,82.98210144042969,2706600.0
2022-10-04,84.71973382984521,86.39945297632183,84.71007819745519,86.28360748291016,1972200.0
2022-10-05,85.38581712511608,87.27792318061086,84.93210555674898,86.70835876464844,1767700.0
2022-10-06,86.60216602164928,87.57717854619172,85.08655599364027,85.18309020996094,1788900.0
2022-10-07,84.26601782781228,84.73904072036501,83.18481527974481,83.85091400146484,1743100.0
2022-10-10,84.15017772260828,84.59424111051369,81.18653168206211,82.89521789550781,1836800.0
2022-10-11,82.29667856069265,84.51700245323372,81.86227088675976,83.15584564208984,1931100.0
2022-10-12,83.26203247841565,83.6578323419614,81.49542758690451,81.58231353759766,2125100.0
2022-10-13,79.53577097965885,83.01105507100442,78.74417845126852,82.48976135253906,2988800.0
2022-10-14,83.13655736847797,83.78334486769816,78.39665040011,78.62833404541016,2788400.0
2022-10-17,80.68454468480091,81.97811960743071,80.47216495360142,81.29271697998047,3007300.0
2022-10-18,82.90487190604263,83.9667706953349,81.08034742639069,81.72714233398438,1890400.0
2022-10-19,81.04171921141749,82.11326609716753,79.36200005203484,80.76177215576172,1479200.0
2022-10-20,81.23480535854334,82.27739284448197,79.49715954864563,79.63230895996094,1716300.0
2022-10-21,79.54541583201014,82.38356031665528,79.29442095748738,82.12291717529297,2194000.0
2022-10-24,82.28702804712175,84.29497236081829,81.59196983352761,84.07293701171875,1792200.0
2022-10-25,86.08087087051061,90.4056729158914,85.5885441665845,89.84576416015625,3595500.0
2022-10-26,90.37672896391447,92.2495166179715,89.78786057882378,90.15469360351562,2939100.0
2022-10-27,90.67598175372288,91.97921220841512,90.20295889403828,91.32276916503906,2347100.0
2022-10-28,90.78217572777224,92.4908544253911,89.91335293021618,92.04679107666016,2293900.0
2022-10-31,91.8054507892502,93.22452678181314,91.43861777443992,92.37501525878906,2969800.0
2022-11-01,93.11832804349632,93.98715074847112,89.47893567915979,91.39999389648438,2643300.0
2022-11-02,90.8980290561452,93.94855369535146,89.21830238108002,89.3920669555664,3326200.0
2022-11-03,89.34380204218014,90.6084174791487,88.72597409090619,89.10246276855469,2071600.0
2022-11-04,90.40568045948832,91.99852091091164,89.01556408514227,90.6277084350586,2475500.0
2022-11-07,90.6759859019645,91.28415817795305,88.55220338716575,89.9133529663086,2807600.0
2022-11-08,90.77252189451931,91.18762571907465,87.18139250349925,88.89972686767578,2613600.0
2022-11-09,88.65838499660401,89.77820267271092,87.92471896579903,88.15640258789062,2614500.0
2022-11-10,92.2108886193474,94.0933390091604,91.71856189908948,93.7651138305664,2937100.0
2022-11-11,94.30573338881446,95.05871071592723,92.16263954082277,92.83838653564452,2892700.0
2022-11-14,92.7032393632686,92.89631519863352,91.22624420690455,91.35173797607422,2472400.0
2022-11-15,93.15694405157656,94.9621641680495,92.51015667396936,94.4119110107422,4102000.0
2022-11-16,92.67428098688472,93.5141443097608,91.54481495497868,93.1569595336914,3331100.0
2022-11-17,93.77478917863183,94.55672608175716,91.071786321643,94.53742218017578,4533500.0
2022-11-18,110.82298518774893,111.88487640171611,102.9070534657158,103.86275482177734,11725200.0
2022-11-21,103.52488763901648,108.93088562820436,103.25458884432057,108.40959930419922,4736400.0
2022-11-22,110.08932539280627,111.78835596376386,108.87297337546585,111.2767105102539,4072300.0
2022-11-23,111.44081885920332,113.22672790705678,110.87125437675446,112.0103759765625,3158300.0
2022-11-25,112.50272049376282,112.76336367748112,110.938839296182,111.92350769042967,1134500.0
2022-11-28,111.70146098406715,113.11088136313,111.5470076892153,112.3386001586914,2006100.0
2022-11-29,112.406183189352,113.43911499274564,111.25740588241403,112.74405670166016,2674800.0
2022-11-30,112.7343769594637,114.0376072939998,111.96209586292944,113.59354400634766,2916100.0
2022-12-01,113.96039696111932,114.07623508762988,112.6571591171599,113.892822265625,2104200.0
2022-12-02,112.11655802685402,115.34085413995894,112.1069023949187,114.87747955322266,2120600.0
2022-12-05,114.03541782157852,114.3064225565077,112.75781879668014,113.59019470214844,2022100.0
2022-12-06,113.91927344863674,115.20655336543857,112.47713684301485,112.78685760498048,2651600.0
2022-12-07,112.20613983895588,113.12562133762268,111.4511958911114,111.65444946289062,1983900.0
2022-12-08,111.83834294427588,113.51276830436852,111.5382956434272,113.37726593017578,2467600.0
2022-12-09,112.65137211723142,112.97077377772165,111.1124489274038,111.19955444335938,2037600.0
2022-12-12,111.78995599611156,112.68040235821458,110.56075366846132,112.6513671875,1744500.0
2022-12-13,116.52287825709006,116.52287825709006,112.40939511809758,113.75474548339844,2163000.0
2022-12-14,113.96768657027717,114.55809301077166,111.82867609911132,113.64828491210938,2184500.0
2022-12-15,112.21582766629464,112.9610908091485,109.76709641706948,110.03810119628906,3293100.0
2022-12-16,109.26378520932673,110.7930347587295,108.78952689034888,110.28973388671876,5324400.0
2022-12-19,110.58009994692884,111.77059354994655,110.01872873951152,111.22857666015624,2423900.0
2022-12-20,110.83174395214694,111.57700697892447,110.5704126812264,110.6768798828125,2136400.0
2022-12-21,112.25453386174313,112.71911133278098,110.90917616670136,111.43183135986328,2572000.0
2022-12-22,109.95097118726048,110.58009354644668,108.88630655558208,110.29940795898438,2250100.0
2022-12-23,110.20264876487448,111.94483305281776,109.2928405940233,111.77061462402344,1317100.0
2022-12-27,112.1190401788374,112.6997731774072,110.74465450211947,111.34474182128906,1362600.0
2022-12-28,111.28665863111084,112.15774325977642,110.59945848773766,110.61882019042967,1321500.0
2022-12-29,111.57701076411416,112.74814263696614,111.3544028873006,112.1383819580078,1593700.0
2022-12-30,111.24795192129534,112.36100623648989,110.85111821048042,112.3416519165039,1547900.0
2023-01-03,112.88366573271152,113.35793150995696,111.06405682821908,112.10936737060548,1707600.0
2023-01-04,113.47407137324862,115.0807532008356,112.79655938831849,114.18062591552734,2008900.0
2023-01-05,113.1837002080348,115.14849213946766,112.72879618758957,114.5968017578125,2058800.0
2023-01-06,115.58403796864218,118.51670836992396,115.34206836610308,117.66497802734376,2467900.0
2023-01-09,116.87130973111157,117.3552489018408,114.80005067113647,114.91619873046876,2581300.0
2023-01-10,114.91619763211366,116.18411588432144,114.91619763211366,115.94214630126952,1596300.0
2023-01-11,116.18413455637813,116.40674247333902,115.19689436364372,115.7001953125,2533900.0
2023-01-12,115.64210895171438,115.73889531022134,114.16124886768723,114.93555450439452,2747100.0
2023-01-13,114.7032651794925,116.27122337851976,114.34514753209298,116.15508270263672,2339400.0
2023-01-17,116.06797315549242,116.15508604924034,115.2162428423988,115.91311645507812,1708200.0
2023-01-18,116.1260477238337,116.29058527115464,113.53213344952852,113.60955810546876,1762200.0
2023-01-19,112.65137062467872,113.18370671844266,111.954496968961,112.03192901611328,1618800.0
2023-01-20,111.35442320315715,112.56427131538474,110.65754950902178,112.01258087158205,2240800.0
2023-01-23,112.37067965186873,112.54489805751888,111.30601489926272,112.06095886230467,2132700.0
2023-01-24,112.49651521919064,114.11287045452386,111.74156382719116,113.93865203857422,1881700.0
2023-01-25,113.15466074536188,116.3583357011265,112.45778715616608,116.33897399902344,1674500.0
2023-01-26,116.4260962895148,117.26815317516426,115.5646850845254,116.83260345458984,1847300.0
2023-01-27,116.89067706260828,117.9456684121026,115.54532660894536,115.64212036132812,1887200.0
2023-01-30,114.87748844350664,116.11637160090628,114.46130044053714,115.17752838134766,1690000.0
2023-01-31,115.29368192814592,115.62275705183347,113.93865064119244,114.3935546875,2208200.0
2023-02-01,115.19688322785868,115.48724969984733,112.4190769624908,114.71294403076172,2213400.0
2023-02-02,115.13882154909896,115.38079116585084,112.01257823588752,112.36100769042967,3553500.0
2023-02-03,112.14807399412273,112.58361632477208,111.10276353937276,111.61573791503906,3780600.0
2023-02-06,111.40281100770164,113.03852799361336,110.996303820396,111.99321746826172,2073500.0
2023-02-07,111.05434749034193,111.08338265612846,108.431398338967,110.8123779296875,2535900.0
2023-02-08,110.22197161094472,110.82205877972468,108.31525767582086,110.8123779296875,2691000.0
2023-02-09,111.96416640657262,113.28048153666197,111.21890333560656,111.32536315917967,2140900.0
2023-02-10,111.0640518404043,111.61574226005548,110.10585424507892,111.48023986816406,1371000.0
2023-02-13,112.03191797218297,113.43533861292062,111.42215727570242,113.0288314819336,1751800.0
2023-02-14,113.02884081100773,113.5611768962323,111.24794806103156,113.04820251464844,1928400.0
2023-02-15,112.15773622038084,113.48373216717324,111.48022435520257,112.89332580566406,1671700.0
2023-02-16,111.33505229009734,112.94173399473074,110.85111308523082,111.61573791503906,2351100.0
2023-02-17,111.27698043790156,112.43843156008388,110.98661396519292,111.9738540649414,1473100.0
2023-02-21,110.8220805116985,111.2576228525554,109.10893893542476,109.2831573486328,2446700.0
2023-02-22,109.35091191361975,110.2703934990225,108.4023877715153,109.04119110107422,3075300.0
2023-02-23,108.61531454746763,108.91535448659924,107.00863286907988,107.90876007080078,1875600.0
2023-02-24,106.89248990361344,108.25719457003235,106.31175697220864,107.87972259521484,2103500.0
2023-02-27,109.11860932478343,109.17668705043204,107.13446302489834,107.35707092285156,1993000.0
2023-02-28,107.34739837199012,108.2959150818757,106.85377831355709,106.9892807006836,3519300.0
2023-03-01,103.54363826994847,107.24093359786602,101.72402208539675,107.11510467529295,5081600.0
2023-03-02,107.10541978082549,107.50224605715998,105.96332305350872,107.44417572021484,2569500.0
2023-03-03,107.44418738935669,108.88632419328296,107.153820904444,108.81857299804688,2247500.0
2023-03-06,108.51853835764494,109.92195920666096,108.15073980750766,108.78954315185548,2365000.0
2023-03-07,108.95407297278705,109.13797223477609,106.13755062261852,106.33112335205078,2741600.0
2023-03-08,106.50533871527232,106.82474035559147,104.80187068456296,105.53746032714844,1903100.0
2023-03-09,105.41164144817104,105.4697117899357,101.88855723314704,102.16924285888672,2034100.0
2023-03-10,102.25634622267523,102.9145037771789,100.49480797155158,100.82388305664062,2458100.0
2023-03-13,99.91600388401478,101.81916494555844,99.23629874251012,100.39179229736328,2920400.0
2023-03-14,101.53757593157567,101.9453945802786,99.82861206938986,100.6733856201172,2221900.0
2023-03-15,99.14892721219796,100.11021626859196,98.02256233145282,99.33341979980467,3074300.0
2023-03-16,98.63428174496416,100.28498045470998,98.21675102546617,100.2461395263672,3167700.0
2023-03-17,99.30426637126692,99.60528171080884,98.12935608146977,99.10035705566406,2866700.0
2023-03-20,99.76063098321124,100.20729051088163,98.42065240019996,99.17803192138672,2030400.0
2023-03-21,100.57629789517014,101.52787484522396,99.86746381722544,101.12005615234376,2110100.0
2023-03-22,102.13961471022633,102.72221392641694,99.6150057598154,99.63442993164062,3797300.0
2023-03-23,99.63441506794774,100.40150676128674,97.81864049702,98.68283081054688,1892800.0
2023-03-24,98.49835123804998,99.14892017915136,96.7893872749006,98.39154052734376,2543800.0
2023-03-27,98.83818716281505,99.032384388717,97.54675412693403,97.71182250976562,1876600.0
2023-03-28,97.98371965544362,100.48889673793204,97.98371965544362,100.1490478515625,2270700.0
2023-03-29,98.6731323149679,100.60542238789688,97.77980569209316,99.49848175048828,3190200.0
2023-03-30,100.8287224431766,101.80943535392848,99.6538123300464,100.13931274414062,1884600.0
2023-03-31,100.78020623133716,103.13002714273944,100.42093315322008,103.0523452758789,3723300.0
2023-04-03,102.9066887978199,105.63519922549882,102.85813578476844,105.4798355102539,3637300.0
2023-04-04,105.93621414321268,106.95576821926912,105.20796334835812,105.38274383544922,2280100.0
2023-04-05,104.68362216944072,104.74188727072834,102.9843703101968,103.37277221679688,2567100.0
2023-04-06,103.11061114198408,103.4504600518219,101.89685974388426,103.13973999023438,1709000.0
2023-04-10,102.67364400222463,104.12044083083424,102.54741653874484,103.54754638671876,1716800.0
2023-04-11,103.75146770843848,104.14958172170152,101.80946547745918,102.0813446044922,1943300.0
2023-04-12,102.49885893131436,102.6153817134076,99.7800606891504,99.90628814697266,1652300.0
2023-04-13,100.24613898552369,101.30453390474312,99.43050171917434,101.16859436035156,1731800.0
2023-04-14,101.22685492574796,103.13972809382146,100.683096732726,101.56670379638672,1324700.0
2023-04-17,101.69294331171756,102.0230801130835,100.4986087596258,101.1588897705078,2043400.0
2023-04-18,101.80945516701674,101.93569004046272,99.99368800615376,100.68309783935548,1695800.0
2023-04-19,100.0810937219463,101.67353510261296,99.87718435824338,101.23658752441406,1201400.0
2023-04-20,100.77048601806489,103.1785718394581,100.41122037707576,102.95523834228516,1925200.0
2023-04-21,103.17857397246348,104.1398629407111,102.80958883108453,103.23683166503906,1143900.0
2023-04-24,103.14943065924196,103.9359390313032,102.60566510825043,103.32421112060548,1767100.0
2023-04-25,102.79987513856942,102.96494352515666,100.66366856429843,101.02294158935548,1726600.0
2023-04-26,99.9160057220286,102.58625850785074,99.60528569418622,101.66380310058594,1600400.0
2023-04-27,102.09105986352138,102.76105302464477,101.29483922039466,102.48917388916016,1239400.0
2023-04-28,102.3338034284884,103.69320642477447,102.19786386967482,103.63494873046876,1420800.0
2023-05-01,103.42132776797624,103.86798737866113,102.28525086690014,102.68336486816406,1255400.0
2023-05-02,102.3240845899815,102.3240845899815,99.75093781930242,101.73177337646484,1458000.0
2023-05-03,101.80946492882076,102.58626878028662,100.92585777072514,100.97440338134766,1429700.0
2023-05-04,100.99381923176092,101.66380490509924,99.25572649861518,99.84803771972656,1220600.0
2023-05-05,100.64427747445964,102.12990814896274,100.56659559925848,101.41136932373048,1765300.0
2023-05-08,101.1783112600765,102.10076674635036,100.52774230358312,101.79004669189452,1385800.0
2023-05-09,101.0326616202843,101.33366957340216,100.23644106030314,101.0617904663086,2045300.0
2023-05-10,101.94539721508797,102.17844279878403,98.21675677375087,98.9935531616211,2612300.0
2023-05-11,98.99355740130186,99.65383843375244,98.03226840387316,99.5567398071289,1991600.0
2023-05-12,100.01311064446884,101.63468066045708,99.5178980223355,101.47932434082033,1978000.0
2023-05-15,102.31436949953851,102.48914996128036,100.5083071975894,101.36278533935548,2389500.0
2023-05-16,100.68309220052043,100.79960757483752,99.36253029849746,99.94512939453124,3029000.0
2023-05-17,100.5568636485072,102.63480524667122,99.34311236882496,100.78019714355467,3345300.0
2023-05-18,100.9744056981148,102.74162746300392,99.2945778873923,102.3240966796875,3706800.0
2023-05-19,97.9837163465013,102.33379676142802,96.12910084499404,101.7220687866211,5952400.0
2023-05-22,101.92598476132268,102.76104628448223,101.46961306748544,101.5861358642578,2815300.0
2023-05-23,100.87729704248277,101.00352451023512,98.7993554179898,98.9255828857422,2562000.0
2023-05-24,99.71209572804912,100.48889208835892,98.43037469579568,98.51776123046876,2497700.0
2023-05-25,98.91588150925207,101.12005067503225,98.58573729374324,99.37224578857422,2951300.0
2023-05-26,99.59558686996546,100.86759599577762,99.18776816815328,100.37239074707033,2223100.0
2023-05-30,100.37238230355884,100.98411030481743,99.19747190918277,100.26557159423828,2539300.0
2023-05-31,100.01311185264916,101.1297645831195,99.04211076670111,100.6151351928711,3558200.0
2023-06-01,100.3918049916261,100.64426735657383,97.74097608820206,97.97401428222656,2957100.0
2023-06-02,98.55661546035824,100.45977680095947,98.06140280593038,100.3044204711914,2296400.0
2023-06-05,100.6502371604032,101.7705229391142,100.08522242926158,100.43592071533205,2159900.0
2023-06-06,100.49435650547105,101.50747643906712,100.007276469905,100.99117279052734,2138200.0
2023-06-07,100.9911962249715,101.40034176604657,98.90649378358528,99.35460662841795,2555100.0
2023-06-08,99.35460343957963,100.7379166656904,98.96493784676328,100.57230377197266,2369900.0
2023-06-09,100.48462037164292,101.5367151112342,100.0754748947748,100.62100219726562,2456800.0
2023-06-12,101.449041325775,103.69934898044848,101.449041325775,103.62142181396484,3319200.0
2023-06-13,104.0403202117701,104.3325638345499,103.43633816642024,103.67987823486328,2220600.0
2023-06-14,103.5727084616988,104.35203956672152,102.4329428522112,103.4947738647461,1858700.0
2023-06-15,104.02082486467096,105.57947969668956,103.52400108212824,105.09239959716795,3287800.0
2023-06-16,105.80354382305372,106.15424210258236,104.53713254339434,105.05343627929688,3479300.0
2023-06-20,104.87810499462223,105.34569779229489,104.13774106067814,104.50791931152344,2299300.0
2023-06-21,104.8099029823936,104.86835765425494,103.71884820435903,104.4689483642578,1621300.0
2023-06-22,105.44309752800876,105.86198670955504,104.22539728307808,105.17033386230467,2357700.0
2023-06-23,104.21566725077192,106.7777060433692,104.21566725077192,105.85225677490234,7431600.0
2023-06-26,105.07291626258149,105.78404902280504,104.55661256295971,104.82937622070312,1956800.0
2023-06-27,105.53077123256789,106.5049313862541,105.08265845374248,106.10552215576172,1946500.0
2023-06-28,105.64766266397834,106.3977701228619,104.9073063196347,105.5405044555664,1694200.0
2023-06-29,105.34567593549814,106.4659615722129,104.97549776145628,106.05681610107422,1715000.0
2023-06-30,106.77769416589146,109.65146362283616,106.56337774467484,109.23257446289062,2636000.0
2023-07-03,108.27790258730626,108.97929908724136,108.20971167382658,108.25841522216795,1209800.0
2023-07-05,108.10255889361068,108.10255889361068,107.1576223077366,107.76160430908205,1750500.0
2023-07-06,106.87511441784626,107.35245083377812,106.23217255201494,106.50493621826172,1873900.0
2023-07-07,105.9983728886387,106.4659730720561,104.52739628367,104.68325805664062,2449600.0
2023-07-10,104.85858600823674,107.17708422555368,104.527375162442,106.74845886230467,2360400.0
2023-07-11,106.9822731949216,108.16100614866754,106.77770044416428,108.13178253173828,1902500.0
2023-07-12,109.5832881036693,110.43081022510395,108.54093689862474,108.63835144042967,1984100.0
2023-07-13,108.5896368103014,109.20335505010564,108.28764953183062,108.59938049316406,1943900.0
2023-07-14,107.917461500448,108.85265436360596,106.31983943018837,108.69679260253906,1813300.0
2023-07-17,108.51169551013126,108.7747229054114,107.225804445017,107.40115356445312,1832100.0
2023-07-18,107.06020080923344,109.43714649549852,107.06020080923344,109.0182647705078,2135500.0
2023-07-19,109.27153864869622,110.20673147007498,108.66756413219744,109.7099151611328,1680000.0
2023-07-20,110.05088115144592,110.87891585130984,109.28129368641277,109.30077362060548,1711400.0
2023-07-21,109.99242805738152,110.89838987800884,109.00852420737738,109.13516235351562,6007300.0
2023-07-24,109.6222439792394,110.28467319961231,108.7844656289956,109.78784942626952,1777600.0
2023-07-25,109.10594415332132,109.6904387962636,108.52144951037906,109.60276794433594,1424200.0
2023-07-26,109.35922238221151,110.61588988898043,109.21309687077286,110.54769897460938,1325900.0
2023-07-27,111.3757336297588,112.0771301388626,110.011907910085,110.54769897460938,2318000.0
2023-07-28,111.3465112584593,112.50575681572468,111.04451654951,111.64849853515624,1636300.0
2023-07-31,111.47316160720874,111.755668981469,110.6256394844279,111.677734375,1400700.0
2023-08-01,111.5121253380653,112.11609993821844,110.76201778127444,111.04452514648438,1252800.0
2023-08-02,110.01191881600936,110.2554588817995,108.60912565873724,108.88188934326172,1968600.0
2023-08-03,109.97293796653184,110.41130705805212,108.76498147004644,109.6806869506836,2432800.0
2023-08-04,110.4502743556487,110.95684179215203,109.5248251925494,109.6806869506836,1762500.0
2023-08-07,110.216482539623,110.90813537786836,109.4761187193136,110.52821350097656,1441200.0
2023-08-08,110.148312041277,110.37237219515018,109.06699344284236,110.2554702758789,1224500.0
2023-08-09,110.72305492303364,111.67772778304182,110.0021710041264,110.1093292236328,1601800.0
2023-08-10,111.21013377434384,112.39860299421916,110.64511906558587,110.93736267089844,1640300.0
2023-08-11,110.33339144579335,110.88866248823408,109.787856654582,110.46002960205078,1614600.0
2023-08-14,110.94710534857224,112.35963467541283,110.90813804843322,111.1711654663086,2063700.0
2023-08-15,110.91787747886694,111.23935211849906,109.9242299440499,111.06400299072266,2019900.0
2023-08-16,112.7590472347766,114.41511666186788,112.24274349923353,112.2524871826172,2940200.0
2023-08-17,112.76878680334666,113.09025402075012,109.93397705461166,110.1385498046875,3569300.0
2023-08-18,113.48966866758332,117.5616587934614,113.32406320949148,115.65230560302734,6356900.0
2023-08-21,115.55489281386984,116.20757840487734,114.79504156733913,116.08094024658205,2799600.0
2023-08-22,115.07753350863368,115.9932464093719,114.17156429022832,114.74632263183594,2871100.0
2023-08-23,115.07753602832484,119.52944762366988,114.58071970225012,118.73063659667967,4261200.0
2023-08-24,118.37994327654832,118.83779975600632,115.35031191671924,115.78868103027344,4945400.0
2023-08-25,116.30497831687578,116.92844021080664,115.2431473336114,115.92505645751952,2904900.0
2023-08-28,116.4705822478101,117.01611697212142,115.66203499200836,116.83102416992188,2109400.0
2023-08-29,116.81154946240083,118.3117495826658,116.5095547560014,117.89286041259766,2451600.0
2023-08-30,117.89285851409392,118.88650603279017,117.89285851409392,118.50658416748048,1613000.0
2023-08-31,118.41892025920356,119.21773138477268,117.89287282057222,118.66246032714844,2396200.0
2023-09-01,119.17530493443172,119.4781250456968,117.9835506926475,118.88224792480467,1996000.0
2023-09-05,118.51104993697102,118.8041069493148,117.62212325096051,117.81748962402344,1730100.0
2023-09-06,117.63188681568946,117.95424803998657,116.58666106491508,117.17276763916016,1896900.0
2023-09-07,117.602579464828,117.87609536198936,116.47920421341593,116.65503692626952,1592800.0
2023-09-08,116.59642028808594,117.2509057748414,116.34243806458804,116.59642028808594,1189600.0
2023-09-11,117.2509079937276,117.2509079937276,115.4828178548468,115.6488800048828,1809100.0
2023-09-12,116.3424429828915,116.70387895265844,115.463279443424,115.65865325927734,1508800.0
2023-09-13,115.63911288457372,115.76610772887094,113.96870587536812,114.115234375,2385800.0
2023-09-14,114.28130456941682,115.46328829816564,114.12501295749736,115.0725555419922,2446200.0
2023-09-15,115.18975592624852,115.67817925441554,114.44735783341362,115.43396759033205,3672900.0
2023-09-18,115.31674787170016,115.8833132540879,114.77947924308002,114.94554138183594,1993200.0
2023-09-19,114.4375951408732,114.92601850259037,113.53889794397348,113.6072769165039,1938900.0
2023-09-20,113.61703286949488,113.73425715192144,112.23968295153864,112.28852081298828,2267800.0
2023-09-21,111.84894085077902,112.22991044610328,109.86594335389928,110.51065826416016,2424100.0
2023-09-22,110.76464766314942,110.85256774233002,108.94771218940568,109.07470703125,2050500.0
2023-09-25,108.13693405799388,108.50814059898072,106.8670377333398,107.13078308105467,2283400.0
2023-09-26,106.70096679266706,107.82433451938572,106.5348971919554,107.01355743408205,1887900.0
2023-09-27,107.11123363778717,107.63873170821826,105.84133004755508,106.39813232421876,2378400.0
2023-09-28,106.91587816247008,109.38730680097278,106.66190336310186,109.2212371826172,2419900.0
2023-09-29,109.62173732386184,111.51682229736166,109.62173732386184,110.33483123779295,2476100.0
2023-10-02,110.33483750810396,112.1908478249441,110.23715432358593,111.81964874267578,2663100.0
2023-10-03,111.73171357962596,112.2982864072112,108.8109442760718,109.31890869140624,2474300.0
2023-10-04,109.44590189423086,110.4618233262249,108.08808561799572,109.39705657958984,1845900.0
2023-10-05,109.93433004711198,110.08085854470744,108.52766839459407,109.13331604003906,1813500.0
2023-10-06,108.41045850044011,110.61812684864309,107.47267903688112,109.77803802490234,1752800.0
2023-10-09,109.62175381827896,110.74512917729903,108.25416674872189,110.45207214355467,1431100.0
2023-10-10,110.55950327981364,111.36051722843452,110.16876313232206,110.48135375976562,1914900.0
2023-10-11,110.354364942405,111.11630412108124,109.29936879373864,111.03815460205078,2251700.0
2023-10-12,111.48750054029514,111.48750054029514,109.70964001420128,110.57903289794922,1946800.0
2023-10-13,110.53022346003284,110.74513096120717,109.0551826178592,109.4459228515625,1789300.0
2023-10-16,110.3543615877602,114.07614474865552,110.3543615877602,113.69517517089844,2965400.0
2023-10-17,113.38258432739283,115.78562606405072,113.38258432739283,115.26789855957033,2127900.0
2023-10-18,115.12137448028008,115.5023440718296,114.21290681133542,114.52549743652344,1908300.0
2023-10-19,114.9650902334908,115.07254396645426,112.97232207591712,113.56819915771484,2102700.0
2023-10-20,113.568200345215,114.085927907953,112.43505458675156,112.98209381103516,4154700.0
2023-10-23,112.98209816580446,112.99186126728036,110.6083602760464,111.76103973388672,1929400.0
2023-10-24,111.77079244970793,114.06638059785917,111.77079244970793,113.12860870361328,2327800.0
2023-10-25,112.93325476869776,113.61704452110492,111.91733324172898,112.86487579345705,1827500.0
2023-10-26,113.02116410597698,113.68542018299112,111.27261501110436,111.64381408691406,1901100.0
2023-10-27,111.57542648061867,112.4936647241122,109.78779530763607,110.17853546142578,1585400.0
2023-10-30,110.96978921925523,112.52297942592244,110.8232607163245,112.04431915283205,2406000.0
2023-10-31,112.21037468126312,113.38258765209144,111.41912384584312,113.28490447998048,2397900.0
2023-11-01,113.47051042946656,113.87101368049552,112.063848868734,113.294677734375,1406200.0
2023-11-02,113.80264461174976,115.7270338718733,113.80264461174976,115.58050537109376,1642600.0
2023-11-03,117.4853444651326,119.48788309831404,117.231369699628,118.44265747070312,1853700.0
2023-11-06,118.79432992721308,119.48789020240056,118.0519243350445,119.3120574951172,1443600.0
2023-11-07,119.30228281741968,120.48426641056624,118.97992907583333,120.30844116210938,1808900.0
2023-11-08,120.39635480965316,120.78709497706994,119.78094407657716,119.94700622558594,1439900.0
2023-11-09,120.24982946508968,120.74802337791444,119.16552901216173,119.53673553466795,1739500.0
2023-11-10,119.97630867102173,120.58195629425602,118.6477965929746,120.47450256347656,1816700.0
2023-11-13,119.96653265477951,120.66986342321924,119.37065561222636,119.5269546508789,1929700.0
2023-11-14,121.1289887274476,122.9459241545792,120.99223078800746,121.91046905517578,2380600.0
2023-11-15,121.12898987728228,121.94953752171216,120.61126232266597,121.09968566894533,4072600.0
2023-11-16,120.41588267890134,121.06060504207564,116.95785211318832,117.36812591552734,4714100.0
2023-11-17,124.17675843861592,128.26974115092338,123.77624770380892,125.83740234375,9016500.0
2023-11-20,125.83740348729518,127.3808082108976,125.29035679538111,126.43326568603516,3404700.0
2023-11-21,126.77515926997437,127.9083049811849,125.2903481623708,127.69339752197266,2345600.0
2023-11-22,128.17205790218367,128.26973362571235,127.2147374353206,127.94737243652344,1511900.0
2023-11-24,127.58594260676706,128.933995764663,127.4003393568542,128.05482482910156,856200.0
2023-11-27,127.722700542677,128.45533553622963,127.4882519787612,128.05482482910156,2068100.0
2023-11-28,128.08413336689557,128.24043241479055,126.82400769379925,127.28312683105467,1854400.0
2023-11-29,127.29289574876482,127.4296536955478,126.00346580845356,126.2085952758789,1616700.0
2023-11-30,126.3355978615641,127.49804793318916,126.11092727211953,127.36128997802734,2566900.0
2023-12-01,127.83992116379656,129.24658277802072,127.1365903566845,129.0805206298828,1919900.0
2023-12-04,128.78181247735338,130.91674333647478,128.39008670572497,129.9080352783203,2280800.0
2023-12-05,129.2421076282891,129.6925908032182,128.40967162541637,129.50653076171875,1820000.0
2023-12-06,130.70131955230696,131.02448513195606,129.59467245314417,129.69259643554688,1566200.0
2023-12-07,130.162668779661,130.9167416273704,128.77202288214048,128.93850708007812,2532700.0
2023-12-08,128.3117514090471,129.56529193581648,127.70455697583752,129.34983825683594,1443000.0
2023-12-11,130.48585590347892,132.55224155529214,130.48585590347892,132.49346923828125,2124400.0
2023-12-12,132.70893438066452,133.0517056809906,131.8569225025849,132.65017700195312,1967300.0
2023-12-13,133.06147593530466,134.9907559782974,132.3857362830489,134.92221069335938,3294900.0
2023-12-14,133.10065957604454,134.79489521871037,131.32807578980024,131.8079376220703,3059900.0
2023-12-15,131.8373082244759,132.19967023423092,130.28017819270167,131.17137145996094,5573700.0
2023-12-18,132.37595957778476,132.37595957778476,131.09304039296194,132.24864196777344,1893800.0
2023-12-19,132.8264786381081,133.2867647463004,132.42494991506655,133.06150817871094,1319600.0
2023-12-20,132.98314680821753,133.89393101773703,131.8177572505907,131.82754516601562,2199100.0
2023-12-21,132.59141225737858,133.5805296119637,132.2486409760945,133.0712890625,1659600.0
2023-12-22,132.76769190377658,133.82535448945356,132.7382982743151,133.60011291503906,1422700.0
2023-12-26,133.53156323590227,134.64799810039477,133.19857989897082,134.16812133789062,3028100.0
2023-12-27,134.1877337194808,134.70677716460085,133.85475032892373,134.56967163085938,1390800.0
2023-12-28,135.01036955901697,135.63713986027497,134.46194741333903,135.3433380126953,1443200.0
2023-12-29,135.1474353623954,136.3422182328086,135.1474353623954,135.5293731689453,2011600.0
2024-01-02,134.64803111630246,136.4402060646335,134.38360794205465,134.83409118652344,2123900.0
2024-01-03,134.93201401418014,135.14746769438085,131.97443481237357,131.98423767089844,1617600.0
2024-01-04,131.9842427139701,133.27694990118644,131.8373343209207,132.47390747070312,2171800.0
2024-01-05,132.47389067032765,133.36506905759165,131.66104548403018,131.7198028564453,1665900.0
2024-01-08,131.71982723558511,133.15944289972722,131.58272169344696,133.00274658203125,1685900.0
2024-01-09,131.86670427810358,133.38466791212676,131.50435716399963,133.0908660888672,1578700.0
2024-01-10,133.35529376725663,134.18772980428776,132.79708373308983,133.14964294433594,1359000.0
2024-01-11,132.92437540725433,134.07018901316408,132.1898783565393,133.94288635253906,1527500.0
2024-01-12,134.39336352484665,134.62840795022723,133.2279591986606,133.75680541992188,930800.0
2024-01-16,133.18879768023666,134.2562631340566,133.11044953545436,134.24647521972656,1760800.0
2024-01-17,133.79597859864194,134.15834064017892,132.68934653191667,132.7970733642578,1964900.0
2024-01-18,132.4249117416944,134.8046748146001,132.26821546420658,134.62840270996094,1375500.0
2024-01-19,135.01036733639236,135.57838024746002,133.7959933599668,134.78512573242188,1786000.0
2024-01-22,134.88304643677412,135.460862192687,134.58924460117782,135.37271118164062,1530100.0
2024-01-23,135.97989865603463,136.55769943894555,134.51090449674024,136.00927734375,1702200.0
2024-01-24,136.6164689007435,137.0277855085291,135.53920044460324,135.8623809814453,1501100.0
2024-01-25,137.17468928372702,138.20297329686915,136.9690235150693,137.89938354492188,2112600.0
2024-01-26,138.53597076730782,139.07459008862037,137.81126148904525,138.8297576904297,1910200.0
2024-01-29,138.48697872528206,140.0930783978795,138.1931769066669,139.9853515625,1820900.0
2024-01-30,139.56423950195312,140.13225239635403,138.12462396379848,139.56423950195312,1847600.0
2024-01-31,139.5740440279913,139.94617907516854,136.86129713848754,137.38034057617188,1616800.0
2024-02-01,137.889606551243,140.2008249359645,137.8700157756805,140.15185546875,1728600.0
2024-02-02,139.5642387920303,141.75794220648388,138.53595479290644,140.71005249023438,1956200.0
2024-02-05,139.7013317133853,140.1126632079704,138.5261394323181,139.7992706298828,2879300.0
2024-02-06,139.80905471721246,139.80905471721246,138.35965144168318,139.22146606445312,1796000.0
2024-02-07,139.32920177529255,140.994058812658,138.47717501223087,140.2889404296875,1804400.0
2024-02-08,141.98318539382618,143.09962041561698,141.81670117359394,143.04086303710938,1336600.0
2024-02-09,142.75687337384036,143.39343160704692,142.1986483548333,142.85479736328125,1283000.0
2024-02-12,142.67852320978028,142.90376482004814,141.47395205857728,142.40431213378906,1949100.0
2024-02-13,140.9842768083009,142.04193948371446,140.48480921578593,141.9440155029297,1604600.0
2024-02-14,142.02235454658643,142.56098870819972,140.55336043857608,141.50331115722656,1451500.0
2024-02-15,142.19863472134074,142.21822549470386,140.79820076520164,141.40538024902344,1891300.0
2024-02-16,141.36621452204147,142.4434679695847,139.85803877474652,141.10179138183594,1876400.0
2024-02-20,141.10179471627546,141.97339736466407,140.84717442848603,141.46414184570312,1788400.0
2024-02-21,142.13986995016927,142.58056519593265,140.72963320902176,141.8264923095703,1484100.0
2024-02-22,142.41407631933296,143.88307038595934,141.90482085875598,143.8634796142578,2101100.0
2024-02-23,144.64695803528605,146.51748088747806,144.20626276762667,144.9701385498047,1581600.0
2024-02-26,145.1464349604413,145.98865894668887,144.09854519958495,144.78407287597656,1601700.0
2024-02-27,145.3129085024078,146.76231190355804,144.9407585297062,146.5272674560547,1618300.0
2024-02-28,146.3901676098414,147.92772207806593,146.18451678575687,147.34011840820312,1594100.0
2024-02-29,147.9276998868171,147.99624517010182,145.62626995904722,145.8809051513672,2785700.0
2024-03-01,145.65565816842553,146.99734961428555,145.28352315616007,146.5370635986328,1426100.0
2024-03-04,147.44781811051746,147.80037725886717,146.21386856298315,146.8602294921875,3258000.0
2024-03-05,147.05610458472302,147.51639059285466,145.1366124078995,146.08656311035156,3301000.0
2024-03-06,141.317227722667,146.80146309836013,140.35748914701222,145.05825805664062,4094700.0
2024-03-07,146.40974048251084,146.89940516639885,142.72746743929002,143.00167846679688,2917600.0
2024-03-08,142.80584144294878,144.1377152786711,141.699194275075,142.7274932861328,3079300.0
2024-03-11,143.13881130244093,143.97123245791232,141.32704564887905,142.85479736328125,1643300.0
2024-03-12,142.34554013338342,143.74597406027226,142.0125567666919,143.46197509765625,2138700.0
2024-03-13,143.3738360445377,144.83304241194654,142.60017229724016,144.04957580566406,1851900.0
2024-03-14,145.04902415853576,145.1864735567777,142.9480033677742,143.3603515625,2618100.0
2024-03-15,142.41784085643118,144.45014458339872,141.76004619074183,142.47674560546875,4555400.0
2024-03-18,142.86945529271125,143.4192528725116,141.50477380682804,141.68148803710938,2250800.0
2024-03-19,141.69132489251027,143.86106298410886,141.53423557903068,143.76287841796875,2437700.0
2024-03-20,143.546907429484,144.64650272410032,143.546907429484,144.30287170410156,1600000.0
2024-03-21,144.85264919444558,146.0897087096083,144.3813962738818,144.509033203125,1999700.0
2024-03-22,144.28324931056423,144.28324931056423,142.6240288937903,142.72219848632812,2080400.0
2024-03-25,142.70255709857756,143.0560005488491,141.63239930303874,141.95639038085938,1832200.0
2024-03-26,141.78949073280475,142.49637764393094,141.40659490434984,141.936767578125,1949000.0
2024-03-27,143.14435173957932,144.54829803781354,142.57491426100384,144.509033203125,2007600.0
2024-03-28,144.95084452207533,145.40247254928016,143.78251710688798,144.0868682861328,1960300.0
2024-04-01,143.76288550084752,144.09670405365353,141.9956830701512,142.44729614257812,1533200.0
2024-04-02,141.76004751459303,141.76004751459303,139.9044729982715,141.06297302246094,1630600.0
2024-04-03,141.06296758506764,141.3967861213005,138.42197653489384,138.94232177734375,1824600.0
2024-04-04,140.34625920138393,140.66043780809918,136.91000933995377,137.165283203125,1801500.0
2024-04-05,137.58744577738,138.00962141345258,136.66456483331785,136.98855590820312,1529000.0
2024-04-08,136.32095395831982,138.61832896025112,136.14422473770748,137.715087890625,1969400.0
2024-04-09,138.9226986704286,139.96338928119826,136.5762310730389,137.37147521972656,2025700.0
2024-04-10,135.94787791177265,136.73330953053946,134.5144640839586,135.77114868164062,1902300.0
2024-04-11,136.3307827729915,137.76419669550663,135.70244043263793,137.39111328125,1707900.0
2024-04-12,135.7122367030186,136.30131413093133,133.07123070328322,133.51304626464844,2290300.0
2024-04-15,135.61406317641408,135.79077741113375,131.10765543987134,131.2156524658203,2490400.0
2024-04-16,131.2451029197678,132.22688860282122,130.6560404984521,131.3923797607422,1793700.0
2024-04-17,132.46253106488535,132.46253106488535,129.6546232318308,130.37132263183594,2151600.0
2024-04-18,131.57891839173973,131.73599271193834,129.2029988914503,129.39935302734375,1505700.0
2024-04-19,129.3993572841163,131.48073815860533,128.8888245293104,130.9113006591797,3122000.0
2024-04-22,132.00107260184612,132.2367065419509,130.63639119973243,131.33346557617188,2187600.0
2024-04-23,131.48074701457827,131.72619345426668,130.557866004412,130.66586303710938,2590100.0
2024-04-24,129.77241971836818,130.9603869436288,129.5171608430833,130.19459533691406,2366800.0
2024-04-25,130.20442145830916,130.74440661734306,128.29975470509592,129.74298095703125,2364300.0
2024-04-26,129.12444800715664,131.85381081263247,129.12444800715664,131.17637634277344,1958400.0
2024-04-29,130.87204174786223,131.0585834348437,127.80886006121196,128.67283630371094,3541700.0
2024-04-30,128.3292285170278,128.58448743193213,126.75836524459164,127.19035339355467,3217800.0
2024-05-01,126.57181461239492,127.36705865737596,125.44275952393016,125.49185180664062,3450500.0
2024-05-02,126.48345570729896,126.68962231856794,125.20713127914291,125.35440063476562,2597900.0
2024-05-03,125.6882200288426,129.01647323118553,125.6882200288426,128.45684814453125,3732500.0
2024-05-06,128.56482475676512,130.10623538073636,128.56482475676512,130.06695556640625,2803000.0
2024-05-07,130.37131718199225,130.94075468862448,129.02627555994945,129.18336486816406,1909000.0
2024-05-08,129.15390565920782,130.41059009668493,128.64337292496396,130.34185791015625,1606100.0
2024-05-09,130.62659464733918,132.58033866639602,130.49895770829517,132.41343688964844,2188300.0
2024-05-10,132.41343336304377,133.29704948688496,130.88185005875224,131.0487518310547,1793800.0
2024-05-13,132.1581783995248,133.39522303262643,130.98003851359064,131.1665802001953,1946400.0
2024-05-14,131.72618508306877,132.42325951906395,129.75280122649283,130.44004821777344,3560700.0
2024-05-15,130.76405635201618,131.72620226531046,130.33206819233143,130.5775146484375,1958900.0
2024-05-16,131.12727488027852,133.00248886501882,130.14548933612446,131.89306640625,2265600.0
2024-05-17,131.559288633488,131.8439999053695,129.75280647452448,129.91970825195312,3604600.0
2024-05-20,129.32083537806264,129.93936526708885,128.47649893465524,129.12448120117188,2259800.0
2024-05-21,129.2815262447917,130.56767802069956,128.82991323841432,129.89024353027344,2278500.0
2024-05-22,130.49896079256172,131.29420485739118,128.47648453364687,129.11463928222656,3932700.0
2024-05-23,129.59568606517072,130.44002219482965,128.0739155432339,129.45823669433594,3913500.0
2024-05-24,139.2761124112738,142.535632967596,138.31396667234773,139.54119873046875,7641400.0
2024-05-28,138.70669528366176,139.0699512322716,135.01518610448443,135.13299560546875,3857400.0
2024-05-29,134.01375726218504,136.7725728718899,133.92540013851794,136.56640625,3042100.0
2024-05-30,137.6463358654902,141.29857943603724,136.8314520331567,137.2928924560547,3181300.0
2024-05-31,137.4107245811739,137.82307275171613,135.42751339640034,137.21435546875,3204700.0
2024-06-03,136.93946881636242,138.81468314772422,136.8412992323161,138.6477813720703,2587200.0
2024-06-04,138.6870579558721,140.2775611530905,137.2045667777171,138.37289428710938,2558100.0
2024-06-05,138.7459854944523,141.8680573512289,137.60711029677915,141.71096801757812,4078400.0
2024-06-06,142.02511908480878,142.30001787484423,140.78805954878868,141.52439880371094,1705800.0
2024-06-07,141.89748499744562,142.21166360998916,141.20042554476336,141.65203857421875,2032900.0
2024-06-10,141.41641930362803,142.60438670701808,141.41641930362803,142.12330627441406,2513900.0
2024-06-11,141.59966110379088,142.3575670092987,140.40866610942152,142.308349609375,2126000.0
2024-06-12,142.6626839553195,143.2138827504879,141.1665622119761,142.12132263183594,2162000.0
2024-06-13,142.25914398986777,143.95212055795312,141.62920026818784,143.36154174804688,2003600.0
2024-06-14,143.36151608829937,144.32612897309662,143.33198865499335,143.63711547851562,2670700.0
2024-06-17,143.3713720534781,148.07626678210576,142.72173846692095,148.0172119140625,2651800.0
2024-06-18,147.6431898123956,147.82035443103035,146.04864816851517,146.35377502441406,2510200.0
2024-06-20,146.03879230387932,147.0329327045075,144.6115778391329,145.05450439453125,2714900.0
2024-06-21,146.06832029560755,147.24947780655427,145.30057692491718,146.9443359375,4509400.0
2024-06-24,147.55460187669226,147.55460187669226,146.00926267310751,146.90496826171875,1655600.0
2024-06-25,147.18059129498835,147.18059129498835,145.17265027618322,146.12741088867188,1788600.0
2024-06-26,145.8320958466854,146.93449346574863,145.47775160926636,146.40298461914062,1717500.0
2024-06-27,146.0387874087491,146.08800480637507,143.66666504120394,143.78477478027344,1794500.0
2024-06-28,143.4599491982731,144.05052789555617,142.593771114002,143.03671264648438,8586000.0
2024-07-01,143.47964867051698,143.98163008315345,142.1410165511119,142.95797729492188,1965800.0
2024-07-02,142.9678306090476,143.84384631976303,141.9244877422453,142.1311798095703,1854500.0
2024-07-03,142.13116642687237,142.5248905973955,141.53075020848578,141.73745727539062,1170600.0
2024-07-05,141.9736925497922,143.5682341467186,141.7571480095872,143.2631072998047,1601700.0
2024-07-08,143.91275409846466,144.67064503954052,143.3910676445336,144.3852081298828,1088900.0
2024-07-09,144.90685137825724,145.46788761536598,144.36549008347518,144.52297973632812,1313700.0
2024-07-10,144.5229896408145,145.93051408466874,144.5229896408145,145.70413208007812,1432100.0
2024-07-11,146.28487789297955,148.7259229490112,146.1766056121149,148.43063354492188,1779600.0
2024-07-12,148.883376545496,150.6550977002643,148.79479424251778,149.3459930419922,1648700.0
2024-07-15,148.0467340896163,149.00149447317858,145.54663462495463,145.7533416748047,2685600.0
2024-07-16,145.57616913544953,147.00339855404565,144.8379532371581,146.5309295654297,2027000.0
2024-07-17,146.30456721473183,146.64907402116103,144.4541009750191,145.28091430664062,2058200.0
2024-07-18,145.46789952356426,145.46789952356426,141.6882376599248,142.22959899902344,2168800.0
2024-07-19,142.72173200334822,143.10560364728528,140.5661393031478,141.24530029296875,3550700.0
2024-07-22,142.05244162303762,142.73158768044587,141.19610090884126,142.64300537109375,1957400.0
2024-07-23,142.64302283825023,142.9776771716992,140.98942611835386,141.52093505859375,1906400.0
2024-07-24,141.32406206639556,141.4913892113518,139.56217827007427,139.8574676513672,1939800.0
2024-07-25,139.8673338488247,141.05831394405672,138.79444849102376,138.89288330078125,1800500.0
2024-07-26,139.76886925564702,140.27085063273893,138.21369271094022,138.6959991455078,1853700.0
2024-07-29,139.2078440585829,140.1724571083284,137.45581262730886,139.68031311035156,1595600.0
2024-07-30,139.9854087581672,141.03858886899232,139.58184716528226,140.507080078125,1210100.0
2024-07-31,141.1272054206636,142.11149333121298,140.4086644322526,140.97955322265625,1743800.0
2024-08-01,141.4520310232957,141.4520310232957,139.38502027508076,140.73348999023438,1862100.0
2024-08-02,141.33391597930768,141.9835496899117,135.49709511454097,138.03656005859375,2363500.0
2024-08-05,136.18606037448382,137.5148549098139,133.39068663186222,133.9221954345703,2565100.0
2024-08-06,133.7056711301249,136.15655352527065,133.4005442695692,134.8277587890625,1926500.0
2024-08-07,135.99907464309416,137.6231588961419,134.0206611192469,134.18798828125,1421400.0
2024-08-08,135.24116613304773,137.20974214674007,134.49311265470013,137.03257751464844,1892500.0
2024-08-09,136.9439871806841,137.64282321396468,136.0581190149633,137.4459686279297,1225700.0
2024-08-12,137.93810644376154,138.94208431246844,136.9144536306591,138.45977783203125,1708400.0
2024-08-13,138.83381370260597,139.69013938433932,138.11528772849687,139.42437744140625,1218200.0
2024-08-14,138.72555350185462,140.05433329405724,137.99717497301023,139.1192626953125,1529700.0
2024-08-15,142.52490397395988,145.54666029374246,142.20992460797922,145.47776794433594,2443100.0
2024-08-16,144.87733810345924,145.56633662822142,143.8536702789199,145.0840301513672,3117200.0
2024-08-19,145.09388264253326,146.05848057720036,144.5525212948482,145.0840301513672,1363700.0
2024-08-20,145.37930297851562,145.9206642645868,144.8477941824892,145.37930297851562,1537600.0
2024-08-21,153.80481521886568,155.36984432689164,149.71018914579673,151.53111267089844,3173800.0
2024-08-22,151.38348351428743,151.688610363245,149.8479967782161,150.12359619140625,3215600.0
2024-08-23,160.9901267525056,161.02950667922545,150.96023063403297,152.77133178710938,5124300.0
2024-08-26,153.09613807038502,154.92691422150352,151.28505188320426,151.78704833984375,2393700.0
2024-08-27,151.17677737115454,151.9937381434887,150.6944859046375,150.92086791992188,2283000.0
2024-08-28,150.59606817940752,151.0586847537697,147.44634949580376,147.54476928710938,2829600.0
2024-08-29,149.07039497113544,150.7830612725191,147.30852629146364,149.41490173339844,1976500.0
2024-08-30,149.45427652272394,149.89720308989342,146.9935566839579,148.2436065673828,2287800.0
2024-09-03,147.70225692998463,149.40507098832137,147.70225692998463,149.2967987060547,2476800.0
2024-09-04,149.03104228614475,149.58224113573442,147.72193750884816,149.3755340576172,3216800.0
2024-09-05,149.55271366389164,151.83625390009445,147.98769942651927,150.73385620117188,2766400.0
2024-09-06,150.9208806154873,150.9208806154873,147.8105269355911,148.1648712158203,2818200.0
2024-09-09,147.9778497845579,149.23773718445847,147.61366804180236,148.4207763671875,2145500.0
2024-09-10,148.9516260709972,149.19830005656698,147.0670332078557,148.78387451171875,2780000.0
2024-09-11,148.84309583461706,149.38576658347034,146.25794210773176,149.11936950683594,1873300.0
2024-09-12,149.3166666967662,150.9644467599357,149.0305165036957,150.64869689941406,1634000.0
2024-09-13,151.41836074324874,153.4904131176319,151.161810171336,153.18453979492188,1411400.0
2024-09-16,153.9837681109182,154.1712427510291,151.04341838479047,151.13221740722656,1655900.0
2024-09-17,151.10261944500667,152.21759070306558,147.88599601988903,148.3201446533203,1756700.0
2024-09-18,148.9022682260857,150.786860835632,148.3793206515097,148.7246551513672,1364900.0
2024-09-19,150.5599366072137,152.46426768562117,150.5599366072137,152.3853302001953,2345100.0
2024-09-20,152.2570343017578,152.4149092512467,151.22100064743975,152.2570343017578,3351600.0
2024-09-23,152.6319940594234,152.67145527162265,147.91558877290825,147.98464965820312,3155900.0
2024-09-24,148.14251935158842,150.28364761216343,147.79716977003773,150.2441864013672,2382900.0
2024-09-25,150.5500785103175,151.4578370297952,149.81005650528593,151.04342651367188,1492300.0
2024-09-26,152.13866450614358,152.32613916228698,149.632448138416,150.78689575195312,1699800.0
2024-09-27,150.9447312181565,151.4676788290938,149.45482586228772,149.5436248779297,1727300.0
2024-09-30,149.780445056802,150.49086733025598,147.5505026212105,148.50759887695312,1869200.0
2024-10-01,147.7774567505826,148.0241307382553,145.51791459226084,146.21847534179688,1688800.0
2024-10-02,145.48829851297666,146.17898258942176,144.45226487041714,145.7645721435547,1371600.0
2024-10-03,144.39306090827426,145.45869418745283,143.3274276290957,144.82720947265625,1697500.0
2024-10-04,146.26778760155196,146.84007295968445,142.42954162603152,143.64317321777344,1788300.0
2024-10-07,143.1399857542666,143.5543962380635,137.0619352136752,138.25582885742188,2382100.0
2024-10-08,138.38410766322127,140.17002493251613,137.66382383182406,139.9332275390625,1945900.0
2024-10-09,140.1108403843213,140.6831259052616,137.95985020238206,140.4956512451172,2215200.0
2024-10-10,139.25240791972536,140.1206901407271,137.70328801052815,139.1537322998047,2048800.0
2024-10-11,139.83453247407033,141.4823126827605,139.46945983941075,141.4527130126953,2530200.0
2024-10-14,141.6599430274374,142.3900883857621,140.62390928151203,141.41326904296875,1937200.0
2024-10-15,142.3308837108123,145.33043262512925,142.3308837108123,144.3042755126953,2956300.0
2024-10-16,145.00485143157044,146.05074678731157,144.5312265092911,145.81393432617188,2312100.0
2024-10-17,146.7315598422179,147.60971862646844,145.83366292355018,147.20516967773438,1573300.0
2024-10-18,147.78733249356122,148.9417650601255,147.00784924214645,147.90573120117188,4003500.0
2024-10-21,147.15580702119638,147.6590164454753,144.4127939760068,145.33041381835938,1554100.0
2024-10-22,144.24507695242866,144.43255158355316,142.4788828488938,143.81092834472656,2299600.0
2024-10-23,142.80449943303128,144.23520553740346,142.5282257738057,143.30772399902344,1610900.0
2024-10-24,143.59386181181856,144.4226828045846,141.79808299415876,142.45916748046875,1573600.0
2024-10-25,142.9623692404683,143.68265303634124,141.82767497070472,142.30128479003906,1565100.0
2024-10-28,142.39008059671053,142.95250447731013,140.80149962139987,141.25538635253906,2095300.0
2024-10-29,139.6569383069315,140.45617467425535,136.4600530607775,137.1605987548828,4081600.0
2024-10-30,136.47980178241,138.0782445294811,136.43046396986617,137.73289489746094,2332000.0
2024-10-31,137.44673457026818,138.6801043796644,136.80537323591187,137.86114501953125,2214100.0
2024-11-01,137.861151764678,139.22279691872356,137.28886633842384,138.19662475585938,2255700.0
2024-11-04,138.1670272706542,138.9958482228525,136.91391924754035,138.7886505126953,2407400.0
2024-11-05,139.31160346666246,140.55483494248418,138.56170490962063,140.42657470703125,2730900.0
2024-11-06,142.91301891730078,143.72211671626104,136.59817169329813,136.7461700439453,4311500.0
2024-11-07,137.91049488389874,140.6831080489723,136.88432268149924,140.15028381347656,3118500.0
2024-11-08,140.39695443744944,143.01170763294354,140.15028045990007,141.4921875,2846000.0
2024-11-11,142.08419923245162,142.51834780569837,139.13397328664018,140.4660186767578,3164300.0
2024-11-12,137.98942666029671,140.2094924195778,137.43686431335,138.44329833984375,4312800.0
2024-11-13,138.137421868779,139.6668034791973,137.96968537748958,138.59130859375,2374100.0
2024-11-14,138.13741357900344,142.370331984844,138.07821423925205,140.43641662597656,3187900.0
2024-11-15,140.44629482288127,141.29485392346305,138.34464273350545,138.81825256347656,2837800.0
2024-11-18,138.64063729564924,139.6569328814306,137.2198078279924,139.42013549804688,2238400.0
2024-11-19,139.06492936100378,139.36094115664804,135.64109321597255,137.4072723388672,2586700.0
2024-11-20,135.17734978986857,137.7230272349414,134.9800136042522,137.46649169921875,3698000.0
2024-11-21,139.00573030887617,141.31459521940164,137.41714922651593,141.0580596923828,5871200.0
2024-11-22,151.250615927588,153.40162093295268,142.8637003317035,144.1464080810547,8266300.0
2024-11-25,146.8499549970793,152.6517318014887,146.60328101805894,151.2506103515625,5475900.0
2024-11-26,151.73408730481353,152.99705679414637,150.24418198455885,152.32611083984375,2742900.0
2024-11-27,151.95115650666824,153.88508694129783,151.95115650666824,152.82931518554688,2330200.0
2024-11-29,152.8984149102251,153.61869875635358,151.86238112532013,152.80960083007812,1323500.0
2024-12-02,153.09575298280228,154.77313314983536,152.365592532213,154.27978515625,3353400.0
2024-12-03,153.87522390029622,154.66458363815508,151.56635908808147,151.67489624023438,1968600.0
2024-12-04,151.6847674502461,153.59896004346754,151.0532826308542,152.42478942871094,2155100.0
2024-12-05,152.42476137280582,154.98031491044955,152.18796401898578,154.52642822265625,2884300.0
2024-12-06,155.3848740509707,156.23343317053298,154.20084192166607,154.39817810058594,3692200.0
2024-12-09,154.37845126138495,156.57877896152735,153.30294125926602,154.161376953125,3555700.0
2024-12-10,154.367096578548,155.1286504131099,152.3791608243253,154.0605010986328,2228700.0
2024-12-11,155.03960933228151,155.31653522458123,152.07253326507382,152.1516571044922,1499900.0
2024-12-12,151.61760184143154,152.9824466763651,151.4593541502904,152.1912384033203,2129200.0
2024-12-13,152.2011119889774,153.01212002770768,151.1824170758704,151.84506225585938,1698000.0
2024-12-16,152.280244678225,152.280244678225,147.9977628112215,148.27468872070312,2557000.0
2024-12-17,147.5329179958885,149.9856967770935,147.51313326219693,149.19448852539062,3313300.0
2024-12-18,149.19448434718066,150.4307660700067,146.90982304668125,146.96917724609375,2641300.0
2024-12-19,146.90981403212515,147.80983069303556,146.12849067142702,146.1680450439453,2352100.0
2024-12-20,146.1977472672092,149.55054289328962,146.17796253290666,147.5131378173828,6172700.0
2024-12-23,146.8504919991393,147.28566560407327,145.22849089341398,147.0482940673828,1411100.0
2024-12-24,147.45379229400214,148.9768998511266,146.89005566720246,148.8285369873047,658000.0
2024-12-26,148.4428205958732,152.33958313719734,148.0373165546769,152.18133544921875,1313600.0
2024-12-27,151.09342430003707,152.37916042098573,150.3813247589372,151.28134155273438,1341500.0
2024-12-30,150.3516540300184,150.58901048098036,148.09667719789493,149.8373565673828,1703000.0
2024-12-31,150.7769212842423,151.03407755022823,148.96700296640444,149.60987854003906,1692800.0
2025-01-02,150.8560386901258,153.12091524174312,149.71866554956424,150.92527770996094,1947500.0
2025-01-03,151.93406862742606,153.37805227090934,150.85603462359484,152.55715942382812,1638700.0
2025-01-06,152.41870349527994,155.5242426170158,152.41870349527994,153.24948120117188,1882300.0
2025-01-07,153.02200653197548,153.50663439640198,149.76810461186662,149.8966827392578,2705500.0
2025-01-08,150.21317887434483,153.00222258602673,149.2538230527129,152.93299865722656,2437800.0
2025-01-10,150.6285741092473,152.73518798649792,149.95602897783,150.07472229003906,2809600.0
2025-01-13,149.59007677040208,149.77799399219728,145.010884797726,149.50106811523438,2086700.0
2025-01-14,149.60985761041997,150.12413988778616,146.60321232256086,147.4834442138672,1961400.0
2025-01-15,149.02633485636156,149.3527150379945,146.00981956411047,147.37466430664062,2365700.0
2025-01-16,147.7208263396798,148.54171918813864,147.14718982781713,147.36477661132812,2254600.0
2025-01-17,149.174708398194,149.77801451811197,147.27578137107443,147.5131378173828,3011200.0
2025-01-21,146.5240967182054,147.97796516175512,145.84168191668493,147.30543518066406,2508300.0
2025-01-22,146.8702668235568,148.23512665760717,144.97133993215112,148.14610290527344,2640800.0
2025-01-23,147.50326250803695,147.74063406098338,146.19775669516034,146.9790802001953,2419800.0
2025-01-24,146.98894799752446,147.98787329555978,146.18783984969835,147.64170837402344,1993600.0
2025-01-27,146.6032303619371,148.6505201774286,143.71527801384977,144.4075927734375,3010000.0
2025-01-28,144.18011717209717,146.48454809421057,143.66581975433607,146.296630859375,2752700.0
2025-01-29,146.87028077595747,150.39120899812843,146.09884212464274,148.50216674804688,2331500.0
2025-01-30,150.33185870951874,151.3505536500466,149.3428333232719,151.24176025390625,2067900.0
2025-01-31,150.8560504076564,152.39892769224588,148.6307431491914,148.9076690673828,1753600.0
2025-02-03,147.3351206890036,147.79996385211587,144.44716822133967,145.4559783935547,2587300.0
2025-02-04,144.69441979660027,146.00982539645383,144.2988005797289,145.3372802734375,2036500.0
2025-02-05,145.7823299490822,146.03948619746677,144.33836139521298,145.8218994140625,1528300.0
2025-02-06,146.85048620738183,147.27577497409595,143.28010393304595,143.428466796875,2478800.0
2025-02-07,142.8548188350776,142.8548188350776,139.9767515480829,141.02511596679688,2877200.0
2025-02-10,142.3108697688961,142.3108697688961,138.30531372395112,140.5701904296875,2185200.0
2025-02-11,139.45257867262688,139.9668760961408,138.60201624160874,139.71961975097656,2704100.0
2025-02-12,139.36356876163896,139.36356876163896,137.22727033664134,138.01849365234375,1888000.0
2025-02-13,138.05806497005193,139.06687519866082,137.52399784392452,138.89874267578125,1674300.0
2025-02-14,139.16577907792458,139.38335079503943,137.21739771496215,137.23716735839844,2350600.0
2025-02-18,138.13718945608474,138.2261981289603,135.08110429003858,137.5635528564453,2250000.0
2025-02-19,136.8712275012178,138.6020219891398,135.99099547958497,138.19651794433594,2420000.0
2025-02-20,137.6130071495978,138.13718945608474,135.61517141862345,137.5635528564453,2442300.0
2025-02-21,137.9097073059924,138.78993932822365,134.42833359377582,135.1107635498047,2677000.0
2025-02-24,135.58549026423736,135.58549026423736,133.54810032779992,134.43821716308594,2035400.0
2025-02-25,135.3975577571179,136.3272439552661,134.3689780836034,134.95249938964844,2163700.0
2025-02-26,136.48550415026313,139.1558696914588,135.87231323620486,137.25694274902344,4394600.0
2025-02-27,137.48442032225805,138.2360893115052,136.3173775524929,136.5052947998047,2291100.0
2025-02-28,137.30640644592538,139.55149846607682,136.47562868130464,138.78005981445312,3137800.0
2025-03-03,138.95806939118756,139.54159075817086,134.90305919448568,135.30856323242188,3423100.0
2025-03-04,135.60527154170342,136.13933861099648,133.2711710225532,134.477783203125,4108800.0
2025-03-05,127.97986988345058,137.6921057326533,127.84140694283172,137.11846923828125,5162600.0
2025-03-06,136.50530238611907,140.2438175318546,136.1492526059856,136.37672424316406,4014400.0
2025-03-07,136.7822112441624,137.16793053355406,132.45027530843353,134.4678955078125,4252700.0
2025-03-10,133.904145912372,135.1799820154152,130.48211144926466,130.67002868652344,3694100.0
2025-03-11,130.69970235038198,130.92718906123233,127.1491047380294,127.23811340332033,4410400.0
2025-03-12,127.90077435017228,128.16780034738008,125.0523763159803,125.1314926147461,4954800.0
2025-03-13,124.91390685002864,125.12160127158506,121.66001248764864,121.94683074951172,3320600.0
2025-03-14,122.48089780262976,123.8061957178878,121.42264096198002,122.84683990478516,4042900.0
2025-03-17,123.55894062062394,124.69632131303248,122.82706395460669,124.16224670410156,3868400.0
2025-03-18,123.31389025304716,123.65125115036948,121.94462060765802,122.74832153320312,3359500.0
2025-03-19,123.74055053115556,125.94329429866669,123.05591190879764,124.97090911865234,5331200.0
2025-03-20,124.15727981360124,125.34795596954734,123.17497785176256,123.63140106201172,4366200.0
2025-03-21,122.15298561947276,123.889381718687,121.40881586266669,122.57964324951172,6659800.0
2025-03-24,124.28626369010524,128.2750099322624,123.85960609466802,128.17578125,4208300.0
2025-03-25,127.71937443977478,128.66198642546885,126.231034944414,127.13396453857422,3660700.0
2025-03-26,127.4614076479651,127.66976670961392,126.11197159323262,126.70730590820312,1901200.0
2025-03-27,126.71723237128252,128.75129194498788,126.36995464602424,128.0865020751953,2120200.0
2025-03-28,127.3621781791285,127.3621781791285,124.04813814814035,124.44503021240234,2273600.0
2025-03-31,123.63140344742352,127.25303119024704,123.1055246856874,126.7966079711914,3318300.0
2025-04-01,126.88591193168,128.64214936517345,126.81645638504664,128.10635375976562,1904200.0
2025-04-02,126.70730795755613,132.05540763552267,126.68746676044034,131.34100341796875,2137400.0
2025-04-03,128.8505212592799,132.80951005648615,127.59038948861162,130.19003295898438,4055400.0
2025-04-04,130.37853540929,135.35951589021334,128.5826081509543,129.29701232910156,5570300.0
2025-04-07,127.86821205618676,131.5890610775176,123.39327641699526,126.88591003417967,4744800.0
2025-04-08,129.93204071719364,132.50190339359523,124.29619460703704,125.9135284423828,3702000.0
2025-04-09,125.55631179209242,138.207189031292,125.0205087035242,135.93499755859375,7302100.0
2025-04-10,134.99239877548064,139.0902833308575,133.48421047495984,137.81031799316406,4736500.0
2025-04-11,137.74088148346576,141.362501928542,136.5898951809667,140.4099578857422,4388900.0
2025-04-14,141.30294532437776,143.18816916236446,140.7869834299147,142.54322814941406,2995600.0
2025-04-15,142.10666349957563,143.01950995328477,139.57648319996358,139.93368530273438,2570100.0
2025-04-16,140.64807055748938,141.15410049316057,136.65931680401852,137.6019287109375,2512500.0
2025-04-17,138.32629514808124,139.36813596458296,137.1455432320576,138.54458618164062,2287600.0
2025-04-21,138.0583724059446,138.0583724059446,132.66065869141667,134.43675231933594,3161100.0
2025-04-22,135.438905862157,137.65156653186523,135.15116686302733,136.81809997558594,2523400.0
2025-04-23,139.51695889155326,140.5687164846514,136.63950830137256,137.14553833007812,2294500.0
2025-04-24,136.02430495660042,139.24904055305737,134.71457406415985,138.84222412109375,2484900.0
2025-04-25,139.36813223131446,141.52126178631556,137.5126584957625,138.62396240234375,2289800.0
2025-04-28,138.8323028133029,140.89613534503675,137.7110822435191,138.2865753173828,2515800.0
2025-04-29,137.71108729856195,140.0825076495439,137.67140490657107,139.6856231689453,2165900.0
2025-04-30,137.79048508412387,138.48505572546543,136.18308304711212,137.9194793701172,4037300.0
2025-05-01,137.31421051067355,138.86208126796544,137.31421051067355,137.85000610351562,2342700.0
2025-05-02,139.23912833073877,140.7869990456425,139.07045166464522,139.39788818359375,2133500.0
2025-05-05,138.9513781529651,141.13428834131207,138.5247280689894,140.37026977539062,2263900.0
2025-05-06,139.17960600435902,140.89615349430147,139.01092932755992,140.50918579101562,1856400.0
2025-05-07,140.1221942223618,142.79128529512192,139.36810771213464,141.91812133789062,2723300.0
2025-05-08,142.9500637515184,144.14073239545627,141.95783735820797,142.2554931640625,2049600.0
2025-05-09,142.25550392980594,142.8012315154614,140.66795066446886,141.17398071289062,1727900.0
2025-05-12,146.1152482092807,148.14931527373025,144.78566852155822,148.09970092773438,2663100.0
2025-05-13,147.77227453934165,148.903427200945,146.92889116030463,148.16917419433594,1658300.0
2025-05-14,147.72266881505325,149.85594948343274,147.2960035972735,149.48883056640625,2491600.0
2025-05-15,149.12169082411486,150.79855577066903,148.49659852168082,150.70925903320312,2438300.0
2025-05-16,150.8580981132809,151.91978764910678,149.70712697354247,151.73126220703125,2065000.0
2025-05-19,150.81839557576214,153.15013340553497,150.4215111171577,153.06082153320312,1896500.0
2025-05-20,152.24721624421502,154.37058006495474,152.118221971591,153.04100036621094,2166600.0
2025-05-21,150.33220008227863,152.71355226768569,149.9452324339236,151.49310302734375,2878400.0
2025-05-22,152.18768794631526,152.18768794631526,150.8084938752301,151.06646728515625,3996000.0
2025-05-23,133.55368238941543,138.8124703112047,128.19565062923346,136.1929931640625,18535000.0
2025-05-27,136.9966806513151,144.3788309666508,136.9966806513151,140.19163513183594,7636000.0
2025-05-28,139.73523425667923,141.44186473578023,138.41557143620162,138.614013671875,3596800.0
2025-05-29,141.01521073319051,141.5410895125224,137.6714126192927,137.85000610351562,3913700.0
2025-05-30,137.8499904388344,139.61616715420905,137.155435067716,139.0009765625,4225900.0
2025-06-02,138.7827011324608,141.33273023689063,136.98677377853232,141.31288146972656,3073100.0
2025-06-03,140.5389343323907,143.4263165361363,140.5389343323907,142.9103546142578,3161600.0
2025-06-04,142.85083307918157,143.29733192195746,140.9159946670374,141.4021759033203,2260500.0
2025-06-05,141.17395973491264,141.50139623764994,139.62608909664328,141.13427734375,1620700.0
2025-06-06,142.08681752744255,142.9698984183047,140.3206557457182,142.68215942382812,1496400.0
2025-06-09,142.48370948515333,142.54324064354566,140.10235716825173,141.05490112304688,2782300.0
2025-06-10,140.542458303273,141.43800736692677,138.51252482329394,139.38818359375,2159600.0
2025-06-11,139.45782489406054,139.45782489406054,134.6118815771504,135.71640014648438,4645100.0
2025-06-12,135.52733439782097,135.91540766419493,132.28344030411617,132.81082153320312,6157800.0
2025-06-13,132.1441424699549,133.89544487592713,130.66149568045932,131.19883728027344,2996900.0
2025-06-16,132.49239600917676,132.54215210710277,130.33311497336527,130.5022735595703,3537400.0
2025-06-17,129.61667431377046,130.4027812122078,127.7658597620878,128.41265869140625,3971400.0
2025-06-18,128.49225517790435,129.14898401804382,127.32802782628036,127.41758728027344,3833200.0
2025-06-20,128.10418198083698,128.71116990892935,126.4722746586916,127.03945922851562,7112800.0
2025-06-23,126.61158619346476,127.83551482172037,124.68117260905969,127.2384796142578,4898100.0
2025-06-24,127.74596886802664,128.52211543281385,126.47228408366458,127.69621276855467,4515800.0
2025-06-25,127.88526374308688,128.08427293716954,126.33296318072831,126.65138244628906,2017600.0
2025-06-26,126.4125756761482,126.62153761700549,123.87516658112555,125.9946517944336,4160000.0
2025-06-27,126.78075555574114,128.94998175931687,126.3727768054956,127.2683334350586,4422900.0
2025-06-30,127.59669674837868,128.0245809709076,126.16381374541967,126.94991302490234,2553500.0
2025-07-01,126.7807554126314,131.00976565528572,126.68124321590304,129.32810974121094,2976300.0
2025-07-02,134.72133485455387,135.17906968588278,129.6962727730158,130.87045288085938,3684200.0
2025-07-03,130.70128987628604,131.4774363690063,129.5967713776567,130.90029907226562,2343800.0
2025-07-07,130.46246264093443,131.0993011435165,128.7410111732939,130.1241455078125,2504600.0
2025-07-08,129.85548537007318,131.24856496350705,129.64651583934372,130.91024780273438,2737200.0
2025-07-09,130.98986551979257,131.68640537500102,129.60673095608212,130.56199645996094,2211500.0
2025-07-10,130.36296771238182,132.33319990155564,130.03459568085285,130.21371459960938,3142900.0
2025-07-11,129.75598484231466,131.1888755149042,128.91019186434872,130.52218627929688,2171500.0
2025-07-14,130.23362518879796,130.59184785694535,128.91019186434872,130.52218627929688,2485600.0
2025-07-15,130.52217502328074,130.69133360428597,126.92005835891662,126.95985412597656,2082400.0
2025-07-16,127.01955910094418,128.7111676347461,125.6961259308336,128.46240234375,3697800.0
2025-07-17,128.7410282921894,130.23362015453475,128.18379642626255,129.83558654785156,2105400.0
2025-07-18,130.7609893965368,130.79084001636966,128.84051348119866,129.29824829101562,2714100.0
2025-07-21,129.88533940800767,133.89543489684522,129.8455436400464,133.3581085205078,2749200.0
2025-07-22,133.35811122181502,135.4178800868319,132.48245247463822,135.08950805664062,2077000.0
2025-07-23,135.7661480516156,136.5820903131535,135.0795534170533,136.49253845214844,2350100.0
2025-07-24,136.1044762377923,137.37815342009966,134.2238110870862,135.7661590576172,2311600.0
2025-07-25,136.59205760693143,137.8358841290737,135.94525870535995,137.64682006835938,1644100.0
2025-07-28,138.09459360500932,140.29368556134503,137.9950814105686,140.12452697753906,2687600.0
2025-07-29,140.69170667034874,140.69170667034874,138.4130231348762,138.87074279785156,2118800.0
2025-07-30,139.3085635107998,139.36826475152728,137.2189289847664,137.7960662841797,2231400.0
2025-07-31,136.55224100345697,138.01498214762614,135.66663716368498,135.8656463623047,2519300.0
2025-08-01,135.3283219106798,136.93037103475368,133.70636731143546,136.3333282470703,2220600.0
2025-08-04,136.90052639460532,141.7962258438335,136.90052639460532,141.2688446044922,2686100.0
2025-08-05,140.6021514062746,142.0648925933714,140.01506893891712,141.0897216796875,2055900.0
2025-08-06,141.57730219970225,146.07498294412508,141.2091344251177,145.8262176513672,2955200.0
2025-08-07,145.82621545606847,146.78146566315831,143.69678518945489,144.43312072753906,2107100.0
2025-08-08,144.50279235839844,145.3486004733083,143.3684231688492,144.50279235839844,2295700.0
2025-08-11,145.30879042135547,146.95063537995966,144.06496388197974,145.7665252685547,2399300.0
2025-08-12,145.8660182855375,147.84619554800983,145.2789358190588,147.26905822753906,2346800.0
2025-08-13,147.20935645498642,149.84626256336378,146.84118866943948,149.5377960205078,2795700.0
2025-08-14,148.51287433106913,148.55267009574268,146.572508155389,146.65211486816406,3247300.0
2025-08-15,146.98049580516118,147.76658746856134,145.75655960315078,146.21429443359375,3695600.0
2025-08-18,146.31379404280392,147.1297515253091,144.9605101861198,145.33863830566406,5075400.0
2025-08-19,145.21923700526003,148.06511270432742,144.6420996751354,147.149658203125,3615600.0
2025-08-20,148.11486552152786,149.83631714417052,145.35854174936566,145.62721252441406,4966100.0
2025-08-21,145.37844290562907,146.12473878259138,143.46791209918848,144.9008026123047,5611000.0
2025-08-22,149.48804432723563,150.2542457256738,144.64210099597258,146.52276611328125,7736700.0
2025-08-25,146.2441461144977,147.37851527776542,144.74160916508183,146.72177124023438,3371600.0
2025-08-26,146.68197290012992,148.44322026521417,146.23419840364122,147.59742736816406,2693400.0
2025-08-27,147.79644246187263,149.7766197646831,147.3387228013182,149.54774475097656,2360100.0
2025-08-28,150.1248922051346,151.08015772578085,147.3387327353963,148.3138885498047,2321200.0
2025-08-29,148.19445970160317,148.90095984610474,146.0451390131329,146.43321228027344,2633600.0
2025-09-02,145.64710248347896,150.68210970878232,145.64710248347896,150.5030059814453,3132600.0
2025-09-03,150.25423595152213,151.249297116764,149.49799493197256,149.98556518554688,2701300.0
2025-09-04,150.4233981090489,152.78168826812382,150.32390110021282,152.0552978515625,2620900.0
2025-09-05,152.01551712206592,152.66230088548087,149.7169279776023,150.20449829101562,2438400.0
2025-09-08,150.19453300591871,151.6970698823426,149.72685304888995,150.82142639160156,2393400.0
2025-09-09,149.95839412502295,150.30758949407146,148.03277280339827,148.7012481689453,1863500.0
2025-09-10,147.86315786985915,149.57924975427397,147.30443311197672,148.9008026123047,1957000.0
2025-09-11,149.21009643042458,150.9261883245367,149.19013762492804,150.75657653808594,2029400.0
2025-09-12,149.64910413499618,150.008286526183,146.43642142052173,147.5638427734375,2131700.0
2025-09-15,147.5638334449707,147.5638334449707,146.07722979484592,146.7157745361328,1946200.0
2025-09-16,146.76567352180223,147.20466069052014,145.43869455225268,146.1171417236328,1554600.0
2025-09-17,146.61600960563584,147.81327920579906,145.8976448007161,146.32667541503906,3285600.0
2025-09-18,146.70578753866943,147.0350393118239,143.0640896772375,145.75794982910156,3155100.0
2025-09-19,146.08720779994414,146.59604316689317,144.23143468786603,145.84774780273438,4702500.0
2025-09-22,146.10716786077194,146.58607263519698,143.38337697458743,144.3411865234375,3294600.0
2025-09-23,144.4309850083436,145.46862982915127,143.6727178116834,145.34889221191406,2704300.0
2025-09-24,145.6681656898509,150.1280073230784,145.6681656898509,149.09036254882812,2689200.0
2025-09-25,149.72891443794643,150.2876391826917,147.434139044222,149.12030029296875,2758400.0
2025-09-26,149.8586214587666,151.58468524123057,148.80103306923252,151.17562866210938,2265100.0
2025-09-29,152.14341978292498,152.51257395961898,150.0681454676808,151.5148468017578,2346400.0
2025-09-30,150.7964811962889,152.5524755037352,150.71666119720842,152.04364013671875,2025100.0
2025-10-01,151.5547430840467,153.62004552519002,150.45725238907704,152.85179138183594,2193400.0
2025-10-02,152.7121161518141,156.6730941814052,152.2631419761702,155.81504821777344,2576400.0
2025-10-03,155.65541127349937,156.20416426521422,151.64455898665676,152.29307556152344,2372700.0
2025-10-06,151.89398158993993,153.11120988914348,150.85633686400857,151.91392517089844,2669700.0
2025-10-07,152.6322899937782,152.6322899937782,149.3298156745752,149.998291015625,1591600.0
2025-10-08,150.62686770995202,151.75430425111074,150.0681429467927,151.6744842529297,1992700.0
2025-10-09,150.89626033807215,152.18332166886177,148.74116603041176,149.6391143798828,1466900.0
2025-10-10,150.32754665160306,151.29534319722893,147.15478164775513,147.37428283691406,2365500.0
2025-10-13,148.63142258833693,155.05678820889884,148.2423095882897,154.41824340820312,3214600.0
2025-10-14,154.30849256482492,156.20416815713514,153.81960075564183,154.90711975097656,2077600.0
2025-10-15,155.21642321457963,157.55110113964815,155.14657500507604,156.63319396972656,1851300.0
2025-10-16,156.942484874319,157.12206845504528,154.33841638503054,154.85723876953125,1793900.0
2025-10-17,155.7651565799624,156.99237192631608,154.8073470488807,155.95472717285156,2896100.0
2025-10-20,156.96243839468266,157.43135613660263,155.9946418668475,157.09213256835938,1691400.0
2025-10-21,156.2740055815345,157.24180211765585,156.01458678374456,156.05450439453125,1457000.0
2025-10-22,156.55337373304664,157.67082329055108,155.53568775797174,155.69532775878906,1311900.0
2025-10-23,154.83727968296378,156.53341280232848,154.51799968566263,156.30393981933594,1337600.0
2025-10-24,156.62321078503413,157.4712849903014,156.05451420050537,156.39373779296875,1598100.0
2025-10-27,159.1075542949818,161.58191343369307,158.86809429158063,160.36468505859375,3812300.0
2025-10-28,159.75606375010915,160.94336147487454,158.28940364588223,160.33474731445312,1534100.0
2025-10-29,158.5588013883037,160.4544921620142,157.5610742097535,157.98011779785156,1507500.0
2025-10-30,158.55879808537887,159.05766166426218,157.20188854185193,157.7107391357422,1619900.0
2025-10-31,157.62092618541868,159.26718506820256,157.03227083829037,158.5587921142578,1755800.0
2025-11-03,159.29712500744893,161.0730781676332,157.29168363480196,160.8336181640625,2414000.0
2025-11-04,159.8259104551633,162.37011766659467,159.26718570149052,161.86126708984375,2083100.0
2025-11-05,161.86126708984375,164.69482369278208,160.95334697717936,161.86126708984375,2650700.0
2025-11-06,161.86126847437455,162.6494814347041,158.4889611182585,159.86581420898438,1572700.0
2025-11-07,160.40460471181808,161.65176370019486,159.61639170566306,160.71389770507812,2142100.0
2025-11-10,161.43226430183051,162.24042089945996,159.99553469532975,161.55198669433594,2852800.0
2025-11-11,162.30027674517385,163.02861331575238,161.02318718685464,162.36013793945312,1718100.0
2025-11-12,162.65945723797003,163.0685290262522,160.78372531051662,162.47987365722656,2535500.0
2025-11-13,162.1605946904379,162.9587794661812,161.00322752681552,161.46218872070312,2285300.0
2025-11-14,160.73384923389256,161.86127055594355,159.53656447997483,160.21502685546875,2918600.0
2025-11-17,160.21502261832066,160.85356736560564,157.3714942391299,159.0476837158203,2767700.0
2025-11-18,158.63861174214918,160.9234001434759,158.1297763927116,159.53656005859375,2285700.0
2025-11-19,160.135201290012,161.4921107697203,158.50890122762644,160.08531188964844,2454400.0
2025-11-20,160.7238634966366,163.85672614952793,159.9755681315437,160.1352081298828,4895600.0
2025-11-21,166.35104212010998,174.46256865614802,163.1383595049954,173.60452270507812,7821200.0
2025-11-24,172.9759552752702,175.5999826144624,172.52698109181628,173.73423767089844,5598700.0
2025-11-25,173.89386267958753,176.92696181791584,173.1056649097302,176.09884643554688,4531100.0
2025-11-26,175.82945966505704,177.68523286044666,175.0711924760141,177.28614807128906,2193800.0
2025-11-28,176.90700526422452,177.78501006135846,175.7795686700965,175.95916748046875,984100.0
2025-12-01,175.09114674267974,178.3936212432702,174.48253255932474,177.09657287597656,2439600.0
2025-12-02,177.31606533216612,178.12422186509426,175.6797934611206,177.16641235351562,4002200.0
2025-12-03,177.96458263178303,178.23397321861208,176.7174237240106,177.59542846679688,3434600.0
2025-12-04,178.26391074762813,178.64305194205124,175.609952834883,176.6875,3431500.0
2025-12-05,177.07661576825615,177.5355769699869,175.62991440105984,177.46572875976562,2904200.0
2025-12-08,177.93465664527568,179.0122037963976,177.14645889375285,177.78500366210938,2553900.0
2025-12-09,177.30999755859375,177.69000244140625,175.63999938964844,177.02000427246094,2024900.0
2025-12-10,178.13999938964844,182.5200042724609,178.1199951171875,181.82000732421875,3730100.0
2025-12-11,182.1300048828125,183.8999938964844,181.47000122070312,183.1300048828125,3090700.0
2025-12-12,184.13999938964844,185.0,181.2899932861328,182.08999633789065,2549400.0
2025-12-15,183.16000366210935,184.75,181.7700042724609,184.27999877929688,3118300.0
2025-12-16,184.80999755859372,185.8500061035156,182.0399932861328,182.3999938964844,2645100.0
2025-12-17,182.5399932861328,183.3000030517578,181.58999633789065,182.7400054931641,2327600.0
2025-12-18,183.5,184.5,181.75999450683597,182.57000732421875,2163900.0
2025-12-19,182.8999938964844,183.1699981689453,181.32000732421875,182.41000366210935,6157600.0
