date,open,high,low,close,volume
2015-12-21,90.29763805328602,91.06644382546996,90.2089277426769,90.92598724365234,804500.0
2015-12-22,90.39371143178204,91.12555296031512,89.75058018909986,90.9037857055664,1126300.0
2015-12-23,91.5838821571966,92.40443398215164,91.1329480681702,92.30094146728516,655400.0
2015-12-24,91.99784934918908,92.4118250356709,91.90914470487924,92.2417984008789,206100.0
2015-12-28,92.17528327464407,92.20485337367197,91.37690752065066,91.83523559570312,561900.0
2015-12-29,92.32311264919797,92.6483780440446,92.04959350899338,92.25658416748048,436200.0
2015-12-30,92.37489503840106,92.37489503840106,91.60608921161216,91.62826538085938,404500.0
2015-12-31,91.45084160863824,91.72436082958116,90.31981196622957,91.17732238769533,413300.0
2016-01-04,89.89104849730722,90.60810793700144,89.63231716337634,90.4676513671875,1183000.0
2016-01-05,90.3124110250218,91.43605228451044,90.0906437311185,91.1477508544922,1242600.0
2016-01-06,90.00193287342131,91.20688485195096,89.91322257245619,90.48243713378906,1050800.0
2016-01-07,89.61750929608289,89.93538074109927,88.65650102791659,88.93740844726562,1020700.0
2016-01-08,89.18137896036045,89.55099674638313,88.6491284461006,88.73783874511719,1316600.0
2016-01-11,89.15181751964917,89.63971575174826,88.41258187580478,89.25531005859375,822100.0
2016-01-12,89.89103328298766,90.30500898713056,88.89306651249441,89.94277954101562,883600.0
2016-01-13,90.1867370445637,90.31979966907868,88.01338272412534,88.08731079101562,926100.0
2016-01-14,88.13167783057878,89.37359398671882,87.82120020152392,88.9300537109375,700100.0
2016-01-15,87.9542398888864,87.9542398888864,86.94148525095096,87.42198944091797,1107900.0
2016-01-19,88.34604951405105,88.96700472058107,87.62159613317921,88.50868225097656,947200.0
2016-01-20,87.58462390209027,88.8487159213592,86.75667811757528,88.24993133544922,1149900.0
2016-01-21,88.2499366497949,88.61216612478798,87.1706534392252,88.1612319946289,994300.0
2016-01-22,88.98918252896087,90.90380573093913,88.67870491996555,90.84466552734376,1182400.0
2016-01-25,90.50460941682272,91.38430153391884,89.95018274939301,90.07585144042967,733600.0
2016-01-26,90.20153749679102,91.2734326441316,90.14979122346568,90.8742446899414,480300.0
2016-01-27,90.9777463643508,92.69277313224283,90.9777463643508,91.9905014038086,1173200.0
2016-01-28,92.478370592861,94.34124742616844,92.33791966679983,93.35806274414062,1044100.0
2016-01-29,93.92728233902332,94.94003159644257,93.38764345877526,94.85872650146484,1024000.0
2016-02-01,94.540840438271,95.87146677431592,94.23775677501187,95.4574966430664,824000.0
2016-02-02,94.51123815962248,95.6940135890121,94.1194443273795,94.86607360839844,785700.0
2016-02-03,95.16921498776811,96.10064797664464,94.2525585924784,95.63492584228516,996100.0
2016-02-04,95.07309352029492,95.62013193972756,92.4783749154385,93.0919418334961,1041000.0
2016-02-05,93.26195111842053,93.6833151175734,92.43400534819062,92.75187683105467,588800.0
2016-02-08,92.24919955031804,93.20281403067315,91.0590299334351,92.91451263427734,1059100.0
2016-02-09,92.69276885550312,94.7108792644755,92.36011502894492,94.14167022705078,956700.0
2016-02-10,94.63954377224768,95.8137089249728,94.17879735894032,94.98882293701172,688700.0
2016-02-11,93.82207797065728,94.55779010345228,92.93773340160467,93.74776458740234,1017200.0
2016-02-12,94.75845070327831,94.80303760315344,93.4579465392711,94.31999206542967,799700.0
2016-02-16,95.5238975708832,95.65024225817773,93.4430940086068,94.899658203125,836200.0
2016-02-17,95.40500424501404,96.4008162986236,93.69576766166291,94.69901275634766,1511500.0
2016-02-18,94.75105248913412,95.37529199581768,93.4728413052579,94.77334594726562,1531200.0
2016-02-19,94.05990922080724,95.00370134568342,93.27217694320588,94.93682098388672,982200.0
2016-02-22,95.62048921967066,95.86572849050212,94.02272594421274,94.27539825439452,1274000.0
2016-02-23,91.77843637389812,93.27958725147836,90.50765870447546,92.03853607177734,2690000.0
2016-02-24,91.8379042076636,95.08544577599017,91.5703714266448,94.94425201416016,1457000.0
2016-02-25,95.49416628393098,96.48255084434086,95.30095259779324,96.28933715820312,859500.0
2016-02-26,96.475095623035,96.60885628878565,94.33483425507627,94.87732696533205,762300.0
2016-02-29,94.66926556003013,95.53131670427216,94.26796647596034,94.80303192138672,1003500.0
2016-03-01,95.43472512756932,96.22245738954308,95.08544590356236,95.29352569580078,743600.0
2016-03-02,94.92193697155408,95.28607652466248,93.23499422660193,94.98138427734376,766000.0
2016-03-03,94.75102046349808,95.50159309240183,94.08218859686488,95.35296630859376,507200.0
2016-03-04,94.9665480623253,95.28610080006482,94.25312918336604,94.78076171875,801100.0
2016-03-07,94.55039535133848,94.80306207551814,93.8741302900052,94.23084259033205,885500.0
2016-03-08,93.81466711049876,94.53551900496126,93.38364711782192,93.79237365722656,1520300.0
2016-03-09,94.30513943841572,94.8847918636238,93.64374057685792,94.43147277832033,1046700.0
2016-03-10,94.81791013954512,95.69482752739218,94.5652434482748,95.48674774169922,845700.0
2016-03-11,95.79887051571636,96.5494432426831,95.50904428060068,96.25218963623048,777200.0
2016-03-14,95.96978615119536,96.25961237235498,95.47188014763896,96.0589599609375,530600.0
2016-03-15,95.47187439201588,96.41567206638048,95.27866070272349,95.46444702148438,873700.0
2016-03-16,95.1671892793872,96.24474774150384,94.75846274916144,95.96978759765624,583700.0
2016-03-17,95.8880132286264,96.97301008530808,95.77654599723544,96.54198455810548,845000.0
2016-03-18,96.58658383799336,96.58658383799336,95.4495725740045,95.75426483154295,1421700.0
2016-03-21,95.26378452637476,96.1704225730048,95.13001249450528,95.37525177001952,580800.0
2016-03-22,95.10774366212677,95.55362973477536,94.49836470656558,94.899658203125,661200.0
2016-03-23,94.89963816645673,95.96234168101428,94.26053285169016,95.69480895996094,644500.0
2016-03-24,95.4792912194971,95.9549036894269,95.08542517437536,95.65022277832033,563600.0
2016-03-28,95.69481832237352,97.06220287953884,95.69481832237352,96.31163024902344,560800.0
2016-03-29,96.43051654913712,97.02503497382638,96.2447302501402,96.59400939941406,612800.0
2016-03-30,96.95818668005552,97.01020096443172,95.64281607326404,96.74266815185548,776200.0
2016-03-31,96.65346019277564,96.87640601443552,96.34876794782362,96.4899673461914,1050700.0
2016-04-01,95.95491990182438,98.57079459816032,95.95491990182438,98.48162078857422,949300.0
2016-04-04,96.65346186202976,97.2108207560576,94.32741945206278,94.80303192138672,1970900.0
2016-04-05,94.69901043925596,94.85507027952188,92.9972069386197,93.64374542236328,1997400.0
2016-04-06,93.59915762534142,94.79562213154637,93.44309777710806,94.78076171875,1226200.0
2016-04-07,94.17138252048647,95.20435413479264,94.17138252048647,94.9145278930664,927900.0
2016-04-08,95.05569658865656,95.33065665895384,94.75843740180368,95.04826354980467,509000.0
2016-04-11,95.34556050099464,95.79887966480212,94.93682824846344,94.95912170410156,655000.0
2016-04-12,94.90708428701043,95.32324950475828,94.6841441019031,95.10030364990234,367700.0
2016-04-13,95.24150776025957,95.34554765238369,94.09706327714528,95.28609466552734,919400.0
2016-04-14,95.25635879127854,95.53133026221371,94.56523910755728,94.6767120361328,1240100.0
2016-04-15,94.78818650103004,95.49417227720323,94.35716086075122,95.41985321044922,717500.0
2016-04-18,95.49417605608556,96.2744809298909,95.13003075777692,96.1481475830078,718100.0
2016-04-19,96.39339273214118,96.96560651328788,96.02924741182164,96.2596206665039,886800.0
2016-04-20,96.0218049419427,96.41567102630728,95.50159418342628,95.52388763427734,488300.0
2016-04-21,95.271205984928,95.271205984928,92.35064531793834,92.58102416992188,1416200.0
2016-04-22,92.68506676458836,93.81464493140749,92.38780756182088,93.74776458740234,933600.0
2016-04-25,93.33905539679212,95.06315239254452,92.99720921407172,94.69901275634766,687800.0
2016-04-26,94.9888308200222,95.78399605419368,94.51321828760648,94.60982513427734,757700.0
2016-04-27,94.81049301599288,95.4570258957406,94.2531339570382,95.0780258178711,467900.0
2016-04-28,94.62470853003032,95.44960040713902,94.446349545426,94.95912170410156,421200.0
2016-04-29,94.60981949875232,95.30095047439788,93.48024121898654,94.36458587646484,684400.0
2016-05-02,94.55779517622815,95.31580079768987,94.3794419128986,94.88478088378906,921200.0
2016-05-03,94.64698088396024,95.09286690656074,93.94842252437886,94.24568176269533,566100.0
2016-05-04,94.15653398919912,95.43474517546107,93.68092131567148,95.23409271240234,749900.0
2016-05-05,95.44959331665552,96.20760477054088,95.1449009929028,95.4050064086914,534900.0
2016-05-06,95.39756102940017,96.2596123214438,94.63212225752451,96.06639862060548,746200.0
2016-05-09,96.12585742513043,96.71293727365276,95.67253829924674,96.17787170410156,458600.0
2016-05-10,96.52712178853103,97.5898252353511,96.41565455332034,97.55266571044922,792900.0
2016-05-11,97.60496723164415,97.98591157866774,97.08956456364888,97.44811248779295,846600.0
2016-05-12,97.82159658181092,98.4415615136842,97.14932773641102,98.23241424560548,761000.0
2016-05-13,97.81410196462264,98.41167036401389,97.1791948008757,97.53026580810548,452200.0
2016-05-16,97.23896550266268,98.01580803386484,97.2315000274736,97.72449493408205,373900.0
2016-05-17,97.35847863994262,97.5601604408607,95.06531838130384,95.41638946533205,831200.0
2016-05-18,95.1325554529315,95.5956713871928,93.99717629114129,94.65450286865234,767900.0
2016-05-19,94.32582476360808,94.96820889136208,93.8701800753445,94.92339324951172,564900.0
2016-05-20,95.4163658350072,95.56576077995476,94.3556873706344,94.56483459472656,517700.0
2016-05-23,94.796424573516,95.12508215610228,94.28849300169767,94.81883239746094,370100.0
2016-05-24,95.04290875741972,95.84963024696675,94.1913773223919,95.55831146240234,503000.0
2016-05-25,96.43971554459772,96.910302574285,95.61059198630964,96.20068359375,565200.0
2016-05-26,96.0886494612523,96.93271540955185,95.98407582676424,96.70862579345705,526400.0
2016-05-27,96.58164672519108,96.98499892599791,96.17828312671266,96.52188873291016,341400.0
2016-05-31,96.52188174698637,97.1045078824675,95.83468198200016,96.46958923339844,770700.0
2016-06-01,96.37249469444212,97.0821022965382,95.95420016679267,96.8953628540039,453100.0
2016-06-02,96.46958501517652,97.40328216552734,96.34260357044928,97.40328216552734,659700.0
2016-06-03,97.48545827451716,98.54613698170505,97.24643770555232,98.3892822265625,448500.0
2016-06-06,98.3892878140747,98.83746707813413,97.97845872163226,98.546142578125,566900.0
2016-06-07,98.50134399293393,99.50227633635114,98.38183937980088,98.9943389892578,674500.0
2016-06-08,98.99431059788424,99.53958656900588,98.33698412463896,99.12876892089844,1453500.0
2016-06-09,103.82711987498084,107.42746144512434,103.82711987498084,106.98674774169922,3681500.0
2016-06-10,106.33688126714448,108.83171684239208,106.33688126714448,107.7411651611328,2745400.0
2016-06-13,107.56194092810934,108.75707816415768,107.00172248577545,107.7262725830078,1352800.0
2016-06-14,108.10720688822134,108.68236762645874,106.82991534211205,107.62168884277344,1510800.0
2016-06-15,107.9652654494984,108.4134446472734,106.94940247918946,107.20337677001952,1207200.0
2016-06-16,107.1884506703478,108.9288638155034,106.85232191990556,108.607666015625,1044700.0
2016-06-17,108.68983842196069,108.74959642085462,107.35278881443678,108.09974670410156,1009200.0
2016-06-20,108.29393218017675,109.2201638999798,108.29393218017675,108.42839050292967,994700.0
2016-06-21,108.65996041540566,109.5114919168377,107.97276055439669,109.05584716796876,1204600.0
2016-06-22,109.78784456931676,109.94471070845655,109.01101354080906,109.87001037597656,1157400.0
2016-06-23,109.65341797451532,110.109062732697,108.712243760552,109.4741439819336,1190900.0
2016-06-24,107.56939953784337,109.43679422642413,107.39760241784228,108.55538940429688,1474900.0
2016-06-27,108.2939473751661,109.73558197207146,107.95781861762698,109.6160659790039,1163000.0
2016-06-28,110.04929685140752,110.12398579471152,108.68982814981638,109.78785705566406,993200.0
2016-06-29,110.36305048836618,111.490953026404,110.01944477474512,111.37891387939452,1118100.0
2016-06-30,111.13985400216636,113.98577299791494,111.10251522763096,113.8438491821289,1626700.0
2016-07-01,114.09034255566267,114.59080293184132,113.0819449305282,113.26868438720705,951900.0
2016-07-05,113.26868352498298,114.68789882587,113.26868352498298,113.63469696044922,969100.0
2016-07-06,113.64962293656096,114.55344687542534,113.59734181816638,114.32189178466795,1408600.0
2016-07-07,114.93435141024152,115.56180439721231,114.03053918229271,114.44136810302734,738600.0
2016-07-08,114.68787640201307,115.39001844012483,114.16500830905844,115.09123992919922,883700.0
2016-07-11,114.96428550514705,115.03150897625024,114.23973547835298,114.4712905883789,1240700.0
2016-07-12,114.4114960463943,114.516069656153,113.26118633904863,113.4329833984375,1031200.0
2016-07-13,113.72431535325278,114.1351443877576,113.49276027862386,114.04550170898438,673600.0
2016-07-14,113.9857741116712,114.5086423346716,112.70100567934315,113.16411590576172,1443200.0
2016-07-15,113.52265938952657,114.643096248793,113.06701461085127,114.10528564453124,1182400.0
2016-07-18,114.2322444311906,114.47127638457222,113.26867393858927,114.09033203125,746800.0
2016-07-19,113.72434056382735,114.28455899025016,113.2089377878907,114.15757751464844,461100.0
2016-07-20,114.29199042404124,114.29199042404124,113.5749174344984,113.8288803100586,561200.0
2016-07-21,113.9782815289758,114.12767080100387,113.4479479036255,114.09033203125,490400.0
2016-07-22,114.03803351283167,114.54597068818757,113.9185175424338,114.26212310791016,588500.0
2016-07-25,114.39655361112052,115.5692825317383,114.39655361112052,115.56928253173828,980100.0
2016-07-26,115.73364086894196,115.75604869064678,113.9558776958846,114.0753936767578,908700.0
2016-07-27,113.9932411187984,114.42647805158347,112.23042008780187,113.34339141845705,902700.0
2016-07-28,113.06699205153974,114.0977974036523,112.70845551945877,113.79901885986328,1052100.0
2016-07-29,113.7691472954981,115.397521320769,113.7691472954981,115.1510238647461,997600.0
2016-08-01,115.15098458135829,115.49457868938228,114.3143843318038,115.24061584472656,650000.0
2016-08-02,114.80741801974828,115.4796869160572,114.03058687915308,115.4647445678711,856300.0
2016-08-03,115.55433938369124,115.5916895435298,113.53009065386244,114.11271667480467,918100.0
2016-08-04,114.57587759461762,116.7719357548289,114.57587759461762,116.6748275756836,1137900.0
2016-08-05,117.0035003781019,117.50396086915768,115.33031035902884,115.95028686523438,962300.0
2016-08-08,115.98012918970834,116.04735264953923,114.79993461610516,115.38256072998048,873100.0
2016-08-09,115.09123407739229,115.54687869187188,114.66546275341852,114.94931030273438,921600.0
2016-08-10,114.77670510257984,115.76751235130864,114.77670510257984,115.58737182617188,541000.0
2016-08-11,115.9326661192258,115.9326661192258,114.16872497731552,114.73918914794922,977300.0
2016-08-12,114.85175730738092,115.1144775054088,114.49896684876838,114.7166519165039,841300.0
2016-08-15,114.3488510909058,114.81424084974569,113.62075257567308,114.13867950439452,920400.0
2016-08-16,113.84592547554546,114.10113216251553,113.2154107947402,113.59822082519533,859000.0
2016-08-17,114.09364046557624,115.10697672216077,113.78588513390338,115.05442810058594,960200.0
2016-08-18,114.8442488488446,116.17284238564211,114.33383546274776,115.87258911132812,823100.0
2016-08-19,115.6849436406912,116.2404036490139,114.75418705541097,116.05274963378906,1333400.0
2016-08-22,116.21784970050804,117.26870727539062,115.71493847156503,117.26870727539062,1808800.0
2016-08-23,112.44227322508034,112.44227322508034,107.0003075089637,107.81097412109376,5383000.0
2016-08-24,107.81096636569934,107.9460717312569,105.34143361821504,106.7976303100586,1853100.0
2016-08-25,106.64753739556043,107.29306770292722,105.5966679782114,105.8293685913086,1324200.0
2016-08-26,105.75428937684738,106.1746325106284,103.93780000387,104.32061004638672,1393600.0
2016-08-29,104.6358699313795,106.5349275697438,104.5758307280919,106.20466613769533,970900.0
2016-08-30,106.20465600700638,106.20465600700638,104.50825661191077,104.90608215332033,715400.0
2016-08-31,104.92110601588608,106.45987114254758,104.71093444725334,106.42984008789062,1951700.0
2016-09-01,106.0094872860575,106.37729322437876,105.13126800001577,105.5816421508789,1139700.0
2016-09-02,105.79180310417075,106.76760603097688,105.77678757971518,106.18962860107422,552200.0
2016-09-06,106.21215945315396,106.6475180889356,105.6792170764326,106.45236206054688,701900.0
2016-09-07,106.12209025934423,106.3022307631928,104.98865280633969,105.19132232666016,737100.0
2016-09-08,104.64336225139088,105.29639439982584,104.14795302330742,104.77096557617188,538000.0
2016-09-09,104.18549502399829,104.22302811179046,102.00870192044464,102.03121948242188,1211500.0
2016-09-12,102.6017260037404,103.6300664904588,102.19638685840312,103.45742797851562,997900.0
2016-09-13,103.29227426762088,103.44239518571472,102.24141638747214,102.41405487060548,1334200.0
2016-09-14,102.72181263652236,103.23972809821984,102.113804005544,102.79686737060548,962100.0
2016-09-15,102.7518136848568,103.5099316471028,102.3915212472388,103.34479522705078,684300.0
2016-09-16,102.90195346624276,103.02955682270536,102.02373404577057,102.85691833496094,1479400.0
2016-09-19,102.69929537547452,103.479931042508,102.66176228157562,102.85691833496094,756800.0
2016-09-20,103.11962465812466,103.28476108625762,101.8435683582808,101.85108184814452,585200.0
2016-09-21,101.60339106332366,102.56417871068668,101.03292697691816,102.33148956298828,841000.0
2016-09-22,103.0595967789852,103.79519737826,102.08379352080826,103.48744201660156,608800.0
2016-09-23,102.36902162661968,103.17217485263988,102.36902162661968,102.9695053100586,1024400.0
2016-09-26,102.82691605881732,103.75767280479172,102.42157690199468,103.37486267089844,816600.0
2016-09-27,102.32396346219237,102.32396346219237,99.94450101554882,100.31980895996094,1480600.0
2016-09-28,99.97453676286204,101.17551536932108,99.83191790472544,101.12297821044922,1089900.0
2016-09-29,101.0779466188682,101.77601395498996,100.89029263128832,101.16051483154295,893100.0
2016-09-30,101.53584439927108,102.12882608659096,101.4682802447214,101.7385025024414,703100.0
2016-10-03,101.33316809270995,102.02373349344124,101.2130667742805,101.62590789794922,554600.0
2016-10-04,101.38571635930404,101.59588793907304,99.69683023034376,99.967041015625,939400.0
2016-10-05,100.25225932727922,100.5074659884023,99.45660829348968,99.906982421875,1376200.0
2016-10-06,99.70432902400256,100.2072403916239,99.31400547991892,99.89198303222656,510700.0
2016-10-07,100.1096321813756,100.1096321813756,99.51665069981355,99.78687286376952,718200.0
2016-10-10,100.37982510779744,101.2505419884304,99.91444708178024,100.88273620605467,588400.0
2016-10-11,100.81523349821724,100.81523349821724,99.0512927638246,99.20891571044922,823900.0
2016-10-12,99.1338502597755,99.74184732369096,99.08880368354951,99.52416229248048,621700.0
2016-10-13,99.28399473055646,100.8752971970634,98.96122385181638,100.5225067138672,709900.0
2016-10-14,100.56003445772969,100.9278404503256,100.0796406375494,100.22225952148438,431200.0
2016-10-17,100.27479396844662,100.43993041341676,99.65178128123962,99.87696838378906,382700.0
2016-10-18,100.1471892761972,100.32734124652472,99.16388411016266,99.24645233154295,746100.0
2016-10-19,99.53167906624834,99.86945395140384,98.93118401847724,99.69681549072266,728100.0
2016-10-20,99.67430544437312,99.80942229624397,97.25733217438552,97.41495513916016,1155300.0
2016-10-21,97.27232048786595,97.74521221254872,96.6418058239494,97.58757781982422,723300.0
2016-10-24,97.61759121111812,97.94035052110048,96.93452805537903,97.49748992919922,595900.0
2016-10-25,97.42995462851944,97.90283489848804,97.2723202362028,97.72269439697266,520400.0
2016-10-26,97.95539943986395,98.5258635432296,97.6926792277853,97.9403839111328,542400.0
2016-10-27,98.18055878327252,98.18055878327252,96.9495492058783,97.03961944580078,542900.0
2016-10-28,97.25730737602598,99.35902272708302,97.25730737602598,99.02124786376952,857400.0
2016-10-31,98.92367748235792,99.1338604993189,98.1805749734795,98.56338500976562,638400.0
2016-11-01,98.57838956850873,99.29147239761876,97.95537698415242,98.29315185546876,556900.0
2016-11-02,98.35319417082538,98.81857233394676,98.00040380410788,98.07546997070312,564700.0
2016-11-03,98.37573106036108,99.0437788417659,97.54254684278956,97.7452163696289,614200.0
2016-11-04,97.74520255903938,97.96287612859936,96.96455561591556,97.03211975097656,494500.0
2016-11-07,97.4374616232977,98.75103962998244,97.21978802172607,98.68348693847656,695800.0
2016-11-08,98.43436403507545,101.05394655643224,98.43436403507545,100.087646484375,778200.0
2016-11-09,98.47964959145968,99.1817335903585,96.85657063015034,99.05339813232422,754600.0
2016-11-10,98.5098291352178,98.5098291352178,95.62602000836644,96.24505615234376,1110300.0
2016-11-11,95.89028122089223,96.23755074003871,94.83339402211,95.92047882080078,1058300.0
2016-11-14,95.7166326056386,97.89835259579652,95.37691399598889,97.24913024902344,1033600.0
2016-11-15,97.63414738829894,98.78917811749452,97.05285372431771,97.23403930664062,865300.0
2016-11-16,97.23403174091663,98.87975745527628,97.21138498478908,98.10218811035156,1185100.0
2016-11-17,96.1922491950024,96.1922491950024,92.13831797610888,94.2520980834961,1769100.0
2016-11-18,93.96522953052585,94.79564334984236,93.47452862287416,94.2520980834961,1954400.0
2016-11-21,94.25208062425769,95.49770400229497,93.99540971803044,95.4675064086914,1072900.0
2016-11-22,95.91290190781172,96.37340507427383,95.47504549386392,95.81475830078124,763000.0
2016-11-23,95.50523972233364,96.30545566754854,94.47854474074413,94.80316162109376,747400.0
2016-11-25,95.28632660667208,96.1922313763708,95.01455402384204,95.4675064086914,298200.0
2016-11-28,95.2863269063029,96.48665101790829,94.84091959875228,95.86761474609376,911100.0
2016-11-29,96.13939757420373,96.48666129933736,95.41467252702012,96.0790023803711,609800.0
2016-11-30,95.53543946724912,96.44889495126668,95.08248138427734,95.08248138427734,1238300.0
2016-12-01,94.61444416279252,94.91641433340114,93.76137799885304,94.16903686523438,819900.0
2016-12-02,94.54652359025609,95.24860197808783,94.055822650872,94.57672119140624,608600.0
2016-12-05,94.59934311641396,95.2259302166689,94.18413916871398,95.12779235839844,667200.0
2016-12-06,95.22592867488736,95.7694738248815,94.7201319557102,95.68643188476562,797600.0
2016-12-07,95.87517841457084,97.38502374393414,95.739292104544,97.12079620361328,586500.0
2016-12-08,96.8641292538214,97.5360099923068,96.37343410923997,97.20384216308594,501900.0
2016-12-09,97.6114898538786,98.65327515940484,97.09059144151338,98.50984954833984,700900.0
2016-12-12,98.42680810267336,98.879754731954,97.91345476644358,98.28337097167967,521500.0
2016-12-13,98.24561393334822,99.1062251247185,98.06442838598488,98.5777816772461,559900.0
2016-12-14,98.45699135440252,99.02318323105128,96.2601698679982,96.6904754638672,846700.0
2016-12-15,96.72821990851877,97.00753753668184,95.60338127966294,96.2148666381836,1246200.0
2016-12-16,96.28281727882896,98.66082432890818,96.078984976467,97.49069213867188,1349100.0
2016-12-19,97.8983735107071,98.44191879458744,97.29444454569038,97.67945098876952,533700.0
2016-12-20,96.96978837556652,98.09462699591128,96.72066257968334,97.53598022460938,675400.0
2016-12-21,97.58128427291824,98.27581163381542,96.8414634022762,97.04529571533205,469500.0
2016-12-22,97.30199105798071,97.91347663154342,96.82638604778448,97.55111694335938,479400.0
2016-12-23,97.5359972982472,97.76247638134996,97.23403286691332,97.73228454589844,265600.0
2016-12-27,97.24156060394569,97.73226711635664,96.98488973116602,97.2944107055664,300500.0
2016-12-28,97.279338495715,97.38502721176572,96.4111762484957,96.59990692138672,340400.0
2016-12-29,96.73581543965857,97.61907380921475,96.44894682447745,97.49828338623048,387200.0
2016-12-30,97.71719679954626,97.71719679954626,96.1922497097365,96.67539978027344,586600.0
2017-01-03,97.01511147298872,98.0795552384858,96.73579376173866,97.36238098144533,652500.0
2017-01-04,98.32111980860697,98.32111980860697,96.87921493317305,97.03019714355467,786900.0
2017-01-05,97.03020182440795,97.86062130037384,96.87167452758116,97.5208969116211,661300.0
2017-01-06,97.36239119311206,97.78514610395128,96.77355235027066,97.41522979736328,534600.0
2017-01-09,97.46804601912052,97.48314769474274,96.27526706743964,96.63762664794922,642200.0
2017-01-10,96.26770862973513,97.37745131629148,95.87515148857338,97.188720703125,1411200.0
2017-01-11,97.19630475382836,99.24969556997009,97.1283644704548,98.63065338134766,2053000.0
2017-01-12,98.46455473458458,99.1213452666361,98.35886602540008,98.5626983642578,1169100.0
2017-01-13,98.69101176189903,99.24965853935272,98.38904738009867,98.89484405517578,780700.0
2017-01-17,98.90240087300452,99.8989041857985,98.47210100190102,99.84605407714844,887500.0
2017-01-18,99.98949151795578,100.5632400401488,99.80831747448782,100.40470123291016,983700.0
2017-01-19,100.0650023044154,100.66894274481228,99.86116995795022,100.2990264892578,1122000.0
2017-01-20,100.69156959172685,101.0841210090332,100.253713147005,100.8350067138672,886500.0
2017-01-23,100.60854378267476,101.46159853556654,100.21598078323112,100.77462768554688,1040500.0
2017-01-24,100.69159997267116,101.74848721384978,100.40472564183398,101.5446548461914,1022400.0
2017-01-25,101.5672969139712,102.02780023046472,101.45406311450824,101.92211151123048,1001300.0
2017-01-26,101.92208766308768,102.5788781039138,101.73335702867168,102.53358459472656,1206300.0
2017-01-27,102.52603108942158,102.76761183797832,101.69562318446702,102.35994720458984,964400.0
2017-01-30,102.65436235961305,102.65436235961305,100.47263670962502,101.25020599365234,1103700.0
2017-01-31,100.98598841856771,102.60152214568495,100.98598841856771,102.55622863769533,1590800.0
2017-02-01,101.90700868615018,103.0242909390902,101.6880746754548,102.2920150756836,1684200.0
2017-02-02,102.73742756961433,104.59454248171404,102.29202594082832,103.86226654052734,1787100.0
2017-02-03,104.5190473401093,105.41740721190246,103.5829505480208,104.76817321777344,1036500.0
2017-02-06,104.94933789905136,105.122966863107,103.88489432096316,104.17931365966795,926100.0
2017-02-07,103.99058263367174,105.65140996172984,103.99058263367174,105.43248748779295,940300.0
2017-02-08,104.88605114417318,105.50083834915456,103.982840675066,104.1270523071289,1318800.0
2017-02-09,104.1269760201254,104.88597430110144,104.05866895437228,104.5140609741211,682100.0
2017-02-10,104.3623060162102,105.25791879240492,103.99039253819411,104.75698852539062,494400.0
2017-02-13,104.779741061589,105.56150855889226,103.99037616749408,105.34139251708984,1531600.0
2017-02-14,104.7873408176018,105.144071072342,104.11183255293616,104.68866729736328,1340000.0
2017-02-15,104.36987653721194,105.2958556068548,104.18012691771789,105.14405822753906,1161700.0
2017-02-16,104.93911638354712,105.31861558994396,103.99036836755508,104.6203384399414,2461300.0
2017-02-17,100.50657319439806,104.00555650641547,98.67738415336264,103.1858367919922,3590300.0
2017-02-21,103.19343940609292,109.05289707185526,102.63936217188116,107.7170639038086,3228400.0
2017-02-22,107.06433657983676,107.69430678357938,106.61653020245076,106.8138656616211,1193600.0
2017-02-23,107.29962464173305,107.70189295922144,106.80628020146214,106.8897705078125,1293700.0
2017-02-24,107.16300816427028,107.23890107116524,106.19907675365307,107.15541076660156,792700.0
2017-02-27,107.15543341849327,107.46662567232345,106.22946563767894,106.98846435546876,1769300.0
2017-02-28,107.04914986783446,108.87833914384204,106.71520023585768,107.57286071777344,1286000.0
2017-03-01,107.23132232901445,107.80815710134564,106.60135209509242,106.78351593017578,1841200.0
2017-03-02,106.83664625199329,107.42107845773222,106.6620798045545,106.9808578491211,798400.0
2017-03-03,106.90497676401104,107.1858025907182,106.35849674673112,106.6317367553711,1107200.0
2017-03-06,106.10799332603122,106.68482802058637,105.82715600380206,106.25220489501952,865100.0
2017-03-07,106.25979960847069,106.52545374005147,105.5463391009328,105.62982940673828,981200.0
2017-03-08,105.4552591582626,105.728499096327,105.07575988769533,105.07575988769533,2051000.0
2017-03-09,105.47041716722126,106.2294155269752,105.31860823015376,106.02448272705078,1479700.0
2017-03-10,106.58619848940076,106.5937958896812,105.65263318573182,105.87274932861328,1236600.0
2017-03-13,105.87271270800608,105.94860561473972,105.21237608917022,105.58428955078124,1152100.0
2017-03-14,105.53875225435824,105.68296383401446,105.01504139409045,105.44007873535156,922500.0
2017-03-15,105.50838977076144,106.2901573915358,105.22756399865789,105.60706329345705,1215900.0
2017-03-16,105.28067559870122,105.49319422911262,104.81768610071995,105.28826141357422,1520700.0
2017-03-17,105.59947654931352,105.79681201157196,105.1137179194933,105.15925598144533,1311400.0
2017-03-20,105.19720423162244,105.57670350867537,104.82529077080704,105.12129974365234,795500.0
2017-03-21,103.66403623934126,103.77788140343834,101.5464235359338,102.16880798339844,2135600.0
2017-03-22,102.2902435264747,102.38131965150237,100.999948235852,101.4325714111328,1411700.0
2017-03-23,101.2959773909627,101.80450515927744,100.78743804124626,101.06827545166016,1364000.0
2017-03-24,101.3566714444548,101.47052818722196,100.67357731345147,100.99235534667967,654600.0
2017-03-27,100.89369713899664,101.12899647721686,100.36240033627716,100.86334228515624,1747700.0
2017-03-28,100.71153062863166,101.3490867018465,100.41552162453908,101.0530776977539,2589700.0
2017-03-29,100.94679701218196,101.311113036803,100.63560485839844,100.63560485839844,1000500.0
2017-03-30,100.5749233944561,100.86334663468509,99.51991556163168,99.6261749267578,927600.0
2017-03-31,99.81590394631598,100.0815580948098,99.46677106810102,99.48954010009766,864600.0
2017-04-03,99.54266398095656,99.77036588232272,99.15557885561394,99.48954010009766,1159600.0
2017-04-04,99.71722858501246,99.80830470074515,98.99617073080104,99.27700805664062,1064300.0
2017-04-05,99.28459365881288,99.67927612846896,98.60149962949116,98.68498992919922,963000.0
2017-04-06,98.76091032652027,98.9506600076465,98.11576835953204,98.24479675292967,975600.0
2017-04-07,98.42693519036344,98.7077725542817,98.13092619269808,98.21441650390624,729000.0
2017-04-10,97.36432549517612,97.59202735874683,96.65086506064026,96.91651916503906,1529000.0
2017-04-11,96.67365433627876,97.01520139201132,96.24861118009844,96.9772491455078,1118800.0
2017-04-12,96.93931089596472,97.4933766813412,96.4383689950706,97.30362701416016,698400.0
2017-04-13,97.18217998366822,97.42506510557556,96.63570583147676,96.68124389648438,489800.0
2017-04-17,96.87099878693816,97.1973684487533,96.46113880763303,97.15941619873048,1424100.0
2017-04-18,97.15178499007304,98.13848512265751,96.77228582995556,97.23527526855467,1010200.0
2017-04-19,97.1214622771212,97.35675578592344,96.46113139608254,96.77232360839844,688900.0
2017-04-20,96.79509592088878,97.22013330753028,96.3472895014915,96.7419662475586,778400.0
2017-04-21,96.53703287882608,96.98483926907733,95.92983168825856,96.07404327392578,914700.0
2017-04-24,96.38525565946736,97.0531783072215,96.38525565946736,96.51428985595705,821900.0
2017-04-25,96.64330706281471,96.67366770607642,95.98297610094936,96.33970642089844,656600.0
2017-04-26,96.33211773435808,96.68125645640669,95.84635900883822,96.3169403076172,931700.0
2017-04-27,96.37765924773686,96.6584850658571,95.80841021225984,95.94503021240234,657200.0
2017-04-28,95.81598359761558,96.24102675996392,95.45925332182496,96.18030548095705,760800.0
2017-05-01,96.39282000580098,96.57497804425856,95.55033111572266,95.55033111572266,757200.0
2017-05-02,95.56552161447784,95.8994770786553,94.1841385295572,94.62435913085938,962100.0
2017-05-03,94.61677866185742,95.06458510557304,94.57123480317247,94.84447479248048,775500.0
2017-05-04,94.95831539057356,96.3776448584409,94.83687283493366,95.3302230834961,830200.0
2017-05-05,95.67934346045996,96.2485923021632,95.29225841740477,95.69452667236328,694900.0
2017-05-08,95.63381335142856,96.46871056381708,95.18600700495352,95.81597137451172,805300.0
2017-05-09,95.7400772083469,96.11957648562456,95.13287604842292,95.2467269897461,849300.0
2017-05-10,95.17801064907272,95.8346744777792,95.00238881443518,95.70486450195312,735700.0
2017-05-11,95.44524875248966,95.58269014371388,94.72749861770592,95.47579193115234,794800.0
2017-05-12,95.33837921205884,95.5598129548206,94.95659810223174,95.25438690185548,450800.0
2017-05-15,95.17036161898584,95.7964821891562,95.147455692415,95.27725982666016,742800.0
2017-05-16,95.6514037811986,95.6895842092512,95.05582638687687,95.26962280273438,526700.0
2017-05-17,95.26964056925328,96.46080140554776,94.88785951959198,96.04847717285156,668600.0
2017-05-18,95.81939831667992,96.64404671411565,95.18564625386016,96.13246154785156,1127000.0
2017-05-19,96.17828074670008,96.38444577455265,95.3154576768988,96.21646118164062,886500.0
2017-05-22,96.12479210618798,97.4075761307833,95.92626441206224,96.94180297851562,520100.0
2017-05-23,97.1709233731424,98.04137795527468,96.98003283066636,97.3847198486328,476100.0
2017-05-24,97.38469662693004,97.78174629737488,96.80438788503469,97.5450439453125,551600.0
2017-05-25,97.38471639801946,98.20935908490355,97.38471639801946,97.73595428466795,847700.0
2017-05-26,97.8122946347915,98.1558951967669,97.7053905977495,97.86573791503906,413100.0
2017-05-30,97.43052146545374,97.7206787878251,97.19381908184884,97.5603256225586,511800.0
2017-05-31,97.65958698773665,98.44604913863924,97.0945527040356,97.62140655517578,1099100.0
2017-06-01,97.81994224291525,99.44633326329752,97.18618429436737,99.43869018554688,810500.0
2017-06-02,99.84337923968694,100.25570931163789,99.05691118326334,99.6524887084961,817500.0
2017-06-05,99.69065591241537,99.69065591241537,99.04163518313486,99.64484405517578,700100.0
2017-06-06,99.7517570899057,100.37024055657558,99.3394386624703,99.6601333618164,1035600.0
2017-06-07,99.64484027238242,99.93499755859376,98.82782334585326,99.93499755859376,1373100.0
2017-06-08,99.93500086144452,102.40893434848287,97.53741076023717,98.12535095214844,1629100.0
2017-06-09,97.98031663851133,98.4155410763586,96.74333783134212,97.0945816040039,876200.0
2017-06-12,97.17854084507744,98.20934846131476,96.98765033001438,97.7741241455078,819600.0
2017-06-13,97.66722782898988,98.071914796738,96.60587118505302,97.91920471191406,753000.0
2017-06-14,98.30100297832556,98.8125882602173,96.9876692212816,97.3389129638672,1370300.0
2017-06-15,96.9723785919732,97.2167182105229,96.4226129938574,97.0869140625,864400.0
2017-06-16,96.78913561902034,96.78913561902034,94.40681971588474,95.2314682006836,1416000.0
2017-06-19,95.23147172150624,95.31546402355497,93.94868708400968,94.80387878417967,700300.0
2017-06-20,94.6816842974445,94.77331383104698,93.4065372054333,93.43708038330078,783900.0
2017-06-21,93.6432440242048,94.20064685225464,92.6047992291784,92.82623291015624,844200.0
2017-06-22,92.94840851761592,93.30727777844656,92.3146506343024,92.5666275024414,855700.0
2017-06-23,92.5589889566129,92.99421907480478,91.95577426201082,92.17720794677734,1146400.0
2017-06-26,92.3222716392144,93.39889088327872,92.09320074021436,93.20036315917967,658300.0
2017-06-27,92.85677139348282,93.20037194887276,91.7496088701014,91.75724029541016,881000.0
2017-06-28,92.08559087490548,92.62771928321004,91.37547786744692,91.4823760986328,594600.0
2017-06-29,91.70381122444674,91.72671715640809,89.93234730473006,90.1156005859375,1354100.0
2017-06-30,90.41335837773596,90.85621980827312,89.69560839899827,90.3522720336914,856000.0
2017-07-03,90.71117551539376,90.9555151428046,90.02396849282697,90.21485900878906,504800.0
2017-07-05,90.01634531582198,90.1614239948026,88.76410380135393,88.80228424072266,977100.0
2017-07-06,88.73353269483297,89.0695018139098,87.86307254587514,87.89361572265625,832900.0
2017-07-07,88.22959459563077,88.35176149074557,87.6874604297267,88.107421875,795500.0
2017-07-10,88.15324560716945,88.15324560716945,87.34387161326968,87.35914611816406,739200.0
2017-07-11,87.66456177378613,88.25250784594576,87.28278072841573,87.38967895507812,1177400.0
2017-07-12,88.03107707899788,88.57320548245782,87.76383150342137,87.93181610107422,946500.0
2017-07-13,88.0005295786271,88.87098988238739,87.88599410170782,88.83280944824219,1246200.0
2017-07-14,88.89389713556851,89.42075684192797,88.74118704774779,89.1458740234375,804100.0
2017-07-17,89.50474536538175,90.55845890817164,89.35202945848135,90.53555297851562,1085200.0
2017-07-18,90.85624912676778,90.85624912676778,88.81753979690089,88.93971252441406,1017200.0
2017-07-19,88.58083190083859,89.29857624095757,87.8096326266255,89.15350341796875,1085100.0
2017-07-20,89.3291241583123,91.16931152719528,89.31385548027276,90.2912139892578,1622800.0
2017-07-21,90.1614090342538,90.46683502197266,89.5811002401396,90.46683502197266,1281300.0
2017-07-24,90.43629229577805,91.71907679024,90.1003231250449,91.32965850830078,1024400.0
2017-07-25,91.45946516789144,92.48264138612276,91.1616764222197,92.40628051757812,1034500.0
2017-07-26,92.61244595953048,92.73461286382346,91.9939625350406,92.1695785522461,744900.0
2017-07-27,92.2993774049489,93.26146720760804,91.7954294872334,93.25382995605467,645600.0
2017-07-28,93.66616366191587,93.7654304656342,93.10876657779754,93.47527313232422,758900.0
2017-07-31,93.49818751929378,93.5287307058526,92.96369631830709,93.07823181152344,776600.0
2017-08-01,93.2843914188962,93.46765053899574,91.89470846515276,92.19249725341795,828400.0
2017-08-02,91.94815239066834,92.9713286974407,90.90207597707384,92.24594116210938,1328700.0
2017-08-03,92.0321261490636,93.10875135619985,92.0321261490636,92.52080535888672,567500.0
2017-08-04,92.80334230474335,92.98659558544138,92.39101805403524,92.74989318847656,745200.0
2017-08-07,92.74988090403488,93.70433344346796,92.61243950533586,93.5897979736328,668600.0
2017-08-08,93.27673695685976,93.582157097235,92.88731870471082,92.99421691894533,594400.0
2017-08-09,93.1786776034848,94.16233610731123,92.99424309978411,93.90105438232422,714100.0
2017-08-10,93.5398406982422,93.94713613768111,93.1709659275233,93.5398406982422,805400.0
2017-08-11,93.82417054943318,94.56192004859112,93.37845446681784,93.97018432617188,448800.0
2017-08-14,94.07009228924858,94.87699665433335,93.88565198031606,94.53118133544922,637900.0
2017-08-15,94.5619427885285,94.78479795189502,94.21612152831156,94.4620361328125,613400.0
2017-08-16,94.4620425137236,95.12293915728849,94.18538783208864,94.66184997558594,545700.0
2017-08-17,94.44664146502043,95.16133149182896,94.12387974015591,94.26220703125,669700.0
2017-08-18,94.17769252509429,94.27759330891011,93.44762939345716,93.6781768798828,725400.0
2017-08-21,93.47066501833945,93.82416679671982,93.07874257497755,93.63973236083984,704600.0
2017-08-22,93.53217531291544,93.66281616954409,91.60327907096608,92.11048126220705,1324300.0
2017-08-23,91.71088323864836,91.97985734521237,90.75027818111398,91.3343276977539,2394000.0
2017-08-24,86.45443021140824,86.91551933325583,82.17397554568606,82.61969757080078,5352400.0
2017-08-25,82.65043841790306,82.91172010632495,80.72154235929965,80.80607604980469,2441100.0
2017-08-28,80.76763674588254,81.87425516442917,80.03757956663135,80.99818420410156,1888400.0
2017-08-29,81.07504023467348,81.25179408697207,80.37571716814061,80.46025085449219,1368000.0
2017-08-30,80.5140613047204,80.77534889795291,79.53808926260041,80.10676574707031,1772400.0
2017-08-31,80.20665470809524,80.69848386118593,79.93000007659849,80.50636291503906,1493700.0
2017-09-01,80.6908160832649,81.04431800253779,80.27583403984003,80.56785583496094,1044800.0
2017-09-05,80.5678430282332,81.59761442335505,80.28350775959487,81.52076721191406,1182300.0
2017-09-06,81.68211607659308,81.74359616685804,80.8521524472085,81.62063598632812,1260300.0
2017-09-07,81.5284411518824,81.85888941077535,80.61394944341684,81.47464752197266,1296500.0
2017-09-08,81.45927901437963,82.57357812736888,81.0980907070744,82.3353500366211,1073000.0
2017-09-11,82.52748750468501,83.13459050361806,82.0279717852523,82.30462646484375,1250300.0
2017-09-12,82.42757512883632,83.1806859795621,82.30461490492492,82.80413055419922,1210400.0
2017-09-13,82.78874341538847,83.08076508188319,82.12016055162653,82.26617431640625,756800.0
2017-09-14,82.55051022503663,83.41121400235728,81.98183397982261,83.37278747558594,1368100.0
2017-09-15,83.41121771588531,84.70995698612194,83.34973761553996,84.7022705078125,2234600.0
2017-09-18,84.53321788715915,85.40928894894442,84.24119615425276,85.34780883789062,1121600.0
2017-09-19,85.21715978759947,85.21715978759947,84.11054134753026,84.15665435791016,1101600.0
2017-09-20,83.61105823553079,83.61105823553079,81.53614799982435,81.95881652832031,1369700.0
2017-09-21,81.93571572921574,82.32763810643506,81.26713295026934,81.39777374267578,732100.0
2017-09-22,81.66676241898922,81.70518895025039,80.06832073586399,80.3757095336914,1057600.0
2017-09-25,80.30656012301849,81.38243865613151,79.97611184205661,81.12883758544922,1374600.0
2017-09-26,81.05967808020168,81.92037622924708,80.29119423965889,81.52076721191406,1498200.0
2017-09-27,81.57455055615378,82.19702051229183,80.13748384491109,82.07406616210938,1494500.0
2017-09-28,82.11247821434135,82.59662667436588,80.4141300227742,80.78300476074219,1155100.0
2017-09-29,81.00587582153487,81.70519299318094,80.3910864693281,80.63700103759766,1041800.0
2017-10-02,80.66772209071753,80.90595012362823,80.08367292999694,80.47560119628906,1156500.0
2017-10-03,80.87525244336646,80.9290460874636,80.05297481898592,80.14519500732422,973400.0
2017-10-04,80.15288085078386,81.10579933709133,79.93770041304063,80.70618438720703,980700.0
2017-10-05,80.84448370125405,81.58991383578069,80.5370949086399,81.1518783569336,959100.0
2017-10-06,81.1519043938658,81.1519043938658,79.92233123971442,80.10676574707031,1250200.0
2017-10-09,80.21431780144523,80.43717875385877,78.99243166514802,79.07696533203125,1584400.0
2017-10-10,79.34595490158972,79.96842492342581,78.94634589248827,79.68408966064453,1430500.0
2017-10-11,79.76860885276984,80.421818812444,79.70712875083068,80.12979125976562,1198900.0
2017-10-12,80.02219651796328,81.85119126942412,80.02219651796328,81.46694946289062,1282200.0
2017-10-13,81.82046798681486,81.82046798681486,80.56783568848276,80.77532958984375,1291500.0
2017-10-16,80.77531789426996,81.64370231853472,80.77531789426996,81.42852783203125,1197500.0
2017-10-17,81.08271036318963,81.42852565538848,79.63795737003124,80.42181396484375,1171600.0
2017-10-18,80.46791977065324,80.46791977065324,79.7148091005292,80.0298843383789,754700.0
2017-10-19,79.9069656640439,80.40647555336294,79.0462615081924,79.92233276367188,952800.0
2017-10-20,80.17591093973543,80.26044462117008,79.29983993492692,80.09137725830078,822600.0
2017-10-23,80.18359771386667,80.62931972965045,79.7071415052606,80.5294189453125,734800.0
2017-10-24,80.6908010630592,80.89060849782628,79.83009707434938,80.24507904052734,710100.0
2017-10-25,79.9991558427924,80.13748314996415,78.62356925010276,79.86851501464844,1180300.0
2017-10-26,79.91461062187203,80.32190600554021,79.10001985453567,80.0298843383789,957900.0
2017-10-27,79.99146168373764,79.99146168373764,78.84642266729196,79.6994400024414,920000.0
2017-10-30,79.23067671078277,79.56112497139523,78.24701840841992,78.3161849975586,1718600.0
2017-10-31,79.4612204541393,81.55917779595372,79.23067298527224,81.4977035522461,1748000.0
2017-11-01,81.35937890475705,81.41317253417684,80.660055859234,80.85986328125,709000.0
2017-11-02,80.78300995352603,80.78300995352603,78.75421342195244,79.25372314453125,1118100.0
2017-11-03,79.3075236620373,79.82241224999132,78.40839904757914,78.55441284179688,813700.0
2017-11-06,78.53904684098276,78.56978689843966,76.74079745275242,76.8406982421875,1109800.0
2017-11-07,76.76383283741245,78.2393200672615,76.51791829910428,78.20858001708984,1404500.0
2017-11-08,78.33924148721931,79.68408815505644,78.00879321431384,79.44585418701172,1467900.0
2017-11-09,79.11289373814795,79.71686713198476,78.53214918136038,79.44585418701172,1289400.0
2017-11-10,79.15937242106236,81.08744306327479,79.15937242106236,80.62284851074219,901100.0
2017-11-13,81.49781467169352,83.11615323900875,80.7467174772405,82.45797729492188,1515400.0
2017-11-14,82.31086949354602,84.1073058681787,81.94693526938362,83.77434539794922,1322300.0
2017-11-15,83.77432514897994,83.93693288709444,82.24115719189757,82.47345733642578,2113700.0
2017-11-16,86.11279143099544,90.82843971591646,84.88935496612454,90.32512664794922,4204900.0
2017-11-17,89.82183176019528,90.69681816697108,87.68468997107225,88.42030334472656,1418200.0
2017-11-20,88.72227991729521,89.58178230240766,88.00215645700204,88.28091430664062,1474100.0
2017-11-21,88.27315086801664,88.60611123478924,87.53754364050491,87.91696166992188,1098100.0
2017-11-22,87.72338828406477,87.72338828406477,86.87163091379911,87.26653289794922,694000.0
2017-11-24,87.68468802639437,87.70791686473277,86.08957811233617,86.23670196533203,595500.0
2017-11-27,86.5231870258742,87.71564979463709,86.3296055226524,87.69242095947266,708100.0
2017-11-28,87.64598310804783,89.03202769345116,87.08846730747891,88.9933090209961,846600.0
2017-11-29,88.92358072312543,92.39256324536464,88.92358072312543,91.10718536376952,1508300.0
2017-11-30,91.29304562191793,92.70231884516711,89.71341971657716,90.3406219482422,1382700.0
2017-12-01,90.2864098776561,90.2864098776561,88.5209475534534,89.51982879638672,1154900.0
2017-12-04,89.91474143457428,92.55519014558249,89.58952000962164,92.44678497314452,1446200.0
2017-12-05,92.50097578863792,92.86490992449995,90.7897161756091,90.95232391357422,1387800.0
2017-12-06,91.2465844235334,92.41581848399784,90.8671662901893,92.07511901855467,755200.0
2017-12-07,91.7344207763672,92.29193655469857,91.30080001883825,91.7344207763672,717100.0
2017-12-08,92.09059567963828,92.09059567963828,90.9987931334268,91.84281158447266,713500.0
2017-12-11,91.41691967819727,92.01315396739837,90.43352832200856,90.7974624633789,1048400.0
2017-12-12,91.23886411020348,91.95124284748287,90.84395606572969,91.33177947998048,943900.0
2017-12-13,91.3162958375965,92.03641949380544,91.05302183791684,91.48664855957033,579700.0
2017-12-14,91.13043853618102,92.12157497651864,90.93685701556385,91.77312469482422,1002200.0
2017-12-15,92.09059621567091,93.05075885157169,91.8350672045206,92.48550415039062,1299200.0
2017-12-18,92.95783594711727,93.87154083672722,92.570672958429,93.3914566040039,927800.0
2017-12-19,93.69346170881856,95.38923782357983,93.54633785370716,94.0573959350586,1327400.0
2017-12-20,94.08062465715014,95.78413977759828,93.30629852828471,95.56732940673828,1123500.0
2017-12-21,95.90029087015913,96.48878038832147,95.4279514540556,95.9467544555664,959600.0
2017-12-22,96.45004733687988,97.5263600340342,96.23323699610616,96.96110534667967,691600.0
2017-12-26,96.86818289036437,97.58056140335556,96.8062353915898,96.99981689453124,479200.0
2017-12-27,96.99984712131456,97.44121284925248,96.2952133030041,96.628173828125,476800.0
2017-12-28,96.69782912147625,96.7597766195454,95.85381661392874,96.70557403564452,493600.0
2017-12-29,96.58942588764428,97.31729423543416,96.1945238717333,96.20226287841795,495400.0
2018-01-02,96.31068138238643,96.47328915985752,95.07176076286416,95.79962921142578,872000.0
2018-01-03,95.82283938671787,95.98544713251812,95.0175396639654,95.55182647705078,1321100.0
2018-01-04,95.88478450664438,96.68233929574734,95.51310544856896,96.3184051513672,786600.0
2018-01-05,96.56622244737363,97.27086214513882,95.93127518156908,97.21665954589844,663200.0
2018-01-08,97.27085932525176,98.13810088795644,96.83723263625932,98.0993881225586,1045000.0
2018-01-09,97.96774746699468,98.68787106373114,97.68899547217931,98.17681884765624,1314300.0
2018-01-10,97.4257056547224,97.77415002232138,95.84607976683816,96.14032745361328,1353600.0
2018-01-11,96.38035590938073,96.519734822424,95.14143551990612,95.35824584960938,659000.0
2018-01-12,95.64475212237362,95.87705230292048,95.08724232281136,95.57506561279295,618000.0
2018-01-16,96.04740638813674,96.643634862405,95.72992986391402,96.02417755126952,723500.0
2018-01-17,96.41907487197716,98.3239221087614,96.41907487197716,97.4411849975586,673200.0
2018-01-18,97.20116403988762,97.727706076479,96.42683786299676,97.31731414794922,857100.0
2018-01-19,97.6425226758098,98.8504754417552,97.3250520381748,98.74980926513672,806700.0
2018-01-22,98.3084209964418,98.98208669347872,98.0606369310325,98.63363647460938,569600.0
2018-01-23,98.32392130781244,99.53186210939214,97.88255570962582,99.14469909667967,815900.0
2018-01-24,99.29958745561032,99.59382335148254,97.58832150457415,98.29296112060548,1084200.0
2018-01-25,99.09824275867894,102.79951413649138,99.05952409613953,100.31393432617188,2091100.0
2018-01-26,100.31393393985438,101.53737041667134,100.03517611203182,101.48316192626952,839400.0
2018-01-29,100.7166064323399,102.01746867273413,100.04293465794792,100.21328735351562,943500.0
2018-01-30,99.69449919213773,100.77855115627024,98.32394440454728,98.69561767578124,969500.0
2018-01-31,98.85047637040414,99.08277066430092,97.78964744792628,98.25424194335938,4547100.0
2018-02-01,97.92901559102047,98.08387843654528,96.7752714412356,97.58831024169922,1136200.0
2018-02-02,96.99208221957788,97.18566373116464,92.83394922394388,93.01204681396484,1481700.0
2018-02-05,92.13705658784784,93.81734863446592,90.30964660644533,90.30964660644533,1145600.0
2018-02-06,88.97780850928457,93.27531450685233,88.52869798614536,92.857177734375,1275600.0
2018-02-07,92.35387943236093,93.84059016431448,92.16804280623164,92.78750610351562,1341300.0
2018-02-08,93.16162292685507,94.0033758288258,92.24972692289334,92.2575225830078,1185300.0
2018-02-09,93.18500054550788,93.95661031720712,91.0182709281178,93.15382385253906,942800.0
2018-02-12,93.50455255164889,94.06572110456598,92.29648103098864,93.06029510498048,893100.0
2018-02-13,92.53029754993818,93.6058665792838,91.46251823320952,93.28631591796876,882600.0
2018-02-14,92.63161892754177,94.39306326365012,91.2832612747264,94.31512451171876,1084800.0
2018-02-15,94.7593808889424,96.27141168796676,93.06028995174027,95.59333801269533,1394600.0
2018-02-16,96.4896430938818,97.38594760031648,92.7173471014409,97.00404357910156,1513000.0
2018-02-20,96.90274303369608,97.0586205580073,95.234828548911,96.54421997070312,953400.0
2018-02-21,96.81697365665931,97.60416854681924,94.07348502705706,94.1670150756836,743700.0
2018-02-22,94.2839438970324,95.88950471609964,94.05012170462564,95.74141693115234,1072800.0
2018-02-23,96.08434020888254,97.08976597189864,94.59569070837809,97.07418060302734,1447700.0
2018-02-26,96.90271051995929,99.02267743882,96.46624289491216,98.9992904663086,989600.0
2018-02-27,99.0304789273518,101.49338371315244,98.70313262939452,98.70313262939452,1384200.0
2018-02-28,99.26430228222496,99.9423759150979,98.25108074265933,98.43814086914062,1109800.0
2018-03-01,98.24328873087404,100.26193015788624,97.94711317738388,98.90577697753906,912700.0
2018-03-02,98.4848965050843,100.54251019143396,98.4848965050843,100.11383819580078,879000.0
2018-03-05,99.747533731024,101.59471237383111,97.30021424491562,101.33750915527344,981200.0
2018-03-06,101.32190798883784,101.55573015504226,99.71634734969116,101.07249450683594,1199400.0
2018-03-07,99.97356768086118,100.82311020076732,97.4249282284513,100.32429504394533,810600.0
2018-03-08,100.59708004893145,101.08809355355368,99.65400160043582,101.06471252441406,939900.0
2018-03-09,101.32193590721263,101.68046491320756,100.6048897879155,101.25958251953124,615700.0
2018-03-12,101.15822376814386,102.42864835561728,100.99455658499392,101.56351470947266,808300.0
2018-03-13,102.0857398367699,102.67028944262609,101.01796636240076,102.51441192626952,924900.0
2018-03-14,102.88071767265052,103.95629261761654,101.84411507503808,101.98441314697266,1001700.0
2018-03-15,101.98440826704976,102.5066043970663,97.16771416774478,97.3080062866211,1364900.0
2018-03-16,97.69770871002828,99.46694858941444,97.64315099261324,98.0796127319336,1316300.0
2018-03-19,98.04065155606617,99.70856580174303,97.82242067477692,98.43035125732422,737700.0
2018-03-20,98.88240016649408,99.05386303288412,97.37036348656837,97.76006317138672,793100.0
2018-03-21,96.73126676277558,97.42493180149454,93.00573832210178,93.65264129638672,2185700.0
2018-03-22,93.47335743465372,94.59569431925166,92.09382330262268,92.18734741210938,1123300.0
2018-03-23,92.7329388430448,94.6580502750759,92.39000122043176,92.56147003173828,1445500.0
2018-03-26,93.12264358810988,95.00878872234917,93.00573248801253,94.8529052734375,1111400.0
2018-03-27,95.37510382896129,96.13111622912498,94.89966973365856,95.40628051757812,1540300.0
2018-03-28,95.60112235555911,97.13653400352516,95.40627252778047,96.09993743896484,986900.0
2018-03-29,96.56758590363192,97.8146237421512,96.23244392705998,96.6533203125,1064500.0
2018-04-02,96.45067555210554,96.64552540170575,92.47573980953028,93.34866333007812,1067900.0
2018-04-03,93.7149709075635,95.47641500445904,92.7095450890572,94.86848449707033,630100.0
2018-04-04,94.08128010206973,97.87695648326496,93.66819946262832,96.41168212890624,1460800.0
2018-04-05,96.9494960070184,97.82242552177358,95.44525484777488,96.6455307006836,1487700.0
2018-04-06,96.60652933472618,98.5862040341825,95.76478271033874,96.59873962402344,1460200.0
2018-04-09,96.85596726192168,98.87461493424874,96.224655608774,97.51066589355467,688700.0
2018-04-10,98.2198891344046,98.24327610642096,96.84035510265366,96.94947052001952,817200.0
2018-04-11,96.58317227507456,97.21448983294376,96.3259690458073,96.34156036376952,548700.0
2018-04-12,96.64553984623012,96.73127426857565,95.24261834089144,95.58555603027344,824200.0
2018-04-13,96.2246559447388,96.2246559447388,95.18805324306904,95.7492218017578,533200.0
2018-04-16,94.29953301322423,95.1724624936854,92.36662580510075,94.2683563232422,1095300.0
2018-04-17,94.36188909257584,94.68144571427432,93.57469400045989,93.95660400390624,758200.0
2018-04-18,94.26834008757476,94.47878122212344,93.27850562309028,93.66820526123048,797400.0
2018-04-19,93.26294554637292,93.32529298616176,90.60519043924232,91.22091674804688,1691600.0
2018-04-20,91.25207846940332,91.875594389415,88.19683440621408,89.56857299804688,1700400.0
2018-04-23,89.56857258196649,89.70886470392783,88.70343882092918,89.29578399658203,1258000.0
2018-04-24,89.56856344084515,89.66988915246492,88.22020602226362,89.28018951416016,1002300.0
2018-04-25,88.71124324184998,90.1609266631933,88.39948227932587,90.05181121826172,798300.0
2018-04-26,90.3557640304512,90.3557640304512,88.85152309459245,89.91150665283203,737300.0
2018-04-27,90.2856221489966,91.1897282922942,89.78680701695151,90.55062103271484,589200.0
2018-04-30,91.01824745385552,91.08060082371176,88.62549188931007,88.91387176513672,1146700.0
2018-05-01,88.96064567250295,89.989452626831,88.3137427533263,89.63872528076172,894900.0
2018-05-02,89.28021614434408,90.34798966613027,88.11111688071503,88.71904754638672,957900.0
2018-05-03,88.07212013478025,88.62549291941087,86.06126853112892,86.83287811279297,1814800.0
2018-05-04,86.75493730575407,89.15548866336324,86.38082895822885,88.31373596191406,1037100.0
2018-05-07,88.30592704861273,89.17885030059165,87.5654942801307,87.79931640625,730400.0
2018-05-08,87.51874612941745,88.11109124898519,86.98095872176091,87.95520782470703,1216500.0
2018-05-09,88.37609002919955,89.28019611111684,87.72139744271738,88.68785095214844,764800.0
2018-05-10,89.10378988496046,90.27310867579908,88.99392132675482,89.5903549194336,1317600.0
2018-05-11,89.63742437595742,90.4692878848148,88.41317151576939,88.69568634033203,614800.0
2018-05-14,88.67216314880957,88.67216314880957,87.11830433381984,87.56562805175781,793000.0
2018-05-15,87.03198050057061,87.41652048197862,85.33685521639289,87.10260772705078,1179200.0
2018-05-16,87.12613516709527,87.99724006834991,86.80437898942999,87.9266128540039,699600.0
2018-05-17,87.88738795414794,88.02864839663935,86.9142637877559,87.36158752441406,752400.0
2018-05-18,86.54540197356022,86.54540197356022,84.06550416875989,84.70902252197266,1728500.0
2018-05-21,84.88951275258074,85.71353280399306,84.61484139790547,84.98368835449219,896800.0
2018-05-22,85.14851158822776,86.2550527233666,84.89738257695616,85.86266326904297,931500.0
2018-05-23,86.01959839218334,86.88285381093183,85.61935955728312,86.4983139038086,855900.0
2018-05-24,86.71806066119014,87.18892676142049,85.1092616657335,86.20010375976562,981000.0
2018-05-25,86.07452011773935,87.7617953646168,85.72921560561957,86.1216049194336,884100.0
2018-05-29,85.59582001553606,86.52185920158823,84.66978082948391,85.28975677490234,1202700.0
2018-05-30,85.40748270248434,85.61152089022418,83.62603138048823,85.21913146972656,1827400.0
2018-05-31,85.08571883748654,85.33684782219163,83.5240106509576,84.36372375488281,1563700.0
2018-06-01,84.60700020173199,85.45456273959637,83.0766839422994,83.343505859375,1989200.0
2018-06-04,83.24147217732838,84.83457189820163,83.24147217732838,84.0027084350586,1845900.0
2018-06-05,83.03745855266182,84.05767357978054,82.51950756054379,83.26504516601562,1920600.0
2018-06-06,83.33567016234707,83.62603451246214,81.88382446222124,83.59464263916016,2405700.0
2018-06-07,77.7088014655617,80.78513920191905,75.44079099879393,79.105712890625,6761500.0
2018-06-08,78.97228916418408,81.00486938701499,78.43863933612298,80.45552062988281,2422800.0
2018-06-11,80.57323582074517,83.91639509649157,80.37704112595186,83.31996154785156,3174100.0
2018-06-12,83.51613735316688,83.59461401585716,82.252643325481,83.1080551147461,1718000.0
2018-06-13,83.37488746842389,83.86930188168851,81.08333509983294,81.48357391357422,1858800.0
2018-06-14,81.51499014182903,81.98585630539715,81.0205755808026,81.42081451416016,1498800.0
2018-06-15,81.53068170994156,83.0923900879149,81.48359689059592,82.97467803955078,2764300.0
2018-06-18,82.75493035741466,83.15516926198856,81.09904644449762,81.76611328125,1318000.0
2018-06-19,81.73471349476688,82.78631421638869,81.71117108866893,82.02507781982422,1741100.0
2018-06-20,82.32328662448735,83.70449880954978,82.10354954701099,83.46906280517578,1184700.0
2018-06-21,83.1787137366169,83.59464559464519,82.46456805275781,82.70784759521484,804200.0
2018-06-22,82.91973376727793,83.63387938668654,82.44886168098347,82.95896911621094,1152200.0
2018-06-25,83.80653909247884,85.10926894748765,83.80653909247884,84.9366226196289,1147200.0
2018-06-26,85.28192432158073,88.76634466367888,84.01058629532506,85.63507843017578,3509100.0
2018-06-27,85.50950071888894,87.93447042044976,85.21913039592006,86.35706329345703,2133900.0
2018-06-28,85.96465614341595,86.4355221474629,84.92089907639804,85.58011627197266,1462200.0
2018-06-29,85.52521379043115,85.52521379043115,84.08121738898222,84.3480453491211,1001900.0
2018-07-02,84.15184345072326,84.45790674043826,82.119263001516,82.52735137939453,956900.0
2018-07-03,83.23364815231929,84.67764444062087,82.82556575909214,84.19892883300781,687000.0
2018-07-05,84.87384400022924,87.07122145123327,84.64625738795812,86.82794189453125,1524500.0
2018-07-06,87.0555160597015,88.30331152844131,86.59249343545218,87.6911849975586,935500.0
2018-07-09,87.8167471297741,88.43672308763958,86.67097082358535,87.0398178100586,1155900.0
2018-07-10,86.67094849915638,86.67094849915638,84.41863181369253,85.6507339477539,1730700.0
2018-07-11,85.76061552766413,86.79652317397625,85.2662071012605,86.20793914794922,859700.0
2018-07-12,86.87500753897135,87.23601104246623,85.78416552647036,86.11377716064453,734100.0
2018-07-13,85.77631785070965,87.22030784445475,85.77631785070965,87.15752410888672,770500.0
2018-07-16,87.12614040518592,87.12614040518592,84.76396051011199,85.07787322998047,828800.0
2018-07-17,85.08572620992817,87.27526004163049,85.08572620992817,87.10260772705078,679400.0
2018-07-18,87.07119557043761,87.22030544145692,85.11709825696596,85.5487289428711,995600.0
2018-07-19,85.3446942111229,86.84362458799508,84.88167759463593,85.98821258544922,797100.0
2018-07-20,86.16871507559803,86.568947954726,85.25836878899696,85.90973663330078,803900.0
2018-07-23,85.91757522915871,86.14515578463272,84.55990543551209,85.3054428100586,694700.0
2018-07-24,84.77181421924405,84.99940081893381,83.43769248300792,84.45005798339844,990200.0
2018-07-25,84.41080527498679,85.44671304490052,83.89285438372345,85.16419219970703,970100.0
2018-07-26,86.49831653730227,88.08356701000348,85.84694872461871,86.4433822631836,886300.0
2018-07-27,86.49833664039514,87.26741665679873,86.09024823433802,86.34137725830078,784800.0
2018-07-30,85.80771804302418,87.21247292687906,85.42317807645891,87.141845703125,699900.0
2018-07-31,87.400822703275,88.20914396100864,86.49832582805675,87.20462799072266,1294200.0
2018-08-01,87.5028315583833,88.2562184479332,85.72922988799621,85.85479736328125,1235400.0
2018-08-02,85.84695254922046,88.32685643394558,85.56443170191287,88.14635467529297,967600.0
2018-08-03,88.9311340901617,95.17797266980509,88.68000511164192,91.22268676757812,3459600.0
2018-08-06,90.99510273566122,91.7563391570041,89.48047935772598,89.83363342285156,1136400.0
2018-08-07,89.90425427046692,89.94349560405053,88.27976245072783,88.53089141845703,1563400.0
2018-08-08,88.53875352066214,88.69570690262631,87.74612517075128,87.8246078491211,665400.0
2018-08-09,88.1385328922014,88.31903470754362,86.28645386145824,86.87503814697266,1066500.0
2018-08-10,86.54540478908675,87.09475353950727,86.18440726089517,86.97703552246094,803100.0
2018-08-13,86.75730952492314,87.36943610707112,86.31782927084195,87.18893432617188,712700.0
2018-08-14,87.17322106604068,88.4759506190046,87.17322106604068,87.45574188232422,662600.0
2018-08-15,87.41652119393825,88.69570864550687,86.8985702333685,88.3582534790039,1026100.0
2018-08-16,89.0620147436333,89.59972404561415,88.26336298253614,88.635009765625,1242900.0
2018-08-17,88.49269192756293,91.307755433116,88.42152140581697,90.61189270019533,1464800.0
2018-08-20,90.46164486929382,92.95250427113858,90.46164486929382,91.6240463256836,1889600.0
2018-08-21,89.25969392439025,92.35943281750984,84.85522475344595,85.55899047851562,4402000.0
2018-08-22,85.35338854126947,85.55107565126282,83.03649537083007,83.34488677978516,2820900.0
2018-08-23,83.02858776944838,83.20255339480586,81.51825532469203,82.59367370605469,2102500.0
2018-08-24,82.82298675433478,83.47140020906215,82.15085181258215,83.06812286376953,1174900.0
2018-08-27,83.55840621753593,84.3570640224201,83.11558891562784,83.68492889404297,912500.0
2018-08-28,83.44769646004245,83.51095779417798,82.28529508526681,82.43553924560547,1310200.0
2018-08-29,82.68858754647039,82.80720105264749,81.79504372807877,81.96900939941406,921200.0
2018-08-30,81.66851575953102,82.22994655063141,81.05173280685547,81.42338562011719,1104000.0
2018-08-31,81.62105723570835,82.18248791993334,81.1307910172759,81.74757385253906,1258700.0
2018-09-04,81.74759300390038,82.60160299107521,81.20988368230142,81.99272918701172,1096100.0
2018-09-05,81.70805456814112,84.87104897906679,81.70805456814112,84.72871398925781,1404500.0
2018-09-06,84.75244742963483,87.15632424476514,84.62592473955401,86.80048370361328,1557400.0
2018-09-07,86.49999818136796,87.02189520934765,85.65389732961937,86.61070251464844,998600.0
2018-09-10,87.05351417410557,87.93915481556192,86.65023671469596,87.11677551269531,964400.0
2018-09-11,87.0772314055652,87.1167652128097,85.90692091175512,86.34183502197266,665800.0
2018-09-12,86.19159937175881,87.24329648172184,85.4641120910204,87.14049530029297,803300.0
2018-09-13,87.2116491250287,87.80471047511308,85.91482212214538,87.71772766113281,572700.0
2018-09-14,87.57540102055857,87.89170164392364,86.65022667438517,87.83634948730469,513100.0
2018-09-17,87.83636000525213,88.41360313155258,87.19584950718362,88.2870864868164,671100.0
2018-09-18,87.96287002672746,87.96287002672746,85.7962206147108,87.35399627685547,1143900.0
2018-09-19,87.64656794113344,88.17637406406158,86.16787198747674,86.32601928710938,659100.0
2018-09-20,86.34183804780642,87.29864309088346,85.85948093881835,86.70558166503906,922200.0
2018-09-21,86.79255559986733,87.33816795336217,86.49206731380855,87.10885620117188,1026600.0
2018-09-24,86.99815647994451,87.448882931107,85.79622128782218,85.9543685913086,630100.0
2018-09-25,86.07298398948784,86.15205764298031,85.19525255997544,85.69342803955078,758600.0
2018-09-26,83.97749022387669,85.18734052444657,83.49513314511591,83.55049133300781,1098400.0
2018-09-27,82.63322881080495,82.75975148278248,80.75124931213726,80.94893646240234,1268600.0
2018-09-28,80.80658947733814,81.45500299263476,80.37958457220151,81.13870239257812,1099000.0
2018-10-01,81.44713475716443,82.03228723998436,80.7038288783559,81.0596694946289,796300.0
2018-10-02,81.31268369888676,82.30111949402172,80.91730938083276,81.58153533935547,734800.0
2018-10-03,81.89781580821771,82.51459862704283,80.15026247723594,80.36376190185547,1049000.0
2018-10-04,80.32424916066125,81.3364064654483,79.79444901408263,80.4112319946289,1380100.0
2018-10-05,80.5772949865291,82.83092760990145,80.34006795967564,81.40757751464844,1306500.0
2018-10-08,81.20197408661052,83.22628853273518,81.20197408661052,82.55415344238281,1068200.0
2018-10-09,82.5541485834126,82.95743202706075,80.46657292548379,80.63262939453125,1186400.0
2018-10-10,80.75913393443443,83.12347605311642,80.7116909597892,81.87409210205078,1572600.0
2018-10-11,82.23783489771891,82.80717471997218,80.18979940520789,80.79076385498047,1201800.0
2018-10-12,80.83822726131329,82.07179307396805,80.60890945689596,81.57362365722656,724500.0
2018-10-15,81.46292618292469,82.68858904744734,81.24942669427725,82.18251037597656,580000.0
2018-10-16,81.96899872443497,83.55049584634558,81.71595339331384,83.33699035644531,615300.0
2018-10-17,83.17883658686351,83.5346709984396,81.739674559196,82.07969665527344,709100.0
2018-10-18,82.08762016813188,82.35647786178906,81.08337197910755,81.3680419921875,852500.0
2018-10-19,82.02434362213545,83.3448921541408,82.00852527387414,83.01277923583984,846000.0
2018-10-22,83.21047087534042,83.76399243588777,82.19830768430268,82.79927825927734,607200.0
2018-10-23,82.28530626427845,84.14357050113685,81.96110244042113,83.70865631103516,1038400.0
2018-10-24,83.72445225353802,85.84365855700166,83.43978229986884,84.81568908691406,1130600.0
2018-10-25,84.7919690681091,85.05291150272495,83.38443159145343,84.23844146728516,1164500.0
2018-10-26,84.06446390757355,84.72869572783243,82.72810315937541,83.3132553100586,1180800.0
2018-10-29,83.81935228416113,85.79622380029701,83.81935228416113,85.1715316772461,847300.0
2018-10-30,85.61435658390906,87.29865512659545,85.44039694267474,86.66605377197266,1963100.0
2018-10-31,86.17578183986522,86.7134911089496,83.43188333584344,85.65388488769531,2108900.0
2018-11-01,85.7092468018702,87.70193680414313,85.70133762604631,86.7767562866211,1098600.0
2018-11-02,87.77309174907963,88.23963051211831,82.60159534910083,83.57421875,2741500.0
2018-11-05,83.62165322855576,85.74085943349034,83.62165322855576,85.38502502441406,1349300.0
2018-11-06,85.30596229898589,87.09305593948741,84.99757080772709,86.9190902709961,812800.0
2018-11-07,87.25910908165076,87.75728457373472,85.92274801515435,87.60704040527344,1523800.0
2018-11-08,87.6781929439286,88.22381134840177,87.16421123685765,87.70982360839844,1289500.0
2018-11-09,87.70983047763896,89.54436693004017,87.36980834912382,89.25969696044922,1053300.0
2018-11-12,89.03827805892331,90.82537132132418,89.03036888486524,90.30347442626952,1526600.0
2018-11-13,90.1057960003043,91.29191884032376,89.03037747605204,90.01091003417969,1328300.0
2018-11-14,90.08208966771504,90.54072535760524,89.5601986674081,90.09790802001952,1884400.0
2018-11-15,89.71546853008377,90.72726449178153,89.03828168218119,89.97837829589844,1212100.0
2018-11-16,90.08195848957692,90.7989824598042,89.44460249864663,90.07398986816406,784100.0
2018-11-19,90.00230556060438,90.75916060790402,88.78336764652394,89.1100082397461,840900.0
2018-11-20,89.55616480886992,91.69129387158458,88.87100909418922,89.45259094238281,1193200.0
2018-11-21,89.5003681225239,89.78717770238082,87.30946532423063,87.62814331054688,918100.0
2018-11-23,87.72374541501644,88.42483209739626,87.29353106050718,88.2017593383789,302500.0
2018-11-26,87.83530094744887,88.831166037556,86.30565362783108,86.84740447998047,1628700.0
2018-11-27,86.96689506855564,87.26166719619246,85.84355651583344,86.98282623291016,1745600.0
2018-11-28,82.69663990821141,84.98314227590436,80.1870586535169,80.68897247314453,4997300.0
2018-11-29,80.45790665654734,83.1905598917522,80.37823868876022,82.40980529785156,2594700.0
2018-11-30,82.40980801856034,83.47737219436063,82.11502984191212,83.26226806640625,2051800.0
2018-12-03,83.20649983654721,83.30209896968827,81.78838929770734,82.26640319824219,1593800.0
2018-12-04,82.60901128486404,84.52106758933097,81.15106318617106,81.45380401611328,1827600.0
2018-12-06,81.74058629992237,81.98756491784674,78.91233375117397,80.3304443359375,2109300.0
2018-12-07,80.3703005240046,80.66507880262414,77.61374646172318,78.21126556396484,1417800.0
2018-12-10,78.25108472967018,79.41425425364113,77.5340607550916,78.9999771118164,1459600.0
2018-12-11,79.35850395719068,81.42193366675986,78.90438968392358,80.37030029296875,1059700.0
2018-12-12,80.90406163985399,81.81228988325941,80.29857411815819,81.00762939453125,1195600.0
2018-12-13,81.15103589372674,83.38177560307493,81.00763111129326,82.67271423339844,1577200.0
2018-12-14,82.34605750810466,82.9993444820587,80.96777814395962,81.19085693359375,1123000.0
2018-12-17,80.943903098482,81.48565388229827,78.21921801441079,78.87250518798828,1226200.0
2018-12-18,78.9282674751077,79.22304567071394,77.24724705460225,77.54998779296875,1305200.0
2018-12-19,79.0159120309549,79.58953123787366,76.80907788696312,77.19945526123047,1023900.0
2018-12-20,77.0002891369534,77.67747617513227,74.8731227866365,76.02035522460938,1459800.0
2018-12-21,76.10798905511841,78.91234841935704,75.59013801722932,76.56210327148438,2960800.0
2018-12-24,76.76922968813707,76.76922968813707,73.48685696953278,74.21981811523438,971600.0
2018-12-26,74.37119771497349,75.51843615129289,73.72587913368265,75.51046752929688,2366200.0
2018-12-27,75.18380638747443,75.19973754882812,72.75389399740754,75.19973754882812,1275200.0
2018-12-28,75.37501123208229,76.30713917370413,74.05249993444362,74.81732940673828,1186900.0
2018-12-31,74.92888634120409,75.07229114684216,72.96105609427842,74.48273468017578,1062900.0
2019-01-02,74.15608426356262,75.3033164779802,73.25581851732663,74.7934341430664,1031200.0
2019-01-03,74.40304968674828,76.64972040932972,74.35525012188792,75.35907745361328,1818100.0
2019-01-04,75.5024894282036,76.62582793578105,74.96073868776537,76.3868179321289,1381500.0
2019-01-07,76.00443125818153,77.80495719381138,75.29537574090244,77.4145736694336,937900.0
2019-01-08,77.9483368969442,79.66122579249755,77.72526412510975,79.41425323486328,1214400.0
2019-01-09,79.36645366326366,79.65326324941572,78.5617930977661,79.41425323486328,1097200.0
2019-01-10,79.39833308164076,80.95188015685105,79.15932303394163,80.84831237792969,765600.0
2019-01-11,81.0315484557494,81.59719908729843,80.43402941250038,81.4139633178711,718900.0
2019-01-14,81.21475978145806,81.93177750126603,80.88811324300157,81.76447296142578,973900.0
2019-01-15,81.76448779155663,82.38591258145802,81.42987865118602,82.1947021484375,754500.0
2019-01-16,82.18674736863554,82.68069250490149,81.732627106026,82.24251556396484,655200.0
2019-01-17,82.31420363746108,83.28616868987618,81.8760206783308,82.99935913085938,469100.0
2019-01-18,83.08698280188142,83.72433255081201,82.69660554881231,83.4853286743164,935900.0
2019-01-22,83.54110845545881,83.70841301572356,82.03536133479949,83.6446762084961,756100.0
2019-01-23,83.62875825043498,83.88369944132248,82.2186100396843,83.00733947753906,900700.0
2019-01-24,81.82821506125752,82.2902977697622,80.39417345047643,81.0793228149414,844800.0
2019-01-25,81.26259000489172,82.00351386277332,80.68897074997976,80.81644439697266,651400.0
2019-01-28,80.93593292550244,81.95570373535156,80.47385621032454,81.95570373535156,939900.0
2019-01-29,81.87602332653478,82.53727905778214,81.86806078394875,82.25843811035156,579500.0
2019-01-30,82.37794409709062,82.95156324054948,81.91586133394021,82.44168090820312,423500.0
2019-01-31,82.25844687404683,83.87573061972404,81.93976886662749,83.55705261230469,930400.0
2019-02-01,83.74029238499602,84.0589703845873,82.6806906196229,82.72052764892578,737800.0
2019-02-04,82.74442204963222,83.65265033847349,82.50541204592582,83.60485076904297,867900.0
2019-02-05,83.54908749425014,84.05896985909777,83.24634066130626,83.94743347167969,776900.0
2019-02-06,83.75622839522518,84.25017962708164,83.30211419497627,83.85980224609375,758800.0
2019-02-07,82.95953158991126,83.88369718089822,82.15487708683298,82.72052764892578,1055500.0
2019-02-08,82.33014732722867,82.83206717101531,81.60516077704881,82.54525756835938,799800.0
2019-02-11,82.69661512472167,83.11089220558426,81.5971764993945,82.33013153076172,843800.0
2019-02-12,82.38591397079344,83.49331524803556,82.29030875267092,83.14276885986328,719600.0
2019-02-13,83.14277526894067,83.22244325104552,81.8760318638472,82.64086151123047,940500.0
2019-02-14,82.24727335291155,82.25530781367495,81.2512147156772,81.56449127197266,1011600.0
2019-02-15,82.23919875301755,83.67706010298181,82.10264362917889,83.04247283935547,1238700.0
2019-02-19,83.05856328621233,83.67708179650748,82.46414202419543,83.5485610961914,834700.0
2019-02-20,83.55658005107114,86.3519769791194,83.15494294884267,85.90214538574219,1952300.0
2019-02-21,85.62098962993413,86.01459838019446,84.95427673590255,85.76557922363281,739500.0
2019-02-22,82.09462390309749,82.31954583556701,79.9579176368532,81.46807098388672,1732600.0
2019-02-25,81.95807104889886,82.0705289540335,80.63266730581644,81.17889404296875,1307700.0
2019-02-26,86.11902969787603,87.79787602997507,84.11084411739623,85.2193603515625,2792500.0
2019-02-27,86.52868783742525,86.5527850800902,84.93820240809319,86.40819549560547,2055300.0
2019-02-28,86.56887563554936,86.63313905560055,84.84986898441065,85.07479095458984,1573700.0
2019-03-01,85.315762664329,85.8780583514055,84.63298073505433,84.6811752319336,1301300.0
2019-03-04,83.82969560839726,84.76952494714239,81.32347790991449,82.36773681640625,2548800.0
2019-03-05,82.23921620981989,82.39987473828718,81.56446877574592,81.99823760986328,4625400.0
2019-03-06,82.00625397833998,83.13083899959224,81.1708542661478,83.06658172607422,2269200.0
2019-03-07,83.05855755509727,83.41199405295141,82.2311860693193,82.44003295898438,1067600.0
2019-03-08,82.60068445910512,82.60871278829678,81.85363923507697,82.32756805419922,798500.0
2019-03-11,82.15888532163291,82.85773609147088,81.83757441152937,82.84166717529297,903300.0
2019-03-12,82.93004330190018,83.13889635170973,82.40791374162482,82.57660675048828,708500.0
2019-03-13,82.8255983496752,83.1147775348378,82.37576678542024,82.94609069824219,784600.0
2019-03-14,83.04249640763044,83.51643143989457,82.47217237988635,83.42003631591797,947000.0
2019-03-15,83.29954793606144,84.83380489162666,82.9621741787162,84.80970764160156,2424500.0
2019-03-18,84.88198122792933,86.07082971224236,84.84182119598027,85.96640014648438,1482500.0
2019-03-19,85.89412217686169,86.65723031963806,85.27560365496359,85.87805938720703,918700.0
2019-03-20,86.1270536250918,86.72950922557119,85.55672972539075,86.00656127929688,933300.0
2019-03-21,86.14311095402655,89.70161538723166,86.00655583074092,89.6373519897461,1324800.0
2019-03-22,89.64541792708405,92.42474649514676,89.64541792708405,91.81426239013672,1983300.0
2019-03-25,91.4768813127682,93.493101659172,91.4768813127682,93.12359619140624,1409300.0
2019-03-26,93.44487815994928,93.7983145989786,92.7942219671434,92.94684600830078,994800.0
2019-03-27,93.0352374523288,93.21195879459998,92.26409479118853,92.29622650146484,998700.0
2019-03-28,92.40866963127624,93.48505417499838,92.40866963127624,93.21997833251952,861000.0
2019-03-29,93.13161219820748,93.79029679345416,92.80226683633626,93.5814437866211,1624800.0
2019-04-01,93.62964940529292,93.80637072988642,92.54523033805592,92.9629364013672,1047700.0
2019-04-02,93.10752042880218,93.69390719411466,92.43276687800194,93.21997833251952,1214600.0
2019-04-03,93.13964836455118,93.38063309490428,92.35244301859076,92.64965057373048,836700.0
2019-04-04,92.71389107399854,93.2119232003554,92.3524201962925,92.93077850341795,862500.0
2019-04-05,92.9227624734965,93.91882079523516,92.68981221312691,93.61357879638672,891000.0
2019-04-08,93.983067633436,95.3968317343278,93.73405462902988,94.77027893066406,1010500.0
2019-04-09,94.8586326061533,96.8346922243762,94.62568851740242,95.97518920898438,1167900.0
2019-04-10,96.09568269032772,96.71420720704955,95.22011682370255,95.6458511352539,930000.0
2019-04-11,96.11179159093528,96.3367074620452,95.51737019893078,95.95916748046876,626000.0
2019-04-12,95.62978588657268,95.79043825824928,94.9309351999398,95.05945587158205,735200.0
2019-04-15,95.1880032796538,95.83865349285156,94.8747267971144,95.7342300415039,616500.0
2019-04-16,95.79044133991232,96.28847351372409,94.81848036446138,95.53339385986328,498800.0
2019-04-17,95.84667166089798,96.03945574157908,95.1317581552308,95.79847717285156,505100.0
2019-04-18,96.79454779559796,97.5335586398788,95.8788156345334,96.9552001953125,709000.0
2019-04-22,97.05158339862676,97.79059415218995,96.97929166617828,97.37289428710938,448000.0
2019-04-23,97.31666249249444,97.951249793335,97.25239909098002,97.77452850341795,634200.0
2019-04-24,97.86290089264868,98.68223791055058,96.79454469611802,98.28863525390624,594000.0
2019-04-25,98.2886263357628,98.2886263357628,97.05961785617508,97.37289428710938,636400.0
2019-04-26,97.54159496318064,98.67420849836236,97.1479922864079,98.63404846191406,639600.0
2019-04-29,98.39305371533014,98.6983018294516,97.81469531856916,98.04764556884766,573900.0
2019-04-30,98.2805926377242,98.85895101576338,97.43715844349668,98.50550842285156,1240600.0
2019-05-01,98.48944263469002,98.79468460113276,97.42108655939748,98.41714477539062,705100.0
2019-05-02,97.98340520664848,98.75454782595672,97.55766466495518,98.74651336669922,478300.0
2019-05-03,98.80272716577628,99.26862767528318,98.38502727592255,99.23649597167967,387000.0
2019-05-06,99.0678336169682,100.81093760106356,98.80275159307423,100.52979278564452,598600.0
2019-05-07,100.56993567176428,100.69042803738743,99.57387729770552,100.48157501220705,774400.0
2019-05-08,100.51371518033014,100.81896334940662,99.46142776419,100.1040496826172,603100.0
2019-05-09,99.97550105445372,101.39729974728276,99.72648802638008,101.18041229248048,705700.0
2019-05-10,101.09203800622244,102.0479360872135,100.738601591461,101.93547821044922,548500.0
2019-05-13,101.30089157357231,101.99974220773038,100.83499115080028,101.8230209350586,542800.0
2019-05-14,101.58205619582353,102.34517037493497,101.21255079342576,101.83910369873048,516200.0
2019-05-15,101.93550189349564,102.89139406807791,101.5338647750252,102.41746520996094,595200.0
2019-05-16,102.48215504065148,103.81645400469534,101.5926182848712,101.68157196044922,857400.0
2019-05-17,101.58452319339284,103.4687083935516,101.58452319339284,102.61961364746094,673500.0
2019-05-20,102.56303375151042,103.85689098277015,102.15061267166824,103.01588439941406,783400.0
2019-05-21,103.06438738354332,103.10482311536072,102.21529254201624,102.4498062133789,594800.0
2019-05-22,102.48217101100091,103.08867007375063,101.68967618770516,102.92693328857422,521200.0
2019-05-23,102.4983416838219,103.1937944365486,101.92418997766428,102.813720703125,411500.0
2019-05-24,103.06438738354332,103.43637884130926,102.34467577850428,102.4498062133789,420800.0
2019-05-28,102.40129215185485,102.82180159337304,100.01573181152344,100.01573181152344,836500.0
2019-05-29,99.64374104069933,99.65991163235373,97.36330510057452,97.80806732177734,1227400.0
2019-05-30,98.00215393454452,98.91594354213714,97.54929715154458,97.98597717285156,851800.0
2019-05-31,97.54928689583777,98.30943420519144,96.6678447346734,98.30134582519533,807200.0
2019-06-03,98.3417858804872,100.7596933570612,98.1153605876477,100.51709747314452,816500.0
2019-06-04,100.84865063862114,101.7867053649334,100.2017220887479,100.75969696044922,1075100.0
2019-06-05,101.70583375198132,101.77861683839342,100.54944210703084,101.29341888427734,1084200.0
2019-06-06,96.97514890913553,101.56028003941924,95.13948124864676,98.95638275146484,1986800.0
2019-06-07,98.92404068488136,101.01039891493193,98.46310164983552,100.7031021118164,1124900.0
2019-06-10,100.5899006421918,101.13979342673974,98.85126859033956,99.17473602294922,775400.0
2019-06-11,99.23131932461146,100.49283523234013,98.94828770039372,99.5547866821289,888000.0
2019-06-12,99.9025279683498,100.74354075595387,99.65992587148467,100.16130065917967,754400.0
2019-06-13,100.05618039916108,100.83249850287866,99.20707919560516,99.8782730102539,604700.0
2019-06-14,99.90251796171374,100.5656233011478,99.6356569158175,99.71652221679688,502800.0
2019-06-17,99.74077780362911,100.07233354690236,98.66525761482929,98.98063659667967,639400.0
2019-06-18,99.40920808281858,99.40920808281858,97.20154948766296,97.52501678466795,1153500.0
2019-06-19,97.29051332512648,97.97788371677038,96.38481220232713,97.74337005615234,862600.0
2019-06-20,97.70294176748472,98.0587564754706,96.6355038131538,97.92936706542967,739100.0
2019-06-21,98.13152558237392,99.23131080169736,97.6220687025389,98.2689971923828,1807100.0
2019-06-24,98.6814297863071,98.93211406573272,97.96980651298097,98.09918975830078,829400.0
2019-06-25,98.18005259836156,98.18005259836156,96.95896632303833,97.50077056884766,974700.0
2019-06-26,96.4737816134534,96.80533120868144,93.611105448325,93.80518341064452,1595800.0
2019-06-27,93.32804328918968,94.7593778189888,92.55171935446369,94.52486419677734,1101500.0
2019-06-28,94.62999911339904,95.05859685244651,92.80242020113418,93.150146484375,1340900.0
2019-07-01,93.7404746246695,95.14755660668447,93.44127242969174,94.21759033203124,941300.0
2019-07-02,94.29037574951928,95.0990410752778,93.3604093909716,95.08287048339844,1111700.0
2019-07-03,95.45486382512976,97.34713788521296,95.26886806991853,96.8215103149414,714300.0
2019-07-05,96.54654559601236,96.7001939708039,95.09903402978942,96.62741088867188,674100.0
2019-07-08,96.87809376625094,97.2177316707271,95.97238651802196,96.4009780883789,716300.0
2019-07-09,96.30395394062464,96.4495139509698,95.29312224923532,96.04518127441406,1102300.0
2019-07-10,95.98048922097324,96.31203879540396,95.01817551172287,95.53572082519533,897100.0
2019-07-11,95.1232894605228,95.14755460008134,92.26061378560318,92.60025787353516,1313600.0
2019-07-12,92.6811346064379,92.88330094033736,92.03419987010888,92.34957885742188,1021200.0
2019-07-15,92.40617726019516,93.77282353444464,92.1150634404,93.06928253173828,580000.0
2019-07-16,93.12589624518124,93.78091314516134,92.9641594880324,93.36849212646484,697500.0
2019-07-17,93.35233155833104,94.2903801720021,92.97225785025772,93.81327056884766,633100.0
2019-07-18,94.07203939015758,94.08012160133232,93.093555080479,93.71622467041016,554500.0
2019-07-19,93.78902393476534,94.50064732737158,92.41428893384892,92.4304656982422,880600.0
2019-07-22,92.26063000408138,92.39810780724238,90.37644436247284,90.66756439208984,772000.0
2019-07-23,90.55431983031204,91.26594289109912,89.90738528805106,91.0880355834961,707100.0
2019-07-24,91.28214810033175,91.65413344385176,90.42496475089987,90.6513900756836,687600.0
2019-07-25,90.72417160328496,92.00994660523064,90.2066262499654,91.41962432861328,552200.0
2019-07-26,91.60561463707944,92.63262314011769,91.3953599076214,92.39810943603516,596800.0
2019-07-29,92.47898224193658,92.78627289481582,91.22554831457192,92.47089385986328,703100.0
2019-07-30,92.67305308327808,93.360417435475,91.0395516991292,91.48431396484376,659400.0
2019-07-31,91.46005986435594,91.95334627543237,89.01789295461714,89.91551208496094,1001100.0
2019-08-01,90.33599609125768,92.21209926090216,90.1823477164938,90.3521728515625,893100.0
2019-08-02,90.73225543493294,91.2417185856224,90.21471007237317,90.69182586669922,625300.0
2019-08-05,90.70800504502402,91.4438935902773,88.47609277135847,89.25241088867188,796300.0
2019-08-06,89.23623005261776,90.0044659222441,88.20113927676068,89.49500274658203,892200.0
2019-08-07,89.38987053256757,90.35218429491351,88.15261350648117,90.10149383544922,779400.0
2019-08-08,89.48690314059793,91.88055163691692,89.40603167663072,91.81585693359376,692200.0
2019-08-09,92.05037234747348,92.22827970016488,89.98827336982538,90.44112396240234,675500.0
2019-08-12,90.40878347646444,91.94524261872704,90.1014867123106,91.7996826171875,637400.0
2019-08-13,91.48431743972316,93.15017241294692,91.37919315538907,92.18785858154295,787700.0
2019-08-14,92.18785634070926,93.10973441054615,91.3225846025421,91.6703109741211,892700.0
2019-08-15,91.96369266378578,92.86833426516722,91.62139752215371,92.52603912353516,505700.0
2019-08-16,93.01504431354138,93.45514078507289,92.64830036287988,93.19434356689452,583800.0
2019-08-19,93.4143825890178,94.84061854795608,93.26768378452546,94.75096893310548,787400.0
2019-08-20,94.63687092669652,94.70206555947584,93.26768415200527,93.38178253173828,836900.0
2019-08-21,93.57738386243342,93.8137322953274,91.83330143008055,92.3711929321289,742200.0
2019-08-22,92.41194327734756,93.56923043625808,91.7599471838764,92.8275909423828,625100.0
2019-08-23,92.54231846883216,92.9090622801489,90.22773859626751,90.62708282470705,837000.0
2019-08-26,91.0101491174791,92.31413498749944,91.0101491174791,92.03704071044922,1194900.0
2019-08-27,87.20415255668958,87.7338986522487,82.92544413685201,84.50653076171875,5696800.0
2019-08-28,83.76485922099242,86.27503554754306,83.61000878369853,85.06069946289062,1772500.0
2019-08-29,85.76160008310289,86.10389518765162,83.43886820163513,83.80561828613281,1359000.0
2019-08-30,84.74287608792939,86.34840520326526,84.57987394720521,85.7045669555664,1209000.0
2019-09-03,85.41930602963127,87.23674085102343,84.21312140108444,87.1878433227539,1219200.0
2019-09-04,87.2041352639693,87.86427672811037,86.087594097381,86.61734008789062,918400.0
2019-09-05,86.511424556394,86.7070209462832,85.2644874667676,85.31338500976562,1005900.0
2019-09-06,85.66380996561114,86.38100069008377,85.65565830456725,85.74530792236328,881500.0
2019-09-09,85.47638681973383,85.9572354911062,84.70214665238039,85.67198944091797,754000.0
2019-09-10,85.42746263477046,87.53014352259484,85.15851377793106,86.95149993896484,1142000.0
2019-09-11,86.54401449431893,88.27994545707014,86.28321726679908,88.18214416503906,913900.0
2019-09-12,88.58964849308329,88.70374690215782,86.2017211296286,86.26692199707031,510600.0
2019-09-13,85.74530228965817,87.17968986227243,85.74530228965817,86.80479431152344,796900.0
2019-09-16,86.95148579733655,88.14137319777379,86.69883408598929,87.350830078125,572100.0
2019-09-17,87.12264890309818,88.62223124772729,86.98410175084575,88.6059341430664,689200.0
2019-09-18,88.96454368214818,89.49428359106122,88.1250965672272,88.69559478759766,919600.0
2019-09-19,88.63038785236512,88.71188581600647,87.63609652941085,87.72574615478516,690500.0
2019-09-20,88.02727517891299,88.31252109488656,87.25302915796227,87.86427307128906,1000700.0
2019-09-23,88.01914284467856,88.55704059109722,87.13080448018808,87.22859954833984,472400.0
2019-09-24,87.41603613955398,87.92132715662457,87.04928604037262,87.82353210449219,628100.0
2019-09-25,88.04358747318368,88.48368391286763,87.51384141331063,87.99468994140625,546900.0
2019-09-26,88.50812704963349,89.21717230478939,87.81538511596365,88.95637512207031,459900.0
2019-09-27,89.07048538621875,89.07863704804952,87.97024731911908,88.86673736572266,443300.0
2019-09-30,89.02159744858336,90.04848310570858,88.89119571681691,89.66543579101562,576200.0
2019-10-01,89.68989393506399,89.99143706906492,87.84800982538162,87.98655700683594,592500.0
2019-10-02,87.70944967781593,87.72574678350257,86.13651471847017,87.03300476074219,574000.0
2019-10-03,87.204139432582,87.51383413791899,86.3076495231158,86.65809631347656,671700.0
2019-10-04,86.86184897058094,87.7909393544145,86.29135083906675,87.75833892822266,491700.0
2019-10-07,87.73389941575086,88.63038946793928,87.29380294259009,87.49755096435547,547000.0
2019-10-08,87.2938053921691,87.2938053921691,86.24246482421022,86.3484115600586,412100.0
2019-10-09,86.47064129387095,86.804790964986,85.78605106704242,86.61734008789062,577200.0
2019-10-10,86.37286504711331,87.54644943687352,86.21801455918747,87.22045135498047,431000.0
2019-10-11,87.57904986685244,87.83169542681883,86.61735894511091,87.22045135498047,660900.0
2019-10-14,87.58718768957048,87.58718768957048,86.46249479564189,87.12264251708984,434000.0
2019-10-15,87.13080358408004,87.6686951070707,86.73960466180834,87.47309875488281,481500.0
2019-10-16,87.73389511689534,88.38588502386011,87.29379866529878,87.65239715576172,583500.0
2019-10-17,87.73390631415704,88.70374274584785,87.26120937419871,88.25550079345703,526800.0
2019-10-18,88.14953090145941,88.36957598860293,87.70943450927734,87.70943450927734,479700.0
2019-10-21,87.78279557607127,88.49184091914972,87.65240007749017,88.23918914794922,376200.0
2019-10-22,88.24733772502061,88.4184853084924,86.77220411183826,87.00855255126953,624200.0
2019-10-23,86.86183653545412,87.9946747573882,86.84553321574441,87.86427307128906,641200.0
2019-10-24,87.88875053626914,88.74449478155931,87.58720742000047,88.3207015991211,846400.0
2019-10-25,88.51627855490376,88.817827822913,87.43233774011155,88.24732971191406,700400.0
2019-10-28,88.57332717881599,88.89117354835841,87.16338834072388,87.1878433227539,484700.0
2019-10-29,87.49756556786163,88.38590410643387,87.34271505574833,88.0925064086914,651900.0
2019-10-30,88.23103384014318,88.23103384014318,86.09575260576766,86.66624450683594,716100.0
2019-10-31,87.03298315428545,87.46492785355392,85.58229861036699,86.12834167480469,1142000.0
2019-11-01,86.14466244310675,86.36471379202716,85.35412532950426,86.04686737060547,765500.0
2019-11-04,86.00610057641245,87.17153932836833,85.91645096334699,87.1389389038086,654100.0
2019-11-05,87.13893721804781,88.04357877392012,86.65809495535815,87.56273651123047,672900.0
2019-11-06,87.96208028869036,89.43721370962228,87.71758021965528,88.28807830810547,824200.0
2019-11-07,88.22289008209309,88.41034099088999,86.89445526895307,87.31009674072266,669200.0
2019-11-08,87.31823713032414,87.4323355060294,86.47879641568028,86.60919189453125,568400.0
2019-11-11,86.34840430780267,86.47065435760405,84.6450739256964,85.109619140625,1163000.0
2019-11-12,85.13406396647588,85.72085920404537,84.97921349603517,85.68010711669922,704500.0
2019-11-13,84.10718068380201,86.47065897385203,83.78933426808763,86.2098617553711,1025500.0
2019-11-14,86.04548523693795,86.47283978568069,84.82918194910073,85.8729019165039,955900.0
2019-11-15,85.90577736215312,86.68651861052716,85.90577736215312,86.29203796386719,827500.0
2019-11-18,86.26738874724226,87.00703608079677,85.51952136829895,86.56324768066406,1057200.0
2019-11-19,86.55502129939836,86.91662802934574,85.2072223769398,85.5934829711914,1471400.0
2019-11-20,85.78247825038187,86.92481965245214,85.46196555599124,86.66183471679688,1325500.0
2019-11-21,86.66185680140235,86.94128189364997,85.5606090621001,85.5934829711914,1414400.0
2019-11-22,87.00701682661865,92.86665388062742,86.70293791509906,89.08624267578125,3017000.0
2019-11-25,88.40413210257357,89.01228371631251,86.00439328506816,86.97415161132812,1829400.0
2019-11-26,86.98237614287258,88.10006405611173,86.74405125657172,88.09185028076172,1597800.0
2019-11-27,88.38771616235209,88.51920554892045,86.84267354728215,87.17962646484375,885300.0
2019-11-29,87.23713251807911,87.44258972783904,86.18519260731728,86.3659896850586,386400.0
2019-12-02,86.18521907783496,86.96595420669139,84.88672760852614,86.8673324584961,734700.0
2019-12-03,86.9412821631351,87.33575653333948,86.29203656419762,87.27822875976562,804200.0
2019-12-04,86.73582280910414,88.1575832940641,86.67007499232784,87.33575439453125,812300.0
2019-12-05,87.40149943538576,87.95212327577097,86.8097816433063,87.73023223876953,1091900.0
2019-12-06,88.01788142055126,88.58494541618951,87.83707804396762,88.1822509765625,796000.0
2019-12-09,88.3301951487678,88.40415675874425,87.40974429202372,87.54945373535156,498600.0
2019-12-10,87.15496371507578,87.69736756824005,86.88375865346495,87.16317749023438,588800.0
2019-12-11,87.3111092187963,87.3111092187963,85.30585076803816,85.82360076904297,1155300.0
2019-12-12,85.46200707354444,85.79073997032626,84.0484600064236,84.21282958984375,984600.0
2019-12-13,84.35253852942542,84.54977575829314,83.08692095991213,83.42387390136719,1487100.0
2019-12-16,83.77723846338799,84.87848615861004,83.49781338232505,84.3525161743164,1975700.0
2019-12-17,83.99091234258553,84.54975625384195,83.63752565943724,83.94160461425781,849100.0
2019-12-18,84.31965582557228,84.89493989906612,84.04845074535623,84.7798843383789,1482100.0
2019-12-19,85.30586062873651,86.24274527412234,85.13327100506068,85.88935852050781,1053800.0
2019-12-20,85.99618906490583,86.22630018974151,85.1250523008685,85.23188781738281,1439900.0
2019-12-23,85.51951127704598,85.61813299990177,84.54153917313391,84.95245361328125,688100.0
2019-12-24,84.9442272523575,85.39623561093067,84.67302223721362,85.26473999023438,207500.0
2019-12-26,85.20721574778577,85.29761742323933,84.00734637455987,84.36073303222656,418100.0
2019-12-27,84.57440945641379,84.87848211625581,84.40181988129808,84.73055267333984,457300.0
2019-12-30,84.8127475377053,85.18257433772987,84.43470696238899,84.77165985107422,466900.0
2019-12-31,84.58262940326894,85.58526167064304,84.516881586051,85.57704162597656,687600.0
2020-01-02,85.57704239438266,85.79071966723109,83.63752565943724,83.94160461425781,713100.0
2020-01-03,84.1881559622134,84.53332260130283,83.73614755146033,84.06488037109375,666400.0
2020-01-06,84.24569549092764,85.28941559859173,83.90874257951975,85.23188781738281,1112300.0
2020-01-07,84.68947094031167,85.20722089184751,83.35810586057482,84.0320053100586,791800.0
2020-01-08,84.31143151813062,85.4702133822678,84.02379263095179,84.89493560791016,1009900.0
2020-01-09,84.80452970264453,85.6099185467018,84.36896137085029,85.14969635009766,902900.0
2020-01-10,85.1086168896727,86.06194162505834,84.82097796780918,85.78251647949219,697500.0
2020-01-13,85.93866436589346,86.52216224481337,85.75786096987864,86.48928833007812,951900.0
2020-01-14,86.36599259090151,86.54679594478253,85.47842218011859,85.79893493652344,1110000.0
2020-01-15,85.97151841904187,86.69472556596395,85.84824283477897,85.92221069335938,816600.0
2020-01-16,86.08659152232475,86.83445895472407,85.82360648160302,86.28382873535156,1624400.0
2020-01-17,86.36600699413715,88.08363287239824,86.07015432124135,87.43438720703125,1083200.0
2020-01-21,87.41793936949608,88.63424258879142,86.46461486837464,88.59315490722656,959500.0
2020-01-22,88.60958679992078,89.29992629780713,87.9274673461914,87.9274673461914,664900.0
2020-01-23,87.72202516858684,89.63688823170489,87.22892902561016,89.06982421875,1149400.0
2020-01-24,89.4971419847748,89.4971419847748,88.02606793661,88.48628997802734,493500.0
2020-01-27,88.23977974780976,88.88902539373967,87.88639303597596,88.09185028076172,667800.0
2020-01-28,88.00144006679156,88.71642719654872,87.14673725887056,87.33575439453125,565300.0
2020-01-29,87.25358855544435,87.52479364620427,86.39888559278337,86.43997955322266,478000.0
2020-01-30,86.4399647541465,87.13851807161107,85.94686866358661,86.96593475341797,825600.0
2020-01-31,86.88375590237611,87.08099309091257,85.10860239537635,85.14969635009766,2069700.0
2020-02-03,85.38803324810546,86.10302045600837,85.2154499127476,85.60992431640625,560600.0
2020-02-04,86.07836898964126,86.82623640043553,85.87291173657353,85.95509338378906,657600.0
2020-02-05,85.98795013479015,88.37947509281402,85.93864241031346,88.26441955566406,900200.0
2020-02-06,87.99323414888353,89.1355760010247,87.9850141029526,88.56851196289062,483800.0
2020-02-07,88.46987858592692,89.21773959277144,88.10827187884885,88.94654083251953,514000.0
2020-02-10,89.17664661809434,90.37651593756316,88.73285830485689,90.3107681274414,691400.0
2020-02-11,90.40118325499468,91.07508273391144,89.88343328084576,90.61486053466795,790000.0
2020-02-12,90.76278169024742,91.43668110750691,89.90807891981109,89.96560668945312,598400.0
2020-02-13,90.03188151768879,90.03188151768879,88.97970346281612,89.24481964111328,858500.0
2020-02-14,89.42709627621807,91.50659891971154,89.15369341491022,91.13378143310548,793600.0
2020-02-18,90.83553195128584,91.38233771625524,90.05675028149403,90.58698272705078,747700.0
2020-02-19,90.8023700944212,92.93987268903145,90.39641235727775,91.68057250976562,1267300.0
2020-02-20,91.18348808588352,91.69715348939292,90.49584708936123,91.59773254394533,509900.0
2020-02-21,91.4569138092886,92.17770162202464,91.23322452719556,91.8545913696289,471400.0
2020-02-24,91.06750491938124,91.49003605860742,89.97389974557814,90.98465728759766,1067100.0
2020-02-25,90.94324427071996,90.97638459269416,88.10152645035282,89.26969909667969,1292900.0
2020-02-26,89.47681989674533,93.50327729776846,88.37492791248957,90.45443725585938,1926000.0
2020-02-27,90.30529757945938,92.6664898758494,87.81983067360271,87.91096496582031,1216200.0
2020-02-28,86.22083454028675,86.55223134512772,82.96487310039554,85.32606506347656,1575900.0
2020-03-02,85.74860472637927,88.45776076118979,85.35092725661083,88.43290710449219,1046400.0
2020-03-03,88.33349785082316,90.37986033411806,87.41387457185974,88.0269546508789,926100.0
2020-03-04,89.49337384276193,92.62506739186342,88.73945218305036,92.5422134399414,1299900.0
2020-03-05,91.12548890183564,92.35165520873905,90.86865937520706,91.75514221191406,961900.0
2020-03-06,89.76678208272828,91.5397480409477,88.53233523986398,91.12550354003906,798400.0
2020-03-09,86.50254675600561,90.71126642401204,86.16286320358925,89.74193572998047,1044100.0
2020-03-10,91.24148608074916,92.1528289853686,87.72040803195127,92.03683471679688,996000.0
2020-03-11,89.9656074078853,90.62011440314342,86.36168192537635,87.48014068603516,1253100.0
2020-03-12,83.13057776759116,86.20427731813577,82.04525927153189,82.24409484863281,1781900.0
2020-03-13,84.64671909612663,86.52739265432987,81.41561075168234,85.37579345703125,1955900.0
2020-03-16,79.69236144273108,91.5066104038159,76.1215694420714,89.34425354003906,1925300.0
2020-03-17,90.91839361038238,100.57029305370382,90.89353994829894,97.02436065673828,2499400.0
2020-03-18,95.22651483352637,99.7749170599556,93.92578753187152,98.47418975830078,1715800.0
2020-03-19,98.59017532421952,98.8221511959964,89.9821764885559,90.32185363769533,1482000.0
2020-03-20,88.7725956245593,92.7327719444628,84.40645515272848,86.30369567871094,2140100.0
2020-03-23,85.88118911932138,85.88118911932138,77.38917525308213,79.36097717285156,2327300.0
2020-03-24,80.23085855500278,88.10150276293015,80.23085855500278,87.59613037109375,1921600.0
2020-03-25,87.33931450659064,88.30864518221715,83.4205648230599,87.14876556396484,1749600.0
2020-03-26,87.01618791110768,88.18436029084157,83.93420820043039,85.72374725341797,1472100.0
2020-03-27,84.017096778196,87.64587737024472,82.98148522923415,85.35924530029297,1073400.0
2020-03-30,86.41140089785159,92.02855502500952,86.41140089785159,91.65573120117188,1336500.0
2020-03-31,91.61431640562778,93.38728238450918,89.11227605129416,91.9622802734375,1401400.0
2020-04-01,90.04848449849504,94.25720442530933,89.51825196722913,90.80240631103516,1592000.0
2020-04-02,89.59279846144912,92.2853876665826,88.9051510858987,91.34919738769533,1218000.0
2020-04-03,89.99047003013172,94.58029946991556,89.94075639604252,93.0641632080078,1386700.0
2020-04-06,94.44771304946345,96.25381869219136,92.11966179434278,95.4336166381836,1205900.0
2020-04-07,95.45020411700592,96.7923583923305,93.51982348915692,94.34831237792967,1358500.0
2020-04-08,94.17432344934858,95.51647762461916,91.299466208281,94.55542755126952,956400.0
2020-04-09,93.89265738739974,95.814751563395,93.15530270269912,93.4121322631836,1184500.0
2020-04-13,93.28785858137414,93.40384653377188,90.4792814238429,91.34919738769533,1250500.0
2020-04-14,93.21329140424048,94.54715908892857,92.07825929316527,93.6523895263672,1315700.0
2020-04-15,93.61096642807712,95.76503647388289,92.80733112032262,95.60762786865234,909900.0
2020-04-16,96.93320887881907,101.19992831159053,96.56039137301748,100.35486602783205,1138900.0
2020-04-17,101.3656330611731,101.48990768169196,99.41868507594316,100.72769927978516,1142100.0
2020-04-20,100.58684419375275,102.38466365785472,99.8826235453784,100.76082611083984,808100.0
2020-04-21,102.80717942006608,104.07477268313524,96.91662945116852,97.23145294189452,1038500.0
2020-04-22,97.76168759430566,99.12040884842143,97.33915649672436,98.22563934326172,652700.0
2020-04-23,98.05166103077116,98.6730277119812,96.71779338277076,96.77578735351562,658200.0
2020-04-24,97.03262793351574,97.84454356344008,95.466784326364,97.59600067138672,1114000.0
2020-04-27,98.30850767708952,100.47914480959292,97.28946342691168,100.12289428710938,683800.0
2020-04-28,100.42943421754585,101.27449018797476,98.10138222843187,98.29193115234376,1298000.0
2020-04-29,97.9688111841483,98.20078706187114,94.53058102852243,94.60514831542967,1138900.0
2020-04-30,94.35660552133284,96.38640090997669,93.28785402286164,95.20166778564452,2795900.0
2020-05-01,95.27621465790877,97.53799192618716,93.82635921746233,95.69874572753906,1058500.0
2020-05-04,95.77333078023248,96.46926485356654,94.77914647074913,95.26795196533205,756200.0
2020-05-05,95.16853480989708,96.87522014702412,94.8537049408872,96.1212921142578,864800.0
2020-05-06,96.51896160165552,97.15689530487894,94.4891662250756,94.57201385498048,1013000.0
2020-05-07,95.52479408922824,95.93075197129122,93.909236579935,94.05836486816406,1111700.0
2020-05-08,95.33420689481945,96.99118451101226,95.11051769781533,96.17098236083984,867900.0
2020-05-11,96.27041101289429,97.50486406802015,95.58277000574576,96.85035705566406,869900.0
2020-05-12,97.43858164332096,99.27782804302478,97.26459972995288,97.74512481689452,904600.0
2020-05-13,97.50488386938048,99.61752727465846,96.90008404725876,97.91912841796876,765200.0
2020-05-14,98.10273498081445,98.72041399953096,94.46342596323574,95.21466064453124,1099700.0
2020-05-15,95.10613966180352,97.13446986586086,95.10613966180352,95.76555633544922,1922900.0
2020-05-18,96.47506829495993,96.95084921393456,93.0360862906775,95.15623474121094,1633100.0
2020-05-19,95.06443011056729,95.13120795337854,91.7339632118546,92.26817321777344,1488000.0
2020-05-20,92.54363689643225,92.78570182618188,90.72398187994024,91.99272918701172,835500.0
2020-05-21,91.64214217258046,91.9092471665118,89.48860457684853,90.0645523071289,1605300.0
2020-05-22,89.78075170642728,90.98272739053898,89.02117444981292,90.6154556274414,637500.0
2020-05-26,90.84916770020357,91.47519561335804,89.40513354676693,89.63050079345703,1071900.0
2020-05-27,89.63050386795754,91.92593962826192,89.029522400074,91.90924835205078,1194100.0
2020-05-28,92.5519497023305,93.0694683210027,90.92427993371636,93.03607940673828,928700.0
2020-05-29,92.9108899363377,95.29814362203072,91.94263671482967,95.09781646728516,1457900.0
2020-06-01,95.21466918481308,97.31812011282508,95.21466918481308,96.25804901123048,1192900.0
2020-06-02,96.38327556012204,96.38327556012204,94.7889878027844,96.12451934814452,1091500.0
2020-06-03,96.60028041640646,96.95920333055352,95.39830482144232,95.64871215820312,1475000.0
2020-06-04,91.40840896062468,94.8807732306932,90.38172055152702,91.06617736816406,2498400.0
2020-06-05,90.98272379604124,92.5937025546842,89.21314926081993,89.68058776855469,2016700.0
2020-06-08,89.31330427446491,92.78567504882812,88.95438139507915,92.78567504882812,1142200.0
2020-06-09,93.0778322501355,93.15295254321089,90.14801982277542,90.50694274902344,999100.0
2020-06-10,91.07454403290028,92.87750116507829,90.32330924104052,90.76570129394533,1064500.0
2020-06-11,89.80578378688553,91.32495090104756,88.26993176612407,88.72067260742188,1082100.0
2020-06-12,89.40512525407479,89.6054523845832,86.93440275018892,87.39348602294922,1335500.0
2020-06-15,86.90938071328102,88.90432271654835,85.99120124040822,88.31168365478516,1638600.0
2020-06-16,89.32165975355682,90.70726481725588,88.4786070915459,90.2064437866211,1354500.0
2020-06-17,90.3650505895553,91.56701993620644,90.2314949019909,91.02446746826172,754100.0
2020-06-18,90.84082882556072,91.91759764280424,89.90595814583439,90.64049530029295,565400.0
2020-06-19,91.55031914576736,92.3015538895368,90.648837453244,90.9326400756836,1387400.0
2020-06-22,90.54868115278538,91.62544357111736,90.31495871328735,90.94098663330078,547100.0
2020-06-23,91.58372190121749,91.58372190121749,88.7373782665272,88.84589385986328,1025900.0
2020-06-24,88.69563746343762,89.25488754342307,88.17811875713575,88.67893981933594,833600.0
2020-06-25,88.7957836883941,89.04619736368575,87.90265092000416,88.2615737915039,1027200.0
2020-06-26,88.37844519935666,88.92100399917315,85.04797847574403,85.98284912109375,1600200.0
2020-06-29,86.9427521218709,89.3884281776794,86.54209149003256,87.71067810058594,1273700.0
2020-06-30,88.26992713390875,88.57042101233802,87.48530352153404,88.32000732421875,947700.0
2020-07-01,88.06125358883176,88.8792661398539,87.77745734494303,87.8275375366211,732300.0
2020-07-02,88.51200798298787,88.51200798298787,86.93441802052013,87.66060638427734,927700.0
2020-07-06,88.32837181325384,89.0545665429861,87.88597973828396,88.37010955810547,726200.0
2020-07-07,87.96944756842618,89.01282749154375,87.27664177108754,88.52035522460938,653000.0
2020-07-08,88.42017221739478,88.42017221739478,86.81754247826382,87.4018325805664,688500.0
2020-07-09,86.97614936286797,87.55209712833962,85.86599794517838,86.30004119873047,642500.0
2020-07-10,86.63391346268232,87.97778717230473,86.63391346268232,87.79415130615234,762800.0
2020-07-13,87.81919256508537,88.23654449612462,87.05126654036157,87.37680053710938,620100.0
2020-07-14,87.39347647359575,89.8057697021505,87.22653827779395,89.47189331054688,677000.0
2020-07-15,90.14799973742431,90.34832684261022,88.2615675894291,88.37842559814453,596900.0
2020-07-16,88.29499638544023,89.34672530723986,88.24491617859297,88.54541015625,381900.0
2020-07-17,88.98778942282502,89.60546856828475,88.76241578804911,89.07125854492188,542900.0
2020-07-20,88.5537245107309,88.7624004640901,87.05961028876962,87.90265655517578,857000.0
2020-07-21,87.96107143732699,89.83081226423538,87.91099125441677,88.9460220336914,616800.0
2020-07-22,89.65556078333545,89.9310082667762,87.80251686195216,89.80580139160156,508200.0
2020-07-23,89.61381964144014,90.94099591048108,89.61381964144014,90.49860382080078,576000.0
2020-07-24,90.84082503595428,92.0261030203908,89.68892960271758,90.26487731933594,551300.0
2020-07-27,90.1396631107832,90.9159379127072,89.67223101269037,90.87420654296876,485200.0
2020-07-28,90.63214279794003,91.70056267443744,90.63214279794003,91.20808410644533,491300.0
2020-07-29,91.59203210916732,92.34326028143587,91.07451356605752,92.22640228271484,565300.0
2020-07-30,91.83412192080014,92.18470240497628,90.5820660483745,91.27487182617188,588600.0
2020-07-31,91.15801378754163,91.40842750934095,90.02281595374623,91.27487182617188,1773200.0
2020-08-03,91.58371060554816,92.9526244573874,91.0745407299913,92.62709045410156,578100.0
2020-08-04,92.37668760679736,95.1729446561082,92.15966915794183,94.53857421875,888200.0
2020-08-05,94.43005628227586,94.43005628227586,92.4768520813392,92.7689971923828,849100.0
2020-08-06,92.74395096274046,93.4117166309494,91.93428715972983,92.05949401855467,554100.0
2020-08-07,91.76736381321892,93.0110710445184,91.61711683191328,92.69388580322266,751200.0
2020-08-10,93.01105151893644,94.4300455358255,92.86080456917178,94.18798065185548,816300.0
2020-08-11,94.41336589153336,95.21468093289812,93.62874212740527,94.07948303222656,746100.0
2020-08-12,94.68044669974608,96.59191905310604,94.4717707620642,95.9575424194336,680700.0
2020-08-13,95.9659675805312,96.88297718574718,95.53690780493348,96.43708801269533,650200.0
2020-08-14,96.1173808476962,97.04279854808117,95.62943111563632,95.88182067871094,666300.0
2020-08-17,95.76405458335996,96.2183520121378,95.46960432911528,95.4864273071289,1370800.0
2020-08-18,95.57056248649988,96.5632851486008,94.73768701139642,95.83977508544922,644900.0
2020-08-19,93.74494808966034,94.838627693624,92.92889573542288,93.6860580444336,1026300.0
2020-08-20,93.8963906958498,94.69561374149274,93.65241579111368,94.14036560058594,570900.0
2020-08-21,94.15716840808145,94.64511811302312,93.09714770655924,94.30018615722656,905100.0
2020-08-24,94.45164310683994,95.59579823389848,93.18970787127842,95.057373046875,839500.0
2020-08-25,100.9548324679736,103.8488730526535,98.6328695240203,101.58580017089844,3560900.0
2020-08-26,102.7635881081007,103.45344574080676,101.28291571892645,102.41024780273438,994000.0
2020-08-27,102.18311066625856,103.73108802862204,101.66992311197008,101.72881317138672,700600.0
2020-08-28,101.80454044710278,101.80454044710278,99.75179007232364,100.66038513183594,789800.0
2020-08-31,100.28177980591713,101.54371498678957,100.12193904760989,101.1062469482422,824400.0
2020-09-01,100.93798838198784,100.93798838198784,98.79269607318004,99.23857879638672,694400.0
2020-09-02,98.86843131914354,102.02326988311027,98.74224291141326,101.66992950439452,778700.0
2020-09-03,101.35864698470031,102.4859727814192,98.53191137510672,99.46574401855467,784500.0
2020-09-04,99.64241622648584,100.64354722886397,98.4561939292491,98.9020767211914,692900.0
2020-09-08,98.902076255626,99.37320314365064,95.61263483152236,96.04169464111328,945700.0
2020-09-09,96.77359650864,98.44776196430504,96.20151899966696,97.3877410888672,873600.0
2020-09-10,96.64742100642448,96.8072682068586,94.58626247419642,95.1331024169922,966200.0
2020-09-11,95.20879613603051,95.83135541214732,94.03940344662992,95.32657623291016,699900.0
2020-09-14,95.47803461814038,96.03328929859796,95.16676131412838,95.45279693603516,572600.0
2020-09-15,95.69677582741768,95.76408059482183,94.46007800514376,94.56103515625,550300.0
2020-09-16,93.9384758085653,94.77976608912832,92.79432051351674,93.2317886352539,1117700.0
2020-09-17,92.89526403815668,93.5346463990101,91.57443865680342,92.5251007080078,1178200.0
2020-09-18,92.37366435458787,93.3663870239783,91.73428202043776,92.02873229980467,971300.0
2020-09-21,91.5912793395522,93.50942023989283,90.94348219954678,92.36526489257812,1148400.0
2020-09-22,92.65972393399872,94.12356742951437,92.2222557511392,92.44098663330078,1136600.0
2020-09-23,93.02145011517136,93.41685750620304,90.98552952574686,91.10330963134766,935200.0
2020-09-24,91.32206389323876,93.66925816292886,90.98554649225548,93.27385711669922,770700.0
2020-09-25,93.27384991326385,94.5526082360006,93.22336813496688,94.35070037841795,525700.0
2020-09-28,94.9480046270497,96.14263507172696,94.75450507290948,95.26769256591795,713400.0
2020-09-29,95.09945643207406,95.6631193935137,94.51054937002476,95.07421875,389600.0
2020-09-30,95.5873981212552,97.70744667399352,95.2340513470196,97.18584442138672,1115900.0
2020-10-01,96.81567522124708,97.74109313330726,95.80612315656217,97.58966064453124,710500.0
2020-10-02,97.37933173002726,98.95254657059292,97.29520400144035,97.9850616455078,512800.0
2020-10-05,97.85889043654748,99.00304579307428,97.14379494335216,98.75065612792967,562800.0
2020-10-06,98.75062826690214,99.9031979986962,98.25427019563652,98.8515853881836,713500.0
2020-10-07,98.7422262029096,99.4236691634858,97.85045428845726,98.8095245361328,617600.0
2020-10-08,99.27223078147136,99.43207795276224,97.99347266674636,98.5403060913086,610800.0
2020-10-09,98.75907215829984,99.90322753023425,98.11128142289118,99.8443374633789,636500.0
2020-10-12,100.21449910208985,101.45119040531011,100.21449910208985,100.88752746582033,486000.0
2020-10-13,100.88751504930818,101.73721991317277,100.2649621243796,101.03053283691406,460100.0
2020-10-14,100.55942310092858,101.35023799414893,99.98734547108444,100.08830261230467,451000.0
2020-10-15,99.7938501970043,100.35751311519556,99.28066263908832,99.99575805664062,452300.0
2020-10-16,99.89480531497482,100.32386515180768,99.146057484767,99.17129516601562,560700.0
2020-10-19,99.06191123585796,99.48255629418432,96.8324911430214,96.92503356933594,649500.0
2020-10-20,97.42982521904084,97.77475731454732,95.89026888557838,96.00804901123048,982600.0
2020-10-21,95.47800664742978,96.70628935882652,94.66195426623686,96.24358367919922,1162400.0
2020-10-22,96.32772575351242,97.6233134028668,95.84819060693938,97.27838134765624,692200.0
2020-10-23,97.72426945360424,98.0776097853713,96.6474126419502,97.20266723632812,411600.0
2020-10-26,96.61375940312294,97.20266636935004,96.03327355426448,96.8324966430664,672800.0
2020-10-27,96.92504815874976,97.51395518017104,95.091035171645,95.1499252319336,748300.0
2020-10-28,94.258171258664,95.46963141241125,93.48418567978594,93.58513641357422,842700.0
2020-10-29,93.6019743179318,94.96486069616944,92.41575173987223,93.6187973022461,1244800.0
2020-10-30,93.43369843371067,95.14993141170363,93.17290049528506,94.39276885986328,1301200.0
2020-11-02,95.66311034386618,98.4646083227098,94.87229548149908,98.1449203491211,1196000.0
2020-11-03,98.63286199686016,99.97051676261616,98.0271320213129,98.41413116455078,911300.0
2020-11-04,98.75064355105678,99.810671023709,96.327730032101,96.39503479003906,759700.0
2020-11-05,97.25314771256646,99.6003481860744,97.08489223673428,97.4214096069336,691300.0
2020-11-06,97.60648023635852,99.11239037288432,97.23631693550232,98.11125946044922,603200.0
2020-11-09,98.5908093039442,99.11240516617292,95.00691093806196,95.28453826904295,977600.0
2020-11-10,95.46961798846128,98.99461968253244,94.476895261735,98.91049194335938,1057200.0
2020-11-11,99.4489204716272,100.90435543983484,98.08602794513688,100.7865753173828,707500.0
2020-11-12,100.34577269176854,100.34577269176854,98.76912796476,99.89651489257812,624400.0
2020-11-13,100.31187289790564,101.2019166356932,99.73547150382656,100.94761657714844,305800.0
2020-11-16,101.29515333043936,101.87156115619273,99.9812805539502,101.81222534179688,615500.0
2020-11-17,101.3629766307298,101.56641280303448,100.21863926922693,100.38816833496094,508900.0
2020-11-18,100.8289379770898,100.8289379770898,98.0910056758388,98.13338470458984,693000.0
2020-11-19,98.46397616427475,99.50659209213627,97.1331466284968,99.21839141845705,624600.0
2020-11-20,98.8708519287792,99.40487426660644,96.81952063692611,98.5233154296875,931200.0
2020-11-23,98.52331390077116,99.69307987043368,98.15882062174956,98.37073516845705,984000.0
2020-11-24,98.86238586856324,100.99001002672694,97.30269769024638,99.84567260742188,1560800.0
2020-11-25,100.3033951365377,100.60855260219076,98.70132167541848,100.02366638183594,1458200.0
2020-11-27,100.02366932881236,100.2101551707746,98.30292418780996,98.75218200683594,402000.0
2020-11-30,98.58265566720274,99.36249969406173,97.57394029449486,99.34554290771484,1380800.0
2020-12-01,99.48964250354224,99.89651480667403,98.1333842474531,99.10819244384766,800300.0
2020-12-02,98.62503688509628,99.33707318370914,96.78562001995188,97.3705062866211,1045300.0
2020-12-03,96.8957988050336,98.83693669947316,96.7856055762573,98.73522186279295,1327000.0
2020-12-04,98.76066457081124,99.79480867110024,98.50636450882833,99.47269439697266,743400.0
2020-12-07,98.99800280534552,99.63374646081232,98.1164374937106,99.22686767578124,860800.0
2020-12-08,98.97257306153622,100.18472454400106,98.35377973113718,99.6252670288086,1027400.0
2020-12-09,99.3794520444872,100.27797419278164,98.4724579699653,100.07453155517578,823700.0
2020-12-10,100.311857371695,100.65092190823476,98.20966888596104,98.21814727783205,1139700.0
2020-12-11,97.78585113492188,98.37073736638077,97.243350400599,97.62479400634766,1050900.0
2020-12-14,97.72651507647012,97.85366510044346,95.61584796014016,95.9972915649414,1723400.0
2020-12-15,96.03969388349476,96.5737163171752,95.48871466118445,96.1753158569336,1291800.0
2020-12-16,96.85341535721412,98.02318119546212,96.40415760340404,96.48892211914062,1156800.0
2020-12-17,96.60760819409091,97.8790955218002,96.40417203245072,97.75194549560548,1061900.0
2020-12-18,97.67565850108453,98.3029237664442,97.12467937049932,98.22663116455078,1792900.0
2020-12-21,97.51459665659463,97.76889022733324,96.5567452526206,96.95513916015624,898700.0
2020-12-22,97.19251048706803,97.6332899879427,96.5737170398478,97.25184631347656,865600.0
2020-12-23,97.80280145350496,98.54026642068708,97.3535436391862,97.62479400634766,487500.0
2020-12-24,97.51461806289991,98.62504843992508,97.47223255824645,98.40465545654295,254300.0
2020-12-28,98.55722173975654,98.61655755848616,97.3959340778885,98.60808563232422,535100.0
2020-12-29,98.51484472179064,99.25230327434808,97.64175774243868,97.76042938232422,425300.0
2020-12-30,97.78586322817216,98.27750660042882,97.02296945520833,97.2433624267578,417800.0
2020-12-31,97.30269482155602,98.06558856764087,96.48046525450454,97.98929595947266,532600.0
2021-01-04,98.0486318387492,98.74371137067996,97.53155976982414,98.01472473144533,1062100.0
2021-01-05,98.0062497973801,99.79480923327624,97.97234269111676,99.28620910644533,973300.0
2021-01-06,98.95563547986768,101.73595387560106,98.95563547986768,100.34579467773438,954800.0
2021-01-07,99.95586035042928,101.18496870626632,98.72675846171154,99.04886627197266,1196400.0
2021-01-08,98.88780515730718,99.21839132604008,97.2857252672157,98.43006896972656,861300.0
2021-01-11,98.54026269256111,98.97257017194109,96.64998211967917,96.7177963256836,866500.0
2021-01-12,96.7517007758276,97.16705145875852,93.77641885692928,94.28501892089844,1535900.0
2021-01-13,94.34435986492038,95.6327974781722,93.6916594319761,94.5562744140625,2271200.0
2021-01-14,95.12419430576902,96.22614597043076,94.24262909376874,95.40392303466795,744900.0
2021-01-15,95.48022580863652,97.02296358185278,95.2344041373892,96.7093276977539,1172400.0
2021-01-19,97.42135469356629,98.59112065149196,96.80256137785688,98.03166961669922,1155100.0
2021-01-20,97.63328335810368,98.00625507998468,95.28527271010104,96.82801055908205,1256000.0
2021-01-21,96.82799545372367,97.33658906150733,95.70908692975227,96.14138793945312,880600.0
2021-01-22,96.36177744015636,97.25182107239904,95.65821963311636,96.83646392822266,1014900.0
2021-01-25,97.37896851053956,103.65164027929752,97.37896851053956,100.82046508789062,1401800.0
2021-01-26,100.71027839270484,105.24525537409907,100.20168471704103,105.1859130859375,1393300.0
2021-01-27,105.2283056629046,111.62812870779244,104.94010493192565,108.65283966064452,2150200.0
2021-01-28,107.37286898742153,109.83108567324,99.7863302359192,100.23558807373048,2356400.0
2021-01-29,100.24406209172489,102.9480873938656,98.4131172472168,98.67589569091795,3180500.0
2021-02-01,98.26054465511056,99.7693753340434,97.21792860938476,97.76042938232422,1529000.0
2021-02-02,97.90452178412568,98.27749346040038,95.6243191640044,97.28572845458984,1057100.0
2021-02-03,97.10773237028609,97.59937573432794,94.5986645888884,97.03992462158205,1010000.0
2021-02-04,97.0399203686253,97.84519312809957,96.30245535488328,96.7093276977539,1026000.0
2021-02-05,97.01447082661886,97.77736444046296,95.9972836529056,97.02294921875,848900.0
2021-02-08,97.43832114932324,97.95539324110835,96.16683367125228,97.58242797851562,811800.0
2021-02-09,98.05710303195482,98.48941053443528,97.26878062960527,97.77737426757812,620600.0
2021-02-10,98.36224961579988,98.4893996279926,97.09924082015364,98.1588134765625,734400.0
2021-02-11,97.82564809567124,98.346770302755,96.48440073918734,97.36432647705078,831500.0
2021-02-12,97.11657247644428,98.34676337274674,96.60399510890988,98.32967376708984,899200.0
2021-02-16,98.19298993086392,98.32112938496468,95.852209296742,96.62962341308594,1036900.0
2021-02-17,96.56129419026476,98.90206869846205,95.99746094451004,98.62015533447266,1700200.0
2021-02-18,98.83371326171124,101.54183568766048,98.24424570181242,99.6794662475586,1311200.0
2021-02-19,99.7136420150526,99.7136420150526,97.01405779097412,97.18492126464844,1118700.0
2021-02-22,97.4668392234152,98.02213413314756,96.27082743971522,97.62061309814452,885700.0
2021-02-23,98.50054331494692,98.52617120723932,96.70651264117372,97.71458435058594,702800.0
2021-02-24,98.24424365490717,98.67139254036329,96.68942197255788,96.72359466552734,1141200.0
2021-02-25,98.35531068494907,102.07151160564356,97.8939890564951,98.26988220214844,1931800.0
2021-02-26,98.32112770168791,98.62867542181422,95.61300532180758,95.6813507080078,1709500.0
2021-03-01,95.75821760757248,97.03966404440142,95.33106879529618,95.73258972167967,1678400.0
2021-03-02,96.11704730866968,97.51809517933066,95.96327344394956,96.561279296875,1347500.0
2021-03-03,96.2879161622703,98.42366092636408,96.02308589721092,97.38996124267578,1294600.0
2021-03-04,98.13318312641675,100.74733210877852,97.65477196292235,99.28648376464844,1515400.0
2021-03-05,99.51716066037196,102.93435226429844,99.21815769858354,101.0976104736328,1917900.0
2021-03-08,101.05488729385104,103.7202987696486,99.99555984945164,102.31924438476562,1133500.0
2021-03-09,101.80668985342446,103.79720573340128,101.3624577666669,101.65291595458984,1100800.0
2021-03-10,101.66143630615052,103.97658251888868,100.66190946303668,103.4298324584961,966600.0
2021-03-11,102.82329763294916,104.11328931035582,102.51574986194127,102.72932434082033,1015500.0
2021-03-12,103.32733048983576,104.88215243860336,103.05395541701208,103.74594116210938,1387900.0
2021-03-15,104.053475852657,104.9675742485366,103.60923734155614,104.32685089111328,772900.0
2021-03-16,104.2243395942506,105.7962445382874,104.01076512786894,105.34346771240234,1048700.0
2021-03-17,105.79625253043189,106.53094927170788,105.04447269837604,106.03546142578124,1043400.0
2021-03-18,105.91585604759332,107.05206729612524,105.4630726876377,105.88168334960938,1115300.0
2021-03-19,105.92438485657136,109.02549011395452,105.79623888004082,107.97470092773438,2867300.0
2021-03-22,106.93246285727407,108.75212149232286,106.73597799706656,108.70940399169922,1059000.0
2021-03-23,109.4184726458984,109.4184726458984,107.4963024402951,108.03450775146484,903500.0
2021-03-24,106.44550089139844,106.72742071990464,104.46353032472346,105.19822692871094,1142500.0
2021-03-25,105.98420314936313,109.22199320959432,105.36056928664982,108.18829345703124,1312400.0
2021-03-26,108.35914503917796,110.118996668607,108.137032272787,109.77728271484376,1116000.0
2021-03-29,110.25566934933563,112.39996511888044,110.10190200607168,111.95572662353516,1084600.0
2021-03-30,111.93012436590588,113.09197013365444,109.28179542844067,109.82000732421876,1777800.0
2021-03-31,109.18780716135764,109.40993294722284,107.5988126238218,108.09430694580078,1030000.0
2021-04-01,107.98322560352383,107.98322560352383,105.4715883956692,107.8550796508789,1413400.0
2021-04-05,108.07722793636913,109.7601893054771,107.4108766247204,108.57271575927734,676100.0
2021-04-06,108.60686858346338,109.70891344252168,108.02594586359794,109.12799072265624,852400.0
2021-04-07,109.6064075152245,109.90540391616942,108.52144568730252,109.2219696044922,724400.0
2021-04-08,108.71794020581386,109.67475609131812,108.53853844936462,109.461181640625,1014900.0
2021-04-09,109.5039000855616,110.17880273584244,108.0686858506962,109.529541015625,859000.0
2021-04-12,110.10191526492726,111.10144222315844,109.74311171855334,110.6572036743164,1238700.0
2021-04-13,110.74265595407287,111.9899237571696,110.41801853670783,110.89642333984376,1176600.0
2021-04-14,110.95620031046624,110.95620031046624,109.3672059114749,110.26422119140624,835600.0
2021-04-15,110.2044321423684,111.98137338768986,110.2044321423684,111.7336196899414,576200.0
2021-04-16,112.26329168135928,112.9210916876324,111.4944157396604,112.5281219482422,820300.0
2021-04-19,112.87837020728432,113.3482235593619,111.21247910246512,112.89544677734376,670600.0
2021-04-20,112.79294361338408,114.57842298376518,112.76731572083705,113.2030029296875,1365300.0
2021-04-21,113.57035981900344,114.30505650148044,112.59646077809674,114.18545532226562,1178200.0
2021-04-22,113.8437349914065,113.96333617759204,112.66481273773528,112.86129760742188,732000.0
2021-04-23,112.67334329975633,112.86128987024205,110.37527998972236,110.86223602294922,778500.0
2021-04-26,110.82805680892416,111.47733151989328,109.58932752930514,110.86223602294922,1028700.0
2021-04-27,110.87077113063806,112.00698880671432,110.77679784808888,111.94718170166016,939100.0
2021-04-28,112.75878758312352,113.19447483118452,111.12707542117552,111.4773406982422,901800.0
2021-04-29,111.44316346145584,113.65579199346443,111.44316346145584,112.71607208251952,767500.0
2021-04-30,112.6648122262089,112.7160680149769,110.8964093004036,111.90448760986328,965500.0
2021-05-03,111.93010162829157,113.80101589969593,111.79341085148803,112.83565521240234,584600.0
2021-05-04,113.19448165616431,113.87792264308564,111.99846970571646,113.16885375976562,617800.0
2021-05-05,112.8527368645747,115.41563008903394,112.24617973247776,115.1935043334961,1179000.0
2021-05-06,116.30411426229092,118.63634385282089,116.2784863684264,117.38907623291016,2020900.0
2021-05-07,116.2955767244577,117.16695119256045,115.44127882867367,116.69709777832033,823800.0
2021-05-10,117.1498761271248,119.23436510533858,116.7996108568156,118.3117218017578,779900.0
2021-05-11,118.8242715414782,118.86698903631184,115.81715283131958,116.88502502441406,849800.0
2021-05-12,116.9362885453916,117.26946417027192,114.92868347524713,115.15934753417967,1098300.0
2021-05-13,114.44553217161386,117.60187748157126,113.6284836511436,117.12885284423828,937900.0
2021-05-14,117.3266540026831,118.57370936505508,116.35480461339566,116.38921356201172,837400.0
2021-05-17,116.53541305535693,117.03423780041096,114.26490811558888,114.8239288330078,1241400.0
2021-05-18,114.66055158972227,115.75279306002447,114.49714187221414,115.00456237792967,629100.0
2021-05-19,115.14216458030452,115.62378490226828,113.93810065222556,115.50337982177734,574600.0
2021-05-20,116.36338742162258,117.03421741494483,115.76136218699564,115.94196319580078,568200.0
2021-05-21,115.76996808015238,117.18902862440852,115.76996808015238,116.54399871826172,817200.0
2021-05-24,116.65581265960763,117.7222668704477,116.27739300017514,116.63001251220705,577400.0
2021-05-25,116.50964193425222,116.85365275019188,115.15937257918762,116.35482788085938,661000.0
2021-05-26,116.0537812729231,116.3547873512286,115.38295122928966,115.67536163330078,713300.0
2021-05-27,115.6237711356271,116.26880108785068,113.58548068601428,113.97249603271484,1677000.0
2021-05-28,114.23052074551696,116.59563077960512,114.09291119397308,114.63472747802734,1059900.0
2021-06-01,114.78093733410492,115.85598727003996,114.23910796697989,114.8239288330078,1048000.0
2021-06-02,114.8239250000248,117.29224849428986,114.51431010388414,116.90522003173828,1138300.0
2021-06-03,117.55886388848226,119.93256944680331,117.12023511133664,118.58231353759766,1535200.0
2021-06-04,119.26173206289232,120.96460740046707,118.4619012502868,120.25078582763672,988000.0
2021-06-07,120.2335825862971,120.5431974802238,117.44704854095684,118.7973175048828,899100.0
2021-06-08,118.79733530533817,119.05533681962936,117.00845044162476,117.71367645263672,984500.0
2021-06-09,116.74181547809977,117.6706601029318,115.87316681950212,116.93962097167967,1070400.0
2021-06-10,117.24924991518438,117.54166035350438,116.37200547705598,116.69021606445312,622600.0
2021-06-11,117.03424256485432,117.26645703495676,116.15699810693178,117.1718521118164,526100.0
2021-06-14,117.17184244079148,117.17184244079148,115.21954816430552,117.05143737792967,505200.0
2021-06-15,117.3696685377642,117.3696685377642,115.7441933423704,115.91619873046876,454200.0
2021-06-16,116.14838373359532,116.44938980555348,114.9787290190486,115.0561294555664,688200.0
2021-06-17,115.17656056901042,115.4603753569587,113.79189557984004,114.90995025634766,835300.0
2021-06-18,114.49713199299916,114.548732294461,111.91701193455438,112.06321716308594,1372800.0
2021-06-21,112.39001294427054,113.25005288338434,112.29542114920932,112.7684326171875,673200.0
2021-06-22,113.07804952528156,113.55966980001844,112.12340465101089,112.2524185180664,848100.0
2021-06-23,111.80518950172592,112.39001034769136,110.99674987792967,110.99674987792967,612000.0
2021-06-24,110.57535552978516,111.41819110431412,109.44009636464148,110.57535552978516,574800.0
2021-06-25,110.1711276368542,111.62458419212015,110.06792047619427,111.3063735961914,786100.0
2021-06-28,111.54718100097318,112.8716498980079,111.19456146524084,112.52762603759766,576500.0
2021-06-29,112.55343897554874,113.29307395551082,111.39239276305808,111.92561340332033,608200.0
2021-06-30,111.93419063485231,113.00064486281396,111.01395474206508,111.43537902832033,1303400.0
2021-07-01,111.24617259764176,112.9232478727324,111.03116261049765,111.84819793701172,552700.0
2021-07-02,112.30401686933632,112.65663639407482,111.28916291672732,111.53858184814452,456200.0
2021-07-06,111.16017146081958,111.57298699175732,109.47449382605726,110.58394622802734,549000.0
2021-07-07,110.5151450052118,111.62459088126408,110.4205400760004,110.97956085205078,577400.0
2021-07-08,110.712943476479,112.20082209762354,110.42053303145136,111.4009780883789,641900.0
2021-07-09,112.2868282867034,113.0092587885258,111.75360764819212,112.53624725341795,584500.0
2021-07-12,111.91702195027828,112.51904739315826,111.4181971195576,112.14922332763672,629200.0
2021-07-13,112.14060946789785,112.742634813162,111.13436429299168,111.5815887451172,556500.0
2021-07-14,111.17737981261648,112.58784495541254,111.17737981261648,112.05461120605467,624100.0
2021-07-15,112.14061865399044,113.83489855791612,111.85680387015236,113.54248809814452,695600.0
2021-07-16,113.83488682689116,114.71213123897266,113.54247639725332,114.47132110595705,596400.0
2021-07-19,114.47130519805462,116.50959537038167,113.70587028380454,115.23674011230467,980900.0
2021-07-20,115.95920460270187,117.26646918798414,113.87790920108556,113.96390533447266,1012000.0
2021-07-21,113.92949265145272,114.22190308341683,111.32357266595596,111.4095687866211,1115700.0
2021-07-22,111.3321694344835,111.3321694344835,109.38848386254284,111.14295959472656,1562400.0
2021-07-23,111.44398662444094,112.51903664228378,111.08277139322604,112.23522186279295,508500.0
2021-07-26,112.23520330068068,112.91462902539554,111.80518336466277,112.39861297607422,523300.0
2021-07-27,112.37284087626948,114.565945721959,112.13203070185034,113.5252914428711,562000.0
2021-07-28,113.21566354691323,113.26726384650974,111.46118774478911,112.45882415771484,785000.0
2021-07-29,113.03505195405585,113.80050015942987,112.67383672547057,113.00065612792967,751500.0
2021-07-30,112.55341998467873,113.53386496727754,112.45021939382654,112.75983428955078,1238400.0
2021-08-02,112.7684294937702,113.1812581017914,111.91699837645768,112.91463470458984,535800.0
2021-08-03,113.24144081740208,115.2109393418752,113.02643086374486,114.22188568115234,889400.0
2021-08-04,114.19611329358564,114.5573285287484,110.7129485730719,110.79895782470705,700800.0
2021-08-05,111.22895133531722,111.33215191415552,110.21409752513122,110.4463119506836,423700.0
2021-08-06,110.72153662800402,111.12575641325212,109.94749287781606,109.99909973144533,689400.0
2021-08-09,110.21411571919091,111.0053640314572,109.92170528210072,110.95375061035156,568700.0
2021-08-10,110.8247384810471,111.9599842885545,110.47211898380728,111.80518341064452,448400.0
2021-08-11,112.15780850288624,113.49946867103608,111.82239346084876,112.91463470458984,494000.0
2021-08-12,113.26996918683248,113.6685860888801,112.72402297002952,113.45194244384766,662200.0
2021-08-13,113.66855875769784,115.5490235576833,113.5645740644062,114.97708129882812,513800.0
2021-08-16,115.1590869321527,116.1123241891507,114.71713868911422,115.77436065673828,672200.0
2021-08-17,116.11230517317104,117.95809959888228,115.06374436219848,117.51615142822266,703300.0
2021-08-18,117.20418135595928,117.20418135595928,114.02385506413596,114.11917877197266,575600.0
2021-08-19,113.96318862940598,115.68767635554016,113.91987048997004,114.71711730957033,611300.0
2021-08-20,114.55247905313016,115.58370476781904,113.65990842440615,113.7638931274414,754200.0
2021-08-23,113.51260672788104,114.0672139190918,112.6113617778645,112.7413558959961,614700.0
2021-08-24,112.65466646842997,113.05329649092184,109.7169799255913,110.23692321777344,977400.0
2021-08-25,109.89897632130923,110.82621075916026,109.3877005467979,110.29759979248048,1313800.0
2021-08-26,106.58866308403626,109.82098886545512,105.39279265882112,107.38591003417967,1991900.0
2021-08-27,106.37200509836435,107.55921437856148,105.66141437153344,107.08259582519533,1187300.0
2021-08-30,106.77930377059528,107.94917794467372,105.80007042009424,105.9647216796875,935800.0
2021-08-31,105.95604505096956,107.37723309680628,105.56608923000115,107.16925048828124,1147400.0
2021-09-01,107.45523216525338,107.45523216525338,104.94216492942348,106.02538299560548,1249100.0
2021-09-02,106.02538438929892,106.96128639752772,105.2541336449544,105.71341705322266,769700.0
2021-09-03,105.65276576245722,105.65276576245722,104.2749154247502,104.5175552368164,737000.0
2021-09-07,104.33556222116856,104.5955305821268,102.73240085522588,103.67696380615234,1225600.0
2021-09-08,103.8329412671838,105.87805731950624,103.47764921165816,105.60075378417967,977200.0
2021-09-09,105.34944285353546,105.39277421535898,104.36154862918475,104.66484832763672,623900.0
2021-09-10,104.48288158970848,105.4361121662313,104.10158671452398,104.90750122070312,688600.0
2021-09-13,105.358121601248,107.28191790856155,105.28012646399672,106.34601593017578,1158500.0
2021-09-14,106.56265180332208,106.88328009030582,105.29745401095484,106.12069702148438,839300.0
2021-09-15,106.1467126581132,106.38935246943645,105.29747331848188,105.55744171142578,866800.0
2021-09-16,105.81738502962212,106.7792830017914,105.07213062575336,106.31999969482422,796100.0
2021-09-17,105.71342668332808,107.2732635058048,105.51411824077992,106.5886688232422,1779300.0
2021-09-20,105.93871847945232,107.12592776604728,105.29745528628034,105.95604705810548,967200.0
2021-09-21,106.103377085383,106.12070566523772,104.16224556973924,104.40489196777344,720200.0
2021-09-22,105.06348292490584,105.53143391441088,103.96293629859014,104.48287963867188,720200.0
2021-09-23,104.81216215684896,105.05480852190244,103.74627943754452,103.78960418701172,749000.0
2021-09-24,103.78960223281182,104.3182130909956,103.20033143736616,103.21766662597656,557500.0
2021-09-27,103.34766516926084,104.9941578575078,103.20034249603476,103.9282684326172,497900.0
2021-09-28,104.17958214869508,104.90750151817858,103.33900386862122,104.09292602539062,1369600.0
2021-09-29,104.11890911416243,106.83128444015036,104.06691015756498,105.86072540283205,905900.0
2021-09-30,105.94738689669931,106.14669530422752,104.00625550059036,104.01492309570312,779600.0
2021-10-01,104.4915571902356,104.86418449822855,103.39100384762057,103.72030639648438,659100.0
2021-10-04,103.75497817231272,105.26281610193408,103.73764297817304,104.82952880859376,970200.0
2021-10-05,104.79486420157606,105.6441101988288,104.3442483291052,105.13282775878906,897300.0
2021-10-06,104.9941516248586,106.84862020857094,104.12757727316358,106.74462890625,920300.0
2021-10-07,106.65796908943068,107.14324859386744,105.25411630831913,105.58341217041016,573500.0
2021-10-08,105.38410727407648,106.0946979768999,105.210795048583,105.40143585205078,448900.0
2021-10-11,105.79140455686168,106.34601164509012,104.890166385631,105.34078216552734,395600.0
2021-10-12,105.5661079964007,106.3373587919985,105.24547304317058,105.72209167480467,450000.0
2021-10-13,105.782748109547,106.25936672533328,104.26624274660354,104.93350219726562,646100.0
2021-10-14,105.1848130910934,105.7480878526322,104.8208533786304,105.72209167480467,700500.0
2021-10-15,105.83474474245412,106.13805111645668,105.29747276632402,105.79141998291016,532500.0
2021-10-18,105.3407747800118,106.02536930279842,104.70817921346452,105.27145385742188,470200.0
2021-10-19,105.08082377303803,105.33213116675154,103.8589505772006,104.80352020263672,364200.0
2021-10-20,105.03746537421722,106.23333547418632,104.79482563898613,105.51408386230467,491100.0
2021-10-21,105.68742319862966,105.8780706428016,104.93350101797844,105.54877471923828,399100.0
2021-10-22,105.87807319494166,106.81397524628774,105.73941810076944,106.56266784667967,489500.0
2021-10-25,106.81395987255624,107.11725958310556,105.89538653447252,106.70996856689452,561100.0
2021-10-26,106.52800982573494,108.43447119348184,106.26803481584258,108.06184387207033,681500.0
2021-10-27,108.92841744551822,108.92841744551822,106.19004532670682,106.5886688232422,702900.0
2021-10-28,106.47600860410743,108.04450629527888,106.19003743932105,108.0011749267578,642200.0
2021-10-29,108.04450381293948,108.92840685208952,106.27669112320092,106.46733856201172,1415500.0
2021-11-01,106.32868487803212,107.16060218771744,105.98206037900816,107.12593841552734,633600.0
2021-11-02,106.96993866482644,107.8625091773597,106.25068037574988,107.20391082763672,645400.0
2021-11-03,106.92661297297698,109.05838516943062,106.86595303040691,108.6424331665039,1334300.0
2021-11-04,108.35646529238888,108.51244895103886,107.51588705474396,108.15715026855467,427100.0
2021-11-05,108.47779071826398,109.37902894630632,108.31313945588518,108.99773406982422,417900.0
2021-11-08,108.95440322753008,108.9977279810675,107.35990287885268,108.39112854003906,585600.0
2021-11-09,110.02028798436852,112.26471917857306,109.70832066307804,111.42414093017578,840100.0
2021-11-10,111.74725770870214,112.218839624161,110.5770411006188,111.4416046142578,496000.0
2021-11-11,110.87396897746773,110.98749537591256,109.73868500480437,110.10546875,627300.0
2021-11-12,110.13166748371212,111.73853342515264,109.7474140356553,110.99623107910156,688600.0
2021-11-15,110.9962294435024,112.74283297132408,110.69057632466046,112.58563232421876,621500.0
2021-11-16,112.77774480173288,113.05720666107928,111.31933820264028,111.3542709350586,536900.0
2021-11-17,110.90889494252345,111.97432003871803,110.7429661172262,111.60753631591795,597500.0
2021-11-18,110.74296771329476,110.9263595773379,108.81297905333062,109.90460205078124,645500.0
2021-11-19,110.27139472918864,110.84777491673944,108.4025365388839,108.55973052978516,811800.0
2021-11-22,108.411264200208,111.67739839153089,108.3675966145661,110.41985321044922,821600.0
2021-11-23,114.62914155793882,117.61582044444071,114.15756629184942,116.69886779785156,2006600.0
2021-11-24,117.02199641470366,117.02199641470366,114.38463127183566,115.53739166259766,1068800.0
2021-11-26,115.48497600472678,117.26649873546371,114.06149546207874,114.35841369628906,579600.0
2021-11-29,114.59421451122908,114.92607215984386,112.80395016679662,112.97860717773438,743900.0
2021-11-30,112.14025362286776,112.79522743969328,110.10546669953932,110.44605255126952,1724500.0
2021-12-01,111.29314227503718,112.23630607869556,110.42857212364822,110.51590728759766,858700.0
2021-12-02,111.3368189910558,112.74283670982824,111.0049679742717,111.65120697021484,1008200.0
2021-12-03,112.6205703080728,113.3279398974632,112.20137747137916,112.4458999633789,1494700.0
2021-12-06,113.47639619398622,115.44131759339594,113.09214276602547,114.3846206665039,875900.0
2021-12-07,113.92178693118048,115.01341005877993,113.1008842071493,113.72093200683594,563100.0
2021-12-08,113.67725428088666,114.69028365108932,111.85206377239362,113.42400360107422,664200.0
2021-12-09,113.30175668649456,114.67282845669278,113.12708631917614,114.02659606933594,589100.0
2021-12-10,114.45447494896648,116.27093704190844,114.42827706557344,116.04388427734376,616900.0
2021-12-13,115.98275522766588,117.98261597171684,115.13565473659244,117.56342315673828,574300.0
2021-12-14,117.94769105111172,118.82973104776478,117.00452708986104,118.05248260498048,884400.0
2021-12-15,118.20093891034304,118.8733690563532,117.08311807034046,117.65948486328124,750600.0
2021-12-16,117.80794062001912,121.61552191169577,117.58088784901337,121.30987548828124,837000.0
2021-12-17,121.02168078506698,122.14822973604456,118.90830048464244,119.12662506103516,1345000.0
2021-12-20,117.6594859355678,118.4105230685524,117.06564943880008,117.93020629882812,882800.0
2021-12-21,116.93464621258568,117.0219813796264,114.23615745202038,115.1793212890625,757200.0
2021-12-22,115.27539065835244,116.34081578956624,114.73394990577624,116.2709503173828,677000.0
2021-12-23,116.52419369801623,116.89971892180388,116.1137557285374,116.13995361328124,355500.0
2021-12-27,115.97401769520096,116.95210753371263,115.90415223166804,116.89098358154295,380800.0
2021-12-28,116.53293077342188,118.13106830933188,116.33207588954056,118.06993103027344,558700.0
2021-12-29,118.11361730811932,118.41927710084502,117.56343501140388,117.98262786865234,415100.0
2021-12-30,118.45418424016576,118.59391517024456,117.84287807791462,118.19219207763672,326700.0
2021-12-31,118.29701643718391,118.82972903612746,117.53723770806562,118.61140441894533,445200.0
2022-01-03,118.21837782740675,119.58946245281147,116.6988474265578,119.46720123291016,735200.0
2022-01-04,119.46721295293406,121.98230305556568,119.2401468612176,121.01295471191406,774400.0
2022-01-05,121.2312940948048,124.06951398401654,121.2312940948048,123.14380645751952,909200.0
2022-01-06,123.09143016876124,124.6371723611647,122.84690763640664,123.4494857788086,753800.0
2022-01-07,124.06951125679402,125.4667807147138,123.34467197888652,125.18733215332033,747700.0
2022-01-10,125.51917178945796,126.53220110323264,124.54981005955688,125.12619018554688,862500.0
2022-01-11,125.51916252277373,125.51916252277373,121.79891651467332,124.10442352294922,536500.0
2022-01-12,123.14379008301408,124.80306486981974,122.4626184662172,122.98660278320312,678600.0
2022-01-13,123.2224366144225,125.85978876691236,122.95170285760337,124.88169860839844,566400.0
2022-01-14,124.66335868142612,127.05620132649364,124.31404461776368,126.75926971435548,675300.0
2022-01-18,126.16542257707702,127.3443807628078,124.75941160152476,126.93392944335938,779200.0
2022-01-19,126.8728082942184,127.2919878539224,125.00394998891872,125.2310028076172,911500.0
2022-01-20,125.37946934555606,125.37946934555606,123.13508585258133,123.2573471069336,815800.0
2022-01-21,124.82931471734952,125.51921480728193,123.7638892679752,125.07383728027344,658000.0
2022-01-24,125.1960496993672,126.65445631813805,121.23128112608612,124.0258331298828,881900.0
2022-01-25,123.64159817964348,123.7900573195232,120.96930701085392,121.73780059814452,1121800.0
2022-01-26,120.89071535568527,122.55871883225252,119.336244958035,119.97376251220705,919200.0
2022-01-27,120.6199744203114,122.81196199942724,120.22699279342864,121.37975311279295,599500.0
2022-01-28,120.95181504332824,122.81194469406704,119.90385974414885,122.71588134765624,599900.0
2022-01-31,121.86004230975784,123.63285016752587,121.38846707784424,122.76828002929688,1712100.0
2022-02-01,122.7944881538995,123.0652085249346,119.40608610887088,120.95182800292967,875700.0
2022-02-02,120.60252624434086,122.89929220114958,120.60252624434086,121.89500427246094,806000.0
2022-02-03,122.42770672843028,123.68525857602648,121.45834495636456,122.59363555908205,514500.0
2022-02-04,121.81640175847949,121.9997869649479,118.72491788039056,119.52835083007812,587400.0
2022-02-07,119.93880826247096,120.39292719645518,118.63760207491588,119.7292251586914,493600.0
2022-02-08,119.81652941441436,120.39290951611784,118.65504102479063,119.19649505615234,659000.0
2022-02-09,119.06549521896116,119.8863978095384,118.97817337823568,119.24889373779295,527700.0
2022-02-10,119.02017452669476,119.84707217716188,117.2168359051344,117.51592254638672,624900.0
2022-02-11,117.76222058486285,120.7355297288517,117.75342865716,120.2341079711914,661400.0
2022-02-14,120.304493769489,121.6152159380242,118.28124955902454,120.89387512207033,963400.0
2022-02-15,120.8499158068726,121.4920756487486,119.1081473362822,119.71512603759766,621200.0
2022-02-16,119.62714182323248,120.93785044800543,117.7710249612156,119.3896255493164,954700.0
2022-02-17,119.38964505196272,122.36295465705672,118.68590146567632,121.68560028076172,1082300.0
2022-02-18,121.23697768376384,122.67964608339943,120.59480440735295,122.26619720458984,604100.0
2022-02-22,122.69722245481786,123.1458658702454,120.62999160971918,121.9582977294922,745200.0
2022-02-23,122.6708271489503,123.01390028457408,120.11977187613677,120.42765045166016,797500.0
2022-02-24,119.5567768665752,120.0669905935206,114.98246402648816,117.6742706298828,1025000.0
2022-02-25,118.2812406440434,121.47445539055298,118.2812406440434,120.7531280517578,893800.0
2022-02-28,118.90582406810262,119.68873530787334,117.37518272867533,118.53636169433594,1245800.0
2022-03-01,114.79773591435412,115.99409599795948,110.0210942204964,111.12068939208984,1865300.0
2022-03-02,110.01229067400932,115.2375688440504,109.86274734807652,114.97366333007812,1692900.0
2022-03-03,114.2787206334274,118.87942268725838,114.22594221726284,117.36637878417967,1108400.0
2022-03-04,115.77419431669112,118.1757067730248,115.2727724003474,117.68309020996094,1451400.0
2022-03-07,117.24322304005028,120.99063818627502,116.16122525536412,119.47760772705078,1076600.0
2022-03-08,119.35445157039968,119.82948420012936,115.86214966293493,116.0204849243164,1225000.0
2022-03-09,117.47194260505375,118.15810232438844,113.65415148371956,113.77730560302734,876300.0
2022-03-10,113.35507176396986,114.41068048304672,112.5369726576965,113.17033386230467,730100.0
2022-03-11,113.16153084676114,115.05282905720674,113.16153084676114,113.33746337890624,869400.0
2022-03-14,113.67175483934676,115.1584097022369,112.60734077625015,113.41664123535156,877000.0
2022-03-15,113.5749934704286,113.90927471804794,111.92120464871088,113.74213409423828,994600.0
2022-03-16,113.3726621064984,113.79490288372624,111.89479925201243,113.77730560302734,776200.0
2022-03-17,114.1907555881694,114.88570724337622,112.89763061116712,113.98843383789062,551900.0
2022-03-18,114.11157821559384,114.11157821559384,111.72765692680316,112.66011810302734,1423800.0
2022-03-21,113.15274334409084,114.82412259903296,113.15274334409084,114.50743865966795,792900.0
2022-03-22,114.82412503672774,115.14080898281588,113.25830258740106,114.6218032836914,737200.0
2022-03-23,115.40471685820808,116.79460679307378,114.49865149288313,114.5162353515625,826100.0
2022-03-24,114.55143839276404,116.06448256433426,114.55143839276404,115.58065795898438,503000.0
2022-03-25,115.75657196056486,118.1580973195334,115.30794199268752,117.60389709472656,1060500.0
2022-03-28,117.54231160811494,118.19327672896324,116.636246334232,117.82381439208984,606500.0
2022-03-29,118.29884706984924,119.284093503473,117.71827100149147,119.13453674316406,710800.0
2022-03-30,118.4483835181002,118.66830254685478,116.93533952644528,118.65071868896484,715200.0
2022-03-31,118.7474886155872,119.7591108214822,117.65668535467304,119.11695098876952,666000.0
2022-04-01,119.46002519934606,121.034639619543,118.51876526530954,120.96426391601562,739300.0
2022-04-04,120.2605341843708,120.28692339544496,116.94415129052427,118.4395980834961,711000.0
2022-04-05,118.09649946089748,121.21054650154824,118.09649946089748,121.19296264648438,1134000.0
2022-04-06,121.54484949152948,122.8291825496846,119.8558729296052,120.70915985107422,1061700.0
2022-04-07,120.69157365038534,121.36892809228004,119.33687818938972,120.81472778320312,725200.0
2022-04-08,121.55362130219972,122.63563242938572,120.62997225513458,122.09902954101562,582100.0
2022-04-11,122.8467662116249,123.6472747115661,121.60643306938223,122.65323638916016,583400.0
2022-04-12,122.2749954194082,123.1546716454471,121.23698391562338,122.63566589355467,593600.0
2022-04-13,122.63565454070051,123.26902243863874,121.30733497176126,122.3453598022461,442900.0
2022-04-14,122.83797914439818,123.81442022446554,122.1694300911998,122.88196563720705,456000.0
2022-04-18,123.04029386083084,123.47133998921466,121.91430950790196,122.17821502685548,409600.0
2022-04-19,122.69725041022988,125.503420042806,122.69725041022988,125.19554138183594,540200.0
2022-04-20,125.3802256180948,127.45626162117446,125.3802256180948,126.3566665649414,643400.0
2022-04-21,125.95203621135308,127.7817643811115,125.6177683713392,126.3742904663086,781200.0
2022-04-22,126.07518147113451,126.87567649780377,125.0723378600791,125.12512969970705,758300.0
2022-04-25,124.50935243944272,125.57376645341272,122.0550619643504,125.09874725341795,687200.0
2022-04-26,125.06356097658534,125.8816668043397,122.77641096085824,122.81159210205078,601300.0
2022-04-27,123.25144159195924,124.5885532684323,122.65325475401292,122.8292007446289,618800.0
2022-04-28,122.86438495629346,124.14871823676197,122.28379538747367,124.0607452392578,475000.0
2022-04-29,123.64725336515276,123.87597771010196,120.33087116850136,120.45402526855467,1010800.0
2022-05-02,121.97591184944385,122.00230106307768,117.30483311713613,118.69470977783205,831600.0
2022-05-03,118.85302886812964,121.36890284910378,118.7914451031325,120.06698608398438,791800.0
2022-05-04,119.90867471235852,122.45974404469467,119.90867471235852,122.3189926147461,796000.0
2022-05-05,122.24860148973634,123.21625067016195,120.48924910553956,121.04344940185548,771300.0
2022-05-06,120.9730450310016,124.21024620792296,120.73552875703272,123.89356231689452,806400.0
2022-05-09,122.41570942900113,129.08365479550687,122.39811215147544,127.56180572509766,1346000.0
2022-05-10,127.11321135403816,128.7494096287943,124.64132337085576,125.3538589477539,944700.0
2022-05-11,125.24829510587428,127.78175330197726,124.6501083412826,127.05162048339844,1079500.0
2022-05-12,127.9019510739602,128.77884608436025,126.4493255160498,128.17654418945312,1006200.0
2022-05-13,128.50424113840344,128.6813879245869,126.1038596120025,127.75135040283205,1014400.0
2022-05-16,128.0348099175711,128.72569191919553,126.45818037381952,127.795654296875,859300.0
2022-05-17,127.34392457906824,127.76022699419416,124.10208541612649,127.02505493164062,997500.0
2022-05-18,126.121577432258,126.23672892438871,113.25166821118296,113.69454193115234,1899600.0
2022-05-19,112.49877946041244,112.74678765182652,109.45180623397356,111.92304229736328,1264800.0
2022-05-20,111.97619938770472,112.55193662483758,108.4863587687644,110.9930191040039,1097200.0
2022-05-23,111.940784577307,112.0736480751674,107.13117461033136,108.6989517211914,1519100.0
2022-05-24,109.11524657629136,111.22332338456252,108.21178026009105,111.06388854980467,1258200.0
2022-05-25,111.06387801427232,112.87080371755005,110.2224205959209,112.69365692138672,1100700.0
2022-05-26,112.4633606184362,113.14538321677924,111.1170206405528,111.29417419433594,983600.0
2022-05-27,111.13474312931544,111.23217589775852,109.93898532118004,111.20560455322266,1303700.0
2022-05-31,110.89558325685584,112.029345722705,109.76182754872374,111.0461654663086,1675600.0
2022-06-01,111.4358917299599,111.4358917299599,107.70689553518588,110.31985473632812,1124600.0
2022-06-02,109.98327606683804,110.62987477763215,106.13027542155626,108.98238372802734,1224200.0
2022-06-03,108.99124009123518,109.61126068088852,107.95491030893233,108.74322509765624,548700.0
2022-06-06,109.42523903576412,109.58467384452568,108.09661788199,109.17723083496094,1275200.0
2022-06-07,108.99125264922316,116.14809538903393,108.92925058311393,115.4217758178711,2184500.0
2022-06-08,114.11086544781878,115.17375986955626,112.5962378558698,112.87967681884766,988800.0
2022-06-09,112.76450743144176,115.20917908092028,112.48992788018786,112.71136474609376,993000.0
2022-06-10,111.89648179861685,115.2800301752871,111.74590634748508,113.73883819580078,973600.0
2022-06-13,113.58825046325136,115.95319437903082,112.21533930198932,112.75564575195312,1459700.0
2022-06-14,112.79109176428828,113.60597790282046,109.93899027942555,111.03731536865234,956700.0
2022-06-15,111.40931743102784,112.79108134328514,110.09841493932656,110.86901092529295,932700.0
2022-06-16,109.00893658757998,111.24101715104888,107.59174204270158,109.3189468383789,1057300.0
2022-06-17,109.60239865541764,110.16042393029196,106.75029049673658,108.25606536865234,1682700.0
2022-06-21,109.3720968180766,110.5058524595597,108.00804495013077,110.1781234741211,1074900.0
2022-06-22,109.93897938892586,110.55899992036456,108.43320462187664,109.6555404663086,604800.0
2022-06-23,110.24011631608911,111.604168070094,110.03639820631396,111.551025390625,852100.0
2022-06-24,112.7733730230228,114.41200456963098,111.20560289926792,114.15514373779295,938500.0
2022-06-27,114.01342695480524,114.58915746238056,112.95052582863738,113.8717041015625,714800.0
2022-06-28,114.27029068966864,114.82831599127488,112.48994291538354,112.67594909667967,820500.0
2022-06-29,113.37567361367712,116.63521774266223,112.46335482130172,115.7671890258789,1003100.0
2022-06-30,115.4128983948776,115.97977623678322,112.85308873941456,113.38452911376952,829800.0
2022-07-01,113.8451185634178,116.4846421776887,113.198526709829,116.20121002197266,1041700.0
2022-07-05,116.13922966479151,116.51124206273538,113.88058392837787,116.45809936523438,1197900.0
2022-07-06,116.4757796029642,117.96382870287972,116.15691000792054,116.99836730957033,1023200.0
2022-07-07,116.37833910385407,118.1144097869493,116.09490699125716,117.71581268310548,885300.0
2022-07-08,118.49529385977412,118.79644475181486,116.83008431365806,116.87437438964844,568800.0
2022-07-11,117.21982319100216,118.4333064801492,116.95409623273608,117.83984375,598300.0
2022-07-12,117.54755425282006,119.49619600963275,117.32611738237694,117.90184783935548,590300.0
2022-07-13,117.48555446100492,120.63881357572,117.4589831157466,119.25704956054688,900800.0
2022-07-14,117.48553623865077,118.14099418937442,116.66179763253686,117.61839294433594,569700.0
2022-07-15,118.1409917558591,118.1409917558591,116.20120280021462,116.7326431274414,500600.0
2022-07-18,116.69723706023908,117.370400317383,115.64319533722542,115.65206146240234,552900.0
2022-07-19,116.18350731415948,116.5289483263746,115.10289419585874,116.1923599243164,661800.0
2022-07-20,116.41377539536396,116.43149412785267,113.44652968656628,114.64228057861328,617800.0
2022-07-21,114.10199697940764,114.70429877902431,113.50853427360994,114.03113555908205,539300.0
2022-07-22,114.29684255016184,115.63432982085745,113.64139810109502,115.31546020507812,492800.0
2022-07-25,115.74063283742774,116.29865812899553,114.81946131549918,115.59005737304688,511300.0
2022-07-26,114.10199146588732,115.76718745905625,112.0293389466764,115.63433074951172,855900.0
2022-07-27,115.02315899223976,115.3065911348948,111.45359801772176,114.64228057861328,719800.0
2022-07-28,114.6334306482272,116.09492201545056,113.77425456079582,116.0329132080078,697600.0
2022-07-29,115.6166147698925,117.37039095481364,115.01431298503552,117.20211029052734,970500.0
2022-08-01,117.0780868082754,119.33674541924512,117.0780868082754,118.73444366455078,963300.0
2022-08-02,118.86729484089332,118.86729484089332,117.87526210734242,118.65472412109376,617000.0
2022-08-03,118.35358633343502,119.159619868257,117.40584345871886,118.88504028320312,511800.0
2022-08-04,118.38901165741714,119.57591003928812,117.73355365534924,117.90184783935548,755200.0
2022-08-05,118.27385066050658,118.27385066050658,115.74946513403115,117.8752670288086,555200.0
2022-08-08,117.87528267989263,119.15961389275218,117.6626984075588,117.9461441040039,593000.0
2022-08-09,118.4687125329534,119.61132071078,118.08784764548868,118.89386749267578,670000.0
2022-08-10,119.52275249656812,119.88591216265948,118.06126122404164,118.7610092163086,704700.0
2022-08-11,118.99310020650212,120.13554706099914,118.17195376198164,118.40402221679688,597700.0
2022-08-12,118.77888841894574,119.50184159228552,118.18981041880184,119.41258239746094,809900.0
2022-08-15,119.46614064302555,121.76887523133055,118.8681285792194,121.2869110107422,781000.0
2022-08-16,121.5278919150229,123.80386493883417,121.21549838701448,122.75066375732422,773600.0
2022-08-17,124.16086658008643,125.40149290463047,123.35758844325942,124.40185546875,824500.0
2022-08-18,124.40189297156792,124.71427295493292,122.89350227367498,124.3483428955078,589000.0
2022-08-19,124.78565735826407,125.6335652028019,124.16980434536632,124.74996185302734,1865600.0
2022-08-22,124.50896959252886,124.89275414445616,122.09912129196536,122.94702911376952,928800.0
2022-08-23,126.01736477598833,127.92739437470324,123.83957121839843,127.0527114868164,1959000.0
2022-08-24,127.945255558143,129.32867778234703,127.05271806173192,128.6414337158203,1056700.0
2022-08-25,128.2129762561787,128.3647195802268,127.07946370362784,128.2040557861328,727400.0
2022-08-26,128.41830828421166,128.52540843314574,126.35654870297672,126.3743896484375,686000.0
2022-08-29,126.18693424352692,127.4186265191619,125.3658015200906,126.74030303955078,460300.0
2022-08-30,126.5082667023278,126.82064664738272,125.13375136315464,125.6781997680664,663200.0
2022-08-31,125.9548699228537,126.73138669956325,124.8124231730939,124.9463119506836,927300.0
2022-09-01,124.59823553991596,127.1419591432984,123.83957324718172,126.7313995361328,871400.0
2022-09-02,127.2044442125014,128.03449752360217,124.6339319372766,124.95524597167967,632200.0
2022-09-06,125.0802019734723,126.32974899856546,123.26835197756662,123.73247528076172,791700.0
2022-09-07,124.02700905550508,125.93703863851472,123.22371718548536,125.77637481689452,632100.0
2022-09-08,124.77671769493166,125.54430032034531,122.6703291148922,123.74137115478516,788200.0
2022-09-09,124.41078422577662,125.4818263525652,122.90239388214022,124.45541381835938,558400.0
2022-09-12,124.9195230829766,126.34757455248663,123.86632201588888,126.20476531982422,741800.0
2022-09-13,126.17801509724684,127.03485704263544,123.93775099795884,124.3661651611328,999400.0
2022-09-14,124.35723213320786,125.05341018521317,123.47361524302912,124.098388671875,745100.0
2022-09-15,124.17870752325724,124.6160420439809,122.75064252655687,124.19654846191406,568700.0
2022-09-16,124.3393814639015,125.16051422737362,123.29511435321284,123.95559692382812,1917100.0
2022-09-19,124.0091484446062,125.1069656324744,123.8395641596835,124.91954040527344,426500.0
2022-09-20,124.16086296178229,124.99091610437814,123.2415506425674,124.2411880493164,468000.0
2022-09-21,124.88382189196504,127.40970417647333,124.79457633016492,125.41041564941406,590700.0
2022-09-22,125.803140215583,127.6774741497027,125.44613071338856,126.76708221435548,932800.0
2022-09-23,125.94593538240647,127.34721182183831,123.89309692671182,125.53536224365234,658500.0
2022-09-26,125.22298770682804,126.72244385515975,124.49110057321,124.5268096923828,700900.0
2022-09-27,124.81242091393636,125.27654415357532,121.67961968921188,121.91167449951172,791200.0
2022-09-28,122.35794308666505,124.982005097095,120.88526189421846,124.2233428955078,706200.0
2022-09-29,124.22334855881338,124.6250012832821,122.69711723437588,124.0626983642578,810000.0
2022-09-30,124.14301854957723,124.72317600694372,122.26869825872384,122.64356231689452,1147600.0
2022-10-03,123.6788968133665,124.97307313914057,122.85775053508536,124.5625,642300.0
2022-10-04,124.75887201922076,126.99021543581728,124.74101745855695,126.83848571777344,758400.0
2022-10-05,127.09731843115851,127.124093463239,124.95523415048044,126.07982635498048,663200.0
2022-10-06,125.92809447497966,125.9548695066012,122.55430430026996,123.24156188964844,585200.0
2022-10-07,123.21480297328984,123.51826245071648,122.17053574635138,122.80422973632812,641900.0
2022-10-10,123.60754380763852,126.57969581056358,123.60754380763852,126.1602020263672,589400.0
2022-10-11,126.30297779655264,128.4718510219039,125.9905978403202,126.25836181640624,744200.0
2022-10-12,126.57965721978952,127.49896962767949,125.5621515367242,125.79421997070312,712300.0
2022-10-13,124.6160520595505,127.8738213391556,124.08945832707104,127.04375457763672,533100.0
2022-10-14,127.19551683834992,128.052358848352,125.51755556478518,125.87456512451172,528600.0
2022-10-17,126.3475903444632,127.03484794589198,124.70532482069552,124.92845916748048,600100.0
2022-10-18,125.4015070910194,127.02593172713132,125.36581158671636,126.96344757080078,633400.0
2022-10-19,127.26690946243896,127.7935032799994,126.22264229880476,127.66854858398438,693500.0
2022-10-20,127.64179152770244,127.73997120404488,125.6514365826248,125.89242553710938,678200.0
2022-10-21,125.8031669394831,127.90955613557767,125.42830279683606,127.46328735351562,621300.0
2022-10-24,128.45397226527717,130.1230127320331,128.23975840094528,129.48931884765625,632000.0
2022-10-25,129.4000937007814,130.96203445571106,129.03416364581312,130.31048583984375,1011600.0
2022-10-26,130.98880233880337,132.44364286345376,130.0159397045838,131.7028350830078,829000.0
2022-10-27,132.49716613923232,134.98735295840268,132.47931157900166,132.7113800048828,916200.0
2022-10-28,132.56858586841793,135.72817605638892,132.024137481171,134.53216552734375,899100.0
2022-10-31,134.4696807861328,135.80848681478238,133.76456865104876,134.4696807861328,1451000.0
2022-11-01,134.24656719483391,134.96952038298545,132.988086064845,133.2647705078125,768000.0
2022-11-02,133.19336351509122,135.13016820059906,132.71139927120748,133.2201385498047,698400.0
2022-11-03,132.43473844102715,133.58610599607343,131.1494820695053,132.791748046875,781200.0
2022-11-04,133.40756508695395,134.6749665494535,132.1669386566943,133.32723999023438,634500.0
2022-11-07,133.47897433031716,134.72852127487164,132.9255918671228,133.22906494140625,467200.0
2022-11-08,133.32723105497448,135.2908104621959,132.98806251061336,133.6931610107422,554000.0
2022-11-09,133.9268305478097,135.50846168256643,132.55188665106644,132.66871643066406,552900.0
2022-11-10,133.7471124537801,133.78305269749436,126.98022687210364,131.0870819091797,1315400.0
2022-11-11,131.006180449106,131.006180449106,124.72456480467136,128.15744018554688,1207100.0
2022-11-14,129.13698807552808,129.8469346740787,127.27677550526538,127.29473876953124,873000.0
2022-11-15,127.27675723055728,127.56432025409242,125.6322137669364,126.24329376220705,919900.0
2022-11-16,127.29474612069616,130.34119250437882,127.29474612069616,129.0740966796875,818000.0
2022-11-17,128.50793538355418,130.21537799109657,128.28327116085566,129.89186096191406,623600.0
2022-11-18,131.0600968882859,132.25531200908014,129.990693163764,131.32969665527344,2064500.0
2022-11-21,129.12799068771986,134.07060281602062,126.08154485168195,133.1000518798828,1889300.0
2022-11-22,134.29529136813977,134.59184979513046,132.417101709615,134.1065673828125,978000.0
2022-11-23,134.3042733884097,134.7895558021282,133.25284644190808,134.32225036621094,776000.0
2022-11-25,134.52889919664275,135.93080139160156,134.35815223733655,135.93080139160156,319200.0
2022-11-28,136.07458963603128,136.91932908932668,135.52640852564252,136.2093963623047,795200.0
2022-11-29,135.9398407672155,136.38017389709665,135.12205965112642,136.1645050048828,621700.0
2022-11-30,135.69717807010443,138.44706570985662,134.96027290524813,138.40213012695312,1006200.0
2022-12-01,138.6986906423385,140.1095884351005,137.4585535521896,138.3392333984375,789700.0
2022-12-02,138.11455694014148,139.1300434470751,137.44056438330878,138.7975311279297,524500.0
2022-12-05,137.20689195185298,138.71664226764148,136.50594085565515,138.41110229492188,564800.0
2022-12-06,138.1864751459478,139.32775953430252,136.9013886504121,137.98876953125,634000.0
2022-12-07,139.0581823050032,140.49602520712298,138.60885382701258,139.9029083251953,570300.0
2022-12-08,139.55240489143387,140.8914084258687,138.71666067063558,139.73214721679688,637400.0
2022-12-09,139.57941084203142,139.92988652107417,138.78858829960984,139.00425720214844,843000.0
2022-12-12,139.38169185609314,140.4960176455897,138.58188775681222,140.17250061035156,726100.0
2022-12-13,140.2084330748649,140.39714331758609,138.0786072058273,138.71665954589844,1120900.0
2022-12-14,138.99522677661588,139.7500950953515,137.82697035243206,138.5458984375,782800.0
2022-12-15,138.3841637548165,140.30728873311557,137.29678300760523,138.267333984375,859300.0
2022-12-16,137.69218218236222,140.18146510816132,137.26981243173307,139.58834838867188,1651000.0
2022-12-19,139.6782277053665,141.3048081233647,138.90539597777715,140.02871704101562,663900.0
2022-12-20,138.6177996022163,140.15450863288916,138.33921821191274,139.57037353515625,915000.0
2022-12-21,139.88491680067858,142.4191217741507,139.88491680067858,141.93385314941406,607000.0
2022-12-22,141.34972404525286,142.62582878629428,141.06216099562593,142.48204040527344,599000.0
2022-12-23,142.66178488782722,143.4166534034979,142.311309240379,143.2818603515625,392000.0
2022-12-27,143.42562329983983,144.2613674983814,142.76959399704683,143.67724609375,526200.0
2022-12-28,144.08163785992656,144.08163785992656,142.28432436632664,142.33824157714844,407400.0
2022-12-29,142.77858931618414,142.91338234417952,141.718167217103,142.4910125732422,405700.0
2022-12-30,142.86846050685185,143.12907866926412,141.1789949730032,142.4011688232422,517900.0
2023-01-03,142.09560071047264,142.9942574591347,140.9812751180765,142.87744140625,694200.0
2023-01-04,142.3023119407483,142.8594747772946,141.430613734427,142.1585235595703,636900.0
2023-01-05,142.338251151735,143.60536054093615,141.861964140886,143.23690795898438,641800.0
2023-01-06,144.49502483604724,146.5439750121536,144.279355974026,146.11260986328125,578600.0
2023-01-09,145.3757024008783,146.44510609877784,144.00974033791655,144.08163452148438,693500.0
2023-01-10,144.54893178996716,144.80953619249223,142.7516184383352,142.90438842773438,428200.0
2023-01-11,143.45257786269266,144.0187222768287,141.14302349003052,141.8799285888672,600100.0
2023-01-12,142.05966771031746,142.57189495269182,139.3187617447973,139.60633850097656,623200.0
2023-01-13,139.34571441877785,140.34322396663055,138.28530602844796,138.77955627441406,605400.0
2023-01-17,139.0041954570886,139.929824364854,138.67169690509098,139.71414184570312,771900.0
2023-01-18,139.7051706430669,139.7051706430669,134.51991786626076,134.9602508544922,939600.0
2023-01-19,135.35569316220122,136.06563976735657,134.7715716825704,134.85244750976562,630500.0
2023-01-20,134.8794358447571,135.03220590059988,132.5339403522649,133.8369903564453,680300.0
2023-01-23,133.67520558816744,134.3581798533585,132.4620133634096,132.7316131591797,593800.0
2023-01-24,132.70465678612294,134.69069447891982,131.99472390063826,134.43907165527344,877800.0
2023-01-25,134.6906648141163,136.9193294951695,133.4505142332695,134.9153289794922,915400.0
2023-01-26,134.43907091261536,135.0771096003314,132.5698630098427,134.87042236328125,729400.0
2023-01-27,135.09507921845747,135.17595503997424,133.98973518715096,134.81649780273438,572200.0
2023-01-30,135.17595176608754,137.4405707006119,135.17595176608754,136.2363739013672,755900.0
2023-01-31,136.64078090176395,137.6832261701509,135.40063002342717,137.3147735595703,3991300.0
2023-02-01,137.04518941296104,138.6807516980793,136.40713692386987,136.66775512695312,958100.0
2023-02-02,135.42756151295268,136.11054937870543,133.97174205159635,134.66371154785156,1032800.0
2023-02-03,134.49299448367643,135.02319876187804,132.10256384689566,134.77157592773438,927600.0
2023-02-06,134.9153358618325,136.77554811558397,134.78052912828272,136.26332092285156,728200.0
2023-02-07,134.7985076904297,134.90634210860978,133.14498262040627,134.7985076904297,721000.0
2023-02-08,134.331244990288,134.99625610908393,133.63928897080885,133.80104064941406,787400.0
2023-02-09,133.8010057923417,134.18104352339924,130.98690405824712,132.1813201904297,1019500.0
2023-02-10,133.23999621014815,135.10399666447717,132.9504357709894,134.76014709472656,796300.0
2023-02-13,134.71492180075342,135.72835577227903,134.19010383492702,135.23068237304688,842700.0
2023-02-14,135.57454315065144,135.8821908021171,132.6156608846053,133.04998779296875,1278500.0
2023-02-15,133.12238420253624,133.44813285095208,130.7154782077458,132.75140380859375,1532200.0
2023-02-16,132.2084697066621,133.57479687236128,132.2084697066621,133.21286010742188,1595600.0
2023-02-17,133.75579755244323,135.93648964421962,133.28526864737336,135.67408752441406,842800.0
2023-02-21,136.05411166067856,136.70560890781692,134.57919236410098,135.72836303710938,899000.0
2023-02-22,136.397948172942,136.74178393753706,133.6743237796127,135.04066467285156,1180500.0
2023-02-23,135.0858964105865,135.59262718183507,134.03627433050457,135.04066467285156,695100.0
2023-02-24,135.28498665973535,135.28498665973535,134.04533862306755,134.46157836914062,771000.0
2023-02-27,134.6787325792046,135.0316257853108,133.24905877300407,133.9729461669922,1410700.0
2023-02-28,133.90961341631117,135.50215463718513,132.77854367810426,133.81912231445312,1906800.0
2023-03-01,132.95043345082314,133.37571670903972,129.5572247780321,131.43028259277344,1343400.0
2023-03-02,132.18133165149845,134.70587315777718,131.9732186917558,134.4525146484375,1470000.0
2023-03-03,134.4706339063532,136.80516375142818,133.49338789164705,136.4522705078125,1314900.0
2023-03-06,136.3889086649564,136.87753852098572,135.3573736218989,136.1446075439453,1116200.0
2023-03-07,136.31651944492367,136.69657102745623,135.23975265109354,135.61073303222656,911000.0
2023-03-08,136.135550966133,136.37986589561302,135.32118627720445,136.1717529296875,660600.0
2023-03-09,136.87754499825832,137.12184613083014,133.8643734335012,134.26251220703125,700800.0
2023-03-10,134.46158643565468,135.52930972402032,133.5567305748683,133.81008911132812,814300.0
2023-03-13,133.63814603870082,138.1352801572296,133.1133280542746,135.6469268798828,909700.0
2023-03-14,135.77361111169157,137.2575740228868,135.393573344959,137.1399383544922,972300.0
2023-03-15,136.77800795302846,139.22111588576792,136.01793238408803,138.94061279296875,1163500.0
2023-03-16,139.1939585244959,139.35682592844304,137.74618383450866,139.1758575439453,908700.0
2023-03-17,139.55590725692016,139.55590725692016,136.94087452679662,137.42950439453125,1631700.0
2023-03-20,138.17145281301174,140.70505135442738,138.09001911947726,139.76400756835938,1364400.0
2023-03-21,140.25264776277203,140.46981812337762,138.23482321253317,139.44732666015625,756100.0
2023-03-22,139.4382724006964,140.27073800879873,137.43853517830735,137.51092529296875,770900.0
2023-03-23,137.02229301228138,138.56055875898207,136.56082157247258,136.7146453857422,840200.0
2023-03-24,137.37522085606187,140.0807309929937,136.9137355391638,139.97215270996094,962200.0
2023-03-27,141.5827725631546,142.5057292436341,141.1032001464452,141.41989135742188,808400.0
2023-03-28,141.98997166709924,143.03960771756178,141.09415944708317,141.57374572753906,588600.0
2023-03-29,141.8542376495399,143.01245188747492,141.3656078200031,142.578125,657500.0
2023-03-30,142.1618982395478,142.97626295364097,140.76842635372074,142.5509796142578,1033700.0
2023-03-31,143.2386788526995,143.46489280736043,141.646123775404,142.39715576171875,994800.0
2023-04-03,142.88576387439548,143.5372610691571,141.96280721398284,142.64144897460938,692700.0
2023-04-04,143.03956940222616,143.22958133899616,140.72314136445735,140.92221069335938,886000.0
2023-04-05,141.09413332607622,142.97623471422625,141.09413332607622,142.32473754882812,778500.0
2023-04-06,142.88576375585097,143.2115123529615,141.14844250692863,141.61895751953125,796400.0
2023-04-10,141.49228542097856,141.74564391963497,140.03546715020295,140.94032287597656,482500.0
2023-04-11,141.01271459389372,142.05330697456426,140.59648868722772,140.84078979492188,593200.0
2023-04-12,140.09882477908283,140.81365478400227,139.03108775842657,139.6282958984375,896300.0
2023-04-13,138.84106938976467,139.72782416455607,137.91811265281672,139.1577606201172,621400.0
2023-04-14,138.5515425934066,139.13970726186838,136.96804463578914,137.8819580078125,717400.0
2023-04-17,138.5334151865545,138.9043955355719,137.76428230768434,138.78677368164062,698900.0
2023-04-18,138.25290464780724,139.29349704963016,137.23042703403735,138.08099365234375,715500.0
2023-04-19,138.8501241461609,138.86822512869523,137.17614914734622,137.69190979003906,686500.0
2023-04-20,138.18051301646787,138.18051301646787,136.8594176863651,137.3661346435547,553600.0
2023-04-21,138.22575836187568,138.85916842772335,136.02696553324253,136.8503875732422,710300.0
2023-04-24,136.90464877952203,137.2846864572994,136.4703219773479,137.23944091796875,650100.0
2023-04-25,137.61948565528476,140.18927225988887,137.37518458296734,139.65541076660156,696100.0
2023-04-26,138.9587049012247,139.55589920611,137.8909679308482,138.38864135742188,659800.0
2023-04-27,138.15336696362573,139.2211039103445,137.51997071065838,139.2030029296875,617800.0
2023-04-28,138.94963242782612,139.890690042675,138.5514937297748,139.71876525878906,910600.0
2023-05-01,139.754968175094,143.57346055418975,139.754968175094,142.09854125976562,1274800.0
2023-05-02,141.92664771733698,144.04400712431388,141.15751471053537,143.60968017578125,1183700.0
2023-05-03,143.89016231103875,144.7045269467119,141.89948246283566,142.14378356933594,954600.0
2023-05-04,142.15282094001265,143.09386469328305,141.4108327172219,142.44236755371094,760800.0
2023-05-05,141.9809202482845,143.68203968392524,141.55563693762352,143.14817810058594,650500.0
2023-05-08,142.67764106583843,144.2792395310949,142.02615766009248,142.16188049316406,819400.0
2023-05-09,142.40619949846013,143.27485326912475,141.82709238234946,142.297607421875,900600.0
2023-05-10,142.81336181203696,144.2068333688327,142.58714791075838,143.31103515625,781800.0
2023-05-11,143.52052032856656,143.9940991437894,142.6462359428472,143.33837890625,780500.0
2023-05-12,143.24731215446445,144.1580332318942,143.24731215446445,144.03053283691406,757100.0
2023-05-15,144.2308678346672,144.44034365200915,141.32566587277867,141.62620544433594,887500.0
2023-05-16,141.22552217230793,141.78104868113024,139.71372186975694,141.07980346679688,815900.0
2023-05-17,140.95231560584656,141.24373914627893,139.85945301034698,140.89767456054688,729300.0
2023-05-18,140.0051534880928,140.0051534880928,137.5462092503918,138.32032775878906,936300.0
2023-05-19,138.16548363499527,139.13994784080424,137.4733268082347,138.32940673828125,770300.0
2023-05-22,138.42958339437564,138.85762334948603,136.10724220944655,136.30760192871094,761800.0
2023-05-23,136.40780025397223,136.7174420814796,134.9324365728486,136.0617218017578,986100.0
2023-05-24,136.28938900212555,136.80850663067855,135.24206543446513,135.2784881591797,828200.0
2023-05-25,134.78671423249284,135.0052922853397,133.50259422795563,133.9852752685547,872900.0
2023-05-26,133.49351433541554,134.3860172148579,132.79225512474525,133.4752960205078,1161800.0
2023-05-30,132.19118007274577,133.4479798084401,131.38063873944364,132.33689880371094,1097100.0
2023-05-31,132.91974827624065,133.63010965731473,132.26402794040268,133.5026092529297,3394800.0
2023-06-01,133.9397473045928,134.41331223030085,131.46258501435085,131.96347045898438,971500.0
2023-06-02,131.50808093409503,135.72472278028965,131.4261193954015,135.67918395996094,1045500.0
2023-06-05,136.7356395075968,137.6918992608317,135.15098009090758,135.66099548339844,1183300.0
2023-06-06,139.28567243887343,142.09979700331917,131.48078677191265,133.1747283935547,1799800.0
2023-06-07,132.0636350837041,135.80669860594762,130.01451302181528,135.1782989501953,1362900.0
2023-06-08,135.22386140966768,137.56442124420388,134.6136799566156,137.52798461914062,1189400.0
2023-06-09,137.291196045771,140.1144368132725,137.06351578698863,139.85943603515625,1028800.0
2023-06-12,139.4860217941735,139.4860217941735,137.127257906763,137.5917205810547,989600.0
2023-06-13,136.2711721645154,137.91957476343032,135.13277104410474,137.7283172607422,708300.0
2023-06-14,137.81937656067743,139.57706098626676,137.2273997189767,138.84849548339844,613000.0
2023-06-15,139.18549449511096,140.3785368022217,138.6754929497659,139.2310333251953,617900.0
2023-06-16,139.35852188293518,140.56066629542616,139.1490460616272,139.43138122558594,1065100.0
2023-06-20,139.77746423883946,140.21462035262277,137.7829828962673,137.82852172851562,623200.0
2023-06-21,137.90137632240058,138.90317501129368,137.07261685217992,138.8758544921875,858400.0
2023-06-22,139.722788026826,139.722788026826,137.83760313550076,138.44778442382812,598600.0
2023-06-23,139.06708835277803,139.28566638676654,136.7720676336454,136.8995819091797,739100.0
2023-06-26,136.81761244970056,138.2838738210339,135.20564627916306,138.19281005859375,713600.0
2023-06-27,138.25652275986775,138.88492233683124,136.96330088831095,137.3184814453125,613300.0
2023-06-28,135.2511543372905,135.2602704399469,131.28952680468134,132.19113159179688,1643500.0
2023-06-29,131.7995467152454,133.68473199458853,131.22578802755407,133.30223083496094,795500.0
2023-06-30,133.87597891276036,134.73205882448585,133.5025799901569,134.4861602783203,645800.0
2023-07-03,133.84866892070744,137.14547455390186,133.61188645913265,136.9633331298828,464800.0
2023-07-05,136.2438545526622,136.926895239464,135.22383767741934,136.05259704589844,1074500.0
2023-07-06,135.72477706350537,136.57175499157862,134.9597746034087,135.24209594726562,827600.0
2023-07-07,135.5334990816781,135.60634452909895,134.24937920102704,134.52259826660156,654600.0
2023-07-10,134.7320695022235,135.34225091614132,133.0290256470126,133.30223083496094,848700.0
2023-07-11,133.27492479625437,134.6592247837607,133.27492479625437,134.60458374023438,727300.0
2023-07-12,134.26758333964094,134.85045808980558,133.24758031985058,134.0763397216797,1256200.0
2023-07-13,133.866891213275,134.65921407439657,132.7193738044779,134.43153381347656,733700.0
2023-07-14,135.761184170589,135.761184170589,133.37508573558864,134.83224487304688,783900.0
2023-07-17,134.24028126306925,136.0617234180444,133.79403682886087,135.22386169433594,838100.0
2023-07-18,135.6610068108771,136.25296990461794,133.93062856613523,134.53170776367188,739500.0
2023-07-19,135.02349785411613,136.53529813209548,135.02349785411613,136.32583618164062,613000.0
2023-07-20,137.01798233297274,138.8940655155232,136.30762100941482,138.8667449951172,677700.0
2023-07-21,138.88495052655412,139.52245243819578,138.19280757912878,138.52976989746094,714900.0
2023-07-24,138.72104311603613,140.19640683513572,138.62086324026387,139.45872497558594,664600.0
2023-07-25,139.7137150431839,139.8320993261892,138.32031299400643,139.3220977783203,548000.0
2023-07-26,138.94869375186883,139.83208023607602,138.12903660769487,138.6390380859375,507900.0
2023-07-27,138.34762560231664,139.16726891502526,136.2620668032816,136.9542236328125,819400.0
2023-07-28,137.60082938500244,138.03798546041165,136.99975020368927,137.509765625,545200.0
2023-07-31,137.50975944004418,137.8285034304651,136.5443835726443,137.20010375976562,1392600.0
2023-08-01,137.98332512937787,138.01976174915256,135.7884982171614,136.30760192871094,572200.0
2023-08-02,136.72657099511025,139.3403362544404,136.6354933213105,138.20193481445312,593400.0
2023-08-03,138.01975258906046,138.4204720009943,136.38045222046645,136.65367126464844,454500.0
2023-08-04,136.59904634459664,137.68279265004773,135.67010704342482,135.8340301513672,448900.0
2023-08-07,135.9068901776057,136.6810085818688,135.56082564916414,135.81582641601562,549300.0
2023-08-08,136.33493628397972,136.33493628397972,133.10187382749436,133.41152954101562,906500.0
2023-08-09,133.35686810914103,135.5790295517429,133.32044538394243,134.92330932617188,707200.0
2023-08-10,135.03260157233024,135.87046319379604,133.90330257131157,134.16741943359375,464100.0
2023-08-11,134.44975030905778,135.12367497851665,134.01259420851676,134.7502899169922,556900.0
2023-08-14,135.33311454818988,136.1163349811093,133.4205953363064,133.5116729736328,783500.0
2023-08-15,132.98347594346237,133.4843752412448,131.61739452941865,131.69935607910156,570000.0
2023-08-16,132.02721629921342,132.10007564227786,130.65203267718155,130.82505798339844,586600.0
2023-08-17,130.88012934309313,131.18290315437864,128.6873256793643,129.2561798095703,917700.0
2023-08-18,129.25615739824372,130.9993849793612,129.25615739824372,130.32962036132812,1108900.0
2023-08-21,129.8983987743308,130.03601684699117,127.32025088126412,128.20103454589844,876300.0
2023-08-22,127.83405244115168,128.4396000019401,126.94408484418214,128.14599609375,871400.0
2023-08-23,128.2744134478124,128.91665434273406,127.70557351228204,128.01751708984375,766400.0
2023-08-24,128.01754299897348,129.52222797151978,127.80652394789198,129.10935974121094,1049900.0
2023-08-25,129.85257243521414,131.09119157502005,129.34794930418917,130.37554931640625,1024100.0
2023-08-28,130.85258474617652,131.815953264041,130.83424500283726,131.10031127929688,1376800.0
2023-08-29,133.80691166300096,135.31159665318464,131.3572118679961,133.89866638183594,2078800.0
2023-08-30,133.81609523310848,134.21977959558058,131.59575424058727,132.00863647460938,1068100.0
2023-08-31,132.52242573364086,133.24723759200455,131.0452644022224,132.99034118652344,1403300.0
2023-09-01,133.6417830771909,133.90784938822233,130.57736556486932,130.73333740234375,762200.0
2023-09-05,130.46725302819556,132.3481128917834,130.3204510681543,131.21041870117188,937800.0
2023-09-06,131.59575318138587,131.8893570787891,129.0910061808087,129.48553466796875,1029100.0
2023-09-07,130.03602387814635,130.50395335010086,128.0358997817128,128.76071166992188,1468100.0
2023-09-08,129.05431675055885,129.92593059869313,128.49464655336868,129.89840698242188,967800.0
2023-09-11,120.35649962246904,122.3749916422042,118.3563753481208,120.79690551757812,5051100.0
2023-09-12,121.11800136862098,121.2005862117654,118.39305153995252,119.14540100097656,3418000.0
2023-09-13,119.67755423166786,120.38402637480856,117.76917085786476,117.81504821777344,2056000.0
2023-09-14,117.43886958022284,117.87926142120348,115.83326003518071,116.90672302246094,2411200.0
2023-09-15,116.28283200363944,116.88837955182026,115.83326327841267,116.36540985107422,2859900.0
2023-09-18,116.97095859568932,116.97095859568932,114.89743339124098,116.31036376953124,1113100.0
2023-09-19,116.27366001898592,117.16362058135373,115.75069032774198,116.85167694091795,1599900.0
2023-09-20,117.41134004547092,118.63160491815576,116.4479715670562,117.67740631103516,1120300.0
2023-09-21,117.4388740201958,119.03531375383756,117.07187613890224,118.07194519042967,1319200.0
2023-09-22,117.71411868093864,118.08110954518216,116.07180866381128,116.14520263671876,749500.0
2023-09-25,115.6589465621498,116.75994027948435,115.47545110921212,116.0626449584961,707200.0
2023-09-26,115.94336533191682,118.03523714564766,115.6038910683386,117.81504821777344,1635500.0
2023-09-27,117.63155000107557,118.04441823089805,114.24599831698129,115.09009552001952,1371900.0
2023-09-28,115.63141091434004,116.00758565360016,113.97075413834324,114.32857513427734,1009900.0
2023-09-29,113.9982794291269,114.47537176408458,112.52111806526436,112.7688446044922,1380100.0
2023-10-02,112.60369426723985,112.95233839154434,110.6677873403841,111.4384765625,1115800.0
2023-10-03,110.75953293204309,111.7504250556662,110.03471408235036,110.47511291503906,1040400.0
2023-10-04,110.22739128341652,110.68613687956856,109.00712631767558,110.39253997802734,1090200.0
2023-10-05,109.9980251269888,110.50264811318593,106.86020673982492,106.92443084716795,1252400.0
2023-10-06,106.52072110368172,106.87854209215146,102.49293551560258,105.51148223876952,1834200.0
2023-10-09,105.50231142858858,106.56660458357372,104.59399709797358,105.37386322021484,1263200.0
2023-10-10,106.39228057861328,106.83267944229692,105.05274424310004,106.39228057861328,1364600.0
2023-10-11,106.71339413456286,107.16296984101729,104.64903903317264,105.26376342773438,982300.0
2023-10-12,105.10780211151534,105.2729508271196,101.3736127641499,102.32780456542967,1791200.0
2023-10-13,101.8415273521644,103.97928361529908,101.39195860580776,103.96092987060548,1082200.0
2023-10-16,104.64904391651396,104.67656753249922,102.84158513452478,103.41960906982422,1359100.0
2023-10-17,103.24528212580132,104.5664716747004,102.82323701988128,104.53894805908205,1021900.0
2023-10-18,104.7499644186909,106.30970359601442,104.4471906548696,105.337158203125,999500.0
2023-10-19,105.04356569158212,105.465610804251,103.32786162484824,104.42884826660156,1104000.0
2023-10-20,104.93346451616698,105.25458501614877,103.1902299449635,103.42877960205078,1135000.0
2023-10-23,103.30951324260695,104.37380645145372,102.64891842330935,102.7773666381836,1243600.0
2023-10-24,102.93334138184798,103.99762754851768,102.63056760171256,103.24528503417967,1165500.0
2023-10-25,103.38290830667884,105.59405845040293,103.1535355075426,105.05274200439452,1786900.0
2023-10-26,104.90593645483555,105.318811679061,103.52969970722158,103.70402526855467,1823100.0
2023-10-27,103.44712829589844,104.40131994234108,102.89663499984746,103.44712829589844,1274000.0
2023-10-30,103.32786569944678,104.37380515032838,102.92416731493014,104.27288055419922,1117100.0
2023-10-31,104.62152253194364,104.97934354718824,103.63063033592668,104.44719696044922,1540500.0
2023-11-01,104.73162873183628,104.9243010564532,103.50218680345328,103.6673355102539,1179500.0
2023-11-02,103.95176083465256,105.43809217127443,103.2819891459988,104.6582260131836,1290900.0
2023-11-03,105.36468550840604,105.56653469135662,103.97010197150566,104.10772705078124,1124600.0
2023-11-06,103.9701000785936,104.58481748827693,103.19941084852532,103.52970123291016,2214300.0
2023-11-07,102.75900132097834,102.75900132097834,100.59372180457989,101.0524673461914,1716700.0
2023-11-08,101.3552553999269,101.38277901632704,98.47433355167234,99.41017150878906,1730500.0
2023-11-09,99.55697625723892,100.5203378577962,98.76793323207625,100.12581634521484,1251100.0
2023-11-10,100.03407104732564,100.2267433721097,98.88720697129942,99.76799774169922,932100.0
2023-11-13,99.42852368448406,100.63043491434571,99.08904942113202,99.27254486083984,1063400.0
2023-11-14,100.31848070584589,102.2727413688832,99.67623968976449,102.00666809082033,1564000.0
2023-11-15,102.00666448034792,102.84157777170245,101.6580203696584,102.6672592163086,1345500.0
2023-11-16,102.49127171136782,103.76025083348804,102.11149949124652,103.0655517578125,1455400.0
2023-11-17,103.70468605239932,103.75100215481632,102.00036089949768,103.45459747314452,1389100.0
2023-11-20,102.71357302028365,104.26969922615932,102.38011689996424,103.98255920410156,1385700.0
2023-11-21,104.17707780845468,104.34380587455512,103.09334891222407,103.917724609375,1365300.0
2023-11-22,104.39938128614608,105.0848157618638,103.63057924256222,104.95513916015624,1305700.0
2023-11-24,104.99219375688128,105.5386940805198,104.64021540844706,104.9180908203125,462000.0
2023-11-27,104.99218591827884,104.99218591827884,102.44495596537163,102.90808868408205,1622000.0
2023-11-28,102.90809277648388,103.10260767805627,101.46312089803467,101.50942993164062,1181800.0
2023-11-29,101.20375906689311,101.44458298153788,100.22191294244344,100.57389831542967,1970300.0
2023-11-30,100.66653279770888,101.7687909819267,99.80510561736315,101.6391143798828,2081600.0
2023-12-01,101.75025424530426,103.3249096881395,101.4631142285498,103.2044906616211,1443900.0
2023-12-04,103.3341688119875,105.32564089412442,103.27859514773766,104.14002227783205,2329900.0
2023-12-05,107.29858499256255,109.65130005412848,106.05739269718735,107.55794525146484,3196100.0
2023-12-06,107.08555086021336,110.37379608420729,106.13149856297224,108.9843978881836,2338600.0
2023-12-07,109.29931994653752,113.11553603449754,108.50273111717284,112.1336898803711,2859400.0
2023-12-08,112.12443533098856,112.6060902546394,110.40158103199452,110.53125762939452,1515700.0
2023-12-11,111.15186149691355,112.55052439946635,110.89250828411598,112.541259765625,1652800.0
2023-12-12,112.77283257955152,115.89435007879526,112.1985453849794,115.49605560302734,2455200.0
2023-12-13,115.03290204778033,117.61718335641864,114.3845120290244,117.3948745727539,1952000.0
2023-12-14,118.0525218388586,118.49713233814438,115.71833615142968,116.11663055419922,2269500.0
2023-12-15,115.8387613815774,116.08885702447036,113.88434060763664,114.4771499633789,2497200.0
2023-12-18,114.48640485437156,115.29225831633954,113.35635990776512,114.77355194091795,1093600.0
2023-12-19,114.41231270701904,115.50530629169565,114.1437019278928,115.15332794189452,1033400.0
2023-12-20,113.62498546689147,114.78281732434375,112.49494044332292,113.31005859375,1252700.0
2023-12-21,113.56941061067974,114.79208075668092,113.0229103049218,114.5419921875,896200.0
2023-12-22,115.22741882483814,116.40377279028652,114.4956683003292,115.56087493896484,700500.0
2023-12-26,115.56087641486192,116.44082574197428,114.921751010149,116.05179595947266,649600.0
2023-12-27,116.05181414488948,116.14443928854558,115.34785033278126,115.88508605957033,897800.0
2023-12-28,115.52382951214013,116.80207330520236,115.52382951214013,116.50566864013672,687700.0
2023-12-29,116.3111742486946,117.12628545463092,116.13518151855374,117.06144714355467,713700.0
2024-01-02,117.05217387951728,120.25705166424628,116.71871773388352,120.01622772216795,1153900.0
2024-01-03,120.7294271219911,121.6834793396887,120.05325734706784,120.21997833251952,1229200.0
2024-01-04,119.95137399678858,120.36819061637168,118.70091000435036,119.15478515625,1255400.0
2024-01-05,118.99731572212283,120.79427283917862,118.25630058377048,118.65460205078124,801800.0
2024-01-08,118.38598746476872,119.7105544364483,118.38598746476872,119.50677490234376,854700.0
2024-01-09,119.19183651489968,121.68349294534892,118.4230415287059,121.5353012084961,1360700.0
2024-01-10,121.09995983727636,121.63719553786642,119.85875329206262,119.95138549804688,1089800.0
2024-01-11,119.50678436194724,120.50715284482062,117.53383423180604,117.80245208740234,1081200.0
2024-01-12,118.45083280335068,120.07180453908832,118.13590591690864,119.95138549804688,1387300.0
2024-01-16,119.80316862503936,120.07179351752204,118.54345412805716,118.7101821899414,1682400.0
2024-01-17,118.54346244319264,121.13700161717055,118.24705776425674,121.10921478271484,1317700.0
2024-01-18,120.57196729840555,120.88689414722153,119.04363501809564,119.76612091064452,1144600.0
2024-01-19,119.9791617239315,120.31261784882253,117.98768960773354,119.67349243164062,1041800.0
2024-01-22,119.21963894836315,119.61792632994216,118.01549096935727,119.25668334960938,905100.0
2024-01-23,119.94211533531592,121.62791106441296,118.38598206707604,121.56307983398438,1479700.0
2024-01-24,121.38710404328955,121.98917100172292,119.78466858748656,120.17369842529295,1294500.0
2024-01-25,120.6645935557524,121.99841794826688,120.09957111541466,121.85021209716795,844000.0
2024-01-26,122.36893398307993,122.94321406191146,121.44266849660852,121.97990417480467,1392600.0
2024-01-29,122.23925346276552,122.26704029577398,120.48861231478725,121.88726806640624,1478500.0
2024-01-30,121.78538720426856,123.22110159398684,121.01658512288796,123.1377410888672,927100.0
2024-01-31,123.35075747190284,123.6193823437306,121.4611823382992,121.85021209716795,1518000.0
2024-02-01,123.1655100952618,124.40670232634363,121.78536957540354,123.87873840332033,996600.0
2024-02-02,124.1195607216453,124.69384073354736,122.77647874952928,122.91541290283205,940800.0
2024-02-05,122.44304477413893,122.69314042896576,119.67350570376418,119.68277740478516,947300.0
2024-02-06,119.4048768160449,123.4619096812592,119.3307738875617,122.46155548095705,1533900.0
2024-02-07,123.06363627165727,123.9806442150412,121.64645117150307,121.9150619506836,1153700.0
2024-02-08,122.1003172491465,123.40634077969897,121.09994887655871,121.42413330078124,888300.0
2024-02-09,120.81279611814868,120.81279611814868,118.25630855879996,118.46935272216795,914300.0
2024-02-12,118.1822189979928,120.34041944134256,117.9784465116504,120.17369842529295,827000.0
2024-02-13,119.94211801727327,121.14625179340094,117.32078510191266,118.20999908447266,1334300.0
2024-02-14,117.65423435681804,118.51566150804476,115.1903719344258,116.0147476196289,1251100.0
2024-02-15,116.5285393974002,117.80835679168923,115.69712741474508,116.22026824951172,1412200.0
2024-02-16,115.71582157813928,116.70604104729064,114.57613125401124,115.92133331298828,1747800.0
2024-02-20,116.01475334381009,118.61174880508634,115.93067420813668,117.59349822998048,1127900.0
2024-02-21,117.42535998408404,117.90178946613229,116.01476608715494,117.78034973144533,1266500.0
2024-02-22,116.79946210299428,116.79946210299428,113.77274842309464,116.1081771850586,1484800.0
2024-02-23,115.96805048909012,118.77990872513703,115.38886158807104,117.63087463378906,1149100.0
2024-02-26,117.43469237790308,118.45294296672704,116.45381662958188,117.00497436523438,1426800.0
2024-02-27,116.40710664326814,118.49030501577586,111.79229733263394,114.56678771972656,3384500.0
2024-02-28,117.94849190029416,117.94849190029416,112.25938393692614,113.81011199951172,2924300.0
2024-02-29,114.17443076548156,114.42665390999808,112.09122538714716,112.2593765258789,2686800.0
2024-03-01,112.72646267591718,115.47292891033514,111.82031526512418,114.4733657836914,1779300.0
2024-03-04,113.7727416364442,114.36126708357436,112.67041904146528,113.93154907226562,1156500.0
2024-03-05,114.48271284585104,115.06189457738334,112.88527341122732,113.03474426269533,984300.0
2024-03-06,113.26828781887184,113.90352468718996,112.06320579836417,112.3434600830078,1456900.0
2024-03-07,112.69844319303068,112.69844319303068,109.73712140612469,109.8025131225586,1544000.0
2024-03-08,109.48488436222884,112.47423709485628,109.2420049317087,111.68952941894533,1190100.0
2024-03-11,111.8483453026818,114.12771868127476,111.8483453026818,113.5765609741211,926900.0
2024-03-12,113.10013337292716,114.72558964580227,112.81987909646212,114.64151763916016,1362900.0
2024-03-13,114.893737639613,116.07079559050236,114.84703334625614,115.58502960205078,1264200.0
2024-03-14,115.18333657908144,115.43555972136704,112.8198769480447,113.70734405517578,1175500.0
2024-03-15,112.86657996427545,114.55742779326212,112.60501313185335,114.03429412841795,1908400.0
2024-03-18,113.85681646551842,115.49161654186211,113.1935555755185,114.60415649414062,1228700.0
2024-03-19,114.94980370198684,116.93024268228795,114.94980370198684,116.72472381591795,801000.0
2024-03-20,117.16377818933032,119.1909284671918,114.8470370509636,115.30477905273438,998400.0
2024-03-21,115.08991226427412,116.26697020992071,114.39862743207756,115.7812042236328,673400.0
2024-03-22,116.1922346507106,116.64998376229688,115.491606109849,116.27631378173828,661000.0
2024-03-25,116.67800933573795,116.7714250503458,114.15574227835316,115.49160766601562,1232100.0
2024-03-26,115.86527851892558,115.86527851892558,114.97781853276469,115.1646499633789,890900.0
2024-03-27,115.65975994824672,117.5187661850098,115.65975994824672,117.44403076171876,761400.0
2024-03-28,117.9765024842718,118.77989042795772,117.30389796144996,117.58415222167967,1267500.0
2024-04-01,117.47205488894438,117.47205488894438,115.84659863002288,116.51920318603516,840800.0
2024-04-02,116.57524897921944,116.57524897921944,114.4920436370302,114.9591293334961,1307400.0
2024-04-03,114.6602014753478,114.80967232799208,111.6334879809265,111.65216827392578,1903300.0
2024-04-04,112.5956787283609,112.83856529018108,110.71799220163376,110.97022247314452,1374700.0
2024-04-05,110.62457336436267,110.9421953404199,109.28870800279353,109.50357055664062,738300.0
2024-04-08,109.28870647177212,110.30695697018147,108.2704631005247,108.30783081054688,1444700.0
2024-04-09,108.42928152154784,109.98000957254207,108.02758750701486,109.64370727539062,982600.0
2024-04-10,108.41992751597748,108.77491719990756,106.05647507726452,106.0658187866211,1340600.0
2024-04-11,106.4768608632022,107.0373622859567,104.53378261230176,104.66456604003906,1156700.0
2024-04-12,104.64588849254017,104.87943136798314,102.30112315464991,102.39453887939452,1066500.0
2024-04-15,102.85227062493762,103.6930263178118,102.17966607063828,102.94568634033205,1371600.0
2024-04-16,103.31001133481288,103.5809218951017,102.46926277955494,102.74017333984376,1400600.0
2024-04-17,103.17922718621348,103.56224087719424,102.3945266395632,102.572021484375,1222100.0
2024-04-18,103.16989617304914,104.22550733507184,102.74951474851224,103.78644561767578,1179600.0
2024-04-19,104.01998507155,107.40168814131653,103.92656935598828,107.20551300048828,1396800.0
2024-04-22,106.92525384252436,109.87723878413694,106.92525384252436,109.72776794433594,1313600.0
2024-04-23,109.48489484977662,110.25091518000175,108.14902934530517,109.95198059082033,1109900.0
2024-04-24,108.94307395335515,111.20376708727056,108.27981309805745,110.74602508544922,1336000.0
2024-04-25,111.39993956033146,112.00715239636529,107.3736631030357,107.59786224365234,1445500.0
2024-04-26,107.448401379656,108.2050851311662,106.12187957763672,106.12187957763672,1359500.0
2024-04-29,106.37410770968069,107.20551974667436,106.0097814070503,107.1027603149414,1511100.0
2024-04-30,106.9906543512006,107.42037236022216,106.35541748413335,107.28958892822266,1649500.0
2024-05-01,105.94439184144386,106.76646018484396,104.9635089284905,106.12187957763672,1254400.0
2024-05-02,106.738426863984,107.23353656890534,105.32782604506988,105.4212417602539,849900.0
2024-05-03,105.42124459680724,106.38344003070056,104.91679116864556,105.66413116455078,1031300.0
2024-05-06,106.02845246011616,106.09384417214164,104.24418168930902,105.34650421142578,1061200.0
2024-05-07,106.09385076216846,106.7290876300861,105.11296789369652,105.5053253173828,799400.0
2024-05-08,105.6921542787191,106.27134312703522,105.09428513788544,105.56137084960938,897300.0
2024-05-09,105.56136801948432,105.97240571547331,104.3562860602856,105.9443817138672,929900.0
2024-05-10,105.9350419775112,107.9248245649596,105.402564545537,107.74732971191406,851000.0
2024-05-13,107.98086657970092,109.29805164881414,107.98086657970092,108.4479522705078,1150000.0
2024-05-14,108.81228434219564,109.67172029230304,106.7197353412882,107.61653900146484,1035100.0
2024-05-15,107.78469236825433,108.1863863508762,106.58895412989024,106.76644897460938,1166700.0
2024-05-16,107.15304827840168,109.14260299929911,106.37042572690711,109.07659912109376,950900.0
2024-05-17,109.3783355258213,109.40662187536698,108.24683838069376,108.63343048095705,1879600.0
2024-05-20,108.55799670139106,108.79372587556632,107.66222871707848,107.78480529785156,844400.0
2024-05-21,107.6905030056256,107.8507970995798,105.63494454928448,105.6632308959961,1196500.0
2024-05-22,105.17292753435892,105.88011504559545,103.4096707498779,105.43694305419922,1432100.0
2024-05-23,105.2294966749178,105.2294966749178,103.64539641555848,104.0979995727539,1158200.0
2024-05-24,104.24886468800509,104.48459385540298,103.0796500319988,103.50395965576172,838500.0
2024-05-28,103.24936943914176,104.05084712386537,101.92928473812958,102.28759765625,981100.0
2024-05-29,101.82556433425492,102.02357596226771,100.25089529680808,101.3352508544922,1294000.0
2024-05-30,101.59926897394077,102.61762068183565,101.21266969461873,101.78784942626952,1246500.0
2024-05-31,102.30646168853454,105.42751365551533,101.8161481710964,105.26721954345705,4014700.0
2024-06-03,105.10692994800029,106.12528175168984,104.6637579300678,104.97492218017578,1545300.0
2024-06-04,104.76747410929742,105.76696349968395,103.62654577648854,105.32379150390624,1740200.0
2024-06-05,104.4940248335799,105.15406362345968,103.437955575889,104.03199768066406,1136600.0
2024-06-06,107.84136993571212,110.5475358683308,107.13418251322864,108.78428649902344,2323300.0
2024-06-07,108.31284352926858,110.8492845513059,108.01111047410906,108.41656494140624,1722100.0
2024-06-10,107.91681129745892,108.3505593014752,106.54958498712438,107.1153335571289,1484300.0
2024-06-11,106.61558386506653,107.0021831393266,105.05976997513436,106.52129364013672,1113300.0
2024-06-12,106.65330142174096,106.77587799479348,103.7019749367559,103.8434066772461,1071300.0
2024-06-13,103.79626591123424,104.96548053565547,102.62704409292994,104.62602996826172,1135600.0
2024-06-14,104.50346005484543,105.8801175797355,104.24886851613222,105.2106475830078,1098200.0
2024-06-17,104.88062213581368,106.11584064516514,104.13571711911158,105.7763900756836,1165600.0
2024-06-18,105.65381297754077,106.73816136446897,105.4275078030855,105.93668365478516,945000.0
2024-06-20,105.19178337831362,105.71039043410468,103.30595000290386,103.43795776367188,1022600.0
2024-06-21,103.85283549301104,105.04091244325554,102.41960540224402,102.49503326416016,2017800.0
2024-06-24,102.96650090229116,105.93668995010184,102.49504255165084,105.47466278076172,1411500.0
2024-06-25,104.19228869905729,104.53173926489968,101.89156979587712,101.9010009765625,1081800.0
2024-06-26,100.90151049624107,102.080156282639,99.6568608335602,101.54269409179688,1081600.0
2024-06-27,101.86328034666856,102.85334566588207,101.26924547147011,102.44789123535156,810800.0
2024-06-28,102.44789875135326,102.97592979026818,102.03301310998675,102.81563568115234,1522300.0
2024-07-01,103.16451431333526,105.0126300873614,102.872205259474,104.20172119140624,1419700.0
2024-07-02,104.89004999591155,105.07863764918908,103.52282368059556,104.33373260498048,1168900.0
2024-07-03,104.05085095656445,104.35258399700584,102.26873906241316,102.8910675048828,646200.0
2024-07-05,102.72134325648553,103.74911896296209,102.3441751536573,103.61711120605467,896100.0
2024-07-08,103.62654018905192,104.43744907507426,103.27765844240596,103.5793914794922,1687200.0
2024-07-09,103.12679290771484,103.71139660569716,102.20273145849345,103.12679290771484,761300.0
2024-07-10,103.14564807473114,103.79626284197766,102.42902943210328,103.12679290771484,840700.0
2024-07-11,104.09800476704343,105.83296803611717,103.29652701352823,104.79576110839844,1143300.0
2024-07-12,105.6821029733676,107.94510443884307,105.6821029733676,106.70045471191406,1097800.0
2024-07-15,107.42649046659768,110.07608385842462,106.9267458105902,109.73663330078124,1298700.0
2024-07-16,109.84980023972533,111.00959099554804,108.85031079709768,110.79271697998048,895300.0
2024-07-17,111.25473636130178,114.77181872095696,111.009583205635,114.3097915649414,1096100.0
2024-07-18,113.30086955212208,116.2710512821356,113.25372084147163,113.583740234375,795500.0
2024-07-19,113.73460554475766,113.73460554475766,110.73613039879665,111.25473022460938,1243000.0
2024-07-22,111.047284818366,112.0939228198924,109.20860032589138,109.59519958496094,667500.0
2024-07-23,109.32176261748468,109.63291965577496,107.85080769897424,108.52970886230467,797500.0
2024-07-24,108.72771902095892,110.66070107388433,107.8508062292543,110.11380767822266,843000.0
2024-07-25,110.61354412735346,112.7162513122472,109.1803140595813,109.43489837646484,731700.0
2024-07-26,109.3877626421195,111.63190168057984,109.3877626421195,111.44332122802734,755000.0
2024-07-29,110.99071566834048,112.12221994081612,110.27409701516088,111.3018798828125,874000.0
2024-07-30,110.13266868589167,112.81997972617124,110.13266868589167,112.16936492919922,1119800.0
2024-07-31,111.63190376345774,112.29194255358986,110.3306813512473,111.2170181274414,3586500.0
2024-08-01,111.452742340659,113.27257171700272,110.77384841264832,113.14056396484376,766900.0
2024-08-02,114.40407390085258,115.62043718977478,112.48995433553104,115.41299438476562,1723100.0
2024-08-05,116.4690585346441,117.21396353281098,112.77282708546508,113.9797592163086,1439600.0
2024-08-06,114.2626405419564,115.365851301787,112.0467878414578,112.12222290039062,881800.0
2024-08-07,112.1599313658542,114.4040775714468,111.33959849375807,112.65968322753906,1383400.0
2024-08-08,111.99020520917716,113.82889695777308,111.21701385874876,111.40560150146484,644500.0
2024-08-09,111.20759299706656,111.8770629612846,109.99122964442816,111.69790649414062,616400.0
2024-08-12,111.57532527546007,111.66961549860264,109.89693484432053,110.67955017089844,1730300.0
2024-08-13,110.67954823909464,112.19764454500664,110.18923477098149,111.58474731445312,900400.0
2024-08-14,112.0562087102599,113.44229730557674,111.66018545270737,112.87654876708984,664300.0
2024-08-15,113.36687668866584,113.80061750235852,112.06564705370435,112.66911315917967,754400.0
2024-08-16,112.59298911810664,113.5540158970962,111.87935149001682,113.04971313476562,929400.0
2024-08-19,113.34468950699248,115.62832413378484,113.34468950699248,115.06693267822266,880000.0
2024-08-20,114.93372559320149,116.21827193809622,114.93372559320149,115.6854248046875,641400.0
2024-08-21,116.0374781851162,117.2459086627589,114.67680878479658,115.10499572753906,624300.0
2024-08-22,115.5522128305399,115.66639021065454,114.08687595658766,115.18112182617188,696100.0
2024-08-23,115.42850505507418,116.1992386287121,115.13353715894578,116.12311553955078,579800.0
2024-08-26,116.3895448138887,116.64645117806609,114.81003056337715,115.47608947753906,974200.0
2024-08-27,115.47608044478336,116.2658411380114,114.24862289084383,114.84807586669922,1686400.0
2024-08-28,107.45480060180655,110.49965168717394,107.23594852715624,109.16753387451172,3063900.0
2024-08-29,108.94868556710188,109.11044169859017,107.35013687713482,108.27310943603516,1466800.0
2024-08-30,108.36825018096552,109.90019284379028,108.13988817654676,109.11994934082033,1143000.0
2024-09-03,108.9486791168741,113.27808367990258,108.9486791168741,112.9831085205078,1557900.0
2024-09-04,113.29710380271786,115.57122834820738,113.08776894756868,114.68631744384766,1353300.0
2024-09-05,115.53316822418384,115.93280353828663,114.63874736778668,115.31432342529295,984800.0
2024-09-06,115.1430620587479,116.41809121971376,114.3628184914186,114.43893432617188,1110900.0
2024-09-09,114.4579541695704,115.42849808956916,113.7633437270099,114.35328674316406,728600.0
2024-09-10,114.4484424189257,115.22868592415576,112.6786205456848,113.20195770263672,856900.0
2024-09-11,113.04020848251064,113.48741531906116,111.25135209831784,111.79371643066406,1459700.0
2024-09-12,111.57487067845476,112.33607982195998,110.89929456905114,112.2599639892578,778900.0
2024-09-13,112.20286922281876,115.0574198749159,111.85081262180532,114.88614654541016,648400.0
2024-09-16,115.79959162997466,116.7986871735472,114.6863187165061,115.01934814453124,696100.0
2024-09-17,114.6577813419717,115.87572175819254,113.74432602980606,113.90608215332033,871900.0
2024-09-18,113.41129061605392,115.7520210915106,113.41129061605392,114.63874816894533,990100.0
2024-09-19,114.17250236943092,114.76244541729696,113.39225885941318,113.51596069335938,896100.0
2024-09-20,113.8109307918455,114.08687154895806,112.38365551957205,112.9831085205078,2338100.0
2024-09-23,112.82135378988724,113.50644709054654,112.11723334620856,113.21147918701172,1027400.0
2024-09-24,113.20196251363048,113.85851147307348,111.4511677082817,111.73662567138672,992800.0
2024-09-25,112.52638913939532,113.53499471702526,112.31705426264246,112.50735473632812,746100.0
2024-09-26,112.12674142959736,114.50553353996216,112.12674142959736,114.0583267211914,625400.0
2024-09-27,114.50553441923628,116.69402608137604,113.66820220337716,115.2762680053711,772700.0
2024-09-30,116.13263648010329,116.2373039161961,114.201051142798,115.22869110107422,773100.0
2024-10-01,115.29530484564384,115.83766920620982,114.19154898006131,115.33336639404295,769500.0
2024-10-02,114.56262505171208,114.75292550937472,112.83086475279248,113.35419464111328,634000.0
2024-10-03,112.6596041457108,112.98311641213064,110.58529698140768,111.59390258789062,741000.0
2024-10-04,110.99444976588724,111.7937204912189,110.31887362628603,111.69857025146484,733300.0
2024-10-07,111.53680432964238,111.91741251475504,110.36643543083304,110.54722595214844,805800.0
2024-10-08,110.6138307897227,111.35601275092128,109.7574641962254,111.11813354492188,733700.0
2024-10-09,111.48922879867987,112.15529495670556,110.68044091918216,111.52729034423828,404200.0
2024-10-10,111.97450884867402,112.2789939656586,110.74705117909616,111.34650421142578,495900.0
2024-10-11,111.68904369985336,112.1077134311208,110.90880018398956,111.15619659423828,606400.0
2024-10-14,111.42262126172665,112.76426349971165,110.96589724077243,112.4788055419922,571900.0
2024-10-15,113.04020168579208,116.16117570949928,112.6405591021732,114.69583892822266,797600.0
2024-10-16,114.04881185823577,115.90426683856052,113.74432675224664,115.7139663696289,693600.0
2024-10-17,115.35238704238874,115.50462595833292,114.25814124976966,115.37141418457033,695100.0
2024-10-18,115.3714242110584,116.02797319558744,114.52457475018652,115.82815551757812,920600.0
2024-10-21,115.79008918922707,115.89475662474308,114.02026724622628,114.11541748046876,595500.0
2024-10-22,114.1820297093946,114.1820297093946,110.75657027001236,111.99353790283205,958800.0
2024-10-23,111.34650611076556,112.250451534997,110.61384128097602,111.99353790283205,471200.0
2024-10-24,112.30753156114496,113.059230736537,111.327470376614,111.36553192138672,577100.0
2024-10-25,110.85171081630185,111.7080774161384,110.40449674419288,110.44255828857422,418500.0
2024-10-28,111.21328905273268,111.85081087228076,109.77650380715572,109.86213684082033,643100.0
2024-10-29,109.16753764931968,110.3283821748512,108.23504788871476,108.27310943603516,738500.0
2024-10-30,107.9495831017535,108.5014646138277,107.29304141552484,108.39679718017578,875100.0
2024-10-31,108.46339206451124,109.5576377765364,107.721210162641,108.00666809082033,1286500.0
2024-11-01,108.61565091324071,108.61565091324071,107.0456466438974,107.44528198242188,766800.0
2024-11-04,107.45480077121496,109.38637886211804,107.2930446450649,108.1779556274414,1012000.0
2024-11-05,107.99716426304796,110.75656462563327,107.99716426304796,110.7470474243164,955200.0
2024-11-06,111.86984413055124,112.37414693724702,109.90972159599836,110.01438903808594,1314500.0
2024-11-07,109.78601423174884,110.61383652496774,108.79643581234274,109.67183685302734,995200.0
2024-11-08,109.9002017345457,110.08099226823056,108.83450019521574,109.85262298583984,894300.0
2024-11-11,110.06195344091904,110.5948078189144,107.7021956937164,108.139892578125,1145100.0
2024-11-12,108.56806857228663,109.0247998436925,106.37958422460528,106.55085754394533,1115300.0
2024-11-13,106.56989517244584,106.78874725849694,104.60977263784912,105.6374053955078,1833700.0
2024-11-14,105.97043623582672,107.3025540438466,105.3138872736615,105.3804931640625,1131800.0
2024-11-15,105.24596060171984,105.57266602072951,102.03660127637336,102.73804473876952,1901200.0
2024-11-18,103.02630992040008,106.5143272472328,103.02630992040008,106.1491928100586,1572400.0
2024-11-19,106.27411555975276,108.01332625745478,105.49579932708797,107.53288269042967,1092100.0
2024-11-20,107.43678440475048,108.84928961601872,106.98516629437364,107.69622802734376,888200.0
2024-11-21,107.67700726233834,109.49308331479924,106.51433473829104,109.43543243408205,1050200.0
2024-11-22,109.4930704394841,110.05038665750511,108.35922348912472,108.86849975585938,1263000.0
2024-11-25,109.74291474281956,110.33866738360314,108.46493314117998,109.17599487304688,3044300.0
2024-11-26,115.30645275645476,120.51445911318449,113.92277297746152,115.39292907714844,3914000.0
2024-11-27,115.59472504010428,116.0367322415957,113.07719811231888,113.38468170166016,1710700.0
2024-11-29,113.41350269592044,114.00925533421744,113.01954279892364,113.18289184570312,1000900.0
2024-12-02,113.29820567996131,115.76768532526816,112.74088938186418,114.90288543701172,1364600.0
2024-12-03,114.93171148648275,114.96053692774603,112.27005000137068,112.70245361328124,1279500.0
2024-12-04,111.94334262642562,112.86579332543144,109.44503773357825,110.9248046875,1439200.0
2024-12-05,110.7422391491855,112.27004613137215,110.7422391491855,112.10669708251952,853100.0
2024-12-06,112.23162029395154,112.59675476607524,111.6646930722208,111.90491485595705,1103500.0
2024-12-09,111.89529984572012,114.81639750899774,111.89529984572012,113.22132873535156,1427800.0
2024-12-10,113.7017698948393,113.7017698948393,110.32905419257916,110.50201416015624,1193600.0
2024-12-11,110.0984467022228,110.5884938494736,108.77241780004869,108.82046508789062,1449000.0
2024-12-12,109.12794993732592,110.17532071035588,108.35923730884544,109.07990264892578,1260600.0
2024-12-13,109.56034833133204,110.08883919002342,108.75320665368022,109.08951568603516,1083600.0
2024-12-16,109.09912698864602,110.26179955081416,108.35923978391088,108.3688507080078,1773900.0
2024-12-17,107.61935500713658,110.51162722562968,107.45600595986612,110.0792236328125,1517000.0
2024-12-18,108.5514152943071,109.16638244295842,105.84171400462894,105.91858673095705,1212700.0
2024-12-19,105.18831404268283,106.29333569523432,104.31390324591152,104.70787048339844,1111300.0
2024-12-20,104.30429562801828,106.20684794401384,104.30429562801828,105.59188079833984,1989500.0
2024-12-23,105.05378521265176,107.02359930924956,105.05378521265176,106.85063934326172,1066800.0
2024-12-24,106.6200345002053,107.44639801410617,105.94741644516364,107.16773986816406,370600.0
2024-12-26,106.6584691026712,107.63857072825073,106.31254915694036,106.58159637451172,705200.0
2024-12-27,105.8128914049721,107.27343658947268,105.8128914049721,106.2933349609375,513700.0
2024-12-30,105.9474171924978,106.17802805142637,104.73669735389568,105.582275390625,775900.0
2024-12-31,105.47658035762996,106.36060211663224,105.12105680016046,105.81289672851562,574200.0
2025-01-02,106.28372368364997,107.9172288361046,105.7456292486742,107.01399993896484,1059900.0
2025-01-03,107.12930350344924,107.95566701735012,106.3029399895484,107.16773986816406,689800.0
2025-01-06,106.696899286324,107.24460461350748,104.59255429352012,104.89043426513672,1350400.0
2025-01-07,105.28440202424498,105.71679829822848,103.16084235708344,103.26654052734376,833600.0
2025-01-08,102.4786189790988,102.94945164354678,100.19170280409102,101.30633544921876,1309700.0
2025-01-10,100.50878568315017,100.98922921636884,96.82858645925832,96.95350646972656,1405500.0
2025-01-13,97.6069158697921,98.64467572372772,96.94390140794653,98.17383575439452,989600.0
2025-01-14,98.04892391858756,98.58701836708336,97.049600420676,97.92401123046876,747800.0
2025-01-15,98.5870182707251,99.29807269568344,96.38658585886677,96.58837127685548,1235200.0
2025-01-16,96.08871139051332,98.64467463237467,95.90614049295552,98.52936553955078,820500.0
2025-01-17,98.94254229617144,99.68242211088771,97.80869526577172,98.14500427246094,955800.0
2025-01-21,98.62545241839902,100.65292480768674,98.62545241839902,99.3941650390625,900800.0
2025-01-22,99.09628254857904,99.5286861359084,97.92400646158669,98.15461730957033,838700.0
2025-01-23,97.9624323217634,98.7311448981337,97.31863975437044,98.5005340576172,714700.0
2025-01-24,98.15461352019936,100.20130029538616,98.15461352019936,99.65359497070312,901400.0
2025-01-27,101.4600696163636,104.70787284211995,101.39280780978808,103.09358215332033,1052900.0
2025-01-28,102.59390797438648,103.87188952117948,101.13336287161336,101.21023559570312,942000.0
2025-01-29,101.46006772291273,102.9782711355556,101.46006772291273,101.7483367919922,769300.0
2025-01-30,102.8533605457183,104.73669846406936,102.39213149198532,103.56441497802734,853000.0
2025-01-31,102.60352271941665,103.9199406772884,101.83481744284572,102.70922088623048,1349900.0
2025-02-03,102.05581825808648,102.6611744933952,100.55683672437722,101.7387237548828,810600.0
2025-02-04,101.79638051256644,102.08464224055548,99.26924277770786,100.5760498046875,837600.0
2025-02-05,100.23013338116414,100.55683881485923,99.42299171730616,99.9418716430664,793100.0
2025-02-06,101.20062694946624,101.20062694946624,98.77919473404812,99.16354370117188,1350900.0
2025-02-07,99.69203558571856,99.69203558571856,98.34679219354526,99.24041748046876,1062600.0
2025-02-10,99.13472356458276,100.17248342569592,98.03931282151454,98.97137451171876,1255000.0
2025-02-11,98.8656681019956,100.528005926046,97.75104293482356,100.26856231689452,1026100.0
2025-02-12,99.55751164921146,100.02834426906428,97.96243556625971,99.81694793701172,1333400.0
2025-02-13,99.79772836311936,101.4024079573028,99.0194122081773,101.05648803710938,1094400.0
2025-02-14,100.29922952924244,102.10502405591808,98.85265474201974,99.05653381347656,1135400.0
2025-02-18,97.66819952854824,98.6487670400974,95.89152968079436,97.4837417602539,2123700.0
2025-02-19,97.71675113187764,100.10505828217862,97.1342384573982,100.0176773071289,1683200.0
2025-02-20,99.98855237195762,104.33799464375792,99.8040945934813,104.1729507446289,1933600.0
2025-02-21,104.2409161431308,107.62920491420924,103.97878061175416,106.8039779663086,1759600.0
2025-02-24,106.77485216497938,109.44470881610832,105.81369843749636,107.72628784179688,1422300.0
2025-02-25,108.26996507283948,109.59033113286624,107.96900178507111,109.1922836303711,1059800.0
2025-02-26,108.70685007056277,108.84276944623986,105.11467503710226,105.97874450683594,1775500.0
2025-02-27,101.52251170040616,107.60007832539183,100.53224086333732,105.9593276977539,2511900.0
2025-02-28,107.48356954565875,110.08546640742242,106.21174934099666,107.3088150024414,2072500.0
2025-03-03,106.9107670816633,109.81362720893527,106.5709612328001,108.82334899902344,1459200.0
2025-03-04,109.45441027647676,111.56117548362911,106.53213619519404,106.63892364501952,1730200.0
2025-03-05,105.94961517179296,108.02724843036086,105.40593765577164,106.19232940673828,1259800.0
2025-03-06,106.44475325732404,109.41557309411508,105.51273149297882,108.24083709716795,1163700.0
2025-03-07,107.90103762519168,116.85233962341772,107.90103762519168,113.9591827392578,2432100.0
2025-03-10,114.57083079237076,117.93970559543664,113.40579800764311,113.68734741210938,1932100.0
2025-03-11,113.24075156983776,113.58055001346916,110.4349756384877,110.93011474609376,1595200.0
2025-03-12,108.67772621324468,109.48353182910412,107.15348114206654,107.79424285888672,1191700.0
2025-03-13,108.619465920475,110.34759740236218,107.74570064725648,108.50296783447266,1300700.0
2025-03-14,107.54182185884008,108.96898277063944,106.97873045318548,108.30879974365234,720100.0
2025-03-17,108.43500956079149,110.1145878503008,107.95928434658568,108.6097640991211,1210000.0
2025-03-18,108.51268137179338,108.87190112085324,107.28940691033728,107.638916015625,1249600.0
2025-03-19,106.74571375145406,107.2117283249978,105.49331486209664,106.94960021972656,1292600.0
2025-03-20,107.027262425591,107.4738557100922,105.88165098898344,106.16320037841795,1185300.0
2025-03-21,105.99816361929864,107.80395816479192,105.87195488052468,106.50300598144533,2326900.0
2025-03-24,106.81367747623617,108.72626683668344,106.18262638971552,108.4932632446289,1427200.0
2025-03-25,108.39617948015449,108.68743211966456,106.95930794126588,108.10491943359376,885200.0
2025-03-26,108.25055029538912,111.49320896409984,108.1631767249745,111.14370727539062,1223200.0
2025-03-27,111.65825752567736,113.61938526398788,111.17282906097124,113.32813262939452,1291500.0
2025-03-28,113.64850864569888,114.32811293369448,112.36697780802342,112.9300765991211,1224000.0
2025-03-31,113.56113873033038,116.30866567903156,113.50288968353344,114.95917510986328,1761000.0
2025-04-01,115.60964101456464,115.7649742663407,113.4252129974084,115.06595611572266,1147100.0
2025-04-02,115.269847262617,115.63877023173391,113.35725791369777,114.9980010986328,1025600.0
2025-04-03,115.5319710126854,117.24068122936812,113.99801533415264,114.87178802490234,1623500.0
2025-04-04,115.34750824438046,115.58051923815466,111.61942122859892,111.80388641357422,1550800.0
2025-04-07,109.06606065302852,112.0660123274114,107.69715627491134,109.73595428466795,1994100.0
2025-04-08,111.42525473706452,112.54174176953856,106.0661273510608,106.96902465820312,2272300.0
2025-04-09,105.60981023994977,111.90096608256448,104.97875178642812,111.72621154785156,1555100.0
2025-04-10,111.2990391257147,112.24077154363006,108.79422644019668,111.0369110107422,1439900.0
2025-04-11,111.376710561663,113.59026322397648,110.4932271812033,112.5611572265625,1126200.0
2025-04-14,112.6193978550595,115.32808943369533,112.44464332072654,114.46402740478516,1206600.0
2025-04-15,114.5805303707016,115.04654495112484,112.61940265257788,112.88153076171876,951200.0
2025-04-16,113.96889805208232,114.44461588896829,110.96895359816476,111.4932098388672,1044600.0
2025-04-17,111.76505421147095,113.51259226881176,111.7553435680436,113.0465850830078,1189100.0
2025-04-21,113.08542242520755,113.38638571378968,111.60000504837296,112.52232360839844,828900.0
2025-04-22,112.68736230122964,114.40577578889744,112.1825199624107,114.29898834228516,1218800.0
2025-04-23,115.11450769048098,115.17275673693392,113.04658506384384,114.17277526855467,731300.0
2025-04-24,113.84268068581864,113.84268068581864,111.29903297439712,112.31843566894533,1115300.0
2025-04-25,112.61939796842134,112.69706829643644,109.96895542954522,111.87184143066406,788700.0
2025-04-28,111.83301366064968,112.36698053519451,109.97867334370056,110.69710540771484,920700.0
2025-04-29,110.38643307365072,112.17281372661093,108.86218794708964,111.93009948730467,715400.0
2025-04-30,113.09512046911895,113.37666986459648,110.66797817057204,112.88153076171876,1578300.0
2025-05-01,111.4349590688569,111.88155237513918,110.27963693294254,110.4543914794922,819200.0
2025-05-02,111.33787227097552,111.70679523532662,110.06605207158702,111.41554260253906,731400.0
2025-05-05,110.80389907575798,111.23107849645324,109.70683340821404,110.59031677246094,713400.0
2025-05-06,110.31847240818472,111.06603640659104,109.18257155596028,110.21167755126952,910200.0
2025-05-07,110.25052062928222,110.33790161259697,108.66802635597168,108.98841094970705,1213100.0
2025-05-08,108.81364280315849,109.93012971621812,108.57092857888682,108.75538635253906,1619000.0
2025-05-09,108.67772718824408,110.27963519819129,108.172877436353,108.28938293457033,1086000.0
2025-05-12,108.13404259713369,109.40587021693588,107.7068705831468,109.22140502929688,1328400.0
2025-05-13,109.49324342623984,109.5320785923022,107.231145000698,108.24083709716795,924500.0
2025-05-14,107.76511629982814,107.88162179479852,106.18262221349492,107.04668426513672,1174800.0
2025-05-15,107.68744916001904,109.47382976723335,107.26998038282088,109.36703491210938,929100.0
2025-05-16,109.40624616437408,111.38635770253346,109.10236954919272,111.2491226196289,929800.0
2025-05-19,111.31773718350284,111.56280089338462,110.61195250244316,111.20011138916016,796100.0
2025-05-20,111.52358921843222,113.32726200266887,111.18050152214424,112.68029022216795,1128200.0
2025-05-21,112.680297641089,112.9057595584947,110.26887148715883,110.3080825805664,896400.0
2025-05-22,109.7983492145448,110.1022258286416,108.34756872776602,109.77873992919922,1115600.0
2025-05-23,109.8277573826726,110.56294854086536,108.52401660057716,110.41590881347656,683100.0
2025-05-27,110.93543940180776,111.85688135253132,110.13163072524604,111.68043518066406,1081000.0
2025-05-28,111.46478294140825,111.74905775771572,108.11231300357709,108.75927734375,1247600.0
2025-05-29,108.45539935237034,110.3570962132524,108.31816426743568,110.249267578125,815800.0
2025-05-30,110.47471684285216,111.05307108408536,109.88656543797578,110.3864974975586,1464500.0
2025-06-02,110.36689047551148,110.4747191078038,108.2593485213916,109.78854370117188,811900.0
2025-06-03,109.34743214324736,110.54333678503312,108.03388674767793,110.27867126464844,787800.0
2025-06-04,110.64136533369124,111.00405483432267,109.68071230982112,109.81794738769533,895300.0
2025-06-05,109.32781880012249,109.84735265775228,108.3867750710429,108.84749603271484,917400.0
2025-06-06,109.1317777532656,110.17084553446443,108.05349887935624,108.69065856933594,1532500.0
2025-06-09,108.80829483336848,109.72973684047317,108.131916553366,109.64151000976562,2048300.0
2025-06-10,102.92675514856832,103.80898597416332,92.07533469062643,92.54586029052734,13930100.0
2025-06-11,93.134015749926,94.5553822963797,92.14395625357665,93.97703552246094,6804100.0
2025-06-12,94.10446636512133,95.49642646853847,92.9673671400756,95.44741821289062,3788600.0
2025-06-13,95.55524480896683,96.27082665193292,93.71236092886052,93.82999420166016,2926400.0
2025-06-16,94.3005146808366,94.93768183653503,92.41842714173596,93.47710418701172,2105100.0
2025-06-17,93.14381585830624,93.84960057192652,92.48704688042396,92.63408660888672,1600500.0
2025-06-18,92.46744150332316,94.38874010580425,91.45778020761252,94.06525421142578,2258200.0
2025-06-20,94.0064367754934,95.73168731680477,93.7809748809397,95.01609802246094,3510800.0
2025-06-23,95.18274122645978,96.65312345182863,94.3593307700536,95.408203125,2012200.0
2025-06-24,95.31997382849504,95.93753913352153,94.53577448256937,95.27096557617188,2128700.0
2025-06-25,94.44755205666868,94.58478713555944,93.51631295294538,93.82999420166016,2336900.0
2025-06-26,94.01624479484798,95.3101808776254,93.75157180135324,94.24169921875,2025200.0
2025-06-27,94.37894270784204,94.39855199438588,93.20263979276466,93.74177551269533,2760200.0
2025-06-30,93.69276152257282,96.56490856792584,93.3692756231514,96.26102447509766,2279300.0
2025-07-01,96.45708113684928,101.78966256804216,96.38846359479122,100.917236328125,3111000.0
2025-07-02,100.5937542802003,102.88754701388036,100.31927664310317,102.76011657714844,2883800.0
2025-07-03,102.85814034765036,102.92675788709172,101.38775809212046,102.0249252319336,1095200.0
2025-07-07,102.0641407056157,102.28959513971104,100.76039992149488,101.48578643798828,2071000.0
2025-07-08,100.94664864879032,101.8876924157781,100.0546131374914,101.42697143554688,1743200.0
2025-07-09,103.33847018023914,103.34827482332908,100.8878329203468,102.11315155029295,2080200.0
2025-07-10,100.46631665104924,102.75031222754846,98.7606753202144,102.59347534179688,2796600.0
2025-07-11,101.90729094938844,103.27964920336842,101.0936776478234,102.69149780273438,1942700.0
2025-07-14,102.50525148872292,102.67189302177462,101.52499661841716,102.64248657226562,2701500.0
2025-07-15,102.51505082737816,103.65214252914946,101.7406486224538,102.28958892822266,1945300.0
2025-07-16,102.09354192271408,105.48522273315926,102.03472154743122,105.47541809082033,2226500.0
2025-07-17,105.52443728311668,106.8967955842762,104.96569231149292,106.749755859375,2171600.0
2025-07-18,106.2008064167222,106.61251913585755,103.59333241553654,104.06385803222656,2281600.0
2025-07-21,104.43635402805415,104.8284574691042,102.95616709049708,103.14241790771484,2510300.0
2025-07-22,103.54432359664318,107.288897058962,103.54432359664318,107.18106842041016,1580600.0
2025-07-23,107.17126858339584,107.96527264861196,106.19101369646182,106.96541595458984,1675800.0
2025-07-24,107.2006730075188,108.1515214264758,106.16160524020552,106.49488830566406,2028200.0
2025-07-25,106.54390743123928,107.0634413314296,105.73029406966702,106.8673858642578,1840900.0
2025-07-28,106.26942836291536,107.79862348512935,105.4264086215023,106.55369567871094,1508200.0
2025-07-29,107.60257594220458,109.7101254506235,107.07324488311453,109.58269500732422,1672900.0
2025-07-30,109.60229048114792,109.9159717285482,106.32824292882935,106.94580078125,1911200.0
2025-07-31,106.58311163999736,106.58311163999736,104.79904813710736,105.22055053710938,2565700.0
2025-08-01,106.1616027088498,106.39686177760808,104.91667486755414,106.11258697509766,1593000.0
2025-08-04,106.1910105009004,107.97507404228315,105.8675246030464,107.81822967529295,1640300.0
2025-08-05,107.30850552896172,108.2103382456698,107.13205934710568,107.4359359741211,1010500.0
2025-08-06,107.61238080494203,107.89665562096069,106.65173519925966,106.87718963623048,1067200.0
2025-08-07,107.26929319763104,109.02395035285586,106.5831177643035,108.75927734375,1045000.0
2025-08-08,108.9063152666192,109.42584915448396,107.87705213370351,108.53382110595705,1278100.0
2025-08-11,108.89650668539764,109.33762585105164,108.0142833115915,108.73966979980467,1234400.0
2025-08-12,109.06316135383814,109.6905238862792,108.39658772827558,109.17098999023438,905400.0
2025-08-13,109.14157131811312,111.14129210789432,109.01414088006985,110.77860260009766,1233500.0
2025-08-14,110.70018647581573,110.70018647581573,108.48480830136803,109.23960876464844,1300100.0
2025-08-15,109.5960040005301,110.26922277398003,108.98219199315164,109.65541076660156,1692900.0
2025-08-18,109.89301579483822,110.60583656527994,109.12079581129564,110.35832977294922,2111500.0
2025-08-19,111.16024883837974,111.87306960545703,109.82371367676372,110.90283966064452,2282700.0
2025-08-20,112.34828889833258,113.23930732711187,111.07115291622544,111.92257690429688,2347700.0
2025-08-21,111.63547078405688,112.28888481768486,111.18005917193844,111.8334732055664,1580800.0
2025-08-22,112.2789877972897,113.5957182259702,112.0215786116938,112.07107543945312,2387300.0
2025-08-25,111.61566538902451,112.20968020355689,109.78411656367136,110.43753814697266,2300300.0
2025-08-26,109.92272022294875,110.7246398482165,108.58618499639977,109.47721099853516,4453600.0
2025-08-27,99.25022715986525,105.68540398319816,99.25022715986525,104.61617279052734,6867500.0
2025-08-28,104.76467472083736,106.03190828862073,103.43804193997288,105.65570068359376,3495000.0
2025-08-29,106.3784172770496,109.63560759974852,105.95270528828814,109.40790557861328,2887800.0
2025-09-02,109.3583988268568,110.59593277277902,107.0615361253575,108.25946807861328,1967200.0
2025-09-03,108.21986861179236,110.95234574309062,108.11096501774476,110.93254852294922,2230900.0
2025-09-04,111.21965026855467,111.60576781950932,110.417730666259,111.21965026855467,1546200.0
2025-09-05,111.55626515244572,112.97200434999824,110.8830463545891,111.3879623413086,1426200.0
2025-09-08,110.67513703903012,110.67513703903012,108.84358830507792,110.47712707519533,1738900.0
2025-09-09,110.4969372581271,110.93255164658343,109.22970364077212,109.74451446533205,1006200.0
2025-09-10,109.06140185377669,109.2891038838413,107.24965023381507,108.93269348144533,1029000.0
2025-09-11,109.52670783702536,110.15042981523024,108.51688340338669,109.7544174194336,1674600.0
2025-09-12,108.10107467181078,108.87329469561688,106.72493743896484,106.72493743896484,1576700.0
2025-09-15,106.76452566486287,106.76452566486287,101.21048022778378,101.22037506103516,2718400.0
2025-09-16,101.47778776314895,103.76474817275258,101.39858377453989,103.49744415283205,1905000.0
2025-09-17,103.5370435138638,105.33889266569923,103.5370435138638,104.14096069335938,3498200.0
2025-09-18,103.8736541039452,106.03191374555992,102.923228879194,105.61610412597656,3966700.0
2025-09-19,106.12102025601124,108.30897950843584,105.60620187114176,107.69515991210938,4699800.0
2025-09-22,107.91296709040112,107.95256908563864,106.3289250474422,107.00214385986328,2734400.0
2025-09-23,106.32892125241356,107.72485565649852,105.46759488168335,106.9328384399414,3808600.0
2025-09-24,107.02194121452185,109.80392284529287,106.96254199824553,109.21980285644533,2592500.0
2025-09-25,109.84351263704347,109.8930170173835,106.497223486696,106.78433227539062,1652800.0
2025-09-26,107.24964368952853,108.52677962796632,107.09123571888146,108.12086486816406,1715600.0
2025-09-29,108.04166451723096,108.04166451723096,105.63589814358296,106.38832092285156,1814800.0
2025-09-30,106.4180217173074,108.18026892650418,106.07151370762963,107.51695251464844,1834200.0
2025-10-01,107.68525093076524,107.83375651551096,105.74479860246262,107.437744140625,1320500.0
2025-10-02,106.86354064563218,107.7644614889699,106.150719838024,106.72493743896484,1584500.0
2025-10-03,106.92293663629516,107.8238650057629,106.66552745168892,107.2199478149414,1140800.0
2025-10-06,106.87343210640748,107.09123929667,105.70519972043338,105.9725112915039,1759400.0
2025-10-07,106.21011471678422,108.081265483687,105.09138672199666,107.06153869628906,1238300.0
2025-10-08,106.51702157028636,106.92293634310263,104.0914579801225,104.86367797851562,849700.0
2025-10-09,104.824078143099,104.932981740326,103.59644651917716,104.07166290283205,773300.0
2025-10-10,104.62607071601768,105.2596874950317,103.50734274285716,103.7053451538086,1113500.0
2025-10-13,103.16083233161837,104.16076192933228,99.68584226051055,100.47785949707033,1364600.0
2025-10-14,100.59666285583442,101.54708804688366,99.7551412593822,101.3985824584961,1707800.0
2025-10-15,100.85407106668768,102.57671623677808,100.66596348632272,102.48760986328124,1114500.0
2025-10-16,102.62622558082504,105.50720087256973,102.60642080650872,102.85392761230467,1488800.0
2025-10-17,103.2202335210489,104.73497386298358,102.63611357060094,104.24986267089844,1421700.0
2025-10-20,104.17066193465703,104.7943763439347,103.28953834156135,104.30926513671876,1244800.0
2025-10-21,104.44786495315832,104.8240725532301,103.66574259355764,103.69544219970705,874600.0
2025-10-22,103.75484953320036,104.89337472613292,102.52721041471638,103.7053451538086,2011600.0
2025-10-23,103.2598400620908,103.2598400620908,101.24018366611408,101.56688690185548,2314300.0
2025-10-24,102.70541802240288,102.70541802240288,100.95307322899822,101.12137603759766,1741500.0
2025-10-27,101.4777850768106,106.02200616832096,100.9530718844549,103.7251434326172,2547400.0
2025-10-28,103.33903724329376,104.5270744247803,103.1410348230334,103.79444885253906,1698100.0
2025-10-29,102.42821429997169,103.3687446820054,99.58683348642276,100.20065307617188,1754800.0
2025-10-30,100.41846143646045,101.61639346876538,100.0521486451044,101.32928466796876,1166200.0
2025-10-31,100.66596515784872,102.94303072016471,100.26995277049272,102.51731872558594,2021700.0
2025-11-03,101.97279801347172,102.62621956807786,100.77486605000168,102.60641479492188,1785600.0
2025-11-04,102.76482276693834,103.37863477523253,101.71538883559892,102.60641479492188,1201900.0
2025-11-05,101.97280250646553,104.35877170526298,101.9035009039818,104.21026611328124,1209800.0
2025-11-06,105.9428103248006,107.65555311114367,103.86375476377977,103.87364959716795,1406700.0
2025-11-07,103.76474837125043,106.0814159459952,103.58654317319314,105.9923095703125,1359400.0
2025-11-10,106.15071812183892,106.46752652528632,105.02208771247578,106.14081573486328,1359500.0
2025-11-11,106.66552472735503,108.48717864012986,106.66552472735503,107.44764709472656,1110000.0
2025-11-12,107.52685342801584,109.2197990120766,107.52685342801584,108.73468780517578,1853100.0
2025-11-13,108.95249777447192,111.23945821865613,108.7841874078056,109.20000457763672,2241900.0
2025-11-14,109.62000274658205,110.0199966430664,107.77999877929688,109.13999938964844,1901500.0
2025-11-17,110.54000091552734,110.9000015258789,106.33999633789062,106.54000091552734,1833400.0
2025-11-18,107.55999755859376,107.72000122070312,106.0999984741211,106.69000244140624,1641500.0
2025-11-19,106.01000213623048,106.69000244140624,104.16999816894533,104.69000244140624,1574000.0
2025-11-20,104.66000366210938,105.81999969482422,103.0999984741211,103.75,1843300.0
2025-11-21,104.05999755859376,107.2699966430664,103.66999816894533,105.54000091552734,2139600.0
2025-11-24,104.91999816894533,105.0,103.0500030517578,104.2699966430664,3306400.0
2025-11-25,100.37999725341795,102.7300033569336,100.0,100.37999725341795,4114200.0
2025-11-26,101.25,103.94000244140624,100.6999969482422,103.18000030517578,1997000.0
2025-11-28,103.62999725341795,104.5,103.23999786376952,104.18000030517578,1121000.0
2025-12-01,103.79000091552734,104.44000244140624,102.26000213623048,103.08999633789062,1846100.0
2025-12-02,102.55999755859376,103.13999938964844,100.76000213623048,101.0,1598900.0
2025-12-03,101.33000183105467,101.63999938964844,100.12999725341795,100.36000061035156,1915300.0
2025-12-04,101.0,101.0500030517578,99.23999786376952,99.61000061035156,1260200.0
2025-12-05,99.51000213623048,100.4000015258789,99.0,100.11000061035156,942200.0
2025-12-08,100.27999877929688,101.37000274658205,99.36000061035156,100.68000030517578,1414900.0
2025-12-09,100.80999755859376,101.41000366210938,99.0,99.4000015258789,1233400.0
2025-12-10,99.70999908447266,100.12000274658205,98.63999938964844,99.68000030517578,1265300.0
2025-12-11,100.0,101.97000122070312,99.94000244140624,100.91000366210938,1602400.0
2025-12-12,101.1500015258789,102.55999755859376,101.1500015258789,101.56999969482422,1012100.0
2025-12-15,102.33000183105467,103.20999908447266,101.45999908447266,101.68000030517578,2045300.0
2025-12-16,101.9499969482422,102.37999725341795,99.5,99.6999969482422,1557200.0
2025-12-17,99.79000091552734,101.01000213623048,99.38999938964844,100.38999938964844,1162200.0
2025-12-18,100.3499984741211,102.1999969482422,100.23999786376952,100.37000274658205,1561200.0
2025-12-19,99.45999908447266,100.30999755859376,98.43000030517578,98.69000244140624,2348600.0
