date,open,high,low,close,volume
2015-12-21,31.50540696482025,31.6987391056328,31.32753879926006,31.59820556640625,3511700.0
2015-12-22,31.69101522617552,32.00034793941913,31.61368352287231,31.915281295776367,4612100.0
2015-12-23,32.077672649408136,32.2168720450191,31.90753939921369,32.131805419921875,2436800.0
2015-12-24,32.039013952008744,32.12408059607881,31.938480377197266,31.938480377197266,938900.0
2015-12-28,31.88434853247133,32.16274739397491,31.853414670078603,32.10087966918945,2137200.0
2015-12-29,32.2014187423884,32.34061819689569,32.06995422980706,32.11635208129883,2133100.0
2015-12-30,32.131817436235984,32.28648381697918,32.02355185472051,32.062217712402344,2203000.0
2015-12-31,31.89980262663306,31.961670326521883,31.66780465207859,31.706470489501957,3417800.0
2016-01-04,31.34300900144918,31.45127453962111,31.14967684042368,31.40487670898437,5885400.0
2016-01-05,31.420339988171072,31.520870576222823,31.180607074325607,31.428071975708008,3855100.0
2016-01-06,31.18650428669644,31.39690834309677,31.04623491576288,31.318979263305664,7391200.0
2016-01-07,30.944937068833543,31.35015947659616,30.944937068833543,31.007280349731445,5704400.0
2016-01-08,31.12417346622788,31.311200359808968,30.97611261446608,31.01507568359375,4311100.0
2016-01-11,31.061821333752928,31.42808058414378,31.02285827944742,31.26443099975586,4573400.0
2016-01-12,31.412497486274717,31.724204920383965,31.334568398229337,31.716413497924805,4564000.0
2016-01-13,31.716411271269585,31.84888625261017,31.17091958401128,31.202091217041016,4812900.0
2016-01-14,31.303394994384547,31.49042182243577,31.038445028072065,31.272226333618164,5017600.0
2016-01-15,30.625428932137,31.14754339861991,30.52412260771065,31.06182289123535,6213600.0
2016-01-19,31.280013162199005,31.412491098591577,30.835827855082407,31.13974380493164,4386200.0
2016-01-20,30.835836828057307,31.170924504293748,30.26696781257687,30.90597152709961,4772900.0
2016-01-21,31.01505740919036,31.06960626836665,30.36046812638498,30.703350067138672,6134100.0
2016-01-22,30.99167542025204,30.99167542025204,30.64879650480411,30.85140609741211,4372000.0
2016-01-25,30.86701260949041,30.890389854745585,30.368278226103858,30.469581604003903,6492600.0
2016-01-26,30.52412637440817,30.867008446258264,30.4306144333086,30.586469650268555,3829700.0
2016-01-27,30.63321876525879,30.859205646985394,30.44619196129897,30.63321876525879,3412100.0
2016-01-28,30.726737362584263,30.98389592967302,30.49295603631516,30.781286239624023,4967800.0
2016-01-29,30.835825159731154,31.139741083015178,30.71114162780207,31.022851943969727,6410100.0
2016-02-01,32.53465347344308,33.78148930370816,32.26190906453856,33.62563705444336,19429100.0
2016-02-02,33.13468112299998,33.69575851244795,33.002203195962565,33.34508514404297,13275900.0
2016-02-03,33.75031629229338,33.945134551483655,33.30613089915479,33.68797302246094,9384600.0
2016-02-04,33.63343559127895,34.08541553327544,33.50875198188194,33.85163116455078,6663100.0
2016-02-05,34.194486330037726,34.26462099075915,33.469762493479486,33.56327438354492,7310500.0
2016-02-08,33.31392276511771,33.67238765335506,33.1658619563303,33.60225296020508,6192900.0
2016-02-09,33.33729752153516,33.62563066783155,33.16585948536736,33.2048225402832,6732300.0
2016-02-10,33.469791348876704,33.80487913091477,33.204838288025485,33.28276443481445,6945600.0
2016-02-11,33.09572479744264,33.368469154544044,32.9476610269957,33.2048225402832,4739100.0
2016-02-12,33.32950711397235,33.76590107130627,33.17365191687519,33.672386169433594,4838600.0
2016-02-16,33.72693201022659,34.24125203352281,33.672383142050506,34.100982666015625,5512600.0
2016-02-17,34.23347106642718,34.701033785776964,34.023066950912394,34.58414459228516,4533400.0
2016-02-18,34.599729173402274,34.70882693916371,34.350362002321525,34.693241119384766,4169600.0
2016-02-19,34.56855495131149,35.15300977224839,34.55296913269693,35.05949783325195,5328900.0
2016-02-22,34.71660401829477,34.973765479355066,32.76842194125589,33.34508514404297,16023100.0
2016-02-23,33.391850617854075,33.62563492230971,33.10352040776729,33.430816650390625,5375400.0
2016-02-24,33.32951512632852,33.625639774731894,33.11911100557017,33.586673736572266,3690300.0
2016-02-25,33.5944673125925,34.06203003217238,33.50874678704156,33.94514083862305,3631100.0
2016-02-26,33.93733937621585,34.08540315231866,33.32950737277679,33.71134948730469,3888100.0
2016-02-29,33.781474134034475,34.53736968883423,33.57886451735803,34.38930892944336,6310100.0
2016-03-01,34.74778644074004,34.903641649863694,34.568553990689644,34.732200622558594,4581600.0
2016-03-02,34.623105040589586,35.121839362928306,34.490627064079646,35.090667724609375,3551200.0
2016-03-03,34.91142844192024,35.10624668431119,34.78674488569765,35.067283630371094,2667300.0
2016-03-04,34.91922007149566,35.332233761402016,34.84908539088041,35.08286666870117,2653000.0
2016-03-07,34.919221368554155,35.20755152281998,34.825706475800104,35.13741683959961,2504800.0
2016-03-08,35.09845849260158,35.37120286797254,34.888054414733666,34.96598052978516,3167400.0
2016-03-09,34.96598317827212,35.39458278890094,34.90364287604713,35.09846115112305,3558600.0
2016-03-10,35.27769204780447,35.5426450091015,34.84129806075913,35.14521408081055,6682700.0
2016-03-11,35.495884354891764,35.979032779808364,35.40237242777352,35.72187423706055,4269900.0
2016-03-14,35.55822935687761,35.79201067242839,35.48030026990021,35.690704345703125,3880600.0
2016-03-15,35.53485043316801,35.97124441799585,35.46471573869016,35.74525451660156,3683800.0
2016-03-16,35.68291685804972,35.97903850314457,35.51927021638819,35.87773513793945,2901500.0
2016-03-17,35.9088966290264,36.2128125841432,35.74524706091795,35.932273864746094,3563000.0
2016-03-18,35.94788011350869,36.36089403367612,35.8543651720923,36.33751678466797,9478200.0
2016-03-21,36.166054470852345,36.384249927372856,36.06474816345776,36.11929702758789,3504800.0
2016-03-22,36.04138034828334,36.35309077280432,35.971245651400665,36.111515045166016,3959300.0
2016-03-23,35.97902767048466,36.30632382795557,35.91668738548886,36.11929702758789,2954700.0
2016-03-24,36.03358840942383,36.17385482848981,35.924487681520034,36.03358840942383,4348000.0
2016-03-28,36.04917125500492,36.21282086051518,35.95565931806397,36.03358840942383,2512700.0
2016-03-29,36.0413780943099,36.29853962436085,35.869937074275924,36.20502471923828,3694500.0
2016-03-30,36.22857107452714,36.69927456566306,36.16580901295712,36.58160018920898,2940100.0
2016-03-31,36.5737416837835,36.793405836039135,36.49529212468718,36.660037994384766,3243900.0
2016-04-01,36.53452311790964,36.98953901750073,36.41684576659212,36.93462371826172,4026500.0
2016-04-04,36.91107457373246,36.98952711358311,36.64434192355706,36.86400604248047,2334600.0
2016-04-05,36.80909092943254,36.98953029025602,36.50313347938528,36.63650131225586,3600300.0
2016-04-06,36.70710007453822,36.93460792706398,36.50312648515027,36.85615539550781,3200400.0
2016-04-07,36.714948063358776,37.00521498192936,36.534511708968495,36.68356704711914,3181700.0
2016-04-08,36.74633757381764,36.91108345817048,36.699266038577214,36.82478713989258,2207000.0
2016-04-11,36.8718560597337,37.060139194680985,36.63650438554378,36.64434814453125,2355400.0
2016-04-12,36.58943552855239,36.87185875529071,36.58943552855239,36.83263397216797,2286700.0
2016-04-13,36.88754308008518,36.96599263317266,36.660035186409424,36.95030212402344,2874000.0
2016-04-14,36.90322969533607,36.95814497523455,36.53451025088192,36.56589126586914,2914600.0
2016-04-15,36.58944402400987,36.730655670166016,36.338401762545566,36.730655670166016,3374900.0
2016-04-18,36.73848899773979,36.80909180235551,36.510981096226736,36.777713775634766,2550800.0
2016-04-19,36.87184590181904,37.03659172909988,36.67571906191576,36.85615539550781,2564600.0
2016-04-20,36.84832046233257,36.89538899987916,36.64434682410136,36.67572784423828,3017900.0
2016-04-21,36.62080763620913,36.64434190182117,35.750003896663046,35.757850646972656,4886200.0
2016-04-22,35.82846500689801,35.91476133220415,35.45190167228339,35.906917572021484,3085300.0
2016-04-25,35.90691621010929,36.36977585247426,35.85984467282058,36.32270431518555,3219200.0
2016-04-26,36.393310124789,36.64435233834363,36.259945258126514,36.32270431518555,2061900.0
2016-04-27,36.41684034104279,36.62081398724963,36.15011063742583,36.40899658203125,2384800.0
2016-04-28,36.25209601872773,36.57374401982111,36.2128712366742,36.29132080078125,3242000.0
2016-04-29,36.09518616645251,36.33054079368001,35.953977579837776,36.14225769042969,5061000.0
2016-05-02,36.76202611679254,38.16629542000639,36.70711082494922,38.13491439819336,7711700.0
2016-05-03,38.03292325217502,38.43302375318265,37.915248922735245,38.05645751953125,4571800.0
2016-05-04,38.02507576447658,38.35456744578204,37.89955469645665,38.064300537109375,3847100.0
2016-05-05,37.81325630884943,38.36241207329854,37.77403153838696,38.33887481689453,3152000.0
2016-05-06,38.370267351850885,38.82528320528702,38.25259001247008,38.73114013671875,4107700.0
2016-05-09,38.78605407156328,39.460731076037405,38.78605407156328,39.00571823120117,3833500.0
2016-05-10,39.0527918692276,39.4136676812213,39.02141383603369,39.35874938964844,2574400.0
2016-05-11,39.3587481442259,39.53134078829812,39.20969276512851,39.39797592163086,2683000.0
2016-05-12,39.47643064531268,39.75885392061081,39.23323215988157,39.36660003662109,3612300.0
2016-05-13,39.35090711492192,39.61763985942442,39.1783144588734,39.34306335449219,3394100.0
2016-05-16,39.31166809872315,39.617625519952895,39.23321555952427,39.39011764526367,2310700.0
2016-05-17,39.23321568867125,39.47641407200081,38.56638556290667,38.67621612548828,4348500.0
2016-05-18,38.50363819959856,38.62131255547953,38.00939752545252,38.20552444458008,4497800.0
2016-05-19,38.14276332731612,38.51932666213622,38.103538541062655,38.495792388916016,3488700.0
2016-05-20,38.54285299009761,38.69190833262471,38.00938766899423,38.08783721923828,4101500.0
2016-05-23,38.08783184930423,38.21335290759284,37.86032399595048,37.962310791015625,3467300.0
2016-05-24,38.08783875172766,38.346727664734914,37.97800817990348,38.21335983276367,3683600.0
2016-05-25,38.24473799059271,38.2996532723973,38.08783590286885,38.11921691894531,3948400.0
2016-05-26,38.21335895296066,38.43302308421024,38.14275315946233,38.31534576416016,3471200.0
2016-05-27,38.30750112662012,38.38595067641346,37.98585019155535,38.17413330078125,3323000.0
2016-05-31,38.18982188824359,38.34672397259625,37.73480614288668,37.742652893066406,7958300.0
2016-06-01,37.80542361504216,38.31535479861883,37.75050831744581,38.29182052612305,3972300.0
2016-06-02,38.17413300087182,38.3075008256629,38.04861192659352,38.25258255004883,3043300.0
2016-06-03,38.25258556120246,38.370262886889726,38.11922071857168,38.36241912841797,4232800.0
2016-06-06,38.44086882821381,38.55069940318331,38.15060188112888,38.26827621459961,3147700.0
2016-06-07,38.15844975732061,38.42518246502635,38.11922497526428,38.1898307800293,2005700.0
2016-06-08,38.229055562085634,38.229055562085634,38.04077541115161,38.1898307800293,2475300.0
2016-06-09,38.2055167208437,38.49578366452669,38.158445192411854,38.44086837768555,2396600.0
2016-06-10,38.33888201174553,38.42517831855263,38.05645882316183,38.26827621459961,2423600.0
2016-06-13,38.28397274222452,38.448718630575634,37.92309994126707,37.99370574951172,3221800.0
2016-06-14,37.93878151977256,38.14275214408318,37.82110420285511,38.02507781982422,2857600.0
2016-06-15,38.14275228380052,38.32318864245199,38.00154070004572,38.17413330078125,3035300.0
2016-06-16,38.150613929425,39.06848658953548,38.07216135634312,39.037105560302734,4898400.0
2016-06-17,39.02924522766428,39.264596861661225,38.62130099882898,39.0684700012207,6269800.0
2016-06-20,39.36659745695199,39.53919011224866,39.13124574051255,39.186161041259766,3922300.0
2016-06-21,39.30381914570331,39.41365269442616,39.14692006141563,39.2802848815918,2894900.0
2016-06-22,39.24890798017635,39.35873854774906,38.99002206984903,39.20183944702149,2772100.0
2016-06-23,39.36658836635162,39.55486849896143,39.30382632704252,39.452884674072266,3527000.0
2016-06-24,38.66837534536515,39.35873978979625,38.44871121062925,39.16261291503906,15632300.0
2016-06-27,39.03708472410872,39.24890206938197,38.8880294038015,38.997859954833984,4444100.0
2016-06-28,38.997871200696416,39.06063324376121,38.49578682681378,38.84096908569336,4129900.0
2016-06-29,39.196226891418725,39.68568546261184,39.014650587549774,39.64621353149414,3873900.0
2016-06-30,39.66200680472819,40.06462536012764,39.55148117061336,40.056732177734375,5408800.0
2016-07-01,40.13566817186314,40.2146120263669,39.97777745134061,40.048828125,2574300.0
2016-07-05,40.064607559671884,40.71985283326825,40.033028821097886,40.41986083984375,7096100.0
2016-07-06,40.37250256891093,40.55407584268113,40.20671866827488,40.47513198852539,4877200.0
2016-07-07,40.57775511765143,40.6488057799831,40.26197372695187,40.41196823120117,3004100.0
2016-07-08,40.5540688080162,40.81458890226632,40.38828493613765,40.72774887084961,5515100.0
2016-07-11,40.72776286844919,40.90144299097419,40.64092280718669,40.767234802246094,2577100.0
2016-07-12,40.75143527224917,40.81459275979946,40.261976789793465,40.32513427734375,4218500.0
2016-07-13,40.42775842077939,41.09879313672957,40.33302520625645,41.07510757446289,3820600.0
2016-07-14,41.09089876852526,41.296157589198586,40.95669362628978,41.02774429321289,2652900.0
2016-07-15,41.11457926040055,41.13036561864537,40.88563791616412,41.06721115112305,2412200.0
2016-07-18,41.10669173078544,41.23300370395789,40.94880101144112,41.01985168457031,1638000.0
2016-07-19,41.02774044583674,41.1856281250691,40.972479155802525,41.16984176635742,2395300.0
2016-07-20,41.21721427882568,41.27247557879916,40.90143585205078,40.90143585205078,2545600.0
2016-07-21,40.81459740009554,40.925120004359336,40.711967976915545,40.84617614746094,2088100.0
2016-07-22,40.93301662589958,41.13037929624918,40.85407276236589,41.12248611450195,2517100.0
2016-07-25,41.161953544653535,41.25668677283668,41.02774838902032,41.15406036376953,2577800.0
2016-07-26,41.24089989625835,41.27247563091522,40.85406778444053,41.01985168457031,2914700.0
2016-07-27,40.98036950949162,41.15404955848902,40.60143368473623,40.719852447509766,3038800.0
2016-07-28,40.68038730153256,40.972486183546025,40.47513147641563,40.9172248840332,1873300.0
2016-07-29,40.77513563235536,41.03565283425012,40.64092742836678,40.88565826416016,3521400.0
2016-08-01,40.97249107199984,41.05143493457559,40.81460033533302,40.988277435302734,2021600.0
2016-08-02,41.043545228128,41.15406784969825,40.78302503884191,41.00407028198242,2996000.0
2016-08-03,41.09088597254958,41.13035788376733,40.48300890295205,40.5224838256836,3227200.0
2016-08-04,40.45145571876845,40.85407425593405,40.4435595252172,40.65671157836914,3367900.0
2016-08-05,40.62512302824875,40.89353632545525,40.372499102820846,40.4593391418457,3123300.0
2016-08-08,40.49880792492,40.65669861894697,40.40407471310962,40.4277572631836,2476900.0
2016-08-09,40.43566686245547,40.980386775384304,40.42777066880281,40.90933609008789,2446300.0
2016-08-10,40.956704217457336,41.05143746068072,40.72776278577828,40.90933609008789,1894200.0
2016-08-11,41.05143466450009,41.12248534495695,40.85407199784384,40.86196517944336,2350100.0
2016-08-12,40.90931987056359,41.25667696567458,40.90931987056359,41.21720504760742,3492000.0
2016-08-15,42.34612422585959,42.60664433569575,40.87774581791125,41.19352722167969,8573400.0
2016-08-16,40.77512889883219,41.44616077341468,40.71197139879296,41.12248611450195,6088700.0
2016-08-17,41.0435279015808,41.24089050292969,40.830375930742285,41.24089050292969,4094700.0
2016-08-18,41.28826170634955,41.48562433688805,41.24089660238975,41.4145736694336,2712000.0
2016-08-19,41.23300386902155,41.46983844322863,41.20932131505535,41.43036651611328,3218600.0
2016-08-22,41.446164974849815,41.793522225731486,41.38300746840824,41.77773284912109,2620400.0
2016-08-23,41.84088266759023,41.99877339316718,41.63562683240077,41.65930938720703,2272100.0
2016-08-24,41.50931440848319,41.619837011745645,41.30405556398286,41.382999420166016,2150500.0
2016-08-25,41.39878429760875,41.71456571107623,41.3672085654738,41.4145736694336,2141700.0
2016-08-26,41.4619338493669,41.61192833572289,41.0435261163905,41.14615249633789,2437700.0
2016-08-29,41.217215515272336,41.51720758949548,41.17774358718076,41.382999420166016,2492800.0
2016-08-30,41.3830068542488,41.39879623062486,40.92512698540536,40.99617767333984,2429500.0
2016-08-31,41.01195719552091,41.15405853724632,40.86195966174692,40.9409065246582,3603200.0
2016-09-01,41.04353935630043,41.09880065917969,40.79880857818148,41.09880065917969,4186700.0
2016-09-02,41.20142796202189,42.0461399088646,41.20142796202189,42.03035354614258,4000900.0
2016-09-06,41.95140512780345,42.267186577871634,41.72246372707977,42.20402908325195,3868400.0
2016-09-07,41.975080742193605,42.08560633950327,41.635619805043575,41.91192626953125,4484800.0
2016-09-08,41.85667560586035,41.89614753773729,41.44616088900645,41.53300094604492,4311700.0
2016-09-09,41.16195061174633,41.28036939717385,39.31463623046875,39.31463623046875,5414300.0
2016-09-12,39.2672781766417,39.875152550547455,39.14885936995,39.75673675537109,4798500.0
2016-09-13,39.63042739246133,39.7172674549197,39.07781127714805,39.10149383544922,4287000.0
2016-09-14,39.18832431480512,39.27516435602766,38.919911010805855,39.17253494262695,7393600.0
2016-09-15,39.15674323838528,39.33831950186266,39.0146419087597,39.14095687866211,2954500.0
2016-09-16,39.04622485376903,39.04622485376903,38.76202216392922,38.98307037353516,4417300.0
2016-09-19,38.85676483012888,39.10938881588911,38.46203947593907,38.88044738769531,2638100.0
2016-09-20,39.0383413620361,39.08570648108837,38.71466666527751,38.769927978515625,2769900.0
2016-09-21,38.76991868886554,39.29884913498375,38.722550569647424,39.22779846191406,4598700.0
2016-09-22,39.425161903407705,39.60673518013437,39.30674612024599,39.488319396972656,3195600.0
2016-09-23,39.31463404708173,39.590943527229165,39.07779950089439,39.11727142333984,2923200.0
2016-09-26,38.9041268399088,38.9278124071001,38.46203640587406,38.58834838867188,4642900.0
2016-09-27,38.73833898760667,39.02254167287824,38.61202701765429,38.8725471496582,3360400.0
2016-09-28,38.88043913617166,39.05411921884031,38.77780972263884,39.03043365478516,2852500.0
2016-09-29,39.03834275334744,39.09360406855505,38.66729991279704,38.70677185058594,3184700.0
2016-09-30,38.809401644543264,38.998871163743694,38.446254995217934,38.69098281860352,3490700.0
2016-10-03,38.683072490791545,38.69096567031512,38.30413663185533,38.61991500854492,3526600.0
2016-10-04,38.556755707394274,38.66727827596501,37.92519602162284,37.9804573059082,3915100.0
2016-10-05,38.00431366387386,38.147333584857854,37.69442858044393,37.95663833618164,5635800.0
2016-10-06,37.89306924163439,38.55256426701743,37.80566902536029,38.36186599731445,3396800.0
2016-10-07,38.4095455794666,38.44927350600267,38.03609640172523,38.195011138916016,2858600.0
2016-10-10,38.21884065464847,38.54461444537123,38.21884065464847,38.306243896484375,2640000.0
2016-10-11,38.29830158400651,38.385704830541485,38.02814747246485,38.14733123779297,2978100.0
2016-10-12,38.20295162762677,38.81476825383791,38.11554838644063,38.62407302856445,2978300.0
2016-10-13,38.488994567594965,38.9736830656063,38.40159435722302,38.822715759277344,2980000.0
2016-10-14,38.87039118892146,39.1484927096207,38.345974729114175,38.39365005493164,3737300.0
2016-10-17,38.42542902069029,38.52872403211356,38.314189638101766,38.345970153808594,3288100.0
2016-10-18,38.55256645056932,38.65586147880247,38.18706469657056,38.35392379760742,2058800.0
2016-10-19,38.29829367842285,38.42542482049127,37.90895285087517,38.08375930786133,3523800.0
2016-10-20,38.17115585449128,38.17115585449128,37.59906429980524,37.8135986328125,3054500.0
2016-10-21,37.72619108973048,37.83743042792012,37.54344031541256,37.73413848876953,3739500.0
2016-10-24,37.87716613727247,38.16321194074575,37.86922176764055,37.93278884887695,2484900.0
2016-10-25,38.02814871233527,38.06787663540659,37.59113549645817,37.694427490234375,3429000.0
2016-10-26,37.64674987009703,37.742097478191205,37.53551048881284,37.55139923095703,2356600.0
2016-10-27,37.59113791516032,37.79772494705127,37.4640067345244,37.70237731933594,3789900.0
2016-10-28,37.726199012743685,38.36185467235551,37.686471102338935,38.13143157958984,3530800.0
2016-10-31,38.22678158198449,38.36185709208979,38.12348658358043,38.23472595214844,2843200.0
2016-11-01,38.218834449668186,38.45720799090012,38.02813925393722,38.20294570922852,3669700.0
2016-11-02,38.17911713665267,38.26652038856524,37.86129071184353,37.95663833618164,3600300.0
2016-11-03,38.099650048673325,38.250617328593286,37.81360422899726,38.02019119262695,3417000.0
2016-11-04,38.020206538499714,38.25063276747163,37.89307534855774,38.17117691040039,6443000.0
2016-11-07,40.006620834002014,42.40622395006492,40.006620834002014,41.92153549194336,14925300.0
2016-11-08,42.175802895786205,43.4312226888322,42.10429143072976,43.05777359008789,9650600.0
2016-11-09,41.99305460873136,43.137238202006,41.30972644513777,43.03394317626953,6068300.0
2016-11-10,42.7796658270425,42.867069046549815,42.13606278152561,42.28703308105469,5246300.0
2016-11-11,42.271146266827714,42.33471032325638,41.95331689154769,42.21552658081055,2810000.0
2016-11-14,42.04071559909732,42.80350238046381,41.91358446886957,42.50156784057617,5135000.0
2016-11-15,42.50952911376953,42.68433562398531,42.25526675220827,42.50952911376953,3721800.0
2016-11-16,42.02482834943342,42.46184146715928,41.786457833496186,42.21552658081055,4000500.0
2016-11-17,42.23142202485161,42.58103194322301,41.921536993037485,42.39828109741211,4295800.0
2016-11-18,42.29497641356891,42.63664188269608,42.12811737917056,42.22346496582031,4043900.0
2016-11-21,42.22346792897703,42.70815632761583,42.22346792897703,42.692264556884766,2808800.0
2016-11-22,42.71610159970833,43.24051792072885,42.61280963434268,42.98625564575195,4122900.0
2016-11-23,42.80351632559933,43.08956221956516,42.43801458599688,42.55720138549805,2383700.0
2016-11-25,42.7319980644016,42.98626036730633,42.67637837508155,42.8511848449707,1262900.0
2016-11-28,42.7637833960657,42.81940308770872,42.46979316437461,42.6763801574707,2582300.0
2016-11-29,42.70816521483067,43.041883376491,42.64459811867862,42.81940460205078,2715900.0
2016-11-30,42.58898105357332,42.81940724477697,42.30293819637305,42.310882568359375,4459700.0
2016-12-01,42.12812067051619,42.23141566556655,41.881802768794685,42.19168472290039,3627900.0
2016-12-02,42.50952033545418,42.99420880929305,42.485684191182045,42.581031799316406,3961600.0
2016-12-05,42.59692829196367,42.84324322618794,42.40623002352107,42.49363327026367,3479300.0
2016-12-06,42.8670768737793,42.978316253083705,42.49362778807528,42.8670768737793,2781500.0
2016-12-07,42.91474585047352,43.47889313649238,42.79556210943373,43.32792282104492,3258400.0
2016-12-08,43.23258185718241,43.39149656733729,42.99421130747307,43.16901779174805,3078600.0
2016-12-09,43.51066786590117,43.93179218186516,43.010090764182735,43.82055282592773,3305500.0
2016-12-12,43.76494903817501,44.14634255317079,43.61397868797823,43.7172737121582,2916700.0
2016-12-13,43.97947348688624,44.495945495231325,43.89207328288474,44.19400787353516,4328100.0
2016-12-14,44.281419663043984,44.43238698753366,43.96359323816365,44.10661315917969,3322500.0
2016-12-15,44.058929701044526,44.57539864728,43.96358210083953,44.45621490478516,3340800.0
2016-12-16,44.464164453541336,45.09187587600637,44.464164453541336,44.7819938659668,6873000.0
2016-12-19,44.69459073103372,45.34613830009579,44.58335134573717,44.98063659667969,3263500.0
2016-12-20,45.06803499916813,45.21900228714465,44.75020562011213,44.86939239501953,2553900.0
2016-12-21,44.885287599034136,45.12365813602929,44.70253372192383,44.70253372192383,1780400.0
2016-12-22,44.750199757516384,44.94089796617627,44.41648168116808,44.694580078125,2459900.0
2016-12-23,44.71841977659148,44.80582300288992,44.51183281255963,44.67869186401367,1709600.0
2016-12-27,44.82170633613017,44.96472921932156,44.52771620114559,44.63100814819336,1545100.0
2016-12-28,44.631023964206406,44.758158155247074,44.17017464586778,44.28141403198242,1772800.0
2016-12-29,44.36881280350073,44.57539978104028,44.21784551341589,44.432376861572266,1686800.0
2016-12-30,44.4323744332623,44.54361683313776,43.86823018788424,43.995361328125,2318500.0
2017-01-03,43.95563251452986,44.21784219086721,43.272301513094206,43.70137023925781,3877000.0
2017-01-04,43.741346387822375,44.22896055812462,43.741346387822375,44.10105895996094,2986700.0
2017-01-05,43.88521784965157,44.20496258929959,43.88521784965157,43.95716094970703,3629400.0
2017-01-06,43.85324236401195,44.49273489123625,43.78129926411541,44.26891326904297,4776500.0
2017-01-09,44.364853217054495,44.724568853007135,44.33287781622714,44.50873947143555,3933300.0
2017-01-10,44.412808262581855,44.484751376723146,44.085068086902965,44.22895431518555,2932800.0
2017-01-11,44.10105714273232,44.28491415784563,43.89322315296423,44.19698333740234,2866400.0
2017-01-12,44.061085780388815,44.19697968694292,43.70137020344155,43.88522720336914,2362500.0
2017-01-13,43.96518028798778,44.07709116809872,43.82129399946149,43.941200256347656,1794200.0
2017-01-17,43.68538585527909,44.06108608325847,43.63742276157591,43.869239807128906,2605500.0
2017-01-18,43.96516687729779,44.20497626857832,43.79730060833561,44.16500854492188,3412700.0
2017-01-19,44.23696104323805,44.24495336992656,42.77411826249702,42.8620491027832,6507800.0
2017-01-20,43.06987525095919,43.38162775146255,42.89401361504787,43.013919830322266,3790000.0
2017-01-23,43.00592234907087,43.00592234907087,42.64620677021514,42.78210067749024,2564500.0
2017-01-24,42.90999921115654,43.07786546484202,42.60623905019597,42.78210067749024,3681800.0
2017-01-25,42.8380613353178,43.06188303427621,42.37442718822744,42.40640258789063,2618000.0
2017-01-26,42.48634139132695,42.526309116521205,42.19856889098121,42.39041519165039,4063900.0
2017-01-27,42.50232148206718,42.55827995054599,42.09464584987619,42.12662124633789,3188900.0
2017-01-30,42.11863289130411,42.302486877584336,41.92678657924742,42.15860366821289,3992400.0
2017-01-31,42.15060568084689,42.34245503035603,41.89480858106268,41.93477630615234,4758200.0
2017-02-01,41.7109512923295,42.07066688824177,41.59904045123273,41.607032775878906,3448700.0
2017-02-02,41.94276602168546,42.126619971765166,41.71094897836436,41.87082290649414,3898500.0
2017-02-03,42.03869361504703,42.25452298349952,41.73493342433517,41.99872589111328,4546400.0
2017-02-06,42.52631146313647,42.53430378887956,39.888401813309706,40.92757797241211,9488300.0
2017-02-07,41.72693550606624,42.38241584861092,41.43117072939156,41.75091552734375,7421300.0
2017-02-08,41.60703765353837,41.6709884555717,41.3032774425642,41.43117904663086,3457900.0
2017-02-09,41.43117799882055,41.77490287835951,41.36722719840456,41.76691055297852,3741800.0
2017-02-10,41.71893619584788,42.12661481514289,41.58304535564366,42.06266403198242,3475900.0
2017-02-13,42.0626798200586,42.32647232559732,41.99873206223676,42.21456146240234,5567100.0
2017-02-14,42.12662422367661,42.22254737049954,41.91079485631862,42.15060424804688,3867100.0
2017-02-15,42.05468079890787,42.25452246546847,41.74292828696802,42.16659164428711,4361100.0
2017-02-16,42.158601908123806,42.198569634021815,41.90280175382409,42.07067108154297,3569600.0
2017-02-17,41.86283523486824,42.05468459378869,41.59904579686248,41.84684753417969,3766900.0
2017-02-21,41.97474898487903,42.26252151843315,41.97474898487903,42.21456146240234,2977200.0
2017-02-22,42.04668542461402,42.19856704277885,41.9907300019244,42.16659164428711,2677400.0
2017-02-23,42.238531882556366,42.382418116604086,42.06267025219989,42.27849960327149,2233200.0
2017-02-24,42.254517580570486,42.67818088891133,42.23053755914485,42.52630233764648,2482200.0
2017-02-27,42.40638725787841,42.54228113265,42.17457026813563,42.24651336669922,2091100.0
2017-02-28,42.17458480706044,42.35044645291674,42.07066933391071,42.14261245727539,3764100.0
2017-03-01,42.45437179422365,42.61424576619466,42.04669301323044,42.48634719848633,3935800.0
2017-03-02,42.27050550401698,42.502319494167935,42.11862390259844,42.19056701660156,2593500.0
2017-03-03,42.06267245452244,42.12662325048827,41.46314746438079,41.71894454956055,3480800.0
2017-03-06,41.463152090021055,41.73493690451266,41.391208961204384,41.694969177246094,3191100.0
2017-03-07,41.6869663552265,41.99072344544351,41.678970982181056,41.80686950683594,2367500.0
2017-03-08,41.66298321761876,42.0067110738208,41.64699552089525,41.83085250854492,2829200.0
2017-03-09,41.84684989747021,42.0786669965328,41.67099127864884,41.90280532836914,2838200.0
2017-03-10,42.15060797663759,42.2065634046792,41.63901374920448,41.694969177246094,2338400.0
2017-03-13,41.60703267924696,41.726938894053134,41.17537396515476,41.47114181518555,2934100.0
2017-03-14,41.4631462097168,41.48712928214916,41.103430616648346,41.4631462097168,2548500.0
2017-03-15,41.5830504796364,42.11862463256509,41.47913196886607,42.03069686889648,3069200.0
2017-03-16,41.910784420545525,42.01470291584411,41.63899969776998,41.81486129760742,2495900.0
2017-03-17,41.92678657924742,42.39041770783621,41.67898178938687,42.15860366821289,8964700.0
2017-03-20,42.11862162157033,42.23852782152891,41.543079790056574,41.66298294067383,3730400.0
2017-03-21,41.60702622829484,41.75890781674645,41.375209208593816,41.40718460083008,2914500.0
2017-03-22,41.4391646153836,42.01470954247026,41.30327070789188,41.99072647094727,2363900.0
2017-03-23,41.910793027134446,42.37442409099512,41.750919089845965,42.08665466308594,2928900.0
2017-03-24,42.086662897416325,42.31048462380628,41.9028058514905,42.21456146240234,2941900.0
2017-03-27,42.03070356002302,42.11863133768939,41.39120774517718,41.59904479980469,2706800.0
2017-03-28,41.50311162301486,41.82285947670138,41.30326997679616,41.72693634033203,2255300.0
2017-03-29,41.61502183488663,41.631009531094605,41.25530629356034,41.41518020629883,2822700.0
2017-03-30,41.32726029549248,41.7749037099474,41.27130486868561,41.58305740356445,1921200.0
2017-03-31,41.51910812337142,41.70296211095173,41.4951280965303,41.50312042236328,2105700.0
2017-04-03,41.6150159635697,41.65498367378011,41.15937735862127,41.31924819946289,2185900.0
2017-04-04,41.24731849904743,41.3272569947742,41.087447606277536,41.255313873291016,2688500.0
2017-04-05,41.46448497817522,41.818468604941046,41.40012264478236,41.48057556152344,3047000.0
2017-04-06,41.496679880823606,41.6978076358048,41.40818317759732,41.54494857788086,2371400.0
2017-04-07,41.56102781844365,41.73802117656872,41.47253113938111,41.66561508178711,2242100.0
2017-04-10,41.59321280598521,42.06787434447678,41.50471611879714,41.858699798583984,1957000.0
2017-04-11,41.83455963247649,41.98741557246006,41.73801920032713,41.898921966552734,2709900.0
2017-04-12,41.66560509537471,42.075904154819895,41.56101785709871,42.00349807739258,2385900.0
2017-04-13,41.97937812353719,42.09200915613098,41.75411605834961,41.75411605834961,1503900.0
2017-04-17,41.802381145246166,41.99546509088784,41.73802187600907,41.93110275268555,1870600.0
2017-04-18,41.85064192316958,42.32530330154883,41.80237018217758,42.15635681152344,2279000.0
2017-04-19,42.22072184592646,42.31726227216708,41.91500691570555,41.92305374145508,2150500.0
2017-04-20,41.9311003968634,42.28508709915752,41.83455996394911,42.196590423583984,2015300.0
2017-04-21,42.17245461384903,42.30922304555184,41.99546432495117,41.99546432495117,2332200.0
2017-04-24,42.30116625041427,42.582743715716745,42.21266959875801,42.52642822265625,1921500.0
2017-04-25,42.59883637725752,42.79996402486594,42.49424914119112,42.743648529052734,1809000.0
2017-04-26,42.79997778726365,43.009149257691504,42.71148110282541,42.80802154541016,2191900.0
2017-04-27,42.816061724214784,43.21027026045451,42.75974621903768,42.985008239746094,1708900.0
2017-04-28,42.864330322122655,42.864330322122655,42.37357829025576,42.534481048583984,2810100.0
2017-05-01,42.58274152530659,42.751687995797646,42.34138898618164,42.51837921142578,1948100.0
2017-05-02,42.5666622140426,42.64711205872428,42.4540312039023,42.534481048583984,2277000.0
2017-05-03,42.510346330148494,42.6792928438534,42.23681256411752,42.5666618347168,2158400.0
2017-05-04,43.04936796839381,43.950422198922894,42.98500870562168,43.92628479003906,4491100.0
2017-05-05,44.071097152067736,44.55380543522254,43.97455672302274,44.49748992919922,4491600.0
2017-05-08,43.829744580655216,45.133051115200914,43.45162355222085,44.16764068603516,3909000.0
2017-05-09,44.24809197401171,44.42508532397655,44.09523603383798,44.17568588256836,3207100.0
2017-05-10,44.11132628163043,44.34463206875877,43.8538800159297,43.87801742553711,3266800.0
2017-05-11,43.74125142588488,44.44922179063879,43.612529820381006,44.25613784790039,3337100.0
2017-05-12,44.07109308369783,44.22395207362007,43.24244808388007,43.403350830078125,2379600.0
2017-05-15,43.24244876665418,43.58034177693708,43.18613326494036,43.47575759887695,2113900.0
2017-05-16,43.64471111463711,43.82170447357638,43.54817067747258,43.596439361572266,2458500.0
2017-05-17,43.59642748944151,43.95845786642723,43.28266885237533,43.76537704467773,3155400.0
2017-05-18,43.76538592329817,43.94237620098025,43.48380532009017,43.78952026367188,2735900.0
2017-05-19,43.77343359111254,43.99869563863169,43.60448705547319,43.91020202636719,5176200.0
2017-05-22,43.93434426210604,44.32050915678774,43.926297433840254,44.20787811279297,1846700.0
2017-05-23,44.11938379766905,44.19983367087573,43.54818171859019,43.62863159179688,3483900.0
2017-05-24,43.57229938964685,43.805608229200566,43.46771213933574,43.62057113647461,2165000.0
2017-05-25,43.684925266665694,43.79755626040605,43.379210377253,43.6688346862793,2826200.0
2017-05-26,43.6607986667372,43.83779201338423,43.58034575054994,43.78952026367188,1707100.0
2017-05-30,43.73319468129266,43.74928526082306,43.40334547333,43.60447311401367,2116500.0
2017-05-31,43.70906691494616,43.91823834234657,43.45162067273571,43.89410400390625,3648900.0
2017-06-01,44.0308729005988,44.56989669799805,43.94237622722243,44.56989669799805,2648200.0
2017-06-02,44.63426047611183,44.92388486592024,44.53772003583078,44.83538818359375,2412700.0
2017-06-05,44.70667056571556,44.83539218723977,44.5457677715689,44.626220703125,2117500.0
2017-06-06,44.44922246636593,44.60207841617392,44.18373242468524,44.32854461669922,2660500.0
2017-06-07,44.30441360168752,44.36877594473421,43.853886407257015,44.04697036743164,2459800.0
2017-06-08,44.04695592855896,44.280264742174936,43.89410001737836,44.24003982543945,2775700.0
2017-06-09,44.24808783024452,44.481396666264615,44.14350058151745,44.40094375610352,1656100.0
2017-06-12,44.4411720514282,44.658387237945824,44.3848534794456,44.50553131103516,2338700.0
2017-06-13,44.4331246601812,44.658386669384775,44.32049365557942,44.553802490234375,1537800.0
2017-06-14,44.6583893649766,44.787110959286125,44.46530850799476,44.58598327636719,1704600.0
2017-06-15,44.27222506797939,44.7951582768943,44.18372839548934,44.67448043823242,2477100.0
2017-06-16,44.27222055292816,44.27222055292816,42.30921565111554,43.749290466308594,10213400.0
2017-06-19,43.93433713687824,43.966518306790704,43.41945069413974,43.84584045410156,4110900.0
2017-06-20,43.717120350739535,43.96651982271235,43.314864919860064,43.33095550537109,3641600.0
2017-06-21,43.32290203669383,43.50794220722111,42.82410623817943,42.92064666748047,2133100.0
2017-06-22,42.94477868896555,42.98500360704755,42.38966438495447,42.46207046508789,2535300.0
2017-06-23,41.60928470844098,41.8586810032981,39.82327038776949,40.161163330078125,11250300.0
2017-06-26,40.434702880028816,40.54733694606588,39.91177281233981,40.185306549072266,4781800.0
2017-06-27,40.16921773010102,40.29793931368197,39.5980158947708,39.63824081420898,3761600.0
2017-06-28,39.76696517913939,40.45884489013968,39.67846850880705,40.12094879150391,4101800.0
2017-06-29,40.18531732317679,40.41862620478795,40.032458298482766,40.112911224365234,4273400.0
2017-06-30,40.17725848891249,40.60365119624645,40.17725848891249,40.49102020263672,3792400.0
2017-07-03,40.61974441078828,40.82891583120471,40.54733832892017,40.659969329833984,2303400.0
2017-07-05,40.75715937038246,40.83813798350132,39.85828255473716,39.98785018920898,4398300.0
2017-07-06,39.8825668259451,40.04452710600952,39.69631358506841,39.76919555664063,3148000.0
2017-07-07,39.85017979445626,40.15790406123552,39.5586518668902,40.044532775878906,2900300.0
2017-07-10,40.0769143364458,40.133599963398765,39.61532651975947,39.979736328125,3558900.0
2017-07-11,39.97974131218209,40.295562155758894,39.85827342034084,39.87446975708008,2700800.0
2017-07-12,40.12551195171411,40.79764613748055,40.12551195171411,40.65188217163086,3083600.0
2017-07-13,40.7490470975098,40.870518068889126,40.67616513250922,40.80573272705078,2556000.0
2017-07-14,40.927210790830486,41.08107137065683,40.85432881319998,40.95150375366211,2474000.0
2017-07-17,40.94339993506805,41.105357111002746,40.813832340839205,41.07296752929688,1850000.0
2017-07-18,41.032475245214734,41.12155354567489,40.7490470975098,40.80573272705078,1516700.0
2017-07-19,40.97580014996336,41.31591710378358,40.83813589686806,41.29972076416016,1726400.0
2017-07-20,41.29162853854029,41.41309646495457,41.024393539983656,41.15396118164063,2453800.0
2017-07-21,41.08917038555183,41.42118759152516,41.04867799600692,41.364501953125,1570900.0
2017-07-24,41.34831760365096,41.9394702106052,41.24304292075496,41.7451171875,2298000.0
2017-07-25,41.87466724489373,42.16619511248862,41.70461035184177,42.0852165222168,2379000.0
2017-07-26,42.10951482556344,42.368650054282206,42.06902552528905,42.19859313964844,1687200.0
2017-07-27,42.19048637859183,42.59538549197231,41.99613653408485,42.56299591064453,3028300.0
2017-07-28,42.27957707711743,42.51441937314266,42.0447347810922,42.31196975708008,2631400.0
2017-07-31,42.38484497912852,42.68446949813234,42.1014167975216,42.61158752441406,2805400.0
2017-08-01,42.78164267605811,42.83832830595795,42.46581876629956,42.579193115234375,2026200.0
2017-08-02,42.4577257454854,42.724957582096216,42.29576546525757,42.66017532348633,1665800.0
2017-08-03,42.70876423601979,42.943603398217576,42.09331579039733,42.19049072265625,2498200.0
2017-08-04,42.10950841507754,42.384839939818455,42.10950841507754,42.37674331665039,2286800.0
2017-08-07,42.482010758379005,42.64397100830574,42.34434655387891,42.49820709228516,2280600.0
2017-08-08,42.41723237048871,42.4739179997494,42.1176047996706,42.174293518066406,3290400.0
2017-08-09,42.05282294175508,42.2552725021952,41.45357088363282,41.55884552001953,3388900.0
2017-08-10,41.502166998556085,41.5588526380574,41.17014978613307,41.19444274902344,2963400.0
2017-08-11,41.30780609072579,41.963743764948426,41.19443483350745,41.76939392089844,3803600.0
2017-08-14,42.05282358304287,42.05282358304287,40.53040200035896,41.37259292602539,4375500.0
2017-08-15,41.55075758600131,42.01234243320157,41.44548292759935,41.77750015258789,2946900.0
2017-08-16,41.89896282854045,41.98803804119736,41.43737498387832,41.45357131958008,3356800.0
2017-08-17,41.29971076411616,41.80988452674838,41.21873217474254,41.45357131958008,3383900.0
2017-08-18,41.30781032399758,41.72890581477367,41.162049470589885,41.4373779296875,2100700.0
2017-08-21,41.45357426654066,41.61553454593692,41.291617076279806,41.4373779296875,2229900.0
2017-08-22,41.55885127843761,41.83418284235169,41.46167634091957,41.79369354248047,1755900.0
2017-08-23,41.66412202754599,41.89086455689873,41.43737640905798,41.83417892456055,1875300.0
2017-08-24,42.57110526804837,42.63589062835342,41.46168223048038,41.47787857055664,5272800.0
2017-08-25,41.59933574955954,42.59538723862303,41.55074983100804,42.36864471435547,3897700.0
2017-08-28,42.11760287186084,42.28766284099405,41.96374232650077,42.222877502441406,3114400.0
2017-08-29,42.22288174474456,42.53870257908308,42.09331414375606,42.34435272216797,2537400.0
2017-08-30,42.36054985170433,42.91930956221807,42.23907887200618,42.68446731567383,3101200.0
2017-08-31,42.797833012810806,42.919303976700725,42.619679512009846,42.65206909179688,3134000.0
2017-09-01,42.87881938031826,43.03267994084285,42.69256614732473,42.895015716552734,1594100.0
2017-09-05,42.89501180630521,43.113657691836245,42.71685521310178,42.93550109863281,2141800.0
2017-09-06,42.97598786941309,43.0002808255573,42.65206737152781,42.84642028808594,2312700.0
2017-09-07,42.85452106307412,43.09746300459682,42.53870024605673,43.00838470458984,3028700.0
2017-09-08,42.789744259152975,43.04078285576166,42.55490199998376,42.85452651977539,1735800.0
2017-09-11,43.040792063401526,43.17035970150004,42.84643906168567,43.1541633605957,1440700.0
2017-09-12,43.2027354289651,43.21083514138588,42.741150673306166,42.79783630371094,3059400.0
2017-09-13,42.87071720558214,43.58334051329687,42.79783524128023,43.31610870361328,2579500.0
2017-09-14,43.186545461942906,43.25942434445325,42.25527616748448,42.66017532348633,3998000.0
2017-09-15,42.73305355814024,43.45377349853516,42.61158258630813,43.45377349853516,5034100.0
2017-09-18,43.36469250947921,43.71290597873404,43.25941787969323,43.67241668701172,3480500.0
2017-09-19,43.656217647830665,43.98013813981101,43.58333569159183,43.66431427001953,2354500.0
2017-09-20,43.939647248174175,44.10160749964432,43.65621912495256,44.044921875,2924000.0
2017-09-21,44.02873569481952,44.0611283704109,43.5590542552868,43.623836517333984,2064000.0
2017-09-22,43.62382839284877,43.68051402000879,43.17843999839076,43.21892929077149,2382000.0
2017-09-25,43.32420938477587,44.05302909606176,43.25942403749029,43.8019905090332,2370000.0
2017-09-26,43.850584205424624,44.1097194439877,43.58334925301761,43.81819152832031,2004900.0
2017-09-27,43.85867787983913,44.08542042604533,43.51046434723074,43.83438491821289,2228400.0
2017-09-28,43.76959991455078,44.03683485109503,43.59144637932347,43.76959991455078,2017600.0
2017-09-29,43.72910700236285,44.01253516394628,43.64002869754084,43.68861770629883,1807800.0
2017-10-02,43.69671717587604,43.91536309582475,43.656227877174906,43.7129135131836,1617300.0
2017-10-03,43.680515677867135,43.8262796072781,43.37279457278629,43.51855850219727,1476500.0
2017-10-04,43.64813036371525,44.08541910556701,43.43758107214273,43.9234619140625,2040200.0
2017-10-05,44.01308604773399,44.387872777004816,43.95605341971648,44.23307037353516,1647900.0
2017-10-06,44.04568570723097,44.298257936031824,44.01309473962901,44.1841926574707,1622800.0
2017-10-09,44.18418228310427,44.404166600696975,43.9316070055619,43.97234725952149,2716100.0
2017-10-10,44.01308640998517,44.34713599457077,43.91531663372832,43.93975830078125,1835000.0
2017-10-11,44.09456382014822,44.306401976387264,43.74421873009896,43.81754684448242,2066000.0
2017-10-12,43.80940585083715,44.33084890024572,43.67089579256227,44.22492980957031,1406800.0
2017-10-13,44.35529217106861,44.59972132883133,44.27381785717827,44.36344146728516,1333100.0
2017-10-16,44.37971864984324,44.721914356719005,44.29009507669638,44.60784912109375,1390100.0
2017-10-17,44.47749202809152,44.86857419980116,44.17603343682374,44.67303466796875,1329700.0
2017-10-18,44.69747362703044,44.844129821050494,44.43675219500472,44.70561981201172,1627300.0
2017-10-19,44.65674882128003,44.77081409079322,44.42861517420816,44.59971618652344,1933200.0
2017-10-20,44.7219123840332,44.85227309157536,44.46119096894889,44.7219123840332,1965700.0
2017-10-23,44.75450987955654,44.90116608548329,44.62414915295996,44.77080535888672,1447800.0
2017-10-24,44.787109573301606,44.87673317307497,44.56712522150667,44.59971618652344,1511300.0
2017-10-25,44.67305711336597,44.73823595404343,44.20049730925727,44.444923400878906,1902500.0
2017-10-26,44.50194419143185,44.80340596186514,44.50194419143185,44.697486877441406,1778300.0
2017-10-27,44.444905058955605,44.705626530161325,44.3063981371473,44.64859390258789,1773900.0
2017-10-30,44.48563948678496,44.61600021441921,44.27380446989613,44.55896759033203,2615300.0
2017-10-31,44.550819680884665,45.42260759596636,44.52637801666296,45.316688537597656,2933000.0
2017-11-01,45.23522367178457,45.51224065348388,44.86043690479298,45.26781463623047,2734100.0
2017-11-02,45.42260924404164,45.58556093020324,45.23521589277152,45.49593734741211,2019900.0
2017-11-03,45.62630495670292,46.628453781893626,45.50409039663646,46.16404342651367,4343600.0
2017-11-06,44.97449599284659,45.5611177320443,43.95605180418632,44.13529586791992,5300200.0
2017-11-07,44.16788318876808,44.24936058197476,42.61170072103537,42.84798049926758,4523600.0
2017-11-08,42.856135864832815,44.07826905232477,42.856135864832815,43.980499267578125,3613300.0
2017-11-09,43.95605559547781,44.102711819937866,43.58126884765559,44.01308822631836,2627300.0
2017-11-10,43.95604511130004,44.29824081472449,43.809388921819696,44.15158462524414,1717900.0
2017-11-13,44.110858006609966,44.33084234330005,43.87457818853041,44.01308822631836,2258500.0
2017-11-14,43.83384208341615,44.787107565117935,43.71163063215128,44.7545166015625,1931500.0
2017-11-15,44.71377360313421,44.71377360313421,44.01308351856061,44.07826232910156,1927900.0
2017-11-16,44.36342912281737,44.69747868968924,44.200477432333415,44.38787078857422,2002900.0
2017-11-17,44.2575021691615,44.9256011838206,44.241206692213176,44.7219123840332,2740900.0
2017-11-20,44.71376983270484,44.93375412731492,44.42860362500525,44.7870979309082,1737000.0
2017-11-21,44.71377580940245,44.78710391740727,44.44490504403644,44.52638244628906,1900000.0
2017-11-22,44.59970748021325,44.78710083041036,44.44490198062594,44.73006820678711,1216500.0
2017-11-24,44.81968506113955,44.974490548223926,44.607850063082815,44.74635696411133,621100.0
2017-11-27,44.73005955704821,45.06410904854922,44.7056147887618,44.94189453125,1557900.0
2017-11-28,44.87671297235914,45.9033030439161,44.81153107166647,45.89515686035156,2317000.0
2017-11-29,45.83813339493649,47.2802506987512,45.82184102345276,47.01138305664063,3521700.0
2017-11-30,47.25581196192069,47.80169657375709,46.57141731952969,47.03582763671875,4420000.0
2017-12-01,46.96249953308248,47.12545123043879,46.4573520685185,47.07656478881836,2179000.0
2017-12-04,47.32914134258478,48.60830707281313,47.25581323221299,48.50238800048828,3382400.0
2017-12-05,48.2986946105957,48.38831819352001,47.76095622109475,48.2986946105957,3361400.0
2017-12-06,48.66533768823395,48.83643556933899,48.17648571134952,48.494239807128906,3402600.0
2017-12-07,48.55942399319317,49.94450889167976,48.48609587774255,49.62675476074219,3975700.0
2017-12-08,49.87932286635817,51.158488500411416,49.70822188299156,51.03627395629883,4431100.0
2017-12-11,50.53927230128284,50.8162892387691,50.23781369838586,50.49853515625,2872900.0
2017-12-12,50.56371906817568,50.77555409552487,50.26225734534886,50.38447189331055,2543700.0
2017-12-13,50.2622480704808,50.58000521493662,50.15633213037336,50.20521545410156,2237600.0
2017-12-14,50.14004954148252,50.21337765396812,49.59416179119075,49.61860656738281,3086600.0
2017-12-15,49.716380169602985,49.87933188854621,49.43936317981317,49.65934753417969,5965600.0
2017-12-18,49.683784115172045,50.539276666940246,49.683784115172045,49.97709655761719,2454200.0
2017-12-19,50.16449212811968,50.54742817900536,49.63489984957758,49.71637725830078,2550200.0
2017-12-20,49.81413299025757,49.94449369940008,49.47193729427513,49.52082061767578,1596900.0
2017-12-21,49.748963849259965,49.81414266246449,49.30899520496039,49.36602783203125,1786400.0
2017-12-22,49.48824982846804,49.61046128713659,49.260116177804775,49.471954345703125,1627400.0
2017-12-26,49.59416308601791,49.74896860977663,49.4067697065611,49.504539489746094,969200.0
2017-12-27,49.626747124219705,49.700075228386666,49.49638639548344,49.58600997924805,1173800.0
2017-12-28,49.643050950567286,49.7571162188843,49.504540904721296,49.74897003173828,847000.0
2017-12-29,49.74896568266367,49.903768089268816,49.47194872323409,49.48009490966797,1111700.0
2018-01-02,49.447500301684464,49.977092514145774,49.26010694707145,49.29269790649414,2745700.0
2018-01-03,49.53712753113942,49.67563756485527,49.13789912699264,49.39862060546875,2537200.0
2018-01-04,49.37403081396029,50.06251342123139,49.11994686756638,49.86580276489258,3063400.0
2018-01-05,49.99694172402835,50.40675272176629,49.93956843447383,50.36577224731445,2640200.0
2018-01-08,50.39856207523393,50.70182136336784,50.07890684402192,50.47232818603516,2577400.0
2018-01-09,50.51330087006237,50.75918682592468,50.29200257180343,50.30839538574219,2388000.0
2018-01-10,49.873994868375696,50.423143205794354,49.472381860060665,50.28380584716797,3377100.0
2018-01-11,50.39037319594653,50.39857116896479,49.6773027472776,50.17727279663086,1744700.0
2018-01-12,50.31659022940679,50.75098885565052,50.07070427354448,50.30839538574219,3026100.0
2018-01-16,50.734602674121774,50.98868349120586,50.49691154549942,50.58707046508789,2438200.0
2018-01-17,50.88214167593128,51.29195272759976,50.71001865800677,50.98049545288086,1906800.0
2018-01-18,51.02147105256704,51.22637655880225,50.84115320656489,50.996883392333984,1897600.0
2018-01-19,51.24276580081887,51.88206993517242,51.15260688410549,51.80830383300781,2303900.0
2018-01-22,51.77552334883941,52.168944683884725,51.71815005552239,52.11976623535156,1647700.0
2018-01-23,52.01321736230685,52.26730133716061,51.74274369698137,51.91486358642578,1734300.0
2018-01-24,52.10336531728696,52.61153315994805,51.86567420958512,52.23450469970703,1907800.0
2018-01-25,52.34106102779936,52.586950127243504,52.25909695244805,52.44761276245117,1456700.0
2018-01-26,52.39024053735584,52.55416870117188,52.02141311190484,52.55416870117188,1446000.0
2018-01-29,52.619729058120015,52.6771023470747,51.95583724975586,51.95583724975586,1706000.0
2018-01-30,51.84928300575789,52.529567596117815,51.824695347856206,51.8820686340332,2078300.0
2018-01-31,52.029602472159546,52.59514050796432,51.35751270441136,51.529632568359375,4355200.0
2018-02-01,51.28375936376646,51.32473984729357,50.50511767030947,50.808380126953125,2517400.0
2018-02-02,50.72640103809178,51.03785824872702,49.99693801646966,50.14447021484375,4004200.0
2018-02-05,49.64450178951979,49.65269976000839,47.11186981201172,47.11186981201172,5834700.0
2018-02-06,46.24306810632383,49.152728479025726,45.90702323778825,48.88225173950195,4520600.0
2018-02-07,48.70193453479137,49.18551160803789,47.865922901214965,47.89051055908203,3559000.0
2018-02-08,48.05443322105847,48.07082603437052,46.68566301229191,46.718448638916016,3957600.0
2018-02-09,47.18564109509312,48.18558099505544,46.5299440814334,47.808555603027344,3106100.0
2018-02-12,48.144600380684686,48.44785966239837,47.56266635152387,47.644630432128906,3809400.0
2018-02-13,47.57086626486909,47.997070121584194,47.47250936412783,47.882320404052734,2106500.0
2018-02-14,47.75937159735158,47.95607911525607,47.54626813857717,47.8249397277832,2551300.0
2018-02-15,48.00526036077922,48.66095733642578,47.66102062104345,48.66095733642578,2078500.0
2018-02-16,48.562602090835576,49.382224067052206,48.4232678556514,49.17731857299805,2251800.0
2018-02-20,48.74291542528582,48.76750308178684,48.12819899988515,48.25933837890625,2477200.0
2018-02-21,48.30851696126546,48.80848685468512,47.98886489868164,47.98886489868164,1780100.0
2018-02-22,48.24294662475586,48.63636477045567,48.16098255693747,48.24294662475586,1565500.0
2018-02-23,48.30851366602423,48.915035247802734,48.24294553985353,48.915035247802734,1367100.0
2018-02-26,49.00519396721143,49.41500491567125,48.95601552781687,49.40680694580078,1823500.0
2018-02-27,49.4068200837409,49.97236134403053,49.05438232421875,49.05438232421875,2165000.0
2018-02-28,49.218300261235406,49.75105580956895,48.88225536775711,48.89045333862305,2724900.0
2018-03-01,48.84128151628311,49.48058575968714,48.456058125201096,48.7347297668457,3148000.0
2018-03-02,48.57899902547069,49.15273508280203,48.57899902547069,48.89865112304688,2380300.0
2018-03-05,48.81669906166596,49.308471128040736,48.431475629485696,49.21011734008789,2553500.0
2018-03-06,49.21011892954698,49.89860172067561,49.08717434567697,49.890403747558594,2136500.0
2018-03-07,49.398617274346165,49.513363851670846,49.11994567515349,49.28387069702149,2315100.0
2018-03-08,49.37402461168029,49.57893008659717,49.25108007608639,49.57073211669922,2483300.0
2018-03-09,49.74285193997315,50.23462695548949,49.57073209151667,50.2264289855957,1562400.0
2018-03-12,50.316593510882086,50.35757398509681,49.52155917935531,49.60352325439453,1814100.0
2018-03-13,49.8330176215626,50.193653307274296,49.65270290531659,49.75105667114258,1545200.0
2018-03-14,49.69369615822879,49.77565712972337,48.93964208871394,49.0789794921875,6084500.0
2018-03-15,49.01338717590865,49.08715326923574,48.505222492216056,48.66914749145508,3008000.0
2018-03-16,48.79210337041594,49.52976452251876,48.7019444377578,49.27568054199219,4533800.0
2018-03-19,49.26747488987111,49.43139990178298,49.111744721580536,49.32484817504883,4285200.0
2018-03-20,49.48877416653514,49.58712792498524,49.34124196555517,49.52975463867188,3001300.0
2018-03-21,49.51336142859415,49.69367925648555,49.27567031484812,49.42320251464844,4319000.0
2018-03-22,49.374027176898345,49.43140046272714,48.84946650750577,48.98880386352539,8655500.0
2018-03-23,49.0789654822366,49.29206582325784,48.53801509560295,48.61997604370117,3799600.0
2018-03-26,49.087165584258415,49.2265029628819,48.5052346612435,49.14453887939453,2900600.0
2018-03-27,49.34124985383549,49.34124985383549,48.33311507037303,48.65276718139648,3903200.0
2018-03-28,48.619976861687206,48.96421972803278,48.538015912210064,48.66095733642578,3276500.0
2018-03-29,48.800299108577846,49.34124955315413,48.759318630139205,49.14453887939453,2374900.0
2018-04-02,49.078967165711305,49.11994764116611,47.63643066746746,47.8331413269043,3255300.0
2018-04-03,47.99707279343611,48.783909283506304,47.94789434032786,48.71833801269531,2362000.0
2018-04-04,48.40687808442135,50.382167046231466,48.40687808442135,50.169063568115234,3631500.0
2018-04-05,50.32570215783848,50.50708360875736,49.583677124194345,49.72383880615234,3912000.0
2018-04-06,49.50948914245434,50.16906539631675,48.99831793884943,49.2374153137207,3295700.0
2018-04-09,49.42704968558354,49.7733260842512,48.858162537618,49.34460067749024,3052200.0
2018-04-10,49.79805347182287,50.23502212885376,49.44353066306319,49.979434967041016,2688400.0
2018-04-11,49.78980960528923,50.25975788426264,49.68262748084212,49.89699172973633,1757100.0
2018-04-12,50.12783022662892,50.30096836127179,49.715594775513374,49.88873291015625,1686900.0
2018-04-13,49.86399880434027,49.98767069527426,49.62490149259154,49.81452941894531,2458500.0
2018-04-16,49.97942681637696,50.55655709547928,49.93820389896401,50.50708770751953,2821300.0
2018-04-17,50.82862763133365,51.61187239918392,50.55655074936803,51.52942657470703,2733300.0
2018-04-18,51.7850209526289,51.9746488917053,50.92757041889529,50.99352645874024,2653800.0
2018-04-19,50.83687965635036,51.018264275371,50.35044166042815,50.77092361450195,2389700.0
2018-04-20,50.869863161433926,50.95230900636085,50.07012525619178,50.41640472412109,2640300.0
2018-04-23,50.54008710652767,50.78742785304705,50.37519222714534,50.57306671142578,1389500.0
2018-04-24,50.76267634275686,51.32331684260595,50.64725091251272,51.05948638916016,1941100.0
2018-04-25,50.96055544470041,51.65311123500023,50.79566060984667,51.48821640014648,2146300.0
2018-04-26,51.628374712216,52.21375153033089,51.22438567116864,51.90045166015625,2060800.0
2018-04-27,51.941674495583335,52.31268708528755,51.73555673964848,52.254974365234375,1469700.0
2018-04-30,52.37864833944928,52.50232026334915,51.38103905636359,51.56242370605469,2942300.0
2018-05-01,51.55417186664821,52.32093016674499,51.31507766116466,52.01587677001953,4113600.0
2018-05-02,51.842731632913605,52.13954166333844,51.24086824682187,51.78501892089844,4189200.0
2018-05-03,51.67784910837121,51.719072034595975,50.88635760246808,51.2656135559082,4349600.0
2018-05-04,51.075987670441855,51.8015231531132,50.92758261387027,51.35630798339844,9179300.0
2018-05-07,51.63661099807486,53.400974995469255,50.58128615542128,52.33740997314453,5174700.0
2018-05-08,52.04885719502094,52.31268767397793,51.41401412218463,51.72731399536133,4543700.0
2018-05-09,51.76854619934447,52.44461231601908,51.70258699522599,52.35391998291016,3301400.0
2018-05-10,52.60125127749108,52.658963998193705,51.65311147658546,51.72731399536133,2196100.0
2018-05-11,51.71082045709117,52.09007635002218,51.58714855304067,51.79326629638672,2490800.0
2018-05-14,51.9664051904048,52.04885417598862,51.6531084805079,51.85922622680664,2274600.0
2018-05-15,51.65311098164253,52.114812742839504,51.545928867747214,51.90045166015625,2985000.0
2018-05-16,51.98288779177342,52.279697808574745,51.91693175754356,52.230228424072266,2520300.0
2018-05-17,52.33742261958433,52.74965815043655,52.139551326035466,52.65072250366211,1911900.0
2018-05-18,52.73315905721314,52.766138648694245,52.28794400753912,52.38688278198242,2178200.0
2018-05-21,52.53530429644912,52.823867949760384,52.40338903420569,52.46934509277344,1418400.0
2018-05-22,52.57652209396563,52.84859591979965,52.44460684459904,52.51056289672852,1799300.0
2018-05-23,52.38689665762666,52.881578080440974,52.35391705741031,52.84859848022461,1496400.0
2018-05-24,52.856843751574765,53.31854556367978,52.67545909961482,53.252586364746094,1472200.0
2018-05-25,53.27731807390475,53.9204044449287,53.194865942059,53.60710144042969,1934000.0
2018-05-29,53.516411725197045,53.77199570368314,53.37624688485924,53.71428298950195,1977700.0
2018-05-30,54.06056522453376,54.835570006162186,53.84620099531881,54.45631408691406,2428000.0
2018-05-31,54.25019501663608,54.58822486008962,53.55763609678129,53.61534881591797,2695000.0
2018-06-01,53.81321437144054,54.25842942464423,53.7142818864268,53.92864608764648,1796800.0
2018-06-04,53.961631991803365,54.52227260193551,53.86269948368414,54.20072937011719,1911200.0
2018-06-05,54.14301446884744,54.39035830964114,53.86269732014875,54.274932861328125,2693700.0
2018-06-06,54.41508059229527,54.41508059229527,53.93688595016618,54.23369598388672,1511900.0
2018-06-07,54.0852981080885,54.53875968898191,54.0852981080885,54.21721649169922,1685400.0
2018-06-08,54.28316324278882,54.5964662232584,54.21721034867093,54.53875350952149,1546400.0
2018-06-11,54.53876000754838,54.93450258026261,54.46455434378023,54.75312423706055,2476400.0
2018-06-12,54.89328760917622,54.918020735859606,54.36562660587955,54.59647750854492,3182700.0
2018-06-13,54.78609982490728,54.78609982490728,54.31615156885048,54.32439804077149,2437900.0
2018-06-14,54.33264208537776,54.85205656932565,54.33264208537776,54.81083679199219,2510900.0
2018-06-15,54.56349863870282,55.20658510192585,54.48105278525135,55.14887237548828,3680000.0
2018-06-18,54.91801039194112,55.11588165835409,54.70364618403549,55.0334358215332,2032300.0
2018-06-19,54.83556134426384,55.21481720360421,54.75311551227051,55.1571044921875,1129600.0
2018-06-20,55.3549722280904,55.68476182531276,55.16534745558159,55.58582305908203,1312900.0
2018-06-21,55.77546682703911,56.31961443972737,55.54461594346137,56.12998962402344,1797400.0
2018-06-22,56.34435501369253,56.34435501369253,55.693028344720766,55.890899658203125,2239400.0
2018-06-25,55.83318011560337,56.418553802117074,55.79195404731041,56.253662109375,2164100.0
2018-06-26,56.32784821100861,56.369074269587095,55.80018737031357,56.23715591430664,1197200.0
2018-06-27,56.34433425801479,56.59167802641494,56.0310376028928,56.11348342895508,1492100.0
2018-06-28,56.1052587364984,56.7813247611681,56.08051932065879,56.35259628295898,2004800.0
2018-06-29,56.36908648074724,56.72360927459652,56.10525600324648,56.30312728881836,2008900.0
2018-07-02,56.15472355091562,56.46802028450205,55.775467623874704,56.03105163574219,1578700.0
2018-07-03,56.212432948695245,56.77307347947688,56.07227438855347,56.50924301147461,851800.0
2018-07-05,56.658427020263886,57.503824984659765,56.63356330416802,57.48725128173828,1667300.0
2018-07-06,57.32150532224998,57.72762755574756,57.271771552433584,57.50384140014648,1442100.0
2018-07-09,57.63644324585521,57.84364932324608,57.30491225734429,57.4623908996582,1695100.0
2018-07-10,57.51212306238199,57.94311527990316,57.41266186062444,57.72761917114258,1422400.0
2018-07-11,57.669616382717535,57.71934383452765,57.164032877882136,57.52042770385742,1769800.0
2018-07-12,57.6613176807946,57.967985008766725,57.520419039602885,57.88509750366211,1348100.0
2018-07-13,57.810496724396906,58.7056285138812,57.66959810663394,58.63103103637695,1552000.0
2018-07-16,58.52328550473506,58.738781597624566,58.2829256940944,58.423824310302734,1894500.0
2018-07-17,58.39068281397852,59.11176239699515,58.39068281397852,58.90455627441406,2104900.0
2018-07-18,58.9128444598308,59.09518685378658,58.20005491441937,58.282936096191406,2767600.0
2018-07-19,58.39069073914023,58.8879905595748,58.08402968309278,58.74708557128906,2577600.0
2018-07-20,58.59788107121294,59.03716330380223,58.58130736593985,58.84653091430664,1886800.0
2018-07-23,58.9294077038044,59.3106661310058,58.61445673961916,58.7304916381836,1574400.0
2018-07-24,58.299496915163225,58.67247163582879,57.90995481460611,58.20833206176758,2544600.0
2018-07-25,58.21662611881906,58.82167073426041,58.06743746867109,58.788516998291016,1781000.0
2018-07-26,58.94599466511863,59.61734041770187,58.94599466511863,59.45986175537109,1891100.0
2018-07-27,59.53445677535658,59.65049168276483,59.13661829036528,59.24436950683594,1793800.0
2018-07-30,58.771944995429216,58.87139988279135,54.52007150469287,55.25772476196289,8065400.0
2018-07-31,55.14168708064057,55.97880150674409,54.95106100713176,55.70528793334961,5212300.0
2018-08-01,55.70528355984231,56.03681456307069,55.241143949379335,55.58924865722656,3021100.0
2018-08-02,55.48978575213024,56.56725989861786,55.41519459849825,56.39320755004883,3220600.0
2018-08-03,56.50095798806097,57.047985128833226,56.45123054741926,56.83248901367188,1749800.0
2018-08-06,57.089413595595424,58.09229020619696,57.089413595595424,57.78562927246094,3598800.0
2018-08-07,57.95968055554157,58.009407987473935,57.42923353683879,57.64472961425781,2186500.0
2018-08-08,57.65301559379681,58.0922914557857,57.48725326515375,57.89337539672852,2088000.0
2018-08-09,58.00111934743073,58.58129374854855,57.893368156204055,58.04255676269531,1744700.0
2018-08-10,57.0396860105103,57.653014199772656,56.49266528047289,56.75788879394531,3870900.0
2018-08-13,58.92113384678864,61.3744600636899,58.92113384678864,60.2969856262207,8091200.0
2018-08-14,60.65336041649552,61.946324256009845,60.04003222639607,61.49047470092773,3969600.0
2018-08-15,61.11752156841894,62.26958720630889,60.5456369192882,62.07067108154297,3553400.0
2018-08-16,62.32758745034612,62.4353386608687,60.79426369558385,61.23353958129883,3430400.0
2018-08-17,61.28326672728595,62.16181840389767,61.018043221699735,62.02091979980469,5075300.0
2018-08-20,62.08722868427896,62.36073588573867,61.68939025504081,62.31100845336914,2841900.0
2018-08-21,62.269569447001736,62.33587691082266,61.43246142911679,61.63966751098633,2887700.0
2018-08-22,61.76398442981888,62.327585210188175,61.623085815583465,62.22813034057617,1810400.0
2018-08-23,62.16183172422189,62.5762439357167,62.10381426754975,62.33588409423828,2386300.0
2018-08-24,62.518220392585846,62.97407631022171,62.28615058849046,62.80830764770508,2928500.0
2018-08-27,62.38560539731555,62.509930313216,61.62308852082035,61.78056716918945,2233300.0
2018-08-28,61.78056660863717,62.16182504342551,61.56507051126017,61.66453170776367,1972500.0
2018-08-29,61.81370867003061,62.07064214153604,61.05947563332843,61.482177734375,2901300.0
2018-08-30,61.4407484123464,61.71426197269542,61.25012234792968,61.30813980102539,2079800.0
2018-08-31,61.45731594927129,62.07064408925248,61.32470104147706,62.01262664794922,1880600.0
2018-09-04,61.664523809875774,62.51821175271812,61.664523809875774,62.451904296875,1925600.0
2018-09-05,62.26957962053827,62.37733084770851,61.99607235359028,62.16183471679688,3278200.0
2018-09-06,61.77226677409297,62.261276341540274,61.77226677409297,62.1369514465332,3722700.0
2018-09-07,61.996068805219664,62.47678216037649,61.84688015750107,61.91318130493164,3809500.0
2018-09-10,62.08722811498822,62.75857373953037,61.97947691460582,62.19497299194336,4904900.0
2018-09-11,62.40219545526742,62.42705917775832,62.01264694043294,62.120391845703125,3453800.0
2018-09-12,62.087258349474894,62.22815702412792,61.15068243617221,61.7391471862793,5501500.0
2018-09-13,61.333003486405325,61.72255195272964,60.88543756701748,61.00147247314453,3812200.0
2018-09-14,60.79427303766919,61.12580408723488,60.51247575576709,60.951751708984375,3520300.0
2018-09-17,61.09262062502554,61.09262062502554,60.42956517193583,60.9102783203125,2288000.0
2018-09-18,60.993168010446986,61.10920921251364,60.47930106887733,60.54560852050781,2590300.0
2018-09-19,60.52903356901683,60.83570081594058,60.26381006369231,60.43786239624024,1853700.0
2018-09-20,60.61190719683016,60.92686441762093,60.32182001196474,60.74452209472656,1641900.0
2018-09-21,60.71138269939412,60.81084389629133,60.17264561553304,60.47931289672852,3550900.0
2018-09-24,60.47102423652942,60.78597521527941,60.27210816170985,60.46273422241211,3670100.0
2018-09-25,60.487608154839336,60.99318522680621,60.45445441966589,60.55390930175781,1461000.0
2018-09-26,60.61193632137604,60.91860367754795,60.421310218335485,60.45446395874024,2413200.0
2018-09-27,60.33842515654406,60.76112109186004,60.01518411262996,60.36328887939453,1769900.0
2018-09-28,60.42959037197137,61.06778238117679,60.30526544660117,60.711387634277344,2159200.0
2018-10-01,60.91859742516549,61.2584184868646,60.45445775399477,60.52904891967773,2535000.0
2018-10-02,60.58705937879886,61.06777902464623,60.5621956597771,60.73624801635742,1560600.0
2018-10-03,60.885438178818816,61.109224302475496,60.08147751869703,60.180938720703125,2042200.0
2018-10-04,60.130940853639046,60.31419171861256,59.78109540462888,60.08929061889648,1374800.0
2018-10-05,59.94772069950537,60.35586651835191,59.781126030123325,59.99769592285156,2409900.0
2018-10-08,60.0309868390337,60.63071465903009,59.989336602393,60.530757904052734,1553000.0
2018-10-09,60.222598979961546,60.43083755685638,59.75614024635993,59.80612182617188,2722800.0
2018-10-10,59.70616459661327,59.95605342908367,58.6066651726301,58.6483154296875,3131700.0
2018-10-11,58.65663213386928,58.70661370628438,57.02404269521558,57.04903030395508,3074700.0
2018-10-12,57.59045485848285,57.72373058543175,56.74084434146114,57.32390975952149,2169700.0
2018-10-15,57.15731226899644,57.84865933788168,57.15731226899644,57.44051361083984,1741600.0
2018-10-16,57.68207976056711,58.52336530252218,57.49882881529607,58.42340850830078,1516200.0
2018-10-17,58.473381894645456,58.72327069489608,58.10688637053036,58.623313903808594,1774800.0
2018-10-18,58.73991769159068,59.21470125302039,58.49836660580755,58.76491165161133,1600400.0
2018-10-19,59.18139763795836,59.43961140282714,58.8065644401523,59.22304153442383,2441800.0
2018-10-22,59.364639107277554,59.50624614165324,58.73159853274544,58.96482467651367,1755500.0
2018-10-23,58.564999796941855,59.81443092687759,58.29845474341964,59.55621719360352,2528600.0
2018-10-24,59.5228997342299,61.15548902164844,59.43960559450217,59.95603942871094,2742000.0
2018-10-25,60.0393354538185,60.21425505922029,59.49791399618302,59.73114013671875,2785200.0
2018-10-26,59.339643423183006,59.48125043828499,57.79034841623725,58.14019393920898,2334500.0
2018-10-29,58.52335852637826,59.706151857167725,58.040243609317,58.573333740234375,2906400.0
2018-10-30,58.79822232083711,60.03932840939633,58.59831513168102,59.98102188110352,2599200.0
2018-10-31,60.18925930978542,60.36417889152461,59.206373311249855,59.41461181640625,2565300.0
2018-11-01,59.32300304162413,60.14762597446577,58.92318220316164,59.79778671264648,2479500.0
2018-11-02,59.87273408352331,60.12262283739756,58.91484202185368,59.38129425048828,3201100.0
2018-11-05,54.058724218306494,54.7334150289078,52.63437024349387,53.775516510009766,9316400.0
2018-11-06,53.77551675935442,54.4002323587147,53.250757943668624,53.68389129638672,4382200.0
2018-11-07,53.90046539917563,55.63301165649565,53.82550257171223,55.34980392456055,3921200.0
2018-11-08,55.14988505725598,55.84123842099153,55.10824116909936,55.4414176940918,3106500.0
2018-11-09,55.47473861472622,56.33268027184479,55.33313795101318,55.649658203125,3497800.0
2018-11-12,55.707967304721656,56.63254685390108,55.60801688098467,56.116119384765625,2977600.0
2018-11-13,56.01617014268542,56.5159413934173,55.441429709128826,55.69131851196289,2702500.0
2018-11-14,55.82457213281475,55.84123477093614,55.12489385014318,55.36645126342773,2689700.0
2018-11-15,55.11657957463244,55.20820504782983,54.44188868557567,55.15822982788086,2852200.0
2018-11-16,55.26649339625132,55.76626449603074,55.09990514796962,55.29981231689453,5857000.0
2018-11-19,54.9249952414302,55.24984683117097,54.76673192927198,54.99162673950195,3374400.0
2018-11-20,53.53396539760828,55.074935802212366,53.53396539760828,54.21698760986328,3210100.0
2018-11-21,54.50019294668613,54.84170086027492,53.39236234797234,53.70888900756836,3399500.0
2018-11-23,53.97542930901661,54.48353182864442,53.70055292529621,54.05872344970703,1583600.0
2018-11-26,54.30028090616416,54.44188158083142,53.542289609529504,54.05872344970703,2790000.0
2018-11-27,54.15034796841642,54.50018716618829,53.92544680203773,54.40856170654297,3808800.0
2018-11-28,54.475206160464886,55.69964985596312,54.475206160464886,55.682987213134766,4548200.0
2018-11-29,55.5080722742657,56.46597095971974,55.5080722742657,56.25773239135742,2625900.0
2018-11-30,56.17440930944007,56.35766017202851,55.19984848157736,56.141090393066406,6067800.0
2018-12-03,56.099465146532935,56.14944672082285,55.30816118373176,55.841251373291016,4039300.0
2018-12-04,55.70796366571721,55.95785241860699,54.99162268603048,55.08324813842773,5719300.0
2018-12-06,54.83337757957765,54.974978271151954,53.392363989328494,54.92500305175781,4944700.0
2018-12-07,54.82503428753024,55.00828519187954,53.79217306430275,54.158668518066406,2817100.0
2018-12-10,54.14201759039745,54.50851943535799,53.259085082727175,54.05872344970703,3014400.0
2018-12-11,54.44188195204914,54.81670876517961,54.00041728393773,54.39190673828125,2564500.0
2018-12-12,55.016620479837954,55.233183968839256,54.3919049090068,54.60014343261719,1809200.0
2018-12-13,54.56682355393641,55.28316457104924,54.56682355393641,54.95831298828125,2514600.0
2018-12-14,54.61680630899387,55.249853276541714,54.30028600268805,54.516849517822266,2856200.0
2018-12-17,54.483530820783294,54.52517471289036,53.20910888501376,53.48398208618164,2985400.0
2018-12-18,53.67555579334413,54.05038253740223,53.02584953687783,53.32571029663086,2825900.0
2018-12-19,53.51730200090449,53.85048491858985,52.63436949326576,52.88425827026367,2893600.0
2018-12-20,52.67602554063991,52.800966765426935,50.985126336802416,51.49322891235352,4475300.0
2018-12-21,51.23500132150718,52.29285332780544,50.68525178521893,50.71857070922852,7082200.0
2018-12-24,50.626958285195,50.701924294774464,49.91061712198423,49.93560791015625,1467800.0
2018-12-26,50.08552569092384,51.1100587456084,49.51078538837995,51.00177383422852,5111400.0
2018-12-27,50.84351698519964,51.68479919433594,49.95225638818162,51.68479919433594,3334400.0
2018-12-28,51.95968205865935,52.39281860872536,51.29331935758394,51.87638473510742,2523700.0
2018-12-31,52.00965830275636,52.33451310482427,51.68480667815651,52.192909240722656,1947400.0
2019-01-02,51.776424650051965,51.85139064314075,51.17669670534167,51.68479919433594,2221600.0
2019-01-03,51.62612904677064,51.92788968844756,51.11481275921426,51.44171905517578,3554700.0
2019-01-04,51.60098069879474,52.46434889152743,51.525540542313664,51.84406280517578,3017100.0
2019-01-07,51.86082604649387,52.3553774576625,51.6931809041788,51.80215072631836,3021700.0
2019-01-08,52.02847419823976,52.7828757835111,51.91950436979716,52.62361145019531,2739500.0
2019-01-09,52.47274388716657,52.615243420160574,52.01172200525158,52.37215805053711,4280500.0
2019-01-10,52.26316531536898,53.04271240249392,51.986553586344,53.02594757080078,2033100.0
2019-01-11,52.77448958262276,52.91698907508199,52.42243765577972,52.84154891967773,2151100.0
2019-01-14,52.48950208326628,53.1014042414678,51.96980492929176,52.76611709594727,3873600.0
2019-01-15,52.65714327679899,52.84155327132164,52.347001811291726,52.57332229614258,2415300.0
2019-01-16,51.94465432208533,52.24641496259027,51.40819238232782,52.17935562133789,2832500.0
2019-01-17,52.00332577366876,52.33861286226219,51.94465045322578,52.17097091674805,2910600.0
2019-01-18,52.506265249120354,53.04272722293239,52.078773112978126,52.539794921875,2600300.0
2019-01-22,52.60685031050376,52.69905531046539,51.9865673613237,52.52302932739258,3277000.0
2019-01-23,52.54816374048684,53.01756945915368,52.54816374048684,52.7158088684082,3308600.0
2019-01-24,52.47272637415608,52.47272637415608,51.81891385792829,52.4140510559082,3109400.0
2019-01-25,52.49787706785942,52.98404446436352,51.87759099914439,51.9865608215332,2248500.0
2019-01-28,51.93626726532961,52.212882235454735,51.54230485001303,52.19611740112305,2233800.0
2019-01-29,52.03685615613267,52.422437752212495,51.80215167357371,52.0117073059082,2447000.0
2019-01-30,52.12905697285336,52.88345851416562,52.07876566847597,52.72419738769531,2756300.0
2019-01-31,52.564942123248976,53.545664295982775,52.35538645871914,53.52051544189453,6043800.0
2019-02-01,53.39478221523933,53.6546323818806,53.03434622823216,53.28581237792969,6437200.0
2019-02-04,55.21372515716111,56.44590701155632,55.02931516129584,55.859153747558594,9543900.0
2019-02-05,54.73593618406949,55.096372143690765,54.40902989454448,54.7778434753418,8140600.0
2019-02-06,54.878432343023206,55.09637200051711,54.29167271055973,54.76108169555664,5278700.0
2019-02-07,54.38387379573091,54.71078006091168,54.2832911880631,54.57666778564453,6167000.0
2019-02-08,54.509610902768,55.515481790610345,54.45093558061198,55.49032974243164,6063100.0
2019-02-11,55.59929886231039,55.75017916513725,55.33944554375135,55.56576919555664,3605300.0
2019-02-12,55.56576133106064,56.15251442838012,55.48194037360488,56.1106071472168,4097900.0
2019-02-13,56.14416038901092,56.14416038901092,55.4987253157564,55.7669563293457,3369900.0
2019-02-14,55.51547519443916,56.11061236134661,55.06283430796103,55.792083740234375,2800100.0
2019-02-15,56.19445217566264,56.62194755547328,55.9010755013345,56.613563537597656,4517300.0
2019-02-19,56.70575819839491,56.70575819839491,55.99327029218138,56.16929626464844,3169800.0
2019-02-20,56.24472904084553,56.60516497530267,55.93459080558651,56.45428466796875,2774500.0
2019-02-21,56.50458613129435,56.57163907614164,55.88429682919448,56.362083435058594,1975700.0
2019-02-22,55.89268075789257,56.487818010220174,55.74180044074398,56.43752670288086,1942000.0
2019-02-25,56.74765491390541,56.87338955512915,56.16928579648342,56.37884140014648,2995100.0
2019-02-26,56.43752592716214,56.638697548885006,55.9848849819378,56.50458526611328,2625300.0
2019-02-27,56.20282148913651,56.45428440342791,55.984881847313154,56.25311279296875,2105500.0
2019-02-28,56.46266485644138,56.90692173260839,56.34531422481726,56.62192916870117,2546300.0
2019-03-01,56.80634122339487,56.88178458078484,56.28664731859378,56.6470832824707,2061600.0
2019-03-04,56.66384002956916,56.78119066859784,55.80047187308802,56.25311279296875,3198000.0
2019-03-05,56.16090888798083,56.26149789271368,55.574155681531664,55.80885696411133,2295600.0
2019-03-06,55.842398794337385,55.842398794337385,55.12990438044943,55.55739974975586,1928700.0
2019-03-07,55.34783068892897,55.674736952537984,54.97901074223977,55.21371841430664,1686800.0
2019-03-08,55.09636404667354,55.24724434236778,54.68563044470441,55.13827133178711,2190200.0
2019-03-11,55.21372278182211,55.73341668039645,55.05445844767544,55.70827102661133,1955300.0
2019-03-12,55.73341107108399,55.73341107108399,55.40650481451765,55.47356414794922,2800500.0
2019-03-13,55.56577784396019,55.90944579019795,55.44004317284647,55.69989013671875,2084000.0
2019-03-14,55.85076771617218,55.85915173253569,55.35621946794708,55.42327880859375,2253900.0
2019-03-15,55.31430231863367,55.86753225164095,55.171806025027664,55.54900360107422,7788600.0
2019-03-18,55.490331368589146,55.76694635048684,55.42327842353904,55.70827102661133,2387600.0
2019-03-19,55.90943702499432,55.98488037388733,55.32268384529321,55.47356414794922,2730800.0
2019-03-20,55.44841544163549,55.57415008610952,54.79460296452615,54.82813262939453,1878500.0
2019-03-21,54.76945662546727,55.42327556582183,54.72754933636309,55.24724960327149,1948000.0
2019-03-22,55.39812579856616,55.78371380303076,54.945491244879314,54.9538688659668,1668800.0
2019-03-25,54.811371529607655,55.58253473369545,54.811371529607655,55.49032974243164,3695600.0
2019-03-26,55.65798877639611,55.80886911879064,55.28078472284395,55.55739974975586,2638000.0
2019-03-27,55.490330008699765,55.657978355043184,54.79461015554874,55.02092742919922,2266600.0
2019-03-28,55.22210166500339,55.64959697451218,54.94549307191495,55.54063034057617,1737000.0
2019-03-29,55.57415428791665,56.00164315826805,55.37297628349583,55.95973587036133,2309500.0
2019-04-01,56.28664611390994,56.28664611390994,55.77532984132735,55.97650146484375,1774100.0
2019-04-02,56.02679310232061,56.110620474816486,55.55739051297082,55.59930419921875,1859700.0
2019-04-03,55.84237892689325,55.98487520092124,55.456797387984295,55.716644287109375,1845800.0
2019-04-04,55.84313022092642,56.44177991625055,55.6239043049471,56.374324798583984,2490500.0
2019-04-05,56.45020829768082,56.70316177839211,56.2731434343326,56.61041259765625,1781700.0
2019-04-08,56.61041316785675,56.86336665111588,56.45020886626768,56.69472885131836,3677100.0
2019-04-09,56.56824315070481,56.78746903928458,56.35745075899784,56.45863342285156,1367000.0
2019-04-10,56.39117284406968,56.94766779197918,56.34901822954095,56.84648513793945,1533600.0
2019-04-11,56.99827374457488,57.51260780608357,56.84650293244322,57.43672561645508,1963500.0
2019-04-12,57.48730527134492,58.187137603759766,57.27651286516265,58.187137603759766,2615700.0
2019-04-15,58.25459509359069,58.94600046597662,58.25459509359069,58.70990753173828,3194500.0
2019-04-16,58.79422108197915,59.18207833951511,58.66774435100849,59.1061897277832,2143000.0
2019-04-17,59.35071955106662,59.77230443574979,59.28326442562735,59.5615119934082,2548000.0
2019-04-18,59.61208938346519,60.70821245935297,59.527773708290816,59.85660934448242,2410500.0
2019-04-22,59.73014480659148,59.890349125133085,59.29169934647103,59.51092529296875,2023400.0
2019-04-23,59.5699347076461,59.64581688537129,59.182077455901016,59.3591423034668,2020000.0
2019-04-24,59.45189115810665,59.62895600472584,59.00501229289532,59.08089447021485,2588900.0
2019-04-25,58.87853796003211,58.97971420057462,58.33890990089242,58.49068069458008,1473100.0
2019-04-26,58.67617471686486,58.87854007095289,58.11125257733588,58.26302337646485,1715100.0
2019-04-29,58.33047710321913,58.87853866660569,58.1871398054812,58.785789489746094,2194800.0
2019-04-30,58.84481470070132,59.46032498520946,58.650882837372095,59.33385467529297,2444100.0
2019-05-01,59.56995306339424,59.80603959956244,58.99659729003906,58.99659729003906,2263600.0
2019-05-02,59.10618973049471,59.83974962385923,59.03873461625742,59.72170639038086,2516700.0
2019-05-03,59.789184607984055,60.00840416465405,59.35073262889156,59.46034240722656,3076500.0
2019-05-06,59.86504567910609,61.54295149623125,59.8060240603994,61.50922393798828,4149800.0
2019-05-07,61.40803847926332,61.87177786153396,61.121357493663695,61.46706008911133,2409600.0
2019-05-08,61.26472037732744,61.88023072511519,61.06235499490747,61.5345344543457,2559900.0
2019-05-09,61.273128157056895,62.17531929619186,61.273128157056895,62.01512145996094,2492900.0
2019-05-10,62.03198255164489,62.47042788022192,61.340583788933344,62.386112213134766,1905300.0
2019-05-13,61.73689604153706,62.16691445645781,61.30687762661631,61.863372802734375,2160200.0
2019-05-14,61.83806058984572,62.34396753879804,61.77061190514294,62.08258056640625,2068300.0
2019-05-15,61.83806986760681,62.51260827883032,61.62727741820884,62.31024932861328,1594500.0
2019-05-16,62.50418184031218,63.21244789539225,62.17534609673508,62.934200286865234,2923800.0
2019-05-17,62.63064173882662,63.45695084167575,62.546326058831575,63.17870330810547,2493600.0
2019-05-20,63.16184394131506,63.80264826771118,63.06909476170196,63.20399856567383,2041900.0
2019-05-21,63.60872428093851,63.78578914614508,63.27145511407511,63.65087890625,1595200.0
2019-05-22,63.58341217041016,63.87008669950041,63.38948036382897,63.58341217041016,1525900.0
2019-05-23,63.42322315711922,63.53283289760764,62.71495729424485,62.96791076660156,1684100.0
2019-05-24,63.31360927993093,63.5075411401542,63.01850117339487,63.27988815307617,2137000.0
2019-05-28,63.41476863051058,63.61712748156797,62.77395809714496,62.858280181884766,2393400.0
2019-05-29,63.02693025529293,63.03536375285282,62.48730220318856,62.723388671875,3038900.0
2019-05-30,62.95947691858037,63.23772445005034,62.698096382706495,62.83300018310547,2005500.0
2019-05-31,62.36927700115706,62.782428440809376,57.53791076229688,58.02695083618164,7696700.0
2019-06-03,57.88358944474956,58.32203476930731,57.31023390779067,58.14496994018555,3549900.0
2019-06-04,58.22088303823992,58.80266588359352,57.91734136550078,58.5159912109375,3979100.0
2019-06-05,59.10619311114024,59.80602548741381,58.45695528987532,59.73013687133789,3163900.0
2019-06-06,59.82287216186524,60.03366453231983,59.07245183767669,59.822872161865234,2299300.0
2019-06-07,59.95778928721288,60.59859996856316,59.29168454774817,60.28662490844727,2276900.0
2019-06-10,60.5396040340965,60.91902793249795,60.37096618701444,60.47214889526367,1350800.0
2019-06-11,60.46371005649957,61.51767238442533,60.3962549236222,61.34904098510742,2341000.0
2019-06-12,61.51766745603987,62.21749992960678,61.349036070231584,61.5345344543457,1294700.0
2019-06-13,61.52607853610552,61.77059845944102,60.986450578700506,61.14664840698242,1975800.0
2019-06-14,61.38276759666878,61.61885412519147,60.91902160644531,60.91902160644531,1614800.0
2019-06-17,60.91899818631951,61.02860790874436,60.44682531079956,60.57329559326172,1640700.0
2019-06-18,60.85157079629776,61.08765734158733,60.33723663711296,60.438419342041016,1382400.0
2019-06-19,60.396249498950056,60.52272625351636,58.9965909982745,59.94093704223633,2163100.0
2019-06-20,60.03367990002453,60.1348625795781,59.35071450344217,59.67955017089844,2292500.0
2019-06-21,59.69642304273406,59.84819386056495,59.41817547123161,59.5699462890625,3988300.0
2019-06-24,59.57838558319629,60.45527657943017,59.57838558319629,59.95780944824219,1863900.0
2019-06-25,59.97466614120338,60.590182931652095,59.7470131234553,60.45527267456055,1728500.0
2019-06-26,60.337222484628,60.34565598294618,59.2158116575367,59.28326034545898,1685800.0
2019-06-27,59.26639512335537,59.578370207862925,58.785788682984965,59.39287185668945,1618600.0
2019-06-28,59.48561474574448,59.83974441535583,59.36757152254069,59.62895202636719,2487000.0
2019-07-01,59.8313089116329,60.10955639965405,59.342269041693854,59.59522247314453,1747100.0
2019-07-02,59.70483944246072,60.50585445069411,59.55306865174404,60.21917343139648,1953000.0
2019-07-03,60.54980697375576,60.99913943812855,60.4056826867293,60.82958221435547,2171400.0
2019-07-05,60.61763245054238,60.99066610467533,60.56676657704915,60.82958221435547,1739800.0
2019-07-08,60.82961506313748,61.25351481967503,60.5328865272006,61.04156494140625,2359600.0
2019-07-09,61.08392562547766,61.31282852853999,60.47350925972,60.609153747558594,3776700.0
2019-07-10,60.79569778617418,61.126339054234,60.4820096611087,61.09242630004883,2020000.0
2019-07-11,60.99069204454658,61.31285349401088,60.80417513815285,61.02460479736328,1771100.0
2019-07-12,61.10089904450525,61.770661308819086,60.97372784805654,61.541751861572266,2197800.0
2019-07-15,61.7112874860998,62.00801583043996,61.59259614836373,61.7536735534668,1619000.0
2019-07-16,61.80457067602359,61.92326206135992,61.533275156941215,61.592620849609375,1647800.0
2019-07-17,61.71129400800112,61.71129400800112,60.56676657704915,60.82958221435547,2405100.0
2019-07-18,60.85502926030329,61.02459299158309,60.28700531395465,60.9398078918457,1637000.0
2019-07-19,60.96523433697165,61.32978172825482,60.04112998556577,60.075042724609375,1390000.0
2019-07-22,60.23613762886436,60.34634919975697,59.54941585704103,59.55789566040039,1575000.0
2019-07-23,59.82070768895324,59.86310023496028,58.97290851436741,59.49006652832031,2395900.0
2019-07-24,60.3463426246386,60.65155083037353,59.12550980169888,59.44767761230469,2124200.0
2019-07-25,59.456153869628906,59.6935430721335,59.22725093817104,59.456153869628906,1816800.0
2019-07-26,59.55788820639164,60.35482144936685,59.43071704469649,60.10047912597656,1505200.0
2019-07-29,60.15983358251008,60.30395790163397,59.20182276526933,59.30355453491211,2269900.0
2019-07-30,59.32051601029675,59.32899581409903,58.62532086699775,59.03226089477539,2200800.0
2019-07-31,58.83727716696117,59.015314257253145,57.557098315971295,58.133602142333984,4220100.0
2019-08-01,58.07424309555294,58.87117638449658,57.82838056027895,58.43879699707031,4134100.0
2019-08-02,58.42185565899203,58.71858413452995,57.94708362993571,58.41337585449219,2641200.0
2019-08-05,58.08272907421463,58.1251151562688,56.61603350940576,56.92124176025391,8527900.0
2019-08-06,57.14166282880789,58.540532691186,56.709283460103215,58.15053939819336,4876900.0
2019-08-07,57.80295402232752,59.41377391600818,57.26036301134805,59.23573684692383,2854600.0
2019-08-08,59.24421262962196,60.05809917970991,58.94748416889124,59.88006210327149,3855300.0
2019-08-09,59.803763209104666,60.092011865459554,59.33747100830078,59.33747100830078,4744800.0
2019-08-12,61.202632904052734,62.22846927026324,60.20222948166802,61.202632904052734,5190900.0
2019-08-13,60.28701615958634,62.44890722791434,60.28701615958634,62.19456481933594,3140400.0
2019-08-14,61.92325221561408,62.27084651220458,61.22805715423871,61.27892303466797,3144100.0
2019-08-15,61.8045650548914,61.8045650548914,60.96524562972202,61.25349426269531,2532600.0
2019-08-16,61.66042899569251,62.16062734054458,61.52477804022469,61.85541915893555,6745300.0
2019-08-19,62.37260782185844,62.73716185895592,62.25391641147291,62.398040771484375,2845700.0
2019-08-20,62.31325603576258,62.58455158562581,61.61806078497579,61.71979904174805,2310200.0
2019-08-21,61.86391074216206,61.97412231332336,61.06697739750328,61.25349426269531,3049100.0
2019-08-22,61.58415244435556,62.30478069390925,61.46546103705008,62.13522338867188,2103200.0
2019-08-23,61.99109459161128,62.55911863848177,61.4145907396274,61.71979904174805,2421000.0
2019-08-26,61.88085746573472,62.270844294255376,61.618041801952,62.186065673828125,2038100.0
2019-08-27,62.46583870664023,63.05929549658225,62.389533423251166,62.62692260742188,3325600.0
2019-08-28,62.07585659748895,63.19495124920371,62.05889699180854,63.084739685058594,2334000.0
2019-08-29,63.3221363850663,63.542559561972055,62.711719809828615,63.15257263183594,2458800.0
2019-08-30,63.23732984047604,63.71210172040444,62.97451419729338,63.01690673828125,2124800.0
2019-09-03,62.73713063465661,63.21189603990776,62.576046742934885,63.13559722900391,1972600.0
2019-09-04,63.66125932631572,63.79691034673753,63.20345330288376,63.64430618286133,1981400.0
2019-09-05,64.26316364720704,64.28011678037372,62.99993854183259,63.05928421020508,2737800.0
2019-09-06,63.38993356529326,64.41577613115237,63.30515495200233,64.1868667602539,3098800.0
2019-09-09,64.22928401843362,65.27207365277796,64.08515320536004,65.0346908569336,3783900.0
2019-09-10,64.83122832168209,65.43316518605826,64.44971466857821,65.06861114501953,3164400.0
2019-09-11,65.2381665203752,65.62815996793756,64.99231036649844,65.33990478515625,2937600.0
2019-09-12,65.70445142573081,66.40812645788307,65.60271317239206,65.8909683227539,2355400.0
2019-09-13,65.70443273871876,66.46745325125883,65.57726157526308,66.36571502685547,2068200.0
2019-09-16,66.08595028838785,66.50984992197134,65.27206376809096,65.4416275024414,2711700.0
2019-09-17,65.33141327830437,66.7302834445675,65.33141327830437,66.45050811767578,3500300.0
2019-09-18,66.4589781082434,67.0948275019068,66.37419948272719,66.8574447631836,3148800.0
2019-09-19,66.89134845649473,67.25590231826465,66.40810324142237,66.45896911621094,2232300.0
2019-09-20,66.62853843465875,66.87440098774024,66.11986018988779,66.3318099975586,10313500.0
2019-09-23,66.23855641963178,66.97614413293722,66.23855641963178,66.7218017578125,2903500.0
2019-09-24,66.89985786478351,67.22201932800591,66.6031228820142,66.64551544189453,3167400.0
2019-09-25,66.73027446933932,66.984616817431,66.56071721607461,66.73875427246094,2152500.0
2019-09-26,66.96765703957406,67.32373761962883,66.62006273081379,66.80657958984375,1708900.0
2019-09-27,66.96766041945708,67.05243905015098,66.28094510218301,66.86592864990234,1483900.0
2019-09-30,67.03548653554962,67.42547341492923,66.78962397651128,67.31526184082031,1854400.0
2019-10-01,67.45090644531632,67.60351056946298,66.80658367064815,67.2813491821289,1802900.0
2019-10-02,67.24742085737616,67.24742085737616,66.40810160310292,66.66243743896484,2026700.0
2019-10-03,66.44091808024213,66.9095279703249,65.9041381237512,66.41535186767578,2941200.0
2019-10-04,66.46649426292169,66.72209794800543,66.05751926617582,66.58577728271484,3930400.0
2019-10-07,66.33014938971866,66.82432548290068,65.98082249656261,66.64540100097656,1810900.0
2019-10-08,66.49203606784623,66.75616175473944,66.01490411721714,66.09158325195312,3954400.0
2019-10-09,66.35572681565871,67.01178992495814,66.33868917016129,66.58577728271484,2288600.0
2019-10-10,66.43241751195453,67.07995859741796,66.27053061547927,66.65394592285156,1483800.0
2019-10-11,66.86695227199786,67.60821016559488,66.76470688992626,67.1992416381836,2876300.0
2019-10-14,67.37816881896177,67.59117516462078,67.08847680863786,67.30148315429688,3729100.0
2019-10-15,67.73603062524566,67.73603062524566,67.15665299635808,67.37818145751953,1719700.0
2019-10-16,67.26738216996534,67.77008038254647,67.09697974222297,67.23330688476562,3409500.0
2019-10-17,67.34407938063596,67.67636872211703,67.14811070467779,67.48892211914062,1919000.0
2019-10-18,67.47188700816199,67.82121400829182,67.29296247144613,67.42928314208984,1495100.0
2019-10-21,67.42927935863213,67.82973227566657,67.27591454998993,67.7019271850586,1391600.0
2019-10-22,67.82119605515912,67.90639726431226,67.25034080335392,67.30998229980469,1623700.0
2019-10-23,67.4377848379741,67.78711173254918,67.07993587267224,67.17365264892578,1508000.0
2019-10-24,67.17366409747439,67.4292742593601,66.74765149462252,67.26738739013672,2891300.0
2019-10-25,67.4377887129832,67.8297194832775,67.33554335969245,67.45482635498047,1675700.0
2019-10-28,67.47188953002797,67.71045558789923,66.96919119342421,67.19071960449219,1666300.0
2019-10-29,67.13957609860297,67.62523011389146,66.79024271019158,67.40370178222656,2023500.0
2019-10-30,67.51448182026256,67.88085295313927,67.2333184163074,67.86381530761719,1351600.0
2019-10-31,67.89786664162642,68.07679109131347,67.50593596605944,68.05123138427734,3394100.0
2019-11-01,68.16201049567411,69.52524940550042,68.11089106794184,69.25260162353516,3590600.0
2019-11-04,68.89475382085037,69.25260282204108,66.85841424208549,68.8521499633789,3423300.0
2019-11-05,68.87772099944213,69.21853241392664,68.05977750494156,68.23018646240234,2766100.0
2019-11-06,67.8638179683479,69.20149745935575,67.8638179683479,69.06517028808594,2130700.0
2019-11-07,68.92034907880866,69.26968268901244,68.74994656191468,68.92887115478516,1821000.0
2019-11-08,68.84363423365525,68.9373575195278,68.28129451842003,68.50282287597656,1753000.0
2019-11-11,68.37502666480476,68.63915241352592,68.01717761806577,68.28982543945312,1436800.0
2019-11-12,68.51136399796862,68.67324440004096,67.96606177379313,68.41764068603516,1314800.0
2019-11-13,68.27277387360432,69.27816382452701,68.27277387360432,69.20148468017578,1884500.0
2019-11-14,69.42301820285769,69.61045829201706,68.94587965649438,69.44005584716797,1868300.0
2019-11-15,69.73829015960858,69.78089403740162,69.13335279749408,69.53380584716797,3907100.0
2019-11-18,68.26426838386706,69.04813008836793,67.85529338561958,68.75843811035156,3514300.0
2019-11-19,69.01402510563942,69.36335847638288,68.32388693472218,68.40908813476562,2684700.0
2019-11-20,68.39205280380217,68.6902667930183,67.76155604174708,68.0086441040039,2126500.0
2019-11-21,67.69340632823908,68.00013595103337,67.30999754996473,67.49744415283203,2451100.0
2019-11-22,67.57413612249555,67.63377764376895,66.99475855850888,67.36112976074219,1152300.0
2019-11-25,67.07993985316841,68.11088945748678,67.01177628417983,68.0086441040039,2170200.0
2019-11-26,68.26426324293068,68.7584329321996,67.9490115700972,68.71583557128906,2716400.0
2019-11-27,68.75844065316616,69.20149745935575,68.63064205564734,69.06517028808594,1239700.0
2019-11-29,69.14185967087326,69.40598545388715,68.56248216264707,68.63064575195312,825200.0
2019-12-02,68.57949454071733,68.87770200850572,68.04272109869825,68.86066436767578,1807500.0
2019-12-03,68.55393365070019,69.30371334259749,68.36648710261707,69.26963806152344,2692600.0
2019-12-04,69.10777166108404,69.86607364771328,68.7925199642236,69.85755157470703,2266100.0
2019-12-05,69.93421835959514,70.7095577825795,69.7723315183459,70.69252014160156,2577600.0
2019-12-06,71.0418765243723,71.08448039515469,70.41990161375278,70.52214050292969,1656800.0
2019-12-09,70.35172535710035,70.91406514810205,70.27504620402021,70.828857421875,1466600.0
2019-12-10,70.82885605724282,71.04186236783285,70.29208249471313,70.31764221191406,1852400.0
2019-12-11,70.27503985419568,70.64141094238265,69.97682584022031,70.6158447265625,1574400.0
2019-12-12,70.97370159228267,71.3741479749688,70.62436814089955,70.94813537597656,1543800.0
2019-12-13,70.57324740989769,71.22930394007565,70.42840468901163,71.17818450927734,1808900.0
2019-12-16,71.40823484411743,71.83424747342335,71.04186372289688,71.7660903930664,1429300.0
2019-12-17,71.8342500877634,72.05577848318711,71.65532555699555,71.68940734863281,2221400.0
2019-12-18,71.8683114566291,72.1324436416504,71.51898456737999,71.62974548339844,3406700.0
2019-12-19,71.62975323531359,72.11540730493024,71.3230236649835,71.98760223388672,2031400.0
2019-12-20,72.40511958171044,72.81408812346491,71.98762246560395,72.79705047607422,3299100.0
2019-12-23,72.86519735997797,72.97596480403472,72.55847424684315,72.6777572631836,1460600.0
2019-12-24,72.63513447098708,72.86517837099697,72.39656850047751,72.74589538574219,424900.0
2019-12-26,72.75444282448674,72.97597123167535,72.61812215113505,72.88224792480469,1045400.0
2019-12-27,73.18047083756737,73.22307471341968,72.89078528317576,73.05266571044922,1192200.0
2019-12-30,72.95038736669686,73.25711690576408,72.72885903282935,73.10375213623047,979900.0
2019-12-31,72.9248452912857,73.0952542585221,72.29434836360463,72.88224792480469,1530600.0
2020-01-02,72.8565461766281,72.91650310285299,71.93149739127465,72.5139389038086,2121900.0
2020-01-03,72.11993970115672,72.56533967898902,71.88867910349383,72.24842071533203,1759900.0
2020-01-06,72.07711300957972,72.16276483595307,71.52036633592975,72.1541976928711,1916800.0
2020-01-07,72.15417293561828,72.24839187274557,71.4346899991697,71.57173156738281,1701400.0
2020-01-08,71.8544083954383,72.77089660159247,71.62314782567502,72.402587890625,2945900.0
2020-01-09,72.58246207080975,72.91650876210545,72.3255065962521,72.48824310302734,1914800.0
2020-01-10,72.5824650252394,72.88224969183358,72.55677013021928,72.73664093017578,1593600.0
2020-01-13,72.7194929880796,72.82227253962365,71.33191022891047,71.70878601074219,3467300.0
2020-01-14,71.12637327658169,71.44329226955622,70.39832284199218,70.57819366455078,2797700.0
2020-01-15,70.97217576051257,71.40044136054713,70.44969120568524,70.79230499267578,2806800.0
2020-01-16,71.33191796950867,71.4775267065394,70.68095242156345,70.80087280273438,2588300.0
2020-01-17,71.22056118495136,71.84582521891254,70.6723818121031,70.93790435791016,4796900.0
2020-01-21,70.6980919781262,71.49466632251337,70.66382994306692,71.28910064697266,2821400.0
2020-01-22,71.6231434790812,72.05140909213159,71.16061583280901,71.21200561523438,2410600.0
2020-01-23,70.97217092361723,71.77731228795083,70.87795197524568,71.5974349975586,1863100.0
2020-01-24,71.65742515470389,71.81159454424017,70.44114551378071,70.77519226074219,1902300.0
2020-01-27,70.36404268285584,70.72378423535088,69.94434420494497,70.52677917480469,1547000.0
2020-01-28,70.569620499238,70.89510007398148,70.40687744445832,70.8094482421875,1557800.0
2020-01-29,70.95502106698297,71.0578071339583,70.10705725257722,70.14131927490234,1377900.0
2020-01-30,69.97001929964364,71.00642102277776,69.7558865501991,70.95502471923828,2051000.0
2020-01-31,70.79230147004648,71.3062188575525,70.14990310196042,70.35546875,2786000.0
2020-02-03,69.55889525895444,69.55889525895444,65.27623942573611,65.6788101196289,5033600.0
2020-02-04,65.23341878809006,65.23341878809006,63.86296365159612,64.29122924804688,5782000.0
2020-02-05,64.31691675464364,64.99357710353256,63.71734760236924,64.83940124511719,3465600.0
2020-02-06,65.02784279717964,65.73876521410448,64.83940490018135,65.6274185180664,2867200.0
2020-02-07,65.9015194135942,66.26126098632812,65.58460048438663,66.26126098632812,2903000.0
2020-02-10,66.23556669821545,66.5953082742351,65.59316822611672,65.91864776611328,2539100.0
2020-02-11,65.69594542416317,65.83299356330062,64.90793822856776,65.32763671875,2287400.0
2020-02-12,65.31907370295951,66.4925173106899,65.2676773852704,66.34690856933594,2503700.0
2020-02-13,66.49252747395391,67.34905883845845,66.46683257858929,66.758056640625,2382600.0
2020-02-14,67.0064149781262,67.22054770247367,66.76658083761484,66.9892807006836,1613600.0
2020-02-18,66.86082651887956,67.2291352135582,65.64455372615095,65.80729675292969,3264600.0
2020-02-19,65.79015419130575,66.10707306284026,65.10493320624492,65.26766967773438,1553100.0
2020-02-20,65.33620483887992,65.98717043989429,65.09637712661544,65.70451354980469,1398400.0
2020-02-21,65.6959585308273,66.21844322960087,65.48182567181571,65.9871826171875,1883500.0
2020-02-24,65.63598559092276,65.78160086601281,64.58245584091289,64.7023696899414,1951100.0
2020-02-25,64.79658069047476,65.28480316865394,63.30621836784575,63.42613220214844,3031200.0
2020-02-26,63.6573762802566,63.94003304584974,62.26123326461234,62.415409088134766,3585000.0
2020-02-27,61.88437498254973,62.04711799059934,59.66596246244656,59.68309020996094,4305100.0
2020-02-28,58.21842764238311,58.466822478540784,56.119922247870846,57.08780670166016,5831700.0
2020-03-02,57.48180543737214,59.86296096552492,57.40471423652243,59.68309020996094,5055000.0
2020-03-03,59.42613512336448,62.7494805193456,57.79016385183765,58.67238998413086,4131900.0
2020-03-04,59.24625100433814,60.53104757595936,58.05567337075421,60.513919830322266,3063900.0
2020-03-05,59.26339084425155,59.90578919032517,57.35332355327456,57.944332122802734,3987200.0
2020-03-06,56.54818286027744,57.64454820625495,55.785870670177374,57.344757080078125,3331300.0
2020-03-09,53.53319985525948,54.62955874272489,51.60600466047014,52.4625358581543,4898600.0
2020-03-10,53.71307456776808,53.84155556382039,51.01500305733662,53.46467971801758,4385700.0
2020-03-11,52.22271320602259,52.8394135060081,46.620997848622586,47.237701416015625,7360200.0
2020-03-12,42.7580343332866,44.15418105184,37.2505419296946,37.267669677734375,9736200.0
2020-03-13,41.62742467275432,42.32978015834457,37.05354687268163,40.316932678222656,15153300.0
2020-03-16,34.87795999760906,36.31693302519582,32.11992781683309,32.33406066894531,10264200.0
2020-03-17,32.565314959346495,32.873666698444424,27.44325903601712,30.02998352050781,17467700.0
2020-03-18,28.79658339124867,28.79658339124867,22.26981534679341,26.758039474487305,26221600.0
2020-03-19,26.595296347062465,34.67238680862029,24.633840509591803,31.785877227783203,11766500.0
2020-03-20,35.70878085023708,39.1263414216392,30.14989576820734,30.261245727539062,13695300.0
2020-03-23,29.61885061730529,31.64026151512165,27.7259141723008,31.066387176513672,11719200.0
2020-03-24,33.6616743998759,36.83084038916959,32.44540170421688,33.3875846862793,10948100.0
2020-03-25,33.86724790986828,40.27410155167327,33.773028945408164,39.10065460205078,10269100.0
2020-03-26,40.43684136474645,46.27838449364538,40.25697057825547,45.80729293823242,10600600.0
2020-03-27,42.852256979943874,45.49893864769472,41.867248012358296,43.21200180053711,9237800.0
2020-03-30,42.44968572424837,42.81799438668275,38.92934211243568,39.7002182006836,7373500.0
2020-03-31,39.44326051215727,41.26767285553965,39.0149949186107,39.0835189819336,5556500.0
2020-04-01,35.95717212179131,36.57387550680861,33.41327392600149,35.86295318603516,7411600.0
2020-04-02,35.49065396328263,37.64658587188711,34.98846700448468,35.75040435791016,4878000.0
2020-04-03,35.15297306106939,35.49930910520916,32.20912989750254,34.20055389404297,6871400.0
2020-04-06,36.408433740480575,39.43020537353773,35.95819824571219,38.971309661865234,6654500.0
2020-04-07,42.114307376810025,42.96282716440808,39.61203919955446,39.88910675048828,6634800.0
2020-04-08,40.93676735437352,43.29184476660673,40.21812444875878,40.91079330444336,5878200.0
2020-04-09,42.46063810022103,45.61228357092801,42.22686176437338,42.93684768676758,6390700.0
2020-04-13,42.988798998291166,43.127332755970336,39.369600863154425,40.73762130737305,3125500.0
2020-04-14,41.57747653199074,43.22256419326582,40.99736425615291,41.83722686767578,3717000.0
2020-04-15,39.5514273201847,40.19214473547456,38.18340352050802,39.915077209472656,4823600.0
2020-04-16,39.88909889178879,40.84151799762097,38.44315310165566,39.60337448120117,6002300.0
2020-04-17,42.86758102049697,44.37413859383939,42.59051349253373,43.56025314331055,8095300.0
2020-04-20,42.76367745172797,43.889264589775216,42.16625127073266,42.95416259765625,3801800.0
2020-04-21,42.25283431219165,43.33513028997784,41.69004238548596,42.5125846862793,6099900.0
2020-04-22,43.50830459990845,45.40448623820169,42.78100146552509,44.460723876953125,4984700.0
2020-04-23,42.5212471907006,44.46071983757955,42.174911138019525,43.075382232666016,8693900.0
2020-04-24,43.89792568956498,47.0668881926772,43.69012340774712,45.9586181640625,7246300.0
2020-04-27,46.322267365277696,48.05394091164322,46.0625169939039,47.551753997802734,7303200.0
2020-04-28,48.74660793078122,50.20987413912363,48.30503264548761,48.34832382202149,7775300.0
2020-04-29,50.40035748354909,51.07571240871153,49.49988645193592,50.73803329467773,5109800.0
2020-04-30,49.82890054526876,50.30511006128584,48.38295486717448,48.72063064575195,7067500.0
2020-05-01,47.18811052962764,47.49981233865522,45.456436748723874,45.68155288696289,3836900.0
2020-05-04,44.94559315072865,46.78116644590411,44.64255155821347,46.608001708984375,4510100.0
2020-05-05,47.31798973939745,48.0539498117484,43.62086563681153,43.7593994140625,7369700.0
2020-05-06,44.14035846459809,45.09278090038281,43.4650068359346,44.91961288452149,6033900.0
2020-05-07,45.08412430431567,46.3828795732387,44.29621290661858,45.26594924926758,4513300.0
2020-05-08,45.95862076665706,46.304953518759056,45.04083253292125,46.14044570922852,2470500.0
2020-05-11,46.12312694579268,46.12312694579268,44.49535282944635,44.763763427734375,3776700.0
2020-05-12,44.92827261423888,45.58631045516393,42.64246390977374,42.66843795776367,4616600.0
2020-05-13,42.64246195290772,42.67709621724186,39.71593267477795,40.42591857910156,5348100.0
2020-05-14,39.44751971731991,41.62942851338865,38.2440039763676,41.54284286499024,5468900.0
2020-05-15,41.06663236310818,41.42162525567129,40.053601770293405,41.23114013671875,7648800.0
2020-05-18,43.54293394595567,46.46945998420931,43.50829968087561,45.62960052490234,6195600.0
2020-05-19,45.37851682899412,46.27032787795893,43.69879424577251,44.4867057800293,3769800.0
2020-05-20,45.66423336858127,46.09715175989056,45.066803874715134,45.52569961547852,3562500.0
2020-05-21,45.53436001347971,46.61665607455034,45.1447327709132,45.43911743164063,3555100.0
2020-05-22,45.70753142379499,45.71618833964531,44.3048732468323,44.80706024169922,3537500.0
2020-05-26,46.53872433368432,48.166498314261936,46.00190648478825,47.71626281738281,4736800.0
2020-05-27,48.48686066227297,50.002075057969,47.93272564031184,49.30940628051758,5737800.0
2020-05-28,49.80293660458872,49.87220183590712,47.94138603364008,48.44357299804688,4973700.0
2020-05-29,47.85480221155257,48.99770656820071,47.144816271904645,47.759559631347656,9024400.0
2020-06-01,48.60807766735815,50.01939258325093,48.13186808555049,49.508548736572266,3068200.0
2020-06-02,49.621112793457584,49.94147151431899,48.58210787663334,49.04100036621094,2869800.0
2020-06-03,50.209868315821794,51.6471570092242,50.13194288593653,51.17094421386719,3076400.0
2020-06-04,50.72937774658203,51.4999719625595,49.64708175719677,50.72937774658203,2880100.0
2020-06-05,54.86807749654228,55.74257121772457,52.93726181462638,53.32688903808594,6726900.0
2020-06-08,56.28805498608051,56.28805498608051,54.70357197875528,55.5088005065918,6450100.0
2020-06-09,54.45247215348053,54.45247215348053,52.0800813310048,53.153717041015625,5418700.0
2020-06-10,53.222975980533406,53.31821853342623,49.292077088712176,49.34402847290039,6988000.0
2020-06-11,46.63398220262177,47.91542058974412,45.90667897718411,46.209720611572266,6348400.0
2020-06-12,48.20114233801932,48.61674698848237,45.62960879357787,46.98031234741211,4364300.0
2020-06-15,45.44777841555192,47.62102748952262,44.85900908417629,47.517127990722656,4326600.0
2020-06-16,49.07563950034827,50.01940192546673,47.94139188576735,48.945762634277344,4707100.0
2020-06-17,49.04099910708028,49.04099910708028,47.07554904313474,47.17079162597656,2544100.0
2020-06-18,46.75518155653562,48.48685494751842,46.10580403491706,48.426246643066406,3470700.0
2020-06-19,49.25746449404325,49.29209876539949,46.88507305554132,46.98031234741211,5948500.0
2020-06-22,46.71189708530808,47.78553289215303,45.77679173459924,47.62102508544922,3270500.0
2020-06-23,49.07563044856845,51.72509226506792,49.07563044856845,50.460968017578125,7164200.0
2020-06-24,49.08429059970015,49.439283581596726,46.34824624332743,47.517127990722656,5383600.0
2020-06-25,46.87640489201189,48.12321202629034,46.54738597569892,47.62102508544922,2793400.0
2020-06-26,47.36128178911306,47.36128178911306,45.248637518880045,45.28327178955078,6824500.0
2020-06-29,45.84607248960878,47.57774659079962,45.1620604269409,47.11885070800781,2971100.0
2020-06-30,46.75518513739226,47.79418991213756,46.33092367083026,47.326637268066406,4668300.0
2020-07-01,47.49252640808064,48.22586700202518,46.0520348852284,46.88140869140625,3393500.0
2020-07-02,47.91157748840334,48.836981172398325,47.12585423753625,47.19569778442383,4925000.0
2020-07-06,48.14728713520358,48.48776604864742,46.68933495391364,46.933780670166016,2530100.0
2020-07-07,46.663147125760126,46.88140318965019,45.5456738140232,46.28774642944336,2827100.0
2020-07-08,46.23536658529815,47.18696321490814,45.89488763778766,46.3663215637207,3457000.0
2020-07-09,46.13932532740448,46.16551831671251,43.808352428685005,44.50677108764648,3704200.0
2020-07-10,44.55041932909274,45.7377326531833,43.67739521788764,45.66789245605469,2442300.0
2020-07-13,45.97345754732449,47.0560090985738,45.126622946677614,45.78139114379883,3136800.0
2020-07-14,45.44089983300109,46.46233967396961,44.93454763029305,46.2353515625,2607900.0
2020-07-15,47.40521973075879,48.644915992241344,47.32664740904283,48.40046691894531,2938300.0
2020-07-16,48.077447166074,48.58380285053533,47.44013983689992,47.68458557128906,1944200.0
2020-07-17,48.03379781857385,48.0774483679026,46.98616798306674,47.291725158691406,1727500.0
2020-07-20,46.72425395047961,47.4488622793843,45.83376889796609,46.29647064208984,2727200.0
2020-07-21,46.81155630748692,48.23458667491139,46.74171610379799,47.77188491821289,2329000.0
2020-07-22,47.76315375751758,49.19491292989608,47.352834643199344,48.31315994262695,2289900.0
2020-07-23,48.15600602168395,48.40918379313175,47.46631622925268,47.96393966674805,2855000.0
2020-07-24,47.61473204815472,48.09489460517206,47.431397798619045,47.96393966674805,2070900.0
2020-07-27,47.65839190027829,47.84172618565149,46.94251231235364,47.134578704833984,2373100.0
2020-07-28,47.00362310022884,47.370291665978144,46.53218923255999,46.70679473876953,1957800.0
2020-07-29,46.898861767787125,47.44886462390672,46.34012680456038,47.134578704833984,2633000.0
2020-07-30,46.31392842441526,46.794091019420726,45.68535332908849,46.78536224365234,2101400.0
2020-07-31,46.41869932050898,46.663148383273246,45.5805968118629,46.13933181762695,3070000.0
2020-08-03,46.03456683273439,46.08694948497789,44.436934238023305,45.5107536315918,2901800.0
2020-08-04,45.92106957203093,47.309178122308765,45.51075048066275,47.23933792114258,3407900.0
2020-08-05,47.64965911311639,48.10362873478798,47.16076439627869,48.007598876953125,4392000.0
2020-08-06,47.93776351275016,50.39969173806743,47.73696832618296,49.23857116699219,3328400.0
2020-08-07,48.7147516990312,51.26398419972541,48.6187185002268,50.46080017089844,4447500.0
2020-08-10,50.86237803750853,52.84414296635198,50.81872750248919,52.46874237060547,4006000.0
2020-08-11,51.15921621853796,54.581472776220856,50.862387860628345,53.11479187011719,7641300.0
2020-08-12,53.34176904648512,53.58621804933704,51.91874221817754,52.119537353515625,3189700.0
2020-08-13,51.59572224891095,52.47747844243391,51.01952648426453,51.159210205078125,2320200.0
2020-08-14,51.0195410732976,52.38146023841281,50.50445658107359,51.9798698425293,3852700.0
2020-08-17,52.24176018978032,52.48620586230972,51.57826336563374,52.119537353515625,2656900.0
2020-08-18,52.23303341353968,52.905259038723024,51.56953323367703,52.02350616455078,2866400.0
2020-08-19,51.73541144015666,51.83144463280592,50.530640469619485,50.70524597167969,2321700.0
2020-08-20,50.28618406413265,50.9671450893263,49.72744920369245,50.57428359985352,2167800.0
2020-08-21,50.583010634081205,50.60047151415931,49.94570349768109,50.16395950317383,2599400.0
2020-08-24,50.591751118575125,51.97112756998179,49.93698299365048,51.95366668701172,2734500.0
2020-08-25,52.17192070356111,52.198113692160966,50.00682125415567,50.81000518798828,4052200.0
2020-08-26,50.19889831542969,50.81874478230779,49.08142825341581,50.19889831542969,4352200.0
2020-08-27,50.49571686419713,53.184629508837126,50.46079509899227,52.40763854980469,3195700.0
2020-08-28,52.59970456281929,54.12749681153189,52.433831174732425,54.03146362304688,2564100.0
2020-08-31,53.70844785208824,54.12749905806028,52.47748389381947,52.5036735534668,2428300.0
2020-09-01,51.99731192994536,52.7219201361689,51.43857375860187,52.46874237060547,2488800.0
2020-09-02,52.66955099841425,53.35923757769347,52.04970129226684,53.11479187011719,2049900.0
2020-09-03,53.41162241007091,54.27591452878085,52.31161002039247,52.704471588134766,2646700.0
2020-09-04,53.2370139964986,53.85686036385371,51.97986037858249,52.5036735534668,2228800.0
2020-09-08,51.9536646338446,52.88780351905108,51.7179510488711,51.92747497558594,2549500.0
2020-09-09,52.38145060855044,54.07511631264398,51.52588731491621,53.62114334106445,4225300.0
2020-09-10,54.01400474299875,55.09655618470428,53.59495353888391,53.93543243408203,3657800.0
2020-09-11,54.04020421279525,54.66877942917829,53.92671012401253,54.38941192626953,2861300.0
2020-09-14,54.78226262356412,56.63307612517262,54.51162395192596,56.37116622924805,2167400.0
2020-09-15,56.47594063265549,57.31404310994615,56.07435027857745,57.09578704833984,3150700.0
2020-09-16,57.27911347572542,60.116441887009366,57.13942641836776,59.58389663696289,5170500.0
2020-09-17,58.93787173751778,60.317245054904966,58.80691676176704,59.71486282348633,4434500.0
2020-09-18,59.86326258760411,60.692632822738254,58.85055808977648,59.04261779785156,4585800.0
2020-09-21,56.79021843674699,57.70688971416646,55.358456163997324,55.91719436645508,4036700.0
2020-09-22,56.161648501529584,56.58942849543967,55.22750954168675,55.89100646972656,2854600.0
2020-09-23,55.978323612106834,56.737850532330974,52.608445764416544,52.83543395996094,3427300.0
2020-09-24,52.6782757450842,54.43305276797325,51.45604064005786,53.74336624145508,2954200.0
2020-09-25,53.1060649520598,54.31083597898199,52.84415502155026,54.13623046875,2543400.0
2020-09-28,55.07037822174453,55.41958596751477,53.92671511134454,53.99655532836914,2163400.0
2020-09-29,53.82194380260133,54.11877216679496,53.08860333402431,53.40288925170898,2135900.0
2020-09-30,53.73462934754629,55.07035840210583,53.73462934754629,54.319557189941406,2257100.0
2020-10-01,54.80322489191966,55.42758688951197,54.06454200525488,55.067039489746094,2034400.0
2020-10-02,53.976613305642616,55.76176249453621,53.59847776002696,55.55070877075195,1709300.0
2020-10-05,55.96401664801507,56.22783126866667,54.83840581078962,55.87607955932617,1704100.0
2020-10-06,56.34215981065704,57.8019411757629,56.13110942733994,56.86978912353516,3698600.0
2020-10-07,57.42379825686938,58.45267629170147,57.42379825686938,58.28559112548828,2066100.0
2020-10-08,58.6021627521115,59.68380827385295,58.42628859517634,59.65742111206055,2362300.0
2020-10-09,59.79813282979482,60.91494794678714,59.4903496644166,59.780548095703125,2594100.0
2020-10-12,59.68381398000638,59.83330769861072,59.01548004325152,59.34085464477539,2060800.0
2020-10-13,58.75166249124506,58.75166249124506,57.18635952256345,57.23033142089844,2313900.0
2020-10-14,57.34464522635446,59.57828199096858,57.34464522635446,58.83080673217773,2229000.0
2020-10-15,58.03934833192655,59.22651547870054,58.00417216420098,58.54939270019531,1970700.0
2020-10-16,58.83081049724673,58.96271948292689,57.81951721925846,57.84589767456055,2620700.0
2020-10-19,57.88987744814188,58.36474583568939,56.48286373087369,56.57958984375,2333300.0
2020-10-20,57.33585192545272,57.76675504989635,56.58837663511251,56.7906379699707,1565800.0
2020-10-21,56.75545924890591,57.02806621442262,55.823310753520175,56.104713439941406,1495500.0
2020-10-22,56.35095215836253,57.37103454094021,55.68261815718868,57.34465408325195,1793000.0
2020-10-23,57.70519899935756,57.80193180710982,56.07833606492876,56.98410415649414,1717400.0
2020-10-26,56.13109685434595,56.19265348190727,53.0532520579413,53.46656036376953,3163100.0
2020-10-27,53.28189850120658,53.77435495040753,51.29449132382459,51.30328369140625,3537800.0
2020-10-28,49.94901815331535,50.56458771819281,48.12869326382715,48.18145751953125,4212400.0
2020-10-29,48.0319693763143,49.40381008766923,47.35484306488439,48.62115859985352,3873700.0
2020-10-30,48.33975357334899,48.73547380445195,47.42519314300076,48.63874435424805,4689900.0
2020-11-02,49.38622426904099,50.52942323708752,48.61236511261264,50.20405197143555,3665300.0
2020-11-03,52.47286181553282,53.783145954602745,51.619861289160085,52.982906341552734,4172100.0
2020-11-04,53.56328916851775,54.88236541140154,53.22032988210146,53.413795471191406,3185900.0
2020-11-05,53.5896760763704,54.27559808642693,52.80702461469932,53.49294662475586,3106200.0
2020-11-06,53.80952798123917,54.23163207306168,53.03567215685713,53.51933288574219,1627000.0
2020-11-09,59.00667430844121,67.47514784988206,58.97149813782666,62.50662612915039,8057900.0
2020-11-10,64.46765044254252,65.02166675566257,62.45385991666884,63.56188583374024,3917800.0
2020-11-11,63.174954755547,63.755351520827226,59.60465721731465,60.22901916503906,3571200.0
2020-11-12,59.55190068270881,60.80942039055012,59.18256091907774,59.806922912597656,3006500.0
2020-11-13,60.44888422664551,63.10462897938408,60.44888422664551,62.911163330078125,3103800.0
2020-11-16,65.75154834798538,65.98898581985831,63.58826419657833,65.92742919921875,3843800.0
2020-11-17,64.82821498634534,66.0505586891519,64.19505718448323,65.27670288085938,2861400.0
2020-11-18,65.17995939351992,65.76034947741292,63.00787934357958,63.03425979614258,3601700.0
2020-11-19,62.73528731074416,63.816933202971725,62.29559505863352,63.306888580322266,3257200.0
2020-11-20,62.80562799250391,62.83200844925346,61.18756402627748,61.55690383911133,2912400.0
2020-11-23,62.09332271341883,62.98150268855123,61.45136925594624,62.70888900756836,2093400.0
2020-11-24,63.878476617098805,64.91615038548656,63.3508473657018,63.71139144897461,2318700.0
2020-11-25,63.500332349206246,63.80811547772291,62.286784567125245,63.03425979614258,2498200.0
2020-11-27,62.74407168188339,63.5706951132228,62.30437950932756,62.6473388671875,865300.0
2020-11-30,62.19004315232223,62.717672257990216,61.45135703705259,62.69129180908203,3650300.0
2020-12-01,62.80563189812466,65.13600188735532,62.80563189812466,64.57319641113281,3007500.0
2020-12-02,64.02795392254055,64.42368079148693,63.32445067080511,63.97519302368164,3102000.0
2020-12-03,64.0015926894721,66.61336531385896,63.579491953529526,65.67242431640625,3494400.0
2020-12-04,66.19125157938316,68.71508686973628,65.857087969416,68.69750213623047,4305500.0
2020-12-07,67.63346324773602,68.56560864506045,66.23523844257826,66.71890258789062,2723800.0
2020-12-08,66.60456999824346,67.75656807986957,66.18246925972434,67.46636962890625,1746600.0
2020-12-09,67.36085749969588,67.71261267360092,66.50785338345705,67.19377899169922,2630200.0
2020-12-10,66.59577200717389,68.15227917302656,66.35833450324269,67.92363739013672,2750700.0
2020-12-11,67.43118649547922,68.15228133282751,66.28798425397041,66.72767639160156,4403300.0
2020-12-14,67.3784347788957,67.3784347788957,64.46766786840216,64.57319641113281,3452600.0
2020-12-15,64.96892554744147,65.69002058131404,64.01919537029151,65.34706115722656,2728700.0
2020-12-16,65.34704573784487,65.38222191524225,63.83450365560605,64.96891021728516,3116400.0
2020-12-17,65.57568228159735,66.76284965965691,65.26789914049589,65.46136474609375,2844500.0
2020-12-18,65.36462604037084,65.41738694288944,63.236517989317285,63.56188583374024,7618400.0
2020-12-21,62.01417390294952,64.19504977898234,61.83829973790771,63.72897720336914,4483600.0
2020-12-22,63.544298196323375,63.72896805586099,62.48903323003481,63.245304107666016,2173700.0
2020-12-23,63.89607196849952,64.57319498585674,63.76416297029035,64.08074188232422,1752900.0
2020-12-24,63.96640787702859,64.01917549377755,62.875973295643576,63.68500518798828,730200.0
2020-12-28,64.06314248325486,65.40859933775461,63.95762066512596,64.92494201660156,1975900.0
2020-12-29,65.24151043304488,66.16485973953488,63.94001897496623,64.04554748535156,1409000.0
2020-12-30,63.94003633003229,64.65233551825744,63.92245159477931,64.45008087158203,1108100.0
2020-12-31,64.57319468836795,65.48775524012235,63.89607167413023,65.30308532714844,1163700.0
2021-01-04,65.19754294902313,65.40859327488774,62.21643109815594,63.5882682800293,2497300.0
2021-01-05,63.33327844892112,64.87220155988578,63.33327844892112,63.99281692504883,1662600.0
2021-01-06,64.406096300497,66.88595945191398,64.20384169360669,66.83319854736328,3641900.0
2021-01-07,67.17819915980209,67.57627637389807,65.89549316602414,66.86857604980469,4195100.0
2021-01-08,66.8155070633737,68.84129251047328,66.53242825739778,68.60244750976562,3682900.0
2021-01-11,67.63820589779291,69.74360409541802,67.10743398022947,68.60244750976562,3023800.0
2021-01-12,68.32820029026242,70.7343731713875,68.13358237353464,69.32782745361328,3281400.0
2021-01-13,69.31013943725398,69.31013943725398,67.34627731658489,67.3551254272461,2262000.0
2021-01-14,67.76206369715077,68.55822508016624,66.31128373215911,66.7978286743164,2659600.0
2021-01-15,66.56781231426886,67.26666457570309,66.09896368613563,66.85089111328125,2049700.0
2021-01-19,67.26667291948192,67.41705707373855,66.1874327552745,66.2316665649414,1772400.0
2021-01-20,65.94858718044127,68.28398922977004,65.59473695345442,68.13359832763672,2274600.0
2021-01-21,68.02745368423444,68.32822201544026,67.51437114956678,67.96553039550781,1988300.0
2021-01-22,67.54975400872259,67.77090956617673,66.4793619205404,66.5147476196289,1539100.0
2021-01-25,64.5774154663086,65.57703604315462,63.58663625138483,64.5774154663086,4094700.0
2021-01-26,65.47972446441851,66.91281468717698,65.16126671960315,65.61241912841797,2061100.0
2021-01-27,64.79859115204181,65.63013837228215,63.33011472047979,63.71050262451172,2671500.0
2021-01-28,64.38279940895524,66.58550668678778,63.86971693888184,65.59473419189453,1960100.0
2021-01-29,65.28513199553507,65.28513199553507,63.14434078359197,63.25934600830078,2685100.0
2021-02-01,64.01125691477095,64.25010191670115,62.88778304686548,63.31240463256836,2128900.0
2021-02-02,61.92356125893056,65.28512871263982,61.88817555688669,64.60396575927734,5352600.0
2021-02-03,64.4181800935115,67.91243463686563,64.36510492802316,67.58512878417969,4967700.0
2021-02-04,67.57629334591506,68.38130283548043,67.06321081954144,67.69129180908203,2419900.0
2021-02-05,68.69976617208978,69.31899903840083,67.65591166235681,68.18668365478516,1908200.0
2021-02-08,68.46978013903825,69.04478609109998,67.48784866298318,68.04515838623047,1412500.0
2021-02-09,68.06283036159256,68.28398589903041,66.62974004930804,67.41705322265625,1864900.0
2021-02-10,67.88589733169238,68.6555209800746,67.01897146256067,67.3551254272461,1461500.0
2021-02-11,67.4612813838423,67.95666758652128,66.81550429895222,67.42589569091797,1218900.0
2021-02-12,67.0455034197911,67.81512700359612,66.69165326347395,67.4435806274414,1207700.0
2021-02-16,67.42590216839058,67.93898464138795,66.78897313282577,67.57628631591797,2091600.0
2021-02-17,67.30206950866943,67.30206950866943,65.8778269958012,66.2493667602539,2094600.0
2021-02-18,65.48856782676737,66.4881950405036,65.35587317238914,66.28472900390625,1452700.0
2021-02-19,66.55013779139469,68.35476132226877,66.38205739671102,67.859375,2005700.0
2021-02-22,67.1870565200035,70.1593877903889,67.1870565200035,69.58438873291016,2122300.0
2021-02-23,69.65514287639459,70.85822948289817,69.28360321092083,70.0001449584961,2304500.0
2021-02-24,69.77015767627155,72.13209740944525,69.58438781795664,71.63671112060547,3194800.0
2021-02-25,71.91092450465952,72.36208362266463,70.66360422227196,71.12361145019531,3596500.0
2021-02-26,70.80518043217823,72.12326596917246,69.9028617699207,70.4424819946289,3146000.0
2021-03-01,71.16785118599189,72.43286116455221,70.92900616867226,71.57478332519531,2284400.0
2021-03-02,71.52171574158086,71.91979984908329,70.61940391301462,70.79632568359375,2210800.0
2021-03-03,71.10593089895278,72.98133241618338,70.97324296659247,72.09671020507812,2525500.0
2021-03-04,71.92862633697975,72.27362844264896,69.17745085393346,70.2566909790039,2746800.0
2021-03-05,71.43324072311249,72.53901844328452,69.31899426207413,72.3532485961914,2231400.0
2021-03-08,72.6805680426545,73.59172788960886,72.21171257609001,72.27363586425781,2683100.0
2021-03-09,71.96401726355037,72.27363369509683,69.93823154124355,70.20362091064453,3654700.0
2021-03-10,70.16823273584792,72.12324699078881,69.96476665993472,71.85786437988281,2352100.0
2021-03-11,72.22939924907344,72.43285856223383,71.1501591558985,71.6809310913086,1921800.0
2021-03-12,72.30017133681307,73.82171576654643,71.99939629606632,73.7774887084961,1866500.0
2021-03-15,73.59172112174682,74.28172534048389,73.1759476183715,73.63594818115234,2304200.0
2021-03-16,72.87515982463847,73.10516344037369,70.92014596371524,71.16783905029297,2428800.0
2021-03-17,71.60132516622885,72.40632788272323,70.99978178229736,71.44209289550781,1643000.0
2021-03-18,71.69862426396868,71.72516184724071,69.66399072411976,69.72591400146484,1981600.0
2021-03-19,69.47823617395014,71.40671305575194,68.61130335130441,70.50439453125,4882500.0
2021-03-22,70.32745701695133,70.65476962395009,68.74398264654815,69.53129577636719,2151900.0
2021-03-23,68.87667959332842,69.23937115714125,67.59398020426492,68.805908203125,3149000.0
2021-03-24,69.37206641573817,70.70784773336602,68.6466765328198,68.69091033935547,1612800.0
2021-03-25,68.0363004543127,70.64593339090287,67.8416824795453,70.4070816040039,1685400.0
2021-03-26,70.92015440383948,71.6543923900974,70.46015386675535,71.32707977294922,1560700.0
2021-03-29,71.1147687015322,71.50400457771438,69.23052609471831,69.91168212890625,1563400.0
2021-03-30,69.68168323354509,71.3536252929932,69.68168323354509,70.6724624633789,2242900.0
2021-03-31,70.82371956867844,71.15288638896055,70.02304810540072,70.04973602294922,2080000.0
2021-04-01,69.96966093522938,70.272133001598,69.18677928135584,69.38249969482422,2391600.0
2021-04-05,70.13871799470135,70.87711559829754,69.70279938002201,70.53015899658203,3052700.0
2021-04-06,70.36108855959888,73.136746667112,70.28992305994177,72.28269958496094,1927800.0
2021-04-07,72.21153056721906,72.70083157843021,71.58878999600773,71.7489242553711,1522300.0
2021-04-08,71.02830420524384,71.8111856855232,70.94824048332181,71.71332550048828,1178900.0
2021-04-09,72.229318180607,72.66523652702618,71.24182483345983,71.93573760986328,1311100.0
2021-04-12,72.01582290535994,72.7275323589869,71.668866413242,72.56739807128906,1079000.0
2021-04-13,71.61546881480376,71.99801134207918,70.8503837602529,71.5976791381836,1457100.0
2021-04-14,71.42866366004229,72.72752755790779,71.42866366004229,71.64217376708984,1216700.0
2021-04-15,72.033601915838,72.22042407497767,71.38416668775585,71.6866455078125,1226600.0
2021-04-16,72.1047712713453,72.7008238673356,71.45533606965385,71.6688461303711,2057900.0
2021-04-19,71.72223163617824,72.2115258279134,71.27741503240294,72.13146209716797,1455900.0
2021-04-20,71.62438001501424,71.77561604943631,70.53902628588922,71.44644927978516,1906500.0
2021-04-21,71.51763616506416,73.33248931048998,71.39308801867499,73.30580139160156,1640700.0
2021-04-22,73.04779636193629,73.93742972960098,72.76311395577815,73.28799438476562,1634800.0
2021-04-23,73.24351059008998,74.45341241070722,72.72752165154604,73.51929473876953,1885600.0
2021-04-26,73.91072967795247,73.97300373196866,72.72751586428208,73.19902038574219,1540400.0
2021-04-27,73.86625051347875,74.88933014795221,73.5192940755719,74.0975570678711,1862300.0
2021-04-28,74.18653934319128,75.19182278619364,73.97302919697309,74.05309295654297,1380000.0
2021-04-29,74.52457745667596,75.28966262639392,74.05307290060023,74.88043212890625,1438500.0
2021-04-30,74.95160462647618,75.74337771099529,74.61354641997968,75.37863159179688,1871700.0
2021-05-03,75.61883294776325,75.75227930455556,74.59575326217372,74.76478576660156,2397300.0
2021-05-04,73.36806358849482,74.49789495852613,72.60297836317075,73.99970245361328,3169100.0
2021-05-05,74.23989872400941,74.81816174637514,73.17234144222934,73.87515258789062,2061200.0
2021-05-06,73.73280311233563,76.09033263972664,73.73280311233563,75.9568862915039,3141600.0
2021-05-07,75.83232415292973,77.15788236948254,75.44978164536113,76.73975372314453,2327300.0
2021-05-10,76.95327944590854,77.05113965062073,75.98358241949565,76.18819427490234,1618800.0
2021-05-11,75.6722170941807,75.9568995191964,73.98191901354247,74.71141815185547,1942500.0
2021-05-12,74.32886679035657,74.89823157361839,72.56738982582785,72.70083618164062,2253300.0
2021-05-13,72.50511124440726,74.40002765924594,72.50511124440726,73.94631958007812,1466900.0
2021-05-14,74.17762714363164,75.04947082322768,74.01749286727171,74.72920227050781,1482000.0
2021-05-17,75.03165551831412,75.2807584980639,74.15092061312596,74.84483337402344,1363200.0
2021-05-18,74.7292188037743,75.15624589766522,73.72393532760364,73.759521484375,1834600.0
2021-05-19,73.00330597265281,73.21682285022843,71.9357487342283,72.18484497070312,1962000.0
2021-05-20,72.14034498011101,73.46590318893398,69.77392445832206,71.32188415527344,5446700.0
2021-05-21,71.74892250084504,72.3271854670367,70.94825122360758,71.62437438964844,4025500.0
2021-05-24,71.9980169564871,72.2560114054529,71.03721144737926,71.49982452392578,2684100.0
2021-05-25,71.55320203654193,73.8573488789617,71.40196601413446,72.51400756835938,2550400.0
2021-05-26,72.41615655643166,72.83428531984859,72.05140362243345,72.14036560058594,2836600.0
2021-05-27,72.46951850522187,72.72751294360317,71.41085284209903,71.56209564208984,3801200.0
2021-05-28,71.57989232313035,72.16705354117936,71.43755452889506,72.06029510498047,1655600.0
2021-06-01,72.73641561467583,72.90544131489648,71.96243225229945,72.46062469482422,1494400.0
2021-06-02,72.54960297079694,73.05669371273997,71.49093710411992,71.77561950683594,2555900.0
2021-06-03,71.49092395437833,71.69553578790797,70.68135449056618,71.42864990234375,2310200.0
2021-06-04,71.6599573353336,71.88236563645212,70.30771106360986,70.82369995117188,1962500.0
2021-06-07,71.04610471791057,71.3396852897491,70.33439547479209,71.01941680908203,2525200.0
2021-06-08,70.96604647571193,71.63327146125305,70.87708450177917,71.44644927978516,3153600.0
2021-06-09,71.6332632441949,71.67774761974024,70.61019048027947,70.69025421142578,1863900.0
2021-06-10,70.627980464816,70.81480262566487,69.73834724894743,70.21875,1805000.0
2021-06-11,70.45894851701529,71.1261734339846,70.16537471194455,71.05500793457031,1600600.0
2021-06-14,71.26852543609829,71.44644938422392,70.10310796493924,70.63688659667969,1374000.0
2021-06-15,70.83260025513769,71.02831386446086,70.37888540712572,70.47674560546875,1434800.0
2021-06-16,70.37888189782913,70.5212196781816,68.8665081963511,68.89319610595703,1872400.0
2021-06-17,69.18678222212665,69.24905628475322,67.34524147032516,67.64772033691406,2107200.0
2021-06-18,66.74918280060973,67.12282714301891,66.01078556154171,66.4645004272461,4668600.0
2021-06-21,67.0783413132701,68.8487093930744,66.79365897487261,68.822021484375,3017300.0
2021-06-22,68.63522048075423,69.15120949911254,67.5854527618783,68.61742401123047,2654800.0
2021-06-23,68.66190250366769,69.26685345562193,68.4128062506331,68.7419662475586,1225400.0
2021-06-24,68.96436277756527,69.08891767011954,68.49285826685957,68.70637512207031,1592100.0
2021-06-25,68.78644210840515,69.09781238612351,68.39500130935178,68.53734588623047,3911500.0
2021-06-28,68.54623556882684,68.54623556882684,67.35412364193971,67.8078384399414,3179900.0
2021-06-29,67.98577270164873,68.31493945421133,67.29185983868834,67.32744598388672,1793600.0
2021-06-30,67.33634860946579,69.26685129770547,67.24737984698469,69.16899108886719,2865900.0
2021-07-01,69.42855372518042,69.71496749457003,68.53350984225757,68.75727081298828,2581500.0
2021-07-02,68.81993041261558,68.9541883740503,68.46191145833747,68.5514144897461,2999500.0
2021-07-06,68.3366058816496,68.64986990605294,67.39681380843959,67.43260955810547,4453700.0
2021-07-07,67.459468142803,67.71903171994892,66.47491428857926,66.9940414428711,2087000.0
2021-07-08,66.44805818324825,66.91348484200742,65.79467995085595,66.49281311035156,2193200.0
2021-07-09,67.37889763326623,68.48875005732569,66.97613064598472,68.14863586425781,1601800.0
2021-07-12,67.36100244474902,67.77272179864508,67.03878611063163,67.33415222167969,2006000.0
2021-07-13,67.02984031874931,67.04774502164258,65.41875849052239,65.61566925048828,2181900.0
2021-07-14,65.78572165401769,66.6270650412891,65.48141002887677,65.53511047363281,1698600.0
2021-07-15,65.07862963112925,65.58880429068641,64.48790431257763,64.97122192382812,2476600.0
2021-07-16,65.59777758003354,65.59777758003354,63.861389981911294,64.06725311279297,2656400.0
2021-07-19,62.867882622665896,63.20800368040042,61.66852705536223,63.07374572753906,4545400.0
2021-07-20,63.28853896564653,65.48140011944936,63.19903596171695,65.0428237915039,3652900.0
2021-07-21,65.65147729159351,66.55547366092664,65.49932144755401,65.57987213134766,2820900.0
2021-07-22,65.46350055067266,65.46350055067266,64.2641451810332,64.4073486328125,1893300.0
2021-07-23,64.68480819694395,65.48140340927058,64.38049660256631,65.22183990478516,1955800.0
2021-07-26,64.86383258035957,65.8931344319574,64.86383258035957,65.62461853027344,1302300.0
2021-07-27,65.25766384338807,66.15270787802858,64.97124319680482,65.86628723144531,2004300.0
2021-07-28,66.2511371066095,66.67180877271656,65.22184223004878,65.91997528076172,1544900.0
2021-07-29,66.77026610815551,68.02332879376918,66.57335537959078,67.19989013671875,2183500.0
2021-07-30,66.83291837936238,67.69215960114009,66.20639045576684,66.41224670410156,3047200.0
2021-08-02,66.78817876509032,67.71902524733974,65.47246312987858,65.49931335449219,1680000.0
2021-08-03,65.6604272624637,65.74097794333599,64.04039983535772,64.94438934326172,2677200.0
2021-08-04,64.33575174482036,64.70272301398916,63.80767913247647,64.21939849853516,2241500.0
2021-08-05,64.67585407817299,65.83046117071173,64.51474595296663,65.80360412597656,1978900.0
2021-08-06,66.37642881962307,66.73444075445586,65.83045174177114,66.16161346435547,2038100.0
2021-08-09,67.13722423684409,67.28042766597976,65.588795760679,65.74095153808594,2619000.0
2021-08-10,68.91836879171899,70.4399404361833,67.33414435786243,70.0282211303711,4547500.0
2021-08-11,70.43995990051948,70.46681695651621,69.46436522059564,69.9566421508789,2437300.0
2021-08-12,69.80447302041165,70.61896626082881,69.54490946561859,70.51155853271484,2531900.0
2021-08-13,70.62791513346617,71.39764658012147,70.21618894362902,71.10228729248047,1945800.0
2021-08-16,70.79797447410579,71.31710159954282,70.35940485437474,71.00383758544922,2068300.0
2021-08-17,70.59210642270645,71.28128713881624,70.29674033209845,70.41309356689453,2109200.0
2021-08-18,70.05507282328693,70.32358868555207,68.76621443888361,68.86466979980469,1654500.0
2021-08-19,68.17548246057969,69.04367601182685,66.51070049870496,67.62055969238281,2956400.0
2021-08-20,67.50420285989529,68.9720741695835,66.88662727128312,68.73041534423828,1935900.0
2021-08-23,69.04371500043965,69.74184844410793,68.24712613998267,69.41963195800781,2652100.0
2021-08-24,69.56278566900954,70.34146918572928,69.2584673116834,70.2161636352539,2046400.0
2021-08-25,70.08194169456716,71.0843865150233,69.92977903833948,70.84272766113281,1796800.0
2021-08-26,70.85166127501337,70.98591236464688,70.23407894813371,70.72634887695312,1683000.0
2021-08-27,71.01276222328043,72.26582473977048,70.708450650129,71.82725524902344,2760300.0
2021-08-30,71.86306059693761,71.99731851972939,70.35938688468121,70.69950103759766,1370400.0
2021-08-31,71.03962626451207,71.42449535757291,70.50259454125171,71.29023742675781,2441000.0
2021-09-01,71.42449108921663,71.51399409486395,70.4399375411713,70.69950103759766,1677200.0
2021-09-02,70.78901355073295,71.24548781807623,69.80446669909732,70.13563537597656,1464400.0
2021-09-03,69.92082359225724,69.97452403469076,69.13318068380701,69.23163604736328,1903400.0
2021-09-07,68.9273250478375,69.30324180549684,68.2828924183402,69.0436782836914,1662100.0
2021-09-08,69.09739862160401,69.36591457075497,68.01439612967857,68.39031982421875,1924300.0
2021-09-09,68.09495030460627,70.037194178411,67.75482920855154,69.78658294677734,3111100.0
2021-09-10,70.09087024350146,70.19827794624403,68.49769354368178,68.52454376220703,2015400.0
2021-09-13,68.90046493281322,69.23162672139988,68.41714053009186,68.80200958251953,1602800.0
2021-09-14,69.13318688096507,69.15109158247606,67.3610038353765,67.82642364501953,1614600.0
2021-09-15,67.62952655990694,68.38136711643799,67.34311273566753,68.26500701904297,1509500.0
2021-09-16,68.33658107312753,69.08842128739536,68.14862272672086,68.70355224609375,1470400.0
2021-09-17,68.39924027661446,68.81095957339213,67.49525102502606,68.10387420654297,3756800.0
2021-09-20,67.08353153398383,68.5156071079679,66.69866241848804,68.14863586425781,2202300.0
2021-09-21,68.27393973755761,68.92732471392216,67.84432253906886,68.44400024414062,1795600.0
2021-09-22,69.04368422950157,69.67021221288827,68.69461766323714,69.54490661621094,2531000.0
2021-09-23,69.43750412567054,72.13158122097428,69.4106539025199,71.4155502319336,2788900.0
2021-09-24,71.52295972204135,72.44485382577462,71.04858072962449,72.03313446044922,4347400.0
2021-09-27,72.31954851809947,73.87692296336606,72.03313474852581,73.08928680419922,2426000.0
2021-09-28,72.97292959526328,74.06488426860386,72.05998780283939,72.23004150390625,1867900.0
2021-09-29,72.23004234824315,73.17879355658404,71.72881993310375,72.43590545654297,1954900.0
2021-09-30,72.9040339160503,72.9040339160503,70.59033501324997,70.67135620117188,2539200.0
2021-10-01,71.02247643890597,73.31817339750388,71.02247643890597,72.76000213623047,1848100.0
2021-10-04,72.66998301967988,73.51624120132531,72.43591029248445,73.3001708984375,2852500.0
2021-10-05,73.5072162779943,73.53422334127222,72.39987860388392,72.6879653930664,2480400.0
2021-10-06,72.29185416657768,73.3901803861943,71.56262907692884,73.02107238769531,1608600.0
2021-10-07,73.48022004344176,74.65056979198697,73.20113098853554,74.60556030273438,3015900.0
2021-10-08,74.58755309271149,75.38879483019467,74.00237476785031,75.03768920898438,4229300.0
2021-10-11,74.857637388426,75.39779935337062,74.06539342921067,74.5965576171875,1463300.0
2021-10-12,74.42549810446512,75.47881488726115,73.90333860121305,74.77660369873047,1795000.0
2021-10-13,74.45249531074641,74.57853284745674,72.40888079248852,73.67826080322266,1603400.0
2021-10-14,74.02037615378707,74.51552170768838,73.7232847003275,74.02938079833984,1418000.0
2021-10-15,74.77660343048817,75.46981684024026,73.9393500467362,74.02037811279297,1791700.0
2021-10-18,73.27314460401287,73.87632525379423,72.79600149691623,73.19212341308594,1474100.0
2021-10-19,73.53423026113329,73.57924661651992,71.56263203394025,73.22813415527344,2066400.0
2021-10-20,73.2281288845165,73.44419913258241,71.73368077898094,71.8597183227539,2737600.0
2021-10-21,71.9317522743017,72.70598693860919,71.41859737991483,71.68867492675781,1567100.0
2021-10-22,71.60763133385026,72.0127509617128,70.79738520959533,70.8333969116211,1418400.0
2021-10-25,70.2482413192938,71.46360746147423,70.15821546960119,70.26625061035156,1822800.0
2021-10-26,70.194217447557,70.3922784105298,68.69076467376324,69.35696411132812,2681500.0
2021-10-27,69.43799002412543,70.00516588728736,68.66375540816753,68.79879760742188,1799800.0
2021-10-28,68.75377862977763,69.43798043943625,68.35765673158429,68.9968490600586,1375000.0
2021-10-29,68.71777925943921,69.5190209747776,68.45669949499283,69.2309341430664,2769600.0
2021-11-01,69.5100099564209,71.23853078820703,69.41998411761497,70.55432891845703,1781100.0
2021-11-02,70.77038927406124,70.77038927406124,69.71707258123202,69.8701171875,1523400.0
2021-11-03,69.67204480371038,70.5813213852102,69.50099093738561,69.66304016113281,1751100.0
2021-11-04,69.84310352604807,70.88741547617072,69.70806135211463,69.96013641357422,1839500.0
2021-11-05,70.89643898867497,73.37218765177157,70.89643898867497,73.20113372802734,2562100.0
2021-11-08,73.37220091085915,73.63328073218928,71.87774542363152,72.39090728759766,2710100.0
2021-11-09,71.688658673036,73.62424489495595,70.03216144866852,71.66165161132812,3931200.0
2021-11-10,71.39159674786333,71.75170017611643,69.56403819366902,70.71639251708984,2572500.0
2021-11-11,70.58135706902462,71.23855207031922,69.47401900216026,69.8341293334961,1984700.0
2021-11-12,69.8971306880181,70.22122921850912,68.59173878970203,68.6097412109375,2039300.0
2021-11-15,68.96085255548165,69.5910472477554,68.42969522811832,68.80780792236328,1757500.0
2021-11-16,68.84381301689098,68.90683179320575,67.80849866154986,68.8978271484375,2872200.0
2021-11-17,68.52870251506299,69.26692523079423,67.81748685855499,68.11457824707031,2314900.0
2021-11-18,68.1505886299364,68.43867539932664,66.85420160194548,67.45738220214844,2408600.0
2021-11-19,67.1423006195028,67.32235230751803,65.72887357613523,66.77318572998047,3266400.0
2021-11-22,67.2683297797883,68.4656932744013,66.79118668441654,67.85350799560547,1880500.0
2021-11-23,68.08758545806744,69.27594451254176,67.700468129112,68.87982940673828,2862400.0
2021-11-24,68.42967903278655,68.85280798652727,67.82649155163993,68.71776580810547,1684400.0
2021-11-26,66.28703848258371,67.06127311085912,64.87361142743566,65.47679901123047,2905200.0
2021-11-29,65.95393860129604,66.61113341414618,65.25172743423698,65.89991760253906,2489900.0
2021-11-30,65.10769253167871,65.58483575222958,62.93803985796897,63.05507278442383,4560000.0
2021-12-01,64.33345869543245,65.04467464728761,61.26353367818015,61.28153610229492,4241500.0
2021-12-02,61.87571082080188,63.76628105159372,61.51560057004826,63.18110275268555,3153800.0
2021-12-03,63.622220607208526,63.75726278094781,62.61392036281978,63.00103759765625,2680100.0
2021-12-06,64.06337585731046,67.34936403653643,64.01835949792431,65.71086883544922,4385100.0
2021-12-07,66.17901422940686,67.07028182306124,65.54881954082259,65.6478500366211,2934600.0
2021-12-08,66.02595133862147,66.66515056251986,65.72886677100766,66.16999816894531,2424000.0
2021-12-09,65.80989932229635,66.51211057001908,65.45879369843499,66.50311279296875,2718000.0
2021-12-10,67.00724483293328,67.43037376936084,65.98093530856995,66.32303619384766,1622100.0
2021-12-13,66.04396352206855,66.6741512610357,65.1256821098236,66.06196594238281,3390400.0
2021-12-14,66.13398178735599,66.71015533086853,65.57581066209615,66.18799591064453,3534300.0
2021-12-15,66.79119221159786,67.6374433519259,65.85490836251611,67.13329315185547,3153500.0
2021-12-16,67.13328527273663,67.808489297956,66.53010465865465,66.62913513183594,2670200.0
2021-12-17,65.89092044226577,67.178309883415,64.69355684184438,64.91862487792969,7433900.0
2021-12-20,63.57722587229586,64.55851928321125,62.86601000296154,64.10838317871094,3357900.0
2021-12-21,64.63054692153088,67.1873168648687,64.4414905695403,67.061279296875,3724900.0
2021-12-22,66.89022293152554,67.7904950739766,66.71916902652981,67.76348114013672,1950100.0
2021-12-23,68.25863186691684,69.3209532433088,67.90752628958258,69.005859375,2438900.0
2021-12-27,68.74476855772228,69.85209924055097,68.48368886075914,69.78008270263672,1412600.0
2021-12-28,69.72606114740366,70.81539627257163,69.72606114740366,70.5093002319336,1588300.0
2021-12-29,70.40127159832362,70.7973934984545,70.01415434188588,70.16720581054688,1122400.0
2021-12-30,70.2932606127907,70.81542017875024,70.02317618390616,70.22123718261719,719900.0
2021-12-31,70.2212400004429,71.1215123081409,70.01417434751801,70.71639251708984,1402700.0
2022-01-03,70.4732964134175,71.11248875773994,70.30224252249643,71.07647705078125,1951100.0
2022-01-04,71.52662863707604,73.09310732199148,71.40959571541181,72.81401824951172,2537000.0
2022-01-05,73.05707527818872,73.45319029357663,71.95874232261919,72.20181274414062,2825600.0
2022-01-06,72.44632658099502,73.27945767851165,72.08409356628603,72.1474838256836,2006500.0
2022-01-07,72.15654912738596,73.29758082536927,72.12938285750887,72.86289978027344,3688100.0
2022-01-10,73.07118343955487,73.1707976982519,70.24577401918756,71.82147979736328,2610100.0
2022-01-11,72.00260917187684,72.26522798736153,70.48123573291065,71.02458190917969,2772300.0
2022-01-12,71.09702076846472,71.82147994068261,70.25483188535873,70.80723571777344,3320200.0
2022-01-13,71.23286104547982,73.33380444991772,71.1604130534942,72.82667541503906,2372900.0
2022-01-14,71.45926489440738,72.40106127348746,71.21475461772529,72.25617218017578,2334500.0
2022-01-18,71.89393849158542,72.58218067896036,70.9793014841944,71.46831512451172,2573100.0
2022-01-19,71.08797102106809,71.5407606454061,70.07371977530325,70.35445404052734,2005900.0
2022-01-20,70.18238242440906,71.8758178811228,70.10088361921375,70.66233825683594,3066400.0
2022-01-21,70.92495689613702,71.47736071590697,69.80204071403995,70.10088348388672,3234100.0
2022-01-24,68.70628861120038,70.21860404578631,66.98568694423078,69.88353729248047,3126500.0
2022-01-25,68.84212314865293,70.55367407870209,67.20302711695325,69.79298400878906,2585800.0
2022-01-26,70.28199921950818,71.79431475981679,68.9417390216104,69.78392791748047,2659000.0
2022-01-27,70.33633720198391,71.59509178014423,69.06852489698913,69.42170715332031,2228700.0
2022-01-28,69.28585055605015,70.41782429512878,68.23537560985588,70.30009460449219,2305000.0
2022-01-31,69.51227188485555,70.86158316327871,69.48510561017258,70.77102661132812,2215200.0
2022-02-01,71.54075557122955,72.33766276629447,71.10607452272632,71.95732116699219,2457100.0
2022-02-02,71.54075726821696,72.73612154367949,71.48642472674808,72.4372787475586,2297400.0
2022-02-03,72.12937260917542,72.56404668349076,71.55885338673424,71.74903106689453,1634800.0
2022-02-04,71.13325447520937,71.87582920080284,69.96505638695473,71.32342529296875,1805700.0
2022-02-07,71.89392267162556,73.01683879728624,71.70375189374093,72.3738784790039,2836400.0
2022-02-08,67.95466779389656,73.91338092099127,67.73733070827922,73.6598129272461,5428100.0
2022-02-09,74.0310871348291,76.42181526756254,73.53301589508469,73.705078125,4061200.0
2022-02-10,73.73224251520044,75.20834074687949,73.04400743108789,75.10872650146484,2852700.0
2022-02-11,75.18118188622468,76.31315588234298,74.32088441278314,74.77367401123047,2677500.0
2022-02-14,75.0725086406162,75.5071827388053,73.18890245774291,74.24842834472656,3162000.0
2022-02-15,75.16306680138781,76.53954402091415,75.03628627757698,76.3855972290039,2427400.0
2022-02-16,76.26787183566375,77.87074378016996,76.26787183566375,77.49040222167969,2594600.0
2022-02-17,76.76594042210814,77.20967917384036,76.01431498907175,76.3041000366211,2193800.0
2022-02-18,76.02337423914173,77.30024428059258,75.33513899300465,75.66114807128906,2034100.0
2022-02-22,75.90563866688107,76.79310921060055,74.95477786354022,76.28598022460938,2214100.0
2022-02-23,76.59387756314037,77.26400412435473,75.72452250585746,76.15013885498047,2682300.0
2022-02-24,75.25362577302167,77.20968004788854,74.37521289453167,76.93800354003906,3450600.0
2022-02-25,77.37269122749673,79.05706913942834,77.0738484249557,79.01178741455078,2444100.0
2022-02-28,78.07903884519445,79.28346082571935,77.63530697674561,78.87594604492188,2798800.0
2022-03-01,78.54995165236515,79.02990760711357,77.16441633876393,78.01566314697266,2570200.0
2022-03-02,78.33258853857257,80.7957646824541,78.27825600596397,80.0260238647461,3393500.0
2022-03-03,80.26147739622647,80.70521615322048,78.40504428832594,78.85783386230469,2011000.0
2022-03-04,77.64435416962301,78.04281120539676,75.00912244317361,76.93800354003906,3960900.0
2022-03-07,76.82931120980267,76.84742665700644,70.26386412924569,70.40876007080078,5409500.0
2022-03-08,70.41782270949604,71.83052369316947,68.12670901863413,68.19915008544922,6094400.0
2022-03-09,70.63517500879782,73.03496118256753,70.42688876046941,72.22899627685547,3307300.0
2022-03-10,70.70762090846772,72.82667277971098,70.37255413942458,72.42822265625,2338800.0
2022-03-11,73.11645738326207,73.6869766597566,70.37255371123574,70.47216796875,1768600.0
2022-03-14,70.99740196088659,71.31435326023917,68.787786772794,69.51225280761719,1737500.0
2022-03-15,70.66232909345369,71.82146912160773,70.07370135474495,70.44499206542969,2113500.0
2022-03-16,70.9068611680325,72.54595747198601,70.75290743788162,72.51879119873047,2381100.0
2022-03-17,71.81243990122437,72.4282340899885,71.34153480504035,72.2199478149414,2082100.0
2022-03-18,72.19278964827896,73.69604783407586,71.2057045263388,73.56926727294922,4020200.0
2022-03-21,73.54206904691237,74.09447278427075,71.95730581229853,73.12550354003906,2087000.0
2022-03-22,73.56923798364028,74.27558851699784,73.03494967574868,73.4515151977539,1755500.0
2022-03-23,73.02589464996106,73.243231689253,72.22898756654403,72.83572387695312,1976600.0
2022-03-24,73.17985290360566,74.04015728857732,72.63650676568835,73.83187103271484,1350600.0
2022-03-25,73.96770150057165,74.43859959474315,72.66366537975784,73.2704086303711,1297200.0
2022-03-28,73.05307427438557,73.50586388596702,72.28333331650134,73.2975845336914,1244400.0
2022-03-29,74.27558931826069,75.63395786906956,74.24842305268767,75.25361633300781,1810000.0
2022-03-30,74.71027513717328,76.10486776881628,74.68310886983936,75.15400695800781,2903800.0
2022-03-31,75.07202973421828,75.60936107544386,74.34343756308301,74.36165618896484,2229300.0
2022-04-01,74.50737772257406,75.10846736465413,74.1248699221798,75.05382537841797,2725500.0
2022-04-04,75.01739415512428,76.21045716251086,74.29791123553092,75.48186492919922,2389900.0
2022-04-05,75.19045285464574,75.98279663413608,74.32525538781968,75.13581085205078,1774500.0
2022-04-06,74.90811099997161,75.79152691620915,74.05201607935028,75.62759399414062,2278100.0
2022-04-07,75.82794905400047,76.2559964681776,75.4181133188143,76.21045684814453,3071200.0
2022-04-08,77.16673941680935,78.84249195202119,76.63851035526044,77.93175506591797,3078000.0
2022-04-11,77.74960341949854,78.42354670857335,77.02101119731955,77.14851379394531,2910800.0
2022-04-12,77.13941227694643,78.6239178637122,76.71137177265183,77.0210189819336,2772400.0
2022-04-13,77.4854874479911,78.97909522169161,77.1029796653442,78.93355560302734,1921300.0
2022-04-14,79.15214526637027,79.82608860938988,78.55105559270369,78.56926727294922,1593500.0
2022-04-18,77.64031962108615,78.61480781229574,77.42174471373784,78.24140930175781,1633500.0
2022-04-19,78.41445732642401,80.56379728496502,77.94087712549208,80.23593139648438,1954300.0
2022-04-20,80.96453046721565,81.60204366485507,80.46362227737559,81.14667510986328,1797100.0
2022-04-21,81.96632388234342,83.35975027660383,81.26505950196676,81.72953033447266,3290600.0
2022-04-22,81.45630700884439,82.13025033992366,80.75503573532458,80.8734359741211,2367600.0
2022-04-25,80.76415141000389,81.91168188990069,79.58929993388574,81.72953033447266,2360800.0
2022-04-26,81.86616006564422,81.86616006564422,79.74414088498403,79.82611083984375,1881600.0
2022-04-27,79.78965756101402,81.31058646295863,79.33428912701595,79.88983917236328,2116800.0
2022-04-28,80.36342630285947,80.54557786138463,79.29786574188032,80.43628692626953,1844000.0
2022-04-29,80.35429530556613,80.95537786360168,77.63118779993677,77.84976959228516,3457000.0
2022-05-02,78.67856709832888,78.68767641366742,75.90992584701341,77.54014587402344,2545900.0
2022-05-03,78.06838230567396,78.53286015426194,76.59298575929755,78.10481262207031,2299400.0
2022-05-04,77.8680030174168,78.65123728784762,76.41082540325628,78.5055160522461,3093600.0
2022-05-05,77.30335349264209,77.7860499357406,75.55474013305307,76.16493225097656,2732700.0
2022-05-06,75.93725732321151,76.20137191750007,73.85166851868968,75.11759948730469,2389300.0
2022-05-09,74.1430893800695,75.38168508830547,73.43270880919194,73.84254455566406,3430900.0
2022-05-10,81.05559066584175,82.64027105466357,77.86801125763449,78.3689193725586,6798900.0
2022-05-11,78.66034840270598,79.49822468148093,76.19225224227058,76.5565414428711,4074800.0
2022-05-12,76.62940354233699,76.62940354233699,73.89719279483734,75.23597717285156,2663800.0
2022-05-13,75.96456799016971,78.05925868634772,75.92813768044864,77.16674041748047,2017100.0
2022-05-16,77.14852172502614,77.66764147847523,76.62940197157704,76.99369812011719,1419700.0
2022-05-17,77.71317974471387,78.37801377693899,77.08476907317231,78.2505111694336,1490700.0
2022-05-18,77.33068440449844,77.65854334216854,73.20503982986284,73.50558471679688,1983300.0
2022-05-19,72.74056304482576,73.24146420069174,71.0648034356806,72.02108001708984,2667000.0
2022-05-20,72.49466220686648,72.75877676482934,68.53295773416706,70.10853576660156,3277400.0
2022-05-23,70.73694505321673,71.59304010426862,69.525663108297,71.57482147216797,1612400.0
2022-05-24,70.88265274416398,71.0556880257544,68.99742768831405,70.22692108154297,2749600.0
2022-05-25,70.26335715391617,72.55841121297605,70.19049653023262,72.07572174072266,2323600.0
2022-05-26,74.56204077474662,76.17404220926461,73.97006033441063,75.44544982910156,2635200.0
2022-05-27,75.4636825658251,77.1121146223121,75.44546393131107,76.93907928466797,1927000.0
2022-05-31,76.6111905290103,77.1576312793332,75.61848369486253,76.66583251953125,2564700.0
2022-06-01,76.61119126830552,77.05745040806563,75.29972789617808,75.81884765625,1923500.0
2022-06-02,76.01010822437323,76.81155427281794,75.39991610970377,76.79334259033203,1461900.0
2022-06-03,76.29243455736108,76.84798467685661,75.95546631818534,76.7295913696289,1536600.0
2022-06-06,77.42175310949503,78.06837553561753,76.5747674347542,77.15763854980469,1092500.0
2022-06-07,75.9463637682892,77.61301427524636,75.82797045051464,77.51283264160156,1229000.0
2022-06-08,76.89351624877615,78.31426358012996,76.86619525369183,77.55835723876953,1843800.0
2022-06-09,77.26692430132742,77.51282718418689,75.09937272712865,75.12669372558594,1446200.0
2022-06-10,73.57844463206003,75.38170003940647,72.96825249666361,74.59847259521484,2083900.0
2022-06-13,72.94092638860339,74.16131763853957,72.19412229179069,72.60395812988281,1999600.0
2022-06-14,72.83162659928657,73.7970054314138,72.62215406767389,72.9864501953125,2179600.0
2022-06-15,73.60575098604373,74.93542593602308,72.68590483390977,73.56932067871094,1662900.0
2022-06-16,72.44913585489356,72.44913585489356,70.84623668479922,71.43821716308594,2064800.0
2022-06-17,71.66589296767758,72.3762666784121,71.23784548855,71.7387466430664,4620700.0
2022-06-21,72.94092591684438,73.31433143702176,72.05751682808679,72.92271423339844,1814700.0
2022-06-22,72.05752654374996,72.23967119625696,70.94642609768708,71.31072235107422,2405500.0
2022-06-23,72.77697676589655,73.69681587726097,71.78427009881551,73.61485290527344,2233300.0
2022-06-24,74.27969820710017,77.97729468957154,73.97005100104316,77.93175506591797,2761500.0
2022-06-27,78.25962798208342,79.02464370041426,77.17584876607643,78.4144515991211,2416900.0
2022-06-28,78.75140486825374,79.52552968643266,77.22136690891564,77.45816040039062,1906200.0
2022-06-29,78.55106466273874,79.124826459731,77.60389736807328,77.68586730957031,2425500.0
2022-06-30,77.15457805209978,77.93317559456733,75.9637768776088,77.59425354003906,2443500.0
2022-07-01,77.5026658843581,79.17894551391578,77.42938429663039,79.06902313232422,2649900.0
2022-07-05,78.1255419794171,78.66597794106315,77.62173982151268,78.04309844970703,3203900.0
2022-07-06,77.95151645334366,78.51943837071015,77.4568761359957,77.69503784179688,3259600.0
2022-07-07,78.09806870463068,78.86750443140207,77.31030908616452,78.82170867919922,2703400.0
2022-07-08,78.9774268338535,80.08578467205801,78.64766666844358,78.9133071899414,1962600.0
2022-07-11,78.56521463850358,79.52701618171379,78.23546149726302,79.08733367919922,1414800.0
2022-07-12,79.06902854683604,80.27814687307405,78.81254996074273,79.13314819335938,1537700.0
2022-07-13,78.30875339681361,79.76519545653271,77.77747928236384,79.02323150634766,1503200.0
2022-07-14,77.9423359072974,79.58197462673492,77.81409663212499,79.4537353515625,1586300.0
2022-07-15,80.63535958230689,80.82771845909005,80.00331828108007,80.25980377197266,1846500.0
2022-07-18,80.77277609717807,81.10253623092879,78.77589839325037,79.09649658203125,2504600.0
2022-07-19,79.9667097807219,80.8552228768709,79.09650659979883,80.02166748046875,2741000.0
2022-07-20,80.3605812080121,81.37733348970994,80.3605812080121,80.8185806274414,2009700.0
2022-07-21,80.4613314174177,80.7269719086336,79.30717795856879,79.61861419677734,2569700.0
2022-07-22,79.76518053059323,80.36973612995014,78.89497744094356,79.56365966796875,2343200.0
2022-07-25,79.87508986274723,80.56208893950887,79.59113248067753,80.47965240478516,1496200.0
2022-07-26,79.76519641492743,80.12243547398674,78.8308735000662,78.9407958984375,2714200.0
2022-07-27,79.43542824455056,79.71938567622759,78.52859126158533,79.11483001708984,3168400.0
2022-07-28,79.0049018073833,79.994182255085,78.8491836781664,79.94837951660156,2669400.0
2022-07-29,79.65527392067226,79.84763287620203,77.4385579700705,77.76831817626953,4015300.0
2022-08-01,77.36526271437639,79.09649999705644,76.74238321134484,78.7759017944336,2862100.0
2022-08-02,78.70262806533412,78.82171240142257,77.75915026549346,78.2354736328125,2314500.0
2022-08-03,78.31790308920714,79.39878203126553,78.11638222040557,79.14230346679688,2126200.0
2022-08-04,79.02321053492363,79.56365344135051,78.43697188326749,79.04153442382812,1791800.0
2022-08-05,78.31790652067765,79.20642657831473,77.92402671126689,79.0049057006836,1829200.0
2022-08-08,79.20641874616322,79.95753749582299,78.84917976696627,79.4537353515625,2368800.0
2022-08-09,77.337781020702,78.9499409083695,75.23098092925525,75.42333984375,3609100.0
2022-08-10,76.5958142826847,77.00801090482297,74.52565525112146,74.85541534423828,3312800.0
2022-08-11,75.71646040881613,76.44925521937782,75.1027359319694,75.35005950927734,2227100.0
2022-08-12,75.3683806284225,77.68585648909875,75.3683806284225,77.64921569824219,3205300.0
2022-08-15,77.29198471376789,78.45530723105435,77.29198471376789,78.0064697265625,1854300.0
2022-08-16,78.31789550894779,79.10565501700796,77.64005837009928,79.05069732666016,1947100.0
2022-08-17,78.56521601225194,78.81253960815229,77.87821689466537,78.38201904296875,1738600.0
2022-08-18,78.64766448566522,79.08734003499772,77.43854624222557,79.06902313232422,1299900.0
2022-08-19,78.6385000978534,79.84761830374237,78.62933815254276,79.3987808227539,2052000.0
2022-08-22,78.5835622060736,78.73928037301226,77.35611980024795,77.7408447265625,1580400.0
2022-08-23,77.36526758223282,78.51942817281204,77.36526758223282,78.11638641357422,1649500.0
2022-08-24,78.43698382729649,78.89498328042717,78.10722366196102,78.82170867919922,1503000.0
2022-08-25,79.03238775046309,79.84762625133855,78.71178951784646,79.13314819335938,1683700.0
2022-08-26,79.10566037674764,79.59113864375594,76.40346659431596,76.60498046875,1916700.0
2022-08-29,75.97294937549535,76.9713848006274,75.36838675995286,76.10118865966797,1615500.0
2022-08-30,76.54086474554794,76.67826597627287,75.54242931341277,75.66150665283203,1513900.0
2022-08-31,75.94547226438114,76.28438738522513,75.31343078613281,75.31343078613281,2131600.0
2022-09-01,75.17603872330439,75.17603872330439,73.56387850351211,74.97451782226562,2554700.0
2022-09-02,75.65234822082401,75.70731290877693,73.68295611352758,73.99439239501953,1882900.0
2022-09-06,74.51651498453116,74.58063463303908,73.21579812136021,73.67379760742188,2389800.0
2022-09-07,73.79286135148355,76.08285835954614,73.78370639518302,75.9363021850586,1921200.0
2022-09-08,75.53326367213437,76.22942474883381,74.80962374833778,76.06454467773438,1561400.0
2022-09-09,76.40347171873833,77.5026676049896,76.11034536131984,76.84314727783203,1567300.0
2022-09-12,77.20038285847819,77.96066359007213,76.89810155721554,77.16374206542969,1415300.0
2022-09-13,75.89051641266597,76.57751566864398,73.63715969168028,73.88448333740234,1483600.0
2022-09-14,73.77453987371923,73.99437761607092,71.7593384385286,72.73946380615234,2387400.0
2022-09-15,72.64786254180942,73.60966407655573,72.42802478674486,72.96846771240234,1527400.0
2022-09-16,72.71198980497631,72.8585529827365,71.1639564238569,71.62195587158203,2922300.0
2022-09-19,71.07236052622359,73.15168221282129,71.07236052622359,73.08756256103516,1521500.0
2022-09-20,72.48297959031149,72.92266207143777,71.823466351396,72.84938049316406,1545400.0
2022-09-21,73.28906260760442,73.74706198674964,71.84178289226166,71.86009979248047,1934800.0
2022-09-22,71.64944001650106,71.68608081364954,70.38535697468973,70.87999725341797,3234800.0
2022-09-23,70.23879263556334,70.23879263556334,67.75643657167072,68.62663269042969,2274200.0
2022-09-26,68.35184336060867,68.91060327261545,67.07860539417153,67.43584442138672,2087900.0
2022-09-27,68.3701562616629,68.54419828625119,66.28167992067104,66.84960174560547,1746600.0
2022-09-28,67.40835416393557,67.91215634288807,66.62975651434093,67.56407928466797,2492800.0
2022-09-29,66.93203602049348,67.17019767945426,65.05423557331359,65.47560119628906,2421300.0
2022-09-30,65.55803851395112,66.46487543386836,64.67868044183186,64.77027893066406,3073900.0
2022-10-03,65.5122360873749,66.51067848939762,65.04508169555015,66.03435516357422,2628500.0
2022-10-04,67.15185037598013,68.81896743042394,67.15185037598013,68.69989013671875,3503600.0
2022-10-05,68.10451313230172,69.50599025530796,67.96711190703282,69.15791320800781,2639100.0
2022-10-06,69.13026167081485,69.46216895087653,67.37849324218874,67.55366516113281,2268700.0
2022-10-07,66.91751033534089,67.14800602508717,66.15226295718239,66.55793762207031,2106100.0
2022-10-10,66.9543812847734,67.67352661244497,66.26289431060164,67.1203384399414,2259900.0
2022-10-11,67.11111701020177,67.99621949787034,66.65012569157214,67.72884368896484,2413600.0
2022-10-12,67.6550819027305,68.60472990693656,67.18487583266526,67.22175598144531,2385100.0
2022-10-13,66.11537534128853,69.09338241176312,65.47920505844915,68.66004943847656,2144400.0
2022-10-14,69.2962124611333,69.70188000356758,67.76571803789018,67.98699188232422,1932100.0
2022-10-17,68.955074120809,69.79407456361375,68.60472329243109,69.68344116210938,2080000.0
2022-10-18,70.91890022592534,71.66571091855242,70.07989971388234,70.99266052246094,3246000.0
2022-10-19,71.09407630070629,72.05293901444072,70.92811915728747,71.40754699707031,3072300.0
2022-10-20,71.63803898948674,72.14513218914811,70.57776471883398,71.17704772949219,4385400.0
2022-10-21,71.4075426048171,74.01675479701117,70.9281147945237,73.80470275878906,2481800.0
2022-10-24,74.23804232358943,75.43662262166129,74.06287039756572,75.15081024169922,2947600.0
2022-10-25,75.00329030444617,76.64441836454851,74.76357283586289,76.0820083618164,2611900.0
2022-10-26,76.50612452102179,77.64015925812167,76.10967169430462,77.03165435791016,2770900.0
2022-10-27,77.55717765400672,77.8337682092604,76.88412727130188,77.2160415649414,3035000.0
2022-10-28,77.62171456988563,79.56709834906987,77.2621419314742,79.27206420898438,2767500.0
2022-10-31,78.75574138276502,80.59049157393149,78.75574138276502,79.80680084228516,4793900.0
2022-11-01,77.66779829939844,78.5160274849605,76.12808932224765,77.54794311523438,4799600.0
2022-11-02,76.71815767102574,77.16071233542935,74.95717487567568,75.09546661376953,4634500.0
2022-11-03,74.59763152018189,75.75932478039884,73.88770082698991,74.91110229492188,2557200.0
2022-11-04,75.6855558698125,76.11888886086281,74.38556393083131,75.83307647705078,3976300.0
2022-11-07,75.98060554941326,76.93946146661092,75.78698297229877,76.72740936279297,2497700.0
2022-11-08,77.04085830308341,77.39121616793028,76.21107964967844,76.91178131103516,2180900.0
2022-11-09,76.87489421015223,77.612482984409,76.33092794061797,76.48766326904297,2494100.0
2022-11-10,78.51604554275453,78.78341432013784,77.05931127326174,77.66781616210938,3298300.0
2022-11-11,78.40540500962142,78.46994351343322,77.07774774929929,77.87987518310547,3500400.0
2022-11-14,77.78768123581597,79.0692365981492,77.22527123834085,78.03661346435547,3483800.0
2022-11-15,78.87561459147842,79.1890853004596,76.50611958039663,76.93944549560547,2436000.0
2022-11-16,76.93022527431349,78.10114000334084,76.87490153876102,77.73234558105469,1361000.0
2022-11-17,76.95788793645717,77.62171652692855,76.81958914108081,77.53873443603516,1328600.0
2022-11-18,78.9216995122815,79.29049391406427,77.9444003266001,78.423828125,2396500.0
2022-11-21,78.38695912509692,78.94015432349879,78.07348841122706,78.58058166503906,2184400.0
2022-11-22,79.08765522734267,79.60396316010642,78.78339932374915,79.4841079711914,1408500.0
2022-11-23,79.88056146284515,80.20325392384339,79.1982963975677,79.34580993652344,1034800.0
2022-11-25,79.38270603371903,79.78838065717179,79.16143216373095,79.70539855957031,615400.0
2022-11-28,79.18908725805196,80.10184808907344,78.73731774045919,79.22596740722656,2645500.0
2022-11-29,79.29050752287563,79.62242183803052,78.3132081694581,78.45149993896484,1632200.0
2022-11-30,78.21178071815176,79.77914822572585,77.9351831419123,79.76071166992188,2932400.0
2022-12-01,80.15716299892314,80.40609518571509,79.20752212334996,79.32737731933594,1994300.0
2022-12-02,78.50681812272686,78.70965541586853,77.71391254090153,78.67277526855469,1398600.0
2022-12-05,77.90752632221857,78.81107232607853,77.83376602921598,78.48837280273438,1272000.0
2022-12-06,78.93092376924857,79.06000075877432,77.48341150027973,77.68624877929688,1113700.0
2022-12-07,77.6309264916889,78.14724149358142,77.17915701993036,77.62171173095703,1450400.0
2022-12-08,77.78766701934818,77.80610357454216,76.96710314693323,77.36355590820312,1719600.0
2022-12-09,76.87491064819892,77.00398765616902,75.73165413439119,75.81463623046875,1767800.0
2022-12-12,76.01747587923018,76.66286803284365,75.65790316494463,76.64442443847656,1853100.0
2022-12-13,78.15645998395847,78.17490357463932,75.64867328236349,76.07278442382812,2505700.0
2022-12-14,76.14654066853777,76.54299347368857,74.9018655472124,75.73165130615234,1857400.0
2022-12-15,73.05789507151604,73.7217236309757,71.43521085302422,72.18201446533203,3778500.0
2022-12-16,71.83165680136166,72.83661430589044,71.31534184076926,72.54158020019531,4403400.0
2022-12-19,72.84585219117339,73.26996337215772,70.96500671408893,71.83167266845703,2799100.0
2022-12-20,71.78555955721279,72.54158494211208,71.40754334767894,72.17279052734375,1890800.0
2022-12-21,72.64299946815852,72.73519630808728,70.96499165845042,71.1217269897461,3313200.0
2022-12-22,70.55008846165134,71.19548034667969,69.84938691905002,71.19548034667969,1769700.0
2022-12-23,71.11250961962837,72.04371393942823,70.88201398838265,71.99761199951172,1094600.0
2022-12-27,72.10825963733924,72.28343858551763,71.1493968714809,71.8869857788086,2213800.0
2022-12-28,72.12670004376196,72.255777041719,70.75294094038239,70.98343658447266,2655600.0
2022-12-29,71.186274639012,71.53662548948004,70.80826543642397,70.84513854980469,1555300.0
2022-12-30,70.3933683346969,70.57776907056567,69.6742230502308,70.48556518554688,2006300.0
2023-01-03,70.48555056744807,70.63307112554858,69.27775589321145,70.06143951416016,2002500.0
2023-01-04,70.25507705668022,70.73451198705641,69.64657214864224,70.6976318359375,2438700.0
2023-01-05,70.73474795834589,71.27293163754156,70.25222966462943,70.77185821533203,2092900.0
2023-01-06,71.64410421550305,73.24011442361129,71.18014808893244,73.03597259521484,1909600.0
2023-01-09,73.37001270317113,74.04739168101727,73.25866069766813,73.49063873291016,2678900.0
2023-01-10,73.65765587036357,74.3535899068238,73.37000540070362,74.19584655761719,2150900.0
2023-01-11,74.59485792399462,74.81755486000499,74.02883094043696,74.78971862792969,1714200.0
2023-01-12,75.2722366862913,75.6248407571858,74.36287965795252,74.46495056152344,2215400.0
2023-01-13,74.14947075659813,74.66909934741,73.66695242563688,74.53919219970703,1827000.0
2023-01-17,74.35358723186522,74.97529366241913,73.78756033622183,74.11233520507812,2021900.0
2023-01-18,74.27010068306419,74.43712517875973,71.65338830343983,71.72762298583984,2292500.0
2023-01-19,71.42139434814453,71.75544326525142,70.95743830543023,71.42139434814453,2036100.0
2023-01-20,71.78328627388854,72.23796125645124,71.20797817800754,72.21940612792969,2494000.0
2023-01-23,72.29363427944011,73.7690111033924,72.02453892399947,73.53703308105469,1835700.0
2023-01-24,76.44140728263639,76.44140728263639,72.3214817779812,72.4792251586914,2291600.0
2023-01-25,71.72760095864277,73.59269899517012,71.72760095864277,73.4442367553711,2192000.0
2023-01-26,73.57416309639265,73.69478914021433,72.59985240286596,72.69264221191406,1805500.0
2023-01-27,72.61840786876911,72.88750324560569,71.84823907431348,72.27507781982422,2477100.0
2023-01-30,72.05236736346045,73.22153845186237,71.92246025134986,72.46992492675781,4297500.0
2023-01-31,70.05736130699232,71.91318544757489,68.36856162223846,71.87606811523438,9251600.0
2023-02-01,72.26579251717666,72.65552098339725,71.17085594512515,72.30290985107422,4641000.0
2023-02-02,71.99670878477009,72.18229548423356,70.15016537141304,71.56986999511719,3885400.0
2023-02-03,71.57914401862699,71.71833225960255,70.79042009230957,71.18942260742188,3302700.0
2023-02-06,70.93887686248192,71.68120937057448,70.82753194185327,71.36572265625,3143500.0
2023-02-07,70.97599444224028,71.85751518358657,69.82538542216886,71.69049072265625,2544000.0
2023-02-08,71.30075716702437,71.69048560095722,70.22438289079959,70.72545623779297,2785500.0
2023-02-09,70.96672047061467,71.47706787759388,70.64194557232813,70.94815826416016,1980800.0
2023-02-10,71.09661686765548,72.00596662326996,70.83679557235921,71.98741149902344,1787200.0
2023-02-13,72.07094051405925,72.590576171875,71.81112622485558,72.590576171875,1545900.0
2023-02-14,72.61839741009017,72.61839741009017,71.49562470393658,72.1729965209961,1483500.0
2023-02-15,71.7647320246669,71.90392028194275,71.18943094439307,71.80184936523438,1838700.0
2023-02-16,71.40282724319773,72.38641880026731,71.40282724319773,71.88534545898438,1457100.0
2023-02-17,72.03382566276427,73.04525369998068,71.70905779004659,73.03597259521484,1884700.0
2023-02-21,72.66478670598731,72.71118513791052,71.14301158707498,71.27291870117188,2320400.0
2023-02-22,71.45850677850044,72.49776371205891,71.19869254511082,71.88534545898438,1787800.0
2023-02-23,71.86679250971181,72.11733275232349,70.74401966830229,71.03167724609375,1673900.0
2023-02-24,70.50275938783456,70.92959807351934,70.16871048957567,70.36357116699219,1844200.0
2023-02-27,70.83681367882807,71.24509731067641,70.06665193612535,70.24295043945312,1247400.0
2023-02-28,70.15015292665797,70.38213095027747,69.19440460205078,69.19440460205078,2864800.0
2023-03-01,68.67477831568657,69.71403536429365,68.4706365155937,69.67691802978516,1900800.0
2023-03-02,69.66763995973763,70.1779873509235,69.49133440091322,70.103759765625,1656200.0
2023-03-03,70.50275140565327,70.98526249328326,70.085186790402,70.76256561279297,1602300.0
2023-03-06,70.49348815079308,71.26365694508613,70.4470897108832,70.8460922241211,1760500.0
2023-03-07,70.89247132885748,71.0502146544755,70.02951296951542,70.168701171875,1410700.0
2023-03-08,69.48205599346079,69.49133709676089,68.5448698629704,69.44493865966797,2249700.0
2023-03-09,70.07591295863826,70.58626740375468,68.76756068569595,68.95314025878906,1803500.0
2023-03-10,68.7861352479021,68.97172195284271,67.46850150016387,67.85822296142578,1804500.0
2023-03-13,67.03236712715781,68.90675350581438,66.8282253354816,68.52630615234375,2627500.0
2023-03-14,69.2129553158872,69.59340264848092,68.54486459716367,69.27791595458984,2485600.0
2023-03-15,68.33144610130242,69.5934071167046,68.04379561729709,69.5748519897461,2886600.0
2023-03-16,69.37999639042962,69.45423107010066,68.17371470311457,69.12946319580078,2755100.0
2023-03-17,68.73972683166735,68.74900085505745,67.12515475648743,67.6819076538086,5389300.0
2023-03-20,67.99739405244542,69.14800301493831,67.78397824490762,68.7490005493164,2189800.0
2023-03-21,69.18512091786542,70.02952429045486,68.99026023482335,69.77898406982422,2243600.0
2023-03-22,69.72331529471205,70.12231778470573,68.71189449415108,68.7211685180664,1604400.0
2023-03-23,68.71189935767488,69.21296570205631,67.71903361407571,67.95101165771484,2007300.0
2023-03-24,67.7654221617254,69.35215106481151,67.5983976940633,69.25936126708984,1907500.0
2023-03-27,69.87178814919223,70.89249010448158,69.82538970964856,70.55844116210938,2337700.0
2023-03-28,70.76257977238342,71.34716185542261,70.57699310200046,70.8553695678711,1997000.0
2023-03-29,71.32861546569727,72.03382366131623,71.26366189295845,71.81112670898438,2464900.0
2023-03-30,72.0616601903987,72.25652089026944,71.31004654300261,71.39356231689453,1611900.0
2023-03-31,71.82040205835897,71.82968316212322,71.12446794360628,71.66265869140625,2802100.0
2023-04-03,71.77400582579564,72.70191800732992,71.70905225626456,72.52561950683594,1504500.0
2023-04-04,72.6833666723635,73.32362129704288,71.90391671789891,72.13589477539062,1688200.0
2023-04-05,72.18258310416176,72.61212929862378,71.79038255764178,72.32264709472656,1863200.0
2023-04-06,72.2386094233014,72.798886764106,71.95846719074262,72.1545639038086,2125500.0
2023-04-10,71.65031178892065,72.71484076238522,71.61295902019934,72.5654296875,1519200.0
2023-04-11,72.82689290979542,73.2751190160816,72.56543064959193,73.13504791259766,1304400.0
2023-04-12,73.1350513120821,73.15372413540219,69.81073306472328,69.8760986328125,3844700.0
2023-04-13,69.5679351258288,69.93211569278417,68.67149010529928,69.71734619140625,4499800.0
2023-04-14,69.70801268849802,69.8294038473125,68.28863593102339,68.61547088623047,3038400.0
2023-04-17,69.05435740810125,70.29631042480469,68.8302478888876,70.29631042480469,2657500.0
2023-04-18,70.38035281897565,70.4550512391846,69.35316939258301,69.820068359375,1411500.0
2023-04-19,70.02550715143393,70.20293104393295,69.68933931528477,69.81073760986328,2201000.0
2023-04-20,69.79205912197361,69.81073907121352,69.25979455764771,69.47457122802734,1434900.0
2023-04-21,69.74537013050409,70.67916806664981,69.65198463743921,70.55776977539062,2156500.0
2023-04-24,70.45505438285991,70.91262052023771,70.2216048890475,70.50174713134766,1221900.0
2023-04-25,70.26829823289508,70.81923562328996,69.96014318861664,70.0068359375,1961800.0
2023-04-26,69.68933914238335,70.62313710174467,68.76488115742329,69.07303619384766,2545100.0
2023-04-27,69.20375781090884,70.14689561482933,69.00766112135722,70.10954284667969,1495200.0
2023-04-28,70.03485372768111,71.9398026039917,70.01618090138511,71.65966033935547,2717000.0
2023-05-01,71.79038533960792,72.7241833092276,71.53826302250839,71.73435974121094,3616300.0
2023-05-02,71.55692236462554,71.55692236462554,67.99915505050045,70.78187561035156,5818900.0
2023-05-03,70.16556479584513,70.85657315997697,69.95079529551914,70.33364868164062,3587500.0
2023-05-04,70.41770026561471,70.96863758509224,69.77337746039117,70.54843139648438,2757000.0
2023-05-05,71.146062860574,71.69700019090624,70.79121510609735,71.68766021728516,1930200.0
2023-05-08,71.93980312845311,72.03318150924136,70.79122838424766,71.0433578491211,1749000.0
2023-05-09,70.89392608966736,71.32347221562155,70.2029177239421,70.94995880126953,2061000.0
2023-05-10,71.22077664889275,71.36084778619214,68.43806235143502,68.53144073486328,3421200.0
2023-05-11,68.1298912978063,68.91428520815441,67.14006784181475,68.78355407714844,3154700.0
2023-05-12,69.073034158487,69.8294082035016,68.85825749946494,69.69867706298828,2213600.0
2023-05-15,69.58662106559923,69.76404495834313,69.035683687119,69.52125549316406,2024400.0
2023-05-16,69.2317839498447,69.2317839498447,68.4940826664049,68.5594482421875,1666100.0
2023-05-17,68.61547159927825,68.83958109646177,67.887103265885,68.4473876953125,1531300.0
2023-05-18,68.27930758624711,68.52208991989268,67.4108752215428,68.34467315673828,1967400.0
2023-05-19,68.68084344461565,68.94230573595016,68.05519339113596,68.28864288330078,3050100.0
2023-05-22,68.27931260399426,68.52209495548155,66.95331402409319,67.04669952392578,2510100.0
2023-05-23,66.53309834332231,66.8039005809705,65.71135878116776,66.1128921508789,3262200.0
2023-05-24,66.00083781388386,66.78522465347072,65.8701066739527,66.54244232177734,2669200.0
2023-05-25,65.93546514985165,66.58912077917986,65.32849513729714,65.84208679199219,3002100.0
2023-05-26,65.84209603270347,66.32766783630818,65.60864654313498,66.03819274902344,2352100.0
2023-05-30,65.56195594879175,66.1129004669112,64.63749793454559,64.91763305664062,2859000.0
2023-05-31,64.97368256401373,65.54330005435344,64.77758579059902,65.31918334960938,4130100.0
2023-06-01,65.65533389630893,66.75721580107646,65.47791712409528,66.56111907958984,3330900.0
2023-06-02,67.09339148685825,67.92447121881196,66.70119799804473,67.83109283447266,2011800.0
2023-06-05,67.72836907042723,67.99917135042402,66.89728940478452,67.73770904541016,2163300.0
2023-06-06,67.47624296179647,68.15791148679368,67.24279347049081,68.04586029052734,1576400.0
2023-06-07,67.11206304488924,68.30732331329988,66.76655522929956,67.87777709960938,2782600.0
2023-06-08,67.89644902637592,67.89644902637592,66.7945671452003,67.30815887451172,2519400.0
2023-06-09,67.26147006167005,67.9151329485182,67.00000775665617,67.73770904541016,1694300.0
2023-06-12,67.9804892365354,68.03651483015112,67.16808250754492,67.5416030883789,2165300.0
2023-06-13,67.2521300894583,68.11122968008517,67.00000775941697,67.94314575195312,3087200.0
2023-06-14,68.44739295365802,68.81157358617592,67.72836453866718,68.00850677490234,2063200.0
2023-06-15,68.15790331546934,68.7181806025697,67.79372272263848,68.54076385498047,2960900.0
2023-06-16,68.47541512966912,68.91430136852733,67.9618233343427,68.53144073486328,4398900.0
2023-06-20,68.19525568427578,68.52208350614013,67.66299119600748,67.68167114257812,1978100.0
2023-06-21,67.4669114150562,67.9805032098099,67.14942348689135,67.79373931884766,1673200.0
2023-06-22,68.39136505126953,68.49408340350665,67.95247884158614,68.39136505126953,1380400.0
2023-06-23,68.32600705412257,68.51277095359555,67.39220892970057,67.65367126464844,2640100.0
2023-06-26,67.6910077924708,67.99916280937992,67.23344881616829,67.5789566040039,3403900.0
2023-06-27,67.52293115078677,68.81157695131238,67.47624552533982,68.5220947265625,2443600.0
2023-06-28,68.33533537996617,68.42871375162582,67.50425576086306,68.04586029052734,1905900.0
2023-06-29,67.89644944629903,68.32599565696472,67.62564718047027,68.28864288330078,1767500.0
2023-06-30,68.68084825659325,69.38119678215615,68.29798764294834,69.28781127929688,2517600.0
2023-07-03,69.04501393259035,70.33365237515311,68.92361565495021,70.31497955322266,1386900.0
2023-07-05,69.97883614303576,69.97883614303576,68.98900525239766,69.3625259399414,2689800.0
2023-07-06,69.11806922580523,69.99238680480667,68.66681270460047,69.73855590820312,2624900.0
2023-07-07,69.59754452456919,70.49066875772947,69.59754452456919,69.87958526611328,2614100.0
2023-07-10,69.94539046102467,70.54707065303658,69.34371026901276,69.63514709472656,2106300.0
2023-07-11,69.79496807679527,70.24623181518344,69.37191414978881,69.5599365234375,2457100.0
2023-07-12,69.94538699949376,70.06760081686886,69.27789829365749,69.40951538085938,2122300.0
2023-07-13,69.47533306958584,69.58814363198354,68.87365282815058,68.90185546875,2093300.0
2023-07-14,68.72322082519531,69.07107008634526,68.08393474982913,68.72322082519531,2136100.0
2023-07-17,68.52580165994938,69.26850225676532,68.30017336869962,69.0146713256836,1543000.0
2023-07-18,68.80783138101084,69.23088525590866,67.98991909393642,68.14034271240234,2616800.0
2023-07-19,68.30016839632924,69.83257148725477,68.30016839632924,69.71035766601562,2598700.0
2023-07-20,70.05819831555205,70.86670738728603,69.65394377968505,70.84790802001953,2032800.0
2023-07-21,71.1393396588935,71.28976327645529,70.55646607232379,70.69747924804688,2369200.0
2023-07-24,70.9325119741159,71.63760655506175,70.9325119741159,71.27095794677734,2517600.0
2023-07-25,71.00772480274333,71.12994578898665,70.10520458689759,70.99832153320312,2123500.0
2023-07-26,71.12995081670509,71.68462182470047,70.64108118236291,70.9325180053711,1725700.0
2023-07-27,71.13934242550827,71.54359694768596,70.92311743259529,70.97952270507812,2148900.0
2023-07-28,71.42138878867755,72.03247225513904,71.34617697101595,71.50599670410156,2597200.0
2023-07-31,71.69402582571504,71.96666328368623,71.44959100605233,71.74102783203125,5923700.0
2023-08-01,72.31450446964658,73.56487401782569,69.86077455160235,71.60001373291016,4859300.0
2023-08-02,71.06413206945098,72.00425821725221,70.4812584482739,71.10173797607422,2037100.0
2023-08-03,70.59407403981254,71.0923469587294,69.71976354557356,69.77616882324219,3089400.0
2023-08-04,69.86078790800266,70.38726354991857,69.2967135233595,69.3719253540039,2677200.0
2023-08-07,69.43771967589036,69.90778276214871,69.21209140281253,69.72915649414062,1396000.0
2023-08-08,69.44712579742837,69.63514817061447,68.47878977499795,68.73262786865234,1685100.0
2023-08-09,68.8172285851941,69.56933234444149,68.70441804212211,69.12747192382812,1826800.0
2023-08-10,69.1556685912993,69.38130400315646,67.53865066928498,67.7548828125,2208800.0
2023-08-11,67.79249435000897,68.11213378448936,67.3224312951192,67.65147399902344,1778000.0
2023-08-14,67.68908543825415,67.87710780654521,66.5327270727428,66.70195007324219,2499500.0
2023-08-15,66.31650538943893,67.09681188487401,65.97805937148141,66.9463882446289,2230600.0
2023-08-16,67.27542784998045,69.18388286774805,67.16261729765912,67.76429748535156,2968900.0
2023-08-17,67.89591731395633,68.39418306703587,67.14381346273831,67.1814193725586,2009400.0
2023-08-18,66.94638397311594,67.70788387863593,66.83356625013045,67.1908187866211,4652500.0
2023-08-21,67.012176259265,67.25661101346314,66.41989949563016,66.81475067138672,1703100.0
2023-08-22,66.52333224135752,66.79596970138446,65.58320603682061,65.99685668945312,2090600.0
2023-08-23,65.9122393031183,66.2976872618456,65.72421695826489,66.10966491699219,2801500.0
2023-08-24,65.90283557596824,66.71134456388432,65.60199552273848,65.71481323242188,2676500.0
2023-08-25,66.12846623255508,66.43870956604565,65.44217819826822,65.58319854736328,2250200.0
2023-08-28,65.80884067505161,66.20369199767927,65.58321237249217,66.07207489013672,1786500.0
2023-08-29,66.13787269996241,66.36350096586906,65.32936364348753,66.26009368896484,1940300.0
2023-08-30,66.41052020178918,66.55154057906483,65.81824322434464,65.89344787597656,2202000.0
2023-08-31,65.94044186972384,66.16607011783427,65.47037883548138,65.47978210449219,2551400.0
2023-09-01,65.69601151786439,66.31649820778979,65.67721215116657,66.08146667480469,2007500.0
2023-09-05,65.80883800749473,65.80883800749473,64.09780850620362,64.549072265625,3467200.0
2023-09-06,64.48324824983321,65.00972376355611,64.15420553662715,64.35163116455078,3112900.0
2023-09-07,64.52084644499766,65.16013242822146,64.38922937544503,65.01911926269531,2595700.0
2023-09-08,65.04734989874981,65.79944673817297,64.74650972846146,65.7618408203125,2496200.0
2023-09-11,65.82762284649782,66.5703232864995,65.67720640828836,65.96864318847656,2221700.0
2023-09-12,66.1378928263218,66.14729609893578,65.56441513099159,65.7618408203125,1859100.0
2023-09-13,65.93104965002328,65.9874621009495,65.26356089024644,65.72422790527344,1686800.0
2023-09-14,66.03444441506417,66.96517426553689,66.03444441506417,66.81475067138672,1704700.0
2023-09-15,66.91818486905903,67.36004534167563,66.71135595229433,66.76776123046875,4145900.0
2023-09-18,66.79596697640952,66.85237225115065,66.1096717191541,66.5797348022461,1785900.0
2023-09-19,66.58913965396806,66.99339420193343,66.17548183579133,66.28829956054688,1754600.0
2023-09-20,66.44812522610854,66.85237981018065,66.28830548120881,66.36351013183594,2054900.0
2023-09-21,66.25070644742178,66.36351702137104,65.32937944879784,65.35758209228516,2384400.0
2023-09-22,65.29176196462159,65.47038823851817,64.49265612615818,64.52085876464844,2339500.0
2023-09-25,64.16361091618946,64.7652910894349,63.95678201177507,64.67127990722656,1891300.0
2023-09-26,64.23881639199958,64.38923283417134,62.24574653192643,62.26455307006836,3073000.0
2023-09-27,62.20814616668839,62.26455861354389,60.93897728763672,61.305625915527344,3133700.0
2023-09-28,61.52185867427916,62.64060393583782,61.3056264998909,62.53718948364258,3222500.0
2023-09-29,62.9978610542004,63.25169198186428,62.00132236712711,62.095340728759766,2625300.0
2023-10-02,62.05772643548645,62.05772643548645,61.01418588115866,61.27742004394531,2450700.0
2023-10-03,60.89196855892083,61.33382900414247,60.05526043206768,60.43130874633789,2283800.0
2023-10-04,60.675742902665824,61.28682633791692,60.262085099247855,61.10820007324219,2650400.0
2023-10-05,61.07978140837833,61.354532334285736,60.29342605783594,60.30290222167969,2440500.0
2023-10-06,60.08499541920842,60.17973898967581,58.96705020047454,59.63971328735352,3282300.0
2023-10-09,59.33654425875453,60.25553344972942,59.11863945618944,60.09447479248047,2315200.0
2023-10-10,60.33132234444192,61.22189379584365,60.33132234444192,60.89029312133789,3065000.0
2023-10-11,61.297684889094334,61.36400358210911,60.13236967923527,60.71029281616211,2650900.0
2023-10-12,60.75765399805213,60.81450375021216,59.16600188737009,59.39337921142578,3412500.0
2023-10-13,59.31759746183004,60.14184671803002,59.31759746183004,59.93341445922852,2845600.0
2023-10-16,60.25553175484325,61.1176820044469,59.857619591116425,61.013465881347656,2248600.0
2023-10-17,61.013462586425234,61.61980696360601,60.78608525203123,61.44927215576172,2235600.0
2023-10-18,61.34505690910263,61.92298003121235,60.95661369697847,61.75244522094727,2356200.0
2023-10-19,61.83770482399765,63.00302715325298,61.78086230049072,62.20720291137695,2914700.0
2023-10-20,62.41562551110178,62.7945925190555,61.885076036883255,61.98929214477539,2841300.0
2023-10-23,61.5819091796875,62.39668578708974,61.54401175280889,61.5819091796875,2183800.0
2023-10-24,61.91349969193742,62.6051150503145,61.87560226685699,61.88507843017578,2292500.0
2023-10-25,61.98930488789816,62.57670423238765,61.89456492348268,62.28300094604492,2006200.0
2023-10-26,62.46300070258573,62.83249155708078,61.97981757432503,62.027191162109375,2156000.0
2023-10-27,61.80929255462104,62.25457832872744,61.02294436165855,61.098731994628906,2895000.0
2023-10-30,61.24083945601963,62.43458310186949,61.24083945601963,62.09351348876953,3971200.0
2023-10-31,62.69985714245053,63.56200010087169,60.899769144661136,62.99355316162109,6214700.0
2023-11-01,62.87039795174513,62.89881921719291,62.02720001188136,62.19773483276367,4885900.0
2023-11-02,62.64302059996727,63.2588339598575,61.7619252301079,62.19773483276367,3462300.0
2023-11-03,62.79460121392875,63.78938884402652,62.55774770468599,63.49568557739258,2330400.0
2023-11-06,63.609374119671415,63.997817321498005,63.12619096536359,63.30620193481445,2033500.0
2023-11-07,63.26828924246712,64.05464439189586,63.05038812715617,64.00727081298828,2402100.0
2023-11-08,64.0451831463301,64.34835532864358,63.10724533670325,63.505157470703125,3121100.0
2023-11-09,63.79885777501955,63.85570753240621,62.785125044669016,63.18304443359375,2397800.0
2023-11-10,63.44832386394276,63.84623605387515,62.81355814740356,63.79886245727539,1984800.0
2023-11-13,63.75148745364203,63.9030699314764,63.353575317607394,63.69464492797852,1821000.0
2023-11-14,64.21572226096184,65.47578466473495,64.20624609669865,65.34314727783203,3263900.0
2023-11-15,65.68421382609101,67.24744835914797,65.68421382609101,66.79268646240234,3940500.0
2023-11-16,66.47056706448448,67.03901399622536,66.41371731157396,66.95374298095703,3850700.0
2023-11-17,67.21902056666188,67.29481542160681,66.82110842049379,67.16217803955078,3271300.0
2023-11-20,67.11480559166529,67.83484226951977,66.51793736224369,67.5221939086914,3160400.0
2023-11-21,67.37061766891193,67.74010859206753,66.9537531491688,67.55062866210938,2568700.0
2023-11-22,67.54113379700728,68.34643411865954,67.3516466913165,68.24221801757812,2398800.0
2023-11-24,68.3748716146429,68.6022561954695,68.13801809742866,68.35592651367188,1023900.0
2023-11-27,68.34644930962196,68.44118926942764,67.80642358771443,68.11907196044922,2146500.0
2023-11-28,68.11907596176269,68.55488558502473,67.79695140566706,68.0527572631836,2267800.0
2023-11-29,68.21380732113347,68.46960591818187,67.75904542525339,67.93905639648438,2244900.0
2023-11-30,67.78747821493815,68.41276772970225,67.53167237347444,68.37487030029297,4219300.0
2023-12-01,68.59278127201176,69.07596447976641,68.23275929328656,68.97174835205078,2985600.0
2023-12-04,68.68752492617254,69.5780965278933,68.50751392713633,69.1612319946289,2963100.0
2023-12-05,69.19911744580469,69.49281346437198,68.99068521526209,69.36017608642578,2828000.0
2023-12-06,69.51176746536947,69.77704222764933,69.09490299424677,69.2085952758789,1935500.0
2023-12-07,69.86231030796517,70.47813088861527,69.50229556964763,70.2791748046875,2224600.0
2023-12-08,70.18442427858842,70.32653781091163,69.73913858379981,69.94757080078125,3689900.0
2023-12-11,70.26968994296013,70.44022474067617,69.73914045148565,70.04231262207031,2389200.0
2023-12-12,70.0896814772087,70.25074010078835,69.50228227403123,69.7391357421875,2063100.0
2023-12-13,69.8433527029066,71.52974826034809,69.49280696358673,71.37815856933594,4800100.0
2023-12-14,71.26448495597458,71.71923964553878,70.11811483961235,70.2981185913086,8326300.0
2023-12-15,70.05180340306966,70.29812587368605,69.21807433884122,69.67283630371094,6944200.0
2023-12-18,70.08968591864412,70.08968591864412,68.93383976428693,69.02857971191406,2727500.0
2023-12-19,68.9338378230938,69.57807956828886,68.90541656242547,69.44544219970703,2170700.0
2023-12-20,69.22754410092891,69.70125112426308,68.7348919770674,69.39807891845703,3242900.0
2023-12-21,69.67282150013857,70.02336725749832,69.34122806922781,69.66334533691406,2851600.0
2023-12-22,69.93809624486717,70.42127937459124,69.62544791221075,69.66334533691406,2247600.0
2023-12-26,69.50229058679746,69.7391440832824,69.39807447008847,69.47386932373047,1307800.0
2023-12-27,69.25595491459976,69.45491096699276,68.92436149394476,69.18963623046875,2190100.0
2023-12-28,69.20859573178498,69.50229175935878,69.07595834977133,69.1991195678711,1856700.0
2023-12-29,69.0096271448608,69.47386517454609,68.83909957664333,69.28437805175781,1912300.0
2024-01-02,69.12332996929312,70.83814713015185,69.06648743787771,70.50655364990234,3218700.0
2024-01-03,71.05604684435822,71.78555241155456,70.5254973409427,71.03710174560547,3766900.0
2024-01-04,71.30417026440628,71.96226959762443,70.99896277280233,71.64752960205078,3639100.0
2024-01-05,71.71427990558358,72.48683463033038,71.29461695548942,72.15301513671875,2740100.0
2024-01-08,72.06716891881406,72.45821979400309,71.37091789834818,72.11486053466797,3047300.0
2024-01-09,71.61889574344802,72.17208648382835,71.53305956479544,72.08625030517578,2074600.0
2024-01-10,71.92411487324249,72.46776586830072,71.55213624604727,71.56167602539062,3392300.0
2024-01-11,71.53306950828677,72.01949641842475,71.35185007031534,71.96226501464844,2456800.0
2024-01-12,72.21978576456138,72.46776910151567,71.77151071277783,72.24839782714844,2862300.0
2024-01-16,72.0385504884057,72.1625457679713,71.29460791788532,71.43767547607422,2428700.0
2024-01-17,71.16110624971431,72.01950463711611,71.10388211612783,71.21833038330078,2368300.0
2024-01-18,71.23738116675932,71.91455982193887,70.8940219505108,71.72380065917969,2926400.0
2024-01-19,71.94318413756791,72.02902031789904,71.18970168887792,71.73335266113281,2908300.0
2024-01-22,71.90502906766106,72.5440559704774,71.60936142417985,72.11486053466797,2772500.0
2024-01-23,72.33422199883003,72.79203675433091,72.00994230775254,72.02901458740234,3287400.0
2024-01-24,72.48683535167908,72.56313903004084,71.1420103082503,71.52352142333984,4243300.0
2024-01-25,72.42960729577567,72.42960729577567,71.42814158267059,71.79057312011719,3187200.0
2024-01-26,71.9241231860947,72.1434871993086,71.47584810250056,71.67613983154297,3096900.0
2024-01-29,71.65705384683338,71.8859648966925,71.428150073694,71.69520568847656,3721600.0
2024-01-30,72.05764334530846,77.22709773596583,71.87642391970222,77.08403015136719,7413400.0
2024-01-31,77.08404145537905,77.70399622840682,76.34963841926478,77.18895721435547,7354200.0
2024-02-01,77.05541603139399,78.73406060728873,76.91234845061715,78.55284118652344,4367600.0
2024-02-02,78.68637033255563,79.05834168289924,77.68490452672619,77.7135238647461,3831400.0
2024-02-05,77.23663107905939,77.7135181368348,76.56898483214243,77.10309600830078,4134700.0
2024-02-06,77.007725484697,77.44646073559521,76.59760229500874,76.69298553466797,2493400.0
2024-02-07,76.55945332237647,76.74067275245397,75.8250503758389,75.98719024658203,3461600.0
2024-02-08,76.0634815980292,76.09209365567197,75.10970753410407,75.65335845947266,4603600.0
2024-02-09,75.66291781597918,75.94904574316344,75.36724283148546,75.87274932861328,2198500.0
2024-02-12,75.98718881677746,76.44500363483048,75.82504894908523,76.340087890625,2288500.0
2024-02-13,76.21609195697609,77.08402260559855,74.73773918870582,75.48168182373047,2355600.0
2024-02-14,75.5103072991132,75.77736293075495,74.90943212791926,75.3481674194336,2282200.0
2024-02-15,75.4339987831139,75.8632015436858,75.10971904450912,75.7105941772461,3363500.0
2024-02-16,75.64383092397858,76.31147724281303,75.30047162325684,75.8250503540039,2168100.0
2024-02-20,75.95857561671802,76.68344603580584,75.29093659697894,75.41492462158203,2731600.0
2024-02-21,75.67244758133614,76.4831615374872,75.67244758133614,75.99673461914062,3094800.0
2024-02-22,75.73921707527204,76.84559142707383,75.31955407456097,76.72160339355469,3334200.0
2024-02-23,76.89327822304877,77.6086088693223,76.48315502811649,77.08403015136719,3057200.0
2024-02-26,77.08402372774614,77.646754239815,76.75974402128399,77.10309600830078,2586700.0
2024-02-27,77.0458771629599,77.58952815496272,76.88373729863193,77.38923645019531,2340900.0
2024-02-28,77.46553478969493,77.7993542746232,76.7978885431194,76.94095611572266,2215500.0
2024-02-29,76.98865301249756,77.570455844727,76.71205762695247,77.22709655761719,3926600.0
2024-03-01,77.07448524300764,77.09356480060161,75.95857125549223,76.26377868652344,2209200.0
2024-03-04,75.8441195997309,76.2447102856794,75.63429539255348,75.83458709716797,2310700.0
2024-03-05,76.15886775873642,76.55945117287366,75.7201325037214,75.90135192871094,2227700.0
2024-03-06,76.09210251146067,76.74066924148032,75.37677188026485,75.51029968261719,2655500.0
2024-03-07,75.92042488900128,76.21609983926547,75.51984147128556,76.17794799804688,2846700.0
2024-03-08,75.82503849738048,77.05540791978949,75.82503849738048,76.8360366821289,2715900.0
2024-03-11,76.30193449303567,76.77882158361714,76.16840668981042,76.32100677490234,2435200.0
2024-03-12,76.340082400045,76.75020556788213,76.19701482489825,76.42591857910156,1819600.0
2024-03-13,76.54037389625103,77.15078875702442,76.38776654269812,76.79788970947266,2225900.0
2024-03-14,76.69299001521347,76.82651782647388,75.98719183944273,76.33055114746094,2655800.0
2024-03-15,76.04442639896357,77.1984924023233,76.00627455463098,77.17941284179688,5421100.0
2024-03-18,77.26524650158316,77.6562901220871,76.82651126253808,76.93142700195312,3287200.0
2024-03-19,77.25571022597754,77.86612513204523,77.1126426405855,77.5704574584961,2550200.0
2024-03-20,77.45600615237862,77.88520893192516,76.7216031798995,77.41785430908203,1748100.0
2024-03-21,77.446464027325,77.999654823295,76.91235279078562,77.86612701416016,2287900.0
2024-03-22,77.83750759717863,77.91381127425173,77.58952428505064,77.81842803955078,2002200.0
2024-03-25,77.97104445169526,78.18087594966309,76.85513033256086,77.1412582397461,2452400.0
2024-03-26,77.35107600092752,77.84704259472183,77.05540836632777,77.16032409667969,2017400.0
2024-03-27,77.63722846753396,78.52423884608848,77.18895338807776,78.15226745605469,1973100.0
2024-03-28,78.28578158697346,78.42884916044694,77.34153996807984,77.42738342285156,3203400.0
2024-04-01,77.14125636400006,77.57045912942152,76.82651640142144,76.84558868408203,2284200.0
2024-04-02,76.92189050878963,77.33201370491709,76.60714327709933,76.7120590209961,2289600.0
2024-04-03,76.60714100570505,76.79789292892359,76.11118163930519,76.25424194335938,2645300.0
2024-04-04,76.60935978679997,76.64775172542628,73.43250192123698,73.47089385986328,5211400.0
2024-04-05,73.28853880889947,73.82601134003933,72.50152232151008,73.58606719970703,3576100.0
2024-04-08,73.29814659743543,73.82601937007463,73.10618687078176,73.65325927734375,2466500.0
2024-04-09,73.90279250006226,74.4018730716631,73.67244818413215,74.39228057861328,2075400.0
2024-04-10,73.98916344472029,74.31549124731936,73.59565890564541,73.86439514160156,2098900.0
2024-04-11,73.9699776867756,74.11394563235987,73.3365289777242,73.4900894165039,2063700.0
2024-04-12,73.0485833494729,73.33651920226077,72.10799924321039,72.22317504882812,2027500.0
2024-04-15,72.76066188911545,73.04859779885851,72.16560508200085,72.60710144042969,2106700.0
2024-04-16,72.74146188206308,73.0965818235017,72.3767494478252,72.77985382080078,2269800.0
2024-04-17,73.26932572551497,73.41329364778602,71.65690842811983,72.40553283691406,2142500.0
2024-04-18,72.70307203665499,72.98140810863228,72.40554365601302,72.59749603271484,2184800.0
2024-04-19,72.96221367143978,73.68204611908526,72.76066146480076,73.64366149902344,2530100.0
2024-04-22,73.9891633547155,74.57462757769919,73.528474757212,74.20991516113281,2600700.0
2024-04-23,74.51704342428648,74.58422748327551,73.72042720876412,73.86439514160156,2129600.0
2024-04-24,73.71084858356278,74.41148142732733,73.51888886282859,74.18113708496094,1765200.0
2024-04-25,74.26750671948089,74.81457905946588,73.51888218292395,73.96997833251953,2326700.0
2024-04-26,74.411474666322,74.64181898775936,73.48049024226539,73.96997833251953,2072300.0
2024-04-29,73.97958449414493,74.77620085548584,73.80682440761937,74.11395263671875,3088500.0
2024-04-30,71.45536524625598,73.01020598100352,71.17703647487956,71.33059692382812,7972700.0
2024-05-01,71.20583149386147,71.781696015211,69.95811892884194,70.11168670654297,4975000.0
2024-05-02,70.31323569288215,71.48416431526174,70.12127597957398,71.26341247558594,3087900.0
2024-05-03,71.25380591451673,72.51111811949836,71.16742954359007,72.3287582397461,2709700.0
2024-05-06,72.50151582490518,72.75105975879396,71.82966789866822,72.44393157958984,2567400.0
2024-05-07,72.68388170489948,72.9142260277095,72.40554562535179,72.76065826416016,3333300.0
2024-05-08,72.47272311435373,73.21174777245473,71.4553550794508,71.61852264404297,2943400.0
2024-05-09,71.55134046386941,72.31915726456506,71.43616464863398,72.12720489501953,2185800.0
2024-05-10,72.165601362371,73.1925619811676,71.93524971744382,73.1061782836914,1793400.0
2024-05-13,73.22135390986143,73.7396341257872,72.49192168124213,72.52071380615234,2495400.0
2024-05-14,72.82784067509048,73.0965842551947,72.47272804435197,72.83744049072266,2299300.0
2024-05-15,72.68387840493314,73.02939121220433,72.42473464633768,72.91422271728516,1974600.0
2024-05-16,73.21174703955799,73.81641089446452,73.0293871693464,73.17335510253906,3626900.0
2024-05-17,73.18295653546909,73.30772484165423,72.5591003595165,72.85663604736328,3781600.0
2024-05-20,72.79905694661512,72.90463296320368,71.98324826412464,72.04083251953125,2206000.0
2024-05-21,72.3287590659309,72.5399110717373,71.94484699378415,72.29036712646484,2621700.0
2024-05-22,72.29036786601743,73.18296033082177,69.35345403069968,69.80455017089844,5922400.0
2024-05-23,69.58379152101769,70.77391224983212,69.43022377664778,69.93891143798828,3513300.0
2024-05-24,70.15966160594225,70.26523760812842,69.22867721712622,70.01569366455078,2249300.0
2024-05-28,70.2076639841844,70.62036823994848,69.23828750948002,69.55501556396484,4072200.0
2024-05-29,69.27667056343395,69.95811102432883,68.56643797810199,68.59523010253906,4139300.0
2024-05-30,68.82558199691228,69.03673402937972,68.64322209205139,68.76799774169922,2767600.0
2024-05-31,68.68160213879786,69.91971466900566,68.38407377505105,69.89092254638672,6278700.0
2024-06-03,69.57419999573723,70.57236848552847,69.42063955558456,70.24604797363281,2807000.0
2024-06-04,70.11167684237289,70.47638927932861,69.61258895757702,69.77574920654297,2917800.0
2024-06-05,69.79494733969534,70.15965976882529,69.08471478927869,69.3342514038086,3224400.0
2024-06-06,69.30546189350895,69.948510406946,69.03672563849132,69.73736572265625,2750300.0
2024-06-07,69.641382212281,70.05408641034775,69.4878217762054,69.73736572265625,2223000.0
2024-06-10,69.49743222299912,69.69898444509447,69.00794407075907,69.34386444091797,2313900.0
2024-06-11,69.07511869533823,69.34385495470232,68.76799049570585,68.83517456054688,2574600.0
2024-06-12,69.08471387177094,69.4398264810063,68.22091358002628,68.2688980102539,2582000.0
2024-06-13,68.2209175747038,68.50884614046943,67.3187252924411,68.18252563476562,2449600.0
2024-06-14,67.89458019044379,68.07694004885487,67.39549968651978,67.84659576416016,2201500.0
2024-06-17,67.87539101754147,70.32281654636314,67.8657912028365,70.00609588623047,3777200.0
2024-06-18,70.27484150489805,70.629954148772,69.62219314553147,69.75656127929688,4875600.0
2024-06-20,69.75654641618229,70.57235486093666,69.67016273573093,69.82373046875,5447700.0
2024-06-21,70.08287679501912,70.72593261500947,69.65098029910513,70.39960479736328,8655300.0
2024-06-24,70.23644299623085,71.68570752920786,70.23644299623085,71.58013153076172,4613900.0
2024-06-25,71.46495819091797,71.90645450765045,71.21541424754268,71.46495819091797,4569200.0
2024-06-26,71.21541942575399,71.3689871936169,69.23828201086144,69.37265014648438,3583200.0
2024-06-27,69.30547158262698,69.7565677834057,69.10391936318612,69.55501556396484,2393200.0
2024-06-28,69.54541624367312,69.74696846455315,68.20172744862467,68.5184555053711,15189200.0
2024-07-01,68.83517602700348,68.97914397544815,66.93481521706477,67.06918334960938,2456100.0
2024-07-02,67.10757705589981,67.80821718475275,66.6756805217192,67.75062561035156,2540000.0
2024-07-03,67.52027413252327,68.01936200442368,67.23234558105469,67.23234558105469,1781900.0
2024-07-05,67.24201888481896,67.54172932011106,66.80694749761594,67.43537902832031,2308700.0
2024-07-08,67.67707948632689,68.03480384762105,66.95196792040196,67.3483657836914,1673300.0
2024-07-09,67.30001603752437,67.4740430928163,66.83594143134066,66.86495208740234,2050400.0
2024-07-10,67.10666185260327,67.44504577440952,66.73926727217109,67.32902526855469,2314700.0
2024-07-11,67.44505045330258,69.59138201510959,67.42571001287692,69.31100463867188,3187500.0
2024-07-12,69.61072094344438,69.99744864615144,69.33034354338719,69.77507781982422,1854700.0
2024-07-15,69.33034116461077,69.95877273792061,69.1756545145658,69.4173583984375,1930400.0
2024-07-16,69.49469002297589,70.64520273794652,69.01128231096688,70.60652923583984,2685300.0
2024-07-17,70.37449669045319,72.7335287220191,70.2971496850407,72.55950164794922,3012800.0
2024-07-18,71.92139830185525,73.16859107530095,71.84405129818042,71.89239501953125,1993900.0
2024-07-19,72.28879579329751,72.28879579329751,71.06094328412779,71.17696380615234,2038500.0
2024-07-22,71.06094328412779,71.44767098132569,70.58720572757444,71.17696380615234,2320600.0
2024-07-23,71.24463435157269,71.33164420329709,70.64520610467676,70.75155639648438,2028300.0
2024-07-24,70.38417581371526,70.38417581371526,68.08315005702292,68.83726501464844,4224200.0
2024-07-25,68.83725455944722,70.22947111666653,68.83725455944722,69.72673034667969,3329000.0
2024-07-26,70.0941188206223,71.08026731573585,69.80407124053318,70.43250274658203,3196600.0
2024-07-29,69.55270707648181,71.0802699088589,69.12730591048948,70.82890319824219,3777900.0
2024-07-30,72.26945328363381,74.50279456318029,70.32615220692061,73.90337371826172,6630900.0
2024-07-31,74.10640716552734,74.38678453665094,73.17826520054062,74.10640716552734,6846700.0
2024-08-01,74.43512359575271,74.91853134780553,73.09125063514321,73.29428100585938,2609000.0
2024-08-02,73.53598192450984,74.22242001967253,72.72386047430608,74.16441345214844,3313100.0
2024-08-05,73.7293527846683,74.68649807327633,71.62169467991421,72.1437759399414,4128400.0
2024-08-06,72.34680059050082,73.73900979759365,72.0664232299057,72.69485473632812,2727000.0
2024-08-07,73.23626873738742,73.9227068067437,72.70451730101887,72.75286102294922,3170300.0
2024-08-08,72.81086670385625,73.94204634782558,72.81086670385625,73.04290771484375,2672700.0
2024-08-09,72.85921757389889,73.34262532989545,72.32746609181588,73.12025451660156,2258800.0
2024-08-12,73.100918962773,73.32328239227832,72.4241510779089,72.74319458007812,1657100.0
2024-08-13,72.84954078640801,72.98489435578823,71.97940542880926,72.86888122558594,2023700.0
2024-08-14,73.09124252756202,73.92270435896106,72.90755261798509,73.48764038085938,3134300.0
2024-08-15,73.96137483176007,74.16440517164254,72.60783185632783,73.24593353271484,2768200.0
2024-08-16,73.3426222640943,74.05806364772224,72.92689131626659,74.02906036376953,2197200.0
2024-08-19,73.95171994576388,74.47380123208653,73.80669613686025,74.3577880859375,2028200.0
2024-08-20,74.28043076374513,74.63814774969033,73.9420468407363,74.00005340576172,1409500.0
2024-08-21,74.44479698124047,74.71550415370477,74.07740972949853,74.57048034667969,1774500.0
2024-08-22,74.6188113132394,75.11188922231241,74.1934101857085,75.00553894042969,1808800.0
2024-08-23,75.20857072079953,75.24724422187843,74.35777582571187,74.59947967529297,2004900.0
2024-08-26,74.95720085844623,75.16990143820878,74.27076277225936,74.43511962890625,2246500.0
2024-08-27,74.45446654289847,74.46412938738862,73.63267481198784,73.67134094238281,2861800.0
2024-08-28,73.67133560178918,74.48346442933668,73.50697874276507,74.12574005126953,2519200.0
2024-08-29,74.09673395420357,75.27624995882468,73.76802024863576,74.95719909667969,2882700.0
2024-08-30,75.3342551558518,75.56629616567865,74.93786467244269,75.38259887695312,2346500.0
2024-09-03,75.33426162074831,76.36875390563307,75.24725176675857,75.67264556884766,2379100.0
2024-09-04,75.52763140292775,76.36875618816926,75.34393409294762,76.1270523071289,2330300.0
2024-09-05,76.49444629456835,76.65880316202465,75.21825010827664,76.35909271240234,4558200.0
2024-09-06,76.37842708646653,77.00685865799102,75.8080094627341,75.97236633300781,2155000.0
2024-09-09,75.92401178384014,76.49443670248257,75.76932515628334,75.80799865722656,2783100.0
2024-09-10,75.87567883862589,76.330075898577,75.44060746568795,75.89501190185547,2783300.0
2024-09-11,75.43094105648012,75.69198536867324,73.6713371650424,73.6810073852539,4125100.0
2024-09-12,73.69066759694243,74.43511217534997,73.27493669891294,74.41577911376953,3308100.0
2024-09-13,74.25143506228278,74.65749581135208,73.3716293964156,73.98072052001953,3384500.0
2024-09-16,74.43512316821796,75.3729353820086,74.35778353425859,74.5608139038086,4535600.0
2024-09-17,74.16440616434413,75.69197621958178,74.12573266438946,75.19889831542969,3056300.0
2024-09-18,75.20857158964284,75.99168971094336,71.86339115794138,72.06642150878906,6904000.0
2024-09-19,72.49183163910855,72.7141950801864,71.24463872105095,71.67970275878906,5793400.0
2024-09-20,71.84405243487633,72.9848949403733,71.37998515791752,72.69485473632812,10651600.0
2024-09-23,72.55950163677454,73.83569772101835,72.12443026355861,73.6520004272461,4741200.0
2024-09-24,73.74868365643185,74.03873125100596,72.96556547778519,73.87437438964844,4512900.0
2024-09-25,74.32876642488121,74.52213393354623,73.66166880458155,74.21275329589844,3701100.0
2024-09-26,74.25142281938328,75.53728164608466,74.18374603903057,75.3729248046875,2950400.0
2024-09-27,75.56630878787067,75.91435560831437,74.222428354185,75.08290100097656,4084000.0
2024-09-30,75.38260227114141,75.7886629922974,74.51246688565247,75.46961212158203,3355400.0
2024-10-01,75.41160663139061,75.99169443792721,74.70582809302304,75.16023254394531,4126300.0
2024-10-02,74.6961664280215,75.38260453714811,74.53180218966529,74.81217956542969,2664200.0
2024-10-03,74.64782698893826,75.05388774561305,73.5456578629826,73.61333465576172,3056700.0
2024-10-04,73.94426569674975,74.29466691242821,73.23372783552477,73.39920043945312,2791800.0
2024-10-07,73.2921205392141,73.42838683039176,72.5134496530938,72.73731994628906,2508500.0
2024-10-08,72.77626245389733,73.39920375229748,72.05599655625255,73.31159973144531,1628300.0
2024-10-09,73.34079503749807,73.50626021490812,72.43559313772452,72.62052917480469,2976600.0
2024-10-10,72.55239629759926,72.63026488466558,71.41359605909399,71.8321304321289,2946400.0
2024-10-11,71.84185010982891,72.88331820677745,71.6569215194255,72.43558502197266,4012000.0
2024-10-14,72.54266035276139,73.7301303062428,72.15332484615087,73.21426391601562,2743500.0
2024-10-15,73.61332969201007,74.4990681824576,73.44786451004427,73.54519653320312,3757000.0
2024-10-16,73.05852862736134,74.12920315464511,73.02932976315493,73.74959564208984,4676400.0
2024-10-17,73.85665497360577,73.85665497360577,73.09745488389085,73.36998748779297,1889000.0
2024-10-18,73.71066234347643,73.78852349924868,73.16558969733056,73.52572631835938,3048200.0
2024-10-21,73.37973316037291,73.96373273968159,72.64973182974765,72.71786499023438,2437700.0
2024-10-22,72.72759807774368,72.96119641675054,72.31879912799232,72.77626037597656,1917500.0
2024-10-23,72.51346087770447,72.81519236545309,72.17279509702747,72.6399917602539,2148100.0
2024-10-24,72.51346273284759,72.63999361863411,70.73225777207944,72.39665985107422,3539900.0
2024-10-25,72.54265614592256,72.79572532443719,71.81265489809542,71.94892120361328,2512500.0
2024-10-28,72.45506063958572,73.37972593022013,72.29932347327093,73.09745788574219,3446500.0
2024-10-29,71.82239608697236,73.49653360439609,70.55705751888495,72.1922607421875,5900200.0
2024-10-30,71.89052627323139,72.89306017104536,71.24812158572516,72.27012634277344,4986600.0
2024-10-31,72.43559538409389,73.34079731193951,72.18253360819192,72.95146179199219,3574000.0
2024-11-01,73.09745291232144,73.43811865801074,72.74705173791067,73.0293197631836,2640700.0
2024-11-04,72.89305595262094,73.61332175751062,72.89305595262094,73.36026000976562,3185300.0
2024-11-05,73.17532490404949,74.31412506103516,73.16558947487381,74.31412506103516,2016100.0
2024-11-06,74.78133473084054,76.21213846271957,74.07079686687524,74.95653533935547,6023800.0
2024-11-07,75.1609325002809,75.46266398446106,74.34332721036851,74.82026672363281,2623900.0
2024-11-08,74.7229303378192,76.0272031980277,74.7229303378192,75.32640075683594,2237200.0
2024-11-11,75.43346270543765,76.51386515245657,75.27772554055427,75.86173248291016,2175000.0
2024-11-12,75.7059970241857,76.25106226164793,75.19013064930796,75.22906494140625,2363300.0
2024-11-13,75.23880144530015,75.33613346395728,73.73012916526505,74.6158676147461,2571600.0
2024-11-14,74.7618653170038,75.04413338206815,72.83466601202274,72.96119689941406,2841600.0
2024-11-15,72.97093265226611,73.5841310836619,72.7081280202698,72.95146179199219,2636600.0
2024-11-18,73.06826457869452,73.85666362172137,72.3577266987878,73.7398681640625,2877300.0
2024-11-19,73.21426451936618,73.4478628548747,72.32852604887903,72.41613006591797,2850900.0
2024-11-20,72.19225830811901,72.28959032716158,71.36492500732152,71.66665649414062,2724600.0
2024-11-21,72.16305800247665,73.34079248905037,71.69586135002862,73.07799530029297,3309700.0
2024-11-22,73.5938576359955,74.12919483958873,73.20452216301467,73.76905822753906,2472100.0
2024-11-25,74.34332668816506,75.37506686642537,73.99292548437205,74.82999420166016,2985800.0
2024-11-26,74.89813075425778,75.03439707014155,74.1389305869175,74.35306549072266,2710200.0
2024-11-27,74.75212660459401,75.29719179645413,74.54771973169018,74.60612487792969,1672600.0
2024-11-29,74.30439140605709,75.07332695825008,74.19733138639484,75.05386352539062,1533400.0
2024-12-02,74.5963960948441,74.6061315244107,73.5549279099259,74.23625946044922,2240900.0
2024-12-03,74.5185275394345,77.45800348931753,74.30439264462696,77.37039947509766,4943100.0
2024-12-04,77.04920940023896,78.29507712908675,76.9226710857433,78.22694396972656,3777400.0
2024-12-05,78.0809423011118,79.5993426689617,77.72080564357623,79.58960723876953,5859500.0
2024-12-06,79.7940079433428,80.03734169753872,78.34373342164628,78.57733917236328,4833300.0
2024-12-09,78.38266997421294,79.5409410538995,78.12960078328204,78.90827178955078,4357700.0
2024-12-10,78.79147076583698,79.13214398032329,77.96413744342142,78.6649398803711,3695500.0
2024-12-11,78.91800394618612,79.0834691147196,78.09067067756195,78.20746612548828,2101100.0
2024-12-12,78.36321054950278,78.53841116357799,75.27773265573606,77.63320922851562,1817300.0
2024-12-13,77.89600638952642,78.08094243370434,77.12707077410356,77.82787322998047,2509100.0
2024-12-16,77.80840623380517,78.39240577831727,77.13680267333984,77.13680267333984,1976400.0
2024-12-17,76.71826877586169,77.17573744009023,75.8033314474046,75.94933319091797,3239300.0
2024-12-18,75.85199912214321,76.56253696087605,74.87866409294901,75.02466583251953,3057900.0
2024-12-19,74.78133695910914,75.491867418289,74.37253800237903,74.50880432128906,2551100.0
2024-12-20,74.26546981557433,75.20959860843641,73.80800113833544,74.9176025390625,7354000.0
2024-12-23,74.53799782831997,74.99546647718948,73.79826113172338,74.83972930908203,2545500.0
2024-12-24,74.78133777061478,75.4918682375051,74.51853313418108,75.4626693725586,903300.0
2024-12-26,75.01493680856413,75.36533804307173,74.79106646531187,75.24853515625,1199700.0
2024-12-27,74.73266714088541,75.50160275432305,74.53800309295882,74.89813232421875,1279300.0
2024-12-30,74.64507015862043,74.64507015862043,73.66199964200543,74.32386779785156,1604600.0
2024-12-31,74.40174017798114,74.8884077460193,74.17786982926216,74.42120361328125,1133800.0
2025-01-02,74.82026480164828,75.02466426238651,73.62305947337371,73.69119262695312,1643800.0
2025-01-03,73.77938212929277,74.08315989601503,72.99543034097412,73.91657257080078,1727200.0
2025-01-06,74.15176602035581,74.20076581795023,73.1326315362111,73.24042510986328,1690700.0
2025-01-07,73.49520560884817,74.14196700683912,72.87784857320867,73.05423736572266,1885300.0
2025-01-08,72.81905439626611,73.37761771408255,72.17230041178796,73.34822082519531,1976400.0
2025-01-10,72.97584343620723,73.30901812555975,71.98610586999783,72.11349487304688,2460200.0
2025-01-13,72.28988050266044,72.65245953957552,71.92730894206424,72.23108673095703,2537000.0
2025-01-14,72.6818630632528,72.80925954867013,71.760728158393,72.45648193359375,2306200.0
2025-01-15,73.15222633496396,73.55399622067785,72.46626662629549,72.51526641845703,2853900.0
2025-01-16,72.54466901326488,72.98564474847237,71.16296298611417,71.75092315673828,3015300.0
2025-01-17,72.0645064352301,72.61326829493346,71.48634021048295,71.60393524169922,3555600.0
2025-01-21,71.65293135232565,72.4858755540219,71.34914607306665,72.0155029296875,3298700.0
2025-01-22,71.75093042157303,72.43688277736783,71.5843430603543,71.94691467285156,3525500.0
2025-01-23,71.67252874193834,72.5642742187237,71.67252874193834,72.2212905883789,3461600.0
2025-01-24,71.7705200839662,73.39721764876522,71.76072610561394,73.26982116699219,3675300.0
2025-01-27,73.97537874900857,75.48448133509608,73.66179947633582,75.3178939819336,4931000.0
2025-01-28,72.31928764716902,73.05423972701294,70.0850270443354,70.82978057861328,9594900.0
2025-01-29,71.32955213344488,71.82932165545157,70.4084097745148,70.47700500488281,7762100.0
2025-01-30,70.75138838057865,72.0155069351986,70.2320234074451,71.86851501464844,5146200.0
2025-01-31,71.4863365844987,72.12329655438582,70.94737620714747,71.45693969726562,4673400.0
2025-02-03,70.86897809006136,71.9077079583204,70.47700215680464,70.85917663574219,3914800.0
2025-02-04,70.67299291933193,70.7023898055784,69.1834858880794,69.96743774414062,5480000.0
2025-02-05,70.03603297082206,70.16342196999643,69.14428754764444,69.96743774414062,4047600.0
2025-02-06,70.52599967953968,70.65338867630767,69.5068652764392,69.83024597167969,2303200.0
2025-02-07,69.82045083691087,70.18302990466178,69.46767322405039,69.69306182861328,3078300.0
2025-02-10,69.76165366191213,69.88904266400424,68.53673353146036,68.79151153564453,3778900.0
2025-02-11,68.60532987666258,69.35007594515254,68.58572696751747,69.12469482421875,2205800.0
2025-02-12,68.58572816118459,69.26188648839238,68.52693438536458,68.80131530761719,2549900.0
2025-02-13,69.13449370165785,70.45740591950567,68.51712918402825,70.42800903320312,3086100.0
2025-02-14,70.31042193557207,70.81998546698782,69.55587435560031,69.6734619140625,2542000.0
2025-02-18,69.59505919080111,69.94783678824398,68.37994050867523,68.59552764892578,5046300.0
2025-02-19,69.00709581530543,69.61465886630828,68.64452425656017,69.27168273925781,6876000.0
2025-02-20,69.10508642704166,69.82044302764193,69.0266972256444,69.79104614257812,6024500.0
2025-02-21,69.68325736692675,71.90770904662243,69.57546379674176,71.75092315673828,5381500.0
2025-02-24,71.67252511678633,72.6524612080482,71.39814420744406,72.17229461669922,2833400.0
2025-02-25,72.3192907429107,73.07383828760295,72.03510836271454,72.94644927978516,4436600.0
2025-02-26,73.24042366033262,73.24042366033262,72.19189230891094,72.74066162109375,2823900.0
2025-02-27,72.60346067921255,73.60299966893676,72.45647624806396,73.2208251953125,2390700.0
2025-02-28,73.72059051055658,74.53393172996894,73.29921772040959,74.02436828613281,6466000.0
2025-03-03,74.1811578083564,75.01410945227879,73.85778458595149,74.1713638305664,3373800.0
2025-03-04,74.33795138667658,75.8176569560641,73.32861842374935,73.41680908203125,5317700.0
2025-03-05,73.16203642864565,74.11256821249137,72.64266398988195,72.94644927978516,3359400.0
2025-03-06,72.39767514790167,73.98517429443592,72.39767514790167,73.5833969116211,3498500.0
2025-03-07,73.25021889036017,75.39628120746293,72.85824297962964,75.01410675048828,5424500.0
2025-03-10,75.33748971350346,77.23856826702952,74.85732308576942,75.58247375488281,3913300.0
2025-03-11,75.33748343519953,75.42568157043225,72.81904799874822,73.02483367919922,3736900.0
2025-03-12,72.29968129499146,72.8190462104684,71.56472925015002,72.16249084472656,2691700.0
2025-03-13,72.34868718859443,72.34868718859443,70.98657654874731,71.20216369628906,2656900.0
2025-03-14,71.00617323151884,71.9077127040857,70.59460183878,71.79991912841797,2075800.0
2025-03-17,71.87830485885884,73.52459765518391,71.62351940281657,73.23062133789062,2206500.0
2025-03-18,72.98563700436263,73.58339108971062,72.75044698001237,72.8680419921875,1950600.0
2025-03-19,72.28987769544749,72.84844093389597,69.81064073397756,70.93756866455078,5902600.0
2025-03-20,70.80038765339165,70.87878434061177,69.46767387592813,69.76165771484375,5122400.0
2025-03-21,69.5362661434499,69.86944831177017,68.84051239575432,69.68325805664062,4898000.0
2025-03-24,69.8498418954593,70.39860370241065,69.73225435186625,69.99683380126953,2659100.0
2025-03-25,69.50687334198139,69.83025407474682,68.59553239820953,68.97770690917969,3403200.0
2025-03-26,69.62445602324053,71.33934402897238,69.37947202242168,71.29034423828125,3190800.0
2025-03-27,71.69213275127231,72.64266454234703,71.29035533873676,72.55447387695312,2689200.0
2025-03-28,72.80925005369954,72.8582423694314,72.13309180026025,72.6132583618164,2140500.0
2025-03-31,72.83865480968129,73.7989880365716,72.81905190021529,73.53440856933594,3351700.0
2025-04-01,73.70099835932466,74.05377597820318,73.11303815330032,73.90678405761719,2482400.0
2025-04-02,73.99497788600061,74.35754946247633,73.30901812203611,73.78919219970703,3069600.0
2025-04-03,73.95578169102401,74.71032922933541,73.43641673297182,73.89698791503906,5029600.0
2025-04-04,73.66020310079713,73.73912606961777,70.30573229106206,70.48332214355469,5117200.0
2025-04-07,69.43750901794894,70.167604785357,67.73068039305619,68.52983093261719,4539300.0
2025-04-08,70.1577314104361,70.1577314104361,66.477678373878,67.0893783569336,4452500.0
2025-04-09,66.72433497941851,70.3846518763437,66.22117002756625,70.11827087402344,5273300.0
2025-04-10,69.61510006090991,69.92095384390196,67.33603661496204,68.74688720703125,4374900.0
2025-04-11,68.9935350278331,70.08867110186425,68.32264092416742,69.4868392944336,2453200.0
2025-04-14,69.80256041389043,71.02595300468714,69.42765184514386,70.87796020507812,2469600.0
2025-04-15,70.5622463062295,71.33180736486884,70.25640003790556,70.3254623413086,2322700.0
2025-04-16,70.7299709996542,70.94702609004757,69.44737684399847,69.74336242675781,2478900.0
2025-04-17,69.93081290057413,71.53898969098006,69.93081290057413,70.779296875,2762500.0
2025-04-21,70.76943954630539,70.84836251512603,69.84202503581871,70.48332214355469,2198400.0
2025-04-22,71.00621738073347,72.535456091762,70.93715508445769,72.30854034423828,3340300.0
2025-04-23,72.51573414788905,73.31488472774515,71.31207041754064,71.91390228271484,4577700.0
2025-04-24,71.47978956928678,72.15068371377846,71.0950128201016,71.56858825683594,2649200.0
2025-04-25,70.98648577568513,71.46992940940092,69.49671220894015,69.98014831542969,3720500.0
2025-04-28,69.88148761869861,70.53264536818678,69.07246888313688,69.47697448730469,5022700.0
2025-04-29,67.44456363630498,70.2465284114301,67.0893839426657,69.29938507080078,5940200.0
2025-04-30,69.67429423879055,70.59184043512114,68.67781755676529,70.44384765625,4730600.0
2025-05-01,69.89134898665164,70.08867522122485,69.1217954898816,69.2105941772461,2919900.0
2025-05-02,69.92095464148868,70.45372419218226,69.31912278943997,69.80255889892578,2512100.0
2025-05-05,69.79268586654723,69.99987275624842,69.15138881143837,69.68415832519531,2542900.0
2025-05-06,69.29938738608712,69.60524117691102,68.8060830759098,69.07247161865234,2801900.0
2025-05-07,68.99353822792152,70.02948024672236,68.99353822792152,69.5657730102539,2462500.0
2025-05-08,69.69403096284411,71.6277829172701,69.6151004682407,70.64117431640625,3097800.0
2025-05-09,70.62144584872665,70.78916750527102,69.753225457718,69.80255889892578,2401000.0
2025-05-12,70.1972052045508,71.01609217018925,69.70390089183748,70.96675872802734,3377700.0
2025-05-13,70.98648441063078,71.0555467102298,69.83215417709306,69.85189056396484,3162700.0
2025-05-14,69.83214824811981,70.56223642864067,69.40790629310928,70.17745971679688,3425600.0
2025-05-15,69.93081811921573,71.38113403320312,69.93081811921573,71.38113403320312,2603700.0
2025-05-16,71.48966141704604,71.79550768787117,71.11475284225308,71.46993255615234,3218800.0
2025-05-19,71.21341163958168,72.02243041992188,71.01609292329442,72.02243041992188,2024100.0
2025-05-20,72.07176212238691,73.0485025407099,71.78564472162032,72.7327880859375,2625500.0
2025-05-21,72.23948147603993,72.6439870799292,71.20353945551732,71.26274108886719,2543500.0
2025-05-22,71.19368024228821,71.40086714517594,70.42411921084287,71.0160903930664,2772200.0
2025-05-23,70.04920932701205,70.77929757012097,70.04920932701205,70.5129165649414,2628400.0
2025-05-27,71.03582353341037,71.56859311317815,70.7595743129145,71.31207275390625,2943300.0
2025-05-28,71.2528746288532,72.0816222436519,70.48332112161833,70.55238342285156,2003600.0
2025-05-29,70.53264649381134,71.22327702806574,70.35505664525749,71.1048812866211,2588900.0
2025-05-30,71.03582178403254,72.80185214554164,70.71023912765469,72.02243041992188,5362900.0
2025-06-02,71.65737727917121,72.22961205271088,71.39099627892399,72.08161926269531,2811800.0
2025-06-03,71.79550555249021,72.70319119836175,71.72644325057647,72.64398956298828,2655100.0
2025-06-04,72.6242582793739,72.73278582550651,71.90403070296902,71.92376708984375,2198700.0
2025-06-05,71.63765007528238,72.9103760552649,71.37126154165344,72.78211212158203,3009300.0
2025-06-06,73.36421761943508,74.24229868946459,73.12743365814856,73.5023422241211,2722700.0
2025-06-09,73.55167814108376,74.69614026516899,73.43328239284321,74.22257232666016,3375000.0
2025-06-10,74.30149120764375,75.06118404438287,74.23242890677894,74.49881744384766,2461200.0
2025-06-11,74.27189000051557,74.58760443355989,73.47273948845279,73.73912048339844,2136600.0
2025-06-12,73.5122116092405,74.45935499696179,73.20635781342808,74.38042449951172,2420500.0
2025-06-13,74.0745724217711,74.47907801683372,73.02876223063957,73.29515075683594,2255200.0
2025-06-16,73.77858997359374,74.39029001597514,73.14716107117317,73.74899291992188,2924100.0
2025-06-17,73.51221188237288,73.79832929127257,73.11756692088275,73.25569152832031,2351100.0
2025-06-18,73.33461847716848,73.77858933284311,72.92024467490864,72.97943878173828,2826200.0
2025-06-20,73.15703027923465,74.07457659191675,73.00903748159695,73.679931640625,4904800.0
2025-06-23,73.87724994445581,74.98225429652182,73.67993123351339,74.89346313476562,2632200.0
2025-06-24,75.15984253040469,75.35716123710235,74.50867724929532,74.85399627685547,2309100.0
2025-06-25,74.597481350792,74.96252926462729,73.93645535542755,74.04498291015625,2601000.0
2025-06-26,74.05483799127143,74.34095538422675,73.27541630575026,73.53193664550781,2265400.0
2025-06-27,73.61086350284714,74.23242417097671,73.50233596166527,74.00550842285156,3546200.0
2025-06-30,74.21269775218096,74.92305712609885,74.02523971538983,74.7257308959961,4262500.0
2025-07-01,74.95265789738454,76.65948659090357,74.29163193000379,76.32404327392578,3167100.0
2025-07-02,76.31417260916245,76.73841460216205,75.76167420980526,76.63975524902344,2768800.0
2025-07-03,76.40131374613644,76.78878403401808,75.79526892049205,76.67949676513672,1878000.0
2025-07-07,76.52052691721063,76.82852174148809,75.73565668674193,76.21253967285156,2760200.0
2025-07-08,76.46091844592384,76.65962600675303,75.91448970845995,76.03370666503906,2118700.0
2025-07-09,75.95422367049305,76.05358124090581,75.41773220583984,75.83500671386719,1672700.0
2025-07-10,75.69591889010506,77.65314487563292,75.58663162127425,76.95767974853516,2435200.0
2025-07-11,76.8682670702261,77.2159958440124,75.85487740957028,76.3416976928711,3049100.0
2025-07-14,76.2721518579203,77.24580000341703,76.13306034855204,77.19612121582031,2550900.0
2025-07-15,77.07690054883682,77.6928750378848,75.82506944477151,75.87474822998047,2713200.0
2025-07-16,76.29202648316179,76.99742130422965,75.8052061998736,76.79872131347656,2844700.0
2025-07-17,76.82852171181463,77.55378346371911,76.07344814086123,77.4047622680664,3322900.0
2025-07-18,77.53391647308727,78.29891973689669,77.46437072183187,77.90151977539062,2333200.0
2025-07-21,77.99093626586888,78.69633108556229,77.86178203012291,78.20951080322266,2305900.0
2025-07-22,78.38834365800199,79.70972057285908,78.38834365800199,79.6799087524414,2428000.0
2025-07-23,79.82893751546294,80.91187292614673,79.6799087330857,80.23628234863281,2633900.0
2025-07-24,80.48466120232156,80.48466120232156,79.34211730957031,79.34211730957031,2707700.0
2025-07-25,79.41166303798589,80.11705785642893,79.22289274152975,79.77926635742188,2951700.0
2025-07-28,79.51100919917664,80.40517427096148,79.35205073081399,79.82893371582031,4450700.0
2025-07-29,77.65314477350165,79.33218015803084,75.29851122986032,77.87171173095703,7259800.0
2025-07-30,78.26911539647435,80.22634128202398,78.21944419130958,79.59049224853516,4225300.0
2025-07-31,78.94470976047283,79.74945457429918,78.28899372918586,79.08380126953125,3101200.0
2025-08-01,79.26263425791981,79.46134182785829,78.34860217595904,79.36198425292969,2101300.0
2025-08-04,79.33217624458601,79.90841680016129,78.72613144991517,78.95464324951172,2092900.0
2025-08-05,78.73606872558594,79.43152623756697,78.57710267717977,78.73606872558594,3928100.0
2025-08-06,78.88509740455761,80.95161055180142,78.7360686293386,80.9416732788086,5291100.0
2025-08-07,81.22979361882535,81.62720115974274,79.02418896765639,79.84880828857422,4288800.0
2025-08-08,79.93822098460537,80.49458699379099,79.24276347312335,80.12699127197266,3584600.0
2025-08-11,80.25614554668826,80.26608281969175,78.7658729527391,79.35205078125,3374000.0
2025-08-12,79.52094646320742,80.37537002282566,79.39179223393243,80.2263412475586,2512900.0
2025-08-13,80.24620816233963,82.10408405565565,79.70971669959052,81.6570053100586,3916400.0
2025-08-14,81.3788261643559,81.55765160713922,80.28595348122187,80.67342376708984,2315400.0
2025-08-15,80.83238998184713,80.83238998184713,78.94470975625961,79.00431823730469,3937800.0
2025-08-18,79.02419284288766,79.40172585631771,78.09028621292215,78.70626831054688,2489100.0
2025-08-19,78.9546432267859,79.74945072880593,78.72613142725514,78.9745101928711,2232500.0
2025-08-20,79.3421172215616,80.49459080659533,79.1831511657397,80.4548568725586,2720000.0
2025-08-21,80.0276451787252,80.15679941431297,78.96458431374032,79.2030258178711,2048100.0
2025-08-22,79.29243469131131,79.91835403166641,78.69632716995466,79.76932525634766,2428600.0
2025-08-25,79.48120503076474,79.68984228438029,78.56717299209136,78.8155517578125,2370000.0
2025-08-26,78.68638990457166,79.19308470873713,78.68638990457166,79.11360168457031,3970500.0
2025-08-27,79.39179607095203,80.13693240338155,79.28250880246885,79.77926635742188,3134200.0
2025-08-28,79.77926253300359,79.94815827441067,78.59697718331721,79.07386016845703,1527000.0
2025-08-29,79.2526931727027,80.08724976646796,79.24276347962243,79.94815826416016,2139600.0
2025-09-02,79.81899646298557,80.67342002291598,79.80906676990428,80.02764129638672,1917900.0
2025-09-03,79.57062143065801,81.86564648648151,79.31231295989453,80.51446533203125,3985400.0
2025-09-04,81.00128171457773,82.02460101467176,80.47471994500845,81.97492980957031,3068600.0
2025-09-05,81.8954467546537,82.63064577717621,81.03108592309566,81.91531372070312,2675000.0
2025-09-08,81.54771808093253,81.666935037185,79.80906672301262,81.02115631103516,3043600.0
2025-09-09,80.67341997875882,80.94167329017438,79.67990491705037,80.32569122314453,1451500.0
2025-09-10,79.78919223710395,80.21640401713982,79.26263046681008,79.66997528076172,2135800.0
2025-09-11,79.7593917269164,80.81251531673958,79.45140446874217,80.51446533203125,2403100.0
2025-09-12,80.60387422277151,81.07082751453325,79.75938793635397,80.7628402709961,2415700.0
2025-09-15,80.61381157562953,80.70323187282405,79.34211350824653,79.35205078125,2104000.0
2025-09-16,79.41165915612056,81.12050627441269,79.35205067801404,81.00128173828125,4449200.0
2025-09-17,81.26953879264987,82.31272510715237,80.93173971467853,81.92525482177734,3524900.0
2025-09-18,81.38875199703006,81.80602650356752,80.42504117484707,81.39868927001953,3594900.0
2025-09-19,81.65700528101763,82.70019154701255,81.43843075483251,81.85570526123047,7527000.0
2025-09-22,81.71661382879047,81.97492986722214,80.69329452797675,80.84232330322266,2391800.0
2025-09-23,80.9118727834002,81.74642183537043,80.68336097350242,81.68681335449219,2670200.0
2025-09-24,81.59739308061972,82.03454215365666,81.12051007359645,81.2894058227539,2330100.0
2025-09-25,81.6172677136571,81.67687619461823,79.87861627304933,80.59394836425781,3910600.0
2025-09-26,80.70323555403866,81.54772187981342,80.49459071104043,81.40863037109375,3008500.0
2025-09-29,81.41856003434076,81.69675063159532,79.81900010474095,81.30927276611328,2278700.0
2025-09-30,81.04102697619848,81.94512936194513,80.87213122718605,81.8060302734375,2863200.0
2025-10-01,81.4682387530684,82.45181658636845,81.38875572534833,82.28292083740234,2952200.0
2025-10-02,81.81596369133713,82.92870328752971,81.81596369133713,82.72999572753906,2700000.0
2025-10-03,82.72000122070312,83.12999725341797,82.12999725341797,82.1500015258789,2227400.0
2025-10-06,81.83999633789062,81.97000122070312,80.72000122070312,80.83000183105469,2204300.0
2025-10-07,80.91999816894531,81.08000183105469,79.25,79.94999694824219,3385100.0
2025-10-08,79.94000244140625,79.97000122070312,77.87000274658203,78.76000213623047,3169300.0
2025-10-09,79.01000213623047,79.2300033569336,77.9800033569336,78.04000091552734,2433500.0
2025-10-10,78.30000305175781,79.02999877929688,78.02999877929688,78.44999694824219,2020800.0
2025-10-13,77.95999908447266,78.62000274658203,77.47000122070312,78.2699966430664,1788400.0
2025-10-14,78.41000366210938,80.19000244140625,78.16999816894531,80.13999938964844,2025500.0
2025-10-15,80.13999938964844,81.79000091552734,79.87999725341797,80.08999633789062,3474900.0
2025-10-16,80.0199966430664,80.27999877929688,78.51000213623047,78.83000183105469,2954700.0
2025-10-17,79.30999755859375,79.97000122070312,78.61000061035156,79.91000366210938,2504000.0
2025-10-20,79.9000015258789,80.2300033569336,79.66999816894531,79.9000015258789,1921400.0
2025-10-21,80.12000274658203,80.38999938964844,79.08000183105469,79.16000366210938,2680900.0
2025-10-22,78.97000122070312,79.80000305175781,78.54000091552734,78.5999984741211,2716300.0
2025-10-23,78.43000030517578,78.66000366210938,77.68000030517578,78.20999908447266,3856400.0
2025-10-24,78.41000366210938,78.61000061035156,77.1500015258789,77.3499984741211,2228200.0
2025-10-27,77.01000213623047,78.04000091552734,76.80999755859375,78.0,4052500.0
2025-10-28,77.0,77.69999694824219,75.0,75.88999938964844,5540200.0
2025-10-29,75.31999969482422,75.68000030517578,74.11000061035156,74.29000091552734,4057100.0
2025-10-30,74.37999725341797,75.19999694824219,74.05000305175781,74.69999694824219,5229500.0
2025-10-31,74.19000244140625,74.77999877929688,73.81999969482422,74.27999877929688,3396400.0
2025-11-03,73.9000015258789,73.94999694824219,72.62000274658203,72.9000015258789,3679300.0
2025-11-04,72.80000305175781,73.61000061035156,72.76000213623047,73.0999984741211,2845800.0
2025-11-05,73.29000091552734,73.4000015258789,72.58000183105469,73.18000030517578,3480200.0
2025-11-06,73.18000030517578,73.69000244140625,72.87000274658203,72.91000366210938,2894800.0
2025-11-07,73.48999786376953,75.26000213623047,73.0,75.18000030517578,3697000.0
2025-11-10,75.16999816894531,75.2699966430664,74.13999938964844,74.58000183105469,2748800.0
2025-11-11,74.3499984741211,75.62000274658203,74.04000091552734,75.48999786376953,3251000.0
2025-11-12,75.69000244140625,76.16000366210938,75.37000274658203,75.41999816894531,3005500.0
2025-11-13,75.37000274658203,75.87000274658203,74.98999786376953,75.06999969482422,2743100.0
2025-11-14,75.30000305175781,75.75,74.26000213623047,74.70999908447266,2542900.0
2025-11-17,75.36000061035156,75.70999908447266,74.76000213623047,75.12999725341797,3167400.0
2025-11-18,75.5999984741211,76.12000274658203,75.19999694824219,75.9000015258789,2619500.0
2025-11-19,75.94000244140625,76.08999633789062,75.13999938964844,75.7300033569336,2362700.0
2025-11-20,75.87999725341797,76.26000213623047,75.12999725341797,75.4800033569336,2824400.0
2025-11-21,75.9800033569336,77.45999908447266,75.70999908447266,76.62999725341797,3416000.0
2025-11-24,76.19999694824219,76.52999877929688,74.19999694824219,74.69999694824219,4249300.0
2025-11-25,75.02999877929688,76.29000091552734,75.02999877929688,75.91000366210938,3981000.0
2025-11-26,75.8499984741211,76.4800033569336,75.69999694824219,75.9000015258789,3219600.0
2025-11-28,75.7300033569336,76.80000305175781,75.4800033569336,76.19999694824219,1825200.0
2025-12-01,75.91999816894531,76.30999755859375,75.30999755859375,75.91000366210938,3748700.0
2025-12-02,75.61000061035156,75.66000366210938,73.87000274658203,74.44000244140625,4761300.0
2025-12-03,74.63999938964844,75.26000213623047,73.30999755859375,73.36000061035156,3753800.0
2025-12-04,73.81999969482422,74.0999984741211,73.0,73.44000244140625,3072300.0
2025-12-05,73.25,73.94000244140625,73.06999969482422,73.0999984741211,3181500.0
2025-12-08,73.12999725341797,73.3499984741211,72.26000213623047,72.70999908447266,2661200.0
2025-12-09,72.6500015258789,73.43000030517578,72.55000305175781,72.58999633789062,3585200.0
2025-12-10,72.69999694824219,73.62000274658203,72.41999816894531,73.56999969482422,3390600.0
2025-12-11,73.87999725341797,74.54000091552734,73.5199966430664,74.2300033569336,3015400.0
2025-12-12,74.23999786376953,74.55000305175781,73.83000183105469,74.33999633789062,2195400.0
2025-12-15,74.61000061035156,76.62999725341797,74.33999633789062,75.43000030517578,3268400.0
2025-12-16,75.87000274658203,76.08999633789062,74.87000274658203,75.12000274658203,2931100.0
2025-12-17,75.20999908447266,75.94000244140625,75.05000305175781,75.75,2271000.0
2025-12-18,75.72000122070312,76.01000213623047,74.87999725341797,75.06999969482422,3753700.0
2025-12-19,75.13999938964844,75.25,74.48999786376953,74.48999786376953,5962500.0
