date,open,high,low,close,volume
2015-12-21,19.56277143515145,19.76028112528813,19.393479721471387,19.741470336914062,2072600.0
2015-12-22,19.78849436108328,19.95778604955359,19.65682065596826,19.9107608795166,1726700.0
2015-12-23,19.986009002543664,20.29637989412145,19.86374244266581,20.202327728271484,1748600.0
2015-12-24,20.221140951825667,20.27757154056312,20.10827798045469,20.18351936340332,470900.0
2015-12-28,20.089459491796084,20.089459491796084,19.76968331682216,20.051837921142575,1191200.0
2015-12-29,20.136487456222333,20.221134208046728,20.033029916460197,20.08946228027344,1049400.0
2015-12-30,20.192917412649624,20.192917412649624,19.91076277773757,19.976598739624023,1254400.0
2015-12-31,19.910763000132985,19.938979181497523,19.44050407409668,19.44050407409668,1959700.0
2016-01-04,19.242991890818004,19.261802675949028,18.932621111736918,19.130130767822266,2379800.0
2016-01-05,19.13013756839761,19.37467248034507,19.036085403203074,19.29002571105957,2087300.0
2016-01-06,18.93262929585402,19.073708451426604,18.688096159025765,18.847984313964844,2162400.0
2016-01-07,18.32128638356628,18.69749314622666,18.30247559695942,18.34950256347656,2072100.0
2016-01-08,18.415335964935554,18.481171915020017,17.926266344457957,17.97329330444336,2237800.0
2016-01-11,18.142595205612444,18.18962039356092,17.832222507127145,18.076757431030277,1778900.0
2016-01-12,18.3212923846801,18.443560743778143,18.04854306512342,18.274267196655277,2619100.0
2016-01-13,18.28367045429406,18.340101032102037,17.73817008509506,17.822816848754883,2282600.0
2016-01-14,17.935680613842663,18.52820804566855,17.766387061892413,18.25545692443848,3192500.0
2016-01-15,17.446605478048973,17.916864405154286,17.446605478048973,17.851028442382812,2289800.0
2016-01-19,18.133190707671627,18.1896212947849,17.85103418431323,18.04854393005371,2175000.0
2016-01-20,18.12378495909761,18.443561269693426,17.700551079221977,18.25545692443848,2495000.0
2016-01-21,18.34010346799346,18.47177543166568,18.04854335104956,18.19902610778809,2387400.0
2016-01-22,18.518800195687906,18.791549486888783,18.415342640113906,18.60344696044922,1649900.0
2016-01-25,18.57522856540994,18.6504699258178,18.23664154662678,18.283668518066406,1697100.0
2016-01-26,18.3401020152457,18.72571427308023,18.227239059683875,18.64106750488281,2827500.0
2016-01-27,18.60344261988705,19.337045351459672,18.60344261988705,18.753925323486328,4176500.0
2016-01-28,19.82612236074345,19.82612236074345,17.42780181630597,17.86043930053711,7791800.0
2016-01-29,17.992110686818506,18.584638101748563,17.91686930964122,18.274267196655277,6479700.0
2016-02-01,18.10497439381921,18.40593991490089,17.95449163327837,18.311887741088867,3446600.0
2016-02-02,18.05795043538244,18.377726771813933,17.63471652131249,17.68174171447754,2668800.0
2016-02-03,17.60649416608614,17.794598460694434,17.26790894724492,17.43720245361328,3537300.0
2016-02-04,17.446609559692988,17.84162722263187,17.40898976954902,17.578283309936523,2429300.0
2016-02-05,17.45602049413493,17.48423669111721,17.16446030090373,17.258512496948242,2223100.0
2016-02-08,16.995158662585514,17.12683059838648,16.722409396441293,16.88229751586914,2301700.0
2016-02-09,16.71300506591797,17.042186720273026,16.647169093826097,16.71300506591797,2413600.0
2016-02-10,16.77884048407284,17.164452702648077,16.713004514154477,16.863487243652344,2668800.0
2016-02-11,16.590733093342752,16.769431974137063,16.308578476421467,16.506086349487305,1892600.0
2016-02-12,16.647168482331782,16.70359905720973,16.412038994128768,16.665977478027344,1447900.0
2016-02-16,16.825865089178205,17.37136541343526,16.825865089178205,17.145641326904297,2279400.0
2016-02-17,17.277313193367043,17.756975704345372,17.267907799872024,17.60649299621582,2142400.0
2016-02-18,17.70055097426289,17.81341393952581,17.568879009702794,17.67233657836914,1954200.0
2016-02-19,17.67232971552708,17.916862756492577,17.625302750806576,17.709949493408203,1660200.0
2016-02-22,17.851033064549163,17.982706818081827,17.644119728849134,17.756980895996094,1420000.0
2016-02-23,17.71935978571146,17.84162634000061,17.52185006706496,17.540660858154297,1250900.0
2016-02-24,17.38025819783623,17.927519239474876,17.267030968672554,17.8897762298584,1510700.0
2016-02-25,17.908648452449924,18.16340837851473,17.767115760086977,18.153972625732425,1643500.0
2016-02-26,18.32380819112727,18.32380819112727,17.96525866963801,18.040742874145508,1525200.0
2016-02-29,18.08792213260373,18.238890560861456,17.974694911567614,18.003002166748047,1456700.0
2016-03-01,18.11623349559429,18.54083162146361,18.040749264349568,18.45591163635254,1460600.0
2016-03-02,18.38986465714789,18.588011905111596,18.333251929023763,18.493656158447266,1411300.0
2016-03-03,18.531391863930747,18.663490589833906,18.389859185885467,18.635183334350582,1003600.0
2016-03-04,18.720106125457008,18.76728309202791,18.43704072665977,18.559701919555664,1389600.0
2016-03-07,18.455903349667945,18.871067334948677,18.42759790046406,18.84276008605957,1482500.0
2016-03-08,18.69180008395306,18.74841460715113,18.23889469648471,18.45591163635254,1425700.0
2016-03-09,18.503083784665822,18.55026073743004,18.3992923289621,18.531389236450195,1859700.0
2016-03-10,18.63518035302188,18.87106871192089,18.5219531488888,18.729536056518555,1187900.0
2016-03-11,18.871065312878027,19.135260875144933,18.823888369469845,19.02203369140625,1216400.0
2016-03-14,18.927684882296155,19.088089067726024,18.84276491355765,18.918249130249023,886900.0
2016-03-15,18.842766425401518,19.15413906919701,18.75784644984948,19.116397857666016,1264800.0
2016-03-16,19.135267402754877,19.47494547047517,19.003168676716093,19.44664001464844,2053700.0
2016-03-17,19.493814801019244,19.710831670031265,19.342846387820845,19.625911712646484,1308600.0
2016-03-18,19.72027009761112,20.25809536759454,19.60704467218602,20.050514221191406,3425800.0
2016-03-21,19.975025521353302,20.14486542105948,19.691960221633188,20.10712242126465,1719800.0
2016-03-22,19.9844661493753,20.182611547608275,19.91841768329764,20.012771606445312,1211900.0
2016-03-23,19.98446401639975,20.003335518889383,19.795752590874446,19.87123680114746,1245000.0
2016-03-24,19.70139847670764,19.899545669555664,19.62591426030974,19.899545669555664,923900.0
2016-03-28,19.937283443507265,19.984462195432464,19.776879286332303,19.861799240112305,1065800.0
2016-03-29,19.767452111812336,20.286405963086672,19.63535336082437,20.2486629486084,1283500.0
2016-03-30,20.41850180328798,20.597777512932268,20.27696910606813,20.343017578125,1016100.0
2016-03-31,20.343015375582446,20.47511410507972,20.19204694160187,20.371322631835938,1126700.0
2016-04-01,20.21091856164092,20.55059843988746,20.116562839940688,20.52229118347168,1246800.0
2016-04-04,20.522290266058405,20.60721023182384,20.324144879062803,20.43737030029297,2489400.0
2016-04-05,20.182606273239173,20.182606273239173,19.87123372904072,19.975025177001957,2222300.0
2016-04-06,19.908986033039994,20.088261763392364,19.824066044961825,19.993906021118164,2036100.0
2016-04-07,19.927854201712154,19.94672390725573,19.446641616477905,19.465511322021484,3259900.0
2016-04-08,19.72027448112926,19.965598690329735,19.597613276372066,19.68253326416016,1326900.0
2016-04-11,19.805183733539195,19.908975173394847,19.597602653513007,19.616474151611328,1054400.0
2016-04-12,19.5976098599352,19.6353510703249,19.30510693090755,19.48438262939453,1524500.0
2016-04-13,19.6542188133086,19.86179992993289,19.597606108717503,19.8051872253418,1545000.0
2016-04-14,19.748576493861965,19.842932210731306,19.46550934325396,19.63534927368164,1608200.0
2016-04-15,19.58817722897503,19.720274185918544,19.51269299648073,19.540998458862305,1880300.0
2016-04-18,19.52212474288171,19.63535016853653,19.40889751754121,19.55986595153809,1514600.0
2016-04-19,19.654218336848743,19.720266790551435,19.40889422332061,19.52212142944336,1576700.0
2016-04-20,19.4938183819134,19.673094080400386,19.33341418846416,19.48438262939453,1382700.0
2016-04-21,19.50325139984553,19.588171360922807,19.36171873127859,19.390024185180664,1314500.0
2016-04-22,19.39002272235259,19.77687949377012,19.380588771553963,19.52212142944336,1612100.0
2016-04-25,19.43719655005485,19.578729172084746,19.248485187558373,19.28622817993164,1292700.0
2016-04-26,19.456080172179732,19.68253286850045,19.408901402309137,19.550434112548828,1777800.0
2016-04-27,19.522121902700903,19.871235680645643,19.4277661952588,19.8051872253418,2684400.0
2016-04-28,18.503096371670228,18.672936396654187,17.842607785551863,18.125673294067383,6058500.0
2016-04-29,17.97469872898152,18.00300599017377,17.55010060921385,17.842601776123047,4002600.0
2016-05-02,17.861470378916188,17.974695805900218,17.682194686558145,17.927518844604492,1943300.0
2016-05-03,17.74823873641376,17.889771384772764,17.67275453730994,17.814287185668945,1595400.0
2016-05-04,17.66332586365886,17.870908844119217,17.653890110030115,17.701068878173828,1925700.0
2016-05-05,17.73880386352539,17.79541836541608,17.55009425627916,17.73880386352539,2097700.0
2016-05-06,17.597272085568218,17.757676249552198,17.342512213413876,17.663320541381836,1729100.0
2016-05-09,17.719941582913503,17.842602789004406,17.635021594202065,17.75768280029297,1223000.0
2016-05-10,17.767115253049926,17.95582670393897,17.719938290170553,17.880342483520508,1122400.0
2016-05-11,17.79541616468095,17.927513053385603,17.767108917236328,17.767108917236328,914500.0
2016-05-12,17.842600670225863,17.88034368280952,17.37082381104552,17.45574378967285,2480400.0
2016-05-13,17.417997360229492,17.55953182996773,17.361384652145524,17.417997360229492,1468300.0
2016-05-16,17.43686939045503,17.71993653881151,17.342513674336203,17.540660858154297,1869900.0
2016-05-17,17.521792059476663,17.61614779015927,17.304775138686786,17.314210891723633,1081600.0
2016-05-18,17.28590383241818,17.710503725554855,17.22929111322859,17.45574378967285,1740800.0
2016-05-19,17.361381147946137,17.597269483651072,17.3425096491653,17.399124145507812,1423000.0
2016-05-20,17.52178652936754,17.89920753329299,17.52178652936754,17.785982131958008,1394500.0
2016-05-23,17.870902082801898,18.050175934863173,17.77654638189921,17.785982131958008,1284700.0
2016-05-24,17.842596557768477,18.342680561124524,17.842596557768477,18.28606605529785,1602900.0
2016-05-25,18.38985894160809,18.4842146589468,18.28606747256693,18.3332462310791,1443800.0
2016-05-26,18.333249142000817,18.465346087437773,18.26720066928234,18.40873336791992,1138500.0
2016-05-27,18.34248067789029,18.81571291401503,18.33301762177699,18.68320846557617,1415000.0
2016-05-31,18.730524681654,18.78731201999303,18.61694819973899,18.749452590942383,1724800.0
2016-06-01,18.72106683169952,18.863036133304774,18.635884889688835,18.730531692504883,1824000.0
2016-06-02,18.721067910980256,18.80624985790173,18.560168878488337,18.68320846557617,1402700.0
2016-06-03,18.739989964701643,18.739989964701643,18.560163071013232,18.654808044433597,898900.0
2016-06-06,18.711596598789622,18.75891908399254,18.531767905591764,18.66427230834961,1228900.0
2016-06-07,18.72106401443689,18.89142606758349,18.664274858150687,18.86303329467773,1025500.0
2016-06-08,18.834642416362893,19.109117976618144,18.768390192918577,19.042865753173828,1612800.0
2016-06-09,18.88196568439214,19.184834006478187,18.82517652007281,19.146974563598636,1064900.0
2016-06-10,18.92928538354625,19.02393217151145,18.796780963537376,18.83463859558105,1213000.0
2016-06-13,18.7305333595039,18.863037812096564,18.616956824968923,18.64535140991211,1532900.0
2016-06-14,18.560165881551608,18.66427572912664,18.474983948384587,18.522306442260746,1529200.0
2016-06-15,18.63588329786025,18.6737409326104,18.408732073646974,18.42765998840332,1725400.0
2016-06-16,18.295153446460528,18.333012882076677,17.93549783429339,18.134254455566406,3386500.0
2016-06-17,18.086931104900845,18.124788733476787,17.8597799177337,18.058536529541016,2101700.0
2016-06-20,18.474983811168435,18.598023377475062,18.28569022659487,18.465518951416016,1369000.0
2016-06-21,18.531771101632625,18.721064685564585,18.45605402910732,18.67374038696289,1858300.0
2016-06-22,18.70213843044029,18.94821941304003,18.692673568966715,18.768390655517575,1575100.0
2016-06-23,19.014469057411837,19.20376265071632,18.929287120948565,19.194297790527344,1329900.0
2016-06-24,18.361401949775765,18.66427015266278,17.954422125182504,17.982816696166992,3331700.0
2016-06-27,17.73674044053867,17.840852089307923,17.10260929894273,17.197256088256836,2335100.0
2016-06-28,17.500130509724677,17.83139348592769,17.443343138307526,17.812463760375977,1536400.0
2016-06-29,18.077472935467163,18.333018792551115,17.992290983105846,18.19104766845703,1192500.0
2016-06-30,18.323546421026656,18.63587951660156,18.16264744420097,18.63587951660156,1441800.0
2016-07-01,18.503378364068286,18.692671966840184,18.34247934328345,18.40873336791992,1377900.0
2016-07-05,18.22889872528479,18.380332836389453,18.039605183785454,18.14371681213379,1031800.0
2016-07-06,17.982825066080245,18.276228548533936,17.859785478353768,18.26676368713379,1573800.0
2016-07-07,18.35193646940872,18.607482183878183,18.257291513149056,18.38033103942871,1201700.0
2016-07-08,18.579092809646223,18.85356831422156,18.579092809646223,18.83463859558105,1334400.0
2016-07-11,18.97660407295908,19.46876582758393,18.97660407295908,19.430908203125,1891600.0
2016-07-12,19.601277488284403,19.80950081833739,19.56341984978963,19.762176513671875,1672300.0
2016-07-13,19.875745021455195,20.244865422749264,19.83788559299585,20.036643981933597,3703700.0
2016-07-14,20.12183010400343,20.225941748829467,19.73377990722656,19.73377990722656,1873100.0
2016-07-15,19.69592092517348,19.743245221748456,19.544486786608207,19.66752815246582,1036400.0
2016-07-18,19.847358456832165,19.89468276149768,19.705389153310897,19.762176513671875,919700.0
2016-07-19,19.68645989775384,19.809501287560995,19.61074281373316,19.695924758911133,1392500.0
2016-07-20,19.80002968484781,20.18807983398437,19.771635111043768,20.18807983398437,2149500.0
2016-07-21,19.84736011986737,19.88521956677208,19.525562042128563,19.64860343933105,2599300.0
2016-07-22,19.610742349217503,19.790571096471183,19.56341984978963,19.762176513671875,1114900.0
2016-07-25,19.809496377584708,19.970395366902988,19.724314453519906,19.743244171142575,1332500.0
2016-07-26,19.87575306649408,20.03665209209901,19.75271348467272,19.99879264831543,1735300.0
2016-07-27,20.074502794919308,20.131291940974076,19.733776944775816,20.01771545410156,1958400.0
2016-07-28,18.683203554418817,20.18808181413492,18.683203554418817,19.355194091796875,7153200.0
2016-07-29,18.881964413323544,19.11858049967979,18.408732240611048,18.692670822143555,4472600.0
2016-08-01,18.7210654023918,18.7778527576508,18.63588346688455,18.692670822143555,2735700.0
2016-08-02,18.673740328879607,18.834639333150086,18.42765939262844,18.437124252319336,1819900.0
2016-08-03,18.38980187863407,18.579093657970223,18.38980187863407,18.465518951416016,1570600.0
2016-08-04,18.446589032887523,18.68320510843288,18.446589032887523,18.616952896118164,1116200.0
2016-08-05,18.692668679315936,19.080718872037185,18.67373896132044,19.052324295043945,1811700.0
2016-08-08,19.03339815105711,19.042863010934425,18.863034283740323,18.99553871154785,1405400.0
2016-08-09,19.0807207297761,19.251084597847974,18.806247013067203,18.815710067749023,2081800.0
2016-08-10,18.881963489382688,18.910356263004125,18.683205047845693,18.82517433166504,1492800.0
2016-08-11,18.91982150108525,18.99553857431933,18.872499007277984,18.938751220703125,1218400.0
2016-08-12,18.91981724687713,19.080716216975357,18.8535650483491,19.0049991607666,995400.0
2016-08-15,19.10911357725784,19.51609349070552,19.09018385913532,19.497163772583008,2146500.0
2016-08-16,19.47823104284784,19.506625615641408,19.14696824787089,19.15643310546875,1016200.0
2016-08-17,19.08072224565882,19.33626806806867,19.07125738498761,19.32680320739746,1281800.0
2016-08-18,19.288940483709894,19.55395112171328,19.288940483709894,19.497163772583008,1027500.0
2016-08-19,19.525557206757608,19.78110299436681,19.40251764526281,19.724315643310547,1457400.0
2016-08-22,19.66752769878719,19.762172679279274,19.582345772154483,19.73377990722656,1227200.0
2016-08-23,19.84735643857959,19.97039781296037,19.818963663905144,19.913610458374023,1761800.0
2016-08-24,19.932537134008413,19.970396571537485,19.695921065163745,19.724315643310547,1428200.0
2016-08-25,19.72431400378077,19.89467784802587,19.71484914518524,19.80949592590332,1190600.0
2016-08-26,19.875749727958283,20.0177190078248,19.800032658346986,19.932537078857425,1137200.0
2016-08-29,19.99879012740299,20.17861885223172,19.970397353381944,19.97986221313477,1562600.0
2016-08-30,20.083976375209687,20.301664585822454,20.055583595088137,20.150230407714844,1819800.0
2016-08-31,20.17861800640348,20.20701258447172,19.75271016680392,19.932537078857425,2547900.0
2016-09-01,19.94200233648679,20.083971619188663,19.72431598266143,20.074506759643555,2011700.0
2016-09-02,20.254843493519687,20.302300228019003,19.99857278236326,20.197895050048828,1174600.0
2016-09-06,20.292809151420983,20.387724433735787,19.97958998703303,20.046031951904297,1217700.0
2016-09-07,20.1124710580568,20.31179151120574,19.9985723631443,20.178911209106445,1465200.0
2016-09-08,20.10297977069181,20.254843493519687,19.989081073391723,20.197895050048828,1277900.0
2016-09-09,20.008069490506564,20.05552623686332,19.248750686645508,19.248750686645508,2024300.0
2016-09-12,19.0873905019704,19.53348996280469,19.04942366597171,19.47654151916504,2628900.0
2016-09-13,19.40061145395747,19.51450835178324,19.182305747467403,19.334171295166016,1457400.0
2016-09-14,19.36264185525632,19.438573713106017,19.13484628170722,19.296201705932617,1196700.0
2016-09-15,19.36264978568834,19.856207969038984,19.32468474639316,19.81824111938477,1338700.0
2016-09-16,20.017555423191837,20.017555423191837,19.57145598099808,19.799251556396484,2163500.0
2016-09-19,19.93212977133341,20.07450176477131,19.894162940892308,20.017553329467773,1177300.0
2016-09-20,20.131457788154176,20.188408055281894,19.81823856038693,19.87518882751465,1250100.0
2016-09-21,19.95111563736176,20.24535136799194,19.932132219809272,20.226367950439453,1207300.0
2016-09-22,20.39721722112577,20.53009753717501,20.34026877287017,20.46365737915039,1193800.0
2016-09-23,20.378237111406985,20.454168991533425,20.2073917388916,20.2073917388916,1034700.0
2016-09-26,20.04603068107069,20.140944147009947,19.91314857011075,19.98908042907715,1410200.0
2016-09-27,19.88468333251038,20.1219707144718,19.78027630513246,20.10298728942871,1066600.0
2016-09-28,20.09348587366913,20.44467182594068,20.09348587366913,20.32128143310547,1260200.0
2016-09-29,20.1409477621228,20.340270059160044,19.951118985813466,20.159931182861328,1164500.0
2016-09-30,20.33077180175996,20.558567346190333,20.245348246303813,20.482635498046875,1586300.0
2016-10-03,20.501621448553266,20.62501003816426,20.36873934009725,20.378231048583984,1495000.0
2016-10-04,20.41619892531909,20.568062648146963,20.140944796219596,20.197895050048828,1159800.0
2016-10-05,20.264338153501487,20.66298093656691,20.264338153501487,20.52060890197754,1816400.0
2016-10-06,20.511119590358067,20.75789865734066,20.435187709006414,20.72942352294922,1008600.0
2016-10-07,20.71992757683351,20.738910995881383,20.473148560286575,20.71043586730957,1229900.0
2016-10-10,20.71043104247725,21.00466672773839,20.45416037610881,20.482635498046875,1042900.0
2016-10-11,20.397216902491063,20.397216902491063,19.8941671547425,20.08399772644043,1877800.0
2016-10-12,20.112472858887063,20.140946177395875,19.913150577532864,20.13145446777344,1226700.0
2016-10-13,19.85620275719636,19.93213462621522,19.486035122024244,19.88467788696289,1449100.0
2016-10-14,20.03654372776788,20.226372515057637,20.027052016849577,20.121967315673828,1829800.0
2016-10-17,20.121964564923417,20.26433658851761,20.046032698315944,20.08399772644043,1474800.0
2016-10-18,20.321283219978312,20.321283219978312,20.036539198234586,20.178911209106445,924800.0
2016-10-19,20.14094680121735,20.482641116774342,20.065014932244523,20.34026908874512,1641200.0
2016-10-20,20.254848485086068,20.34976378783383,20.01756113339608,20.2073917388916,1757100.0
2016-10-21,19.19179353350356,20.35924826485728,19.19179353350356,20.32128143310547,1368600.0
2016-10-24,20.587048521235893,21.0046729036379,20.530098260614952,20.86230087280273,1698100.0
2016-10-25,20.80535623432451,21.023660175624837,20.59654400486667,20.814847946166992,1511300.0
2016-10-26,20.67246538786773,20.985684478122185,20.67246538786773,20.90026092529297,1610400.0
2016-10-27,22.1436600953922,22.162643521878238,21.175527068914448,21.65959358215332,4376200.0
2016-10-28,21.91585996693456,22.47585826226316,21.820944664100104,21.906368255615234,3295400.0
2016-10-31,22.07721105943445,22.24805820857566,21.963312356554155,22.10568618774414,2381600.0
2016-11-01,22.11518246918339,22.42840172955006,21.839930057520075,22.048742294311523,3381300.0
2016-11-02,22.06771860088459,22.24805745334056,21.76399115065879,21.80195617675781,2106400.0
2016-11-03,21.792464467643452,21.90636316665733,21.68805928810234,21.80195617675781,1719300.0
2016-11-04,21.73552090260983,22.00128338639625,21.526708686294025,21.66908073425293,2490300.0
2016-11-07,21.896872205313176,22.26703982162216,21.896872205313176,22.15314292907715,1828900.0
2016-11-08,22.115174300721776,22.494835406087663,21.982294000058708,22.248056411743164,3373000.0
2016-11-09,21.85890842935442,22.44737996536377,21.830433299408718,22.35246467590332,2260800.0
2016-11-10,22.466365211167037,22.732127681183066,21.934842081493688,22.210094451904297,2267600.0
2016-11-11,22.29551119882327,22.65618885536991,22.07720734954187,22.60873031616211,2112500.0
2016-11-14,22.75110752493854,23.01686997430913,22.684667365185536,22.80805778503418,1879200.0
2016-11-15,22.89347777596795,23.140254956262545,22.789070792518334,23.04534149169922,1132500.0
2016-11-16,22.98839399438137,23.254156433926735,22.96941238540981,23.22568130493164,1384400.0
2016-11-17,23.27313932130545,23.510426626432075,23.14025719939078,23.42500305175781,1493500.0
2016-11-18,23.339583274611243,23.576870618346327,23.273143108022825,23.47246360778809,2287000.0
2016-11-21,23.66229420691965,23.681277628904564,23.273143108022825,23.47246360778809,1557700.0
2016-11-22,23.633820573778014,23.719244167772445,23.368059890558783,23.453481674194336,1506500.0
2016-11-23,23.557887700871117,23.68127813605676,23.349075485641528,23.633819580078125,950300.0
2016-11-25,23.633813351219267,23.899575763579648,23.576864909412876,23.880592346191406,489800.0
2016-11-28,23.709341322551325,23.89962568606596,23.65225673937141,23.73788452148437,1091500.0
2016-11-29,23.73788737507025,23.756914361960053,23.328777214614053,23.395376205444336,1721900.0
2016-11-30,23.452459072457803,23.60468584451062,23.18606312870851,23.195575714111328,1990900.0
2016-12-01,23.26217598410328,23.26217598410328,22.253671373900463,22.291728973388672,2309900.0
2016-12-02,22.39638769313504,22.795981637751304,22.310759900806868,22.776954650878903,1856000.0
2016-12-05,23.052861896658904,23.21460305865911,22.9386927321212,23.090919494628903,1340400.0
2016-12-06,23.47148372327879,24.00427733127484,23.319256978137066,23.756908416748047,3817700.0
2016-12-07,24.01379746128139,24.45145081903717,23.95671287189981,24.28019523620605,13299300.0
2016-12-08,24.394361950689927,25.298209962243813,24.356306166508663,24.974727630615234,6737500.0
2016-12-09,25.22209061575302,25.22209061575302,24.50852713787701,24.584640502929688,2266700.0
2016-12-12,24.736866342506875,24.736866342506875,24.13747384113092,24.337270736694336,1622200.0
2016-12-13,24.44192804104981,24.708323909982678,24.413384848798824,24.42289924621582,2000600.0
2016-12-14,24.337274635035307,24.584643555846178,24.251646861882083,24.270675659179688,1929200.0
2016-12-15,24.613184161903945,24.84152426139044,24.289701900626635,24.641725540161133,1727000.0
2016-12-16,24.70833514774994,24.76542155821577,24.26116915388703,24.299226760864254,2915300.0
2016-12-19,24.37533252951386,24.632214037447884,24.33727493445044,24.527559280395508,1068600.0
2016-12-20,24.537079034522403,24.651248215258725,24.403879237414817,24.56562042236328,1149500.0
2016-12-21,24.565611578099247,24.68929692983444,24.2611581194984,24.42289924621582,1605400.0
2016-12-22,24.67979089206392,24.67979089206392,24.137482758402463,24.34679412841797,1133600.0
2016-12-23,24.365815681932443,24.47998482627644,24.223101529473706,24.4704704284668,754800.0
2016-12-27,24.46095642958153,24.78443870164144,24.432415050372978,24.660755157470703,799000.0
2016-12-28,24.736867368419173,24.746381765938548,24.356300541072955,24.384841918945312,1296000.0
2016-12-29,24.32776260375977,24.508532566306027,24.137480056325007,24.32776260375977,1205400.0
2016-12-30,24.451440169619275,24.499010337604467,24.06135898514683,24.166013717651367,1259200.0
2017-01-03,24.270677104852023,24.66075839925796,24.01379377009121,24.146991729736328,1650700.0
2017-01-04,24.166019904565253,24.68930095979918,24.146991106625244,24.289705276489254,2448400.0
2017-01-05,24.33728071919136,24.67979189742974,24.21359713520886,24.394365310668945,1590500.0
2017-01-06,24.39435904501993,24.470472419002604,24.213590915989837,24.40387344360352,2354000.0
2017-01-09,24.4704704284668,24.679783550907167,24.45144344753335,24.4704704284668,1966000.0
2017-01-10,24.432410683928293,25.069860716161266,24.432410683928293,25.03180313110352,2659600.0
2017-01-11,25.098410922755868,25.21258190342196,24.4704750658078,24.946184158325195,2723100.0
2017-01-12,24.765413576457675,25.04132387937184,24.47047266150178,24.95569610595703,2064800.0
2017-01-13,25.107920992203358,25.39334748730024,25.05083641905832,25.250635147094727,1705000.0
2017-01-17,25.2506326946514,25.26014527701345,24.546581830604197,24.603668212890625,1780600.0
2017-01-18,24.81298275544665,25.050837268752197,24.679784808695043,24.90812492370605,1305500.0
2017-01-19,24.889095385576137,25.12694989179509,24.793953220151383,24.82249641418457,1791700.0
2017-01-20,25.012784957885746,25.21258190571183,24.917642776436388,25.012784957885746,1314300.0
2017-01-23,24.85104543173865,25.1745259664889,24.6702754565391,24.755903244018555,1912600.0
2017-01-24,24.73686907687564,25.3077202646638,24.71784028052265,25.241121292114254,3229900.0
2017-01-25,25.498005660096897,25.964202149898505,25.47897867628373,25.87857437133789,3765000.0
2017-01-26,27.124928085807262,27.286669222497384,25.98322573097276,26.23059463500977,8138600.0
2017-01-27,26.42088310453056,27.22007451517052,26.42088310453056,27.172502517700195,3413300.0
2017-01-30,27.001250720297485,27.44841848542536,26.744369156891672,27.40084648132324,3400400.0
2017-01-31,27.324733595846897,27.324733595846897,26.61116985326853,27.001251220703125,3098200.0
2017-02-01,27.21055930074205,27.305701478147125,27.03930374435015,27.22007369995117,2376700.0
2017-02-02,27.07735836031183,27.581610608560897,26.858532631985,27.305700302124023,3470900.0
2017-02-03,27.42938268317946,27.61966702165021,27.28667033666937,27.391326904296875,1994100.0
2017-02-06,27.391329256343077,27.46744263532991,27.029789345141037,27.22007369995117,1700200.0
2017-02-07,27.410350725393773,27.59112064462574,27.22006822355262,27.47694969177246,1915300.0
2017-02-08,27.49598348527009,27.534041081368823,27.153474193811817,27.457927703857425,2426200.0
2017-02-09,27.457926691446392,27.619667839530265,27.27715674601477,27.3437557220459,2173300.0
2017-02-10,27.50549752267889,27.58161089918963,27.16298642103757,27.495983123779297,1683300.0
2017-02-13,27.610154095888426,27.61966849478802,27.44841294396735,27.495983123779297,1493600.0
2017-02-14,27.448415936046413,27.57209950585151,27.229590181560187,27.54355812072754,1231500.0
2017-02-15,27.6577272905959,27.67675609046937,27.40084393636273,27.54355812072754,2685100.0
2017-02-16,27.724323530903234,27.724323530903234,27.381814240518544,27.524526596069336,1167000.0
2017-02-17,27.438896950944603,27.80043501469473,27.36278357885584,27.752864837646484,2024500.0
2017-02-21,27.81946294839509,28.21905859313663,27.78140717087421,28.02877426147461,2144200.0
2017-02-22,28.028781663583004,28.133687521168383,27.92387762500612,27.981098175048828,1600100.0
2017-02-23,28.105069850132736,28.105069850132736,27.61869073950234,27.723596572875977,1786700.0
2017-02-24,27.399349981403684,27.666382244914693,27.199077148026788,27.599624633789062,2182600.0
2017-02-27,27.61869192558433,27.647303104735315,27.380270889683874,27.523324966430664,2472400.0
2017-02-28,27.504251237903592,27.57100883786321,27.06555557972752,27.122777938842773,2604900.0
2017-03-01,27.50424966582935,27.79989122832733,27.3707344735415,27.723596572875977,2342900.0
2017-03-02,27.675914037317725,27.79989217451784,27.39934476501329,27.418418884277344,1530600.0
2017-03-03,27.45657013450669,27.58054828530592,27.28490668031673,27.551937103271484,1931500.0
2017-03-06,27.342126432082257,27.79035735690029,27.180000043274323,27.742673873901367,1762800.0
2017-03-07,27.64730104834561,27.83803859048229,27.47563762422421,27.69498634338379,1518700.0
2017-03-08,27.761747277292184,27.923873661910484,27.66637849475055,27.818967819213867,1135600.0
2017-03-09,27.599622070486856,27.97155833736253,27.494716223313382,27.895263671875,1128400.0
2017-03-10,28.076465257203115,28.477012721067727,28.076465257203115,28.36256980895996,2042900.0
2017-03-13,28.362567579882747,28.887094975557694,28.305347037830145,28.705894470214844,3226500.0
2017-03-14,28.610523145891808,28.75357539781965,28.496080252944687,28.667743682861328,930000.0
2017-03-15,28.839408718520254,29.38300839751785,28.75357699878293,29.28763961791992,2496900.0
2017-03-16,29.33532674640721,29.54513661939868,29.2590320817732,29.402084350585938,1375800.0
2017-03-17,29.516527257041105,29.640505404943276,29.373473169220077,29.402084350585938,1923600.0
2017-03-20,29.373475303022957,29.74541341176505,29.335328877438982,29.50699234008789,1835800.0
2017-03-21,29.56420823860507,29.735871674257623,28.59144998257933,28.69635581970215,1806300.0
2017-03-22,28.61052497158852,29.106441174324683,28.58191379177398,29.05875587463379,1405600.0
2017-03-23,28.934775128947624,29.249490802546266,28.87755459347733,29.135047912597656,987000.0
2017-03-24,29.52606009996718,29.726334715242533,29.211344406541453,29.249492645263672,1357100.0
2017-03-27,28.858485886117325,29.47838029046151,28.77265415731492,29.42115974426269,1122600.0
2017-03-28,29.335327698786,29.554674639353905,29.16366424303429,29.43069648742676,1291600.0
2017-03-29,29.38301007752021,29.449767681353244,29.08736848097037,29.23995780944824,1435000.0
2017-03-30,29.23041987284653,29.54513558077442,29.23041987284653,29.4879150390625,1002800.0
2017-03-31,29.39254798864368,29.764484260197523,29.39254798864368,29.65958023071289,1838400.0
2017-04-03,29.72633736476868,29.878926695241645,29.058757679693247,29.44976806640625,2456400.0
2017-04-04,29.50699207490199,29.983834213970827,29.50699207490199,29.735876083374023,2051400.0
2017-04-05,29.98383517579604,30.765854198904886,29.92661280758614,30.26040267944336,5047100.0
2017-04-06,30.26040132069153,30.45113890147644,29.888465039070184,30.355770111083984,2331300.0
2017-04-07,30.269934112218817,30.64187216038867,30.21271357365735,30.53696632385254,2060400.0
2017-04-10,30.632332225426985,30.670480462491167,30.16502723543912,30.28900718688965,1767400.0
2017-04-11,30.10780535588641,30.327152252197266,29.78355263133646,30.327152252197266,2063500.0
2017-04-12,30.27947404208055,30.31762228407645,29.783557810183694,29.89800071716309,1845900.0
2017-04-13,29.812167403944663,30.060125506687346,29.545135181219887,29.554672241210938,1524700.0
2017-04-17,29.716794204834976,29.926604036419533,29.4879102561042,29.90753173828125,1227500.0
2017-04-18,29.735873142437818,29.888462466327788,29.583283818547844,29.821704864501957,1526200.0
2017-04-19,30.0982694859351,30.565574473537406,30.08873242671774,30.4034481048584,1942000.0
2017-04-20,30.53696665244364,30.93751224569208,30.30808267672675,30.86121940612793,1978800.0
2017-04-21,30.81353512826028,31.004269041236828,30.54650110166396,30.9375114440918,2074300.0
2017-04-24,31.42389193805712,31.51925889320105,31.17593203385706,31.45250129699707,2629500.0
2017-04-25,31.74814677574026,32.12008301859066,31.605092695559467,32.00564193725586,2589800.0
2017-04-26,32.034253903426674,32.33943257048388,31.77675872096903,32.20591735839844,2797800.0
2017-04-27,33.37895141261342,34.70457204377449,32.94025749574315,34.66642379760742,9593900.0
2017-04-28,34.46614837454302,34.895307016658855,33.58876060667661,33.636444091796875,5362400.0
2017-05-01,33.79856901252263,34.55198045434148,33.62690555393057,34.12282180786133,2761600.0
2017-05-02,34.11328616154924,34.22772725324838,33.750885126815795,34.189579010009766,1745700.0
2017-05-03,34.01791246613881,34.01791246613881,33.64597622335934,33.77949142456055,2156700.0
2017-05-04,33.884396012916085,33.98930184941689,33.750880816648234,33.93208312988281,1366300.0
2017-05-05,34.08467546231335,34.208651790955024,33.684126200039245,33.95115661621094,2178600.0
2017-05-08,34.180036562561,34.180036562561,33.65551106166608,33.73180389404297,2669200.0
2017-05-09,33.86532292315314,33.98930288260607,33.74134660171657,33.84625244140625,1944800.0
2017-05-10,33.94162137478333,34.42799872395557,33.83671552899686,33.95115661621094,2806900.0
2017-05-11,33.95115534854801,34.0942094307367,33.68412494234666,33.98930358886719,1526000.0
2017-05-12,33.96069816819031,34.06560402223234,33.464781900547806,33.598297119140625,1751100.0
2017-05-15,33.75087711733596,34.208645013515536,33.722267760704696,34.09420394897461,4356200.0
2017-05-16,34.20865353715736,34.323098268229906,33.92254898550951,34.12282180786133,1564900.0
2017-05-17,34.122824021308155,34.122824021308155,32.28221298102242,32.291751861572266,2609400.0
2017-05-18,32.120088731264914,33.13099543722886,31.60509831664081,33.0546989440918,2727800.0
2017-05-19,33.36940443474609,33.67458302072358,33.15005391543503,33.23588562011719,1589700.0
2017-05-22,33.47432389465293,33.47432389465293,32.99748165320194,33.29312515258789,2280700.0
2017-05-23,33.49339802087309,33.6459873926167,32.94979815666036,33.29312515258789,1154200.0
2017-05-24,33.455241759609585,33.62690155979549,33.28357832140736,33.52199935913086,1453300.0
2017-05-25,33.63644368797505,33.76995889991557,33.474315474892514,33.70320129394531,1321500.0
2017-05-26,33.83669882027432,34.027436296788416,33.5124462016048,33.94160461425781,1683800.0
2017-05-30,33.86517225966464,34.170952316329064,33.84606055047488,34.09450912475586,1595900.0
2017-05-31,34.32385256471153,34.38118770935253,33.82696255857041,33.97029495239258,1720300.0
2017-06-01,33.941618465890635,34.0753967825479,33.607169029061744,33.83650588989258,1573800.0
2017-06-02,33.93204996991663,34.08493994666086,33.52116111912899,33.70271682739258,2047700.0
2017-06-05,33.60717798451227,33.779179764673025,33.44473388390862,33.588069915771484,1500000.0
2017-06-06,33.377830650526555,33.84605468640198,33.20582894280513,33.33960723876953,2110200.0
2017-06-07,33.41605599503293,34.180506048462505,33.41605599503293,33.74094772338867,2492200.0
2017-06-08,33.94162991238873,34.25696410154068,33.788739835336,34.1900749206543,2564500.0
2017-06-09,34.37161971422519,34.400285452309454,31.93492991187161,32.527381896972656,4979000.0
2017-06-12,32.17383534057013,32.17383534057013,30.96027237356105,31.90627861022949,3609000.0
2017-06-13,32.22160545001258,32.78538811442311,31.676934494841408,31.81071281433105,2771300.0
2017-06-14,31.91582490185282,31.93493296561257,30.845591072018717,31.141817092895508,2952200.0
2017-06-15,30.539813956619867,30.979372369086644,30.30092303960278,30.54936981201172,2599100.0
2017-06-16,30.530249765222205,31.33292312512649,30.48247050416097,31.094032287597656,4454400.0
2017-06-19,31.51449512797745,31.75338608890377,31.246938418199747,31.294715881347656,3485700.0
2017-06-20,31.19915115486997,31.418930332463404,30.8551476959635,30.96981430053711,1928300.0
2017-06-21,31.180038900093205,31.33292891857357,30.90292460247705,31.06536865234375,2210100.0
2017-06-22,31.04626320229722,31.256484717158123,30.53981201174687,30.55892372131348,2297400.0
2017-06-23,30.56848110661632,31.094042210454425,30.530259508162352,30.998483657836918,6876500.0
2017-06-26,31.02715363351795,31.36159946104468,30.23403403511723,30.53026008605957,2605900.0
2017-06-27,30.41558851206073,30.47292181622099,29.60335910898671,29.63202667236328,3301200.0
2017-06-28,29.823137443152834,29.9951391733207,29.24980077271705,29.804027557373047,4555500.0
2017-06-29,29.698911454192668,29.81357986820715,28.552234604418317,28.95357131958008,3308200.0
2017-06-30,29.020467485616813,29.26891241903354,28.686019859350232,28.695575714111328,1881600.0
2017-07-03,28.82935375861237,29.01091135214305,28.36112781537465,28.370683670043945,973900.0
2017-07-05,29.030024919471344,29.890033722814827,28.95357989501783,29.5078067779541,5637400.0
2017-07-06,29.249796877771328,29.46002017409795,28.733791755979727,29.431352615356445,4496000.0
2017-07-07,29.58424740898202,30.090696759896723,29.58424740898202,30.004695892333984,4754200.0
2017-07-10,30.0620339562383,31.074932818440157,29.81358899126836,30.94115447998047,4063800.0
2017-07-11,30.902916409464407,31.39980974908513,30.83602727193706,31.208696365356445,3179700.0
2017-07-12,31.581371428730687,32.01137571210952,31.31381482804399,31.57181739807129,3215100.0
2017-07-13,31.571824393327717,31.810715309781127,31.44760009611983,31.68649101257324,2341300.0
2017-07-14,31.83938089471213,32.498718508572566,31.75338001940981,32.479610443115234,3499700.0
2017-07-17,32.489160116461846,32.68027355206639,32.20249178564783,32.57516098022461,2329400.0
2017-07-18,32.48916006779325,32.99560757297888,32.39360517272692,32.966941833496094,2335900.0
2017-07-19,33.16760979328852,33.40650067969109,32.90960719855147,33.26316833496094,2854600.0
2017-07-20,33.540291708899005,33.88429529896968,33.19629176401535,33.76007461547852,3295900.0
2017-07-21,33.59761257697312,33.66450173048327,33.19627765591221,33.568946838378906,2057200.0
2017-07-24,33.63584288015852,34.180513896104394,33.46384112299812,34.075401306152344,2007800.0
2017-07-25,34.06584130756593,34.505399656585794,33.8173927484256,34.49584197998047,3354400.0
2017-07-26,34.600955064468174,35.22207282634119,34.34295247008333,35.164737701416016,5085600.0
2017-07-27,32.53695323972884,33.44473976231485,31.533611775896865,32.852291107177734,11251100.0
2017-07-28,32.79494397762663,33.5020626782229,32.79494397762663,32.94783401489258,4731700.0
2017-07-31,33.15804910610332,33.44471738320812,32.957381676648446,33.05293655395508,3498400.0
2017-08-01,33.28227954854905,33.32049931946423,32.71849691921228,32.966941833496094,2427800.0
2017-08-02,33.244054010189075,33.26316571701939,31.7438196532701,31.839374542236328,4230700.0
2017-08-03,31.925383174564004,32.13560835570429,31.237376141876705,31.8298282623291,3951600.0
2017-08-04,31.906266817479278,32.04004513320432,31.43804271244164,31.9731559753418,2864300.0
2017-08-07,31.982709749021765,32.58471209631431,31.982709749021765,32.3840446472168,3390500.0
2017-08-08,32.355383572734844,32.814053656132465,32.08782693538267,32.2120475769043,2108300.0
2017-08-09,31.87761005776981,32.269391083561906,31.6196073853916,32.078277587890625,1572300.0
2017-08-10,31.84894528491781,31.877611034331316,31.122714708156423,31.17049217224121,2490300.0
2017-08-11,31.15137065368541,32.01137931729907,31.132262590214623,31.992267608642575,2342400.0
2017-08-14,32.33629702961293,32.90963416876807,32.33629702961293,32.83319091796875,2592600.0
2017-08-15,32.8236053063766,33.28227900167804,32.70893870514401,33.062496185302734,2159800.0
2017-08-16,33.15805271240432,33.33005442641125,32.928715878666644,33.11027526855469,1662700.0
2017-08-17,32.99559573131269,33.119819966465016,32.20248018038075,32.24070358276367,1636700.0
2017-08-18,32.364933013916016,32.575158139265326,32.13559982733975,32.364933013916016,1312900.0
2017-08-21,32.489164708350486,32.52738812991086,31.82026941178841,32.42227554321289,2544100.0
2017-08-22,32.622944277642695,33.35872876728742,32.575166821470695,33.291839599609375,1751800.0
2017-08-23,32.96694802710607,33.358729002780166,32.90005885895582,33.23450469970703,1936600.0
2017-08-24,33.33960897568807,33.33960897568807,32.642048078114335,32.97649383544922,1382300.0
2017-08-25,33.196280405786155,33.29183530580598,32.85227693341752,32.995609283447266,1323000.0
2017-08-28,33.07205273274479,33.33005531059954,32.88093930709103,33.310943603515625,1437500.0
2017-08-29,32.880942308798815,33.511614119400576,32.71849825153409,33.463836669921875,1522700.0
2017-08-30,33.4733810684516,34.295166085652696,33.44471533605123,34.27605438232422,2326300.0
2017-08-31,34.38118746207096,34.42896492633472,33.769627171046395,34.02762985229492,2195400.0
2017-09-01,34.08495284806004,34.26651227022975,33.82695387636216,34.19962310791016,1044400.0
2017-09-05,34.256948538186506,34.28561792067508,33.416055319018135,33.874725341796875,1460800.0
2017-09-06,33.989625404642254,34.18111698247197,33.53004780928979,34.10451889038086,1473000.0
2017-09-07,34.2481332141438,34.44919769633077,33.846000597372374,34.13323974609375,2184300.0
2017-09-08,33.980061536294464,34.133254108955285,33.434309115516314,33.58750534057617,1704700.0
2017-09-11,33.92260164876813,34.61196982224147,33.92260164876813,34.21941375732422,1753800.0
2017-09-12,34.23855997515886,34.9087786337019,34.142816017823215,34.56409454345703,1829500.0
2017-09-13,34.52579641934539,34.62154036910317,34.1140908610713,34.4970703125,2618500.0
2017-09-14,34.497077662951696,34.99495434305171,34.25771408515736,34.315162658691406,1601800.0
2017-09-15,34.3534679307669,35.368367346926654,34.305595937015795,35.30134582519531,3999600.0
2017-09-18,34.43963006468236,34.678993623869985,33.91302731255115,34.10451889038086,5443000.0
2017-09-19,34.315161022711074,34.86090966187164,34.20984046911901,34.6502685546875,2945700.0
2017-09-20,34.53537422708064,34.61197231961463,33.980052665801495,34.26728820800781,1768200.0
2017-09-21,34.23856080888716,34.51622340527875,34.018346779734564,34.171539306640625,1609000.0
2017-09-22,34.11409587770722,34.98537909726054,34.10451928988462,34.899208068847656,2789300.0
2017-09-25,34.70771518253741,34.79388620770722,33.91302643348277,34.33430862426758,2036200.0
2017-09-26,34.382181495614034,34.53537402739819,33.874731918903656,34.10451889038086,1782400.0
2017-09-27,34.40133164638964,35.72261953988753,34.40133164638964,35.2247428894043,3783200.0
2017-09-28,35.16728428273869,35.6747337238857,34.937497372648274,35.483245849609375,2736200.0
2017-09-29,35.626874039412066,35.87581420564083,35.3204889520523,35.70347213745117,2142900.0
2017-10-02,35.875803868315295,36.29708232894736,35.71303478308196,36.249210357666016,3398300.0
2017-10-03,36.45986299973082,36.47900887240936,35.94283677984761,36.1056022644043,1785200.0
2017-10-04,36.16302846433377,36.38324238786753,36.057707967774974,36.28749847412109,1509800.0
2017-10-05,36.364117505028105,36.39283996812729,36.00986040134305,36.11518096923828,1399600.0
2017-10-06,36.0768574810035,36.392815318283695,36.00983601090176,36.28749847412109,1355500.0
2017-10-09,36.28752001300282,36.35454152288597,36.10560135554998,36.335391998291016,1274000.0
2017-10-10,36.49815819340968,36.708799315680274,36.09602912623684,36.69922637939453,1461700.0
2017-10-11,36.67049592116277,36.98645756713474,36.54602584980429,36.9673080444336,1134400.0
2017-10-12,36.86198800892156,37.302416079985086,36.76624404648098,37.00560760498047,1166100.0
2017-10-13,37.3119921482583,37.3885865866649,36.948158521732445,36.9673080444336,2448900.0
2017-10-16,36.94816258978521,37.23539815713157,36.70879900826351,36.9864616394043,1861600.0
2017-10-17,37.13965170728521,37.53220780869098,36.833266635573295,37.4077377319336,1711400.0
2017-10-18,37.52263176446759,37.65667843113241,36.900288676458565,37.60880279541016,1608000.0
2017-10-19,37.24496651487606,37.42688148176728,36.63219281358427,37.39815902709961,2344800.0
2017-10-20,37.73327668855786,37.79072526579331,37.32157101603354,37.44604110717773,1593600.0
2017-10-23,37.6758202247629,37.73326878997283,37.20666972560749,37.28326416015625,2582300.0
2017-10-24,37.46518217553709,37.819439190856016,37.35028504700304,37.532203674316406,3401700.0
2017-10-25,37.49391505080221,37.79072723673416,36.93859338482483,37.45561599731445,3223200.0
2017-10-26,39.25561803361653,40.45243565659265,38.16412094584592,40.24179458618164,8440000.0
2017-10-27,39.88753302208861,40.98860657002327,39.85881057119545,40.92158508300781,3981000.0
2017-10-30,41.074790251914685,41.074790251914685,40.529041602128814,40.873722076416016,2274200.0
2017-10-31,40.91201211472584,41.7832951753522,40.88328966129338,41.06520462036133,3209800.0
2017-11-01,41.43862048267899,41.43862048267899,40.1173361928356,40.730106353759766,3185900.0
2017-11-02,40.63435307293975,41.00776326185968,40.06945497470426,40.73967361450195,2368400.0
2017-11-03,40.98861966588758,41.17053466699464,40.74925609224226,41.055641174316406,1351500.0
2017-11-06,41.09393003023014,41.64925518585916,40.75882254141794,41.60138320922852,2139500.0
2017-11-07,41.59180368811297,41.7928718196124,41.371589689230206,41.67797470092773,2605700.0
2017-11-08,41.49606405118478,42.166282703527806,41.381170572965296,42.02266311645508,2457800.0
2017-11-09,41.60138731701083,41.92692190359975,41.036489171235885,41.783302307128906,2850500.0
2017-11-10,41.812010288373344,42.03222790068611,41.63967194563646,41.84073638916016,1498900.0
2017-11-13,41.49606731052043,42.44394862437717,41.38117382327656,41.98436737060547,2294200.0
2017-11-14,41.82160360554914,42.02266812951855,41.27585495340461,41.50564193725586,1687900.0
2017-11-15,41.093923440763895,41.17052151300848,40.25136656045616,40.92158508300781,2046100.0
2017-11-16,41.09393453383529,42.041815845553,40.96946811143452,41.9652214050293,2048700.0
2017-11-17,42.08968846855552,42.40565012807364,41.59181181417429,41.71628189086914,1618800.0
2017-11-20,42.089687266129694,42.73118350240153,42.089687266129694,42.53969192504883,1680500.0
2017-11-21,42.07053478701711,42.33862443743247,41.84074783225857,42.14713287353516,1985500.0
2017-11-22,42.14713156022477,42.29074748937432,41.371592394185576,41.43861389160156,1391800.0
2017-11-24,41.58223779398818,41.8694733345318,41.486493831273,41.783302307128906,1006000.0
2017-11-27,41.40031875413713,41.59180666083637,41.02690857031913,41.1513786315918,1891300.0
2017-11-28,41.24726165793204,41.41029622141311,40.90201909560123,41.22808456420898,1825800.0
2017-11-29,41.09382303049114,41.23767685495497,37.99620262666802,39.14702224731445,4806100.0
2017-11-30,39.511467483196974,39.77040229168789,38.59081282524463,38.81138610839844,4259900.0
2017-12-01,38.30309849205734,38.629164084938445,37.305724612382,38.46613311767578,2995300.0
2017-12-04,38.98400260036314,39.18539508616524,37.16187070257213,37.63179016113281,2983900.0
2017-12-05,37.64138156282779,38.63875917523683,37.41121609136568,38.044166564941406,2130100.0
2017-12-06,37.65096141429807,38.4948964035152,37.50711122893432,38.32227325439453,1201200.0
2017-12-07,38.61958807211376,38.99360385570919,38.48532637116741,38.64835739135742,1498300.0
2017-12-08,39.10868153077951,39.30048551258058,38.57163477176451,38.84974670410156,1779400.0
2017-12-11,38.98401521793839,39.24294640728637,38.47573407613669,38.80179977416992,1388200.0
2017-12-12,40.01974081833079,40.134821724278176,38.945643826657694,39.27170944213867,1837700.0
2017-12-13,39.49228181413748,39.67449354931678,38.95523150120843,39.1566276550293,1556300.0
2017-12-14,39.166217295602266,39.79916776921212,39.03195562822382,39.33884048461914,1899600.0
2017-12-15,39.39638118211388,40.36498578520174,39.37720042206633,40.16359329223633,3708600.0
2017-12-18,40.556783589980505,40.815718323904726,40.10604494296183,40.63350296020508,2056900.0
2017-12-19,40.57596791154345,40.99793363073479,40.56637570295065,40.719818115234375,1656300.0
2017-12-20,41.14179363650633,41.53499010534684,40.87326663114377,41.23769378662109,1599900.0
2017-12-21,41.22810188331768,41.49662520849444,40.89244406849081,41.218509674072266,2013900.0
2017-12-22,41.22810461488071,41.29523545062265,40.68146206070813,41.03630065917969,982400.0
2017-12-26,40.59514535916976,40.691045487141466,40.32661841580927,40.39374923706055,1537600.0
2017-12-27,40.47047179087905,40.59514488246255,40.30743718521519,40.56637191772461,1161500.0
2017-12-28,40.84448463633841,41.113007899973326,40.643092188612215,40.83489608764648,1313400.0
2017-12-29,40.88285742909085,40.95957681486156,40.12523383094104,40.15400314331055,1061700.0
2018-01-02,41.91858507641416,42.67620853286813,41.3144076795153,42.36932373046875,2890400.0
2018-01-03,42.38850560501791,42.580309526161166,41.70760516039707,42.551536560058594,2170800.0
2018-01-04,42.70498358765161,42.89678752955556,42.2254755620697,42.75293731689453,1354300.0
2018-01-05,43.00228735882686,43.884580523321816,42.82966414692888,43.74073028564453,2210500.0
2018-01-08,43.7407276382475,44.421628233768985,43.4434313116711,44.29695510864258,2507400.0
2018-01-09,44.412047276676205,44.57507829572735,43.51056959086463,43.54893112182617,1777500.0
2018-01-10,42.98310420936321,42.98310420936321,41.9185956812048,42.47482681274414,4062500.0
2018-01-11,42.53235577976839,42.71457115101875,42.24465172738237,42.70497894287109,1564100.0
2018-01-12,42.63784833744143,43.02145618148941,42.41727510753827,42.77210998535156,2131000.0
2018-01-16,43.21327555887844,44.38327295080257,43.03106012152573,43.45302963256836,4956900.0
2018-01-17,43.96128927584165,45.073747580428645,43.82702763434318,44.84358215332031,3695100.0
2018-01-18,45.0353967296239,45.36146236119227,44.26818455486193,45.2559700012207,2756100.0
2018-01-19,45.361451099367606,45.76423967759051,45.16005863943381,45.47653198242188,1823000.0
2018-01-22,45.53407930581746,45.831375583248736,44.98744047770775,45.81219482421875,2117100.0
2018-01-23,45.99440800776576,46.54104685323095,45.91768862756573,46.43555450439453,2003500.0
2018-01-24,46.12867671106191,46.26294204903797,44.71892541669904,44.87236785888672,4939500.0
2018-01-25,44.83401068336641,44.83401068336641,42.30220831246633,42.96392822265625,7469700.0
2018-01-26,43.58727778881058,45.7642445406781,43.58727778881058,45.74506378173828,5054900.0
2018-01-29,45.70669947629893,45.7930110570863,44.48874879556853,44.93948745727539,2646200.0
2018-01-30,44.21064406936966,45.05457932513648,43.91335139737412,44.43122100830078,2701500.0
2018-01-31,44.85317741274442,45.1504736808292,43.8749806831021,43.9612922668457,2598800.0
2018-02-01,43.75030712433947,44.64219226089813,43.64481478327363,43.98047256469727,1939500.0
2018-02-02,43.62564947016579,43.721549628851065,42.51319080097648,42.5994987487793,2127500.0
2018-02-05,41.89942020729376,43.21327515278454,41.151388675085,41.20893096923828,2798800.0
2018-02-06,40.27867233334105,41.94736179682742,40.03891833135688,41.38154220581055,5311200.0
2018-02-07,41.132203169295614,41.53499186522792,40.259498596191406,40.259498596191406,2639600.0
2018-02-08,40.39375671900569,40.50884128391478,37.98662794084292,38.044166564941406,3627500.0
2018-02-09,38.638747712532094,39.88546752900916,37.63178184762197,39.57858276367188,4432700.0
2018-02-12,39.9621991446679,40.69105342959679,39.74162588059512,40.30744552612305,2195100.0
2018-02-13,38.39899911662914,39.300472783245205,38.370226150746646,38.82096481323242,4196100.0
2018-02-14,38.60039698843444,41.1705603600844,38.52367394648382,40.95957565307617,3088000.0
2018-02-15,41.37195197794481,41.70760979180743,40.43211668417014,41.678836822509766,2339700.0
2018-02-16,41.59252702768886,41.9665427195087,41.22810354550116,41.53498840332031,2213800.0
2018-02-20,41.46786293413633,43.35712239856269,41.30482827450235,43.05982971191406,3265200.0
2018-02-21,43.15572936796484,43.38589486760418,42.24466323852539,42.24466323852539,3502400.0
2018-02-22,42.59061608599592,42.83086098885729,41.783393065747866,42.27349472045898,2207800.0
2018-02-23,42.57139383673524,42.946175279144846,42.148564149424985,42.686710357666016,1283600.0
2018-02-26,42.92696234058972,43.80145740516138,42.6675010420877,43.743797302246094,1501200.0
2018-02-27,43.55160058506719,43.96482215763069,43.013450622558594,43.013450622558594,1817800.0
2018-02-28,43.24406675955258,44.42607081107896,43.04226199447746,43.62845993041992,2217800.0
2018-03-01,43.5900409747476,44.24350748194797,42.74437778910358,43.14799118041992,1946100.0
2018-03-02,42.66748906585674,43.93598164716937,42.09089919608557,43.86871337890625,1378700.0
2018-03-05,43.859100039837685,44.54139454664134,43.57080694768007,44.32036972045898,1894500.0
2018-03-06,44.637494124461575,45.56964165514312,44.54139398439175,45.54081344604492,2116100.0
2018-03-07,45.03149689681858,46.32881766733229,45.03149689681858,46.05013275146485,2731900.0
2018-03-08,46.367257667958434,46.59789434497838,45.86754792261989,46.57867431640625,1886600.0
2018-03-09,47.13603661812145,48.01052768432504,47.13603661812145,47.47238159179688,2435500.0
2018-03-12,47.74146245944726,48.337268730575445,47.34746100607841,47.97209548950195,2057300.0
2018-03-13,48.31803441665382,48.70242757423857,46.92461746856,47.087982177734375,1993200.0
2018-03-14,47.11681097206036,47.85676542688629,46.790077883771566,47.42432403564453,1472600.0
2018-03-15,47.51083498553186,47.89522833136272,47.19371359119104,47.22254180908203,1640300.0
2018-03-16,47.337853025441554,47.7991264549274,47.09760812776385,47.309024810791016,2300300.0
2018-03-19,47.1744754131006,47.27057187967444,46.00207945850457,46.7996940612793,1823200.0
2018-03-20,46.70360312266674,47.25136115482567,46.54023836416311,47.07838821411133,1666100.0
2018-03-21,47.23214390127734,48.32765994497253,47.13604375174959,47.568485260009766,1907100.0
2018-03-22,46.73242405460911,47.203301855402415,45.425491629325904,45.8579330444336,3019400.0
2018-03-23,45.88676875849115,45.98286523719683,43.85910153152828,43.86871337890625,2952700.0
2018-03-26,45.45432896815124,45.83872222900391,44.70476614191895,45.83872222900391,1902500.0
2018-03-27,46.13662243317639,46.20389436820458,43.62846911256079,43.97441864013672,2077900.0
2018-03-28,43.7630097832023,44.118571191861086,42.734761953355424,43.08071517944336,1837100.0
2018-03-29,43.34015938520341,44.49333512994328,43.03264634205206,43.92635726928711,1798600.0
2018-04-02,43.59004445511759,43.8975576988416,41.485496340188135,42.08130645751953,2506900.0
2018-04-03,42.54256280705676,42.97500431423136,41.71611985242218,42.56178283691406,2300700.0
2018-04-04,41.44703723183126,42.8885061469273,41.32210889941967,42.840457916259766,2197500.0
2018-04-05,43.16719651431085,43.51314971390517,41.9755840110924,42.15816879272461,3036700.0
2018-04-06,41.51430854705974,42.25426308456988,40.79357403640192,41.01459884643555,2139400.0
2018-04-09,41.264459142669146,42.32153881093802,40.58216456536259,40.74553298950195,3455000.0
2018-04-10,41.83142999969867,42.331139702403696,40.84162244067746,41.74494171142578,2370300.0
2018-04-11,41.60079721815275,42.41762820475057,41.322112324995246,41.51430892944336,1882300.0
2018-04-12,41.80260499057715,42.177386379819445,41.73533672408985,42.00440979003906,2390700.0
2018-04-13,42.40801941280311,42.40801941280311,41.47586827746714,41.773773193359375,1771100.0
2018-04-16,41.98519293873265,42.6963193800693,41.69689982256488,42.56178283691406,2134600.0
2018-04-17,43.10953882563288,43.30173544930179,42.82124572305237,42.97500228881836,2280000.0
2018-04-18,42.53295109815494,42.53295109815494,41.28367848011614,41.66807174682617,3693600.0
2018-04-19,40.59177429861743,40.85123552876039,39.2560097601913,39.83259963989258,6008900.0
2018-04-20,39.67884329736962,40.034404675740255,39.0349851445866,39.30406188964844,5931200.0
2018-04-23,39.50586647988884,40.072844512124185,38.75630366860492,38.871620178222656,2839600.0
2018-04-24,39.51546876777928,40.092058561559966,38.765906068294086,39.88064193725586,5928300.0
2018-04-25,35.59467732147536,35.98867872292701,33.00964042813939,33.345985412597656,20189000.0
2018-04-26,33.374817984425704,34.06672440556768,32.42345032120141,32.72135162353516,7442600.0
2018-04-27,32.81744148051203,32.81744148051203,31.75075397111499,31.904510498046875,6685700.0
2018-04-30,31.86607857770325,31.86607857770325,30.97236739138271,31.27988052368164,5860300.0
2018-05-01,31.23181686492431,32.26006408074815,30.808987433226054,32.2024040222168,4886000.0
2018-05-02,32.43305903924304,33.27872204951795,32.24086240065611,32.99042892456055,7632600.0
2018-05-03,32.64446431295759,33.56700345712577,32.298511217433344,33.51895523071289,5253000.0
2018-05-04,33.18262077408968,34.34540874855025,33.01925601962047,34.306968688964844,5250900.0
2018-05-07,34.53760073664328,34.81628566197605,34.18203936016276,34.72979736328125,4589000.0
2018-05-08,34.66251978304328,34.75861623762667,34.33578670527709,34.681739807128906,3435900.0
2018-05-09,34.89316334916087,35.40248125831593,34.79706320961101,35.239112854003906,3210500.0
2018-05-10,35.43130682919806,35.63311527430425,34.94120898444352,35.248722076416016,2740500.0
2018-05-11,35.10456547713227,35.42169034088667,34.6817359913041,34.91237258911133,1542900.0
2018-05-14,35.21989703379319,35.75804316016976,35.1430169209705,35.21028518676758,1703300.0
2018-05-15,34.85472250245419,34.96043082063767,34.066719705253306,34.47032928466797,2354700.0
2018-05-16,34.614474262050194,36.276967984067646,34.614474262050194,36.094383239746094,4451500.0
2018-05-17,36.1808854040769,36.65176338120267,35.892588575481504,36.24815368652344,3260800.0
2018-05-18,35.71960598258698,36.0943910640351,35.27755629576612,35.93102264404297,3953300.0
2018-05-21,36.363463819785615,36.79590532073803,36.2097072489854,36.6901969909668,2716400.0
2018-05-22,37.06497476685466,37.382099725056285,36.76706983634818,36.8247299194336,2334100.0
2018-05-23,36.37307732247776,36.99771554476691,36.29620085875471,36.96888732910156,1655900.0
2018-05-24,37.103417925403726,37.29561455258411,36.52682804386258,37.01692962646485,1732100.0
2018-05-25,37.045750547975366,37.38209549581963,36.81511757341734,37.218727111816406,1564600.0
2018-05-29,36.7959118260648,37.40132636858653,36.51722684664254,37.0457649230957,3093600.0
2018-05-30,37.48884275190474,37.864504866198494,36.96870227523699,37.15171432495117,2499700.0
2018-05-31,37.12281066451244,37.70074603619584,36.48708028589131,36.51597595214844,3651400.0
2018-06-01,36.93981497255457,37.90304356296721,36.7086421685338,37.86451721191406,5614300.0
2018-06-04,37.72965595838953,38.20163950732528,37.594804565672135,37.874141693115234,3010000.0
2018-06-05,38.20163381956776,38.2690595058876,37.64296332228566,38.00898742675781,3077700.0
2018-06-06,37.95119727918704,38.17273935186437,37.62369950339782,38.16310501098633,1748600.0
2018-06-07,38.17273564573592,38.56765907163122,37.13244739737322,37.38288879394531,2309600.0
2018-06-08,36.891656327663775,37.37327064962916,36.30408626695789,37.26731491088867,3090800.0
2018-06-11,37.42141621718837,37.806708988754266,37.22877350582961,37.58516693115234,1601000.0
2018-06-12,37.61405407262438,37.78743541306613,37.15170505625417,37.65258407592773,2981900.0
2018-06-13,37.76817684128628,38.26905594623238,37.47920911616229,37.49847412109375,2805300.0
2018-06-14,37.52736876563191,37.86450083108251,37.26729671780106,37.61405944824219,2524000.0
2018-06-15,37.44068738438179,37.91267092349757,37.44068738438179,37.89340591430664,3188900.0
2018-06-18,37.44067808302162,37.681485126447534,37.26729671780106,37.61405944824219,1418900.0
2018-06-19,36.87237575813249,37.63332694766981,36.54487801038378,37.556270599365234,2164700.0
2018-06-20,37.68149632544469,38.04752416907478,37.54664492895596,37.7585563659668,1530500.0
2018-06-21,37.94156858153189,38.095684988683104,37.48885002796426,37.6622314453125,2277800.0
2018-06-22,37.79707947993021,37.93193085177884,37.02649391321068,37.37325668334961,3567900.0
2018-06-25,36.91091675242711,37.07466751223795,35.69725042871387,36.28481674194336,2795800.0
2018-06-26,36.49671676126548,37.10355157025675,36.30407038188781,36.65083312988281,2367200.0
2018-06-27,36.804947856095566,37.07465424495842,35.89951469017632,35.90914535522461,2321900.0
2018-06-28,35.69725042871387,36.50636253599777,35.44680895475028,36.28481674194336,2244400.0
2018-06-29,37.20951420853292,37.31546992069059,36.64120930421657,36.67010498046875,2830900.0
2018-07-02,36.09216002553955,36.99759316548359,36.03436501363614,36.90127182006836,2074100.0
2018-07-03,37.19024583703629,37.42141857500199,36.36186889807294,36.42929458618164,1614300.0
2018-07-05,36.853119261956834,37.76818703381957,36.65084216722374,37.7585563659668,3324000.0
2018-07-06,37.61405410775858,38.1149331279,37.305821429890536,38.0667724609375,1777400.0
2018-07-09,38.288322398121096,38.72177583939975,37.9800896564172,38.70251083374024,1895500.0
2018-07-10,38.76030676208937,39.2611822233172,38.47133534482628,38.63508605957031,1910100.0
2018-07-11,37.98008673654693,38.21125943784048,37.34435629635393,37.440677642822266,2905900.0
2018-07-12,37.98009727459471,38.36539011622,37.72965582521081,38.288330078125,2227600.0
2018-07-13,38.14384553369774,38.48097769924196,37.88377708307716,38.12458419799805,1660500.0
2018-07-16,38.14383362345159,38.52912635678901,38.01861660837718,38.365379333496094,1605600.0
2018-07-17,38.07640922903612,38.895155396354895,37.92229286539389,38.83736038208008,1734600.0
2018-07-18,39.33823154901457,39.93543187838527,39.107055212961576,39.858375549316406,3820500.0
2018-07-19,39.64647038026892,39.64647038026892,38.28831884008804,38.55802154541016,2928700.0
2018-07-20,38.548400493209954,38.85663328313228,38.28832838775837,38.74104690551758,2348400.0
2018-07-23,38.45207211196849,39.38640474217862,37.78744590534675,39.2322883605957,3071000.0
2018-07-24,39.74279505507656,40.08955780492955,38.59655478699503,38.89515686035156,2748300.0
2018-07-25,42.96961138488657,44.11585164130047,40.40742447246063,41.38028335571289,9627000.0
2018-07-26,41.61146305946361,42.81549842765165,41.428447331867446,42.401309967041016,4885400.0
2018-07-27,42.60358350551266,42.90218557493424,42.29535077068834,42.62284851074219,3946800.0
2018-07-30,42.64211868877575,42.85403009758291,41.60183032673096,41.63072967529297,2385400.0
2018-07-31,41.775216205160646,42.27609543238815,41.659629821777344,41.659629821777344,2745400.0
2018-08-01,41.58255299423252,42.16049202665522,41.38991032451501,41.69814300537109,2132600.0
2018-08-02,41.23580171054873,42.10270490998165,40.7060232462894,41.96785354614258,1352400.0
2018-08-03,41.99674964630178,42.20866103417107,41.804106938519645,42.1412353515625,2880700.0
2018-08-06,42.35314323044212,42.43019957228597,41.92932048981757,42.36277389526367,1609100.0
2018-08-07,42.38204718973989,42.77697066430367,42.17013577797535,42.39167785644531,1375300.0
2018-08-08,42.48799470495519,42.87328376411452,42.01601129003702,42.31461334228516,1271300.0
2018-08-09,41.90042407358945,42.025644760579056,41.052782281882784,41.13947296142578,2558300.0
2018-08-10,40.590438909858086,40.88904099782185,39.868017703799126,40.17625045776367,3244400.0
2018-08-13,40.42668973070624,40.53264542323734,40.06066197680535,40.08955764770508,2207500.0
2018-08-14,40.36889964171175,40.85051381241908,40.20515258739503,40.34000396728516,2371400.0
2018-08-15,39.92580914220564,40.07992550536551,38.721773906761705,38.885520935058594,2693500.0
2018-08-16,39.21302675752532,39.46346819585264,38.65435620370038,38.74104690551758,2303700.0
2018-08-17,38.38463849945646,38.44243350852634,37.53700041297324,37.81633377075195,3744200.0
2018-08-20,37.84523572494467,38.0571434239816,37.4021516480938,37.71038436889648,2128500.0
2018-08-21,37.93192204165023,38.77956008908907,37.78743636284271,38.413536071777344,2065800.0
2018-08-22,38.25943099847494,38.529133758971895,38.00898957136389,38.461708068847656,1255700.0
2018-08-23,38.47133276122866,39.13596256699056,38.44243709121257,38.78919982910156,1876200.0
2018-08-24,39.17449333959297,39.3478747281768,38.952951270719055,39.2322883605957,1526500.0
2018-08-27,39.540523051052,40.24367930594892,39.49236236841445,40.14735794067383,1916000.0
2018-08-28,40.24367851769109,40.37852989620468,39.8198593745877,40.166622161865234,1434700.0
2018-08-29,40.359271997127,40.359271997127,39.76206773514589,39.99324417114258,1563000.0
2018-08-30,39.887281562022295,39.9836029169544,39.569418151207046,39.60794448852539,1127400.0
2018-08-31,39.68501123386942,39.762067595982096,39.33824841830042,39.67537689208984,1460700.0
2018-09-04,39.578831967495816,40.08080783922384,39.39541919382338,39.77190017700195,1598300.0
2018-09-05,39.63676837953579,39.86844737173388,39.24098005893213,39.491966247558594,2305800.0
2018-09-06,39.453343244323456,39.52091657583983,37.98602977823736,38.21771240234375,2584800.0
2018-09-07,38.2177068003517,38.88378826300826,38.07290472120165,38.32389450073242,2205600.0
2018-09-10,38.85483846715507,38.85483846715507,37.92811525334633,38.08256912231445,1431600.0
2018-09-11,37.850882541100766,37.918455871592215,37.17514555371597,37.22341537475586,2553700.0
2018-09-12,36.35460764729217,36.6055937600535,35.176894798445005,35.398921966552734,5786800.0
2018-09-13,35.823673123996805,36.721437241212726,35.756099797537125,36.11327362060547,2704800.0
2018-09-14,36.37392001686656,36.77936002962444,35.89125123074303,36.23877334594727,1875200.0
2018-09-17,36.190496858577056,36.48009731097318,35.83331940756795,35.92985534667969,1446100.0
2018-09-18,36.065007705112045,36.36425995769771,35.92020561468857,36.18084716796875,2304300.0
2018-09-19,36.19050919487024,36.35461482359471,35.49546492622351,35.842987060546875,1747300.0
2018-09-20,36.15189622793011,36.7697117432613,35.9298690072624,36.4608039855957,2238600.0
2018-09-21,36.489759381838375,37.05930869500535,36.35461271133615,36.88554763793945,4410700.0
2018-09-24,36.74074840709879,37.25237612921131,36.53802472331621,37.11722946166992,1466700.0
2018-09-25,36.97242416477383,37.2620246677153,36.01674213681992,36.17119598388672,2130200.0
2018-09-26,36.06501123512526,36.383570709779065,35.71748913006984,35.756103515625,1690300.0
2018-09-27,35.929878489754536,36.1712129692774,35.72715472827668,35.8526496887207,1306200.0
2018-09-28,35.678862522088394,35.92019682542904,35.3699549084099,35.69816970825195,3793900.0
2018-10-01,36.1518951988152,36.35461521854923,35.42789197193294,35.6209602355957,2321900.0
2018-10-02,35.42789039805519,36.045705868353046,35.42789039805519,35.64991760253906,1767200.0
2018-10-03,35.45684331601831,35.698177673205315,34.56873464915576,35.33134841918945,2739400.0
2018-10-04,35.041755075108185,35.051410513548475,34.37567343908953,34.69423294067383,2525100.0
2018-10-05,34.74250067179868,34.9934868190413,33.59374660978553,33.7288932800293,3306100.0
2018-10-08,33.10142101644304,33.719236376063705,32.493257410735815,33.323448181152344,2022200.0
2018-10-09,33.24623089782108,33.371725836841506,32.65737796158646,32.82148361206055,2855400.0
2018-10-10,32.078166974641306,32.840784537912576,31.286590462691827,31.325204849243164,4942500.0
2018-10-11,31.35416499935472,32.52222261876107,31.35416499935472,31.518274307250977,3868000.0
2018-10-12,32.37742961033359,32.667030204130384,31.43139903994603,32.09748077392578,2475100.0
2018-10-15,31.92371968115344,32.59945685499351,31.90441248390414,32.09748077392578,2609400.0
2018-10-16,32.53186829161707,33.4296322902581,32.29053396257313,33.39101791381836,2316500.0
2018-10-17,34.06676666629314,34.48186215177988,32.8987089896774,32.956626892089844,2627300.0
2018-10-18,31.46034366316288,32.09746615227005,30.89079449241028,31.65341186523437,3404800.0
2018-10-19,31.701684737144365,32.07816578589184,31.383121583607,31.634111404418945,3068600.0
2018-10-22,31.856134526848784,31.97197398494573,30.968025877322223,31.17074584960937,2510100.0
2018-10-23,30.234368146152036,31.46034712954755,29.742045833735684,31.08386611938477,4169900.0
2018-10-24,29.88684967155912,31.19005757386201,29.172500105331626,29.182153701782227,7696500.0
2018-10-25,30.359859698565906,32.09746615227005,30.195752279175583,31.65341186523437,7263100.0
2018-10-26,30.823222562454674,31.72098661242674,30.774954589145203,31.228662490844727,5828500.0
2018-10-29,31.769248659064463,32.66701259358659,30.852177537701404,31.30588722229004,4901600.0
2018-10-30,31.47000983418211,32.84079138269244,31.32521137814113,32.81183242797852,3441300.0
2018-10-31,33.526164085494784,33.7192322825553,33.10141699793729,33.2558708190918,2502000.0
2018-11-01,33.593743623545926,34.974176516846335,33.07246049968348,34.93556213378906,3791200.0
2018-11-02,34.964521289271175,35.186548446091045,34.22121106036821,34.858333587646484,2154500.0
2018-11-05,34.9934852241505,35.08036574855755,33.806120512234386,34.54943084716797,1525700.0
2018-11-06,34.462548829983334,35.04174984596144,34.33705392628232,34.93556213378906,1573400.0
2018-11-07,35.44718605607942,35.505103936027204,34.481848777275246,35.29273223876953,1499500.0
2018-11-08,35.07071810233768,35.64991921126101,35.06106266378881,35.476158142089844,1388500.0
2018-11-09,35.138282179612645,35.36030933558779,33.921955016046354,34.35635757446289,1386100.0
2018-11-12,33.79646711320432,33.79646711320432,32.49326285096797,32.86009216308594,2475300.0
2018-11-13,33.16899706256262,33.883344749805666,32.7635533980036,32.840782165527344,2435000.0
2018-11-14,33.36206644472672,34.018496261342456,33.18830539430077,33.680625915527344,3088400.0
2018-11-15,33.44894466597957,35.36996416091179,33.41033028355123,35.23481750488281,2248300.0
2018-11-16,34.37566479022564,35.34100217301223,34.13433044452899,35.14793395996094,1644800.0
2018-11-19,34.87762903639483,35.17688116845088,33.86402585908925,34.06674575805664,1761300.0
2018-11-20,32.695991269231044,34.250185764642026,31.943028940262867,34.0571174621582,2970700.0
2018-11-21,34.443245925405925,34.92591472628608,33.999191512389146,34.56874084472656,1306400.0
2018-11-23,34.086065733649484,35.07071034705876,34.086065733649484,34.617000579833984,315000.0
2018-11-26,35.22517099357985,35.47615715178152,34.684580606529906,35.35066223144531,1202400.0
2018-11-27,35.1184186385428,35.360347666874105,34.80874977760225,35.099063873291016,1806200.0
2018-11-28,35.30226885325149,35.38936341529536,34.79905623828056,35.224853515625,5100900.0
2018-11-29,35.21517802983475,35.35065765372121,34.20875269304553,34.22810745239258,2763700.0
2018-11-30,34.092636078344185,34.55713934044659,33.66684234430293,34.537784576416016,3284500.0
2018-12-03,35.45710011630281,35.93128239959898,34.24745557799258,34.79905319213867,4077800.0
2018-12-04,34.634551960052555,34.711967310244134,33.308778556919606,33.376522064208984,2914400.0
2018-12-06,32.35073472888261,32.728143244699744,31.770106810939676,32.718467712402344,3373200.0
2018-12-07,32.82492610092022,32.82492610092022,31.24755162343182,31.55722045898437,2759000.0
2018-12-10,31.46044240847005,32.05074970043893,31.315287237825007,31.808820724487305,1865200.0
2018-12-11,32.25396582003795,33.07652268248138,31.837847776719297,31.89590835571289,1697200.0
2018-12-12,32.515250679898834,32.94104801120261,32.02171722680205,32.28300094604492,2052100.0
2018-12-13,32.24429057557427,32.45718923560741,31.79914218781668,31.93462181091309,1818900.0
2018-12-14,31.42173385478179,32.06042614828121,31.160450140412543,31.46043968200684,1651800.0
2018-12-17,31.26690219924637,31.77979044727022,30.715302583305625,30.773365020751957,2786900.0
2018-12-18,31.02497357452564,32.18622971969042,30.84110703379635,30.928199768066406,2799000.0
2018-12-19,30.7443359579472,31.373349106090917,29.573398706893045,29.61210823059082,3957700.0
2018-12-20,29.689522296611287,30.328214603996827,28.92502589626622,29.699199676513672,4532700.0
2018-12-21,29.20567095647469,29.57340224676174,28.55730112310202,28.60568618774414,6730500.0
2018-12-24,28.39278515540086,28.915350790834072,27.95731225439682,28.005699157714844,1564500.0
2018-12-26,28.41213721836563,29.525010048185333,27.802475214860905,29.50565528869629,2139300.0
2018-12-27,28.876640874921662,29.970158964317186,28.71212910793952,29.92177391052246,2333700.0
2018-12-28,30.792721848259937,30.928201493317,29.98951766755988,30.183061599731445,2745900.0
2018-12-31,30.589498425490053,30.73465543296424,29.91209659624852,30.36692237854004,2307400.0
2019-01-02,29.55404174108985,31.13141585442473,29.55404174108985,30.71529960632324,2411000.0
2019-01-03,29.93145014574799,30.202409389870347,28.62503343976625,28.64438819885254,4214200.0
2019-01-04,29.24436785808829,30.23143831738765,29.05082582509724,30.0959587097168,3446100.0
2019-01-07,30.202408667280928,30.715298696168205,29.66048834623018,30.144346237182617,2407500.0
2019-01-08,30.24112266488449,30.570146227140164,29.418563759245306,29.786296844482425,1889000.0
2019-01-09,30.008866008542643,31.3539921731802,30.008866008542643,30.870132446289062,2651100.0
2019-01-10,30.608854485724656,31.276579003663908,30.454020082401303,31.131420135498047,1589600.0
2019-01-11,30.87980666265217,31.60559340999581,30.87012928452839,31.2862491607666,1403900.0
2019-01-14,30.10563841524211,30.821747868780104,29.844354712448546,30.473369598388672,2764700.0
2019-01-15,30.51207701289929,30.94754797510955,30.434659829899385,30.7636833190918,2224400.0
2019-01-16,30.77336051172846,31.266897617908043,30.66691303296919,30.68626594543457,1639700.0
2019-01-17,30.434664313142008,31.26690053731375,30.33789235869412,31.07335662841797,2838300.0
2019-01-18,31.295943405144094,32.292689952829654,31.266913099186493,31.837865829467773,2448500.0
2019-01-22,31.42173659628432,31.52818593641226,30.608853243177684,30.773365020751957,2152500.0
2019-01-23,31.170125352671345,31.402378771339333,30.49272539316589,30.89916610717773,4397800.0
2019-01-24,33.57974071652546,36.26031406267087,32.95072393772264,34.87648010253906,10477600.0
2019-01-25,34.66358809230206,35.74742901830523,34.353919256301154,35.56356430053711,3998100.0
2019-01-28,34.84744632772041,36.07644590702991,34.14101419628293,35.58291244506836,3644000.0
2019-01-29,35.57323656346469,35.75710495585853,35.11841257893074,35.16679763793945,2010700.0
2019-01-30,35.63129830407277,35.99903137105005,34.98293043827323,35.708717346191406,2711600.0
2019-01-31,35.37969608747277,35.882908819145854,34.750679249995585,34.82809829711914,3874500.0
2019-02-01,35.070021782194424,35.93128824288712,34.84744390239174,35.5732307434082,2990100.0
2019-02-04,35.57322977858156,35.73774337768555,35.26356103013687,35.73774337768555,1650300.0
2019-02-05,35.81515680873553,36.28933913099252,35.650646909948755,36.14418029785156,1694900.0
2019-02-06,36.34740569399951,37.66349604189118,36.34740569399951,37.257057189941406,2701400.0
2019-02-07,36.79256066838071,37.11190501059774,36.105483233466565,36.4248275756836,2275700.0
2019-02-08,36.03773851504256,36.64739681956943,35.84419461405534,36.32805252075195,1767300.0
2019-02-11,36.25063653313856,36.76352846763052,36.06677184208261,36.64739990234375,1421300.0
2019-02-12,36.98609749303726,37.70220508748688,36.8312631192474,37.6538200378418,1707600.0
2019-02-13,37.74091902338297,38.18606743871407,37.72156426294991,37.886077880859375,2877200.0
2019-02-14,37.84737194955545,38.602189220318536,37.74092260284918,38.25381088256836,1820800.0
2019-02-15,38.28284923591286,38.80541311056594,38.22478494248747,38.48606872558594,1742100.0
2019-02-19,38.70863337387669,39.49248452865316,38.62153880112376,39.07636642456055,2569900.0
2019-02-20,39.35701030389911,39.95699691772461,39.13443605356144,39.95699691772461,2340100.0
2019-02-21,40.00547655037749,40.00547655037749,39.58844946855046,39.86000061035156,1812200.0
2019-02-22,39.35570095826954,40.015181917471104,39.27811278682957,39.99578857421875,1578000.0
2019-02-25,40.43220670959939,41.20807357989138,40.31582815889856,40.800743103027344,2211600.0
2019-02-26,40.54857612899032,40.88801500262775,40.12184874543897,40.21883392333984,1689200.0
2019-02-27,40.06366803412405,40.1703461982347,39.51086537632132,39.97638320922852,1204300.0
2019-02-28,39.52056780874008,39.782422321609765,39.3363014624721,39.5981559753418,1473600.0
2019-03-01,40.1315636010191,40.38371775537962,39.491475994218845,39.76302719116211,1521000.0
2019-03-04,39.89879811819955,40.19944669362017,38.88047754928181,39.41388320922852,1849300.0
2019-03-05,39.36540347005675,39.44298795339934,39.1132492746831,39.18113708496094,1182500.0
2019-03-06,39.132634531454414,39.26841382355047,38.705910712260525,38.73500442504883,1392000.0
2019-03-07,38.56042875875483,38.57012912791559,37.4354264105511,37.69728088378906,2503500.0
2019-03-08,37.12508847873898,37.658497899094776,36.85353728263609,37.58090972900391,2199600.0
2019-03-11,37.7457712847244,38.50224098923447,37.69728053818567,38.33736801147461,1230800.0
2019-03-12,38.3858607345347,38.5895240806193,37.95913330509271,38.39555740356445,1261900.0
2019-03-13,38.59922145092639,38.59922145092639,37.66818582367587,38.41495513916016,2189400.0
2019-03-14,38.43435584061624,38.62832253968338,38.01732873248436,38.0852165222168,1690500.0
2019-03-15,38.31797965620768,39.36539777691325,38.085222540233765,39.23931884765625,3890300.0
2019-03-18,39.21991943501733,39.69513770912969,38.87078378215158,39.17142868041992,2611400.0
2019-03-19,39.34599968916405,39.54966308513495,39.06474812352374,39.3169059753418,1535300.0
2019-03-20,39.33629699305019,39.33629699305019,38.017327907542544,38.3858642578125,3597000.0
2019-03-21,38.33737088792642,39.64664334034767,38.250086057765,39.28780364990234,4585400.0
2019-03-22,39.1132337094014,39.4914667017465,38.3955581011416,38.41495513916016,3130500.0
2019-03-25,38.22099258960807,38.58952895257965,37.91064734698163,38.31797409057617,1204800.0
2019-03-26,38.25008100138688,38.98715362522708,38.25008100138688,38.599220275878906,1219300.0
2019-03-27,38.58952559603032,38.8513800653964,37.68758365697165,38.11430740356445,1510600.0
2019-03-28,38.1822001630259,38.51194246004832,37.83306082504835,38.03672790527344,1060400.0
2019-03-29,38.453749434254384,38.73499723810886,38.30827349808983,38.63801574707031,1160700.0
2019-04-01,38.91927594573617,40.635875357803386,38.91927594573617,40.519493103027344,2904800.0
2019-04-02,40.47100670420137,40.91712763005417,39.92790055559277,40.75225830078125,2232900.0
2019-04-03,41.41172437244411,42.41064766963564,41.01409438718868,42.28456878662109,2964600.0
2019-04-04,42.15849850707238,42.43004964089999,41.69298069210789,42.31367111206055,1693500.0
2019-04-05,42.56582393216759,43.06043913922397,42.32336651291432,42.8179817199707,1576000.0
2019-04-08,42.788882163524505,43.03133957059281,42.31366771745023,42.97315216064453,1270400.0
2019-04-09,42.72100021567336,42.866476159610094,42.216688296194775,42.38156127929688,2599800.0
2019-04-10,42.35247125900251,42.74040471076965,41.828765908606734,42.59492874145508,2886000.0
2019-04-11,42.67250251484854,42.876165843491165,42.07120919712,42.29426956176758,1536500.0
2019-04-12,42.91496280021944,43.011944287156965,42.49793574709624,42.80828094482422,1273600.0
2019-04-15,42.67250232601912,42.91495972559876,42.09060604687047,42.61431121826172,1364100.0
2019-04-16,43.13803030505908,43.84600563553919,42.67251243157656,43.7684211730957,1836400.0
2019-04-17,44.08845334567711,44.1951351951085,43.22530558152331,43.496856689453125,2130200.0
2019-04-18,43.64234281485489,43.82660915265901,43.24471272830384,43.45807647705078,1430600.0
2019-04-22,43.36108113548822,43.525954093593015,43.18651150907437,43.496856689453125,1701100.0
2019-04-23,43.29320358179847,43.53566104244887,43.02165240974434,43.24471282958984,3200600.0
2019-04-24,45.30074125629445,47.95807607776522,44.57336903175688,46.5421257019043,10154900.0
2019-04-25,46.99795246488428,47.40528291546854,46.09601043102683,46.69730758666992,3959400.0
2019-04-26,46.435450924918726,48.03566784293434,45.95053603468242,47.28889846801758,2745800.0
2019-04-29,47.29860278389292,47.78351771458741,47.04644494815169,47.61864471435547,2018300.0
2019-04-30,47.36648342995673,47.85139828747078,46.95915302584941,47.52165603637695,1665400.0
2019-05-01,47.841711980298655,48.3266269428416,47.26951217651367,47.26951217651367,1748100.0
2019-05-02,47.21131702259051,47.948386074965306,46.89127139879659,47.48286819458008,1744700.0
2019-05-03,47.76412051510684,47.96778389741778,47.46347192721403,47.93869018554688,1907500.0
2019-05-06,46.4839432479505,47.42467935073616,45.95053759055104,47.11433410644531,1913700.0
2019-05-07,46.580924245689424,46.677909445735935,45.57230406245544,46.66820907592773,2142300.0
2019-05-08,46.30937166021029,47.2888981031018,46.24148387206964,46.7360954284668,2212400.0
2019-05-09,45.91173050638924,46.72638746681666,45.23284908943204,46.52272415161133,2156400.0
2019-05-10,46.25117883585855,47.15312078743576,45.78566100594884,46.79428482055664,1570800.0
2019-05-13,45.009800636612944,45.4656218241235,44.05936788149435,44.37940979003906,2008200.0
2019-05-14,44.971011189047175,45.45592613648019,44.495796612343,44.835235595703125,1351600.0
2019-05-15,44.28242541242727,45.8729455808729,44.11755613380864,45.37833404541016,1103300.0
2019-05-16,45.33954230050036,45.99902684811256,44.74794554164761,45.55290603637695,1850100.0
2019-05-17,45.097086535448845,45.5044132831834,44.43760196326296,44.51519012451172,1363900.0
2019-05-20,42.77919199190572,43.642339900217344,42.488243799159,42.50764083862305,2847300.0
2019-05-21,43.08954407743856,43.593856084892806,42.391265344100745,42.59492874145508,3962700.0
2019-05-22,42.17790251129357,42.5852292793095,41.848160208782296,42.187599182128906,2182700.0
2019-05-23,41.50871134853923,41.702678032799184,40.4321997655229,41.03349685668945,2309800.0
2019-05-24,41.25655810945824,41.59599703928976,40.587373219780574,40.62616729736328,2065600.0
2019-05-28,40.7039243412407,40.976060177856446,40.16937021607148,40.41234970092773,1804500.0
2019-05-29,39.965270289435615,41.18016788572562,39.77088593251457,41.13157272338867,2195800.0
2019-05-30,41.18987448968249,42.0937582763768,41.18987448968249,41.355098724365234,1508300.0
2019-05-31,40.83999015409732,41.7244352850748,40.80111254870716,40.95661926269531,2178500.0
2019-06-03,41.25792604577288,41.69528995305711,40.71365054919991,41.11213684082031,1700300.0
2019-06-04,41.68556209529609,43.13372153511212,41.33567102486683,43.07540512084961,2226900.0
2019-06-05,43.31838288415961,43.53220602031968,42.38534253876202,43.28922653198242,1901600.0
2019-06-06,43.4836166727118,43.89182048801136,43.23091589484452,43.62940216064453,1994900.0
2019-06-07,43.83350284932276,44.24171036084368,43.63912220415134,43.94041442871094,1743000.0
2019-06-10,44.377773015045584,45.90368388502884,44.377773015045584,45.59267044067383,2702900.0
2019-06-11,46.321611583824144,46.58402988789518,45.60239063478803,46.03003692626953,1614700.0
2019-06-12,45.34969547243308,45.43716824409362,44.13479792579956,44.173675537109375,1546400.0
2019-06-13,44.44579921047419,44.75681260050133,43.51275904039279,43.82377243041992,1617700.0
2019-06-14,43.15315706861932,43.17259216432729,42.23955185229412,42.79354476928711,1733300.0
2019-06-17,42.76439870845374,43.49333732280238,42.47282400422898,42.85187149047852,1694000.0
2019-06-18,42.86157938680517,44.5818745741086,42.86157938680517,44.53327941894531,1725400.0
2019-06-19,44.86373735892042,44.89289371420448,44.16395517151779,44.193115234375,1357600.0
2019-06-20,45.0775601388857,45.19418926661456,44.30974399056008,44.90261459350586,1048000.0
2019-06-21,44.630474111519234,44.91233122974345,44.48468863171478,44.7568244934082,2304200.0
2019-06-24,44.64019944558923,45.097002147362645,44.64019944558923,44.9317741394043,987900.0
2019-06-25,45.1358723178022,45.55379737044997,44.15423673145447,44.173675537109375,1422900.0
2019-06-26,44.93176323400738,45.485756130068296,44.39720914049259,44.64990615844727,1296400.0
2019-06-27,44.96092990380816,45.66071212579802,44.96092990380816,45.33998107910156,1241200.0
2019-06-28,45.70930533489354,46.768696172293545,45.57323739923039,46.56459426879883,5009100.0
2019-07-01,48.01275228979509,48.37236092370912,47.02139545171018,47.45875930786133,2527700.0
2019-07-02,47.20605556708938,47.31296713713872,46.06891332035985,46.21469879150391,1474800.0
2019-07-03,46.32161657365265,46.37021173721767,45.63155561133872,45.97172546386719,1039900.0
2019-07-05,45.64126559618441,45.83564992579947,44.98036110003683,45.59267044067383,1370300.0
2019-07-08,45.3205422720937,45.67043338308862,45.0095287751145,45.33998107910156,1501800.0
2019-07-09,44.90261159118883,45.27194146313773,44.426370147814765,45.04839706420898,2416300.0
2019-07-10,45.53435426176233,46.156384861217695,44.45552845666305,44.630470275878906,2452600.0
2019-07-11,44.60131397993453,44.70822554728097,43.32810384263025,43.99872589111328,2171100.0
2019-07-12,43.99872555753342,45.04839500405186,43.95984795014351,44.96092224121094,1401800.0
2019-07-15,45.17475128173828,45.42745205524536,44.80542137838272,45.17475128173828,1513500.0
2019-07-16,43.91125780615759,44.57216237692225,42.56029230954466,43.89181900024414,2547400.0
2019-07-17,44.18338096746904,44.46523801079739,43.54191538709157,43.82377243041992,1770900.0
2019-07-18,43.88208702584495,45.01922899117378,43.59050874056606,44.99979019165039,2360100.0
2019-07-19,44.99007285861443,45.27192989167972,44.49439273735176,44.66933822631836,1436400.0
2019-07-22,45.09699276680416,45.92312151203393,45.08727151140752,45.524635314941406,1815600.0
2019-07-23,45.82592722930038,46.87559655917771,45.68985561855624,46.73952865600586,2831200.0
2019-07-24,51.80322834646792,56.96411423010949,51.638004067098095,56.31292724609375,16165100.0
2019-07-25,55.53539554773421,56.07967097834657,54.184430081514414,54.33021926879883,5353700.0
2019-07-26,54.66065502975651,55.661729110054296,54.456549487718966,54.76756286621094,2406300.0
2019-07-29,54.73841917873851,56.39068045129151,54.62179006172676,55.972755432128906,3573900.0
2019-07-30,55.22438514742463,56.12826926069624,54.0386439004289,55.74922180175781,2914200.0
2019-07-31,55.73949166122817,55.73949166122817,53.50408116940719,54.16498565673828,3704000.0
2019-08-01,54.81616379867819,55.50622452666428,52.53215481098289,53.26109313964844,2621700.0
2019-08-02,52.7751501484149,53.22223156816212,51.67688169766789,51.96846008300781,2282500.0
2019-08-05,50.39394234394933,51.006251667720505,49.67472516402868,50.27731323242188,2792500.0
2019-08-06,51.17147596701224,51.47276812579052,49.30539177869004,49.82050704956055,4784800.0
2019-08-07,49.4997805072875,49.655287227897,48.48898496953939,49.03326034545898,6208200.0
2019-08-08,49.84967909900072,51.15204947152485,49.528944353699146,50.92850875854492,3713700.0
2019-08-09,50.47169783036775,51.035408295451006,49.577531416948354,50.7049560546875,1865700.0
2019-08-12,50.306469619649285,51.61856102867555,49.86910952421314,50.782711029052734,2036200.0
2019-08-13,50.267598943911096,52.82374055331002,49.65528958043847,52.07536697387695,2051500.0
2019-08-14,50.78271071237481,51.38529877744438,49.820510351755765,49.84967041015625,2135700.0
2019-08-15,50.08293442224778,50.85075054844897,49.869114978834894,50.56889343261719,1596100.0
2019-08-16,50.83130275745261,51.91984971013241,50.83130275745261,51.46305084228516,1200100.0
2019-08-19,52.38637529363803,52.74598387165735,51.511647717296455,51.62827682495117,1344800.0
2019-08-20,51.910135146194094,52.12395827166973,51.2006355206107,51.56996536254883,1135500.0
2019-08-21,52.25031171074103,52.37666209288064,51.66716237522033,51.92958068847656,2005900.0
2019-08-22,52.434969085571865,52.503003038902754,51.19091170843759,52.14339447021485,881200.0
2019-08-23,51.59912615709,52.28918703909844,50.287038355661394,50.5300178527832,1389800.0
2019-08-26,51.40473142194571,51.40473142194571,50.617480383328896,50.977088928222656,791100.0
2019-08-27,51.375584556773774,51.482496126829766,50.32591136812165,50.51057815551758,830100.0
2019-08-28,50.316197333223656,50.70496232435155,49.878833474078334,50.335636138916016,1363000.0
2019-08-29,51.09371925193116,51.64771211002703,51.0451241026823,51.17147445678711,1210300.0
2019-08-30,51.667161256093294,51.88098440468684,50.81187236929211,51.48249816894531,1475700.0
2019-09-03,51.32671635921821,51.56037155639752,50.51864982709062,50.83019256591797,1042600.0
2019-09-04,51.77457357158597,52.47554679383128,50.90809484624578,52.222415924072266,1407800.0
2019-09-05,52.84549616705528,54.64660690879101,52.816290190415614,54.44215393066406,2407800.0
2019-09-06,54.52003573081516,55.04576553812272,54.0624556710605,54.597923278808594,1631300.0
2019-09-09,55.03602720340484,56.43797334261523,53.74117829858708,55.88303756713867,2836400.0
2019-09-10,55.87331370409642,56.37957174577439,54.25718383461364,55.34758377075195,3042900.0
2019-09-11,55.79541882473267,56.54506979326645,55.074973830985,56.22378921508789,1340600.0
2019-09-12,56.467182037435215,56.66189720103053,55.35731043298964,55.8733024597168,2251900.0
2019-09-13,56.07776146095464,56.59375729128516,55.29890438502984,56.31142044067383,1734000.0
2019-09-16,55.57150254873074,56.535336939846246,55.15286620870823,56.40877151489258,1093700.0
2019-09-17,56.26272530668337,56.66188966773691,55.78567340499386,56.4671745300293,1935600.0
2019-09-18,56.25300624845629,57.0416011476539,56.01935097646828,56.9539794921875,2096700.0
2019-09-19,57.03185830433154,57.82044936859614,56.64242795895132,57.18762969970703,2016700.0
2019-09-20,57.45049166110709,57.74256628089282,56.08749286226692,56.671634674072266,2750400.0
2019-09-23,56.98317727701599,57.75230017394697,56.68137228461544,57.15842056274414,1487900.0
2019-09-24,57.35312952674476,57.74255983372237,56.5645348263623,56.61321640014648,3045500.0
2019-09-25,56.16537208027515,58.141725932410935,55.8830389990124,57.84965133666992,1584900.0
2019-09-26,58.1514617009689,58.17093358884032,57.362866954649554,57.65494155883789,1765900.0
2019-09-27,57.52837300675903,57.75229413424231,55.13338663745148,55.88303756713867,2119400.0
2019-09-30,56.36982829065562,56.56453974720072,55.96092606136837,56.37956237792969,1531700.0
2019-10-01,57.187619728232725,57.41154083792348,55.98038883915829,56.57426834106445,1773200.0
2019-10-02,56.05828587143119,56.48665627807794,55.46440626897532,55.82462692260742,1877400.0
2019-10-03,55.97067329829217,56.9345077978797,55.38652768853028,56.88582992553711,1750500.0
2019-10-04,57.32393678450472,58.41433669628125,57.05133402114796,58.37539291381836,1993100.0
2019-10-07,58.1125262517708,58.511690725621136,57.50891249680077,57.80098342895508,1941300.0
2019-10-08,57.46996071716567,57.4894326051171,55.93171870783148,56.506126403808594,2063600.0
2019-10-09,57.58679017197019,58.82322344866883,57.00264469407418,58.268287658691406,2844900.0
2019-10-10,58.53115201349827,59.10555968536525,57.96648214213972,58.2974967956543,2266100.0
2019-10-11,59.37816350870977,60.118076664316,59.10556079758512,59.56314086914063,2428400.0
2019-10-14,59.37816103949886,59.85520926483429,58.93031507337568,59.01793670654297,1314600.0
2019-10-15,59.19317576603403,60.44908451421392,59.19317576603403,60.05965423583984,1779200.0
2019-10-16,60.02072211961586,60.18622759579703,58.618775903103085,58.66745376586914,2058100.0
2019-10-17,59.09582563229992,59.85521066154819,58.37538066345928,58.71613311767578,2747100.0
2019-10-18,58.74534479379625,58.74534479379625,57.05132758655678,57.37260818481445,2926100.0
2019-10-21,58.463006186875525,59.504728078186666,58.15146339959834,58.47274398803711,2642300.0
2019-10-22,58.46300466590293,58.8719068847431,57.32392707590801,57.5867919921875,3589500.0
2019-10-23,61.870496112423616,63.71055020071298,58.45326023336496,59.09581756591797,8601300.0
2019-10-24,59.77732748373927,61.60764032890638,59.60208421138967,61.44213485717773,2652600.0
2019-10-25,61.36425572536648,62.41571550369781,61.36425572536648,61.938663482666016,2219300.0
2019-10-28,62.64936408727315,63.32113122321414,62.15284394294896,62.36702728271485,2128800.0
2019-10-29,62.31835976743007,62.90250161280307,61.57844280181544,61.938663482666016,1290300.0
2019-10-30,61.9386608102658,62.03602025621616,60.80931723442349,61.11112594604492,1449800.0
2019-10-31,60.556185325268494,60.585391299807895,58.94978987571035,59.60208511352539,2186000.0
2019-11-01,59.88441687798967,60.83852078255595,59.88441687798967,60.74116134643555,1499700.0
2019-11-04,61.52001596171721,61.92891815034178,60.90666824960428,61.208473205566406,1705800.0
2019-11-05,61.58815872067392,61.792611648733455,60.877451656712985,60.93586730957031,1394600.0
2019-11-06,60.79958682815094,61.422672464428246,60.33227260094297,61.354522705078125,1489900.0
2019-11-07,62.00681217935793,62.590957728614434,60.643813325525855,60.916412353515625,1871000.0
2019-11-08,60.926150929462544,61.889985341463735,60.780113611822,61.83156967163086,2121300.0
2019-11-11,61.37399560398416,62.62990469930287,61.33505182260604,62.37677383422852,1071500.0
2019-11-12,62.65911047634732,63.817663828368325,62.65911047634732,63.45743942260742,3378800.0
2019-11-13,62.9511753698477,64.06104696642683,62.39623214379249,63.924747467041016,2534000.0
2019-11-14,63.65217321955964,64.10975352501058,63.28221830959285,63.83715438842773,2057400.0
2019-11-15,64.56731989992124,65.42406091973346,64.30445862572051,65.00542449951172,2873500.0
2019-11-18,64.79123627426307,64.9762099510691,63.3016644909295,63.38928985595703,2261900.0
2019-11-19,63.56453136907285,63.837130403233466,62.152850902100695,62.46439743041992,2523600.0
2019-11-20,62.26966828927116,62.97064136342397,61.62711087592531,62.162574768066406,2010400.0
2019-11-21,61.88025424068786,61.88025424068786,59.79680648266994,60.14729309082031,2243600.0
2019-11-22,60.585389930978174,61.1111197441064,59.855210872927664,60.32252502441406,1723700.0
2019-11-25,60.760642633631335,62.13337932729493,60.66328689633226,61.90945816040039,1829600.0
2019-11-26,61.899714972731495,62.41643471408292,61.519480501960665,62.07520294189453,10827500.0
2019-11-27,62.53341964800854,62.95264929858862,62.24093479668786,62.36767959594727,1186500.0
2019-11-29,62.10444465586448,62.4554242603264,60.95400097032329,61.022247314453125,712000.0
2019-12-02,61.00273521854366,61.53895797693343,60.39826613013044,60.97348785400391,1525700.0
2019-12-03,59.637813988075386,60.642017109648194,59.49157341482278,60.09604263305664,1602500.0
2019-12-04,60.65176557687328,61.587718643620406,60.65176557687328,61.129493713378906,1482200.0
2019-12-05,61.03199378956831,61.66571407802888,60.67126259047294,61.09049224853516,1196300.0
2019-12-06,60.76876264632413,62.38718288949604,60.76876264632413,62.33843231201172,1596400.0
2019-12-09,62.39692777544597,62.45542251498156,61.9094517772003,61.92895126342773,1593900.0
2019-12-10,62.30918725938696,62.66016688396462,61.987455007070686,62.465179443359375,1250900.0
2019-12-11,62.387202217008586,63.97637558133224,62.29945635715886,63.91787338256836,1337000.0
2019-12-12,63.94709898080761,65.33153649277163,63.61561886667252,64.74656677246094,1751100.0
2019-12-13,64.67832256179824,65.68252953224712,64.53208568880076,65.01956176757812,1132400.0
2019-12-16,66.02374161025048,67.38867571143781,65.7215089117941,66.60871124267578,2022000.0
2019-12-17,66.94021106720797,67.27169119255838,66.2382444037673,66.8037109375,1537900.0
2019-12-18,67.00846543010555,67.07671178397791,66.38448920260781,66.68672943115234,1227500.0
2019-12-19,66.77448129730384,67.05721835839411,66.34550734107702,66.84272766113281,2557400.0
2019-12-20,67.09620684708007,67.70067985950227,66.83297303871718,67.61293029785156,3613800.0
2019-12-23,67.98341490458893,68.05166125576247,67.26194497698931,67.3399429321289,1235300.0
2019-12-24,67.46667138820229,67.50567035846422,66.88170171085928,67.26193237304688,373500.0
2019-12-26,67.24243797807608,67.99314771561886,67.06694632746576,67.88590240478516,1663100.0
2019-12-27,68.09065136359924,68.14915354787126,67.28144677049433,67.40818786621094,624800.0
2019-12-30,67.42767909832172,67.56417177355776,66.32597865611133,67.0376968383789,755100.0
2019-12-31,66.71597342402822,66.9597114524021,66.17974678628798,66.48198699951172,1124800.0
2020-01-02,67.11567563022415,68.04188426578155,66.82319456501521,67.93463897705078,1100800.0
2020-01-03,66.4234796805122,67.18394851842608,65.7800152032543,66.52098083496094,1363400.0
2020-01-06,65.62401946850316,65.66301844272003,64.57107691782308,65.07804870605469,1717600.0
2020-01-07,65.39977821776513,67.14494309089562,65.17553599769658,66.51122283935547,2096500.0
2020-01-08,66.67697551968253,67.14495581453937,66.29674478436517,66.5892333984375,1188100.0
2020-01-09,67.1839445794928,67.75916267788834,65.78001134663234,66.55022430419922,1783000.0
2020-01-10,66.81344708279197,67.15467873238033,66.13098378361526,66.22847747802734,1200900.0
2020-01-13,68.07114629798158,68.07114629798158,67.02794798684532,67.53491973876953,1482300.0
2020-01-14,67.53492045545936,68.96810105775049,67.53492045545936,68.50987243652344,2231300.0
2020-01-15,68.50985654930462,68.50985654930462,66.92068786647896,67.41791534423828,1580300.0
2020-01-16,67.69092477778062,69.04610760526563,67.69092477778062,68.73412322998047,1609700.0
2020-01-17,68.78285509998221,68.94859512714068,68.28562758021462,68.52936553955078,1300500.0
2020-01-21,68.69512607097401,70.17705747151152,68.49038701661577,69.75782775878906,2956300.0
2020-01-22,70.71325750597344,71.94169893733846,70.64501117302497,71.7467041015625,4299300.0
2020-01-23,77.06996171591979,79.52683758318841,73.0726524023946,74.30109405517578,16146800.0
2020-01-24,73.96961002638471,74.29133852940457,69.61157344877606,70.29403686523438,5662200.0
2020-01-27,68.7438522613466,68.7438522613466,67.31067195105854,67.74939727783203,3699400.0
2020-01-28,68.20765574669873,69.835824152869,67.2911982886722,69.36785125732422,2624800.0
2020-01-29,69.77732908423339,70.14780824471839,67.9639173860528,68.2759017944336,2232700.0
2020-01-30,67.97366113321189,68.89011848114389,66.61847831862414,67.12545013427734,2411900.0
2020-01-31,66.64772088126465,67.0474473427455,63.93735544769884,64.33708190917969,2952700.0
2020-02-03,64.71730070496214,66.17972847046562,64.649054373437,66.10173797607422,2032900.0
2020-02-04,67.28144303140449,68.89011540104161,67.19369347902015,68.70487213134766,2006500.0
2020-02-05,69.95280411828901,70.03080206138131,68.44162558362191,69.49457550048828,1377200.0
2020-02-06,69.49457924610503,69.92356051794069,68.95836009460413,69.58232879638672,1119800.0
2020-02-07,68.91934909972362,69.22158179491264,67.47641707960074,67.71040344238281,1604700.0
2020-02-10,67.27168883750959,68.86085793950855,67.10594878063661,68.78286743164062,1182600.0
2020-02-11,69.60179128728225,71.2104628492626,69.41654811059232,70.58649444580078,1565700.0
2020-02-12,70.94723842856713,71.71745123464461,70.64500575416285,71.26897430419922,1502800.0
2020-02-13,70.89850133403202,71.75645630375273,70.3037800969474,70.76200866699219,2073800.0
2020-02-14,70.97650626826645,71.05449677262838,67.91515768283732,68.40263366699219,2040200.0
2020-02-18,66.21875751833441,66.59898831503129,65.04881774977413,65.70203399658203,4028300.0
2020-02-19,66.61846863385662,66.97919609541852,66.1504884242689,66.27723693847656,2210200.0
2020-02-20,66.25770447968289,66.95093921438253,64.68571886675451,66.28699493408203,1793300.0
2020-02-21,65.96478304992233,65.96478304992233,64.09011953234476,64.44161987304688,2329800.0
2020-02-24,61.69796717701456,62.986802989230846,61.20001084870111,62.37167739868164,4037200.0
2020-02-25,63.17232039248426,63.25043324475248,59.74519907867094,60.17481231689453,2879500.0
2020-02-26,60.51654312560608,61.47340316108261,59.6768486369199,59.979530334472656,1956200.0
2020-02-27,58.12439570683157,58.77857782039055,56.22044145568248,57.03084182739258,4047300.0
2020-02-28,54.45317497306041,57.577618222621325,54.01379950092086,57.37257385253906,3646000.0
2020-03-02,58.00723203439589,59.24724569247529,56.22044328115617,59.06173324584961,2780300.0
2020-03-03,59.081261296687146,59.9893028197446,56.53289066464413,57.08943176269531,2071400.0
2020-03-04,58.18298771699255,61.024277949328216,58.1634595010936,60.99498748779297,2588600.0
2020-03-05,59.20819551348383,60.08694661577636,58.37826681380584,59.18866729736328,1637700.0
2020-03-06,57.27493023343517,58.30013707292097,55.89822305478273,57.52878952026367,1917000.0
2020-03-09,52.139139617623634,55.175704271285646,51.75834503070126,53.77947235107422,2483900.0
2020-03-10,55.53696074395624,57.7631246033845,53.77946276416418,57.61666488647461,2713900.0
2020-03-11,55.93727803284267,56.71838780827277,53.37913839694944,53.58418273925781,2534500.0
2020-03-12,49.600528949081415,51.80716877322743,48.42886214839226,48.65343475341797,3130200.0
2020-03-13,51.97314671893396,53.58418884045276,47.53058087350036,53.24245071411133,2910500.0
2020-03-16,46.96426965264336,52.6468485240977,45.67543756167177,47.013092041015625,2791800.0
2020-03-17,48.38004137089528,50.918653282787545,46.27104271119874,50.49880599975586,2535400.0
2020-03-18,46.446801954832445,49.89345226499928,41.85777513069392,45.089622497558594,2665200.0
2020-03-19,44.68929025502547,48.89752491624862,44.49401186182389,45.8902473449707,2558500.0
2020-03-20,47.24743461751317,48.741307694626045,43.02943697950232,43.24424362182617,2663700.0
2020-03-23,43.55667869757018,46.26127448954911,42.29713701121213,44.88456726074219,2652500.0
2020-03-24,47.18884528672243,51.72904835444856,46.70065116817389,51.57282638549805,3422600.0
2020-03-25,51.99268246633955,55.64437673285788,49.84462723454208,52.95930862426758,3288100.0
2020-03-26,53.67206841890706,56.18138616302283,53.42797133310105,56.15209197998047,2442300.0
2020-03-27,54.31647885387506,55.27333888246845,53.27174373466465,53.55489349365234,2156700.0
2020-03-30,53.6818325840821,54.76562427977584,52.47111308095881,53.93569564819336,1872100.0
2020-03-31,54.648466829323006,54.74610419178153,52.14891086934266,52.89096450805664,2192700.0
2020-04-01,51.152986866626186,52.66638811763488,50.215654911441895,50.90888977050781,1839600.0
2020-04-02,50.00084697913366,52.27583364381789,49.94226606134417,52.16843032836914,1387300.0
2020-04-03,51.4654215350951,52.74449142807555,50.66478350273343,51.61188125610352,1426500.0
2020-04-06,53.75994185349745,58.05604819583023,53.75994185349745,57.802188873291016,2591800.0
2020-04-07,60.116240394158666,60.682547519017504,57.53857531806351,57.79243469238281,2910600.0
2020-04-08,58.53447638506269,61.49293159334291,57.724072349013646,61.29765319824219,1912000.0
2020-04-09,62.10806850890348,63.3578445050217,59.01291525494496,59.706153869628906,2686600.0
2020-04-13,59.37417387256651,59.97953357576,58.40754781658951,59.5206298828125,908200.0
2020-04-14,61.22930838017844,63.08444760915755,61.082852372391066,61.81514358520508,1557300.0
2020-04-15,59.48157554645906,60.3603265373083,57.83148060211538,59.657325744628906,1727400.0
2020-04-16,60.95592202224667,63.06491688200822,60.49701832819743,62.35215759277344,3100200.0
2020-04-17,63.83626968322368,64.87124643282118,61.7565651129301,62.322872161865234,2944400.0
2020-04-20,61.61987549805387,62.303348156011616,60.98522151753032,60.99498748779297,1362800.0
2020-04-21,60.01859122393174,60.99497954395861,58.807868068263055,59.49134063720703,3005200.0
2020-04-22,64.71501207631528,64.71501207631528,56.13256218181289,61.29765319824219,6689200.0
2020-04-23,59.00314727233238,61.07308949578907,59.00314727233238,59.75496673583984,2608600.0
2020-04-24,59.7744825973228,60.70204834247031,58.85667537002929,60.53606414794922,1564800.0
2020-04-27,61.16096317071888,63.57264348941344,60.98521297686761,62.244754791259766,1626700.0
2020-04-28,63.055158020473804,63.30901361428259,60.34079602153478,61.697975158691406,1755300.0
2020-04-29,61.60032469177948,65.94525243330355,61.60032469177948,65.7304458618164,2598200.0
2020-04-30,65.1250953490912,65.29108701825683,61.053558006011066,61.063323974609375,2207400.0
2020-05-01,59.29606557269666,59.61827552429924,55.37098385785087,56.48406600952149,3333200.0
2020-05-04,55.98610010108315,57.78265455616968,55.7029466263201,57.19682312011719,2171100.0
2020-05-05,59.04220055936182,60.19433902921261,57.69478368833491,58.03651809692383,1709700.0
2020-05-06,58.99337458118319,60.22362582660511,58.41730910588503,59.07148742675781,1596600.0
2020-05-07,59.911189751274655,61.16096564738046,59.911189751274655,60.95592498779297,2482200.0
2020-05-08,61.61010136339569,64.15847546879655,61.61010136339569,63.5531120300293,2052600.0
2020-05-11,62.66459670771797,63.02586303344345,61.58080517979253,61.6198616027832,2790400.0
2020-05-12,61.91278388556703,62.41074029526691,59.84284166788429,59.85260391235352,1735800.0
2020-05-13,59.75495577997102,60.75087214417681,57.25540076443735,58.31966400146485,1718100.0
2020-05-14,57.53856853065731,60.09670508778982,55.976348585376265,59.94048309326172,2041000.0
2020-05-15,56.08373901242312,57.9584063649372,55.087822563372754,55.54672622680664,3275500.0
2020-05-18,57.12847492772847,59.5303928559272,56.142324433044166,59.21794891357422,2534100.0
2020-05-19,59.54992537984016,61.48317380986799,59.29606233040545,59.67685317993164,1562800.0
2020-05-20,61.24885057197071,62.33264241023533,61.02428166240824,62.02996063232422,2042400.0
2020-05-21,61.37576896856646,61.92254403133271,59.50110150081225,60.2822151184082,1530900.0
2020-05-22,60.48725784749634,61.31718643895648,59.6573255314103,61.268367767333984,850000.0
2020-05-26,63.37094509646804,64.40756614468592,61.71821289147554,63.41983795166016,1924500.0
2020-05-27,64.5151496469762,66.19721928610514,63.48830255344184,66.09941864013672,2647600.0
2020-05-28,66.15811734073655,66.66664650781449,62.79397720714152,63.13625717163086,2279900.0
2020-05-29,63.34161185613018,65.7669232376092,63.34161185613018,65.5419921875,2464600.0
2020-06-01,65.36594398349466,66.45146525359016,65.03344573701357,65.67889404296875,1964000.0
2020-06-02,65.89406140969378,67.95753002739166,65.63980058010074,67.91841125488281,1344900.0
2020-06-03,69.69828081857577,71.8595502981505,69.06262122461764,70.72512817382812,2479200.0
2020-06-04,70.85224929216503,72.0649088094329,70.2557010915643,71.57593536376953,1996400.0
2020-06-05,74.23593886050803,76.3091811251855,73.54159012571138,75.06719207763672,2529900.0
2020-06-08,76.27986411325404,76.46567642622398,72.28006456353604,73.24822998046875,2851300.0
2020-06-09,72.03557313511153,74.04035982846675,70.90115113559348,73.2091064453125,2979700.0
2020-06-10,73.68828752700436,75.77131891940071,73.30688888411467,74.5977783203125,2280400.0
2020-06-11,72.36804993487917,72.82768604041021,69.19950497279571,69.24839782714844,2753200.0
2020-06-12,71.87907781833556,72.55386338541965,68.7692072142803,70.16767120361328,2548500.0
2020-06-15,68.87679945281782,73.02329215873604,68.51495641912625,72.92549896240234,2743200.0
2020-06-16,75.94734902742246,77.12088215596205,74.13814155097323,75.33123779296875,2604500.0
2020-06-17,75.76152831121198,77.03285448190914,75.38012971388873,76.6905746459961,2155700.0
2020-06-18,77.12088711125382,78.16728991413159,76.28963380336548,77.8543472290039,2025000.0
2020-06-19,78.65624358273446,80.96419810416779,78.26506345922807,80.92507934570312,4815200.0
2020-06-22,81.11093414820387,82.63652922322026,79.98629350086613,82.00086212158203,2598600.0
2020-06-23,83.1254643667452,83.53620016470711,81.65854440733206,81.89324951171875,1988100.0
2020-06-24,81.81503853158948,82.98857178835038,79.11590308766841,79.56575775146484,3000700.0
2020-06-25,79.68311556855707,82.95923614501953,78.85185474639302,82.95923614501953,2551800.0
2020-06-26,82.7538616002807,83.09614149094043,79.83957682878776,80.0449447631836,2395600.0
2020-06-29,79.97650200138865,81.5020968868048,78.80296862201365,81.00334930419922,1606900.0
2020-06-30,81.76613240007266,82.98856589790758,80.34811252704095,82.64628601074219,2337800.0
2020-07-01,82.83209170800251,82.92011080057465,80.98377283654973,81.08157348632812,1422400.0
2020-07-02,82.147541193588,83.82961108800146,81.82481691965317,82.71475219726562,1609700.0
2020-07-06,85.0031399582518,87.60448220794053,84.29901701965507,86.18645477294922,1793600.0
2020-07-07,85.84417421125379,86.91991426545432,84.3968170361163,84.43592834472656,1994800.0
2020-07-08,85.53121390946188,86.49937901285044,84.70974229716634,85.8148193359375,1724300.0
2020-07-09,86.33313981486883,87.3013050297655,85.20849953514671,86.50917053222656,1440700.0
2020-07-10,86.54829848692984,86.89057840114681,83.98607498695517,85.45299530029297,2076700.0
2020-07-13,86.49939049404034,88.69977076907279,84.89555835713028,84.93467712402344,2280500.0
2020-07-14,81.67809245688186,84.72928837455085,81.0815519264795,84.699951171875,2584600.0
2020-07-15,85.24762765422186,85.24762765422186,82.82232357247153,84.62174224853516,1590700.0
2020-07-16,83.28193764441484,84.62171973713835,82.99833222960534,84.20120239257812,1096600.0
2020-07-17,84.36745902875323,84.71952043974208,83.72201808270117,84.51415252685547,1031700.0
2020-07-20,85.03246079143423,87.8782892099049,84.51415024512224,87.76093292236328,1575300.0
2020-07-21,87.76094206629817,88.38682740944991,86.46027851761389,87.74138641357422,3341400.0
2020-07-22,87.27195468906797,88.24012721943083,84.58260147145238,87.51644134521484,3475300.0
2020-07-23,87.79026469316152,88.6508624928981,82.51913301433724,84.20120239257812,2763800.0
2020-07-24,82.32357134287906,83.09615029862368,80.91532540216554,81.68790435791016,2253100.0
2020-07-27,83.11571109730187,86.93948734083338,82.49960719068555,86.37227630615234,3006300.0
2020-07-28,85.41387346648644,86.10822228903497,84.33813343418296,85.08137512207031,2203300.0
2020-07-29,85.81482218147062,87.8391715344853,85.6974658924766,86.81232452392578,2317700.0
2020-07-30,85.7757073459761,86.7927728470703,84.3283503544839,86.6558609008789,1451100.0
2020-07-31,86.51894662894583,87.06659439898988,84.279447767671,86.99813842773438,2330700.0
2020-08-03,87.48714012648598,89.29634063392606,87.48714012648598,88.26950073242188,1746900.0
2020-08-04,88.25969537300607,88.39660732295374,86.52873288515804,87.55557250976562,1126400.0
2020-08-05,87.78051440568939,88.86603604392874,87.37955260186106,88.65088653564453,3476500.0
2020-08-06,88.99315890351008,90.2058108478008,87.55557591205528,88.85624694824219,1675000.0
2020-08-07,88.30860750746746,88.9638301357347,83.75137140034678,85.63880920410156,2315100.0
2020-08-10,85.81482026994392,86.47982430381478,84.18165112214703,85.17915344238281,1418400.0
2020-08-11,84.93468073998373,86.0593210873307,84.15232775223878,84.36746978759766,1525300.0
2020-08-12,85.34541723714723,87.94675940659374,84.45548949469708,87.67293548583984,1310000.0
2020-08-13,88.01519926599089,88.86601554490618,86.93945943385695,87.99564361572266,996800.0
2020-08-14,88.27926627582903,91.37936372098676,87.67294395307182,88.07389831542969,1314600.0
2020-08-17,88.99313951730105,90.44050375059408,88.289016780085,89.95153045654297,929400.0
2020-08-18,90.44053516115136,90.60678434819444,88.05434226987752,89.21810150146484,1133100.0
2020-08-19,89.59948741948573,90.2449284198938,88.10322256620408,88.24991607666016,840800.0
2020-08-20,87.03725858057498,87.26218961037081,86.07886750656081,86.7732162475586,1181400.0
2020-08-21,86.62654483745229,86.62654483745229,85.58991597035956,86.05933380126953,1258300.0
2020-08-24,87.00792582026006,87.87829785366617,86.3233586006444,87.12527465820312,829900.0
2020-08-25,87.53602921887932,88.34771947643789,87.19374929567479,88.3183822631836,1157900.0
2020-08-26,88.2303719694419,88.36728394081241,87.07639430993126,87.88809204101562,830200.0
2020-08-27,87.99565976000487,88.29882089219821,82.91033172607422,82.91033172607422,2163000.0
2020-08-28,83.55578811060458,84.00564280319577,82.49960363522894,83.83939361572266,2035200.0
2020-08-31,84.18166723800253,84.35769797070147,82.42135991101314,83.09614562988281,1611400.0
2020-09-01,84.1034174056572,85.18893885510988,83.06679627636198,83.4677505493164,1373600.0
2020-09-02,84.7307934650102,86.67918838304878,83.83002880108117,86.52253723144531,1642400.0
2020-09-03,84.8776440433025,85.60217136485018,79.83530947154534,80.21715545654297,2570600.0
2020-09-04,77.60297734971486,79.91363933526016,73.88241788962861,76.95677185058594,4216300.0
2020-09-08,74.55799913596744,76.52597989149551,73.62785548449905,73.95095825195312,4308000.0
2020-09-09,75.87975813619268,76.5455421192801,74.75379894083856,75.26293182373047,2957400.0
2020-09-10,76.33015183712855,76.59451134656473,73.38307740425681,73.86283874511719,3245600.0
2020-09-11,74.41116042360453,74.99861545928535,72.53130132146747,73.3537368774414,1653300.0
2020-09-14,74.89089409116013,75.43919178230172,73.8530568952575,75.21399688720703,1921000.0
2020-09-15,75.84061846618664,76.21267148781452,74.67549424466294,75.58605194091797,1447500.0
2020-09-16,75.89935430884718,76.78054029503485,74.5090427916919,74.73423767089844,1868700.0
2020-09-17,73.43203854396876,76.08538197363697,72.64876047820913,76.016845703125,1739700.0
2020-09-18,76.58472927975552,77.03511159634324,73.85305628728084,74.77340698242188,30212400.0
2020-09-21,73.40267469101099,75.39023421606977,72.94249933892466,75.31190490722656,1981900.0
2020-09-22,75.93851305457467,75.93851305457467,73.62785107933935,74.95941925048828,1784900.0
2020-09-23,75.2531718982814,76.43787484360405,73.55933584610742,73.83348846435547,2092600.0
2020-09-24,73.14809390988528,75.97767427856515,73.14809390988528,74.7048568725586,2206500.0
2020-09-25,74.74402987069998,76.46723734454697,73.83347965229991,76.09518432617188,1740600.0
2020-09-28,77.01553108787974,77.8673380148394,75.94831483412815,77.54423522949219,1831800.0
2020-09-29,77.85751872490115,78.98347784354492,77.82814711248379,78.19041442871094,1168500.0
2020-09-30,77.67153332797392,78.71916367007896,77.16240023523613,77.79881286621094,1804000.0
2020-10-01,79.1499595887815,79.94303085053669,78.68979165899121,79.60034942626953,1200800.0
2020-10-02,77.10365129398389,78.21981783893382,76.6728475503561,76.97637176513672,1033500.0
2020-10-05,77.83796361390401,79.61012114984206,77.81838502301842,79.53179931640625,1310400.0
2020-10-06,79.57095777991347,81.4018660577877,78.88559503947586,79.414306640625,1169000.0
2020-10-07,80.62836908932388,81.57809122519647,80.12902918357688,80.56962585449219,1242900.0
2020-10-08,80.87314748761105,81.6368394668306,80.45213684908066,80.75566101074219,1137300.0
2020-10-09,83.57545279606667,85.02450753108177,82.8411323983528,84.29998016357422,1766600.0
2020-10-12,85.43573499388339,85.70008705761869,83.99646577937426,84.81890106201172,2069800.0
2020-10-13,85.18117762228776,86.78689117757611,84.3293631569029,85.79800415039062,1142600.0
2020-10-14,85.729459217315,86.9924912406313,84.96576717295949,85.11263275146484,967100.0
2020-10-15,83.08591962672075,85.77842819766236,82.51804329898381,85.46511840820312,1096100.0
2020-10-16,86.34630340616215,86.48337597040539,84.56435260110547,84.77974700927734,1032300.0
2020-10-19,85.88612200317527,86.94354525596616,84.25103690870237,84.85807037353516,1468800.0
2020-10-20,85.8469654412956,87.02187529744127,85.69030680986567,86.10153198242188,2818000.0
2020-10-21,86.1602676676998,91.2221816004026,86.1602676676998,90.14517974853516,3533800.0
2020-10-22,90.81097626045246,90.81097626045246,87.5310125741348,89.038818359375,2175600.0
2020-10-23,89.31296036365877,90.52703489310238,89.10735150971311,90.07665252685548,1166400.0
2020-10-26,88.68633417175943,89.70459280356452,86.46378666227403,87.71702575683594,1257600.0
2020-10-27,87.95200893767728,87.95200893767728,85.04409878980184,85.63155364990234,1474900.0
2020-10-28,83.94750951908554,85.05389041505009,83.22298211926454,83.75169372558594,1185900.0
2020-10-29,83.74191256181106,87.47225848682119,83.30132322905521,86.6889877319336,1615700.0
2020-10-30,84.99514620826992,86.30713602882243,84.29019734587087,86.0134048461914,1581500.0
2020-11-02,86.6498276199061,88.61780884725088,86.40505409555608,87.82473754882812,1842300.0
2020-11-03,88.7744464388587,89.79270504078143,87.43309251133745,87.95201110839844,1082400.0
2020-11-04,90.50744678672496,94.41402954090832,89.03880586726868,93.84615325927734,2561400.0
2020-11-05,95.34417695773024,98.25208751367816,95.01128856258616,97.24362182617188,1918000.0
2020-11-06,96.76386616548916,98.63393190526494,95.95121631615918,98.16397094726562,1506600.0
2020-11-09,102.74612369420886,103.41190789320106,99.16263617524947,99.40740966796876,2213900.0
2020-11-10,99.86757827630407,99.9361145508352,95.4420771139505,96.09806823730467,1975800.0
2020-11-11,97.55691466583488,99.54447406865226,97.40026352767704,99.0647201538086,1683400.0
2020-11-12,99.99486306561704,99.99486306561704,97.7233653858454,98.37936401367188,1274500.0
2020-11-13,100.0633821912971,101.0424759797438,98.88847263311816,100.15150451660156,1062500.0
2020-11-16,100.7683504680012,104.99803615605494,100.52357697339184,104.93929290771484,1763900.0
2020-11-17,104.48889491212353,104.48889491212353,102.68735837748702,103.69583129882812,1258400.0
2020-11-18,103.76437649035728,104.21475879526892,102.56988071781632,102.62862396240234,1186100.0
2020-11-19,102.61882595907944,104.40077650081408,102.32510228048848,104.24412536621094,1048100.0
2020-11-20,104.49870237419664,105.6736121465213,103.90145445679492,104.10706329345705,1376300.0
2020-11-23,104.12664176118068,106.37856087031244,104.12664176118068,106.05545806884766,1192200.0
2020-11-24,107.29025568702264,107.30985237026792,105.02645371718177,106.81005096435548,1664600.0
2020-11-25,107.30986736937284,107.8292655311288,106.03586595326408,106.17306518554688,1373100.0
2020-11-27,107.43727146450443,108.61327457310786,106.88847449990156,107.21187591552734,849200.0
2020-11-30,107.74105552701566,108.427051601188,105.87905656980958,108.13304901123048,1560400.0
2020-12-01,109.03466332274628,113.62105778461574,108.97585831336016,112.81745910644533,2175000.0
2020-12-02,112.20984132318712,112.65083770884804,110.59284211443702,111.6806411743164,1386100.0
2020-12-03,112.70964456171608,114.87544063741376,111.30824622134745,111.4650421142578,1700200.0
2020-12-04,112.53325591895972,113.95425108621852,111.71985517892747,113.7092514038086,1167700.0
2020-12-07,114.2188430004447,114.9734386536616,112.47443916337384,114.81664276123048,1341500.0
2020-12-08,114.5716478523123,116.58064063541646,114.2090456535449,116.29644012451172,1113700.0
2020-12-09,115.69864419481658,115.85544757576764,110.88685446303133,111.73944854736328,1555100.0
2020-12-10,111.72966058114854,113.81705524568684,110.03425943868147,113.3662567138672,1619700.0
2020-12-11,112.14125304073048,113.8072478623059,110.69085165553084,113.0624542236328,1171300.0
2020-12-14,114.28744582163348,115.84564009400152,113.51324598707706,114.83624267578124,1279400.0
2020-12-15,115.63005769056784,118.344658585786,115.14986036637308,118.03105926513672,1536200.0
2020-12-16,117.06084376380733,118.42304138239686,116.21804426897968,117.37444305419922,1671800.0
2020-12-17,118.57985195458568,119.92245297001604,116.5806535533423,116.96285247802734,1611400.0
2020-12-18,116.95303362643844,118.66803123936604,116.45323970539286,118.17803192138672,2703600.0
2020-12-21,115.47324426981118,117.75664294931094,115.31644089484976,117.33524322509766,1319300.0
2020-12-22,117.3352425836239,117.72723606529154,115.78684290992896,116.1984405517578,1662100.0
2020-12-23,116.68844522255624,116.90404613342136,114.8558449569996,114.9146499633789,928400.0
2020-12-24,115.33604211741088,116.52183957236672,114.49324269045114,116.50223541259766,421400.0
2020-12-28,117.67823946850078,117.815438681103,115.08124155545092,115.375244140625,735300.0
2020-12-29,116.54144152040284,116.68844281812696,114.07184813046425,114.85584259033205,957200.0
2020-12-30,115.8848351498362,118.3054329027417,115.64963757791868,117.884033203125,793000.0
2020-12-31,117.71744553036956,118.2956411695695,116.00244782001522,117.4920425415039,699700.0
2021-01-04,119.44223690782248,120.98083454254754,115.73784307879002,116.80604553222656,1391400.0
2021-01-05,116.17883727020592,119.08942683794764,116.01223182548324,119.06002807617188,1083200.0
2021-01-06,118.27606308156804,122.35285439179546,117.80566034583516,119.96166229248048,1662500.0
2021-01-07,121.8824805681073,128.12507700481447,121.77468007797648,127.31167602539062,2117800.0
2021-01-08,130.20262632699198,130.81022072859423,127.8310312957133,129.50682067871094,1340800.0
2021-01-11,129.35003767300617,133.7208236319894,127.90943834454288,132.98582458496094,2108600.0
2021-01-12,133.65223173585198,136.73922175745528,133.32883036014977,134.3480224609375,1478900.0
2021-01-13,133.82861591974387,134.5930136856973,132.6428259036131,133.29942321777344,1452800.0
2021-01-14,135.44564718024407,136.7588420459422,133.94623518750436,135.62203979492188,1563000.0
2021-01-15,135.23984448704854,135.8082456278749,132.07445231396002,134.55384826660156,1733900.0
2021-01-19,136.44523809712192,138.73844681116796,136.24924131439553,137.81724548339844,1875000.0
2021-01-20,140.41422372471317,140.53181879293055,135.13203090909232,135.83763122558594,1955900.0
2021-01-21,137.96419017877614,138.58159403031448,135.97479438336444,137.43499755859375,1301600.0
2021-01-22,136.5627874159522,137.60158336080588,134.58318639724482,135.19078063964844,1357100.0
2021-01-25,137.67021191800256,138.95400781057543,134.91641798900096,137.3076171875,1364200.0
2021-01-26,137.88580175070976,138.22880724642874,135.30841556897502,135.3378143310547,1249800.0
2021-01-27,132.69180791458072,132.7996083615321,126.81181616143373,127.50762176513672,2360400.0
2021-01-28,121.2356300722735,121.51983057324904,117.21763716964628,117.5410385131836,4093700.0
2021-01-29,117.32543233001144,117.32543233001144,110.77904145314744,111.21024322509766,4974800.0
2021-02-01,114.16985845347926,115.56145493375982,111.71986149095824,115.19886016845705,3083000.0
2021-02-02,119.0698499893285,119.354050528494,116.23765415562735,119.17765045166016,4276000.0
2021-02-03,121.0004372816468,121.52963746197646,117.60964277224262,118.15843963623048,2495600.0
2021-02-04,119.73625281112852,123.10745105115396,118.5308510061156,123.00944519042967,1882000.0
2021-02-05,124.68523411980289,125.5868236253072,122.31363165516424,123.5974349975586,1936200.0
2021-02-08,125.41043238563616,127.0470283882372,123.96983312848802,126.50802612304688,1594000.0
2021-02-09,125.6652365609181,127.06664256083404,124.17564173843525,125.7044448852539,2134100.0
2021-02-10,126.9784348301913,128.85022092487415,124.73422950222268,126.13563537597656,1816200.0
2021-02-11,126.50801583061464,132.69180461115093,126.50801583061464,132.33900451660156,1834600.0
2021-02-12,132.682020100064,140.90420839074488,132.33901458214422,139.56161499023438,2391500.0
2021-02-16,142.8740047865383,144.94180265460807,139.92421406439252,140.7670135498047,2341500.0
2021-02-17,138.24842638145282,138.8756249630807,131.83922638914885,136.51382446289062,2169000.0
2021-02-18,133.36576802143827,135.17025743129977,131.88489733993387,133.8659210205078,1666200.0
2021-02-19,136.97469924265704,140.49541718574744,136.70010377415772,139.83834838867188,2081500.0
2021-02-22,137.27876582641332,137.2983840712948,129.28604445371175,129.83523559570312,1928000.0
2021-02-23,124.44136638283172,129.3448799371467,122.16613639291629,127.27559661865234,3288900.0
2021-02-24,126.20662967094496,131.84567005357565,123.77448374419568,131.60049438476562,2386800.0
2021-02-25,130.20791566936276,130.717870353873,122.89186615641133,123.21549987792967,1736600.0
2021-02-26,124.50023389149652,127.35408300742392,121.63658313343744,126.12820434570312,1925000.0
2021-03-01,128.93297756515415,131.75740596323288,127.98169480508834,131.41415405273438,2157900.0
2021-03-02,131.1689923633854,131.4043664097406,124.29426401441695,124.35311126708984,1698600.0
2021-03-03,124.20599041424946,126.18700644790702,119.11614133631228,119.14556121826172,1972800.0
2021-03-04,118.66502178698532,119.1063349908468,109.16201062313894,111.77068328857422,3351400.0
2021-03-05,115.20315791569284,115.55621151859658,104.39580898201308,111.7020492553711,3451600.0
2021-03-08,110.64288469849694,111.4666789047548,102.04212481541109,102.18922424316406,3907800.0
2021-03-09,106.89659356341338,112.61409206073638,106.52392923356167,111.15283966064452,3146600.0
2021-03-10,114.94816224858585,114.9873912543366,106.06299820565744,106.80833435058594,2867700.0
2021-03-11,108.85801580261618,112.61410949494952,108.85801580261618,111.66282653808594,2136000.0
2021-03-12,108.88742673337426,111.36860353014085,107.92634221428366,110.65269470214844,1705100.0
2021-03-15,111.32938397707836,116.08579877408712,111.0547883768735,115.4777603149414,2493000.0
2021-03-16,117.39012219096782,117.6745269008858,113.85959360668468,115.0854721069336,2368500.0
2021-03-17,113.39866604106074,116.5761486114813,111.19208466379754,115.20316314697266,2543000.0
2021-03-18,113.14368463032928,113.81056283303104,109.98582041995245,110.20157623291016,2485500.0
2021-03-19,110.75076352222014,113.82036048229918,109.17183147240324,112.69255828857422,3196300.0
2021-03-22,115.20315178037076,116.41922107995974,112.89850184349736,114.75202941894533,2148700.0
2021-03-23,114.20284575836872,115.91907577395192,109.73084308348604,110.9371109008789,2821000.0
2021-03-24,114.53625808515842,115.66406757684308,109.72100470529767,109.83869171142578,2098300.0
2021-03-25,107.88711338045498,109.97600757841155,105.76879181449762,109.58372497558594,1481300.0
2021-03-26,110.28003383873744,116.85074750342127,109.95640758072678,116.72325134277344,2239400.0
2021-03-29,115.86022462565596,115.93868264296042,110.18195469065095,111.6922378540039,2448500.0
2021-03-30,111.41764007204522,114.40878645364668,111.01554835293858,113.7222900390625,1050500.0
2021-03-31,115.55620514366268,120.49894782946843,115.35025846702511,119.3319091796875,2316700.0
2021-04-01,121.70520891043742,126.43219583243288,121.70520891043742,126.3243179321289,2179600.0
2021-04-05,128.0405889861682,131.18865238980493,125.52999154947332,130.1196746826172,2013000.0
2021-04-06,129.66850817575454,132.21834110252914,127.71690447602823,129.82542419433594,1991800.0
2021-04-07,129.04087720188238,130.81594688909894,127.94249484611022,129.2370147705078,1319700.0
2021-04-08,131.11018164405002,131.718212693107,129.7077686241526,131.3357391357422,1497700.0
2021-04-09,130.178477239935,131.48281358111393,128.83490441209807,130.49229431152344,1155600.0
2021-04-12,129.63911734119316,129.86467481573536,126.7558484521272,127.91307067871094,1612100.0
2021-04-13,129.20758310953778,129.44295714904246,124.76500099369636,126.51065063476562,1560700.0
2021-04-14,126.5204468759028,128.8741422775049,125.06901110506608,125.61820220947266,925900.0
2021-04-15,127.84441637736371,129.08991311140284,125.55937707961368,128.6584014892578,1612500.0
2021-04-16,129.01146934922835,129.8646760827231,126.85392596441464,126.98140716552734,1501400.0
2021-04-19,126.10856969245113,126.66757747236088,122.37209441187431,123.88237762451172,1524800.0
2021-04-20,123.13704819478764,124.51984281307335,120.32243578689076,121.87194061279295,1276100.0
2021-04-21,121.88174413397368,127.5600217887627,121.19525515925356,127.43252563476562,1515300.0
2021-04-22,127.27560842089106,127.65808191502089,122.9801328425731,123.88237762451172,1409200.0
2021-04-23,126.78527027194497,129.30568391890216,125.68688780770704,128.99185180664062,1257500.0
2021-04-26,128.9231778486999,131.10032397963246,128.4720480422594,130.8551483154297,1212700.0
2021-04-27,131.66913854010912,132.9342533976149,128.54070951080652,128.57012939453125,1776500.0
2021-04-28,136.03329434295588,136.59228716724212,128.60936683469754,129.8450469970703,2672700.0
2021-04-29,131.19844032066436,131.32593649359535,126.05955144155016,128.28575134277344,1216100.0
2021-04-30,125.539749696957,126.09875742977924,122.0288396486875,122.66629791259766,1689000.0
2021-05-03,123.88237759850524,124.95134754297416,121.37178082070967,122.57804107666016,1061500.0
2021-05-04,119.97917226272544,120.77354658749604,117.3410869218954,120.61663055419922,1362200.0
2021-05-05,122.64669162390396,123.59797455140158,119.97917877051596,122.11711120605467,1160900.0
2021-05-06,121.45023036696078,123.7058497850892,119.28287809098326,123.50971221923828,1356800.0
2021-05-07,124.99057852331812,126.2066554764279,124.17660082288214,125.69668579101562,1269800.0
2021-05-10,124.10793168357438,124.10793168357438,119.36132664813726,119.4888153076172,2448900.0
2021-05-11,114.08514387003773,119.82225301690134,113.42807487413246,119.1651840209961,1888200.0
2021-05-12,116.15443702652608,117.75297982813748,111.96683206076352,112.38853454589844,1920800.0
2021-05-13,114.15379057048176,116.46824943550494,113.6634392428441,114.97757720947266,1493200.0
2021-05-14,116.18384430187328,121.03831943315922,115.69349297620128,119.9889678955078,1139500.0
2021-05-17,118.3904325182746,118.5571501834936,115.2325685903952,117.54702758789062,1127300.0
2021-05-18,119.20442549483477,120.0380213585547,116.3799967094912,116.47806549072266,1100700.0
2021-05-19,113.76152037916488,120.60682894930662,112.79062673990154,120.0478286743164,1564000.0
2021-05-20,120.84219155879116,124.79442236259725,120.7637335446896,124.17658233642578,1178500.0
2021-05-21,124.05890264768954,124.48060514569966,121.3031302084656,122.47016143798828,1882800.0
2021-05-24,123.91178376094037,125.83396014131094,123.86275311559226,125.2259292602539,1266700.0
2021-05-25,126.21720871115043,127.96422633766022,125.412395097827,126.14849853515624,1065400.0
2021-05-26,126.7276023277647,128.08203786534904,124.80392646749593,126.66871643066406,926600.0
2021-05-27,125.85407597125686,128.70035207439753,124.99038381749992,128.17034912109375,1601700.0
2021-05-28,128.57274331916403,130.48660940389303,128.19977942406572,129.89773559570312,1211800.0
2021-06-01,130.9969872091894,132.84215820892416,127.82683882276278,128.35682678222656,1090900.0
2021-06-02,127.82684309719112,129.60330397073437,126.95333413267286,128.5825653076172,803700.0
2021-06-03,126.61962366559666,127.23795545821588,124.57816878415431,125.94242095947266,1141000.0
2021-06-04,125.20630238026892,129.53458722849945,124.78426939161766,129.24014282226562,1039000.0
2021-06-07,128.91629244338728,129.2499891718872,127.7287052935212,128.37648010253906,711300.0
2021-06-08,129.3873641863907,130.0449481648893,122.88020462927132,124.4309310913086,1930200.0
2021-06-09,124.45057877866674,126.06019130489908,122.36003986630408,122.39929962158205,1245800.0
2021-06-10,122.3698441526023,125.83444419296116,121.8889253037266,125.50074005126952,1857800.0
2021-06-11,126.28592907750723,126.29573840057716,124.11687808182276,125.60871887207033,1497600.0
2021-06-14,125.62832267163904,129.1027243810588,125.3142521644812,129.04383850097656,1035200.0
2021-06-15,128.98497989958477,130.09404746256428,127.44407746598692,127.89554595947266,1098000.0
2021-06-16,128.8279174886886,129.76032720484395,124.8038941430126,125.90313720703124,1051900.0
2021-06-17,125.54982540494068,127.61092142917204,124.48002512450716,127.18888092041016,1379800.0
2021-06-18,125.26519662972451,126.92389324008904,121.24116524137789,122.54652404785156,2771000.0
2021-06-21,122.98816702607272,124.02853170286436,121.8594810139798,123.88130950927734,1589700.0
2021-06-22,123.71447309965808,124.36224033058512,122.2618921313452,123.62613677978516,1313700.0
2021-06-23,123.3218712445252,125.47128831538345,123.3218712445252,124.84314727783205,913400.0
2021-06-24,126.30553371944612,128.56292052104243,125.94239416032433,128.18995666503906,1339800.0
2021-06-25,129.01443290839242,130.24127235213157,125.97188007355987,127.14964294433594,2613200.0
2021-06-28,128.87700776049337,130.9871802663276,128.07220899615885,130.2903289794922,1388900.0
2021-06-29,129.819216221282,132.6851106902896,129.50513820908526,131.8214111328125,1314400.0
2021-06-30,132.2041537830285,132.44952155730138,130.00566811022196,131.47787475585938,838700.0
2021-07-01,130.97733784541006,131.38955398123912,126.84535218974968,126.98275756835938,1262800.0
2021-07-02,128.46477128366152,128.572733720179,125.58906022230728,126.14849853515624,928200.0
2021-07-06,126.2859201277503,126.59999815651908,122.26188898455472,124.1266860961914,1599800.0
2021-07-07,125.56944542442176,125.56944542442176,120.57375241845344,121.15282440185548,2780700.0
2021-07-08,118.14953397668071,121.38839285342604,116.94232825049916,120.54432678222656,1458300.0
2021-07-09,121.39819671994924,123.62613344554792,120.0928379946088,123.3709487915039,1251600.0
2021-07-12,123.74392374052223,124.91186968857602,122.82133816996404,124.72539520263672,1074600.0
2021-07-13,123.92057911571426,125.67741379270464,123.22373533121514,124.44075775146484,1038200.0
2021-07-14,125.76575134587296,128.4549885175678,123.58688352286408,123.9303970336914,1114500.0
2021-07-15,123.47889985952952,123.47889985952952,119.906344984359,120.84855651855467,1528600.0
2021-07-16,121.33931068552428,122.4876379541694,117.42324176064912,117.66860961914062,1145600.0
2021-07-19,116.01972118646854,117.92377789991274,114.23344372442344,117.83544158935548,1422300.0
2021-07-20,119.14083293111726,122.33061552418934,117.59010605797256,121.4865493774414,1324600.0
2021-07-21,122.0459559242452,126.1386969786325,121.86929078889013,126.0798110961914,1210000.0
2021-07-22,125.36334324879894,126.77665695075083,123.7046542126664,124.37205505371094,1013200.0
2021-07-23,125.8540749198486,127.07110486165168,124.48002093399454,126.41352081298828,850000.0
2021-07-26,125.6283394616556,127.50295343381562,124.63705124894186,125.06890106201172,1153000.0
2021-07-27,124.15614434152104,124.55855124945306,118.53230937028904,121.17247009277344,2501200.0
2021-07-28,116.97174783331076,121.72206524982536,115.51916703941583,119.8180160522461,2342800.0
2021-07-29,122.01652538293912,124.94131347926395,121.5846755663996,123.32188415527344,2027600.0
2021-07-30,121.64358069514488,126.4822280250607,121.64358069514488,124.64688110351562,1148100.0
2021-08-02,125.25539278378554,127.8661030228584,124.43095284805564,124.66650390625,1004400.0
2021-08-03,125.1768502607593,125.87369398386052,122.52687326301688,124.39167022705078,915300.0
2021-08-04,124.32297643631132,126.62944014244395,124.05798246158136,125.53018951416016,1052800.0
2021-08-05,125.922773904714,126.19758467743684,123.69482980522304,124.2346420288086,912300.0
2021-08-06,123.77337428511898,125.36336084705036,123.3218982833928,124.51929473876952,673700.0
2021-08-09,124.94131571750994,125.26519559768406,123.27280979791963,123.60651397705078,650900.0
2021-08-10,123.78317226427518,124.37205359049642,117.96304672259006,120.21061706542967,1341600.0
2021-08-11,120.65228038039616,120.77005964494582,116.62824910869016,119.13099670410156,1354300.0
2021-08-12,117.87469896105114,117.89433257990396,115.90193959611,116.45156860351562,1292600.0
2021-08-13,115.941213431724,116.95213526057962,115.56825699655631,116.54972839355467,977700.0
2021-08-16,116.12771063484924,117.37417617789892,115.1266129732532,116.27493286132812,946600.0
2021-08-17,114.94992474955166,115.25417846537508,112.4962464270222,113.93900299072266,1087300.0
2021-08-18,113.90955653034509,115.43084003853468,111.72087972755352,111.89754486083984,1499400.0
2021-08-19,111.44608194331454,112.9477320071456,109.92479825792483,112.0938491821289,1433100.0
2021-08-20,112.2606776990486,113.29122549592644,110.08181783690256,111.45587158203124,1478300.0
2021-08-23,112.03495387586165,115.02843694111232,112.03495387586165,114.48863220214844,878300.0
2021-08-24,115.6664124486388,116.59881484768636,114.34142744792187,114.63587188720705,976500.0
2021-08-25,114.9106750243243,116.5497304896616,114.74382668096167,115.8725128173828,959100.0
2021-08-26,115.66639930047144,116.59880159352988,114.5573393495629,114.98918914794922,613300.0
2021-08-27,115.38177527891408,120.50505718016312,115.38177527891408,120.3283920288086,1406400.0
2021-08-30,121.1724690072485,121.8104269720411,119.85730080761338,120.9271011352539,970800.0
2021-08-31,121.05477631498522,121.05477631498522,117.6954196084314,119.28669738769533,1812900.0
2021-09-01,120.19040095308128,120.35738483658002,117.47933719261871,117.548095703125,1251400.0
2021-09-02,118.30443084904788,119.46350807983288,118.22584756361157,118.726806640625,821100.0
2021-09-03,118.44196536365844,120.25916101689518,118.22586504381442,119.71891021728516,761900.0
2021-09-07,119.99394872801422,120.45560872479982,117.94100323543356,118.02941131591795,1289400.0
2021-09-08,117.8722368244153,118.25532099456544,116.3988338641101,116.72298431396484,1271000.0
2021-09-09,116.67387685994976,118.51072205631884,116.02558340448248,117.05696105957033,764400.0
2021-09-10,118.04904957264807,121.9781242696986,118.04904957264807,118.82504272460938,1318800.0
2021-09-13,119.77783316639456,120.84850232251976,117.99010464872217,120.15109252929688,990300.0
2021-09-14,120.64222681980154,121.04496053519034,118.79556458538522,120.15109252929688,1197000.0
2021-09-15,120.24933194986924,120.3377400294376,118.51071965558936,120.06270599365234,966000.0
2021-09-16,119.3750976076112,121.63431830669153,118.17672875822674,120.95655059814452,854400.0
2021-09-17,120.11180571004849,120.7404570276098,117.30251685602104,119.19829559326172,2418000.0
2021-09-20,116.24167041821984,116.24167041821984,112.6367462100769,114.41465759277344,1809900.0
2021-09-21,115.59336119794122,115.60318598161764,113.52077399495226,113.92350769042967,1823400.0
2021-09-22,114.89595247256295,116.42828899884296,114.10031735224284,116.21218872070312,2282600.0
2021-09-23,117.01765971077089,118.75627939025304,116.52652539360204,117.6168441772461,2490700.0
2021-09-24,116.76226868108851,117.97045483652828,116.3300681082212,117.214111328125,1137200.0
2021-09-27,116.25149151993055,117.02748464131828,115.03348051018595,115.4558563232422,2108100.0
2021-09-28,113.2261007643266,113.50114227355228,108.35404929833696,109.49348449707033,2404900.0
2021-09-29,110.2989569637087,110.65257430723288,107.1556925206178,107.2342758178711,1556000.0
2021-09-30,108.04956066511382,109.5524306280337,107.1655173063034,107.2342758178711,1494400.0
2021-10-01,107.754871151844,108.0397299682149,106.06537531803008,107.5289535522461,1354300.0
2021-10-04,106.50738562360276,106.76277756041472,103.373946361306,105.36795043945312,2350000.0
2021-10-05,106.29128722999448,108.29511612839876,105.36795232248366,107.5387725830078,2581800.0
2021-10-06,105.96711738346949,107.46999440270416,105.11254863065898,107.0672607421875,1642600.0
2021-10-07,110.35787075869806,111.0454632443101,109.21844313077126,109.45418548583984,1492100.0
2021-10-08,109.87656075364347,110.0435446087857,107.25390552012394,107.61734008789062,967300.0
2021-10-11,106.9886956563574,108.46209857760616,106.00642704219152,106.10465240478516,897300.0
2021-10-12,107.83343060783476,107.83343060783476,104.9553837131149,105.44651794433594,978100.0
2021-10-13,106.72349292621684,107.33249470784764,106.18324215788444,106.54668426513672,1181200.0
2021-10-14,109.40507724561022,110.78025482560474,108.44245818549447,110.72132110595705,1732400.0
2021-10-15,111.9786153264841,112.7939000261328,111.2222718361629,111.90003204345705,1428500.0
2021-10-18,110.87847794422667,113.80564169799332,110.5641522889463,113.72705841064452,1118000.0
2021-10-19,114.25748929479244,115.06294928962495,113.64848003270345,114.65039825439452,1107200.0
2021-10-20,114.42447718877062,114.98437004029503,113.01001537624938,114.8763198852539,884800.0
2021-10-21,114.19855366878132,115.73089034214114,113.94316172518305,115.4558563232422,749800.0
2021-10-22,115.45584707908738,118.66786196278925,113.85475202919704,114.06102752685548,1307200.0
2021-10-25,114.07082926782545,116.5756167441804,113.61898669252828,115.200439453125,1159600.0
2021-10-26,116.4872294729072,116.75244619114714,113.08858102215048,113.10823059082033,1292500.0
2021-10-27,117.3025200625383,122.61659704163188,115.74071651049908,120.88780212402344,3406600.0
2021-10-28,127.6949148616112,135.89686346532167,126.1134618549498,134.5806121826172,5711700.0
2021-10-29,132.81254566318057,136.27995266552233,132.5767958004672,135.788818359375,2347000.0
2021-11-01,135.72983937071888,137.3407739241773,134.18768578735555,137.13449096679688,2050400.0
2021-11-02,136.879150390625,137.32116831137063,134.9440798377179,136.879150390625,1571400.0
2021-11-03,137.72393529021858,139.1776891312362,136.14248169019288,137.8319854736328,1260000.0
2021-11-04,137.9399884081544,142.1637468789244,136.75145165680107,142.02622985839844,1734100.0
2021-11-05,142.6843335258297,144.15773644736615,139.6884262426225,141.66278076171875,1676500.0
2021-11-08,142.2030241792597,142.62539246734752,139.85540291128655,141.338623046875,1087300.0
2021-11-09,142.18341913035812,143.1362211346427,140.65108208914313,142.84153747558594,1075500.0
2021-11-10,140.631409175814,142.85133106092078,139.00083952277836,139.49197387695312,1281700.0
2021-11-11,141.28950380532464,141.77082078776115,139.31514942717823,140.67068481445312,717300.0
2021-11-12,141.45648615788917,143.76482320762867,140.2679496253897,143.59783935546875,1009800.0
2021-11-15,145.47400411011066,147.29119225770134,144.12828576539695,145.54275512695312,1361900.0
2021-11-16,145.65082715319093,148.83338369449916,144.95342464742382,148.558349609375,1247000.0
2021-11-17,149.6682717194725,151.0041577036664,148.22433558257796,148.9217529296875,1847900.0
2021-11-18,149.72715695602602,150.00220588238503,147.13396911917778,148.17518615722656,997800.0
2021-11-19,147.57604829669393,150.72912228954692,146.8000476649215,148.58778381347656,822700.0
2021-11-22,149.3833994929965,151.76048753147165,146.64286190727276,146.7312774658203,1078300.0
2021-11-23,145.2077473786074,147.94028222008595,143.1239477148736,146.5543670654297,879200.0
2021-11-24,145.13894623623025,148.33345770561326,144.0577209703619,148.25482177734375,983100.0
2021-11-26,145.8172025548164,148.8151174149392,142.9372191176446,143.85134887695312,911000.0
2021-11-29,146.96718281922963,152.2258308936729,144.00856428745,151.81300354003906,1813000.0
2021-11-30,151.23305123192222,152.2258014619388,148.1859734988372,150.25994873046875,2158800.0
2021-12-01,153.10062349707314,155.5186292429807,149.53261056483396,149.7488555908203,1603800.0
2021-12-02,146.9672217946569,149.7489064849944,144.69666324838823,148.36297607421875,1683700.0
2021-12-03,150.436933789856,152.35363784698643,146.5248897401396,147.98944091796875,1565300.0
2021-12-06,148.7266023742454,151.301864936559,142.4358789402474,150.00440979003906,1926400.0
2021-12-07,151.64589592553847,157.15029020525938,151.64589592553847,156.3934326171875,1700200.0
2021-12-08,156.3934418919766,157.90714215962134,154.4275888181026,157.67124938964844,933100.0
2021-12-09,156.38362308743538,158.78195131663932,153.81818414306707,153.89682006835938,1059500.0
2021-12-10,156.77677788155546,157.2092679443999,152.13736356820846,157.03233337402344,1116100.0
2021-12-13,157.7892181298104,157.80888086285012,152.4912439450472,152.70748901367188,1520100.0
2021-12-14,151.2625852099631,153.6412659604334,149.4245171296612,153.277587890625,1076300.0
2021-12-15,155.3024276604262,159.4896902473357,151.66560165790605,159.19482421875,1482900.0
2021-12-16,159.8435566731809,160.24656027401954,153.4840188681788,155.59732055664062,2106900.0
2021-12-17,154.63401682453016,158.00544779606383,151.78352074246692,153.59210205078125,3282900.0
2021-12-20,152.4421041544487,155.42037096989887,152.25534567455716,153.05152893066406,2367200.0
2021-12-21,154.89940510521362,157.80887454959628,153.35621808442372,157.6221160888672,1338800.0
2021-12-22,156.54086374279896,158.2413373295459,156.10838869584234,158.15286254882812,1013900.0
2021-12-23,158.36915056744328,161.3081069011992,158.36915056744328,159.9615020751953,2040000.0
2021-12-27,161.19994083326606,166.0261133931633,160.7084775990183,165.6820831298828,1019200.0
2021-12-28,165.62312909272916,166.0261325909964,161.64227343535686,161.79954528808594,1107100.0
2021-12-29,161.9666542579345,164.58124277994776,161.9666542579345,163.9226837158203,569700.0
2021-12-30,163.92267277269198,163.92267277269198,160.55122674605687,160.92474365234375,932300.0
2021-12-31,161.73071112837195,163.01835737358704,160.5118919319413,160.7379608154297,1062700.0
2022-01-03,162.04528276811,164.28635425624702,160.03028020249238,163.27394104003906,1724800.0
2022-01-04,163.3132684727142,164.43380433319928,157.6909264363796,163.5393524169922,1357400.0
2022-01-05,161.4063883599536,163.90301539857003,157.50416844265678,157.5139923095703,1904500.0
2022-01-06,157.06184107514443,161.89785333838202,156.00029350330914,160.6888427734375,1540900.0
2022-01-07,159.79438211475042,161.1409867366879,154.18186471543828,155.5677947998047,1473500.0
2022-01-10,153.13997378766177,154.08357496473107,147.91079685426735,153.93614196777344,1635400.0
2022-01-11,153.00235497964778,158.1135701938981,151.2429080031384,157.7990264892578,1329800.0
2022-01-12,159.4700389087664,161.69144793080883,158.4674494394058,160.11875915527344,817600.0
2022-01-13,162.7824502454447,164.82693906451502,154.74210407245334,155.54811096191406,1172300.0
2022-01-14,154.5160593669464,161.8978477722841,154.03443492920013,161.76023864746094,1367200.0
2022-01-18,158.19217083494135,158.83106696986445,152.5894935805822,152.90402221679688,1878000.0
2022-01-19,153.58230648745408,155.7644050978896,145.62059371983565,145.78770446777344,1696000.0
2022-01-20,147.7928570698705,150.23051105102402,142.80941157392874,142.9961700439453,1377700.0
2022-01-21,142.52437665787292,146.12189210964996,140.04739708471658,140.94186401367188,1785600.0
2022-01-24,136.36138741051073,145.0996032844006,135.23102794919996,144.9226837158203,2218200.0
2022-01-25,140.24392487477763,141.35463645333374,135.6831471958808,135.9288787841797,2198200.0
2022-01-26,141.1089386272955,145.4141618838213,137.52126257903697,140.92218017578125,2512400.0
2022-01-27,108.6330508841028,110.48095779959532,100.7598137571355,109.34075927734376,17003100.0
2022-01-28,106.05776807288616,110.28434741274,103.69874303482636,110.20571899414062,6017200.0
2022-01-31,110.0582933440151,115.92636638544673,109.70443916569818,115.4250717163086,3923900.0
2022-02-01,116.31953241206558,117.1353633050612,112.17158838204062,114.88446044921876,2107200.0
2022-02-02,115.41525605447436,118.52130815362938,112.7023836504305,115.21867370605467,2579800.0
2022-02-03,112.02413264793088,114.67803115665482,109.81254805761628,109.95015716552734,2293300.0
2022-02-04,109.55699552912436,113.27245679563369,108.28901934308574,112.06346130371094,1720900.0
2022-02-07,112.20108818258348,114.31438216044768,111.65064411214752,112.27972412109376,1878500.0
2022-02-08,111.3164429545599,114.91395808804052,110.93310216153462,114.40283203125,1669700.0
2022-02-09,115.85756263871124,119.80892432555892,115.03190038377991,119.2978057861328,1709800.0
2022-02-10,116.07380105904711,120.11363007075688,114.84514278295862,115.3267822265625,2215300.0
2022-02-11,115.33660243490296,116.64389659898598,109.92068232507572,111.15916442871094,1703100.0
2022-02-14,111.07070834150775,114.8942923030678,109.19331489296474,110.39248657226562,1496300.0
2022-02-15,112.21090760274303,116.48663694045754,112.112608940503,116.08363342285156,2002800.0
2022-02-16,114.82547524811672,117.94135050265956,113.8228935018614,117.07637786865234,1151400.0
2022-02-17,115.275955552728,116.42704080516305,113.94777968406711,114.12487030029295,1614400.0
2022-02-18,114.30197671137502,114.51842166179014,111.00613020968524,112.97380065917967,1517400.0
2022-02-22,111.79317763455803,115.32514948111556,110.7011200933548,111.97026824951172,1496700.0
2022-02-23,112.64911700633276,114.12486963086988,109.44181253397365,109.71728515625,1528200.0
2022-02-24,105.37859147684992,115.62031225881272,105.37859147684992,115.49241638183594,2008000.0
2022-02-25,115.1972530583967,118.19795324091544,113.02297829748412,118.09957122802734,1738300.0
2022-02-28,117.48960018120307,117.61750356369716,113.4263634244324,116.01384735107422,1887000.0
2022-03-01,115.8367567002092,116.37786907363186,111.45869297366974,112.70816040039062,1715500.0
2022-03-02,113.35749065282894,116.23028757728358,112.96395507957304,115.40386962890624,1323700.0
2022-03-03,114.59712730489068,115.38419096060647,110.43550110962686,112.324462890625,1333500.0
2022-03-04,110.95692965507266,111.92109142767391,108.26122338165554,109.9435806274414,1320300.0
2022-03-07,111.03563847939031,112.04898750892887,104.6111959859675,104.69973754882812,2315200.0
2022-03-08,105.67374133505172,109.923909054573,103.65687619361668,105.8114776611328,1877100.0
2022-03-09,109.32376717038346,111.20288844842264,107.65124287196356,109.9435806274414,2146600.0
2022-03-10,107.82832912744094,108.9203867260814,105.83114500746112,108.18251037597656,1356700.0
2022-03-11,110.19938508510762,110.42566298229202,105.0539235822486,105.15230560302734,2030700.0
2022-03-14,105.93936466190038,110.13050432099732,102.63367810065012,103.86347198486328,2014300.0
2022-03-15,104.81780576842112,109.21555042498214,104.5521660542832,108.7236328125,1523200.0
2022-03-16,110.39615696428564,115.08905549988307,110.16003859643996,114.8627700805664,2341300.0
2022-03-17,113.54442818365771,118.70956317238412,112.8262251587462,118.65052795410156,2140800.0
2022-03-18,117.0566979286834,121.80861553087831,116.7025167090574,120.96251678466795,4074600.0
2022-03-21,119.8114490905032,121.4446191204464,117.2534790794992,118.98503112792967,1256400.0
2022-03-22,119.40807382857008,120.66738160874614,118.21763420805782,119.04405212402344,1070900.0
2022-03-23,117.8634668470144,118.84730210448171,114.30198051279837,114.62664794921876,1289500.0
2022-03-24,116.12205842521207,120.71656665048047,115.27595961852056,120.70673370361328,1533100.0
2022-03-25,120.89365218187424,122.18248124350332,118.73905845627836,122.03490447998048,1260400.0
2022-03-28,118.97518972931192,121.28720092270132,118.10941746500644,120.97237396240234,2021700.0
2022-03-29,123.2253590096502,125.2323837217929,120.5591665138421,123.34342193603516,1427200.0
2022-03-30,122.45798135420677,122.84167652185631,118.55215400068232,119.0735855102539,1536600.0
2022-03-31,119.3293733635253,120.65754939405218,116.27948571777958,116.31884002685548,1659200.0
2022-04-01,117.63717655111144,117.89297580913164,112.90493156110664,114.48890686035156,1402900.0
2022-04-04,115.03984609013064,118.25698377551346,115.03984609013064,117.0173568725586,1077400.0
2022-04-05,116.0827100780897,116.25980070965164,109.59923988436806,110.10099792480467,1951400.0
2022-04-06,108.2218741882619,111.1438659923157,107.30690713351846,109.40247344970705,1665600.0
2022-04-07,108.97941738784913,111.7931865463816,107.72995003711986,109.61891174316406,1284900.0
2022-04-08,108.92038377142156,109.17618300088417,106.7559495389214,106.90352630615234,1238000.0
2022-04-11,105.60485936785234,107.07077911753818,104.9850459374521,105.50647735595705,1428400.0
2022-04-12,107.52334731903476,109.54020492681876,105.42778109569043,106.43128967285156,1457100.0
2022-04-13,107.40528303855224,109.48117583480946,105.83114827756889,107.83817291259766,2537200.0
2022-04-14,108.38911544763272,108.66458808554512,104.28652472000906,104.3061981201172,1193100.0
2022-04-18,104.12912824197151,107.04128743858924,103.68640534369766,106.39195251464844,1426200.0
2022-04-19,106.8641949233592,111.14387705464527,105.57536555289413,110.7896957397461,1620700.0
2022-04-20,112.7475292949485,115.52194467398309,111.03565789241264,111.07501220703124,1727800.0
2022-04-21,112.97380010180258,114.68567128271812,109.12700078910764,109.40247344970705,1275700.0
2022-04-22,109.05812875072016,110.64210399897829,107.22819470622404,107.43479919433594,1613600.0
2022-04-25,106.84450112251352,110.87822393766552,106.2542015042588,110.75032806396484,1989900.0
2022-04-26,109.2352248286043,109.32377390281805,105.9000239858738,105.94921875,2395600.0
2022-04-27,108.68428195006078,113.61329868517088,103.8733281478753,104.6013641357422,3966200.0
2022-04-28,106.93305993029516,111.80304160691266,104.22751288638152,109.87472534179688,2679300.0
2022-04-29,107.87753637046222,110.24857541336186,103.53881932684418,103.75526428222656,1907100.0
2022-05-02,103.91266892787245,107.34625142310296,102.44674918269538,106.81497955322266,1731200.0
2022-05-03,106.32308038643352,109.07782222408493,105.12280012154352,107.57254791259766,1192800.0
2022-05-04,107.7299543118409,112.34414379800636,105.4081026412556,112.324462890625,1992700.0
2022-05-05,109.99279295404158,111.88175498717472,105.13264401935407,106.75597381591795,2141900.0
2022-05-06,105.4277857842708,106.84450339702796,102.84029435163671,104.20782470703124,1325700.0
2022-05-09,102.60416910337298,103.51913609676416,98.20642476436588,98.59996032714844,2099000.0
2022-05-10,101.79742469275976,102.75174599411731,98.245779182587,100.80374908447266,1718500.0
2022-05-11,99.48542687510307,102.92885037792364,98.67868224039924,98.79673767089844,1661300.0
2022-05-12,97.5866244175009,100.58731753607486,97.0455120077893,100.21346282958984,1823300.0
2022-05-13,102.19096563057532,106.66741131779084,101.52195738972124,105.61470794677734,1570100.0
2022-05-16,104.25701163456596,104.77844306103523,101.69904175588545,101.84661102294922,1212300.0
2022-05-17,104.50299000830972,107.10031468038476,103.24368198622096,106.75597381591795,1492900.0
2022-05-18,104.70957890237436,106.58870020010352,100.84310633015596,101.13825988769533,1555500.0
2022-05-19,100.74472711292948,103.83396907514712,100.3610319811046,100.52828216552734,1482600.0
2022-05-20,102.91899865986016,103.37156194140262,96.05182580882604,100.7152099609375,2132100.0
2022-05-23,100.81359004548924,102.67303789739135,99.96749120740964,101.22679901123048,1290200.0
2022-05-24,99.97601886554096,100.46846304228016,96.4993641800185,97.69107818603516,1736400.0
2022-05-25,96.6470611260006,99.97598752627094,96.47963196177736,98.71533203125,1560500.0
2022-05-26,98.65625075646884,103.86631031885398,97.6615190688331,103.35417175292967,1539000.0
2022-05-27,104.66406041751084,107.77631057896926,104.66406041751084,107.74676513671876,1688700.0
2022-05-31,107.35279846060244,108.40662838345904,105.50121161424772,107.60887145996094,1948400.0
2022-06-01,107.76646078603989,108.71195251902016,103.74811528529835,105.02847290039062,1453900.0
2022-06-02,104.8216554851922,108.948339607487,104.1322367241386,108.90894317626952,1091300.0
2022-06-03,106.78157867366068,107.0278007278874,105.264849917932,105.8065414428711,1099000.0
2022-06-06,107.43160804347332,108.06193589846606,104.96938751175144,105.19590759277344,808100.0
2022-06-07,103.6791644134416,107.08688376746588,102.94049835673282,106.88005065917967,1046800.0
2022-06-08,106.28913224038074,106.53535428922191,103.15718747855678,103.52159881591795,1610600.0
2022-06-09,102.18213872755666,103.72841271906267,99.57218380181598,99.66082763671876,1436400.0
2022-06-10,98.05546493739958,98.77443661603849,95.36672441002648,95.50460815429688,2152900.0
2022-06-13,92.1855195549868,93.16055661607346,89.09297169327809,89.8611831665039,2939400.0
2022-06-14,90.6687938648981,91.289278161753,88.32476294927885,89.53617858886719,1742200.0
2022-06-15,90.98396190589092,92.96358913289632,89.09297851710068,91.04306030273438,1756000.0
2022-06-16,88.61039099457334,88.69902732424289,84.36552533189769,85.63602447509766,2837100.0
2022-06-17,86.010281963908,88.34446201667761,85.30116130996782,87.7141342163086,4165300.0
2022-06-21,89.55587258760156,91.8309616268712,89.39828688948954,89.99906921386719,1699000.0
2022-06-22,88.1967355005474,91.0036651826574,87.94066248148293,89.95967864990234,1541000.0
2022-06-23,90.34378780610268,91.27942848600624,89.44753603739312,90.55061340332033,1268200.0
2022-06-24,92.2347878841,95.78038414927344,91.653699898124,95.65235137939452,2756800.0
2022-06-27,96.61754379943602,97.49409381318056,94.94323664183676,96.47966003417967,1542300.0
2022-06-28,96.52889687206488,97.75015616504008,93.465893896395,93.79090881347656,2352400.0
2022-06-29,91.84082646251056,92.05750307304284,87.18230187836866,88.88616180419922,2642700.0
2022-06-30,88.1376407966087,90.31424276462532,86.92623254760827,88.19673919677734,2458000.0
2022-07-01,87.33988564268367,87.75353688219182,82.94728518413834,84.50341033935547,1965300.0
2022-07-05,81.71616422311308,85.71480737560589,81.71616422311308,85.49813079833984,1686200.0
2022-07-06,85.87240280249968,88.04900477819668,85.37995871259265,86.66030883789062,1434700.0
2022-07-07,88.63994366652275,90.47183643675898,88.48235793768039,90.13697052001952,1766900.0
2022-07-08,88.9354072898004,91.03321644657645,88.4922030922163,90.68850708007812,1056800.0
2022-07-11,89.31951485703425,89.80210797970126,87.7141422533509,88.58084869384766,1333500.0
2022-07-12,89.58543287112907,89.89074581918466,87.77324212717201,88.31492614746094,1023400.0
2022-07-13,86.7292559654497,90.26500865257056,86.12847353822944,88.66948699951172,1282600.0
2022-07-14,88.63993243698673,91.01351645678967,86.68985061716894,90.52107238769533,1196700.0
2022-07-15,91.39761889105662,92.35295403835984,89.6445117572726,92.33325958251952,1100900.0
2022-07-18,93.41664940728091,94.9826256387786,91.1514109311002,91.8802261352539,1489000.0
2022-07-19,93.34771133188596,97.9372943901117,93.24922400527582,97.73046875,1815400.0
2022-07-20,97.63197868066996,101.236673620757,97.3365166864,100.25178527832033,2154900.0
2022-07-21,101.14800759459372,101.27604786007376,98.9517112802062,101.21694946289062,1072600.0
2022-07-22,100.62602187173766,100.96088775469424,97.27740061267394,98.94186401367188,1610400.0
2022-07-25,98.25244479450404,98.78428530177848,96.92284728336811,98.5873031616211,1639400.0
2022-07-26,97.82894694380194,99.06990066862303,96.07584714585728,96.66677856445312,2045400.0
2022-07-27,89.81195081347873,97.34633898279516,87.94066186711186,96.45994567871094,5071300.0
2022-07-28,95.4356576855134,97.59255749893994,92.06734221186112,97.45467376708984,2688600.0
2022-07-29,97.40543129658504,99.65097488633906,96.25311406196386,99.3653564453125,1680800.0
2022-08-01,98.3903145300981,99.98582831070613,97.50391381081629,98.78427124023438,1431600.0
2022-08-02,98.3312328332055,99.67068136660885,97.27740277528824,97.44483947753906,1265000.0
2022-08-03,97.85847737916734,100.7638941248884,97.49406609510729,99.88734436035156,1481200.0
2022-08-04,100.10403938647106,101.16772048134098,99.45401706011782,100.17298126220705,1327100.0
2022-08-05,98.77443039412182,100.58662092700952,97.19861090593687,99.22747802734376,1668500.0
2022-08-08,98.65625217835436,99.96615532740805,96.36146079947396,98.23274993896484,1775600.0
2022-08-09,96.10539658488834,96.6766335693883,89.72331746208064,91.42717742919922,3039200.0
2022-08-10,94.27349487756358,97.79939625635092,93.3280031556838,97.6221160888672,2157000.0
2022-08-11,98.5085168608664,101.30560332443238,98.06532016569508,98.3903350830078,1150700.0
2022-08-12,98.77443673887666,103.65948122308984,98.61685102288564,102.7632293701172,1987800.0
2022-08-15,102.41851808343694,103.01930046468136,100.3699564127727,101.3449935913086,815500.0
2022-08-16,100.9214946565842,101.37454232509796,99.40476593289873,100.0449447631836,834300.0
2022-08-17,98.77443482924376,99.58204282283263,97.11982241382997,98.94186401367188,1329400.0
2022-08-18,98.8827727456343,100.05478454619497,98.48881597889864,99.4047622680664,1608800.0
2022-08-19,97.80924528754666,98.85323189500627,95.15990112423574,95.38642120361328,1741300.0
2022-08-22,93.17043329672936,93.48559725764368,90.32410666138075,91.02337646484376,1899300.0
2022-08-23,91.25974908466208,93.14088173963016,91.10216335749143,91.57491302490234,885200.0
2022-08-24,91.82113427885128,92.14614168859976,90.47183467972228,91.17110443115234,1209900.0
2022-08-25,91.35823958316416,94.94323234581724,91.29914117637009,94.8742904663086,1347100.0
2022-08-26,94.92351361976289,94.99245548710446,88.53159187075173,88.79751586914062,2249900.0
2022-08-29,88.08840069043623,89.29980893660624,86.19740968556766,86.30574798583984,1251400.0
2022-08-30,87.08478635027006,87.3707637986708,83.7714023237888,84.53072357177734,2527800.0
2022-08-31,85.44781347114014,85.44781347114014,82.65707527928073,83.4656982421875,2072300.0
2022-09-01,81.77943591928404,81.91749296826947,79.29440151400142,81.63151550292969,2502200.0
2022-09-02,83.25863131433837,84.08697367071692,81.10887600203561,81.8879165649414,1353600.0
2022-09-06,81.56248383148457,82.95292515860483,80.72427820254383,81.76956939697266,1349700.0
2022-09-07,81.60190617316034,84.37291713537395,81.40468403170563,83.84040832519531,1715300.0
2022-09-08,82.71624602077017,85.24073369217932,81.91748636976013,84.94489288330078,1400000.0
2022-09-09,86.28601677230225,88.76119490287707,86.14795974735004,87.607421875,1804600.0
2022-09-12,87.60743726459975,87.6567465779776,85.51685479176992,86.16769409179688,1902900.0
2022-09-13,82.77541791226867,83.74181716816467,81.78929192341074,82.00624084472656,2477400.0
2022-09-14,82.72611525727801,82.95292756331789,81.11873247462967,82.47958374023438,1372900.0
2022-09-15,81.97665852481384,83.05153986691751,80.27066461537672,81.20748138427734,1810400.0
2022-09-16,80.38899780486989,81.31595876304611,79.30426058010454,80.96095275878906,3571000.0
2022-09-19,80.11288523687129,81.8977786602636,79.78746932966307,81.34554290771484,1534800.0
2022-09-20,80.28052097657411,80.63551941361007,78.64354821128252,79.71842193603516,1674800.0
2022-09-21,79.91567007524776,83.41641365542048,79.7973322199216,79.84664154052734,1782600.0
2022-09-22,79.47191039713235,79.98470025722708,77.72647025551439,78.68301391601562,1955800.0
2022-09-23,78.00257621703567,78.63369634513835,76.23740952252977,78.0913314819336,1909800.0
2022-09-26,78.10117491733361,79.32397655435072,76.0796211644167,76.13878631591797,1427100.0
2022-09-27,77.97297709815813,78.59423372649067,76.12891889788627,77.2826919555664,1570700.0
2022-09-28,76.8192094604619,78.18006050011124,76.454340167344,77.8546371459961,1619100.0
2022-09-29,76.58254182995147,76.98684954106245,75.12307217187654,76.09933471679688,1601000.0
2022-09-30,74.61030250386678,76.10921082867355,73.96931904990896,74.10737609863281,1744800.0
2022-10-03,75.11320241682046,78.62381547600937,74.42291734752254,77.5982437133789,2160200.0
2022-10-04,79.71842460073732,81.08914670318421,79.32398020783599,80.53691101074219,1493800.0
2022-10-05,78.89008364870338,81.69067800693091,78.1406257474482,80.81302642822266,1193800.0
2022-10-06,80.6256684980453,82.04568490360644,79.87621058840111,80.87220001220703,1216200.0
2022-10-07,78.5350823782626,79.04787216590387,75.58656743173322,76.25713348388672,2321800.0
2022-10-10,76.5332433351134,76.5332433351134,73.71292223049772,75.0540542602539,1701400.0
2022-10-11,73.81154379407566,74.86669851610911,71.8491547831724,72.99305725097656,1761600.0
2022-10-12,72.85499001392924,73.13111162826924,70.94191058904269,71.0010757446289,1928300.0
2022-10-13,68.05255039138527,74.79764792872926,66.86919479854951,74.06791687011719,3403800.0
2022-10-14,75.01460326078914,76.06975776214857,70.2121670128676,70.37981414794922,2410300.0
2022-10-17,72.52956586144751,72.92401021842225,70.13327952746113,70.51786804199219,2107000.0
2022-10-18,73.05223074200143,73.48612115422992,70.12343472261638,71.770263671875,1717100.0
2022-10-19,71.54344667705688,73.23957713341093,71.17857733650604,72.16470336914062,1524300.0
2022-10-20,72.52957445614719,74.55112835759878,72.15484173965424,72.92401885986328,1455900.0
2022-10-21,73.15082655936982,76.36559940743533,72.70707287134492,76.19795227050781,2158500.0
2022-10-24,76.85867405960576,77.18408996918346,75.56684369514463,76.38533020019531,2094900.0
2022-10-25,77.06574065317635,79.1366035401731,77.02629471431864,78.54492950439453,2186600.0
2022-10-26,78.54493772482576,84.01793253300485,77.57853093052759,81.1088638305664,4210700.0
2022-10-27,82.02595975987191,83.12056020546082,78.68299327152013,78.75202178955078,2147500.0
2022-10-28,78.81120554536913,82.47959628049027,78.81120554536913,82.19361877441406,1665100.0
2022-10-31,81.30609649233129,81.69068508154145,79.50149139047798,80.22135925292969,1499000.0
2022-11-01,82.12456814095131,82.4204089361928,80.53690475514613,81.07927703857422,1220700.0
2022-11-02,81.10887995132708,82.58806925135129,78.08147281821938,78.3378677368164,1959700.0
2022-11-03,77.00657641265856,79.79731482309607,76.20781675309829,78.97882843017578,1359100.0
2022-11-04,81.60193188838318,83.65307590947607,80.18190794708121,83.54460144042969,2344900.0
2022-11-07,84.58003049301288,84.71809506574651,82.12457866267648,84.35322570800781,1737500.0
2022-11-08,85.39850786422329,86.00004531039144,83.56431295025877,85.2505874633789,2087300.0
2022-11-09,83.7418123805738,84.5997446503074,82.9430527827988,83.19944763183594,1639700.0
2022-11-10,88.75135433399139,92.12390399303212,87.47925068571205,92.03515625,2472700.0
2022-11-11,91.9957105886316,95.54576326838924,91.36459044661004,94.97380828857422,1716400.0
2022-11-14,93.51433748021032,95.07241848406636,92.73529697828232,92.83390808105467,1254600.0
2022-11-15,96.02895659594162,96.38396259266597,93.44531103744734,95.24991607666016,1581800.0
2022-11-16,92.29152669273118,93.33682534568185,89.76704659595583,90.21080780029295,2188800.0
2022-11-17,87.57785339946895,91.6209762836208,87.33132188329115,91.22652435302734,1346500.0
2022-11-18,92.77474357939384,92.93251984023506,90.09247943318849,91.61111450195312,1507500.0
2022-11-21,90.35872806593088,90.52637521383308,89.34301942906028,89.8360824584961,1014400.0
2022-11-22,90.91095492918733,91.72943376051798,89.39232004346425,91.64068603515624,1401900.0
2022-11-23,91.83791838006962,94.23420503605452,91.34485534405252,92.72543334960938,883000.0
2022-11-25,91.89612667835684,92.50823614019848,91.4024861279132,91.412353515625,530300.0
2022-11-28,90.10912733647928,91.07666596393705,88.56897149313401,89.0724868774414,1306600.0
2022-11-29,88.9935016307138,89.7142200173966,87.73965817507793,88.05558776855469,1099900.0
2022-11-30,88.52948498991178,92.29103070184544,86.74250879979967,92.26140594482422,2426400.0
2022-12-01,93.16971146619036,93.4066567991258,89.26007957715177,91.1161651611328,1552900.0
2022-12-02,88.96389593259546,91.62955175209116,88.8552944146113,91.4913330078125,1177200.0
2022-12-05,90.9779525316238,92.6069678111988,90.49418691412563,92.20217895507812,1617000.0
2022-12-06,92.17255160237764,92.24166096871392,88.36164647044912,89.24032592773438,1333600.0
2022-12-07,88.34191984218131,90.30660720440656,87.90751372963322,90.19800567626952,1444600.0
2022-12-08,90.99768694207708,93.9200377654324,90.52379628550926,93.58436584472656,1619900.0
2022-12-09,91.99484509459802,93.6337276593877,91.175400046025,91.2346420288086,2039300.0
2022-12-12,90.70151139685012,93.64360466302242,90.25723041168742,93.38690948486328,1210200.0
2022-12-13,97.51375108693372,97.88892272623536,94.09775937941582,95.28250122070312,1553800.0
2022-12-14,94.5716472453511,96.03281889721153,91.95535110682128,92.95250701904295,1462900.0
2022-12-15,91.12603222063066,91.33336031061162,87.17690852798977,87.39410400390625,2566800.0
2022-12-16,86.89060036091526,88.37152181731548,86.08103026604404,87.88774871826172,3091200.0
2022-12-19,88.28266570641985,88.3616499946275,85.44917404126664,87.27564239501953,1323600.0
2022-12-20,85.81446368749637,88.57885353185554,85.48865914602817,86.67340087890625,1314300.0
2022-12-21,87.5323269230036,88.87502199750196,87.19664750511247,88.60845947265625,1543600.0
2022-12-22,86.49569982228341,86.49569982228341,82.68479408343161,85.01477813720703,2146800.0
2022-12-23,84.36316284036847,85.50841247567546,83.29690502930622,85.45904541015625,858600.0
2022-12-27,84.54086780530628,84.93578170470967,82.9414774346389,83.68193817138672,1156000.0
2022-12-28,82.94147817414326,84.31379814922963,82.25037696093644,83.16854858398438,990300.0
2022-12-29,84.96540039404371,87.00907176141206,84.16570519492105,86.37721252441406,1137300.0
2022-12-30,84.74819441752645,86.34759229242663,84.26442885375064,86.2389907836914,677400.0
2023-01-03,87.7199099257854,88.0259721388847,84.46188734642064,84.83705139160156,1033200.0
2023-01-04,86.13038696912413,86.76224616720093,84.65934047975993,86.30809783935547,2025400.0
2023-01-05,85.73546452250943,87.29537005733708,84.85678517757532,86.01190948486328,998700.0
2023-01-06,87.15716278391277,90.63239601473713,86.61416277009123,90.07951354980467,1444500.0
2023-01-09,91.75790489406958,94.61114657874096,91.19515498645792,92.02446746826172,1654500.0
2023-01-10,92.25154798499948,94.23597756389675,91.62955607405098,93.57450103759766,1160400.0
2023-01-11,93.88054567476269,95.1343967495303,92.55759276438144,95.1146469116211,870000.0
2023-01-12,95.83535443936589,95.83535443936589,92.77478522680896,94.91718292236328,1165700.0
2023-01-13,94.28533320189644,96.99048096690164,94.05825526319448,96.2006607055664,1464500.0
2023-01-17,96.1117961869949,96.60543664767012,94.245835848231,95.41082763671876,1668200.0
2023-01-18,96.07231188855152,97.18794424145317,94.5913903856396,94.69012451171876,1326800.0
2023-01-19,93.63371701790504,94.03850580277044,91.42220990913565,92.65631103515624,1542600.0
2023-01-20,94.18660686158188,96.30926247196808,93.24868541253136,96.28951263427734,1421100.0
2023-01-23,96.89175922230253,103.14124992034276,96.65481388528556,102.18358612060548,2617700.0
2023-01-24,100.70266296389472,101.92688930655288,100.55456930600596,101.70968627929688,1193300.0
2023-01-25,99.2612276107753,102.27242998867648,98.9749152314102,102.12434387207033,1501200.0
2023-01-26,98.44179309672096,103.63489355542656,97.01023857981832,102.35142517089844,3941600.0
2023-01-27,100.26825086547674,102.894421807846,98.06661856523152,102.12434387207033,2593000.0
2023-01-30,100.78164536689448,101.28515324899728,98.74784140347568,98.89593505859376,2067200.0
2023-01-31,98.72810412465935,100.42622872078054,97.75069800288507,100.40647888183594,1973300.0
2023-02-01,100.89024520370572,107.3865482919173,100.63355004125262,106.61647033691406,2784100.0
2023-02-02,108.50218992652252,110.63471309784364,108.01842431651212,110.12133026123048,2352900.0
2023-02-03,107.02125915202689,109.32162563058702,105.70817364805671,106.61647033691406,1608800.0
2023-02-06,106.06360464423538,107.11999507780985,105.01708913032708,105.58970642089844,1411500.0
2023-02-07,105.56007486834412,109.47958135227294,105.45147336382551,108.79835510253906,1824000.0
2023-02-08,107.08050005877628,108.90696846546116,105.9155081371986,106.26105499267578,1129800.0
2023-02-09,107.9690624294536,108.87735923983638,105.38238321829532,106.29068756103516,1906400.0
2023-02-10,104.96771235471228,105.50084498201716,102.96353319220968,104.21737670898438,1414800.0
2023-02-13,104.53331285240228,106.23143743092808,104.01993003051044,105.39225006103516,1303800.0
2023-02-14,104.3161214609609,106.97190241698408,103.73362171289553,106.63623046875,1779300.0
2023-02-15,105.07631100434445,107.14959947698073,104.42470196680844,107.08049011230467,1202400.0
2023-02-16,105.74631495948384,106.52705968501311,104.89639070333816,105.05451965332033,1613900.0
2023-02-17,104.75803532906214,105.37077372180325,102.42568601476196,104.0168228149414,1151500.0
2023-02-21,102.22802372080314,103.11747263057572,99.84625742418208,99.97473907470705,1976100.0
2023-02-22,100.1130985310724,101.5263439125003,98.71961549749535,99.58930206298828,1329000.0
2023-02-23,101.65482056348652,102.18849444882892,99.43118314456132,101.78329467773438,1446300.0
2023-02-24,99.86603046059533,100.755479398411,98.81844503560718,99.46083068847656,1465400.0
2023-02-27,101.06186621171544,101.26940482834178,99.38177984759092,99.78697967529295,1404200.0
2023-02-28,99.78696496383434,101.22985766194428,99.41141248815978,99.95497131347656,1378500.0
2023-03-01,100.32065085809674,101.44729334002558,99.64861783905113,100.19216918945312,1090100.0
2023-03-02,98.7097286905484,101.19032176917432,98.1859397723531,100.85430908203124,1484000.0
2023-03-03,101.27927889314206,102.1786128019045,99.786968954862,101.82283020019533,1393400.0
2023-03-06,102.35649399954625,103.37442452173693,99.82649133934396,100.45899200439452,1432100.0
2023-03-07,100.6270119250012,101.2002180863152,98.92716333076174,99.40154266357422,1577500.0
2023-03-08,99.90554962754383,102.43555986219128,99.55965199976085,102.04024505615234,1474800.0
2023-03-09,101.97106036168212,103.53254961938244,100.34039158193195,100.94324493408205,1652100.0
2023-03-10,101.74377997280614,102.43558292412467,98.86787900290976,100.10323333740234,2371900.0
2023-03-13,98.82832021057216,102.46520269592132,98.4923075410574,101.52633666992188,1749100.0
2023-03-14,103.01866313284006,104.18483788750976,102.21815596344962,103.9377670288086,2529400.0
2023-03-15,102.02048146499412,102.34660920149744,99.13468869409624,101.42750549316406,2050400.0
2023-03-16,100.8740720728932,105.28181450884176,100.32063585994987,104.72837829589844,1462900.0
2023-03-17,105.29169871805324,105.61783400126356,103.30524726759356,103.86856842041016,2428100.0
2023-03-20,104.34295552575354,105.37077109114117,103.65115267251008,105.2521743774414,1326100.0
2023-03-21,105.8253728287188,107.01130971954376,103.80927408231403,105.11380767822266,1462800.0
2023-03-22,105.09403690788989,107.00142387694612,103.08782312209551,103.14712524414062,1422100.0
2023-03-23,104.65920332629358,107.63393818039404,104.27377344121118,106.3491668701172,1262800.0
2023-03-24,105.33123333195842,105.7463104981448,103.21630772519576,105.0940399169922,1679400.0
2023-03-27,105.48935184527582,106.30962875122158,103.82903568601334,104.11563873291016,1133000.0
2023-03-28,103.35466593650358,103.76974309930009,101.00254693398422,102.98899841308594,1392400.0
2023-03-29,104.91616767413235,107.17932998849368,104.4714356272898,106.13175201416016,1689700.0
2023-03-30,107.40661921837211,107.57462555393026,105.57829679376287,106.33927154541016,1760600.0
2023-03-31,105.95384769852232,107.44615753653048,105.3509943050224,106.25033569335938,1598200.0
2023-04-03,105.25216466204569,105.9834921456798,103.76973980765068,105.54865264892578,1236600.0
2023-04-04,105.65735962575285,106.05266687036324,101.52633558355424,101.88211059570312,1502500.0
2023-04-05,100.90372407528098,101.14090995761568,99.0655165221796,100.0439224243164,1818500.0
2023-04-06,98.75915096052174,99.97474274315344,98.0871180115878,99.21376037597656,1216800.0
2023-04-10,98.22546685408749,101.57574630602568,97.8499219516882,101.52633666992188,1788800.0
2023-04-11,102.38615297575303,102.54428193006478,100.8740806651638,101.08161926269533,948200.0
2023-04-12,102.21814215841336,102.49486027638592,100.2020433188948,100.2909927368164,941600.0
2023-04-13,100.36017557173622,101.29904172292292,99.31259011061876,100.74560546875,975900.0
2023-04-14,100.56771016990126,101.55599346450326,98.49231675923768,99.56954193115234,1369600.0
2023-04-17,95.57688154311307,97.21743551764035,94.65777772919198,96.96047973632812,2173200.0
2023-04-18,97.6423826673763,98.59113362963392,97.00988202587124,98.482421875,1123500.0
2023-04-19,97.09882413579456,97.84003653377772,96.5157406685823,97.40518951416016,1146700.0
2023-04-20,96.71339723929812,99.51024058251984,96.68374994887571,98.2452392578125,1315200.0
2023-04-21,98.08712762515918,98.30455117994808,96.74306159555869,96.84188842773438,988100.0
2023-04-24,96.81224167524192,97.54356928544983,95.69548413938358,96.45645904541016,836700.0
2023-04-25,95.9722016508088,96.3872788695262,93.20500511268484,93.24453735351562,1750000.0
2023-04-26,93.69914350130784,93.95609928762404,91.5743402967816,92.23648834228516,2282000.0
2023-04-27,88.94549731924342,90.19073639291372,87.50260460086497,89.31116485595703,3472000.0
2023-04-28,89.4594094794932,90.34886604181771,88.63913999313094,90.30933380126952,1638700.0
2023-05-01,90.61569064037268,91.62373620478836,90.42791441621578,91.21854400634766,1757500.0
2023-05-02,91.41620794700104,91.76210560420522,89.94366789775842,91.22843170166016,1620400.0
2023-05-03,91.15925713554856,92.7405090403275,90.79359710944571,91.0802001953125,1471200.0
2023-05-04,90.9220566398157,91.0604156880239,88.67865703815183,88.92572784423828,1311500.0
2023-05-05,89.88436900936439,91.68304443163632,89.21233601972412,91.54468536376952,2098700.0
2023-05-08,91.58421587700845,91.8708189521889,89.83495767194573,90.34886169433594,1113100.0
2023-05-09,89.27162604506628,89.36056791663431,87.91767530451025,89.23209381103516,1693300.0
2023-05-10,90.42793052922886,90.45757782464108,89.06410216023863,89.89425659179688,1442500.0
2023-05-11,90.1413111084001,90.27967015525851,89.27162459386103,90.11166381835938,1326000.0
2023-05-12,90.36862773150006,90.50698679086123,88.4118234719583,89.8646011352539,1210700.0
2023-05-15,90.14132335790468,93.28406470933928,89.50882261774204,93.11605834960938,1247200.0
2023-05-16,92.6120223635872,94.01538276763618,92.19694520858728,92.3353042602539,1033100.0
2023-05-17,93.29394967473564,94.42059208965055,92.2760190314356,93.80785369873048,1431200.0
2023-05-18,94.40081774983732,98.17605966429264,94.28222857912353,97.4150848388672,2447700.0
2023-05-19,97.53367746784689,97.99817180704574,95.4187518919226,95.9623031616211,1885000.0
2023-05-22,95.56699115068258,97.11859561476696,95.54722880247904,96.66398620605467,1269200.0
2023-05-23,95.90214493625174,96.48588489426372,94.46752389994066,94.53678131103516,1725300.0
2023-05-24,93.58697457403149,94.42796730769568,92.04351905543578,93.39899444580078,1959900.0
2023-05-25,94.5070977384568,97.34666682988384,93.72548158132622,96.23854064941406,3968600.0
2023-05-26,97.35656957539648,103.48092578720478,97.218054736906,102.61026000976562,3136200.0
2023-05-30,105.11343085544787,105.17279974951224,99.99825525321312,101.6307601928711,2139700.0
2023-05-31,99.3452470435231,101.16573189642726,98.31627439029788,99.12757873535156,2176600.0
2023-06-01,99.4540781198983,102.90707543931232,98.56362779879234,102.00672149658205,1694500.0
2023-06-02,102.85760101629758,102.99611584401784,100.42368790972333,102.12545013427734,1149800.0
2023-06-05,101.75938770359066,102.15514765456608,99.7014419973131,100.44348907470705,1084000.0
2023-06-06,99.35515716689764,102.06610798720612,99.02865463366078,101.97705841064452,1335000.0
2023-06-07,103.02580333955862,104.67810040566688,102.08588015369138,103.11485290527344,1566100.0
2023-06-08,103.4314627144558,103.85690331271954,101.89789583621628,103.5600814819336,1129700.0
2023-06-09,104.7968223492646,105.36077776646874,103.59965409690118,103.90636444091795,1599100.0
2023-06-12,105.28164001689682,108.46748903926256,104.66821173263128,108.2992935180664,2198800.0
2023-06-13,109.8724255216931,110.97065565261028,109.2886779739976,110.20881652832033,2137600.0
2023-06-14,109.24911201995062,110.98055513899862,108.26961202618148,109.18975067138672,1855200.0
2023-06-15,107.56712459674291,109.6745351686396,107.45829044270916,108.92259216308594,1553300.0
2023-06-16,110.07031188602814,110.58479451687764,108.88303963114905,109.88232421875,3381500.0
2023-06-20,109.88232416158878,110.80246280061394,106.6272102138222,107.53746032714844,1793900.0
2023-06-21,106.3402936308995,107.82438774575196,105.62792724801142,105.7565460205078,1450600.0
2023-06-22,105.13322013689664,106.6865715411174,104.5296879783944,106.65689086914062,1689800.0
2023-06-23,104.83639597416786,105.87526476106176,103.92615349428478,104.04488372802734,2161300.0
2023-06-26,104.3120294754666,106.45901716687816,104.18341070195795,104.8660888671875,1548800.0
2023-06-27,105.49929049305965,109.28867890318112,104.38127575456744,109.1204833984375,2173900.0
2023-06-28,107.35937276472582,108.2498307630986,106.35018451707226,106.50849151611328,1626500.0
2023-06-29,106.94381524290478,108.62579305419594,106.1819836070119,108.23992919921876,1618200.0
2023-06-30,109.07101426046074,111.3763087802948,108.72472716592382,110.1494598388672,2273500.0
2023-07-03,110.5749078642522,110.89151430748262,108.35865521314618,110.34734344482422,639400.0
2023-07-05,109.21942331787658,109.348042079809,106.68657198541248,106.94380950927734,1900800.0
2023-07-06,105.37066230982282,106.30069686215924,104.95511784756292,105.91483306884766,1792100.0
2023-07-07,106.10283747054022,107.06255291176237,105.0837606778176,105.2123794555664,1990300.0
2023-07-10,105.41024693043867,108.27949673628312,105.41024693043867,108.25970458984376,1142500.0
2023-07-11,108.63567988727029,108.67524908316472,106.21165524591368,108.25970458984376,1161700.0
2023-07-12,110.06041717529295,110.26818944504612,108.7742068079888,110.06041717529295,1344800.0
2023-07-13,110.81233676210012,113.13741553267803,110.62434913243288,112.8109130859375,1977400.0
2023-07-14,113.1275378779596,113.75086220475995,111.48514440163603,111.89079284667967,1752200.0
2023-07-17,112.3360258790424,116.0066842356036,112.2074071129123,115.0172882080078,1788700.0
2023-07-18,115.56145826370212,116.39254729800456,114.50280482324963,115.90774536132812,1310600.0
2023-07-19,115.90773456054583,116.1550835427286,114.01798471339336,114.08724212646484,1410400.0
2023-07-20,111.69291125551088,112.42506216501702,110.61447326370404,111.07948303222656,2179700.0
2023-07-21,112.74166029732152,114.43353393667336,112.13812819170283,113.83000183105467,1772500.0
2023-07-24,114.09714370172328,115.75932924409092,112.9098715493859,113.91905212402344,1565300.0
2023-07-25,114.35438032057854,116.78829333699515,114.35438032057854,115.98688507080078,1256700.0
2023-07-26,114.11692104390626,115.12610910286784,111.99961439281968,113.42434692382812,2725300.0
2023-07-27,117.26321352292037,117.93600312163778,108.98197362744168,109.44699096679688,4265600.0
2023-07-28,111.73250025099104,111.73250025099104,108.68515849564352,111.11907196044922,3063900.0
2023-07-31,111.0695962870822,112.3953832944178,110.40669523492204,111.7423858642578,1491100.0
2023-08-01,110.8123457770723,111.69290756374288,109.98125680702042,110.0505142211914,1544100.0
2023-08-02,108.0321506930084,108.37843778022469,105.74664082039622,106.65689086914062,1912600.0
2023-08-03,105.78622832824428,107.1120230165307,104.72757481191172,106.41944122314452,1652600.0
2023-08-04,106.12262332228543,107.7946975277656,105.0243930937401,106.27103424072266,1193500.0
2023-08-07,107.78480679635364,107.89364096441416,106.48869285358516,107.7650146484375,1096000.0
2023-08-08,105.74662901495267,105.95440124408697,103.39186953627252,105.14309692382812,1685100.0
2023-08-09,105.063980580031,106.54807481910032,104.2328838809355,105.35090637207033,1556200.0
2023-08-10,106.08304666108556,107.83427436429996,105.15301195004344,105.2915267944336,1761900.0
2023-08-11,103.19400002178656,103.27314596048578,100.3445348708391,100.65125274658205,1773300.0
2023-08-14,100.65125701211277,103.64912564297632,100.21592036260384,103.62933349609376,1463400.0
2023-08-15,102.74877186313866,103.0258015320712,100.60178438041902,100.7897720336914,1377500.0
2023-08-16,101.09648441471458,101.98694233174815,100.1169844802239,100.17634582519533,1404700.0
2023-08-17,100.53253958851492,100.9480841440997,99.26611377235558,99.55303955078124,1072000.0
2023-08-18,98.52405568818,100.46327094622936,98.3360680322874,99.98835754394533,1385500.0
2023-08-21,100.037830445803,101.98694177905472,99.76080077278108,101.65054321289062,1250900.0
2023-08-22,103.12474793227392,103.18410927648634,100.997545032251,101.66043853759766,843300.0
2023-08-23,101.531812430563,104.7968144504179,101.531812430563,104.20317840576172,1107300.0
2023-08-24,105.44983077452623,105.44983077452623,100.75019962821628,101.02722930908205,1586000.0
2023-08-25,101.5713858272756,103.24345975065005,100.53251712198184,102.67950439453124,1285500.0
2023-08-28,103.35230932548568,104.50001235397296,102.68941579101086,103.46114349365234,917700.0
2023-08-29,102.66962124595256,106.5183786923172,102.66962124595256,106.23145294189452,1435900.0
2023-08-30,105.81590087837291,107.12190331738746,105.03428466850558,106.23145294189452,909000.0
2023-08-31,105.63720580141556,107.38032314197906,105.63720580141556,106.83560180664062,1621100.0
2023-09-01,107.97456467432929,108.12312778161214,106.55827715653534,107.41993713378906,624600.0
2023-09-05,106.83560091391956,106.94454669132364,104.91420181013882,105.59758758544922,1368300.0
2023-09-06,105.00333383653572,106.44934003568616,103.8742662995153,104.56755828857422,1463700.0
2023-09-07,102.33913343857158,103.00270675513264,97.8723793279642,98.73403930664062,3224300.0
2023-09-08,98.50624581211478,99.57589116528888,98.03085291485998,98.7439422607422,1666700.0
2023-09-11,100.0314830161889,100.0314830161889,96.67399126994624,97.95162200927734,1404000.0
2023-09-12,97.62477030276952,98.8231661945614,96.8522512614684,96.8918685913086,1235000.0
2023-09-13,96.1094458187092,97.89218037031064,96.0698284878425,96.72350311279295,1620900.0
2023-09-14,97.98132175218012,98.07045507990858,96.58483916790114,97.02062225341795,1133200.0
2023-09-15,96.17878602547567,96.41648248352308,93.98007300889331,94.5743179321289,3275400.0
2023-09-18,94.21775634070664,96.01040463988618,94.009771024362,95.8321304321289,1239500.0
2023-09-19,95.74299414492997,97.17909409751476,95.18836660806052,96.85225677490234,2014300.0
2023-09-20,97.46630298746256,97.96150824790595,94.99027668524552,95.06950378417967,1161000.0
2023-09-21,94.46537085196736,95.7231966858563,94.2970028446701,94.69316864013672,1487800.0
2023-09-22,95.68356432181788,96.1193473840068,94.26727692593678,94.48516845703124,1019800.0
2023-09-25,94.08901163110818,95.89155870958112,94.02958941017802,95.51520538330078,966500.0
2023-09-26,96.38675855618374,96.6838847564157,94.60401646725828,94.91104888916016,1410600.0
2023-09-27,95.92126428259984,96.40656335672531,94.58421149522287,95.55481719970705,1852700.0
2023-09-28,95.46566957099049,99.7046253943731,95.32701270246731,98.72412109375,1583900.0
2023-09-29,100.14042679344752,100.55639747524717,99.29857920707188,99.49665832519533,1331200.0
2023-10-02,99.54616623238375,100.6554212094545,98.70431877836177,99.70462799072266,1357800.0
2023-10-03,99.14010142365515,99.88290938770288,96.94138864107656,97.6148681640625,1152500.0
2023-10-04,98.19921659740668,99.75416100201836,97.39697883970454,99.3084716796875,1002700.0
2023-10-05,98.82317618316152,99.98195486223732,97.31775527823832,98.58547973632812,1069900.0
2023-10-06,97.81294777447788,100.42763101504868,97.03052253530387,99.70462799072266,1242200.0
2023-10-09,98.436925241794,98.58548836765952,97.03054377023408,98.10018920898438,953400.0
2023-10-10,98.27844601733136,99.66501479618466,98.05064825724368,98.6349868774414,1241800.0
2023-10-11,98.79345844922514,99.46693796696792,97.58515629478366,98.60527801513672,991500.0
2023-10-12,98.61518675340312,100.4969684736057,97.56535389692768,98.4369125366211,1135500.0
2023-10-13,98.54586910177365,98.58548643831143,94.36633454996726,94.68326568603516,1532800.0
2023-10-16,94.74269274473863,96.34715326909532,94.50498873234687,96.06983947753906,1900700.0
2023-10-17,94.23757131266028,96.4858000788184,92.98965182487312,95.59442901611328,1540200.0
2023-10-18,93.71266387538712,94.49508924115617,92.18743047890196,93.17784118652344,1410900.0
2023-10-19,93.98006180450945,94.29699289619924,91.38518329638896,91.85067749023438,1927300.0
2023-10-20,91.44462150929336,92.32608642552744,90.65228992883772,90.86027526855467,1264000.0
2023-10-23,90.12737615114324,91.9200171489018,89.7807339079626,90.04814147949219,1325100.0
2023-10-24,90.41459809870454,91.2465395000968,89.57275047408591,90.73152923583984,1342900.0
2023-10-25,89.98870965302443,90.25611719602443,85.69032362747444,87.06700134277344,2722900.0
2023-10-26,84.5810628306209,88.9289645585819,83.96700556684063,84.30374908447266,2954300.0
2023-10-27,84.01653799360804,84.44241487911151,81.96638823228515,83.03602600097656,2015500.0
2023-10-30,83.01621639010918,83.39256969877354,81.16414584339527,82.65966796875,1656300.0
2023-10-31,82.59034094720865,83.26382047064949,81.8574392045985,82.47148895263672,1540200.0
2023-11-01,82.47148886254918,82.69928662950487,80.3024947466727,81.96638488769531,2091200.0
2023-11-02,82.97659788941966,85.8983136590193,82.93698055913461,85.0762710571289,2277600.0
2023-11-03,86.30438125706323,87.49287098455694,86.02706749106358,86.8590087890625,1606700.0
2023-11-06,87.28488476774064,87.54239364335068,85.80917506733827,86.7698745727539,1250200.0
2023-11-07,86.74017110838686,87.12643067772929,85.91812841210057,86.19544219970703,1284300.0
2023-11-08,86.13601245224157,86.54207687541751,85.23473516500636,85.55166625976562,1434400.0
2023-11-09,86.09639901873601,86.17563368507138,83.84817014416414,84.1155776977539,2676700.0
2023-11-10,85.18521926127654,87.61172224978834,84.38298152348108,87.27498626708984,1798300.0
2023-11-13,86.59161323388773,87.06701372444567,84.92772285128662,85.78938293457031,1703300.0
2023-11-14,88.68136718694565,89.988708893741,88.29510765240839,89.78072357177734,2095400.0
2023-11-15,90.2363189236706,91.60308296097722,89.56283934958459,90.49382781982422,1371900.0
2023-11-16,90.36507844230492,90.9098073997717,89.51332455766669,89.869873046875,1995600.0
2023-11-17,90.13727900669046,91.21682303172686,89.71140210776925,91.20691680908205,1330800.0
2023-11-20,91.43471707491764,92.4647451271624,91.08807483527616,92.18743133544922,1665700.0
2023-11-21,91.87049180296762,92.32607978427612,90.39477452942694,90.8800811767578,1427100.0
2023-11-22,91.89029432686613,93.02926802895394,91.08806415826828,91.55355834960938,1306400.0
2023-11-24,91.6031360386988,92.02952029527816,91.37507443938652,91.71221160888672,472300.0
2023-11-27,90.95862152444084,91.67256049942412,90.36366103076604,91.1569366455078,818500.0
2023-11-28,90.6611295508607,91.2065074111073,89.76869649101894,90.47272491455078,1063700.0
2023-11-29,91.82128420110936,93.37808107529504,91.69238015199328,91.97994232177734,1724600.0
2023-11-30,92.15843517470968,92.76330606161392,90.5223091292348,91.45440673828124,2072900.0
2023-12-01,90.98835523063794,93.12027652563368,90.35373785425352,93.07069396972656,934500.0
2023-12-04,92.33692238095176,92.6641415399522,90.50247365945104,92.3765869140625,1381400.0
2023-12-05,91.43456901431156,91.44448703865312,89.48113430700127,90.47272491455078,1352600.0
2023-12-06,91.89071496937882,92.45592140646364,90.3537538128612,90.45291137695312,1601100.0
2023-12-07,91.1370893006558,92.24766585320027,90.34381385006512,91.8311996459961,1331900.0
2023-12-08,91.48414662126204,92.78312782599824,91.0676728390442,91.5138931274414,1688300.0
2023-12-11,92.5748870685848,96.52141291050437,92.5748870685848,95.9165496826172,2222200.0
2023-12-12,95.5298309326172,96.3528529131903,95.28193329258208,95.5298309326172,913000.0
2023-12-13,95.37117356447388,98.19720494596125,94.73655625653412,97.33452606201172,1403200.0
2023-12-14,98.6533448303164,104.77146446744965,98.6533448303164,104.50373077392578,3680700.0
2023-12-15,103.3038956626666,105.35648763684084,103.22456660926012,104.2756576538086,4609900.0
2023-12-18,104.18643543814764,104.5830732345899,102.7684604224014,104.39466857910156,2556800.0
2023-12-19,105.10860999676969,106.0407076383714,104.5929861820933,104.98961639404295,1379500.0
2023-12-20,104.18642994634548,105.8622205762316,102.56022187536485,102.73870849609376,1870700.0
2023-12-21,105.09868121095884,106.12001827610472,104.79129055860037,105.69363403320312,1812100.0
2023-12-22,106.10019990389358,106.9133039369962,105.65398713599976,106.7248992919922,832200.0
2023-12-26,107.17111265067604,109.9178152528846,107.17111265067604,109.4220199584961,1389000.0
2023-12-27,110.06655456680748,110.3144522122282,108.8667308707994,109.81865692138672,1261700.0
2023-12-28,110.13596797212502,110.24504354367345,108.99563726563277,109.51126861572266,874600.0
2023-12-29,109.0154787212772,109.70958915170698,107.438845650392,107.60741424560548,1365800.0
2024-01-02,106.10019695737375,106.10019695737375,102.7684518495682,103.88894653320312,2383800.0
2024-01-03,101.84625885329788,102.22306051798604,100.22996906962024,100.8943328857422,1376800.0
2024-01-04,99.34746632020058,101.6677847322491,99.10947912519352,100.72577667236328,1441900.0
2024-01-05,100.84475253892096,102.3023918091479,100.7158484952134,101.90575408935548,1404500.0
2024-01-08,102.31231738627136,105.14826707909708,102.20324181614455,104.99952697753906,1421600.0
2024-01-09,103.48239113148831,104.91028395441263,103.28407604618684,104.35498809814452,1055100.0
2024-01-10,104.57315604740003,104.61282058388583,102.42140600839303,103.99803161621094,1148100.0
2024-01-11,103.9484527393035,104.7913033037636,102.09417544530211,104.21617889404295,1803500.0
2024-01-12,104.1170087531672,105.22759290335246,102.73869848060605,103.92860412597656,1191100.0
2024-01-16,103.11550309880634,104.4244023719882,102.34206365082196,103.21466064453124,1671000.0
2024-01-17,101.61820106783344,102.1338248158702,99.90274611843614,101.99500274658205,1366100.0
2024-01-18,103.91869149556864,105.5349813503782,103.46255319029926,105.12842559814452,2416600.0
2024-01-19,106.338175290137,108.1627059531856,104.75163182133558,107.80573272705078,1934500.0
2024-01-22,109.0749603110692,111.01847687787452,108.07345173903798,109.16419982910156,1827700.0
2024-01-23,109.66991754088596,110.572268607453,108.47009383700303,110.30453491210938,1173300.0
2024-01-24,111.10773402881904,112.6446949787824,109.53110098026586,109.73933410644533,1920900.0
2024-01-25,111.7324286511782,111.76217515861812,108.83698592674055,109.02538299560548,2007700.0
2024-01-26,107.82555893920885,107.9048880022868,103.93852563121912,104.5731430053711,2095700.0
2024-01-29,103.33364251468352,105.4457275034142,103.21464893417274,105.1780014038086,1720900.0
2024-01-30,104.00793705316455,105.54490550370828,103.4427307158152,103.71045684814452,2111100.0
2024-01-31,94.6869846973119,97.9592367179754,91.51389778927862,95.7777328491211,6316100.0
2024-02-01,96.31319860865176,96.31319860865176,92.58482315364697,94.33993530273438,2896400.0
2024-02-02,94.15151370097897,95.87688659507936,93.080601724752,95.55957794189452,1809000.0
2024-02-05,95.50008291657772,96.35285139003672,93.8441285229772,95.44058990478516,1957800.0
2024-02-06,95.85705133597426,96.96763541385867,95.42075666253422,96.92797088623048,1543200.0
2024-02-07,97.81049710654963,97.81049710654963,95.50008917097794,96.69000244140624,1380300.0
2024-02-08,96.58092796497203,98.73267779613955,96.58092796497203,97.64192962646484,1887800.0
2024-02-09,98.48476958810478,101.55869866971354,97.97905630749231,101.44962310791016,1653900.0
2024-02-12,101.39014037388554,103.88894539473858,101.05300319613164,102.04459381103516,1361900.0
2024-02-13,98.5244522283338,99.22848071515529,96.6503464168087,98.07823944091795,1886300.0
2024-02-14,99.3573690669972,100.95383044137648,99.17888246721456,100.71585083007812,1453900.0
2024-02-15,102.84035513042956,103.19775055396994,100.96403294393436,101.81781005859376,2115900.0
2024-02-16,102.42339998108837,103.34667026246969,100.89454340900618,101.50012969970705,1608800.0
2024-02-20,99.8819324826074,101.07324560691454,98.12473691394264,99.4451141357422,1446200.0
2024-02-21,97.55886493503893,98.88917195165172,97.10219463804776,98.85939025878906,1110600.0
2024-02-22,100.77542910367907,102.59218062617484,99.6238197612418,101.73841094970705,1858500.0
2024-02-23,101.74832151823792,101.9766604391018,99.30612439658128,99.4153289794922,1451200.0
2024-02-26,100.16982762215387,101.81781091190491,99.4649665237596,101.41078186035156,1272700.0
2024-02-27,102.16529029411984,102.16529029411984,99.31605646538338,99.5443878173828,1675400.0
2024-02-28,98.2736509284204,99.96135332305327,98.04531957847628,99.62380981445312,1226200.0
2024-02-29,101.17252721757497,103.08855341229088,100.6761454906494,102.84036254882812,2391900.0
2024-03-01,103.30696322517794,106.01721080365348,102.01637527167196,105.1137924194336,2008900.0
2024-03-04,105.8682915328982,106.15619383640136,104.66704869191292,105.06415557861328,1252200.0
2024-03-05,103.95226228373326,104.6571234402191,101.68876277858232,103.00914001464844,1264900.0
2024-03-06,105.22300612912306,107.00005378552322,104.99467475506624,105.97750854492188,1497400.0
2024-03-07,106.45403188332178,109.75000635223036,106.26540439733688,109.19405364990234,1576700.0
2024-03-08,109.75993880720593,110.1173343013746,105.3123622173943,105.3520736694336,1632700.0
2024-03-11,105.04431294193331,105.82859708624692,103.80335845552284,105.58040618896484,1565600.0
2024-03-12,106.2653981796659,107.63540898279578,104.4883507356866,107.41699981689452,1505400.0
2024-03-13,105.91793706373788,107.5361387935242,104.05153689220714,104.68690490722656,1808400.0
2024-03-14,105.06416291462102,105.461269829049,101.99651976420384,103.0984878540039,1646700.0
2024-03-15,101.86747601287044,103.58495283997487,101.78805310518624,102.31421661376952,3409700.0
2024-03-18,103.49558691523984,104.47842058387928,101.94687839808874,102.11564636230467,1767200.0
2024-03-19,101.08317209620212,103.03891726433127,100.76548810170598,102.73116302490234,2253300.0
2024-03-20,103.39631341026728,107.01990146776676,103.39631341026728,106.33489227294922,2435200.0
2024-03-21,108.56861400023568,112.18227243558894,108.06230250829462,110.64348602294922,2562700.0
2024-03-22,110.11732296583098,111.45755214390712,109.869132096773,109.94855499267578,1812700.0
2024-03-25,108.00273389389878,109.4521675852182,107.83396592948532,108.1119384765625,1561800.0
2024-03-26,108.38991971669348,109.4223946702034,107.20852872268212,107.3574447631836,1732700.0
2024-03-27,108.20129899673546,110.87183541447496,107.73469890859072,110.73284912109376,1256500.0
2024-03-28,110.83212062536548,112.46025221953222,110.76262748076758,112.01351165771484,2046900.0
2024-04-01,112.03335456370698,113.99902954043762,111.07037279892492,112.13262939453124,1346600.0
2024-04-02,110.46479183536276,110.88175826371707,108.48919458178078,109.3429718017578,1187200.0
2024-04-03,108.17149858570752,109.620932233176,107.69497639775868,108.06229400634766,1595600.0
2024-04-04,109.85920330165747,110.24638042814423,104.84574501883424,105.18328094482422,2475900.0
2024-04-05,105.10386591025694,106.95040647577798,104.93509037262474,106.49372863769533,1143900.0
2024-04-08,107.1787430544332,108.37006376007749,106.8908407399238,107.03975677490234,1154700.0
2024-04-09,108.15164315179108,110.45485385019222,107.92330424573886,110.38536071777344,1439400.0
2024-04-10,107.56591338041576,108.30055617909508,105.00458197858076,105.6300277709961,1516900.0
2024-04-11,106.90075961661736,108.73737032995908,105.05421914883844,108.66787719726562,1905300.0
2024-04-12,106.83127281662792,107.9332408247917,104.47842077164889,105.10386657714844,1841400.0
2024-04-15,106.66250997678122,107.20852534249197,103.18783782082768,103.66436004638672,1605200.0
2024-04-16,104.20045887899732,105.42156134977802,103.1382022081361,104.1706771850586,1269400.0
2024-04-17,103.86291738116095,104.17067163437558,100.80520406330209,101.33136749267578,2237600.0
2024-04-18,100.68607196925522,101.81782174901608,99.29620155970446,99.4748992919922,2113800.0
2024-04-19,99.4054048468807,99.9315758552956,95.10674472097142,95.2755126953125,2920000.0
2024-04-22,96.39733895133496,97.98575911256265,95.50385024371164,97.05256652832033,2302900.0
2024-04-23,97.3404640246706,99.62381552593756,97.3404640246706,99.12743377685548,1927800.0
2024-04-24,101.35122363928828,101.92702829595476,98.75018807673378,99.97128295898438,2437300.0
2024-04-25,106.64264141599992,109.04512699929256,103.24739244382438,108.12186431884766,7876500.0
2024-04-26,109.64080772630548,113.84019325685418,109.4720321682098,113.3041000366211,5205500.0
2024-04-29,113.3140206086708,117.78145617434213,113.1750343303402,117.43399047851562,2185300.0
2024-04-30,116.52064558977554,117.9700792772787,115.40874783021056,115.47824096679688,2337700.0
2024-05-01,114.2174412004864,116.38166588600372,110.98103014067225,112.91691589355467,3360100.0
2024-05-02,115.03150729673904,116.74898387772242,113.1849666157179,116.5405044555664,2468900.0
2024-05-03,119.19118069996972,120.9781579893692,118.23812867035144,119.56843566894533,2694100.0
2024-05-06,120.3229322634245,121.39511865314743,119.30038707800118,121.0675048828125,2078500.0
2024-05-07,122.14962324850592,122.75520959588376,119.90597559386312,120.21372985839844,2750500.0
2024-05-08,118.1388501654197,119.8861159525033,117.61268675050196,119.55850219726562,1795000.0
2024-05-09,119.68756435259697,122.20918453498858,119.38973984905763,121.72273254394533,1927000.0
2024-05-10,122.82470088669542,123.20194828831455,121.35540758057594,122.03048706054688,1386300.0
2024-05-13,122.10991455261346,125.02864176321992,122.02056947025676,123.94652557373048,2206300.0
2024-05-14,123.90680369540642,126.45820545738742,123.90680369540642,126.1901626586914,1738700.0
2024-05-15,128.39411204535634,131.6900791620607,127.58997599167866,130.99514770507812,3351700.0
2024-05-16,130.77673621945092,131.79928144859576,130.2207910636094,130.53848266601562,2407800.0
2024-05-17,131.63048560805083,132.49420000157113,129.95271316529283,130.95541381835938,1968100.0
2024-05-20,134.02305465197304,139.20528064371868,133.7153004316961,138.5004119873047,3406100.0
2024-05-21,136.87089500567566,139.74245074452895,136.51319187869632,139.37481689453125,1913800.0
2024-05-22,139.83187647584984,142.09732462017422,138.7985202821654,141.9482879638672,2062300.0
2024-05-23,144.29321772648012,144.7105354976337,138.04335155897837,139.3549346923828,2292400.0
2024-05-24,140.28894712174585,144.08456051933717,140.28894712174585,143.0909423828125,2134000.0
2024-05-28,143.2996127341972,145.59486826575733,142.1271354174869,144.30316162109375,2087500.0
2024-05-29,141.52100801874286,143.20022490676436,140.81554771140384,140.96458435058594,2079800.0
2024-05-30,141.17326698734706,141.7495673272499,139.23571464886913,140.36843872070312,2274400.0
2024-05-31,140.42805306936862,141.74956701045642,135.09232852731347,140.04054260253906,3212800.0
2024-06-03,142.92203629531394,144.7105520631445,138.06324397019696,140.1200408935547,1730500.0
2024-06-04,139.45431027927708,140.87517692433022,137.68567122498504,138.7289581298828,2583500.0
2024-06-05,141.09377800545093,144.6111796030172,140.15977451395548,144.46214294433594,2182900.0
2024-06-06,143.33935877994713,143.78649910751696,141.89861539502994,142.31593322753906,1319100.0
2024-06-07,141.90855367686808,143.50826436839972,138.54017354080585,140.00079345703125,1253100.0
2024-06-10,138.41102487310346,143.24994088552077,138.41102487310346,142.16690063476562,1467700.0
2024-06-11,141.10372152206187,143.63745107923273,140.30883905514736,143.5281524658203,1238700.0
2024-06-12,146.5388057148192,151.25849209473557,146.1612411141849,147.91000366210938,2573500.0
2024-06-13,144.51184253719725,147.12506341946568,143.9355421255245,146.6977996826172,1282600.0
2024-06-14,143.9554028361361,145.57499011551818,143.7666129612696,144.13424682617188,1060200.0
2024-06-17,143.64737092801417,144.06468869592624,140.5969561911264,143.8162841796875,2452000.0
2024-06-18,146.36988813723428,150.98027577470293,146.04199232637907,150.78155517578125,2893200.0
2024-06-20,149.55941971856666,149.87736966715673,145.2471050922906,147.0058135986328,3293600.0
2024-06-21,146.65805810561898,148.58566475322905,145.33654402869814,147.50262451171875,6175700.0
2024-06-24,145.79359614753037,147.94974585035976,144.34292204694796,144.60125732421875,1785700.0
2024-06-25,144.87945724948915,147.0654141053198,143.3592227220327,146.62823486328125,2007200.0
2024-06-26,146.33014984004132,147.05548684754052,143.84610445410314,145.9326934814453,1343400.0
2024-06-27,146.06186525115737,147.30388791485768,144.89933385730302,146.62823486328125,1365300.0
2024-06-28,147.9000668260134,150.5530254516094,145.43588291222775,147.3436279296875,2826200.0
2024-07-01,147.0554779897886,147.8205681677678,144.52174881646653,146.8269500732422,1159600.0
2024-07-02,146.06186571735788,149.7780029971178,144.50187796929455,148.64527893066406,1203700.0
2024-07-03,149.04272471081978,151.6956833913032,147.8901240009844,150.73187255859375,990200.0
2024-07-05,151.69568154278798,151.69568154278798,148.9433550148057,150.2350616455078,929900.0
2024-07-08,151.18892932674197,153.91143313806413,150.85110282132965,153.18609619140625,1518900.0
2024-07-09,153.65310418836074,155.113724025487,152.12293896734755,152.50050354003906,1223300.0
2024-07-10,153.37487870107634,158.59137332401465,152.8383316394507,158.11444091796875,1783300.0
2024-07-11,160.19111452390925,160.19111452390925,153.4841922137168,153.8120880126953,2082600.0
2024-07-12,154.98456398808167,157.84618928153228,153.57362795073053,155.33233642578125,1907500.0
2024-07-15,156.17688221431885,160.12154719668328,156.07752950336928,158.47215270996094,2113500.0
2024-07-16,160.18117761925905,162.16841378262654,157.95546765818028,161.95974731445312,1472000.0
2024-07-17,157.6375135435051,158.66093902581014,151.1889414487842,151.3777313232422,3141600.0
2024-07-18,150.86103599519802,152.5501837111143,146.20096474052036,148.56578063964844,2945700.0
2024-07-19,148.0689783953967,149.3209317846202,145.06824738913903,145.48556518554688,2001000.0
2024-07-22,150.036348042235,154.1896648363907,148.14847952878435,153.47427368164062,2252100.0
2024-07-23,150.87096936331702,153.15629403617262,150.60270339129028,151.29823303222656,1309100.0
2024-07-24,148.66511569799786,149.73822492408786,142.26621355061323,142.62391662597656,3150200.0
2024-07-25,127.62031090764584,129.14054538437173,119.58193655445304,123.54647064208984,6539000.0
2024-07-26,124.36125501630993,125.78212173587625,122.24484344179012,125.6529541015625,2617200.0
2024-07-29,127.55075800132612,129.43864159704762,126.32861191303827,127.1135711669922,1744200.0
2024-07-30,127.76935187483556,127.87865047574324,119.333536062055,120.56562042236328,2812500.0
2024-07-31,125.9411076023808,130.74028535642069,125.12634097674156,130.32296752929688,4440800.0
2024-08-01,127.9482238939258,130.78002675637782,118.88642289511628,120.96308135986328,3950700.0
2024-08-02,118.985775199399,119.23417974052512,114.98149520935918,116.52159881591795,3522600.0
2024-08-05,110.45059807601234,118.85660678255066,108.45342345594356,115.647216796875,2725900.0
2024-08-06,116.34274200703564,121.42013120559984,115.58759769410544,117.5648956298828,1623700.0
2024-08-07,121.21148455424256,122.39389266205404,112.77566798771495,113.52088165283205,2599900.0
2024-08-08,117.55496006764044,122.29452285474903,114.58404394279071,122.09579467773438,2255200.0
2024-08-09,120.95313746154324,122.45349536933016,119.24411307688338,120.94319915771484,1189000.0
2024-08-12,121.867263473511,123.03973315390752,119.72104470368498,121.53936767578124,989500.0
2024-08-13,122.85094830697928,126.58695469934791,122.13554202113156,126.2689971923828,1730400.0
2024-08-14,126.7161164138942,127.53089054194676,122.72177494535995,124.45066833496094,1323700.0
2024-08-15,128.33573698093718,131.6047343568025,127.03409191681084,130.8893280029297,2169400.0
2024-08-16,130.56142230119573,132.6380958123335,128.71329188682216,132.27044677734375,1338200.0
2024-08-19,131.51528261332768,133.29385221000464,129.45848602069458,133.12493896484375,1347800.0
2024-08-20,131.84320819523057,133.68139286335025,129.28960201182676,130.8893280029297,1671900.0
2024-08-21,132.39961855845522,135.7182995424954,131.3761930763195,134.54583740234375,1409400.0
2024-08-22,134.98301922305947,135.30096911763812,129.70689460030962,130.36268615722656,1815000.0
2024-08-23,132.9560372977608,136.64236716865008,132.16113977494112,135.07244873046875,1846900.0
2024-08-26,134.59552193164504,134.9234025807162,131.6742821304597,132.15121459960938,1648600.0
2024-08-27,131.24703508329404,135.1817701466178,129.79636088359325,134.11859130859375,1066200.0
2024-08-28,133.28394507820434,134.90354759994665,129.75659742701254,131.4656219482422,1352700.0
2024-08-29,133.3038231494618,137.20873545067536,131.9723783822346,133.1051025390625,1496200.0
2024-08-30,135.9667204912072,136.93053142646775,133.63172665246975,135.857421875,1497100.0
2024-09-03,132.63808779994304,133.4627926558222,122.999987523632,123.74520111083984,3193900.0
2024-09-04,122.85095073557008,127.58056779758572,121.8473942547112,125.95104217529295,1632000.0
2024-09-05,123.34529254782692,127.32353899675384,123.27567367127428,125.41397857666016,1317100.0
2024-09-06,124.23045946475588,125.18523589461168,119.15819877355716,120.78927612304688,2298400.0
2024-09-09,123.20605607170492,124.16083249770342,121.28655549784344,123.5243148803711,1618800.0
2024-09-10,124.02158938016665,124.93659005491752,121.24677454316384,124.68795013427734,904700.0
2024-09-11,125.09571758562306,131.14264236984303,123.68344463572282,130.79454040527344,2644600.0
2024-09-12,130.2475494588481,130.72493388201232,126.59750946780012,127.49261474609376,1478400.0
2024-09-13,128.46727691453995,131.5205825322596,128.13907038660489,130.5160675048828,1122700.0
2024-09-16,127.64178694888304,128.80541996487537,123.9121881120706,127.28375244140624,1974100.0
2024-09-17,128.9148115977394,130.92382625612984,127.96998300481783,129.00433349609375,1142900.0
2024-09-18,129.84971401927731,131.460895902036,126.93565374953258,127.1644058227539,1361400.0
2024-09-19,133.2510979912773,135.23027716301002,130.67519213351667,133.09197998046875,2522600.0
2024-09-20,131.49073290815272,131.94822183098904,127.39313698942011,128.2484588623047,4334400.0
2024-09-23,129.2828222422763,129.8198778086506,128.20869593375085,128.9844512939453,1116000.0
2024-09-24,130.8442607157524,131.1326915029653,128.70596361063434,130.3072052001953,965500.0
2024-09-25,129.14358666773862,131.65982156389202,128.8949467358991,129.91934204101562,1736500.0
2024-09-26,136.01597219077382,137.6570047177748,132.27643337225115,136.66244506835938,2101400.0
2024-09-27,136.9707465476593,137.67687535090164,132.99250822835646,133.90750122070312,1701900.0
2024-09-30,132.2068105623846,133.5693676392288,130.65529989458656,133.2013702392578,1261800.0
2024-10-01,132.07753930449945,133.12183008877253,127.12462835572798,128.28826904296875,2249400.0
2024-10-02,128.97451007400772,133.27101577747615,128.20870993975737,130.72494506835938,1307900.0
2024-10-03,128.94465356027337,131.77915465524373,127.6716184123829,128.30813598632812,1409700.0
2024-10-04,131.281878591954,131.56035409005665,128.54683945462165,129.7900390625,1247100.0
2024-10-07,128.62642169972293,130.35696122771213,127.54235515194831,128.80543518066406,927200.0
2024-10-08,129.06401179937026,129.61102264952575,127.59205257062894,128.69601440429688,1071900.0
2024-10-09,128.4374418786674,130.5757392104338,128.39766616713342,129.7602081298828,1434300.0
2024-10-10,127.781021268249,128.67613407052133,126.57760498642216,128.238525390625,986400.0
2024-10-11,127.60202143824252,131.5106340472763,127.60202143824252,131.1923828125,1186800.0
2024-10-14,130.96360505241122,133.43012386623596,130.8840536365368,132.91294860839844,1423700.0
2024-10-15,132.8035533128058,134.62359935455476,125.89136654820274,126.66712188720705,2843600.0
2024-10-16,130.16797066502656,130.16797066502656,126.08032234576412,126.30907440185548,1466400.0
2024-10-17,129.48172010046122,130.0386710627397,126.42842235301988,126.51792907714844,1915900.0
2024-10-18,127.1345564309779,127.442867481138,124.54870296939794,125.3542938232422,1729400.0
2024-10-21,125.00621136060458,125.70240011678295,123.852518464208,125.24490356445312,2303100.0
2024-10-22,124.86697017009,125.57310662844668,124.28017601642632,124.6780014038086,2217500.0
2024-10-23,123.9320880708071,125.86153636747908,121.87334974138774,123.75306701660156,2821700.0
2024-10-24,117.55695531435964,117.65641735620127,108.93412440372448,110.1176528930664,7148000.0
2024-10-25,110.58509307557205,112.90241135957795,110.38617658714809,111.1420440673828,3573700.0
2024-10-28,111.24150242910744,111.52992565654756,109.62037282786308,110.72433471679688,2672100.0
2024-10-29,110.72432691172922,113.1808904447877,110.39612040834103,112.62393188476562,2284500.0
2024-10-30,110.87351881624356,112.1564941533086,108.824720672233,108.8843994140625,2861400.0
2024-10-31,108.46668057243376,109.222548083806,104.95588597692348,105.63218688964844,3392300.0
2024-11-01,106.09962091719568,107.25330613452245,105.53272223543,105.91065216064452,2352100.0
2024-11-04,104.35914894076456,105.55261753778971,103.50382699733748,103.7027359008789,1830700.0
2024-11-05,103.6530081332611,104.98571442459748,103.15572830731983,104.87631225585938,3265700.0
2024-11-06,107.71081656799332,109.24243180053692,106.55712369498434,108.4070053100586,2249700.0
2024-11-07,110.53535872556232,111.82828930374764,110.00824332592748,111.03263854980467,1761000.0
2024-11-08,109.62037470694884,110.67460559312735,108.93412606479718,110.28672790527344,1721200.0
2024-11-11,109.92867664500118,110.0281310921925,106.41788230272114,108.21803283691406,2027300.0
2024-11-12,109.3120601368906,109.63031893698992,106.57702096520072,107.74065399169922,2213300.0
2024-11-13,106.49745826924784,108.04896902807828,105.42333193410892,105.80126190185548,1780900.0
2024-11-14,107.40249462419628,107.56162781059778,105.602344083385,105.94049072265624,1502500.0
2024-11-15,103.43420744366496,104.68735477384116,101.69372799148792,102.02193450927734,3091900.0
2024-11-18,101.84291739227808,103.79225354339565,101.70367963776172,103.5833969116211,2865000.0
2024-11-19,103.07617209395706,103.48394523447833,101.74346566841572,102.2407455444336,2031700.0
2024-11-20,101.73351183734492,103.2253513758159,101.3257387213098,103.01649475097656,2315500.0
2024-11-21,103.9712813944146,105.39350219813994,102.8374838404393,104.9459457397461,2568500.0
2024-11-22,104.54812145238056,107.66109067275664,104.4983904307712,107.62130737304688,1651600.0
2024-11-25,110.23991074638325,111.7931440351108,108.86588967129698,110.19012451171876,2118100.0
2024-11-26,111.62386710952744,111.64377704277273,107.60138452222868,108.58708953857422,1768300.0
2024-11-27,109.05505808974128,109.30397404725328,105.66979954831584,107.62129974365234,1370600.0
2024-11-29,109.47323928075546,111.8329653832924,109.33384694689884,109.52302551269533,1437400.0
2024-12-02,109.56285078164883,113.35632761296128,109.56285078164883,112.70914459228516,2785600.0
2024-12-03,111.0762576131949,115.59657244192546,110.74769431311763,114.96930694580078,2669500.0
2024-12-04,117.49829445320243,117.59785932011592,114.16282203557073,116.38314819335938,2628600.0
2024-12-05,115.70609134306412,116.57232159913328,112.53988009893374,113.22689056396484,1924100.0
2024-12-06,114.4913832831146,119.26061400695396,114.00351012657096,117.99612426757812,3466800.0
2024-12-09,118.59351925696774,122.0883014230495,117.1896296121193,119.04156494140624,2828800.0
2024-12-10,120.62467496057248,120.62467496057248,115.62643826193788,116.52253723144533,2358700.0
2024-12-11,118.26494644072196,120.8337609002472,117.3987237854326,119.67878723144533,2361100.0
2024-12-12,118.83248403030431,121.0428590866866,117.2792507890898,120.42554473876952,2256800.0
2024-12-13,122.38699727265136,123.8804930312232,121.28180980360322,122.68569946289062,3953900.0
2024-12-16,127.3653154384438,129.63542775771455,124.4878475745579,128.91854858398438,3368800.0
2024-12-17,128.46055576126045,129.71508675834886,126.18048460515348,127.45492553710938,2285800.0
2024-12-18,129.37656639848993,132.76181749775265,122.4069192707872,123.23331451416016,3468000.0
2024-12-19,127.33545282477289,129.53587668120497,124.18915891852082,124.64716339111328,3295200.0
2024-12-20,124.0696760534355,128.48045972658488,122.9246610780893,125.40386199951172,7149700.0
2024-12-23,125.54324857453146,128.3111928042299,125.22463645304774,127.91293334960938,2080500.0
2024-12-24,128.36097029648658,129.60554999823574,127.8432208866244,129.39646911621094,716900.0
2024-12-26,129.07786567613132,131.3081582518926,128.33111776103664,130.2726593017578,1397900.0
2024-12-27,129.05793129028464,129.4761082450113,127.06661137306556,127.98261260986328,1640200.0
2024-12-30,125.42377390593435,127.70383739234184,124.12940788814711,126.15060424804688,1893700.0
2024-12-31,126.26013315816114,127.55449923008788,124.70689994889904,125.37399291992188,1283400.0
2025-01-02,126.21034489753715,127.89301154714651,125.1848124031515,126.0112075805664,1756700.0
2025-01-03,126.44929584080012,130.82025908145042,125.66272056928815,130.03369140625,2130800.0
2025-01-06,134.95226193750776,140.05007081759894,134.7232635222442,139.39292907714844,3888100.0
2025-01-07,140.65743675561555,143.5349046828427,136.78430497547075,138.2180633544922,3228200.0
2025-01-08,137.30203043456976,137.999007241012,134.02630325331097,136.55528259277344,2178100.0
2025-01-10,135.69901346715096,135.69901346715096,131.82588186859786,133.5882110595703,1928800.0
2025-01-13,130.88997114810957,133.07046213021792,129.05793819130471,132.642333984375,1304500.0
2025-01-14,133.65791237912686,135.10162183329567,131.69645350122985,133.59815979003906,1300000.0
2025-01-15,135.64922660497885,137.06306722176876,134.10594484684023,134.3448944091797,1871200.0
2025-01-16,136.82412153471026,139.15397124794274,134.98215256694928,136.97348022460938,1981400.0
2025-01-17,139.39291846624468,139.39291846624468,137.1128552703721,137.7998504638672,2253700.0
2025-01-21,134.41462304044802,134.91245497763487,129.6155158735068,131.72633361816406,4083000.0
2025-01-22,132.2241569992502,135.64924293628158,131.81593119094288,134.21548461914062,2262100.0
2025-01-23,131.50726248103086,132.0349630232581,129.27697033790025,131.2583465576172,2214300.0
2025-01-24,131.42762627758006,131.7462459973794,128.70946826077406,129.3566436767578,2254000.0
2025-01-27,124.01988035929683,124.84628313549292,117.63767935847468,119.74848175048828,5280400.0
2025-01-28,119.9874452937636,122.63590702141504,118.03594517962256,121.42119598388672,2888600.0
2025-01-29,122.36707990442868,122.97443541705591,120.41557981000622,121.52076721191406,2747400.0
2025-01-30,101.55770912913924,116.95067079735132,100.3330392943223,114.58099365234376,8838600.0
2025-01-31,113.29659039103169,118.37447450623024,110.67799720048208,115.28791809082033,3706900.0
2025-02-03,112.0918284756284,112.62948782023214,109.19444327353794,110.60828399658205,3401600.0
2025-02-04,111.00655596731684,112.0022197765758,109.55288771735616,111.18577575683594,3055100.0
2025-02-05,110.28967120612276,112.88835422397108,110.05071403100786,112.12169647216795,2844600.0
2025-02-06,112.3905284208736,113.62515701772428,111.20569364948504,113.57537078857422,2233200.0
2025-02-07,113.58533405618402,114.1130346823197,111.01651949497897,112.73902130126952,1938200.0
2025-02-10,114.3121546243436,114.56107056601932,112.34074462020637,113.5654067993164,1549800.0
2025-02-11,112.53987740533744,114.2225516477919,111.77321962643737,112.2312240600586,1697300.0
2025-02-12,109.30397263342806,111.44465135960432,108.9256231175761,111.05634307861328,1592400.0
2025-02-13,111.28534796542408,112.71910637623188,110.68795115969168,112.3507080078125,1755400.0
2025-02-14,111.89221287917997,113.26768894824993,111.7028329289142,112.87896728515624,1838600.0
2025-02-18,114.28435785847051,115.58009427324995,113.19792493080844,114.7029800415039,2607200.0
2025-02-19,114.22455016003896,116.21799783335344,114.05510893286308,115.52029418945312,1583400.0
2025-02-20,115.7894058745894,118.37092455679375,115.67976564458849,118.16161346435548,2424200.0
2025-02-21,118.94902133422924,120.24476538889036,114.2544528846301,115.53026580810548,2493800.0
2025-02-24,115.73957278849608,116.1083557353116,112.41051127332275,113.20789337158205,2249100.0
2025-02-25,113.71622018940664,114.12488061727456,110.59647728216886,110.98519897460938,2292500.0
2025-02-26,112.62979307534582,116.35753807975816,111.98192106332456,114.4338607788086,3419300.0
2025-02-27,115.17143797727756,116.038582815299,108.37378197457136,108.4535140991211,3028000.0
2025-02-28,109.03162249219896,110.9951697140961,107.06807527030182,109.50008392333984,2831500.0
2025-03-03,110.59647069224728,111.32408240400372,104.57625809539311,105.43344116210938,3731100.0
2025-03-04,105.782297953473,109.30073948146274,102.8818355456484,106.87870025634766,3543700.0
2025-03-05,107.64617164787931,110.3273611343685,106.30059602316068,109.84893035888672,2388800.0
2025-03-06,106.61954898233157,109.31070027325572,104.7855731865112,105.0447235107422,3451700.0
2025-03-07,105.7922638182784,108.4834150440136,104.00812729878172,108.18440246582033,2402800.0
2025-03-10,105.60288369956368,105.70256216320692,102.10438863238046,104.6260986328125,3060500.0
2025-03-11,91.58895285724816,94.06083132120206,82.70814741575289,86.78474426269531,12239400.0
2025-03-12,88.73831653518428,88.74828590217312,85.93752515883337,86.45581817626953,7114300.0
2025-03-13,85.93752914987208,87.38277565001788,83.65503068495543,85.05044555664062,4470500.0
2025-03-14,85.65844371833705,86.62526699748423,83.73476652703154,86.45581817626953,5428900.0
2025-03-17,86.86448532214438,90.56232990477066,86.86448532214438,89.87458801269531,3563000.0
2025-03-18,88.42933208010622,89.36625483600702,87.55221031563782,88.57884216308594,3674800.0
2025-03-19,88.39943469389353,90.1636324427946,87.17346109561387,88.22002410888672,2919700.0
2025-03-20,87.34290451595626,89.07720941621963,87.29307288821944,87.89110565185547,2471000.0
2025-03-21,86.30630549371469,88.10041127781032,85.08033954491493,87.22329711914062,5930700.0
2025-03-24,89.46593076236621,90.91117723618191,89.28652017349813,90.70186614990234,3206800.0
2025-03-25,89.95433179563638,90.99092556209746,89.17688837189053,89.65531158447266,1942200.0
2025-03-26,89.33635213007132,90.04402512087975,87.03392256811719,87.72166442871094,2200700.0
2025-03-27,86.89437763098323,87.65188981720472,84.97070047155678,85.3992919921875,2161400.0
2025-03-28,85.48899088271052,86.00729148020714,82.19980713994532,82.5087890625,2363800.0
2025-03-31,81.0934484749709,82.72807488851247,79.33921246858516,82.32938385009766,2825400.0
2025-04-01,81.61174373341727,82.49882732583707,80.20636709996538,82.33935546875,3045900.0
2025-04-02,81.48217021414037,84.61188232104716,80.8342982267261,83.3460464477539,1732900.0
2025-04-03,78.43219827567707,79.46879194047284,74.14628289280981,74.84398651123047,5073900.0
2025-04-04,70.86705759182789,72.19270201350668,66.90010129799056,68.49485778808594,6747100.0
2025-04-07,67.23899155932143,75.90052444900522,65.55452578056185,72.63127136230469,7338900.0
2025-04-08,75.33238877367182,75.90052105166986,66.17249435749372,67.73735046386719,5071700.0
2025-04-09,69.17263306646602,80.13659483882118,67.90678958519426,79.17974090576172,8851100.0
2025-04-10,74.93369268306631,76.1696280179185,70.04974473153261,72.05316162109375,6480600.0
2025-04-11,72.19270245748835,74.05657863186185,70.26902529074312,73.40870666503906,3689900.0
2025-04-14,75.32242366373305,75.77094637009486,72.04320117049288,73.61802673339844,3946900.0
2025-04-15,73.83729865816669,75.11310386622505,73.44857699647388,73.8173599243164,2228200.0
2025-04-16,70.49828069714219,72.41198864890403,68.23571331712841,70.92687225341797,4925800.0
2025-04-17,71.06641027688849,71.55480281168498,70.25905882454428,71.01657104492188,3056600.0
2025-04-21,69.18260014703782,70.28895652963357,68.01642756317945,69.58128356933594,3268300.0
2025-04-22,70.508241116282,71.81395449552376,70.17932803400515,71.05644226074219,3250100.0
2025-04-23,74.82405391936322,75.66130584951019,72.7907364940337,72.94024658203125,3431200.0
2025-04-24,74.5150661815986,77.3357884823548,74.18614553448198,77.04674530029297,3576800.0
2025-04-25,75.84070821431878,77.44543409671107,73.25919729314789,76.86734008789062,2588500.0
2025-04-28,76.20950229602813,78.38236052584695,75.0931688810499,76.57829284667969,4841600.0
2025-04-29,74.79415578363505,76.39888172970663,72.52162670841295,74.64464569091797,4966300.0
2025-04-30,73.43860319043318,74.22601583314753,71.0364954013985,73.96686553955078,4360200.0
2025-05-01,74.91376807905704,75.45199226520081,73.38877420365145,73.53828430175781,3041500.0
2025-05-02,75.44202870635692,76.8474053445499,75.19284775024333,75.63140106201172,2526900.0
2025-05-05,75.21277170482367,76.12975571077733,75.0233917628381,75.19284057617188,2484900.0
2025-05-06,74.10641299019362,74.78418547819648,73.49841086399697,73.82733154296875,2203600.0
2025-05-07,73.82733158090333,75.2327157893781,72.87047764518395,74.84398651123047,3310600.0
2025-05-08,75.96032354923433,77.77436064855405,75.35232139355689,76.5882568359375,2713300.0
2025-05-09,77.00688708540966,78.11325117164613,76.45868592397734,77.1663589477539,2353800.0
2025-05-12,82.79784168119355,83.4955452650481,81.38249578000361,82.78787231445312,4715000.0
2025-05-13,82.73804175499416,85.34945314910527,82.6782331581802,84.6218490600586,2817400.0
2025-05-14,84.78132446203334,85.56873718090263,83.27627699090263,83.99391174316406,2311000.0
2025-05-15,82.97725945779723,83.50552187487871,82.0702371157144,82.71810913085938,2958900.0
2025-05-16,82.59850220736239,82.59850220736239,81.48216883859557,82.4589614868164,2183400.0
2025-05-19,80.2960721153369,81.721387546185,80.17647011837597,81.20309448242188,1840300.0
2025-05-20,80.72466769001825,81.1931291464438,80.33594597179281,81.15325927734375,1614600.0
2025-05-21,80.16649897154358,81.64165360465704,78.50197197931107,78.72125244140625,2329100.0
2025-05-22,78.75119593429254,79.36012327562216,78.08237659741278,78.35189819335938,1987700.0
2025-05-23,76.55506044994162,77.32370222435333,75.8562875845064,76.84455108642578,1813300.0
2025-05-27,78.92089130905383,82.24503399414363,78.24208746599618,81.59617614746094,3697400.0
2025-05-28,81.8557237286434,82.32489799783852,79.76940466976228,80.10880279541016,2711200.0
2025-05-29,81.86571097884777,82.26500872858206,80.1088054495996,80.8375244140625,1803100.0
2025-05-30,80.03892223040287,80.1487292928089,76.88447864850339,78.46170043945312,3849100.0
2025-06-02,77.86275957962218,79.81931006027055,77.64314544943204,79.35013580322266,2453000.0
2025-06-03,79.34015899630154,81.49635453516379,78.2720419564456,81.30668640136719,2151300.0
2025-06-04,82.16517138683211,83.02365880802313,81.21684597819969,81.91561126708984,2472000.0
2025-06-05,82.56447064876072,83.53276515006051,80.9273568418518,81.59617614746094,2336600.0
2025-06-06,83.15344299192017,85.6190908161786,82.75414523849528,85.08004760742188,3122500.0
2025-06-09,85.95848945480438,87.84516337714962,85.95848945480438,86.64727783203125,3667900.0
2025-06-10,87.18632235293232,88.7335981874283,86.6173255677509,88.54393005371094,3161700.0
2025-06-11,88.98315452640192,89.42238276853485,85.60910449320625,86.63729095458984,2521800.0
2025-06-12,85.74885793108595,86.41767721842521,85.29964514982093,85.75884246826172,2064500.0
2025-06-13,83.65255701094591,84.84045802800264,82.85396156394137,82.93382263183594,2736700.0
2025-06-16,84.40123633174488,88.39419828492557,83.97199261713914,87.52572631835938,4007700.0
2025-06-17,86.66724441937843,88.02485217936636,85.85867200937496,86.2779312133789,2998700.0
2025-06-18,86.48755925197102,87.00664859456762,85.2697045819992,86.10823059082031,3291000.0
2025-06-20,87.31610009052076,87.67546728941666,84.0917798381966,86.13817596435547,6559900.0
2025-06-23,85.97845202553046,88.19454716703203,85.42942431690544,87.20629119873047,3744100.0
2025-06-24,89.72185983663968,90.74006948464935,88.93324887113295,90.23096466064452,5908400.0
2025-06-25,90.50048761642816,90.8099397351066,88.58386006340338,90.04129028320312,3646000.0
2025-06-26,90.88980102539062,91.57858179497111,89.87159144536103,90.88980102539062,2922900.0
2025-06-27,90.88979767760804,91.53864788917323,89.11292324676546,90.19102478027344,5979700.0
2025-06-30,90.6302594249933,90.6302594249933,89.50225035798066,89.76178741455078,1932500.0
2025-07-01,89.36248397108038,92.49696606927694,89.04304732371882,91.75826263427734,3786300.0
2025-07-02,92.21746140726546,94.65317084289968,92.0876928745036,94.01429748535156,4544200.0
2025-07-03,95.04247402205436,95.04247402205436,91.99784516495124,92.89625549316406,2188800.0
2025-07-07,92.47699909393477,93.19573347080518,90.08122037635692,90.43060302734376,3151800.0
2025-07-08,91.04952177571388,93.6349688208357,90.64024710097064,92.05774688720705,2936200.0
2025-07-09,91.9080027814916,93.34547154252996,90.94969281278956,92.61675262451172,2058800.0
2025-07-10,95.18223650880266,99.04543024356566,94.0442428720764,98.4464874267578,7288500.0
2025-07-11,97.4682001727962,97.82756735603478,95.80114039364362,96.87924194335938,3750800.0
2025-07-14,96.83931886259133,96.87924939890972,93.425330359094,95.0524673461914,3605100.0
2025-07-15,96.44001284599668,97.92738902045708,92.8164026654886,92.8663101196289,3654200.0
2025-07-16,92.32725816266924,92.56684135695644,88.44410337624898,91.8181610107422,3866300.0
2025-07-17,90.2409400965401,93.15580044386397,90.15109449385054,92.63671875,2823200.0
2025-07-18,93.2855712320889,93.94441361460116,92.1376007553603,93.75474548339844,2524400.0
2025-07-21,95.61147002272278,97.07888471720912,94.62321409997558,94.65316009521484,2802100.0
2025-07-22,94.1640297615144,95.37189987271988,92.09767219672972,93.5351333618164,2641100.0
2025-07-23,94.54335442134554,94.54335442134554,91.62849406378128,92.8663101196289,2736100.0
2025-07-24,92.11763700229626,92.4670196726142,89.911526294322,91.1693115234375,3521600.0
2025-07-25,91.2391793562954,91.60852345142068,89.49225855533341,89.99137878417969,3100400.0
2025-07-28,91.41886539627671,92.27735282220496,90.63025449962308,90.9796371459961,3688400.0
2025-07-29,91.44881859493223,92.20748355536068,89.0230937219587,90.39068603515624,6754500.0
2025-07-30,105.54397419462131,110.3055781539502,102.29969248421102,107.4605941772461,19844300.0
2025-07-31,108.30909913419192,113.23042532575762,106.90157631005388,107.24098205566406,9399900.0
2025-08-01,104.19634449677014,105.6138518472638,102.23979395842088,103.97673797607422,4812200.0
2025-08-04,104.86516963232522,105.66375747843767,102.81877352071874,105.53398895263672,3635900.0
2025-08-05,105.97321758430184,107.9696986304329,104.3660497328887,106.74185943603516,7233600.0
2025-08-06,106.11297244275325,106.91156030512828,103.14819682055534,104.69546508789062,3358100.0
2025-08-07,106.85167117586792,107.96970335234649,105.06481964751852,106.27268981933594,2966300.0
2025-08-08,106.0630596036946,108.19929379490544,104.81525890247468,107.28091430664062,3185700.0
2025-08-11,107.38073361716656,108.82817934075702,104.39599656188904,104.49581909179688,3042600.0
2025-08-12,105.81349475418456,111.7130998626546,104.7054471715376,111.43358612060548,4247300.0
2025-08-13,112.1822655633265,114.11885458623394,110.4553137491832,113.80940246582033,5223800.0
2025-08-14,112.30206439189898,113.53988056916889,110.39542124300146,111.62326049804688,2431000.0
2025-08-15,111.45355778192646,111.45355778192646,109.17757056994076,109.22747802734376,3238400.0
2025-08-18,109.80645413173058,110.90451714985376,109.32729534449234,110.21573638916016,1980200.0
2025-08-19,110.1758091322466,112.48174230048204,109.3073371365356,110.42536926269533,3171000.0
2025-08-20,109.84639037320268,110.994368521971,106.1129728711986,109.32730102539062,3571400.0
2025-08-21,108.13940196897336,109.79647734250293,107.6302971496005,109.10769653320312,2138400.0
2025-08-22,109.45706961444668,116.96383463593423,109.42712361874987,115.09712982177734,4133900.0
2025-08-25,114.7876716281785,117.46295644171846,114.29853592133622,116.864013671875,3570200.0
2025-08-26,116.49466314428552,119.6091762417753,116.49466314428552,118.40130615234376,3563900.0
2025-08-27,118.5011239780157,118.5011239780157,116.7542031747061,116.78414916992188,3291300.0
2025-08-28,116.92390650204293,118.52109738769968,116.7941379793708,117.6825714111328,2760700.0
2025-08-29,119.21986821558166,119.9785331598455,117.22338713191854,118.0319595336914,4107600.0
2025-09-02,115.9855677574674,120.82703272711883,114.29853885171572,120.39778900146484,3626800.0
2025-09-03,120.55750346380232,121.90513424979756,118.18169378343292,119.41950988769533,3212700.0
2025-09-04,117.64264037018914,119.80882040836082,115.7958969845775,119.179931640625,3136900.0
2025-09-05,119.96933636992424,123.34678890169046,119.27986259531968,120.1092300415039,3531600.0
2025-09-08,120.11922717588844,121.1684373586524,117.50120282254836,118.81021881103516,3738100.0
2025-09-09,118.91014122037824,119.9093861045831,114.5634274988138,114.9831085205078,4724500.0
2025-09-10,114.7932508918063,118.03080984340652,113.02459078053413,117.73103332519533,4412000.0
2025-09-11,117.7310280418607,118.6903021840009,114.34358860680422,115.47273254394533,4023900.0
2025-09-12,114.9131609165361,115.09302529943776,109.47726634318248,112.15524291992188,5904200.0
2025-09-15,112.1652384431594,114.2036989252475,110.8262539553869,113.9838638305664,3241300.0
2025-09-16,114.2136946082948,115.52270298187364,113.3043780940203,113.8439712524414,2871200.0
2025-09-17,113.66410382543528,116.25214437627042,112.72481120920528,114.23367309570312,2569300.0
2025-09-18,117.6910624104094,119.43974097513032,115.00309120564702,118.73027801513672,4876800.0
2025-09-19,119.40976440925918,120.50893226403194,117.45124533880526,119.7594985961914,9576500.0
2025-09-22,126.3645026970205,135.37768788112376,125.9248325238724,135.07791137695312,7137400.0
2025-09-23,135.89730340429176,138.13561741996674,133.0794255297206,134.5782928466797,4341200.0
2025-09-24,134.4084269577129,134.56830980218436,130.9310589504284,133.1094207763672,3688700.0
2025-09-25,131.26079914287865,133.04944064795234,128.49288674379972,132.7696533203125,2655300.0
2025-09-26,131.9003265342577,135.8373538718884,131.30077349655875,135.20782470703125,3276300.0
2025-09-29,137.00646084122494,137.17633063462443,133.449151644703,134.2285614013672,2854200.0
2025-09-30,133.89880598090434,138.0256919697394,132.89956116015134,137.5360565185547,3014000.0
2025-10-01,135.81735758661878,141.43310873986226,135.68745087756332,141.013427734375,3177100.0
2025-10-02,144.79056836552627,145.24024073248322,141.6129771555949,144.4208526611328,3307400.0
2025-10-03,146.35940440876774,149.34715220361502,144.71065639241678,145.530029296875,2798300.0
2025-10-06,147.7883074245891,150.59619826475415,147.1887696621031,147.75833129882812,3706000.0
2025-10-07,148.95744457380476,150.1765093244181,139.6944400808165,140.0341796875,3689400.0
2025-10-08,140.44386943860562,144.77060155262504,140.09412763542144,144.49081420898438,2601400.0
2025-10-09,144.4908172161415,145.3601553914558,141.69292847423816,145.0803680419922,2039700.0
2025-10-10,145.68991185831948,147.88824762491197,131.6505177336632,131.9802703857422,5757100.0
2025-10-13,138.59526488359873,139.80435792404006,136.49685973737064,139.0249481201172,3344800.0
2025-10-14,135.51759041505815,138.7951125145875,134.89806344724082,136.8665771484375,3043200.0
2025-10-15,140.0841456298236,141.3032256333422,137.58603336806706,140.9235076904297,2373700.0
2025-10-16,141.892766972664,142.9519640612072,138.06565741408144,139.19480895996094,1783500.0
2025-10-17,136.95650383016925,139.61449892886466,136.67671647738734,138.05567932128906,1924300.0
2025-10-20,140.73364788644278,141.35319009183513,138.6152535801304,139.08489990234375,2345700.0
2025-10-21,138.79510846976072,144.22101612553797,138.6951931295905,143.22177124023438,2180200.0
2025-10-22,141.423124320799,142.67218040025725,135.7274316479227,138.7351531982422,3917900.0
2025-10-23,138.465365574641,146.0096519611712,137.89578869395638,144.9304656982422,2813800.0
2025-10-24,147.4485730338056,148.8874881101374,143.96121813766462,144.17105102539062,2079600.0
2025-10-27,147.98816383030203,149.96666430318885,146.589211934988,147.38861083984375,3940900.0
2025-10-28,146.93896283824418,147.50852449198172,144.00118044778694,144.27098083496094,5016800.0
2025-10-29,169.8816145252094,177.10616589911723,162.03755145951334,173.80865478515625,12203800.0
2025-10-30,172.6195583414021,179.074687173994,171.57034813560438,176.74644470214844,5268400.0
2025-10-31,179.86407622074304,185.7696170493348,177.86558648495702,181.62274169921875,4540000.0
2025-11-03,182.65196010877645,184.4306299759425,180.0539326373776,182.9317626953125,3309900.0
2025-11-04,176.1268892026628,182.18232571303048,174.96777678149428,175.51734924316406,3216500.0
2025-11-05,176.91629995544673,188.79732035776885,176.3667122502562,187.4483337402344,4135300.0
2025-11-06,187.6082290947708,191.4153497063457,182.71193520665037,184.8802947998047,4504200.0
2025-11-07,180.4036577227376,182.3621843289858,174.7179673587595,182.1423492431641,3627400.0
2025-11-10,188.2377501775441,188.60746589381333,180.53356565660752,183.9409942626953,2954400.0
2025-11-11,183.2215367118696,183.2215367118696,175.51735219250162,177.09616088867188,2928800.0
2025-11-12,180.0639186865027,181.13311799330083,177.05619718092797,179.13462829589844,2365600.0
2025-11-13,176.0969144711213,176.8663372697213,167.4734418413093,169.46192932128906,4473200.0
2025-11-14,163.79621004063708,173.67874075942723,163.07675254616922,169.84164428710938,3208300.0
2025-11-17,168.34278914011344,173.2490852473048,164.36579871638853,167.31356811523438,3517700.0
2025-11-18,165.38501615494036,167.19366221245167,162.87691697157214,163.59637451171875,2803700.0
2025-11-19,164.45572849970137,170.27132592547633,162.63709545164463,168.10296630859375,2726200.0
2025-11-20,172.14990852530974,173.69874115512587,154.59318372680912,155.7822723388672,5142700.0
2025-11-21,155.2127100222137,160.4987087620646,151.40558944488606,158.79000854492188,3871300.0
2025-11-24,160.0,167.61000061035156,159.5,165.97000122070312,5139900.0
2025-11-25,165.3300018310547,168.08999633789062,160.36000061035156,167.6699981689453,2833700.0
2025-11-26,169.6199951171875,180.88999938964844,168.80999755859375,179.3800048828125,3744500.0
2025-11-28,179.6999969482422,182.1699981689453,179.4600067138672,181.88999938964844,1877100.0
2025-12-01,179.1699981689453,182.8699951171875,178.0399932861328,179.6300048828125,2765800.0
2025-12-02,186.33999633789065,191.47999572753903,185.88999938964844,189.94000244140625,3721700.0
2025-12-03,191.5200042724609,196.1999969482422,189.0,195.0800018310547,3339200.0
2025-12-04,193.0,200.8500061035156,193.0,198.6300048828125,4260700.0
2025-12-05,200.0,203.1199951171875,199.0399932861328,200.7700042724609,2656000.0
2025-12-08,203.05999755859372,205.0,201.47999572753903,202.9900054931641,2100000.0
2025-12-09,200.1999969482422,201.8800048828125,198.0,199.97000122070312,1871400.0
2025-12-10,199.77999877929688,204.6999969482422,198.8300018310547,204.00999450683597,2057200.0
2025-12-11,201.13999938964844,204.02999877929688,195.97999572753903,203.97000122070312,2507100.0
2025-12-12,201.30999755859372,202.2899932861328,191.8500061035156,193.3699951171875,4163300.0
2025-12-15,199.91000366210935,200.4900054931641,193.5500030517578,194.6999969482422,3223300.0
2025-12-16,194.3999938964844,195.3800048828125,189.13999938964844,192.2899932861328,3711500.0
2025-12-17,194.0,194.57000732421875,182.16000366210935,185.2100067138672,3577500.0
2025-12-18,192.5,195.0800018310547,189.2700042724609,190.4499969482422,2754700.0
2025-12-19,191.94000244140625,196.4900054931641,191.50999450683597,195.17999267578125,7880500.0
