date,open,high,low,close,volume
2026-06-10 00:00:00,43.0103,43.3,42.846502,43.1639,1.365305
2026-06-10 01:00:00,43.137,43.2032,42.875552,42.875552,0.189176
2026-06-10 02:00:00,42.89,43.01,42.422208,42.554104,5.304669123
2026-06-10 03:00:00,42.536654,42.724,42.4436,42.626,0.411484
2026-06-10 04:00:00,42.6466,42.7802,42.3204,42.357,3.424262873
2026-06-10 05:00:00,42.33765,42.51795,42.184,42.47345,0.442675263
2026-06-10 06:00:00,42.4435,46.9151943345,42.255,42.365,0.533361725
2026-06-10 07:00:00,42.34115,42.68485,42.34115,42.526,0.0
2026-06-10 08:00:00,42.50845,42.5263,42.209,42.2879,0.0
2026-06-10 09:00:00,42.2685,42.38,41.94,42.2565,0.34599881
2026-06-10 10:00:00,42.237,42.296,42.0415,42.1735,0.0
2026-06-10 11:00:00,42.15125,42.2085,41.85035,42.064,0.0
2026-06-10 12:00:00,42.035,42.7227,41.97725,42.5344,0.36847927
2026-06-10 13:00:00,42.51695,43.19,42.4845,42.735,0.899661079
2026-06-10 14:00:00,42.7141,42.8662,42.31,42.525,0.16308729
2026-06-10 15:00:00,42.5413,43.04,42.309,42.79245,0.053074203
2026-06-10 16:00:00,42.818,42.818,42.2683,42.3811,0.0
2026-06-10 17:00:00,42.3758,42.4786,41.73265,41.90695,0.078193517
2026-06-10 18:00:00,41.92745,42.09,41.6525,41.9167,2.34
2026-06-10 19:00:00,41.93845,41.93845,41.495,41.57715,0.0
2026-06-10 20:00:00,41.59635,41.7654,41.445,41.63185,0.0
2026-06-10 21:00:00,41.611,41.65,41.224,41.355,0.0
2026-06-10 22:00:00,41.352,41.7025,41.2525,41.4883,0.0
2026-06-10 23:00:00,41.466,41.77,41.33605,41.7,0.0
2026-06-11 00:00:00,41.7275,41.96725,41.7275,41.871985,0.0
2026-06-11 01:00:00,41.8916,42.33255,41.8916,42.25975,0.0
2026-06-11 02:00:00,42.2293,42.2897,42.02155,42.22,0.0
2026-06-11 03:00:00,42.24515,42.845,42.0725,42.7223,0.0
2026-06-11 04:00:00,42.7595,42.803,42.59035,42.722,0.0
2026-06-11 05:00:00,42.7095,42.7095,42.55035,42.55035,0.0
2026-06-11 06:00:00,42.53265,42.7297,42.44375,42.508,0.138357
2026-06-11 07:00:00,42.485,42.6165,42.36,42.49235,10.937553
2026-06-11 08:00:00,42.514,42.8357,42.514,42.6354417,0.587439
2026-06-11 09:00:00,42.6329417,42.6361917,42.5208834,42.5585417,0.114259
2026-06-11 10:00:00,42.5556417,42.6358417,42.5274417,42.6154417,0.0
2026-06-11 11:00:00,42.6159417,42.689,42.5642417,42.6254417,0.0
2026-06-11 12:00:00,42.6074417,42.6254417,42.26,42.50355,1.884240999
2026-06-11 13:00:00,42.483,42.6615,42.32905,42.50565,0.118315
2026-06-11 14:00:00,42.542,42.553,42.2935,42.32565,0.0
2026-06-11 15:00:00,42.30615,42.39195,41.828,42.045,103.586543
2026-06-11 16:00:00,42.07675,42.28355,41.96195,42.085,0.0
2026-06-11 17:00:00,42.055,42.91,41.94685,42.73325,0.052778044
2026-06-11 18:00:00,42.75795,42.835,42.4758,42.6263,10.0
2026-06-11 19:00:00,42.60425,42.78945,42.43975,42.58,1.834862
2026-06-11 20:00:00,42.6145,42.6172,42.2519,42.4185,0.052646098
2026-06-11 21:00:00,42.38585,42.6865,42.38585,42.569,0.0
2026-06-11 22:00:00,42.5595,42.752,42.53005,42.61955,2.441641
2026-06-11 23:00:00,42.59175,42.6764,42.405,42.4305,3.0
2026-06-12 00:00:00,42.40095,42.668,42.40095,42.46095,0.0
2026-06-12 01:00:00,42.43765,42.5563,42.35725,42.51245,0.0
2026-06-12 02:00:00,42.52675,42.70045,42.477,42.48655,2.33415
2026-06-12 03:00:00,42.519,42.62025,42.367,42.6095,0.0
2026-06-12 04:00:00,42.5885,42.731,42.56345,42.685,0.0
2026-06-12 05:00:00,42.65,42.655,42.3923,42.5151,2.441641
2026-06-12 06:00:00,42.53005,42.5461,42.1305,42.29,0.168284
2026-06-12 07:00:00,42.2975,42.5785,42.2975,42.5332,0.0
2026-06-12 08:00:00,42.559,42.798,42.559,42.75,0.050996288
2026-06-12 09:00:00,42.7845,43.1345,42.7246,43.0665,0.204033797
2026-06-12 10:00:00,43.0511,43.0991,42.83555,42.9452,0.0
2026-06-12 11:00:00,42.96525,43.0804,42.9053,42.9783,0.0
2026-06-12 12:00:00,42.9575,43.0193,42.6716,43.0193,1.953901027
2026-06-12 13:00:00,43.0355,43.0355,42.643,42.7631,0.0
2026-06-12 14:00:00,42.78455,43.4259,42.75,43.374,2.300026764
2026-06-12 15:00:00,43.39325,43.4968,42.8805,42.9,0.047491
2026-06-12 16:00:00,42.9045,43.208,42.702,43.208,1.13568386
2026-06-12 17:00:00,43.22805,43.22805,42.965,42.975,0.265142669
2026-06-12 18:00:00,43.0104,43.068,42.8176,42.9107,0.0
2026-06-12 19:00:00,42.92,43.1788,42.817,42.967,0.12
2026-06-12 20:00:00,42.98895,43.041,42.83835,42.889,0.236
2026-06-12 21:00:00,42.87645,43.05445,42.8283,42.9122,0.0
2026-06-12 22:00:00,42.8945,43.0534,42.889,42.95535,0.990207
2026-06-12 23:00:00,42.9415,43.136,42.86,43.06915,0.297892302
2026-06-13 00:00:00,43.0432,43.35035,42.9609,43.2832,0.461156
2026-06-13 01:00:00,43.4044,43.4943,43.182,43.44915,0.921599
2026-06-13 02:00:00,43.42,43.4455,43.18,43.26045,1.423069686
2026-06-13 03:00:00,43.278,43.4301,43.135,43.35,5.581398992
2026-06-13 04:00:00,43.36225,43.499,43.1121,43.21,2.787578463
2026-06-13 05:00:00,43.2277,43.375,43.0485,43.131,3.181313623
2026-06-13 06:00:00,43.1655,43.3212,43.115,43.30805,0.0
2026-06-13 07:00:00,43.3292,43.5917,43.22855,43.48565,1.589021994
2026-06-13 08:00:00,43.4598,43.8077,43.4205,43.6468,0.735233495
2026-06-13 09:00:00,43.62995,43.7305,43.5449,43.5505,0.04325764
2026-06-13 10:00:00,43.575,43.847,43.575,43.7229,0.035327835
2026-06-13 11:00:00,43.758,43.88925,43.7385,43.7385,0.035239515
2026-06-13 12:00:00,43.7668,44.06,43.7461,43.93155,0.040942386
2026-06-13 13:00:00,43.956,43.9975,43.7859,43.876,0.04084003
2026-06-13 14:00:00,43.91115,43.95,43.79735,43.8714,1.0
2026-06-13 15:00:00,43.88705,44.2,43.8725,44.03455,0.028613255
2026-06-13 16:00:00,44.01265,44.01265,43.663,43.795,0.213107721
2026-06-13 17:00:00,43.7615,43.842,43.5376,43.602,0.0
2026-06-13 18:00:00,43.62845,43.75425,43.605,43.647,0.0
2026-06-13 19:00:00,43.6795,43.834,43.6405,43.79015,0.0
2026-06-13 20:00:00,43.7615,43.8888,43.7004,43.87255,0.0
2026-06-13 21:00:00,44.0151,44.3735,43.87255,44.21,3.0
2026-06-13 22:00:00,44.2325,44.341,44.0411,44.3275,0.093
2026-06-13 23:00:00,44.29635,44.3685,44.2713,44.32685,0.0
2026-06-14 00:00:00,44.3145,44.515,44.2995,44.40555,0.0
2026-06-14 01:00:00,44.43565,44.6321,44.331,44.39085,0.68452839
2026-06-14 02:00:00,44.37355,44.4825,44.27075,44.342,0.0
2026-06-14 03:00:00,44.31745,44.5005,44.27675,44.4375,0.0
2026-06-14 04:00:00,44.4575,44.4575,44.2,44.22,0.0
2026-06-14 05:00:00,44.23,44.2455,43.98725,44.1435,0.0
2026-06-14 06:00:00,44.1738,44.365,44.1075,44.12,0.653005482
2026-06-14 07:00:00,44.08435,44.08435,43.87685,44.04285,0.0
2026-06-14 08:00:00,44.015,44.159,44.015,44.1185,0.0
2026-06-14 09:00:00,44.0901,44.38,44.004,44.2289,0.036670819
2026-06-14 10:00:00,44.204,44.2761,44.047,44.047,0.036579141
2026-06-14 11:00:00,44.0394,44.13695,43.962,44.045,0.0
2026-06-14 12:00:00,44.0368,44.09225,43.876,43.96595,0.136181
2026-06-14 13:00:00,43.994,43.99845,43.79055,43.93815,0.0
2026-06-14 14:00:00,43.9265,44.0314,43.718,43.8995,0.0
2026-06-14 15:00:00,43.9353,44.069,43.9113,44.01665,0.0
2026-06-14 16:00:00,44.04,44.2335,44.025,44.045,0.0
2026-06-14 17:00:00,44.0645,44.301,43.895,43.9257,0.03828533
2026-06-14 18:00:00,43.93245,44.055,43.797,44.055,0.038189616
2026-06-14 19:00:00,44.0765,44.257,44.035,44.178,0.149014871
2026-06-14 20:00:00,44.2105,44.4445,44.136,44.4084,0.038006616
2026-06-14 21:00:00,44.403,44.9825,44.34471,44.8472,0.04210074
2026-06-14 22:00:00,44.8771,45.1148,44.74745,45.1,0.369083
2026-06-14 23:00:00,45.12785,45.354055265,45.09855,45.352855265,0.0
2026-06-15 00:00:00,45.363855265,45.375555265,45.13,45.21205,1.0
2026-06-15 01:00:00,45.24255,45.2916,45.07035,45.105,0.0
2026-06-15 02:00:00,45.095,45.346555265,45.071,45.2545,0.0
2026-06-15 03:00:00,45.23155,45.325,45.2095,45.29,0.0
2026-06-15 04:00:00,45.277,45.2998,45.0945,45.0953,0.0
2026-06-15 05:00:00,45.0722,45.43,45.05,45.4,0.209367
2026-06-15 06:00:00,45.388,45.431505265,45.25,45.2795,0.831128488
2026-06-15 07:00:00,45.25505,45.37,45.0545,45.0545,3.737120172
2026-06-15 08:00:00,45.03215,45.314,45.03215,45.14495,0.195368786
2026-06-15 09:00:00,45.1184,45.174,44.765,44.925,0.0
2026-06-15 10:00:00,44.9031,46.0275,44.8567,45.635,0.13939893
2026-06-15 11:00:00,45.6,45.9875,45.446,45.77705,0.0
2026-06-15 12:00:00,45.795,45.89675,45.6035,45.8375,0.0
2026-06-15 13:00:00,45.83615,46.2304,45.811,46.08765,0.913024141
2026-06-15 14:00:00,46.06105,46.123,45.8188605,45.8525605,5.137208
2026-06-15 15:00:00,45.8393605,46.119,45.3087,46.05195,45.472749421
2026-06-15 16:00:00,46.033,46.22545,45.8476,46.1011,0.02015101
2026-06-15 17:00:00,46.0935,46.0935,45.735,45.9725,0.000980215
2026-06-15 18:00:00,45.9539,45.9718,45.6544,45.7495,0.027638309
2026-06-15 19:00:00,45.73,45.9269,45.4153,45.606,0.733690494
2026-06-15 20:00:00,45.593,45.7575,45.545,45.63,0.0
2026-06-15 21:00:00,45.66825,45.81045,45.6195,45.7388,0.0
2026-06-15 22:00:00,45.7059,45.941,45.4515,45.66,16.816112396
2026-06-15 23:00:00,45.6685,45.8295,45.625,45.7213,0.0
2026-06-16 00:00:00,45.7015,45.855,45.584,45.63285,0.0
2026-06-16 01:00:00,45.61485,45.9475,45.61485,45.7765,0.0
2026-06-16 02:00:00,45.7845,45.87115,45.2868,45.5044,0.733623785
2026-06-16 03:00:00,45.48065,45.87,45.448,45.827,0.0
2026-06-16 04:00:00,45.8145,45.9025,45.28,45.4626,0.353618
2026-06-16 05:00:00,45.48575,45.63885,45.457,45.502,1.145126
2026-06-16 06:00:00,45.5305,45.64345,45.425,45.6075,0.0
2026-06-16 07:00:00,45.5861,45.91,45.4745,45.77155,0.031818434
2026-06-16 08:00:00,45.7565,46.295,45.6037,46.2495,0.031738887
2026-06-16 09:00:00,46.2219,46.3192,45.53015,45.532,0.0
2026-06-16 10:00:00,45.556,45.655,45.4668,45.49585,0.0
2026-06-16 11:00:00,45.522,45.62,45.33625,45.4799,0.0
2026-06-16 12:00:00,45.4985,45.6932,45.42815,45.55245,0.0
2026-06-16 13:00:00,45.5148,45.5725,45.049,45.049,0.0
2026-06-16 14:00:00,45.0631,45.28,44.405,44.757,0.831886207
2026-06-16 15:00:00,44.7399,44.96815,44.66835,44.89175,0.515525477
2026-06-16 16:00:00,44.90935,45.05,44.8363,44.9655,0.0
2026-06-16 17:00:00,44.9975,45.4797,44.9641,45.425,10.025461663
2026-06-16 18:00:00,45.4625,45.755,45.40265,45.597,0.488775
2026-06-16 19:00:00,45.5735,45.5735,45.23375,45.427,0.0
2026-06-16 20:00:00,45.415,45.73025,45.34995,45.65005,0.0
2026-06-16 21:00:00,45.6715,45.834,45.6294,45.777,0.0
2026-06-16 22:00:00,45.76465,46.03695,45.715,45.8455,0.0
2026-06-16 23:00:00,45.8833,45.92825,45.59805,45.651,0.0
2026-06-17 00:00:00,45.6825,45.91285,45.63095,45.6507,0.0
2026-06-17 01:00:00,45.615,45.91,45.37,45.75,0.14533
2026-06-17 02:00:00,45.7735,45.9386,45.6085,45.69015,0.0
2026-06-17 03:00:00,45.721,45.721,45.5115,45.63865,0.0
2026-06-17 04:00:00,45.66295,45.85,45.5259,45.6785,0.044853
2026-06-17 05:00:00,45.6935,45.7445,45.5,45.635,2.504488156
2026-06-17 06:00:00,45.6195,45.82,45.395,45.525,1.471132864
2026-06-17 07:00:00,45.5605,45.7,45.3804,45.4846,0.814194916
2026-06-17 08:00:00,45.51035,45.5595,45.248,45.3285,0.0
2026-06-17 09:00:00,45.3432,45.3835,45.185,45.2885,0.0
2026-06-17 10:00:00,45.335,45.4,45.097,45.097,0.129533
2026-06-17 11:00:00,45.11845,45.13875,44.86905,45.04555,0.0
2026-06-17 12:00:00,45.01605,45.292,44.89395,45.292,0.0
2026-06-17 13:00:00,45.276,45.42155,45.01485,45.2095,0.0
2026-06-17 14:00:00,45.185,45.3725,44.896,45.1223,0.0
2026-06-17 15:00:00,45.1402,45.683,45.0925,45.66,0.0
2026-06-17 16:00:00,45.68095,45.865,45.53175,45.5359,0.0
2026-06-17 17:00:00,45.555,45.763,45.398,45.7445,0.355917
2026-06-17 18:00:00,45.7135,45.775,44.915,45.5561,0.565591358
2026-06-17 19:00:00,45.56825,45.6141,44.566,44.7834,2.5642301
2026-06-17 20:00:00,44.755,45.0117,44.6584,45.0117,0.218810265
2026-06-17 21:00:00,44.99075,44.99075,44.6905,44.73065,0.0
2026-06-17 22:00:00,44.7005,44.974,44.36355,44.785,0.182472
2026-06-17 23:00:00,44.814,45.0067,44.6434,44.8707,0.0
2026-06-18 00:00:00,44.8963,44.90215,44.7205,44.775,0.0
2026-06-18 01:00:00,44.74115,44.978,44.74115,44.912,0.0
2026-06-18 02:00:00,44.9245,44.991,44.8,44.89,0.387243
2026-06-18 03:00:00,44.88,44.88385,44.3817,44.45485,0.390791
2026-06-18 04:00:00,44.4295,44.454,44.05,44.2391,0.386662
2026-06-18 05:00:00,44.215,44.2905,44.045,44.2905,0.0
2026-06-18 06:00:00,44.2485,44.5,44.1495,44.4025,1.750204
2026-06-18 07:00:00,44.3735,44.555,44.266,44.46475,0.0
2026-06-18 08:00:00,44.44225,44.55,44.4124,44.4965,0.0
2026-06-18 09:00:00,44.49,44.51005,44.2229,44.25385,0.783169
2026-06-18 10:00:00,44.22355,44.22355,44.0675,44.135,0.0
2026-06-18 11:00:00,44.16,44.16,43.9175,43.9796,0.0
2026-06-18 12:00:00,43.962,44.22,43.94215,44.0804,0.110864
2026-06-18 13:00:00,44.0496,44.1848,43.808,43.9795,1.801044
2026-06-18 14:00:00,43.99345,44.22,43.8308,43.9516,0.781995194
2026-06-18 15:00:00,43.93185,43.93185,42.9454,43.0415,0.0
2026-06-18 16:00:00,43.0074,43.333,43.0074,43.3168,0.0
2026-06-18 17:00:00,43.3368,43.3368,43.0232,43.19,11.158946171
2026-06-18 18:00:00,43.199,43.4332,43.135,43.223,0.023023861
2026-06-18 19:00:00,43.1885,43.5113,43.1177,43.46145,0.215779034
2026-06-18 20:00:00,43.49875,43.6753,43.4972,43.648,0.022966301
2026-06-18 21:00:00,43.61935,43.697,43.5475,43.697,0.0
2026-06-18 22:00:00,43.67675,43.79,43.61,43.79,0.0
2026-06-18 23:00:00,43.765,43.845,43.65,43.81115,0.0
2026-06-19 00:00:00,43.79365,43.88,43.6303,43.797,0.129533
2026-06-19 01:00:00,43.8219,43.935,43.8219,43.935,0.140383
2026-06-19 02:00:00,43.95,43.9645,43.853,43.881,0.0
2026-06-19 03:00:00,43.8876,43.9697,43.36625,43.53905,4.556654
2026-06-19 04:00:00,43.51335,43.61875,43.14075,43.235,0.0
2026-06-19 05:00:00,43.2651,43.5092,43.246,43.47025,3.206955
2026-06-19 06:00:00,43.441,43.613,43.4126,43.5265,0.27
2026-06-19 07:00:00,43.4945,43.63,43.2399,43.3935,0.02674001
2026-06-19 08:00:00,43.415,43.52,43.26,43.437,9.555518221
2026-06-19 09:00:00,43.4592,43.4746,43.222,43.373,1.057706762
2026-06-19 10:00:00,43.3995,43.4697,43.284,43.4005,0.0
2026-06-19 11:00:00,43.4181,43.5722,43.3189,43.4625,0.0
2026-06-19 12:00:00,43.4795,43.69855,43.3245,43.69,0.0
2026-06-19 13:00:00,43.7189,44.0202,43.59475,43.9925,0.0
2026-06-19 14:00:00,43.9725,44.18,43.8527,44.06455,0.026673159
2026-06-19 15:00:00,44.045,44.42685,44.0278,44.42685,0.33097267
2026-06-19 16:00:00,44.39155,44.5386,44.2243,44.28,0.0
2026-06-19 17:00:00,44.2347,44.4047,44.06985,44.099,1.104259323
2026-06-19 18:00:00,44.12125,44.16595,43.981,44.16595,0.0
2026-06-19 19:00:00,44.1405,44.177,43.85085,43.9024,0.0
2026-06-19 20:00:00,43.918,44.0483,43.8241,44.046,0.0
2026-06-19 21:00:00,44.0777,44.12,43.755,43.7625,5e-09
2026-06-19 22:00:00,43.775,43.84,43.70845,43.8073,0.0
2026-06-19 23:00:00,43.7855,44.1336,43.76405,44.02555,0.223313
2026-06-20 00:00:00,44.036,44.1339,43.784,43.8978,0.179211571
2026-06-20 01:00:00,43.90975,43.99,43.8465,43.9145,0.0
2026-06-20 02:00:00,43.8975,43.91965,43.77635,43.84,0.0
2026-06-20 03:00:00,43.865,43.935,43.81625,43.86745,0.0
2026-06-20 04:00:00,43.87915,44.003,43.831,43.928,0.0
2026-06-20 05:00:00,43.9675,44.285,43.9655,44.14,0.070016021
2026-06-20 06:00:00,44.1732,44.34235,44.1443,44.34235,0.0
2026-06-20 07:00:00,44.30725,44.30725,44.075,44.08565,0.0
2026-06-20 08:00:00,44.11885,44.11885,44.0155,44.08835,0.0
2026-06-20 09:00:00,44.115,44.25805,44.1042,44.25805,0.05
2026-06-20 10:00:00,44.23835,44.275,44.14015,44.2438,0.0
2026-06-20 11:00:00,44.2763,44.2763,44.04,44.21,2.352287406
2026-06-20 12:00:00,44.2175,44.27455,44.18,44.25,0.0
2026-06-20 13:00:00,44.2191,44.2191,43.96205,44.0564,0.0
2026-06-20 14:00:00,44.036,44.3182,43.755,44.13555,0.423186006
2026-06-20 15:00:00,44.1155,44.385,44.0619,44.2695,0.149113
2026-06-20 16:00:00,44.2474,44.45,44.0865,44.2532,0.570924
2026-06-20 17:00:00,44.29,44.29,43.85035,43.97,0.0
2026-06-20 18:00:00,44.0182,44.14515,44.0182,44.058,0.0
2026-06-20 19:00:00,44.07205,44.2065,44.0455,44.0672,0.0
2026-06-20 20:00:00,44.0885,44.1445,43.99515,44.1255,0.0
2026-06-20 21:00:00,44.149,44.333,44.149,44.333,0.0
2026-06-20 22:00:00,44.2934,44.57485,44.2616,44.457,0.0
2026-06-20 23:00:00,44.4915,44.632,44.395,44.50325,0.289151654
2026-06-21 00:00:00,44.465,44.555,44.41,44.5141,0.074370108
2026-06-21 01:00:00,44.485,44.57015,44.39525,44.54345,0.0
2026-06-21 02:00:00,44.56,44.56,44.4355,44.4876,0.0
2026-06-21 03:00:00,44.50175,44.565,44.447,44.4657,0.0
2026-06-21 04:00:00,44.48095,44.69685,44.43665,44.43665,0.0
2026-06-21 05:00:00,44.45635,44.484,44.32,44.411,0.72973
2026-06-21 06:00:00,44.45,44.852,44.45,44.70555,8.027322977
2026-06-21 07:00:00,44.688,44.98,44.4999,44.778,8.214267758
2026-06-21 08:00:00,44.7965,44.9189,44.6325,44.75215,0.4224
2026-06-21 09:00:00,44.78,44.926,44.62,44.926,1.430344
2026-06-21 10:00:00,44.9415,45.3005,44.921,45.0648,0.027254669
2026-06-21 11:00:00,45.0785,45.1204,44.87455,44.955,0.0
2026-06-21 12:00:00,44.977,45.0845,44.844,45.0845,0.200228054
2026-06-21 13:00:00,45.0579,45.281,44.93,45.0768,4.076293227
2026-06-21 14:00:00,45.089,45.385,44.9428,45.3206,8.264108605
2026-06-21 15:00:00,45.3145,46.033,45.231,45.886,0.213693441
2026-06-21 16:00:00,45.85335,45.85335,45.22185,45.2965,0.0
2026-06-21 17:00:00,45.28045,45.4209,45.0925,45.13815,0.0
2026-06-21 18:00:00,45.1035,45.16665,44.89,45.08195,0.217296
2026-06-21 19:00:00,45.1063,45.36,45.0705,45.235,0.0
2026-06-21 20:00:00,45.217,45.234,44.91175,45.00795,0.0
2026-06-21 21:00:00,44.98,45.11,44.5518,44.9015,12.871086
2026-06-21 22:00:00,44.87,44.91,44.4905,44.74675,1.564624575
2026-06-21 23:00:00,44.717,44.7356,44.3445,44.4088,0.3
2026-06-22 00:00:00,44.4258,44.921,44.4258,44.855,11.21
2026-06-22 01:00:00,44.8735,45.51645,44.785,45.156,0.0
2026-06-22 02:00:00,45.1545,45.1545,44.984,44.9905,0.0
2026-06-22 03:00:00,44.96,45.0458,44.801,44.884,0.177482
2026-06-22 04:00:00,44.84875,44.9506,44.7277,44.90325,0.252146016
2026-06-22 05:00:00,44.8855,45.1739,44.84545,44.905,0.489686
2026-06-22 06:00:00,44.92495,44.9475,44.7397,44.80495,11.628461785
2026-06-22 07:00:00,44.787,45.2,44.78385,44.9474,22.352340794
2026-06-22 08:00:00,44.9225,45.0115,44.71,44.83045,11.112284942
2026-06-22 09:00:00,44.81445,44.88,44.63695,44.80835,0.0
2026-06-22 10:00:00,44.776,44.931,44.56,44.7275,7.094124
2026-06-22 11:00:00,44.74715,45.25,44.6696,45.23165,0.651132786
2026-06-22 12:00:00,45.1954,45.55975,45.15935,45.515,0.393413543
2026-06-22 13:00:00,45.4817,45.7655,45.344,45.6605,11.735682
2026-06-22 14:00:00,45.63985,45.63985,45.052,45.14275,0.3
2026-06-22 15:00:00,45.1605,45.40585,45.0544,45.10295,0.0
2026-06-22 16:00:00,45.0817,45.0988,44.88945,45.04895,0.0
2026-06-22 17:00:00,45.031,45.0464,44.74,44.895,0.0
2026-06-22 18:00:00,44.92215,44.9555,44.6275,44.6741,0.0
2026-06-22 19:00:00,44.65245,44.67,44.43845,44.594,0.0
2026-06-22 20:00:00,44.6127,44.81,44.465,44.5195,0.25
2026-06-22 21:00:00,44.525,44.6405,44.40955,44.6405,0.0
2026-06-22 22:00:00,44.51,44.6867,44.195,44.495,1.181775731
2026-06-22 23:00:00,44.4695,44.65,44.4416,44.531,0.5
2026-06-23 00:00:00,44.485,44.57475,44.351,44.539,0.0
2026-06-23 01:00:00,44.5619,44.632,44.3075,44.5485,0.0
2026-06-23 02:00:00,44.51325,44.595,44.3867,44.554,0.0
2026-06-23 03:00:00,44.5221,44.64,44.42775,44.5291,0.281225841
2026-06-23 04:00:00,44.5559,44.5559,44.3455,44.39105,0.0
2026-06-23 05:00:00,44.41265,44.431,44.149,44.3124,0.0
2026-06-23 06:00:00,44.32465,44.32465,43.72,43.9004,0.0
2026-06-23 07:00:00,43.88385,44.01,43.74595,43.74595,0.0
2026-06-23 08:00:00,43.70835,43.765,43.0637,43.26855,0.0
2026-06-23 09:00:00,43.29915,43.4607,43.27,43.3,0.0
2026-06-23 10:00:00,43.32565,43.4815,43.29475,43.3485,0.0
2026-06-23 11:00:00,43.365,43.605,43.36,43.425,0.0
2026-06-23 12:00:00,43.41,43.44925,43.15,43.1755,0.07289607
2026-06-23 13:00:00,43.2,43.46475,43.1123,43.3075,0.0
2026-06-23 14:00:00,43.34105,43.3548,42.5,42.5395,4.890843
2026-06-23 15:00:00,42.51315,42.51315,41.81505,41.90065,4.63877656
2026-06-23 16:00:00,41.8865,42.1862,41.84,42.0062,0.0
2026-06-23 17:00:00,41.9845,42.2,41.82445,42.04,0.796642302
2026-06-23 18:00:00,42.0596,42.2,41.7585,41.957,0.187994
2026-06-23 19:00:00,41.9295,42.04,41.781,41.8564,0.0
2026-06-23 20:00:00,41.9808,42.09,41.8045,41.822,0.773739141
2026-06-23 21:00:00,41.853,41.95715,41.80605,41.91045,0.0
2026-06-23 22:00:00,41.9405,42.0483,41.88455,41.9785,0.0
2026-06-23 23:00:00,41.96,42.19,41.889,42.1446,0.02386
2026-06-24 00:00:00,42.15,42.300045,42.15,42.270545,0.0
2026-06-24 01:00:00,42.282045,42.34,42.210545,42.255545,0.99514
2026-06-24 02:00:00,42.265545,42.265545,41.8875,41.9215,1.030043704
2026-06-24 03:00:00,41.9375,41.9855,41.70145,41.71235,0.0
2026-06-24 04:00:00,41.7435,46.9151943345,41.444,41.7265,0.791894
2026-06-24 05:00:00,41.7455,42.0628,41.74,41.99995,0.0
2026-06-24 06:00:00,41.98855,42.17,41.925,42.07615,0.196915379
2026-06-24 07:00:00,42.1048,42.131,41.943,42.0005,5.0
2026-06-24 08:00:00,41.99195,42.1398,41.924,42.126,0.0
2026-06-24 09:00:00,42.11,42.1105,41.99765,42.053,0.0
2026-06-24 10:00:00,42.035,42.0524,41.7945,41.825,8.653143348
2026-06-24 11:00:00,41.80215,42.32,41.752,42.16725,0.0
2026-06-24 12:00:00,42.1435,42.2145,42.0925,42.1107,0.0
2026-06-24 13:00:00,42.1383,42.1383,41.3182,41.5573,0.189557
2026-06-24 14:00:00,41.539,41.753,41.37,41.64,0.673133
2026-06-24 15:00:00,41.621,41.621,40.6675,40.6675,0.025636747
2026-06-24 16:00:00,40.6695,40.9975,40.1538916255,40.2493916255,4.4735034
2026-06-24 17:00:00,40.2648916255,40.53675,39.2897,39.4335,36.97888071
2026-06-24 18:00:00,39.40405,40.1015,39.34,39.7258,4.550808532
2026-06-24 19:00:00,39.7606,40.12,39.6181,40.05005,0.521929798
2026-06-24 20:00:00,40.0279,40.8587,39.9485,40.691,0.0
2026-06-24 21:00:00,40.7185,40.8989,40.61475,40.8989,0.036009408
2026-06-24 22:00:00,40.92265,41.17315,40.8919,40.9275,0.0
2026-06-24 23:00:00,40.9105,41.206,40.71935,41.1232,0.031353784
2026-06-25 00:00:00,41.135,41.209,41.0085,41.07,0.0
2026-06-25 01:00:00,41.083,41.15395,41.025,41.129,0.0
2026-06-25 02:00:00,41.106,41.17225,40.9691,41.1594,0.050271
2026-06-25 03:00:00,41.1954,41.2496,41.06915,41.22455,0.0
2026-06-25 04:00:00,41.2096,41.6175,41.1628,41.5412,0.04849121
2026-06-25 05:00:00,41.57055,41.9025,41.5475,41.84005,0.0
2026-06-25 06:00:00,41.864,41.91215,41.68,41.7187,0.0
2026-06-25 07:00:00,41.737,41.737,41.498,41.7135,0.0
2026-06-25 08:00:00,41.67635,41.7665,41.58955,41.71175,0.0
2026-06-25 09:00:00,41.7383,41.943,41.642,41.79395,1.342021977
2026-06-25 10:00:00,41.7666,41.898,41.4776,41.4776,0.091902977
2026-06-25 11:00:00,41.4968,41.5165,41.279,41.3101,0.0
2026-06-25 12:00:00,41.32105,41.4065,40.8462,41.4065,0.80306
2026-06-25 13:00:00,41.43,41.55565,39.2775,39.3843,0.305343837
2026-06-25 14:00:00,39.39875,40.76095,39.39875,40.2985,2.048915
2026-06-25 15:00:00,40.275,40.4285,39.815,40.3855,0.157455384
2026-06-25 16:00:00,40.3993,40.7495,40.2105,40.326,0.205542211
2026-06-25 17:00:00,40.34945,41.1067,40.34945,40.96625,1.935940332
2026-06-25 18:00:00,40.9905,41.0411,40.4236,40.62,0.071639328
2026-06-25 19:00:00,40.635,40.66175,40.43145,40.6505,12.0
2026-06-25 20:00:00,40.6882,41.05,40.5684,40.73265,0.571823612
2026-06-25 21:00:00,40.7074,41.2848,40.7074,41.1685,2.902366882
2026-06-25 22:00:00,41.3,41.307,40.9485,40.955,1.628413399
2026-06-25 23:00:00,40.9811,41.17,40.77,40.85705,1.950167255
2026-06-26 00:00:00,40.8857,41.12,40.87815,41.039,1.480619666
2026-06-26 01:00:00,41.044,41.07,40.5957,40.8393,1.449310851
2026-06-26 02:00:00,40.8545,40.967,39.9876,40.187,0.065489701
2026-06-26 03:00:00,40.2002,41.26,39.975,41.17675,3.201854492
2026-06-26 04:00:00,41.05,41.4067,41.0291,41.18,3.861922498
2026-06-26 05:00:00,41.1935,41.51,41.1705,41.2665,2.029213435
2026-06-26 06:00:00,41.2585,41.8,41.15,41.68345,2.395354202
2026-06-26 07:00:00,41.701,41.95,41.5988,41.844,0.692268622
2026-06-26 08:00:00,41.8675,41.8675,41.2352,41.49365,0.743642924
2026-06-26 09:00:00,41.52135,41.7095,41.2415,41.256,0.813410375
2026-06-26 10:00:00,41.267,41.35965,41.1715,41.22425,0.0
2026-06-26 11:00:00,41.24,41.36095,40.7365,40.8465,2.149043437
2026-06-26 12:00:00,40.8665,40.98145,40.315,40.4535,0.0
2026-06-26 13:00:00,40.472,41.285,40.12935,41.285,1.148785801
2026-06-26 14:00:00,41.2555,41.34,40.8425,40.974,3.656143357
2026-06-26 15:00:00,40.994,41.63,40.894,41.32765,1.51678154
2026-06-26 16:00:00,41.35725,41.912,41.3005,41.57745,1.480928686
2026-06-26 17:00:00,41.5475,42.037,41.5475,41.8361,1.381863414
2026-06-26 18:00:00,41.8539,41.9705,41.5597,41.5841,0.174013368
2026-06-26 19:00:00,41.55345,41.9488,41.4847,41.66415,0.290201851
2026-06-26 20:00:00,41.68405,42.11535,41.63905,41.66475,1.000856226
2026-06-26 21:00:00,41.675,42.02,41.5787,41.80665,0.461803192
2026-06-26 22:00:00,41.7895,41.952,41.465,41.922,0.544952278
2026-06-26 23:00:00,41.95,42.08,41.7015,41.86115,0.479637182
2026-06-27 00:00:00,41.8883,41.890935,41.64965,41.8154675,0.799508339
2026-06-27 01:00:00,41.7963675,42.1327,41.725,42.0,0.286635999
2026-06-27 02:00:00,42.0382,42.38,41.9549,42.2905,0.579774189
2026-06-27 03:00:00,42.2655,42.3723,42.0785,42.2245,0.208254355
2026-06-27 04:00:00,42.2483,45.8801174,42.0884,42.20465,0.2175058
2026-06-27 05:00:00,42.20855,42.362,42.077,42.27,0.514537482
2026-06-27 06:00:00,42.30295,42.367,42.04,42.16665,0.6434814
2026-06-27 07:00:00,42.13095,42.515,41.9818,42.3805,0.235817301
2026-06-27 08:00:00,42.3408,42.7283,42.264,42.636,1.338740117
2026-06-27 09:00:00,42.61875,42.8325,42.4462,42.581,0.107682748
2026-06-27 10:00:00,42.558,42.79,42.4047,42.667,0.157234533
2026-06-27 11:00:00,42.64365,42.66495,42.3395,42.42,0.033824559
2026-06-27 12:00:00,42.44785,42.8959,42.43,42.758,0.263360543
2026-06-27 13:00:00,42.7305,43.14,42.665,43.00605,0.829868777
2026-06-27 14:00:00,43.1401,43.1991,42.71,42.82,0.940605916
2026-06-27 15:00:00,42.8381,43.151,42.7556,43.03295,0.543604948
2026-06-27 16:00:00,43.0569,43.2471,42.92,43.0985,0.842397195
2026-06-27 17:00:00,43.227,43.227,42.61,42.77,1.283855081
2026-06-27 18:00:00,42.75,42.79,42.464,42.69685,0.313627002
2026-06-27 19:00:00,42.728,42.7641,42.0279,42.2745,10.372474703
2026-06-27 20:00:00,42.281,42.4693,42.1943,42.3536,9.606740623
2026-06-27 21:00:00,42.3395,42.6255,42.097,42.1581,1.147594411
2026-06-27 22:00:00,42.14475,42.281,41.6991,42.24765,0.162123405
2026-06-27 23:00:00,42.2655,42.42,42.09,42.1311,0.388349
2026-06-28 00:00:00,42.1487,42.2979,42.0695,42.1835,0.890777
2026-06-28 01:00:00,42.17415,42.2905,42.02,42.1508,0.075016847
2026-06-28 02:00:00,42.168,42.2527,41.761,42.0127,0.25625377
2026-06-28 03:00:00,42.0485,42.1945,41.98,42.1945,0.543682268
2026-06-28 04:00:00,42.165,42.3832,42.1105,42.237,0.082374215
2026-06-28 05:00:00,42.2202,42.358,42.04,42.243,0.133047849
2026-06-28 06:00:00,42.215,42.3275,42.022,42.321,0.026550648
2026-06-28 07:00:00,42.3355,42.54,42.2152,42.4763,1.077394411
2026-06-28 08:00:00,42.4961,43.059,42.3312,42.89505,0.744814442
2026-06-28 09:00:00,42.9135,43.175,42.564,42.719,0.900882261
2026-06-28 10:00:00,42.7095,43.0104,42.6343,42.795,0.363764142
2026-06-28 11:00:00,42.82755,43.38,42.751,43.255,0.410257449
2026-06-28 12:00:00,43.24355,43.35,42.853,43.0855,0.315837735
2026-06-28 13:00:00,43.221,43.2247,42.8257,42.91255,0.383558981
2026-06-28 14:00:00,42.9265,43.318,42.895,43.0196,1.222707976
2026-06-28 15:00:00,43.035,43.15,42.748,42.865,0.210900356
2026-06-28 16:00:00,42.8515,42.9395,42.5926,42.8215,0.124119
2026-06-28 17:00:00,42.95,42.95,42.555,42.765,0.228258
2026-06-28 18:00:00,42.7549,43.13,42.5902,42.5902,8.069538967
2026-06-28 19:00:00,42.6074,42.6074,42.308,42.50305,0.0
2026-06-28 20:00:00,42.4855,42.62,42.3965,42.5676,0.0
2026-06-28 21:00:00,42.561,42.5715,42.0375,42.0755,0.0
2026-06-28 22:00:00,42.1,42.571,41.9681,42.083,0.0
2026-06-28 23:00:00,42.055,42.60635,42.055,42.45,0.374508
2026-06-29 00:00:00,42.44375,42.92725,42.28295,42.8626,0.561024
2026-06-29 01:00:00,42.8745,42.926,42.5427,42.8443,0.027150824
2026-06-29 02:00:00,42.8205,43.06565,42.40865,42.89675,0.0
2026-06-29 03:00:00,42.88285,43.19075,42.65195,43.19015,0.0
2026-06-29 04:00:00,43.21,43.21,42.7684,42.9255,0.0
2026-06-29 05:00:00,42.949,42.949,42.6515,42.8635,0.119502
2026-06-29 06:00:00,42.89015,42.982,42.6928,42.735,1.001116291
2026-06-29 07:00:00,42.71055,42.8385,42.5785,42.61015,0.0
2026-06-29 08:00:00,42.5945,42.62,42.2293,42.295,0.0
2026-06-29 09:00:00,42.2735,42.612,42.25,42.41945,0.0
2026-06-29 10:00:00,42.4335,42.4808,42.1511,42.293,0.0
2026-06-29 11:00:00,42.3135,42.50305,42.14485,42.24,0.770072
2026-06-29 12:00:00,42.22715,42.78885,42.06905,42.46865,60.240745532
2026-06-29 13:00:00,42.5005,42.7565,42.3305,42.532,0.0
2026-06-29 14:00:00,42.5608,42.6455,42.1875,42.42555,0.207475766
2026-06-29 15:00:00,42.4065,42.6165,42.085,42.43895,0.0
2026-06-29 16:00:00,42.45395,42.654,42.22005,42.5295,0.0
2026-06-29 17:00:00,42.502,43.18,42.48095,43.07,11.590283
2026-06-29 18:00:00,43.03995,43.37,42.9985,43.24,6.781592046
2026-06-29 19:00:00,43.2168,43.4534,43.1455,43.3425,2.0
2026-06-29 20:00:00,43.36795,43.36795,43.2063,43.3193,0.0
2026-06-29 21:00:00,43.284,43.44,43.1509,43.31,0.776521359
2026-06-29 22:00:00,43.2838,43.3057,43.111,43.11475,0.0
2026-06-29 23:00:00,43.1232,43.147,42.9942,43.13015,0.0
2026-06-30 00:00:00,43.2692,43.2692,42.63,42.761,1.93403
2026-06-30 01:00:00,42.622,42.8529,42.5098,42.52455,2.329729
2026-06-30 02:00:00,42.51615,42.6085,42.3775,42.5815,10.61884255
2026-06-30 03:00:00,42.57,42.62265,42.367,42.415,0.278254
2026-06-30 04:00:00,42.398,42.5409,42.328,42.495,0.0
2026-06-30 05:00:00,42.51,42.5495,42.423,42.5442,0.0
2026-06-30 06:00:00,42.56005,42.72795,42.5135,42.7135,0.0
2026-06-30 07:00:00,42.69405,42.7765,42.415,42.5265,10.595481
2026-06-30 08:00:00,42.50775,42.5813,42.2365,42.401,10.973443322
2026-06-30 09:00:00,42.3775,42.438,42.2224,42.4368,0.0
2026-06-30 10:00:00,42.415,42.453,42.28,42.28,0.0
2026-06-30 11:00:00,42.30405,42.4565,42.19245,42.3362,0.0
2026-06-30 12:00:00,42.31475,42.31475,41.87665,41.87665,18.013547019
2026-06-30 13:00:00,41.86705,42.175,41.86705,42.119,1.104259323
2026-06-30 14:00:00,42.10405,42.45045,41.62505,41.6565,44.21640378
2026-06-30 15:00:00,41.63,41.851,41.5288,41.635,0.0
2026-06-30 16:00:00,41.655,41.85025,41.52,41.785,0.0
2026-06-30 17:00:00,41.8103,41.97,41.71685,41.755,0.110985521
2026-06-30 18:00:00,41.77785,41.928,41.5949,41.773,4.632507389
2026-06-30 19:00:00,41.7395,41.914,41.6779,41.78795,0.46116823
2026-06-30 20:00:00,41.771,41.84,41.5741,41.65895,0.023431934
2026-06-30 21:00:00,41.6435,41.8938,41.5525,41.8406,1.0
2026-06-30 22:00:00,41.864,41.91325,41.699,41.76955,0.44
2026-06-30 23:00:00,41.75995,41.89615,41.75995,41.865,0.0
2026-07-01 00:00:00,41.88355,41.89995,41.79755,41.8705,0.0
2026-07-01 01:00:00,41.88125,42.135,41.27,42.06935,11.566447
2026-07-01 02:00:00,42.0923,42.571,42.05285,42.571,10.760958531
2026-07-01 03:00:00,42.583,42.85355,42.5185,42.7886,11.278861
2026-07-01 04:00:00,42.76175,42.83965,42.59765,42.7915,0.0
2026-07-01 05:00:00,42.81395,42.861,42.61175,42.635,0.471548479
2026-07-01 06:00:00,42.76,42.76,42.1697,42.32295,10.914493775
2026-07-01 07:00:00,42.3045,42.37,42.1618,42.1618,0.0
2026-07-01 08:00:00,42.13,42.2316,41.975,42.2316,10.705632
2026-07-01 09:00:00,42.2124,42.357,42.1255,42.154,0.0
2026-07-01 10:00:00,42.147,42.219,41.77615,41.8415,0.470369
2026-07-01 11:00:00,41.8235,41.92,41.6965,41.745,0.0
2026-07-01 12:00:00,41.716,41.813,41.0905,41.198,22.08767459
2026-07-01 13:00:00,41.2367,41.81205,41.13685,41.8005,11.572567464
2026-07-01 14:00:00,41.765,42.2039,41.68675,42.02235,12.38995202
2026-07-01 15:00:00,42.0545,42.8415,42.0545,42.4785,22.088782382
2026-07-01 16:00:00,42.45355,42.706,42.2899,42.334,10.62299122
2026-07-01 17:00:00,42.2985,42.5535,42.101,42.4865,0.899930865
2026-07-01 18:00:00,42.5208,42.5697,42.2418,42.3709,4.233636768
2026-07-01 19:00:00,42.3711,42.59,42.35295,42.4255,0.057318066
2026-07-01 20:00:00,42.44525,42.5505,42.32155,42.53445,0.0
2026-07-01 21:00:00,42.5456,43.61105,42.5012,43.411,11.276962388
2026-07-01 22:00:00,43.3797,43.56895,42.907,42.9596,0.0
2026-07-01 23:00:00,42.927,42.927,42.6,42.65,0.0
2026-07-02 00:00:00,42.6805,42.751,42.31,42.5045,10.93868582
2026-07-02 01:00:00,42.4837,42.9256,42.4837,42.76395,10.591483
2026-07-02 02:00:00,42.74925,43.01,42.72,42.75325,0.293372825
2026-07-02 03:00:00,42.766,43.2935,42.644,43.2268,0.375415115
2026-07-02 04:00:00,43.1915,43.285,42.97725,43.104,0.29445
2026-07-02 05:00:00,43.08005,43.1315,42.7145,42.825,0.11
2026-07-02 06:00:00,42.8,42.8,42.565,42.5915,0.0
2026-07-02 07:00:00,42.5775,42.71,42.50065,42.6572,0.185678
2026-07-02 08:00:00,42.5264,42.903,42.5264,42.9,0.691696318
2026-07-02 09:00:00,42.87475,43.33,42.7565,43.19685,13.761266819
2026-07-02 10:00:00,43.175,43.43,43.175,43.228,42.392225366
2026-07-02 11:00:00,43.096,43.40065,42.79055,42.9755,0.114404671
2026-07-02 12:00:00,42.96,43.22185,42.85995,43.1705,2.903955918
2026-07-02 13:00:00,43.2079,43.72345,43.185,43.5782,0.0
2026-07-02 14:00:00,43.5633,43.8621,43.3212,43.515,11.946603649
2026-07-02 15:00:00,43.5357,43.584,43.29,43.35765,0.0
2026-07-02 16:00:00,43.3644,43.479,43.17825,43.4067,0.0
2026-07-02 17:00:00,43.42295,43.57095,43.38155,43.44165,0.0
2026-07-02 18:00:00,43.45575,43.89,43.45575,43.63395,12.706375909
2026-07-02 19:00:00,43.65825,43.6765,43.394,43.451,0.022504455
2026-07-02 20:00:00,43.4627,43.515,43.14,43.383,7.825306359
2026-07-02 21:00:00,43.3712,43.503,43.3069,43.363,13.513222289
2026-07-02 22:00:00,43.34895,43.508,43.305,43.4425,0.0
2026-07-02 23:00:00,43.42175,43.5217,43.349,43.48935,0.0
2026-07-03 00:00:00,43.4735,43.54445,43.3605,43.48945,0.0
2026-07-03 01:00:00,43.4645,43.8125,43.4645,43.614,0.0
2026-07-03 02:00:00,43.748,43.7525,43.43,43.495,0.14411563
2026-07-03 03:00:00,43.46705,43.589,43.074,43.15735,10.554064302
2026-07-03 04:00:00,43.18335,43.21145,42.9992,43.1491,0.273826666
2026-07-03 05:00:00,43.1167,43.377,43.085,43.23465,0.113019
2026-07-03 06:00:00,43.2562,43.31835,43.1805,43.2555,0.0
2026-07-03 07:00:00,43.12,43.313,43.12,43.1825,0.6308935
2026-07-03 08:00:00,43.053,43.415,43.053,43.194,0.646971253
2026-07-03 09:00:00,43.1723,43.41,43.1723,43.3185,3.029160064
2026-07-03 10:00:00,43.3365,43.6358,43.264,43.5305,10.947620151
2026-07-03 11:00:00,43.502,43.63375,43.4262,43.5824,0.625889
2026-07-03 12:00:00,43.6208,43.66,43.3822,43.492,1.789619863
2026-07-03 13:00:00,43.52575,43.7565,43.47325,43.6625,0.101721581
2026-07-03 14:00:00,43.6425,43.6425,43.225,43.5568,1.116773636
2026-07-03 15:00:00,43.595,43.873,43.42,43.5547,17.295911821
2026-07-03 16:00:00,43.5665,43.78,43.4285,43.74005,10.3546943
2026-07-03 17:00:00,43.723,44.127,43.70175,44.03265,12.813744626
2026-07-03 18:00:00,44.007,44.1354,43.8836,44.112,0.0
2026-07-03 19:00:00,44.238,44.417,43.98,44.25,0.434952277
2026-07-03 20:00:00,44.28665,45.2945,44.138,45.171,6.853297687
2026-07-03 21:00:00,45.19575,45.3472,44.68,45.24285,2.892793565
2026-07-03 22:00:00,45.378,45.378,44.7474,44.89005,0.18192559
2026-07-03 23:00:00,44.8663,44.88,44.72515,44.78805,0.0
2026-07-04 00:00:00,44.7975,45.005,44.5778,44.6358,10.332679239
2026-07-04 01:00:00,44.6121,44.6121,44.0835,44.2165,10.24015961
2026-07-04 02:00:00,44.195,44.3004,44.063,44.2783,1.265929
2026-07-04 03:00:00,44.255,44.3825,44.0695,44.3058,0.0
2026-07-04 04:00:00,44.277,44.54275,44.1735,44.49445,0.0
2026-07-04 05:00:00,44.47055,44.5062,44.283,44.4462,0.0
2026-07-04 06:00:00,44.45615,44.51,44.02985,44.1902,0.0
2026-07-04 07:00:00,44.16915,44.2911,43.95315,44.1935,0.0
2026-07-04 08:00:00,44.17985,44.45875,44.1535,44.45875,0.0
2026-07-04 09:00:00,44.47695,44.5,44.16,44.245,0.0
2026-07-04 10:00:00,44.2232,44.4454,44.1932,44.29,0.449889
2026-07-04 11:00:00,44.27485,44.38,44.1633,44.358,0.0
2026-07-04 12:00:00,44.3705,44.53855,44.3645,44.512,0.0
2026-07-04 13:00:00,44.4922,44.70505,44.2145,44.29175,20.35773065
2026-07-04 14:00:00,44.325,44.7705,44.325,44.7705,10.177656
2026-07-04 15:00:00,44.79,45.293,44.7833,45.15,19.624742588
2026-07-04 16:00:00,45.13,45.4251,45.043,45.314,1.277706432
2026-07-04 17:00:00,45.27705,45.774,45.11,45.537,1.429743493
2026-07-04 18:00:00,45.55515,45.713,45.2544,45.3525,0.058709
2026-07-04 19:00:00,45.321,45.372,45.0282,45.138,0.376339209
2026-07-04 20:00:00,45.1115,45.162,44.85235,45.011,0.058540282
2026-07-04 21:00:00,44.97845,45.161,44.96185,45.1159,0.0
2026-07-04 22:00:00,45.0925,45.105,44.93495,45.0282,12.928595137
2026-07-04 23:00:00,45.0095,45.0095,44.65,44.8205,0.103404135
2026-07-05 00:00:00,44.784,44.784,44.26045,44.3745,24.974444941
2026-07-05 01:00:00,44.39135,44.4409,44.17,44.352,11.34278047
2026-07-05 02:00:00,44.31955,44.31955,44.11895,44.239,0.0
2026-07-05 03:00:00,44.2,44.27525,44.1621,44.2536,0.0
2026-07-05 04:00:00,44.2205,44.3689,44.2035,44.20695,0.0
2026-07-05 05:00:00,44.178,44.2319,44.055,44.1595,0.0
2026-07-05 06:00:00,44.1435,44.27895,44.0834,44.23585,0.358156
2026-07-05 07:00:00,44.2155,44.41975,44.2065,44.402,0.0
2026-07-05 08:00:00,44.42475,44.46835,44.365,44.44,0.0
2026-07-05 09:00:00,44.4177,44.4315,44.005,44.165,0.07376772
2026-07-05 10:00:00,44.13,44.6694,44.119,44.63315,10.173917
2026-07-05 11:00:00,44.60615,44.7509,44.545,44.744,0.223489932
2026-07-05 12:00:00,44.7134,45.019,44.66555,44.711,10.208542611
2026-07-05 13:00:00,44.7138,44.93,44.6,44.867,8.508011423
2026-07-05 14:00:00,45.0,45.1635,44.759,45.1626,10.252904517
2026-07-05 15:00:00,45.129,45.5735,45.0525,45.403,5.743494423
2026-07-05 16:00:00,45.418,45.87,44.9785,45.05165,4.075690562
2026-07-05 17:00:00,45.1933,45.53,44.94,45.41965,33.297317327
2026-07-05 18:00:00,45.5493,46.16,45.326,45.75415,3.476728984
2026-07-05 19:00:00,45.74285,45.8435,45.495,45.6365,5.680836368
2026-07-05 20:00:00,45.625,45.71655,45.3,45.50705,3.290624635
2026-07-05 21:00:00,45.6431,45.87,45.28825,45.572,0.252787619
2026-07-05 22:00:00,45.56245,46.1,45.51085,45.869,0.275489207
2026-07-05 23:00:00,45.8942,46.07415,45.6745,45.765,9.89223034
2026-07-06 00:00:00,45.9,46.05,45.5222,45.927,0.517211132
2026-07-06 01:00:00,45.9215,45.9265,45.3882,45.42785,0.0
2026-07-06 02:00:00,45.423,45.50085,45.102,45.3045,9.93719692
2026-07-06 03:00:00,45.2765,45.309,44.9665,45.1991,0.0
2026-07-06 04:00:00,45.1836,45.23015,45.04505,45.15845,0.0
2026-07-06 05:00:00,45.14,45.1495,44.74,44.923,10.232480934
2026-07-06 06:00:00,44.95485,44.96695,44.6952,44.9585,0.0
2026-07-06 07:00:00,44.93,44.93,44.67645,44.8462,0.0
2026-07-06 08:00:00,44.9874,44.9874,44.605,44.74525,0.041623855
2026-07-06 09:00:00,44.7275,44.93,44.42565,44.4775,10.10089674
2026-07-06 10:00:00,44.431,44.73715,44.431,44.7085,0.0
2026-07-06 11:00:00,44.69395,44.69395,44.36,44.39385,1.354184
2026-07-06 12:00:00,44.4225,44.4225,43.96,44.1002,10.316431615
2026-07-06 13:00:00,44.067,44.3654,43.74,44.23,0.0
2026-07-06 14:00:00,44.2511,44.4113,44.09,44.2622,0.0
2026-07-06 15:00:00,44.29005,44.988,44.29005,44.9605,22.614944237
2026-07-06 16:00:00,44.936,45.20325,44.8295,45.15485,0.48642282
2026-07-06 17:00:00,45.11265,45.25145,45.00255,45.065,0.0
2026-07-06 18:00:00,45.0965,45.2968,44.95,45.1625,0.452198047
2026-07-06 19:00:00,45.1411,45.378,45.0397,45.155,1.526336716
2026-07-06 20:00:00,45.145,45.22,44.74,44.985,171.008961
2026-07-06 21:00:00,45.12,45.68,44.8144,45.44905,60.603540197
2026-07-06 22:00:00,45.4743,45.4743,45.1249,45.1505,0.280371247
2026-07-06 23:00:00,45.12465,45.19435,44.79,44.79,10.03116348
2026-07-07 00:00:00,44.8135,45.057,44.7134,44.9268,0.434634646
2026-07-07 01:00:00,44.90085,44.90085,44.5915,44.6735,0.0
2026-07-07 02:00:00,44.70075,44.70075,44.2811,44.32,10.387623258
2026-07-07 03:00:00,44.338,44.338,44.01665,44.085,10.4756601
2026-07-07 04:00:00,44.121,44.14,43.8458,43.9875,0.0
2026-07-07 05:00:00,43.9543,44.101,43.82095,44.04385,0.0
2026-07-07 06:00:00,44.08205,44.277,43.89,44.15,1.392005
2026-07-07 07:00:00,44.14,44.195,44.011,44.011,0.0
2026-07-07 08:00:00,43.98935,44.0721,43.91,44.0105,0.0
2026-07-07 09:00:00,43.976,44.10465,43.9691,44.0185,0.0
2026-07-07 10:00:00,44.04655,44.15415,43.89395,43.89395,0.0
2026-07-07 11:00:00,43.8761,44.13055,43.7782,44.1037,2.369882776
2026-07-07 12:00:00,44.1295,44.34,43.96,43.996,0.716890566
2026-07-07 13:00:00,43.9625,44.05305,43.7765,43.8462,0.0
2026-07-07 14:00:00,43.8239,44.28135,43.7572,44.2572,0.0
2026-07-07 15:00:00,44.2357,44.68235,44.1095,44.68235,0.0
2026-07-07 16:00:00,44.6742,44.8579,44.40705,44.6955,10.63024
2026-07-07 17:00:00,44.663,44.7445,44.41565,44.54425,0.0
2026-07-07 18:00:00,44.525,44.525,44.025,44.0295,11.232538647
2026-07-07 19:00:00,44.0014,44.08,43.6945,43.9995,0.0
2026-07-07 20:00:00,43.972,44.0904,43.9465,44.02,0.0
2026-07-07 21:00:00,44.04765,44.08115,43.7627,43.8401,0.0
2026-07-07 22:00:00,43.8058,43.97,43.683,43.94525,0.0
2026-07-07 23:00:00,43.925,44.0565,43.843,43.868,0.0
2026-07-08 00:00:00,43.8885,43.9874725,43.74555,43.8655,0.113864234
2026-07-08 01:00:00,43.89,44.0841,43.61,43.75605,1.823951981
2026-07-08 02:00:00,43.7265,43.80125,43.6,43.665,0.48831924
2026-07-08 03:00:00,43.68,43.8124,43.4325,43.4325,5.30206191
2026-07-08 04:00:00,43.409,43.6996,43.27735,43.58175,0.448156755
2026-07-08 05:00:00,43.6135,43.7645,43.5666,43.71,0.0
2026-07-08 06:00:00,43.7018,43.7095,43.339,43.536,0.915692715
2026-07-08 07:00:00,43.5065,43.8932,43.4432,43.828,0.0
2026-07-08 08:00:00,43.84,43.99785,43.276,43.41295,0.0
2026-07-08 09:00:00,43.3922,43.44775,43.17705,43.314,0.0
2026-07-08 10:00:00,43.33485,43.391,43.18845,43.3709,0.234174385
2026-07-08 11:00:00,43.34905,43.73,43.237,43.63915,3.555462228
2026-07-08 12:00:00,43.65145,43.90435,43.55695,43.6115,0.401251
2026-07-08 13:00:00,43.63955,43.75,43.32195,43.55,0.0
2026-07-08 14:00:00,43.568,43.9347,43.41,43.64,3.768022623
2026-07-08 15:00:00,43.6065,43.68795,43.12715,43.30115,0.0
2026-07-08 16:00:00,43.33105,43.6,43.25395,43.5655,0.0
2026-07-08 17:00:00,43.5895,43.7,43.4349,43.4349,0.0
2026-07-08 18:00:00,43.452,43.66,43.4155,43.5144,1.0
2026-07-08 19:00:00,43.536,43.5745,43.2933,43.42095,0.0
2026-07-08 20:00:00,43.387,43.485,43.3183,43.3293,0.0
2026-07-08 21:00:00,43.3053,43.51,43.2537,43.4324,0.0
2026-07-08 22:00:00,43.46015,43.5208,43.4165,43.518,0.0
2026-07-08 23:00:00,43.48995,43.632,43.4715,43.6155,0.0
2026-07-09 00:00:00,43.65145,43.6945,43.4482,43.64055,0.126417
2026-07-09 01:00:00,43.6186,44.036,43.58705,43.602,0.0
2026-07-09 02:00:00,43.6195,43.834,43.422,43.42575,0.0
2026-07-09 03:00:00,43.4,43.695,43.4,43.695,0.0
2026-07-09 04:00:00,43.7117,43.9895,43.70665,43.965,0.0
2026-07-09 05:00:00,43.9521,44.1672,43.9223,44.1672,0.0
2026-07-09 06:00:00,44.1734,44.26,44.0248,44.193,0.088602996
2026-07-09 07:00:00,44.2269,44.27815,43.995,43.995,0.0
2026-07-09 08:00:00,43.965,44.1037,43.9119,43.9119,0.0
2026-07-09 09:00:00,43.88165,43.9446,43.68,43.9151,49.924951037
2026-07-09 10:00:00,43.8943,43.92,43.71135,43.73195,0.0
2026-07-09 11:00:00,43.755,43.835,43.703,43.835,0.0
2026-07-09 12:00:00,43.8135,43.96,43.763,43.89375,0.0
2026-07-09 13:00:00,43.9175,44.28,43.765,44.155,0.241092778
2026-07-09 14:00:00,44.1635,44.1907,43.777,43.799,0.0
2026-07-09 15:00:00,43.82845,44.249,43.802,43.9425,0.167501292
2026-07-09 16:00:00,43.924,44.0295,43.751,43.851,0.0
2026-07-09 17:00:00,43.8714,44.0445,43.85,43.974,0.255464026
2026-07-09 18:00:00,43.9461,44.235,43.9461,44.0687,0.0
2026-07-09 19:00:00,44.045,44.2374,43.954,43.954,0.241092778
2026-07-09 20:00:00,43.9825,44.02,43.8517,43.9065,0.0
2026-07-09 21:00:00,43.9249,43.9782,43.885,43.8875,0.0
2026-07-09 22:00:00,43.9142,43.99865,43.89,43.94,0.0
2026-07-09 23:00:00,43.904,43.97015,43.7,43.7725,0.0
2026-07-10 00:00:00,43.7474,43.879,43.55245,43.6645,6.0
2026-07-10 01:00:00,43.6845,44.3375,43.5778,44.255,0.45803192
2026-07-10 02:00:00,44.27,44.415,44.10685,44.415,0.45218
2026-07-10 03:00:00,44.406,44.406,44.13,44.3269,0.45106
2026-07-10 04:00:00,44.3184,44.41565,44.2825,44.3495,0.0
2026-07-10 05:00:00,44.375,44.6575,44.375,44.4975,0.04566721
2026-07-10 06:00:00,44.51,44.511,44.28705,44.2925,0.40387279
2026-07-10 07:00:00,44.32215,44.4678,44.2754,44.2754,0.959509763
2026-07-10 08:00:00,44.26,44.571,44.26,44.4795,0.0
2026-07-10 09:00:00,44.5,44.529,44.38,44.529,0.173385
2026-07-10 10:00:00,44.55105,44.5825,44.4565,44.5825,0.0
2026-07-10 11:00:00,44.562,44.59595,44.4828,44.53575,0.0
2026-07-10 12:00:00,44.55505,44.6431,44.483,44.51385,0.0
2026-07-10 13:00:00,44.53645,44.69745,44.49425,44.6418,0.0
2026-07-10 14:00:00,44.6215,44.6215,44.11,44.361,13.361258349
2026-07-10 15:00:00,44.4005,44.79605,44.4005,44.775,0.0
2026-07-10 16:00:00,44.782,44.7995,44.54,44.69295,0.806346402
2026-07-10 17:00:00,44.67935,44.6925,44.48785,44.513,0.0
2026-07-10 18:00:00,44.544,44.693,44.34855,44.44295,0.109673
2026-07-10 19:00:00,44.43,44.7396,44.43,44.605,0.540484627
2026-07-10 20:00:00,44.5945,44.6391,44.56335,44.576,0.0
2026-07-10 21:00:00,44.565,44.769,44.565,44.63,0.135335243
2026-07-10 22:00:00,44.655,44.85,44.655,44.74,10.929678448
2026-07-10 23:00:00,44.7182,44.876,44.6003,44.7445,1.271289
2026-07-11 00:00:00,44.7675,44.784,44.59,44.7465,0.684288
2026-07-11 01:00:00,44.7642,44.805,44.67635,44.701,0.0
2026-07-11 02:00:00,44.675,44.69725,44.60055,44.69725,0.0
2026-07-11 03:00:00,44.72825,44.797,44.6515,44.72005,0.109433
2026-07-11 04:00:00,44.745,44.7625,44.67265,44.7461,0.0
2026-07-11 05:00:00,44.728,44.93,44.728,44.93,2.247284007
2026-07-11 06:00:00,44.89,45.04845,44.8812,44.9358,0.0
2026-07-11 07:00:00,44.909,45.0105,44.8247,44.9786,0.056075211
2026-07-11 08:00:00,45.0134,45.045,44.95,45.045,0.0
2026-07-11 09:00:00,45.0638,45.111,44.817,44.94585,0.16528862
2026-07-11 10:00:00,44.93,45.1202,44.8392,45.00045,6.243951127
2026-07-11 11:00:00,45.0295,45.1215,45.0295,45.06625,0.0
2026-07-11 12:00:00,45.0915,48.96315,44.975,45.125,5.693990032
2026-07-11 13:00:00,45.09845,45.26,44.9075,44.9475,4.850363745
2026-07-11 14:00:00,44.9578,45.2289,44.9578,45.1275,4.838237834
2026-07-11 15:00:00,45.16325,45.26115,44.94725,45.0855,0.0
2026-07-11 16:00:00,45.126,45.14,45.0143,45.065,0.0
2026-07-11 17:00:00,45.0325,45.1456,44.97445,45.1064,0.0
2026-07-11 18:00:00,45.07955,45.253,45.0795,45.235,0.0
2026-07-11 19:00:00,45.211,45.40005,45.16,45.3679,0.331155
2026-07-11 20:00:00,45.3992,45.58,45.3,45.396,0.587824794
2026-07-11 21:00:00,45.419,45.49,45.272,45.385,0.0
2026-07-11 22:00:00,45.3,45.385,45.0889,45.137,0.35821861
2026-07-11 23:00:00,45.11165,45.11165,44.614,44.615,0.41728267
2026-07-12 00:00:00,44.605,44.6125,44.299,44.466,0.922206325
2026-07-12 01:00:00,44.446,44.7589,44.446,44.727,0.0
2026-07-12 02:00:00,44.6973,44.7735,44.6086,44.636,0.0
2026-07-12 03:00:00,44.6755,44.8495,44.541,44.8255,0.006292267
2026-07-12 04:00:00,44.83925,44.83925,44.54805,44.5698,0.44673
2026-07-12 05:00:00,44.5941,44.633,44.4926,44.6015,0.0
2026-07-12 06:00:00,44.57,44.57,44.3746,44.48,0.0
2026-07-12 07:00:00,44.5069,44.52985,44.4291,44.49645,0.0
2026-07-12 08:00:00,44.4765,44.5985,44.4765,44.56895,0.0
2026-07-12 09:00:00,44.531,44.609,44.42225,44.53935,0.0
2026-07-12 10:00:00,44.5061,44.5135,44.436,44.4772,0.0
2026-07-12 11:00:00,44.45265,44.67265,44.4005,44.67265,0.0
2026-07-12 12:00:00,44.65345,44.7608,44.5955,44.73,0.0
2026-07-12 13:00:00,44.74,44.83,44.591,44.591,0.621969
2026-07-12 14:00:00,44.5465,44.914,44.5295,44.8278,0.07334278
2026-07-12 15:00:00,44.81,44.8605,44.8005,44.8159,0.0
2026-07-12 16:00:00,44.7995,44.85305,44.7775,44.80925,0.0
2026-07-12 17:00:00,44.796,44.86,44.43,44.49735,0.520389423
2026-07-12 18:00:00,44.53305,44.613,44.48725,44.595,0.0
2026-07-12 19:00:00,44.61505,44.6542,44.5108,44.61,0.0
2026-07-12 20:00:00,44.6355,44.6355,44.501,44.5936,0.0
2026-07-12 21:00:00,44.6536,44.7233,44.3132,44.34895,1.20334258
2026-07-12 22:00:00,44.30215,44.3045,44.035,44.173,0.0
2026-07-12 23:00:00,44.1445,44.1445,43.8755,44.04425,1.787844205
2026-07-13 00:00:00,44.02985,44.4945,43.902,44.18,0.639312379
2026-07-13 01:00:00,44.16545,44.248,43.875,43.8945,0.0
2026-07-13 02:00:00,43.8711,44.02775,43.73205,43.8285,0.049387106
2026-07-13 03:00:00,43.8001,43.801,43.3656157635,43.50645,0.0
2026-07-13 04:00:00,43.4811,43.6434,43.439,43.439,0.0
2026-07-13 05:00:00,43.4653,43.78855,43.3786157635,43.742,0.0
2026-07-13 06:00:00,43.775,43.857,43.721,43.77765,0.0
2026-07-13 07:00:00,43.815,43.974,43.7829,43.879,0.0
2026-07-13 08:00:00,43.9025,43.9724,43.8325,43.883,0.0
2026-07-13 09:00:00,43.8655,43.8655,43.784,43.83,0.0
2026-07-13 10:00:00,43.8045,43.885,43.62,43.67,0.669621628
2026-07-13 11:00:00,43.6971,43.76,43.3706157635,43.3706157635,0.270889666
2026-07-13 12:00:00,43.3746157635,43.43,43.2956157635,43.3721157635,0.309039111
2026-07-13 13:00:00,43.3588657635,43.41205,43.251231527,43.2856157635,0.543712838
2026-07-13 14:00:00,43.2856157635,43.564,43.03035,43.54,5.857820615
2026-07-13 15:00:00,43.55345,43.65945,43.43495,43.45445,0.0
2026-07-13 16:00:00,43.4258,43.477,43.24135,43.2995,0.0
2026-07-13 17:00:00,43.27985,43.33715,43.070175,43.070175,0.0
2026-07-13 18:00:00,43.080175,43.2185,42.88795,43.0753,1.380234723
2026-07-13 19:00:00,43.0589,43.2965,43.03635,43.26735,0.0
2026-07-13 20:00:00,43.2465,43.2865,43.1001,43.22605,0.0
2026-07-13 21:00:00,43.24145,43.2985,43.0488,43.155,0.0
2026-07-13 22:00:00,43.174,43.41,43.174,43.2535,0.0
2026-07-13 23:00:00,43.232,43.569,43.2145,43.569,0.0
2026-07-14 00:00:00,43.57865,43.7674,43.541,43.7609,1.0862
2026-07-14 01:00:00,43.7706,43.7706,43.6393775,43.6448775,0.0
2026-07-14 02:00:00,43.6313275,43.67,43.49,43.57195,0.328371
2026-07-14 03:00:00,43.58,43.64785,43.49,43.64785,0.285962336
2026-07-14 04:00:00,43.624,43.696,43.575,43.661,0.0
2026-07-14 05:00:00,43.67855,43.872,43.67855,43.7945,0.449608
2026-07-14 06:00:00,43.75885,43.75885,43.62565,43.67925,0.0
2026-07-14 07:00:00,43.65885,43.6835,43.555,43.566,0.0
2026-07-14 08:00:00,43.58,43.6275,43.5548,43.6036,0.0
2026-07-14 09:00:00,43.6185,43.78,43.5251,43.6955,0.360376
2026-07-14 10:00:00,43.7155,43.7495,43.59595,43.6809,0.0
2026-07-14 11:00:00,43.65285,43.75,43.6345,43.646,0.0
2026-07-14 12:00:00,43.63,44.5775,43.58715,44.5157,0.384039048
2026-07-14 13:00:00,44.545,44.834,44.44,44.64205,0.988735864
2026-07-14 14:00:00,44.62735,44.68775,44.4104,44.62595,0.229372786
2026-07-14 15:00:00,44.60495,44.9381,44.477,44.7436,0.0
2026-07-14 16:00:00,44.7355,44.8535,44.58755,44.58755,1.0
2026-07-14 17:00:00,44.56,44.644,44.28805,44.644,0.353562
2026-07-14 18:00:00,44.6687,44.7182,44.486,44.7182,0.0
2026-07-14 19:00:00,44.755,44.98725,44.755,44.93955,0.0
2026-07-14 20:00:00,44.955,44.98,44.84,44.98,0.0
2026-07-14 21:00:00,45.0025,45.1688,44.92,45.0596,0.695430578
2026-07-14 22:00:00,45.0818,45.36,44.95095,45.12,0.579225929
2026-07-14 23:00:00,45.152,45.37,45.1274,45.305,0.146723886
2026-07-15 00:00:00,45.37,45.507,45.1335,45.2725,33.0
2026-07-15 01:00:00,45.26575,45.26575,44.9252,44.94665,0.146357076
2026-07-15 02:00:00,44.97525,44.999,44.77895,44.8035,0.0
2026-07-15 03:00:00,44.7827,45.026,44.60495,44.91,6.009558
2026-07-15 04:00:00,44.93895,44.93895,44.581,44.7473,0.87
2026-07-15 05:00:00,44.777,44.904,44.53,44.904,2.031431216
2026-07-15 06:00:00,44.8691,45.16655,44.8691,44.97225,0.0
2026-07-15 07:00:00,44.9483,45.16735,44.80755,45.13075,0.0
2026-07-15 08:00:00,45.1085,45.32725,45.092,45.27695,0.0
2026-07-15 09:00:00,45.30815,46.0614467005,45.30815,45.7965,0.129713316
2026-07-15 10:00:00,45.765,45.963,45.46185,45.4885,0.778729179
2026-07-15 11:00:00,45.505,45.5692,45.212,45.3665,33.108302669
2026-07-15 12:00:00,45.394,45.622,45.29,45.622,1.133968
2026-07-15 13:00:00,45.60675,45.798,45.29585,45.4285,0.91614976
2026-07-15 14:00:00,45.4585,45.6,45.423,45.56,2.121347723
2026-07-15 15:00:00,45.5393,45.8808,45.459,45.685,0.476329874
2026-07-15 16:00:00,45.71155,45.71155,44.955,45.11675,0.066032597
2026-07-15 17:00:00,45.1325,45.245,45.05505,45.2034,0.0
2026-07-15 18:00:00,45.227,45.2995,45.028,45.045,2.140451889
2026-07-15 19:00:00,45.025,45.0812,44.8103,44.905,0.457990009
2026-07-15 20:00:00,44.8951,45.1441,44.8951,45.075,0.0
2026-07-15 21:00:00,45.0995,45.1875,44.95495,44.9746,0.0
2026-07-15 22:00:00,44.94875,45.162,44.84,45.0965,0.106942474
2026-07-15 23:00:00,45.108,45.1775,44.9884,45.128,0.867825
2026-07-16 00:00:00,45.15595,45.277,44.93185,45.045,5.35190121
2026-07-16 01:00:00,45.06325,45.24885,44.945,45.17725,0.0
2026-07-16 02:00:00,45.15795,45.28245,45.15555,45.276,0.0
2026-07-16 03:00:00,45.24815,45.26,45.12,45.16305,0.0
2026-07-16 04:00:00,45.189,45.27425,45.16445,45.2,0.0
2026-07-16 05:00:00,45.2202,45.36335,45.21475,45.2488,0.0
2026-07-16 06:00:00,45.2903,45.34875,45.005,45.13985,0.0
2026-07-16 07:00:00,45.10725,45.10725,44.7605,44.814,0.0
2026-07-16 08:00:00,44.8495,44.9419,44.66295,44.73,0.0
2026-07-16 09:00:00,44.735,44.755,44.67,44.7,0.0
2026-07-16 10:00:00,44.6935,44.75075,44.6935,44.7025,0.0
2026-07-16 11:00:00,44.687,44.734,44.436,44.54,0.210816614
2026-07-16 12:00:00,44.5019,44.5019,44.3,44.47795,0.067560702
2026-07-16 13:00:00,44.5045,44.80775,44.5045,44.6925,0.0
2026-07-16 14:00:00,44.7294,44.9649,44.62,44.9143,5.338521456
2026-07-16 15:00:00,44.939,45.3313,44.635,45.2041,0.532042503
2026-07-16 16:00:00,45.1805,45.28045,45.055,45.2252,0.0
2026-07-16 17:00:00,45.1998,45.33,44.89,45.0488,12.597373146
2026-07-16 18:00:00,45.09,45.25,45.082,45.1985,0.0
2026-07-16 19:00:00,45.22965,45.22965,45.09655,45.155,0.0
2026-07-16 20:00:00,45.135,45.135,45.03655,45.03655,0.0
2026-07-16 21:00:00,45.0575,45.205,45.0575,45.17175,0.0
2026-07-16 22:00:00,45.1749,45.2155,44.99,45.0145,0.010533751
2026-07-16 23:00:00,44.99045,45.017,44.772,44.9135,0.0
2026-07-17 00:00:00,44.885,45.265,44.8395,45.2549,0.0
2026-07-17 01:00:00,45.295,45.33185,44.91665,44.91665,0.0
2026-07-17 02:00:00,44.94345,45.0223,44.7575,44.97265,0.0
2026-07-17 03:00:00,44.9975,45.82,44.964,45.519,2.136571669
2026-07-17 04:00:00,45.49575,45.64195,45.1443,45.4835,0.871232
2026-07-17 05:00:00,45.4645,45.5851,45.0555,45.10105,4.335573
2026-07-17 06:00:00,45.0845,45.17535,44.80945,44.861,0.0
2026-07-17 07:00:00,44.88515,44.9342,44.6497,44.7139,0.472494
2026-07-17 08:00:00,44.685,44.73515,44.12655,44.2895,0.0
2026-07-17 09:00:00,44.255,44.6968,44.255,44.5634,0.0
2026-07-17 10:00:00,44.5725,44.92695,44.5113,44.5113,0.0
2026-07-17 11:00:00,44.538,44.538,44.125,44.37075,0.0
2026-07-17 12:00:00,44.33675,44.4043,44.226,44.347,0.0
2026-07-17 13:00:00,44.325,44.613,44.1,44.5725,1.067549
2026-07-17 14:00:00,44.5954,44.8188,44.44,44.491,0.926696342
2026-07-17 15:00:00,44.4598,44.8031,44.3259,44.7155,0.0
2026-07-17 16:00:00,44.7465,44.95245,44.587,44.857,0.248291133
2026-07-17 17:00:00,44.845,45.082,44.82315,44.89495,0.0
2026-07-17 18:00:00,44.8785,45.078,44.8752,44.98,0.0
2026-07-17 19:00:00,44.95255,45.183,44.8332,45.072,0.139666
2026-07-17 20:00:00,45.05,45.158,44.9708,45.05395,0.100301425
2026-07-17 21:00:00,45.07455,45.2415,44.9894,44.9894,0.0
2026-07-17 22:00:00,45.0208,45.1285,44.91,45.052,0.347721076
2026-07-17 23:00:00,45.036,45.232,44.99,45.1408,0.500269489
2026-07-18 00:00:00,45.1685,45.254,44.985,45.1,0.121588046
2026-07-18 01:00:00,45.1265,45.39,45.08205,45.341,0.0
2026-07-18 02:00:00,45.369,45.5545,45.32,45.53445,0.087062
2026-07-18 03:00:00,45.545,45.56,45.425,45.54,0.0
2026-07-18 04:00:00,45.52055,45.52055,45.4054,45.47135,0.0
2026-07-18 05:00:00,45.4433,45.485,45.33535,45.3803,0.0
2026-07-18 06:00:00,45.35625,45.46625,45.35365,45.4297,0.0
2026-07-18 07:00:00,45.4487,45.5889,45.413,45.468,0.0
2026-07-18 08:00:00,45.45195,45.65,45.39695,45.39695,2.522947404
2026-07-18 09:00:00,45.40885,45.45645,45.3459,45.416,0.0
2026-07-18 10:00:00,45.405,45.4595,45.299,45.3598,0.0
2026-07-18 11:00:00,45.3694,45.507,45.3694,45.507,0.0
2026-07-18 12:00:00,45.5257,45.621,45.51,45.608,0.315466289
2026-07-18 13:00:00,45.6003,45.8578,45.58615,45.75925,0.026721874
2026-07-18 14:00:00,45.775,46.5461,45.63515,46.3,6.290805194
2026-07-18 15:00:00,46.3303,46.6533,46.1608,46.215,0.0
2026-07-18 16:00:00,46.235,47.195,45.99015,47.1499,2.37175079
2026-07-18 17:00:00,47.16915,47.8411,47.02,47.4435,1.380636213
2026-07-18 18:00:00,47.42,47.5855,47.083,47.11495,0.107688
2026-07-18 19:00:00,47.09375,47.3,46.6752,46.896,0.748640248
2026-07-18 20:00:00,46.895,47.08995,46.7795,46.989,0.7340267
2026-07-18 21:00:00,46.9685,47.19,46.69655,46.7645,2.182799145
2026-07-18 22:00:00,46.8031,46.9994,46.7615,46.97085,0.0
2026-07-18 23:00:00,46.9462,47.0755,46.88865,46.9845,0.0
2026-07-19 00:00:00,47.01635,47.132,46.66795,46.9506,0.327646065
2026-07-19 01:00:00,46.9279,47.07,46.7548,46.77595,0.020828386
2026-07-19 02:00:00,46.8115,47.192,46.81,47.1875,0.467986
2026-07-19 03:00:00,47.15385,47.18,46.7947,46.885,0.463147
2026-07-19 04:00:00,46.85595,46.9008,46.58,46.8447,0.251319
2026-07-19 05:00:00,46.86725,46.9237,46.7418,46.76,0.0
2026-07-19 06:00:00,46.7705,46.847,46.74565,46.82695,0.0
2026-07-19 07:00:00,46.8405,47.1599,46.8405,47.049,2.0
2026-07-19 08:00:00,47.08,47.08,46.81,46.88555,0.266129
2026-07-19 09:00:00,46.85925,46.85925,46.6815,46.8,0.0
2026-07-19 10:00:00,46.774,47.03495,46.774,47.03495,0.0
2026-07-19 11:00:00,47.0062,47.1757,46.86965,46.939,0.0
2026-07-19 12:00:00,46.9161,47.1345,46.826,47.08,0.0
2026-07-19 13:00:00,47.0624,47.4459,46.8638,47.305,0.447329
2026-07-19 14:00:00,47.28145,47.4205,47.07425,47.2802,0.241358
2026-07-19 15:00:00,47.308,47.3663,47.09,47.1467,0.17337
2026-07-19 16:00:00,47.1717,47.29055,46.99155,47.1325,0.0
2026-07-19 17:00:00,47.1085,47.513,46.9311,47.4857,0.0
2026-07-19 18:00:00,47.46395,47.5734,47.18015,47.37,0.101608404
2026-07-19 19:00:00,47.38,47.6305,47.3188,47.6305,0.0
2026-07-19 20:00:00,47.6575,47.70515,47.443,47.53615,0.132368404
2026-07-19 21:00:00,47.5625,47.655,47.3773,47.62785,0.0
2026-07-19 22:00:00,47.6105,47.74,47.382,47.382,0.0
2026-07-19 23:00:00,47.362,47.362,46.99585,47.03585,0.0
2026-07-20 00:00:00,47.01875,47.6655,46.80075,47.3905,0.0
2026-07-20 01:00:00,47.40525,47.776,46.93,47.083,0.2113718
2026-07-20 02:00:00,47.1106,47.325,46.97,47.1837,1.103799
2026-07-20 03:00:00,47.196,47.3685,46.9111,47.13865,1.113648
2026-07-20 04:00:00,47.118,47.19455,46.855,46.91,0.542416
2026-07-20 05:00:00,46.9796,47.305,46.685,46.9576,0.23181374
2026-07-20 06:00:00,46.985,47.20845,46.4275,46.74695,0.167256
2026-07-20 07:00:00,46.779,46.93955,46.5565,46.93955,0.209205
2026-07-20 08:00:00,46.9673,46.9765,46.40105,46.4485,0.0
2026-07-20 09:00:00,46.4786,46.77315,46.4002,46.70775,0.0
2026-07-20 10:00:00,46.67655,47.0125,46.605,47.0125,0.0
2026-07-20 11:00:00,47.0435,47.46945,46.98,47.4086,0.0
2026-07-20 12:00:00,47.3863,47.3863,46.846,46.8805,0.0
2026-07-20 13:00:00,46.8425,46.9437,46.46835,46.63,0.033375757
2026-07-20 14:00:00,46.649,46.904,46.50725,46.6345,0.12631
2026-07-20 15:00:00,46.652,47.5495,46.625,47.4431,0.062564911
2026-07-20 16:00:00,47.465,47.489,47.13395,47.337,0.062408499
2026-07-20 17:00:00,47.30835,47.65,47.1721,47.29015,7.430103256
2026-07-20 18:00:00,47.3145,47.47275,46.9505,46.99445,0.103928
2026-07-20 19:00:00,46.97125,47.22695,46.893,47.03435,0.0
2026-07-20 20:00:00,47.0715,47.4148,46.93755,47.388,0.366543559
2026-07-20 21:00:00,47.367,47.622,47.367,47.492,0.378632
2026-07-20 22:00:00,47.46945,47.49,47.265,47.27735,0.0
2026-07-20 23:00:00,47.25075,47.4077,47.25075,47.34,0.0
2026-07-21 00:00:00,47.297,47.4635,47.255,47.3535,0.0
2026-07-21 01:00:00,47.33035,47.38,47.2021,47.233,0.0
2026-07-21 02:00:00,47.2621,47.3225,47.11,47.2795,0.0
2026-07-21 03:00:00,47.3065,47.4524,47.22845,47.2845,0.0
2026-07-21 04:00:00,47.259,47.6587,47.24095,47.2795,0.0
2026-07-21 05:00:00,47.28785,47.565,47.15,47.414,0.124431
2026-07-21 06:00:00,47.38,47.5955,47.31,47.53955,0.0
2026-07-21 07:00:00,47.5205,47.55925,47.361,47.511,0.14533
2026-07-21 08:00:00,47.5395,47.74365,47.45285,47.5659,0.0
2026-07-21 09:00:00,47.53255,47.73975,47.3704,47.6385,0.224279863
2026-07-21 10:00:00,47.6655,47.67015,47.296,47.296,0.0
2026-07-21 11:00:00,47.26715,47.5452,47.24265,47.3625,0.086106298
2026-07-21 12:00:00,47.39615,47.6078,47.3276,47.453,0.0
2026-07-21 13:00:00,47.4831,47.87505,47.42,47.84695,0.214160496
2026-07-21 14:00:00,47.875,48.017,47.6022,47.7966,0.29988129
2026-07-21 15:00:00,47.77635,47.875,47.6487,47.84,0.0
2026-07-21 16:00:00,47.815,47.97,47.4909,47.6523,0.719621
2026-07-21 17:00:00,47.6755,47.69875,47.1129,47.2608,0.0
2026-07-21 18:00:00,47.235,47.4582,47.2,47.39105,0.0
2026-07-21 19:00:00,47.375,47.4353,47.0845,47.14365,0.0
2026-07-21 20:00:00,47.119,47.119,46.8765,46.9,0.0
2026-07-21 21:00:00,46.8667,47.0285,46.84615,46.9265,0.573807318
2026-07-21 22:00:00,46.89825,46.89825,46.6371,46.83345,32.927399999
2026-07-21 23:00:00,46.819,46.842,46.6755,46.8394,0.0
2026-07-22 00:00:00,46.82425,47.0572,46.7865,46.84,0.858844173
2026-07-22 01:00:00,46.80265,46.90555,46.74,46.8088,0.0
2026-07-22 02:00:00,46.7775,46.873,46.5408,46.57775,0.0
2026-07-22 03:00:00,46.5498,46.72,46.54645,46.564,0.0
2026-07-22 04:00:00,46.5889,47.0149,46.541,46.6288,4.08882242
2026-07-22 05:00:00,46.60245,46.60245,46.3227,46.38,0.0
2026-07-22 06:00:00,46.3655,46.48585,46.3172,46.4315,0.0
2026-07-22 07:00:00,46.4575,46.51695,46.35,46.4022,0.0
2026-07-22 08:00:00,46.42485,46.475,46.2505,46.42035,1.837293558
2026-07-22 09:00:00,46.4275,46.535,46.27,46.506,0.139666
2026-07-22 10:00:00,46.465,46.585,46.43695,46.53695,0.0
2026-07-22 11:00:00,46.5043,46.54955,46.34,46.5275,0.106887496
2026-07-22 12:00:00,46.497,46.732,46.48345,46.69885,0.483487
2026-07-22 13:00:00,46.8357,46.9557,46.65015,46.82,7.625111
2026-07-22 14:00:00,46.78565,46.98385,46.5445,46.7577,0.053443748
2026-07-22 15:00:00,46.78745,46.9326,46.7565,46.8147,1.254442
2026-07-22 16:00:00,46.8535,47.0393,46.75245,46.9565,0.0
2026-07-22 17:00:00,46.9779,47.1645,46.87685,47.0415,0.0
2026-07-22 18:00:00,47.02,47.14835,46.9181,47.12285,0.146755
2026-07-22 19:00:00,47.115,47.27,46.97515,47.13785,21.206659765
2026-07-22 20:00:00,47.1155,47.2848,47.0171,47.2848,0.053443748
2026-07-22 21:00:00,47.315,47.59255,47.2456,47.5026,0.0
2026-07-22 22:00:00,47.4842,47.4842,47.0816,47.0895,0.0
2026-07-22 23:00:00,46.951,47.1286,46.8565,47.1286,0.627251066
2026-07-23 00:00:00,47.105,47.35395,47.07125,47.2724,0.0
2026-07-23 01:00:00,47.2895,47.3778,47.005,47.1925,0.380851
2026-07-23 02:00:00,47.1767,47.3108,47.087,47.27695,0.053443748
2026-07-23 03:00:00,47.24465,47.274,46.8795,47.26,0.053443748
2026-07-23 04:00:00,47.235,47.2963,47.02,47.141,1.184921
2026-07-23 05:00:00,47.12785,47.24965,47.032,47.0495,0.0
2026-07-23 06:00:00,47.07605,47.2021,46.9705,47.2021,0.0
2026-07-23 07:00:00,47.175,47.175,46.797,46.9015,0.0
2026-07-23 08:00:00,46.92115,47.165,46.8655,47.161,0.185799431
2026-07-23 09:00:00,47.1855,47.273,46.9031,46.9598,0.0
2026-07-23 10:00:00,46.93625,46.9475,46.767,46.767,0.0
2026-07-23 11:00:00,46.79355,46.9428,46.71,46.905,0.0
2026-07-23 12:00:00,46.8985,47.095,46.7,46.9358,0.373882748
2026-07-23 13:00:00,46.905,46.97,46.629,46.7055,0.208942
2026-07-23 14:00:00,46.68,46.7715,46.5145,46.5617,0.0
2026-07-23 15:00:00,46.53385,46.5603,46.14,46.36,0.2634
2026-07-23 16:00:00,46.3432,46.5697,46.247,46.5035,0.0
2026-07-23 17:00:00,46.493,46.7,46.3735,46.3988,0.34026
2026-07-23 18:00:00,46.417,46.78315,46.417,46.764,0.571275
2026-07-23 19:00:00,46.79305,47.03,46.75915,46.895,0.267
2026-07-23 20:00:00,46.75,47.365,46.75,47.365,0.31384319
2026-07-23 21:00:00,47.395,47.51875,47.08945,47.1181,0.0
2026-07-23 22:00:00,47.145,47.27,46.9485,47.1745,0.504403157
2026-07-23 23:00:00,47.195,47.23,46.91,46.9219,0.0
2026-07-24 00:00:00,46.908,47.09,46.8475,47.09,0.0
2026-07-24 01:00:00,47.065,47.182,46.8945,46.9334,0.0
2026-07-24 02:00:00,46.9495,47.0075,46.5398,46.6371,0.670052149
2026-07-24 03:00:00,46.611,46.83685,46.5908,46.7517,1.092657
2026-07-24 04:00:00,46.70355,46.815,46.6515,46.68,0.0
2026-07-24 05:00:00,46.6503,46.8085,46.616,46.6597,0.0
2026-07-24 06:00:00,46.6715,46.982,46.6715,46.982,0.0
2026-07-24 07:00:00,47.0,47.379,46.8289,46.93305,0.0
2026-07-24 08:00:00,46.91725,46.92,46.6295,46.81645,0.0
2026-07-24 09:00:00,46.7825,46.7852,46.53235,46.7089,0.0
2026-07-24 10:00:00,46.69055,46.69055,46.0545,46.202,0.305920182
2026-07-24 11:00:00,46.17105,46.3015,46.15285,46.29485,0.0
2026-07-24 12:00:00,46.265,46.5134,46.168,46.2245,0.238194
2026-07-24 13:00:00,46.248,46.36315,46.064,46.1812,0.0
2026-07-24 14:00:00,46.144,46.2675,45.93,46.237,0.0
2026-07-24 15:00:00,46.2068,46.466,46.153,46.334,0.104362
2026-07-24 16:00:00,46.30345,46.42855,46.149,46.25075,0.0
2026-07-24 17:00:00,46.225,46.34405,46.21325,46.28395,0.0
2026-07-24 18:00:00,46.26235,46.265,46.09615,46.1711,0.232
2026-07-24 19:00:00,46.14645,46.257,46.07,46.1785,1.043827176
2026-07-24 20:00:00,46.206,46.27,46.11365,46.20465,0.0
2026-07-24 21:00:00,46.16475,46.2945,46.10015,46.10015,0.0
2026-07-24 22:00:00,46.07855,46.268,46.06925,46.2145,0.063637034
2026-07-24 23:00:00,46.1901,46.3333,46.1901,46.3333,0.0
2026-07-25 00:00:00,46.3055,46.3478,46.229,46.2687,0.0
2026-07-25 01:00:00,46.29185,46.3675,46.082,46.252,0.042235042
2026-07-25 02:00:00,46.28355,46.3955,46.2445,46.36935,0.0
2026-07-25 03:00:00,46.35,46.35,46.21145,46.225,0.0
2026-07-25 04:00:00,46.261,46.32025,46.12,46.32025,0.257960035
2026-07-25 05:00:00,46.293,46.29865,46.1694,46.18875,0.0
2026-07-25 06:00:00,46.164,46.2129,45.97555,46.0705,0.0
2026-07-25 07:00:00,46.081,46.0812,45.9962,46.045,0.0
2026-07-25 08:00:00,46.02695,46.09545,45.6771,45.835,0.583856288
2026-07-25 09:00:00,45.8063,45.967,45.749,45.90325,0.623
2026-07-25 10:00:00,45.871,45.93135,45.80235,45.8605,0.0
2026-07-25 11:00:00,45.893,45.918,45.77385,45.8807,0.0
2026-07-25 12:00:00,45.9065,45.9762,45.875,45.9762,0.0
2026-07-25 13:00:00,45.9489,46.1258,45.9489,45.985,0.0
2026-07-25 14:00:00,45.9537,45.9537,45.775,45.9295,2.103433401
2026-07-25 15:00:00,45.94,46.2227,45.9155,46.045,0.636305639
2026-07-25 16:00:00,46.055,46.16725,45.985,46.1183,0.0
2026-07-25 17:00:00,46.1406,46.2545,46.095,46.185,0.0
2026-07-25 18:00:00,46.215,46.292,46.18215,46.26,0.0
2026-07-25 19:00:00,46.27445,46.49,46.2465,46.4425,0.0
2026-07-25 20:00:00,46.4569,46.48,46.3752,46.48,0.0
2026-07-25 21:00:00,46.4605,46.643,46.27,46.507,0.125442
2026-07-25 22:00:00,46.4755,46.565,46.338,46.52125,0.063477941
2026-07-25 23:00:00,46.49,46.52,46.465,46.52,0.0
2026-07-26 00:00:00,46.5435,46.585,46.48045,46.525,0.0
2026-07-26 01:00:00,46.4987,46.66615,46.447,46.6446,0.0
2026-07-26 02:00:00,46.61835,46.814,46.58,46.7145,0.427015
2026-07-26 03:00:00,46.672,46.8075,46.672,46.7301,0.0
2026-07-26 04:00:00,46.7005,46.77,46.66,46.7415,0.0
2026-07-26 05:00:00,46.7126,46.85415,46.645,46.75135,0.0
2026-07-26 06:00:00,46.72095,46.8722,46.6355,46.85595,0.189292352
2026-07-26 07:00:00,46.83,46.9287,46.73205,46.9287,0.0
2026-07-26 08:00:00,46.95395,47.0095,46.931,47.0095,0.0
2026-07-26 09:00:00,47.01625,47.2825,47.01625,47.1305,0.0371252
2026-07-26 10:00:00,47.1603,47.37,47.105,47.16615,1.908089671
2026-07-26 11:00:00,47.13885,47.19365,47.088,47.144,0.0
2026-07-26 12:00:00,47.1699,47.31,46.9999,47.31,0.223313
2026-07-26 13:00:00,47.3315,47.3315,46.998,47.0575,6.408714
2026-07-26 14:00:00,47.0292,47.0579,46.6122,47.0256,0.772281
2026-07-26 15:00:00,46.98865,47.73205,46.98865,47.70375,0.0
2026-07-26 16:00:00,47.735,48.0889,47.5291,47.9657,0.03607338
2026-07-26 17:00:00,47.9345,47.995,47.6618,47.7555,0.0
2026-07-26 18:00:00,47.7334,48.01185,47.61,47.8935,0.0
2026-07-26 19:00:00,47.912,48.0224,47.8165,47.8165,0.0
2026-07-26 20:00:00,47.85505,47.8876,47.65465,47.65465,0.0
2026-07-26 21:00:00,47.632,47.71015,47.53225,47.615,0.0
2026-07-26 22:00:00,47.64935,48.227,47.64935,47.987,0.0
2026-07-26 23:00:00,47.95605,47.9978,47.75135,47.8204,0.0
2026-07-27 00:00:00,47.78,47.78,47.3617,47.4115,0.108344
2026-07-27 01:00:00,47.3867,47.4343,47.1965,47.36,0.268928
2026-07-27 02:00:00,47.3417,47.352,47.196,47.305,0.0
2026-07-27 03:00:00,47.3203,47.4192,47.084,47.35995,1.317966
2026-07-27 04:00:00,47.3384,47.456,47.3089,47.4106,0.0
2026-07-27 05:00:00,47.432,47.674,47.347,47.347,0.0
2026-07-27 06:00:00,47.31945,47.5474,47.2013,47.34545,1.0
2026-07-27 07:00:00,47.3368,47.375,47.225,47.28,0.0
2026-07-27 08:00:00,47.27,47.27005,46.91785,47.0146,0.0
2026-07-27 09:00:00,46.9999,47.0716,46.95245,46.9799,0.0
2026-07-27 10:00:00,46.9714,47.116,46.9549,47.0245,0.416146
2026-07-27 11:00:00,46.9999,47.0134,46.9699,46.9969,0.0
2026-07-27 12:00:00,47.0004,47.146,46.8879,46.98715,0.332709
2026-07-27 13:00:00,46.8698,47.326,46.8211,47.14725,0.416463
2026-07-27 14:00:00,47.17585,47.1982,46.1765,46.3963,0.20857249
2026-07-27 15:00:00,46.3815,46.48,46.19335,46.323,16.62256062
2026-07-27 16:00:00,46.3,46.555,46.204,46.4855,0.0
2026-07-27 17:00:00,46.4972,46.575,46.43765,46.46525,0.0
2026-07-27 18:00:00,46.48885,46.48885,46.2101,46.3465,0.208633192
2026-07-27 19:00:00,46.311,46.5368,46.311,46.5199,0.0
2026-07-27 20:00:00,46.54825,46.7063,46.45655,46.7063,0.0
2026-07-27 21:00:00,46.68945,46.74085,46.47605,46.5481,0.0
2026-07-27 22:00:00,46.5729,46.5729,46.04695,46.068,0.0
2026-07-27 23:00:00,46.04785,46.11865,45.94565,45.9985,0.0
2026-07-28 00:00:00,46.01995,46.08775,45.95565,45.9856,0.0
2026-07-28 01:00:00,45.96015,46.17,45.91565,46.1146,0.0
2026-07-28 02:00:00,46.10085,46.411,46.02865,46.2545,0.0
2026-07-28 03:00:00,46.27395,46.34715,46.2175,46.246,0.0
2026-07-28 04:00:00,46.2735,46.3475,46.1545,46.2661,0.0
2026-07-28 05:00:00,46.285,46.35745,46.1962,46.1962,0.0
2026-07-28 06:00:00,46.1772,46.386,46.07905,46.386,0.0
2026-07-28 07:00:00,46.396,46.411,46.2699,46.40585,0.0
2026-07-28 08:00:00,46.363,46.44,46.19,46.19,0.291119893
2026-07-28 09:00:00,46.2195,46.50995,46.2185,46.4315,0.0
2026-07-28 10:00:00,46.41,46.5193,46.38365,46.4902,0.0
2026-07-28 11:00:00,46.471,46.6,46.384,46.538,0.0
2026-07-28 12:00:00,46.57335,46.726,46.52,46.64155,2.098195
2026-07-28 13:00:00,46.782,46.782,46.03825,46.0875,0.230184
2026-07-28 14:00:00,46.118,46.22175,45.95065,46.1491,0.0
2026-07-28 15:00:00,46.1285,46.52705,46.04,46.52705,0.0
2026-07-28 16:00:00,46.5128,46.55,46.2941,46.50905,0.0
2026-07-28 17:00:00,46.48075,46.48515,46.17,46.265,1.4874e-05
2026-07-28 18:00:00,46.283,46.3927,46.1868,46.2255,0.536
2026-07-28 19:00:00,46.26465,46.441,46.106,46.441,0.241706
2026-07-28 20:00:00,46.453,46.5121,46.4058,46.4415,0.0
2026-07-28 21:00:00,46.4025,46.506,46.3206,46.3206,0.0
2026-07-28 22:00:00,46.3091,46.31,45.95975,45.95975,0.0
2026-07-28 23:00:00,45.96885,46.16025,45.7942,46.16025,0.0668
2026-07-29 00:00:00,46.13605,46.315,46.1325,46.2596,0.0
2026-07-29 01:00:00,46.23375,46.2657,45.9521,45.9952,0.0
2026-07-29 02:00:00,45.966,46.2317,45.89385,46.185,0.0
2026-07-29 03:00:00,46.15775,46.15975,45.20305,45.2512,0.0
2026-07-29 04:00:00,45.2194,45.35015,44.9147,45.0715,0.0
2026-07-29 05:00:00,45.09845,45.31985,45.0091,45.2245,0.0
2026-07-29 06:00:00,45.2415,45.4637,45.20835,45.22325,0.510032
2026-07-29 07:00:00,45.2053,45.2053,45.0481,45.19,0.0
2026-07-29 08:00:00,45.18135,45.1845,44.9803,45.095,0.0
2026-07-29 09:00:00,45.1215,45.4397,45.1215,45.40605,0.0
2026-07-29 10:00:00,45.4138,45.4138,45.1295,45.16025,0.0
2026-07-29 11:00:00,45.18455,45.3795,45.17035,45.29795,0.0
2026-07-29 12:00:00,45.2779,45.3117,45.1655,45.246,0.0
2026-07-29 13:00:00,45.112,45.3685,45.112,45.34385,5.006401
2026-07-29 14:00:00,45.36965,45.36965,44.89455,44.9142,0.0
2026-07-29 15:00:00,44.9112,45.0695,44.8606,44.93,0.0
2026-07-29 16:00:00,44.92455,45.17,44.89455,45.159,0.0
2026-07-29 17:00:00,45.1772,45.444,45.175,45.444,0.232
2026-07-29 18:00:00,45.4765,45.7313,45.1731,45.5399,0.28
2026-07-29 19:00:00,45.523,45.56255,44.9087,44.9185,0.0
2026-07-29 20:00:00,44.9137,44.9406,44.2,44.43375,0.491228243
2026-07-29 21:00:00,44.41,44.7885,44.3,44.7885,0.0
2026-07-29 22:00:00,44.801,45.169,44.801,45.169,0.0
2026-07-29 23:00:00,45.1474,45.4621,45.03925,45.3888,0.0
2026-07-30 00:00:00,45.4007,45.58,45.01955,45.0485,1.758703109
2026-07-30 01:00:00,45.07365,45.40895,45.053,45.35455,0.0
2026-07-30 02:00:00,45.36565,45.4664,45.195,45.245,0.115591
2026-07-30 03:00:00,45.2589,45.66,45.2589,45.3853,0.107503
2026-07-30 04:00:00,45.363,45.439,45.2765,45.30605,0.107880032
2026-07-30 05:00:00,45.29,45.4825,45.26075,45.4081,0.0
2026-07-30 06:00:00,45.38335,45.596,45.3742,45.43935,0.354381
2026-07-30 07:00:00,45.45125,45.5066,45.2562,45.2866,0.998268044
2026-07-30 08:00:00,45.31985,45.36,45.183,45.28,0.130295
2026-07-30 09:00:00,45.32,45.32,45.0629,45.0839,0.0
2026-07-30 10:00:00,45.11665,45.3422,45.0875,45.1288,0.0
2026-07-30 11:00:00,45.1519,45.5095,45.0742,45.4385,0.0
2026-07-30 12:00:00,45.41,45.41,45.1545,45.194,0.332082492
2026-07-30 13:00:00,45.2265,45.4375,45.1475,45.40415,0.0
2026-07-30 14:00:00,45.383,45.41245,45.1681,45.214,0.21326025
2026-07-30 15:00:00,45.188,45.3253,44.83,45.111,0.0
2026-07-30 16:00:00,45.095,45.3445,45.0912,45.3445,2.103433401
2026-07-30 17:00:00,45.3643,45.39,45.15,45.3715,1.648680064
2026-07-30 18:00:00,45.51,45.51,45.165,45.281,2.737278167
2026-07-30 19:00:00,45.2561,45.51565,45.21265,45.38065,0.0
2026-07-30 20:00:00,45.4114,45.69755,45.41075,45.63275,0.0
2026-07-30 21:00:00,45.6586,45.7845,45.60675,45.76325,0.0
2026-07-30 22:00:00,45.74485,45.7805,45.58465,45.6591,0.0
2026-07-30 23:00:00,45.668,45.75,45.5145,45.5145,0.0
2026-07-31 00:00:00,45.5514,45.7448,45.5275,45.635,0.0
2026-07-31 01:00:00,45.6565,45.848,45.49,45.549,1.254374
2026-07-31 02:00:00,45.5697,45.5697,45.225,45.27735,0.131392
2026-07-31 03:00:00,45.2606,45.36865,45.2105,45.36865,0.0
2026-07-31 04:00:00,45.3401,45.39,45.18595,45.32855,0.109457093
2026-07-31 05:00:00,45.34775,45.51,45.3093,45.3965,0.119663
2026-07-31 06:00:00,45.37605,45.3995,45.17335,45.3075,0.0
2026-07-31 07:00:00,45.29225,45.371,45.1127,45.33085,0.534673174
2026-07-31 08:00:00,45.3086,45.392,45.0803,45.1868,1.250923966
2026-07-31 09:00:00,45.164,45.27,44.9655,44.9655,2.1
2026-07-31 10:00:00,44.984,45.10795,44.895,45.0275,0.0
2026-07-31 11:00:00,45.05065,45.0925,44.82965,44.85245,0.0
2026-07-31 12:00:00,44.82815,45.1407,44.72195,45.0933,0.021788525
2026-07-31 13:00:00,45.11755,45.315,44.92,44.9766,0.339
2026-07-31 14:00:00,44.94405,45.1635,44.713,44.8105,0.0
2026-07-31 15:00:00,44.77735,44.9895,44.7588,44.8522,0.0
2026-07-31 16:00:00,44.829,44.947,44.65285,44.7617,0.0
2026-07-31 17:00:00,44.7866,44.9505,44.7118,44.9238,0.026858563
2026-07-31 18:00:00,44.94925,44.9547,44.78155,44.893,0.0
2026-07-31 19:00:00,44.85765,44.98,44.8119,44.84,0.310067219
2026-07-31 20:00:00,44.863,44.9245,44.61735,44.66285,0.0
2026-07-31 21:00:00,44.64865,44.74005,44.61785,44.6529,0.0
2026-07-31 22:00:00,44.64285,44.67885,44.199,44.199,0.0510419
2026-07-31 23:00:00,44.207,44.3121,44.1287,44.2652,0.0
2026-08-01 00:00:00,44.28105,44.43,44.11835,44.245,4.711991141
2026-08-01 01:00:00,44.221,44.28785,44.1715,44.2178,0.0
2026-08-01 02:00:00,44.236,44.49075,44.236,44.48305,0.0
2026-08-01 03:00:00,44.4957,44.5625,44.43445,44.562,0.0
2026-08-01 04:00:00,44.575,44.7085,44.506,44.69555,0.0
2026-08-01 05:00:00,44.67195,44.67195,44.36,44.4098,0.0
2026-08-01 06:00:00,44.435,44.60745,44.435,44.55825,0.0
2026-08-01 07:00:00,44.5261,44.6592,44.481,44.481,0.120719
2026-08-01 08:00:00,44.5004,44.5506,44.31995,44.435,0.0
2026-08-01 09:00:00,44.4585,44.495,44.315,44.3155,0.0
2026-08-01 10:00:00,44.33775,44.3882,44.1841,44.2805,0.0
2026-08-01 11:00:00,44.301,44.3583,44.2485,44.278,0.0
2026-08-01 12:00:00,44.3099,44.35495,44.2345,44.35495,0.0
2026-08-01 13:00:00,44.3356,44.33835,44.1736,44.2461,0.0
2026-08-01 14:00:00,44.27,44.33,44.059,44.147,0.110595
2026-08-01 15:00:00,44.13265,44.195,43.957,44.075,0.221826
2026-08-01 16:00:00,44.0495,44.20315,43.9302,44.0277,0.0
2026-08-01 17:00:00,43.995,44.13545,43.8698,43.9636,0.0
2026-08-01 18:00:00,43.94125,43.97,43.6035,43.87075,0.0
2026-08-01 19:00:00,43.86,44.0505,43.845,43.98725,0.0
2026-08-01 20:00:00,43.9735,44.025,43.9215,44.012,0.0
2026-08-01 21:00:00,44.026,44.125,43.985,44.1165,0.0
2026-08-01 22:00:00,44.14325,44.216,44.0763,44.16585,0.0
2026-08-01 23:00:00,44.1855,44.22,44.119,44.19,0.0
2026-08-02 00:00:00,44.2093,44.2315,44.08075,44.1715,0.0
2026-08-02 01:00:00,44.1969,44.61935,44.1695,44.5425,0.0
2026-08-02 02:00:00,44.5172,44.67135,44.42,44.594,0.234631
2026-08-02 03:00:00,44.60535,44.63935,44.593,44.60685,0.0
2026-08-02 04:00:00,44.6199,44.6436,44.56465,44.5675,0.0
2026-08-02 05:00:00,44.58985,44.722,44.465,44.63335,4.480135
2026-08-02 06:00:00,44.66885,44.8039,44.655,44.782,0.0
2026-08-02 07:00:00,44.7655,44.9626,44.7497,44.80595,0.327082
2026-08-02 08:00:00,44.7659,44.7659,44.6422,44.6845,0.0
2026-08-02 09:00:00,44.669,44.8027,44.61095,44.8027,0.0
2026-08-02 10:00:00,44.78365,44.9246,44.64745,44.64745,0.537392806
2026-08-02 11:00:00,44.619,44.672,44.539,44.59985,0.0
2026-08-02 12:00:00,44.6215,44.6674,44.5905,44.665,0.0
2026-08-02 13:00:00,44.635,44.66065,44.545,44.66065,0.0
2026-08-02 14:00:00,44.644,44.6915,44.5405,44.62955,0.0
2026-08-02 15:00:00,44.65695,44.76725,44.6445,44.715,0.0
2026-08-02 16:00:00,44.6909,44.8208,44.6909,44.8002,0.0
2026-08-02 17:00:00,44.79,44.96965,44.79,44.9354,0.0
2026-08-02 18:00:00,44.91805,45.05,44.91805,45.01,0.0
2026-08-02 19:00:00,44.999,45.02,44.668,44.99505,0.90685382
2026-08-02 20:00:00,44.97955,44.97955,44.7745,44.845,0.0
2026-08-02 21:00:00,44.82555,44.96455,44.8107,44.88375,0.0
2026-08-02 22:00:00,44.91,44.9894,44.7034,44.7505,0.623409865
2026-08-02 23:00:00,44.76785,44.76785,44.62005,44.62005,0.0
2026-08-03 00:00:00,44.6464,44.705,44.49,44.68,4.643815081
2026-08-03 01:00:00,44.652,44.81,44.5665,44.5665,0.133129
2026-08-03 02:00:00,44.5415,44.64,44.35,44.4791,0.173988013
2026-08-03 03:00:00,44.51625,44.637,44.2808,44.3945,0.10989
2026-08-03 04:00:00,44.3746,44.50905,44.2386,44.362,0.379568
2026-08-03 05:00:00,44.3776,44.49,44.3129,44.49,0.0
2026-08-03 06:00:00,44.5175,44.5175,44.3124,44.35505,0.110302
2026-08-03 07:00:00,44.32915,44.32915,44.0699,44.09935,0.537392806
2026-08-03 08:00:00,44.13,44.13,43.9858,44.0224,0.0
2026-08-03 09:00:00,44.01,44.38,44.01,44.365,0.221357452
2026-08-03 10:00:00,44.33535,44.33535,44.1497,44.197,0.0
2026-08-03 11:00:00,44.185,44.185,44.054,44.0795,0.0
2026-08-03 12:00:00,44.0939,44.0939,44.0,44.0415,0.0
2026-08-03 13:00:00,44.0173,44.3587,43.975,44.35635,0.0
2026-08-03 14:00:00,44.34,44.4549,44.21,44.4012,0.0
2026-08-03 15:00:00,44.3765,44.477,44.20105,44.2335,1.051697
2026-08-03 16:00:00,44.2034,44.383,44.1022,44.1784,0.0
2026-08-03 17:00:00,44.2,44.32725,44.0956,44.0956,0.0
2026-08-03 18:00:00,44.117,44.1978,44.0605,44.193,0.0
2026-08-03 19:00:00,44.207,44.314,44.159,44.2735,0.0
2026-08-03 20:00:00,44.3,44.4445,44.3,44.4445,0.0
2026-08-03 21:00:00,44.4212,44.465,44.31685,44.31685,0.0
2026-08-03 22:00:00,44.2933,44.332,44.11885,44.1745,0.0
2026-08-03 23:00:00,44.15065,44.2625,44.15065,44.235,0.0
2026-08-04 00:00:00,44.21715,44.29,44.0132,44.1195,0.115928
2026-08-04 01:00:00,44.158,44.454,43.93,44.32085,0.132514236
2026-08-04 02:00:00,44.2979,44.4547,44.23535,44.32155,0.110424
2026-08-04 03:00:00,44.29305,44.361,44.0616,44.3475,0.601300764
2026-08-04 04:00:00,44.30995,44.603,44.30995,44.4171,0.177032864
2026-08-04 05:00:00,44.39505,44.5,44.226,44.46025,0.132047199
2026-08-04 06:00:00,44.44,44.62,44.2891,44.2891,0.131743227
2026-08-04 07:00:00,44.27135,44.376,43.9169,44.2414,0.132719791
2026-08-04 08:00:00,44.2644,44.4088,44.024,44.153,0.176683356
2026-08-04 09:00:00,44.17425,44.41,44.103,44.2345,0.176481688
2026-08-04 10:00:00,44.21235,44.386,44.0292,44.25325,0.176632086
2026-08-04 11:00:00,44.273,44.47,44.0771,44.3204,0.264644299
2026-08-04 12:00:00,44.2802,44.39,44.075,44.2395,0.088262918
2026-08-04 13:00:00,44.218,44.345,44.12825,44.1362,0.0
2026-08-04 14:00:00,44.1257,44.5,44.1,44.4546,0.665858799
2026-08-04 15:00:00,44.47975,44.58,44.18,44.348,0.131974767
2026-08-04 16:00:00,44.3735,44.589,44.242,44.589,0.043967967
2026-08-04 17:00:00,44.56535,44.836,44.4935,44.4935,35.959075
2026-08-04 18:00:00,44.525,44.8074,44.5235,44.71825,0.0
2026-08-04 19:00:00,44.6905,44.8295,44.63575,44.66995,0.0
2026-08-04 20:00:00,44.64595,44.93,44.5219,44.8295,35.869177312
2026-08-04 21:00:00,44.8545,44.92045,44.75,44.92045,1.580935625
2026-08-04 22:00:00,44.8964,45.03,44.8358,44.9101,0.12802
2026-08-04 23:00:00,44.92235,45.1198,44.79,44.79,0.0
2026-08-05 00:00:00,44.82,45.13,44.795,45.06475,0.255688359
2026-08-05 01:00:00,45.0451,45.2934,44.999,45.2135,0.110229277
2026-08-05 02:00:00,45.1785,45.27,45.0495,45.2355,0.0
2026-08-05 03:00:00,45.2705,45.285,44.707,44.77985,0.0
2026-08-05 04:00:00,44.8155,44.844,44.7005,44.844,0.0
2026-08-05 05:00:00,44.84995,44.985,44.84995,44.975,0.0
2026-08-05 06:00:00,44.84,44.975,44.72,44.8525,2.707667
2026-08-05 07:00:00,44.8655,44.92875,44.78,44.8299,0.0
2026-08-05 08:00:00,44.8609,45.0225,44.80485,44.838,1.30662
2026-08-05 09:00:00,44.8671,44.945,44.81135,44.878,0.0
2026-08-05 10:00:00,44.9135,44.9998,44.702,44.736,0.0
2026-08-05 11:00:00,44.753,44.8291,44.71145,44.71145,0.0
2026-08-05 12:00:00,44.7442,44.98815,44.7043,44.966,0.0
2026-08-05 13:00:00,44.991,45.1447,44.78205,44.9792,3.955158196
2026-08-05 14:00:00,45.00655,45.1585,44.9325,45.15115,0.0
2026-08-05 15:00:00,45.1223,45.22,44.8857,44.9055,1.389
2026-08-05 16:00:00,44.9085,45.3249,44.9085,45.1395,3.97584975
2026-08-05 17:00:00,45.1646,45.34895,45.1125,45.3237,0.216356
2026-08-05 18:00:00,45.305,45.32895,45.22105,45.3175,0.0
2026-08-05 19:00:00,45.2925,45.29305,45.161,45.2415,0.0
2026-08-05 20:00:00,45.26805,45.3437,45.185,45.2775,0.0
2026-08-05 21:00:00,45.266,45.266,45.0965,45.22785,0.0
2026-08-05 22:00:00,45.2042,45.351,45.175,45.21355,2.126550163
2026-08-05 23:00:00,45.20065,45.3237,45.15915,45.28215,0.0
2026-08-06 00:00:00,45.304,45.3587,45.28445,45.3287,0.0
2026-08-06 01:00:00,45.307,45.31955,45.1216,45.21085,0.0
2026-08-06 02:00:00,45.1865,45.2,44.93355,44.95,0.0
2026-08-06 03:00:00,44.91155,44.945,44.865,44.8894,0.0
2026-08-06 04:00:00,44.8689,45.08215,44.84075,45.0645,0.0
2026-08-06 05:00:00,45.0426,45.143,44.9877,45.01565,0.0
2026-08-06 06:00:00,45.0344,45.0344,44.985,45.008,0.0
2026-08-06 07:00:00,44.98,45.0301,44.866,44.983,4.54e-07
2026-08-06 08:00:00,44.947,45.0835,44.947,45.063,0.0
2026-08-06 09:00:00,45.04435,45.0875,44.9092,44.93,0.021436353
2026-08-06 10:00:00,44.9015,44.95195,44.71,44.8525,0.255049138
2026-08-06 11:00:00,44.83075,45.00815,44.725,45.00815,0.00870707
2026-08-06 12:00:00,45.032,45.406,45.0139,45.1195,0.107898
2026-08-06 13:00:00,45.15015,45.407,45.02785,45.3752,0.4240514
2026-08-06 14:00:00,45.3842,45.42575,45.3137,45.4142,0.0
2026-08-06 15:00:00,45.4262,45.74,45.4262,45.662,0.517102539
2026-08-06 16:00:00,45.67455,45.7395,45.56,45.7057,0.0
2026-08-06 17:00:00,45.715,45.78625,45.6195,45.62,0.221357452
2026-08-06 18:00:00,45.6555,45.6555,45.355,45.4735,0.0
2026-08-06 19:00:00,45.43945,45.551,45.2201,45.35935,0.855460271
2026-08-06 20:00:00,45.37235,45.605,45.37235,45.47435,1.075731
2026-08-06 21:00:00,45.4885,45.6175,45.3742,45.51055,0.061781
2026-08-06 22:00:00,45.49075,45.58,45.39,45.43165,0.107526
2026-08-06 23:00:00,45.412,45.5418,45.3,45.41,0.215377
2026-08-07 00:00:00,45.37875,45.554,45.35745,45.5185,0.0
2026-08-07 01:00:00,45.55555,45.63675,45.421,45.58155,0.107619
2026-08-07 02:00:00,45.6128,45.6536,45.433,45.51,0.177482
2026-08-07 03:00:00,45.48265,45.57755,45.415,45.43365,0.0
2026-08-07 04:00:00,45.4,45.47105,45.3152,45.3839,0.0
2026-08-07 05:00:00,45.40165,45.4881,45.3252,45.4461,5.455917
2026-08-07 06:00:00,45.4615,45.658,45.3972,45.558,0.23105
2026-08-07 07:00:00,45.52765,45.65695,45.5025,45.5474,0.0
2026-08-07 08:00:00,45.572,45.944,45.56605,45.798,0.042677701
2026-08-07 09:00:00,45.78,45.96,45.69355,45.69355,0.042662844
2026-08-07 10:00:00,45.7246,45.796,45.672,45.672,0.0
2026-08-07 11:00:00,45.67705,45.83215,45.6405,45.65695,0.0
2026-08-07 12:00:00,45.64745,45.9482,45.64745,45.7708,0.0
2026-08-07 13:00:00,45.7375,45.932,45.672,45.69185,0.953895
2026-08-07 14:00:00,45.6711,45.7631,45.57415,45.6128,0.0
2026-08-07 15:00:00,45.6235,46.02,45.5,45.913,4.371747
2026-08-07 16:00:00,45.9313,46.0257,45.73,45.8195,4.65e-07
2026-08-07 17:00:00,45.8064,45.8064,45.37675,45.44,1.053773
2026-08-07 18:00:00,45.4199,45.4984,45.3585,45.425,0.848984821
2026-08-07 19:00:00,45.388,45.5246,45.26805,45.3485,0.277
2026-08-07 20:00:00,45.381,45.5287,45.2462,45.50015,0.235190879
2026-08-07 21:00:00,45.526,45.5985,45.46185,45.46185,0.0
2026-08-07 22:00:00,45.445,45.56865,45.321,45.44085,0.107526
2026-08-07 23:00:00,45.4026,45.612,45.4026,45.531,0.02198
2026-08-08 00:00:00,45.5,45.52,45.3633,45.45275,0.089968
2026-08-08 01:00:00,45.4855,45.6027,45.4855,45.519,0.0
2026-08-08 02:00:00,45.54,45.60545,45.5395,45.5395,0.0
2026-08-08 03:00:00,45.5694,45.6285,45.51585,45.5563,0.0
2026-08-08 04:00:00,45.51295,45.535,45.485,45.495,0.0
2026-08-08 05:00:00,45.5139,45.55,45.48215,45.48215,0.0
2026-08-08 06:00:00,45.4985,45.5641,45.481,45.5445,0.0
2026-08-08 07:00:00,45.50465,45.5518,45.3693,45.49945,0.193432832
2026-08-08 08:00:00,45.475,45.61115,45.475,45.54355,0.0
2026-08-08 09:00:00,45.585,45.585,45.507,45.56665,0.0
2026-08-08 10:00:00,45.5785,45.582,45.46255,45.582,0.0
2026-08-08 11:00:00,45.6115,45.642,45.5063,45.5474,0.0
2026-08-08 12:00:00,45.5265,45.63435,45.493,45.60355,0.0
2026-08-08 13:00:00,45.58,45.614,45.5561,45.614,0.0
2026-08-08 14:00:00,45.6345,45.802,45.6345,45.7585,0.0
2026-08-08 15:00:00,45.7764,45.8597,45.74135,45.8597,0.0
2026-08-08 16:00:00,45.83075,45.86585,45.7436,45.7855,0.0
2026-08-08 17:00:00,45.76,45.862,45.755,45.8337,0.0
2026-08-08 18:00:00,45.8605,45.9315,45.8163,45.9315,0.0
2026-08-08 19:00:00,45.89745,45.97315,45.8361,45.95265,0.0
2026-08-08 20:00:00,45.917,46.0647,45.877,46.0355,0.23460276
2026-08-08 21:00:00,46.0135,46.0542,45.99545,46.04,0.0
2026-08-08 22:00:00,46.0487,46.0553,45.9665,45.9921,0.0
2026-08-08 23:00:00,45.9601,46.0005,45.89885,46.0005,0.0
2026-08-09 00:00:00,45.969,46.0762,45.9635,46.0642,0.0
2026-08-09 01:00:00,46.0442,46.07305,45.9962,46.0472,0.0
2026-08-09 02:00:00,46.0395,46.0395,45.8818,45.8818,0.0
2026-08-09 03:00:00,45.89925,46.1293,45.84,45.928,1.157194
2026-08-09 04:00:00,45.905,46.00155,45.905,45.9292,0.0
2026-08-09 05:00:00,45.945,46.0135,45.859,45.933,0.0
2026-08-09 06:00:00,45.9562,46.0542,45.93445,46.0411,0.0
2026-08-09 07:00:00,46.0183,46.19,45.93355,46.146,1.384713
2026-08-09 08:00:00,46.11,46.31,46.0702,46.2345,0.0
2026-08-09 09:00:00,46.2485,46.3436,46.1199,46.16145,16.481403413
2026-08-09 10:00:00,46.0229,46.1844,46.0229,46.08485,16.229178779
2026-08-09 11:00:00,46.0942,46.261,46.0942,46.23895,0.0
2026-08-09 12:00:00,46.3779,46.3779,46.1375,46.152,16.051001979
2026-08-09 13:00:00,46.018,46.322,46.018,46.302,16.010874474
2026-08-09 14:00:00,46.3225,46.425,46.156,46.373,2.121233787
2026-08-09 15:00:00,46.516,46.516,46.2625,46.41,2.032978037
2026-08-09 16:00:00,46.432,46.432,46.21115,46.26,0.0
2026-08-09 17:00:00,46.28975,46.28975,46.137,46.16225,0.0
2026-08-09 18:00:00,46.1902,46.21455,46.1665,46.1891,0.0
2026-08-09 19:00:00,46.17375,46.185,46.109,46.109,0.0
2026-08-09 20:00:00,46.0725,46.1136,45.91,46.05705,0.1
2026-08-09 21:00:00,46.085,46.085,45.96265,46.06785,0.0
2026-08-09 22:00:00,46.0917,46.153,45.57215,45.6423,0.0
2026-08-09 23:00:00,45.6141,45.6141,45.3643,45.42,0.0
2026-08-10 00:00:00,45.3925,45.5627,45.3268,45.49,1.279449
2026-08-10 01:00:00,45.4639,45.72235,45.4436,45.615,0.0
2026-08-10 02:00:00,45.5873,45.5873,45.17,45.45005,0.826939
2026-08-10 03:00:00,45.4665,45.4845,45.2855,45.2855,0.0
2026-08-10 04:00:00,45.3035,45.37555,45.1861,45.2586,0.0
2026-08-10 05:00:00,45.29175,45.4808,45.29175,45.43595,0.0
2026-08-10 06:00:00,45.4565,45.61,45.31,45.5382,1.2637
2026-08-10 07:00:00,45.5172,45.5325,45.42695,45.5325,0.0
2026-08-10 08:00:00,45.51435,45.54,45.3525,45.395,1.17264934
2026-08-10 09:00:00,45.36995,45.5646,45.36995,45.4035,0.137048
2026-08-10 10:00:00,45.4414,45.50745,45.35,45.3565,0.137048
2026-08-10 11:00:00,45.3405,45.3777,45.2911,45.3585,0.0
2026-08-10 12:00:00,45.3774,45.4705,45.2359,45.37,1.17264934
2026-08-10 13:00:00,45.3965,45.489,45.2055,45.3172,0.0
2026-08-10 14:00:00,45.3557,45.51105,45.30155,45.39,2.417636
2026-08-10 15:00:00,45.371,45.39625,45.0535,45.18075,0.063071276
2026-08-10 16:00:00,45.1598,45.288,45.02365,45.0945,0.0
2026-08-10 17:00:00,45.1055,45.2445,45.015,45.015,0.0
2026-08-10 18:00:00,44.991,45.1357,44.96765,45.0269,0.0
2026-08-10 19:00:00,45.01815,45.135,44.96355,45.1039,0.0
2026-08-10 20:00:00,45.0763,45.2244,44.98995,45.0226,0.811595296
2026-08-10 21:00:00,45.0135,45.12255,45.0135,45.0525,0.0
2026-08-10 22:00:00,45.0735,45.24,44.995,45.14835,0.936766307
2026-08-10 23:00:00,45.12015,45.2787,45.09105,45.09105,0.481982243
2026-08-11 00:00:00,45.0748,45.19827,45.0748,45.17127,0.0
2026-08-11 01:00:00,45.15127,45.22327,45.15127,45.22327,0.0
2026-08-11 02:00:00,45.246,45.2495,45.20127,45.20282,0.0
2026-08-11 03:00:00,45.20607,45.22557,45.20607,45.21922,0.0
2026-08-11 04:00:00,45.21277,45.21277,45.17627,45.17627,0.0
2026-08-11 05:00:00,45.19627,45.19627,45.14127,45.14827,0.0
2026-08-11 06:00:00,45.13402,45.19882,45.12627,45.14477,0.0
2026-08-11 07:00:00,45.15127,45.18227,45.10377,45.17627,0.0
2026-08-11 08:00:00,45.18777,45.22127,45.17127,45.22127,0.0
2026-08-11 09:00:00,45.2475,45.5492,45.24445,45.5492,0.0
2026-08-11 10:00:00,45.5165,45.5165,45.34,45.44465,0.953895
2026-08-11 11:00:00,45.4495,45.467,45.339,45.4385,0.0
2026-08-11 12:00:00,45.40805,45.5232,45.286,45.325,2.995712724
2026-08-11 13:00:00,45.31,45.41615,45.11522,45.11522,0.0
2026-08-11 14:00:00,45.10254,45.155,44.904,44.987,5.832925076
2026-08-11 15:00:00,45.0032,45.13,44.9065,45.0169,1.0
2026-08-11 16:00:00,44.9877,45.13085,44.96755,45.00875,0.0
2026-08-11 17:00:00,45.0314,45.2756,45.0314,45.2295,0.0
2026-08-11 18:00:00,45.247,45.39105,45.1415,45.3399,0.0
2026-08-11 19:00:00,45.32195,45.4705,45.2821,45.4572,0.0
2026-08-11 20:00:00,45.44,45.5214,45.41615,45.449,0.0
2026-08-11 21:00:00,45.4623,45.62,45.4,45.46495,5.366473
2026-08-11 22:00:00,45.4887,45.5212,45.37485,45.4621,0.0
2026-08-11 23:00:00,45.4325,45.5245,45.43,45.46835,0.0
2026-08-12 00:00:00,45.44605,45.5398,45.34,45.4902,5.534610688
2026-08-12 01:00:00,45.5145,45.664,45.41035,45.41035,0.264671101
2026-08-12 02:00:00,45.3918,45.425,45.3645,45.395,0.0
2026-08-12 03:00:00,45.3811,45.409,45.323,45.323,0.0
2026-08-12 04:00:00,45.3066,45.371,45.2692,45.36035,0.0
2026-08-12 05:00:00,45.342,45.3983,45.234,45.26625,0.0
2026-08-12 06:00:00,45.2498,45.3239,45.209,45.252,0.0
2026-08-12 07:00:00,45.28375,45.42,45.15995,45.2465,0.971502
2026-08-12 08:00:00,45.229,45.374,45.22,45.235,0.725128064
2026-08-12 09:00:00,45.2574,45.4195,45.2574,45.41435,0.0
2026-08-12 10:00:00,45.44315,45.509,45.24,45.36525,5.973630571
2026-08-12 11:00:00,45.3921,45.4282,45.325,45.4195,0.0
2026-08-12 12:00:00,45.44205,45.605,45.314,45.4612,1.256266611
2026-08-12 13:00:00,45.4823,45.5975,45.3662,45.57715,11.347451669
2026-08-12 14:00:00,45.55075,45.55075,44.95535,44.9667,0.027153224
2026-08-12 15:00:00,44.9298,45.1435,44.9295,45.033,0.0
2026-08-12 16:00:00,45.02465,45.10915,45.0006,45.10775,0.0
2026-08-12 17:00:00,45.12925,45.162,45.01375,45.1295,0.0
2026-08-12 18:00:00,45.1,45.1055,44.99,45.06455,0.0
2026-08-12 19:00:00,45.0901,45.0901,44.56,44.72885,3.748238844
2026-08-12 20:00:00,44.694,44.84485,44.668,44.7695,0.0
2026-08-12 21:00:00,44.79815,44.89715,44.6415,44.774,0.0
2026-08-12 22:00:00,44.7405,44.8911,44.7405,44.81475,0.0
2026-08-12 23:00:00,44.7895,44.9913,44.71,44.827,0.659247287
2026-08-13 00:00:00,44.91121,44.99,44.88271,44.88271,0.262149758
2026-08-13 01:00:00,44.87621,44.89421,44.661,44.81885,5.572592829
2026-08-13 02:00:00,44.79685,44.843,44.74355,44.843,0.0
2026-08-13 03:00:00,44.8645,44.9325,44.836,44.90575,0.0
2026-08-13 04:00:00,44.87835,44.905,44.85745,44.887,0.0
2026-08-13 05:00:00,44.85165,45.02605,44.836,44.99625,0.0
2026-08-13 06:00:00,45.0266,45.0266,44.92665,44.974,0.0
2026-08-13 07:00:00,44.9505,44.9505,44.82,44.85,0.0
2026-08-13 08:00:00,44.825,44.8462,44.7966,44.8293,0.0
2026-08-13 09:00:00,44.80715,44.9174,44.80715,44.9095,0.0
2026-08-13 10:00:00,44.8815,44.89905,44.78415,44.7975,0.0
2026-08-13 11:00:00,44.7799,44.7799,44.508,44.65625,0.332709
2026-08-13 12:00:00,44.63245,44.85,44.63245,44.822,0.0
2026-08-13 13:00:00,44.8501,44.9749,44.685,44.685,0.5959482
2026-08-13 14:00:00,44.65825,44.8865,44.60915,44.8475,0.0
2026-08-13 15:00:00,44.86605,44.8904,44.6701,44.6701,0.226391
2026-08-13 16:00:00,44.69535,44.9049,44.5741,44.725,2.888353509
2026-08-13 17:00:00,44.745,44.762,44.65775,44.705,0.0
2026-08-13 18:00:00,44.69,44.71285,44.5839,44.6825,0.0
2026-08-13 19:00:00,44.65,44.73675,44.635,44.73675,0.0
2026-08-13 20:00:00,44.7565,44.7565,44.7017,44.7017,0.0
2026-08-13 21:00:00,44.72205,44.72205,44.66915,44.66915,0.0
2026-08-13 22:00:00,44.6935,44.821,44.68295,44.7916,0.0
2026-08-13 23:00:00,44.7665,44.833,44.7245,44.78,0.0
2026-08-14 00:00:00,44.8015,44.8379,44.7115,44.7115,0.0
2026-08-14 01:00:00,44.68555,44.773,44.684,44.74675,0.0
2026-08-14 02:00:00,44.7687,44.818,44.7219,44.818,0.0
2026-08-14 03:00:00,44.798,44.8992,44.76955,44.76955,0.0
2026-08-14 04:00:00,44.789,44.789,44.7162,44.7171,0.0
2026-08-14 05:00:00,44.6919,44.753,44.672,44.753,0.0
2026-08-14 06:00:00,44.7354,44.7354,44.655,44.6777,0.0
2026-08-14 07:00:00,44.6632,44.6831,44.568,44.6083,0.0
2026-08-14 08:00:00,44.59485,44.6035,44.4474,44.5684,0.0
2026-08-14 09:00:00,44.58675,44.707,44.5705,44.63165,0.0
2026-08-14 10:00:00,44.6167,44.64625,44.4934,44.5125,0.29
2026-08-14 11:00:00,44.537,44.54,44.465,44.525,0.0
2026-08-14 12:00:00,44.513,44.5382,44.3674,44.38705,0.0
2026-08-14 13:00:00,44.38545,44.445,44.08866995,44.185134975,1.760521735
2026-08-14 14:00:00,44.179334975,44.225184975,43.94845,43.95025,2.348849582
2026-08-14 15:00:00,43.9172,43.9172,43.694,43.89,0.0
2026-08-14 16:00:00,43.85,44.03205,43.7915,44.0317,0.37247858
2026-08-14 17:00:00,44.0559,44.07765,43.78,43.78,0.496683227
2026-08-14 18:00:00,43.76145,43.9315,43.6665,43.6665,0.0
2026-08-14 19:00:00,43.6483,43.734,43.248,43.57985,6.504856525
2026-08-14 20:00:00,43.61,43.6682,43.47985,43.47985,0.0
2026-08-14 21:00:00,43.5159,43.6418,43.50165,43.5535,6.739356466
2026-08-14 22:00:00,43.5745,43.6215,43.539,43.5612,0.0
2026-08-14 23:00:00,43.4224,43.81525,43.4224,43.7975,3.87984647
2026-08-15 00:00:00,43.82055,43.9754,43.5629,43.6525,4.411564639
2026-08-15 01:00:00,43.71875,43.83045,43.496,43.7963,0.829981224
2026-08-15 02:00:00,43.81875,43.96565,43.7435,43.96565,0.0
2026-08-15 03:00:00,43.95365,44.124,43.819,43.9465,1.277464929
2026-08-15 04:00:00,43.9695,44.0697,43.963,43.96725,0.0
2026-08-15 05:00:00,43.9935,44.0711,43.9455,43.9555,0.0
2026-08-15 06:00:00,43.967,44.0459,43.96045,44.04215,0.0
2026-08-15 07:00:00,44.014,44.111,43.9699,43.9699,35.560913399
2026-08-15 08:00:00,44.0045,44.0045,43.90235,43.95,0.0
2026-08-15 09:00:00,43.91745,44.014,43.91745,44.002,0.0
2026-08-15 10:00:00,43.9775,44.05535,43.9775,44.014,0.0
2026-08-15 11:00:00,44.0291,44.17,43.94375,43.9931,1.78769188
2026-08-15 12:00:00,44.035,44.0693,44.0,44.0693,0.0
2026-08-15 13:00:00,44.0959,44.1135,44.0687,44.1135,0.0
2026-08-15 14:00:00,44.08725,44.268,44.011,44.09415,0.082621379
2026-08-15 15:00:00,44.0615,44.22445,43.929,44.21105,0.184578734
2026-08-15 16:00:00,44.235,44.33,43.9633,44.11,8.135266901
2026-08-15 17:00:00,44.07125,44.20045,44.01285,44.17765,0.0
2026-08-15 18:00:00,44.146,44.2705,44.115,44.2178,0.0
2026-08-15 19:00:00,44.2465,44.29015,44.187,44.187,0.0
2026-08-15 20:00:00,44.2135,44.2135,44.1235,44.14475,0.0
2026-08-15 21:00:00,44.109,44.109,44.0254,44.062,0.0
2026-08-15 22:00:00,44.0715,44.2559,43.98,44.125,13.606114
2026-08-15 23:00:00,44.0975,44.1933,44.0043,44.06275,0.443655
2026-08-16 00:00:00,44.0895,44.1892,44.06,44.1559,0.0
2026-08-16 01:00:00,44.1375,44.3142,44.1255,44.1805,0.663716
2026-08-16 02:00:00,44.203,44.3503,44.1765,44.24215,0.176873
2026-08-16 03:00:00,44.27105,44.4123,44.193,44.193,0.110375
2026-08-16 04:00:00,44.2208,44.235,44.196,44.196,0.0
2026-08-16 05:00:00,44.062,44.35,44.062,44.1231,0.521604
2026-08-16 06:00:00,44.146,44.1777,44.019,44.1777,0.649049
2026-08-16 07:00:00,44.044,44.33,44.044,44.2506,3.491349
2026-08-16 08:00:00,44.268,44.42,44.268,44.351,0.146136
2026-08-16 09:00:00,44.3215,44.3735,44.3215,44.37085,0.0
2026-08-16 10:00:00,44.34465,44.34465,44.26715,44.3166,0.0
2026-08-16 11:00:00,44.1832,44.37395,44.1832,44.37395,2.155636
2026-08-16 12:00:00,44.3398,44.383,44.225,44.2754,0.110669
2026-08-16 13:00:00,44.2487,44.28415,44.205,44.25085,0.0
2026-08-16 14:00:00,44.1217,44.31095,44.1217,44.31095,2.278164262
2026-08-16 15:00:00,44.3229,44.72445,44.3229,44.665,0.0
2026-08-16 16:00:00,44.67695,44.67695,44.4,44.5173,0.07515113
2026-08-16 17:00:00,44.4915,44.5105,44.44335,44.47,0.0
2026-08-16 18:00:00,44.45235,44.4805,44.347,44.454,0.110375
2026-08-16 19:00:00,44.4744,44.647,44.4442,44.5133,20.0
2026-08-16 20:00:00,44.4843,44.635,44.4231,44.4231,0.179222
2026-08-16 21:00:00,44.39455,44.39455,44.01715,44.1224,0.179222
2026-08-16 22:00:00,44.0894,44.1358,44.021,44.0749,0.0
2026-08-16 23:00:00,44.088,44.328,44.063,44.0885,0.44238
2026-08-17 00:00:00,44.1185,44.14035,44.051,44.1,0.0
2026-08-17 01:00:00,44.086,44.3138,44.086,44.27,0.0
2026-08-17 02:00:00,44.291,44.405,44.225,44.35715,0.0
2026-08-17 03:00:00,44.389,44.389,44.18845,44.18845,0.0
2026-08-17 04:00:00,44.2085,44.26,44.2015,44.229,0.0
2026-08-17 05:00:00,44.1973,44.26,44.19505,44.19505,0.0
2026-08-17 06:00:00,44.1817,44.2553,44.15,44.1575,0.0
2026-08-17 07:00:00,44.13,44.1355,44.07895,44.08,0.0
2026-08-17 08:00:00,44.22,44.22,43.819,43.8219,0.069172852
2026-08-17 09:00:00,43.8526,44.05,43.802,43.9803,0.0
2026-08-17 10:00:00,43.95865,44.19525,43.9555,44.11925,0.0
2026-08-17 11:00:00,44.14775,44.2147,44.0252,44.16,0.10458
2026-08-17 12:00:00,44.1829,44.1954,44.10645,44.1475,0.0
2026-08-17 13:00:00,44.17155,44.3345,44.15575,44.224,0.0
2026-08-17 14:00:00,44.2564,44.5367,44.22075,44.43,0.288911085
2026-08-17 15:00:00,44.4132,44.43715,44.288,44.288,0.0
2026-08-17 16:00:00,44.32635,44.515,44.29475,44.46745,0.0
2026-08-17 17:00:00,44.44295,44.59,44.3696,44.515,10.021986816
2026-08-17 18:00:00,44.484,44.6006,44.46635,44.575,0.0
2026-08-17 19:00:00,44.54,44.57635,44.3194,44.459,0.663982142
2026-08-17 20:00:00,44.598,44.598,44.39815,44.539,0.108155733
2026-08-17 21:00:00,44.5128,44.595,44.5128,44.54255,0.0
2026-08-17 22:00:00,44.54975,44.54975,44.398,44.42,0.0
2026-08-17 23:00:00,44.44135,44.68,44.39155,44.547,0.039715975
2026-08-18 00:00:00,44.4861325,44.5111325,44.4498325,44.5111325,0.0
2026-08-18 01:00:00,44.4961325,44.4961325,44.36585,44.4181325,0.0
2026-08-18 02:00:00,44.4311325,44.47835,44.125,44.1314,5.564233939
2026-08-18 03:00:00,44.16255,44.3054,44.12775,44.29655,0.0
2026-08-18 04:00:00,44.2855,44.34,44.23815,44.27455,0.0
2026-08-18 05:00:00,44.29,44.29,44.064,44.22335,0.176873
2026-08-18 06:00:00,44.2078,44.55555,44.2078,44.4951,0.0
2026-08-18 07:00:00,44.5135,44.547,44.44545,44.47675,0.0
2026-08-18 08:00:00,44.3445,44.575,44.3445,44.5365,0.039616685
2026-08-18 09:00:00,44.5627,44.62,44.4555,44.5675,0.0
2026-08-18 10:00:00,44.52465,44.5785,44.4632,44.4632,0.0
2026-08-18 11:00:00,44.475,44.5528,44.475,44.52,0.0
2026-08-18 12:00:00,44.50675,44.6335,44.34,44.4975,1.545400055
2026-08-18 13:00:00,44.47,44.5578,44.365,44.4169,0.145789577
2026-08-18 14:00:00,44.442,44.69405,44.32135,44.3504,0.0
2026-08-18 15:00:00,44.37425,44.43,44.1534,44.165,0.480778091
2026-08-18 16:00:00,44.1919,44.42065,44.1919,44.3945,0.0
2026-08-18 17:00:00,44.36735,44.36735,44.12,44.27085,0.110669
2026-08-18 18:00:00,44.2997,44.514,44.2518,44.483,0.654984696
2026-08-18 19:00:00,44.5026,44.58135,44.5026,44.50825,0.0
2026-08-18 20:00:00,44.4868,44.5546,44.42,44.5546,1.157194
2026-08-18 21:00:00,44.5805,44.5805,44.4375,44.4375,0.0
2026-08-18 22:00:00,44.424,44.4359,44.2213,44.3209,0.107885343
2026-08-18 23:00:00,44.3495,44.57,44.26,44.34835,1.260372518
2026-08-19 00:00:00,44.331,44.41035,44.31985,44.325,0.0
2026-08-19 01:00:00,44.3591,44.432,44.31925,44.399,0.0
2026-08-19 02:00:00,44.3798,44.38795,44.3192,44.3623,0.0
2026-08-19 03:00:00,44.3838,44.525,44.34,44.35,0.811657
2026-08-19 04:00:00,44.22,44.40815,44.22,44.36155,5.455917
2026-08-19 05:00:00,44.38075,44.426,44.2539,44.374,0.21155
2026-08-19 06:00:00,44.3965,44.4962,44.3608,44.48,0.0
2026-08-19 07:00:00,44.4595,44.55035,44.4595,44.4787,0.0
2026-08-19 08:00:00,44.46545,44.97,44.452,44.8924,1.134436279
2026-08-19 09:00:00,44.9039,45.034,44.845,44.845,0.065798423
2026-08-19 10:00:00,44.819,44.86045,44.74135,44.83,0.0
2026-08-19 11:00:00,44.8804,44.92565,44.74,44.79235,0.0
2026-08-19 12:00:00,44.815,44.94325,44.77735,44.8864,0.0
2026-08-19 13:00:00,44.8638,45.01145,44.69,44.9195,0.698159056
2026-08-19 14:00:00,44.9455,45.3455,44.9455,45.2679,0.0
2026-08-19 15:00:00,45.285,46.11745,45.17895,45.6725,2.0449268
2026-08-19 16:00:00,45.7091,46.0098,45.6295,45.81,0.127817158
2026-08-19 17:00:00,45.84355,45.84355,45.56,45.7359,4.234269004
2026-08-19 18:00:00,45.75325,46.0077,45.58,45.8704,3.277392405
2026-08-19 19:00:00,45.8867,46.08,45.783,46.025,39.715859022
2026-08-19 20:00:00,46.048,46.6852,46.01,46.6297,12.163101127
2026-08-19 21:00:00,46.647,47.24,46.4977,47.1439,5.053263741
2026-08-19 22:00:00,47.152,47.2063,46.3899,46.60535,4.825214687
2026-08-19 23:00:00,46.619,46.7735,46.471,46.7735,0.034495669
2026-08-20 00:00:00,46.79575,47.249,46.7725,47.0522,2.728912545
2026-08-20 01:00:00,47.06455,47.15885,46.7403,47.0615,0.674117429
2026-08-20 02:00:00,47.0837,47.09665,46.72515,46.754,0.0
2026-08-20 03:00:00,46.72435,46.889,46.3955,46.7315,4.333285806
2026-08-20 04:00:00,46.698,46.90635,46.678,46.851,0.0
2026-08-20 05:00:00,46.8265,46.87,46.7115,46.7735,0.0
2026-08-20 06:00:00,46.80495,47.0015,46.72975,46.9352,0.0
2026-08-20 07:00:00,46.908,47.0729,46.665,46.805,3.354865
2026-08-20 08:00:00,46.83,47.618,46.8,47.4949,59.219984708
2026-08-20 09:00:00,47.5235,47.57715,47.12395,47.15085,0.367012
2026-08-20 10:00:00,47.1303,47.4794,47.1303,47.3421,4.7558
2026-08-20 11:00:00,47.30265,47.54775,47.174,47.347,1.36274284
2026-08-20 12:00:00,47.3625,47.45995,47.09765,47.4223,4.7439
2026-08-20 13:00:00,47.45465,47.4825,47.082,47.3604,1.296647765
2026-08-20 14:00:00,47.3725,47.76,47.24,47.76,0.483544409
2026-08-20 15:00:00,47.73485,48.05175,47.5795,47.96845,0.0
2026-08-20 16:00:00,47.95595,48.4952185275,47.69415,48.4745685275,0.02762898
2026-08-20 17:00:00,48.4613185275,48.8313,48.1944,48.3075,299.465122528
2026-08-20 18:00:00,48.32955,48.572,47.76,48.00215,6.730355991
2026-08-20 19:00:00,48.03,48.18545,47.733,47.833,1.521908497
2026-08-20 20:00:00,47.787,48.2875,47.76945,48.085,0.02356
2026-08-20 21:00:00,48.064,48.353,47.9363,48.0944,0.062483451
2026-08-20 22:00:00,48.085,48.1793,47.773,47.817,0.393909166
2026-08-20 23:00:00,47.7842,48.09,47.70475,47.8168,0.937818
2026-08-21 00:00:00,47.82995,48.27,47.79375,47.93955,0.040621179
2026-08-21 01:00:00,47.97,48.44695,47.9375,48.3834,0.754163684
2026-08-21 02:00:00,48.39645,48.4006,47.96,48.08915,0.106382
2026-08-21 03:00:00,48.11,48.5,47.861,48.295,0.080948168
2026-08-21 04:00:00,48.32665,48.6955,48.32,48.6955,1.6347649
2026-08-21 05:00:00,48.6765,48.85,48.4675,48.62275,13.386422
2026-08-21 06:00:00,48.6466,48.9385,48.5084,48.838,0.0
2026-08-21 07:00:00,48.811,49.94025,48.811,49.623,37.054767316
2026-08-21 08:00:00,49.661,51.4535,49.6265,51.4535,1.102295886
2026-08-21 09:00:00,51.46345,51.4849,49.6206,50.67455,73.257725806
2026-08-21 10:00:00,50.68965,51.093,50.3806,50.85,1.0
2026-08-21 11:00:00,50.881,50.9887,49.9356,50.17,0.980243013
2026-08-21 12:00:00,50.20855,50.6822,50.06,50.54105,0.386510586
2026-08-21 13:00:00,50.5666,50.91,50.1736,50.878,8.771444387
2026-08-21 14:00:00,50.85675,51.3785,50.5276,51.3601,0.414103748
2026-08-21 15:00:00,51.3735,51.9539,51.3558,51.8,0.175486323
2026-08-21 16:00:00,51.835,52.306,51.10685,51.8065,22.858764706
2026-08-21 17:00:00,51.8315,52.03555,51.3125,51.8653,0.076170628
2026-08-21 18:00:00,51.9122,52.08645,51.41805,51.6065,0.439551711
2026-08-21 19:00:00,51.594,52.33,51.3274,51.6015,0.12677966
2026-08-21 20:00:00,51.5855,52.51,51.34,52.35095,0.15017278
2026-08-21 21:00:00,52.32655,52.63235,52.0925,52.58155,0.0
2026-08-21 22:00:00,52.59985,54.1601,52.52735,53.7885,20.714132734
2026-08-21 23:00:00,53.8195,53.94995,52.92875,53.14,2.911499425
2026-08-22 00:00:00,53.1205,53.755,52.69,53.745,6.502624797
2026-08-22 01:00:00,53.741,54.1445,53.1423,53.1773,0.02266691
2026-08-22 02:00:00,53.19255,54.6241,53.1823,54.511,0.022179
2026-08-22 03:00:00,54.4882,55.1757,53.9145,54.23685,2.315559027
2026-08-22 04:00:00,54.2524,55.4165,53.8136,54.91,0.779866034
2026-08-22 05:00:00,54.89335,55.1747,49.17795,51.9885,1.006387319
2026-08-22 06:00:00,51.9732,52.14975,51.38905,52.00455,2.506049801
2026-08-22 07:00:00,51.966,52.43625,51.6665,51.90775,1.030348
2026-08-22 08:00:00,51.935,52.14,50.958,51.35855,12.74061408
2026-08-22 09:00:00,51.339,51.9619,50.97595,51.666,1.0
2026-08-22 10:00:00,51.70305,51.70305,50.60315,51.3001,2.92600796
2026-08-22 11:00:00,51.27705,51.4695,51.0275,51.387,0.0
2026-08-22 12:00:00,51.356,51.8161,51.2592,51.65865,20.037946453
2026-08-22 13:00:00,51.625,52.19595,51.2592,52.19595,0.02413838
2026-08-22 14:00:00,52.2165,52.2495,51.48,51.8829,0.0
2026-08-22 15:00:00,51.8801,52.212,51.284,51.93955,0.882440503
2026-08-22 16:00:00,51.954,52.5033,51.67,52.31,2.961091897
2026-08-22 17:00:00,52.3228,52.826,52.20725,52.62065,0.173345
2026-08-22 18:00:00,52.59345,52.994,52.59345,52.934,0.0
2026-08-22 19:00:00,52.9695,53.7163,52.816,53.2075,0.02311034
2026-08-22 20:00:00,53.2428,53.47205,52.77455,52.9276,0.0
2026-08-22 21:00:00,52.88425,52.89655,51.88755,51.984,0.037404519
2026-08-22 22:00:00,51.9419,52.8,51.81325,52.574,0.129781
2026-08-22 23:00:00,52.591,52.689,52.0835,52.4485,1.9637
2026-08-23 00:00:00,52.49125,52.89315,52.2525,52.7768,0.387214441
2026-08-23 01:00:00,52.75285,52.75285,52.0059,52.027,0.03700818
2026-08-23 02:00:00,52.01185,52.045,51.38245,51.5592,0.02887465
2026-08-23 03:00:00,51.57,51.6038,51.08215,51.1905,0.095347
2026-08-23 04:00:00,51.1835,51.5045,50.6531,51.10795,1.06018061
2026-08-23 05:00:00,51.098,51.32215,50.619,50.752,0.0
2026-08-23 06:00:00,50.775,51.3755,50.67,51.19405,0.0
2026-08-23 07:00:00,51.159,51.52,51.1073,51.20995,9.688080876
2026-08-23 08:00:00,51.24705,51.9177,51.164,51.748,0.11885057
2026-08-23 09:00:00,51.7165,52.0,51.6845,51.821,0.0
2026-08-23 10:00:00,51.844,52.24,51.818,52.115,1.388878
2026-08-23 11:00:00,52.1298,52.457,52.1009,52.2577,9.356851217
2026-08-23 12:00:00,52.2985,52.704,52.0233,52.535,6.532769134
2026-08-23 13:00:00,52.575,53.0715,52.41,52.9965,3.375493518
2026-08-23 14:00:00,53.02905,53.19055,51.6585,52.1005,1.68594593
2026-08-23 15:00:00,52.1134,52.2613,51.658,52.00895,0.037985673
2026-08-23 16:00:00,52.0325,52.29385,51.924,52.29385,0.0
2026-08-23 17:00:00,52.316,52.5356,52.08725,52.32995,1.536233326
2026-08-23 18:00:00,52.35745,52.48915,52.254,52.44165,0.0
2026-08-23 19:00:00,52.415,52.4965,51.9563,52.307,5.037229656
2026-08-23 20:00:00,52.274,52.62,52.1736,52.3725,0.037263099
2026-08-23 21:00:00,52.38535,52.6716,52.38535,52.4315,0.0
2026-08-23 22:00:00,52.4695,52.57895,52.17325,52.36505,0.0
2026-08-23 23:00:00,52.3375,52.5871,52.1,52.29415,6.131677941
2026-08-24 00:00:00,52.31,52.4165,51.62035,52.126,0.0
2026-08-24 01:00:00,52.162,52.18935,51.3956,51.42425,0.0
2026-08-24 02:00:00,51.465,51.88005,51.248,51.8232,0.399107
2026-08-24 03:00:00,51.84245,51.84245,51.492,51.703,1.030331
2026-08-24 04:00:00,51.73345,52.28,51.73345,52.00275,0.037763818
2026-08-24 05:00:00,51.9516,52.2135,51.79415,52.059,0.0
2026-08-24 06:00:00,52.07855,52.2175,51.83,52.14325,11.163922559
2026-08-24 07:00:00,52.182,52.4693,52.0286,52.155,1.115940688
2026-08-24 08:00:00,52.1264,52.2064,51.61815,51.94145,10.783095407
2026-08-24 09:00:00,51.924,53.55,51.924,53.15045,0.42262166
2026-08-24 10:00:00,53.1185,54.1883,52.54035,52.54035,0.742801939
2026-08-24 11:00:00,52.565,53.21205,52.4243,52.98155,0.186457237
2026-08-24 12:00:00,52.96015,53.6129,52.5425,53.44195,0.0
2026-08-24 13:00:00,53.475,53.47905,51.8471,52.0585,0.17674254
2026-08-24 14:00:00,52.086,52.703,51.9385,52.62095,2.176149417
2026-08-24 15:00:00,52.583,53.042,52.2307,52.359,0.151291315
2026-08-24 16:00:00,52.37,52.7988,52.36,52.40505,0.453776145
2026-08-24 17:00:00,52.38,52.445,51.65145,51.845,3.488116323
2026-08-24 18:00:00,51.8515,52.19,51.77335,51.91735,3.342751551
2026-08-24 19:00:00,51.9383,52.0015,51.508,51.5985,9.625875
2026-08-24 20:00:00,51.6215,51.807,51.4693,51.75475,12.530033183
2026-08-24 21:00:00,51.7245,51.8685,51.6423,51.82465,2.827559
2026-08-24 22:00:00,51.80445,51.921,51.4837,51.5382,0.14805867
2026-08-24 23:00:00,51.5482,51.828,51.40685,51.65285,0.244201426
2026-08-25 00:00:00,51.62425,52.284,51.4757,52.1195,0.259251507
2026-08-25 01:00:00,52.1605,52.5094,52.0094,52.3155,3.331189173
2026-08-25 02:00:00,52.29825,52.99,51.91,52.51045,2.268498395
2026-08-25 03:00:00,52.5352,52.872,52.3115,52.328,2.16301152
2026-08-25 04:00:00,52.3543,52.497,52.1567,52.395,1.078742218
2026-08-25 05:00:00,52.35815,52.795,52.35815,52.606,1.037157178
2026-08-25 06:00:00,52.6529,52.665,51.88385,51.98695,0.037064285
2026-08-25 07:00:00,52.01,52.2475,51.37205,51.6633,2.157603991
2026-08-25 08:00:00,51.6816,51.99,51.5538,51.645,0.0
2026-08-25 09:00:00,51.6745,51.7385,50.98575,51.291,0.61444868
2026-08-25 10:00:00,51.257,51.5858,51.13345,51.4345,2.827443
2026-08-25 11:00:00,51.41775,51.6136,51.055,51.0855,1.583749
2026-08-25 12:00:00,51.065,51.42,50.839,51.325,0.870338551
2026-08-25 13:00:00,51.2935,51.345,50.363152709,50.7635,1.03038708
2026-08-25 14:00:00,50.74,51.33,50.6095,50.9066,1.434132
2026-08-25 15:00:00,50.876,51.32,50.7995,51.1939,18.63423102
2026-08-25 16:00:00,51.15,51.235,50.9355,51.03555,0.0
2026-08-25 17:00:00,50.9875,51.10425,50.643,51.0135,1.79975316
2026-08-25 18:00:00,51.0372,51.28,50.93,51.091,0.481256034
2026-08-25 19:00:00,51.0795,51.23,50.6407,50.83575,0.273338463
2026-08-25 20:00:00,50.86,50.9625,49.87,50.0853,2.505729724
2026-08-25 21:00:00,50.11,50.53,49.6238,50.355,0.257013966
2026-08-25 22:00:00,50.37,50.7514,50.37,50.5258,0.258058907
2026-08-25 23:00:00,50.495,50.555,49.861,49.96225,1.630495343
2026-08-26 00:00:00,49.9301,50.3266,49.8162,50.25,0.941935
2026-08-26 01:00:00,50.22245,50.56,50.09965,50.31545,0.038781335
2026-08-26 02:00:00,50.3265,50.4785,50.03421675,50.4621,0.0
2026-08-26 03:00:00,50.47,50.535,50.26,50.33785,0.182715
2026-08-26 04:00:00,50.315,50.4035,49.99896675,50.02096675,0.134268381
2026-08-26 05:00:00,50.04096675,50.436,49.96596675,50.3615,0.0
2026-08-26 06:00:00,50.339,50.552,50.02096675,50.1645,12.250727
2026-08-26 07:00:00,50.13955,50.379,50.046,50.1841,0.249189574
2026-08-26 08:00:00,50.2053,50.52,50.12235,50.2,9.485096502
2026-08-26 09:00:00,50.219,50.365,49.917,50.11375,0.03871501
2026-08-26 10:00:00,50.0871,50.7036,49.99846675,50.7036,10.132771852
2026-08-26 11:00:00,50.7335,50.8132,50.42885,50.546,0.0
2026-08-26 12:00:00,50.58025,50.9224,50.28,50.43,3.901199207
2026-08-26 13:00:00,50.425,50.425,49.8919335,50.16685,0.080536675
2026-08-26 14:00:00,50.1446,50.29805,49.59915,49.60525,1.962518022
2026-08-26 15:00:00,49.61865,49.6823,49.18495,49.54,0.0315986
2026-08-26 16:00:00,49.576,49.832,49.489,49.791,0.0
2026-08-26 17:00:00,49.76815,50.03835,49.73375,49.9302,0.03919217
2026-08-26 18:00:00,49.9437,50.0415,49.7917,49.928,0.939580162
2026-08-26 19:00:00,49.9085,49.995,49.72,49.8355,0.095584
2026-08-26 20:00:00,49.8085,49.89405,49.46,49.88435,0.039094189
2026-08-26 21:00:00,49.9129,50.1406,49.8244,50.087,0.03910572
2026-08-26 22:00:00,50.08085,50.48,50.009,50.07,0.043938465
2026-08-26 23:00:00,50.03615,50.57755,50.03615,50.5185,0.0
2026-08-27 00:00:00,50.493,50.493,49.8885,49.8885,0.039007955
2026-08-27 01:00:00,49.874,50.1835,49.7805,49.988,0.0
2026-08-27 02:00:00,49.94735,50.1079,49.891,49.9145,0.0
2026-08-27 03:00:00,49.94495,50.10885,49.7431,49.9456,0.9975
2026-08-27 04:00:00,49.98425,50.03,49.68555,49.70815,0.0
2026-08-27 05:00:00,49.7318,49.78355,49.50115,49.75,0.0
2026-08-27 06:00:00,49.7691,49.9021,49.55415,49.75105,16.767035454
2026-08-27 07:00:00,49.7326,49.955,49.6205,49.7707,6.07254485
2026-08-27 08:00:00,49.75755,50.2542,49.66735,50.1941,0.232949202
2026-08-27 09:00:00,50.163,50.49145,50.0735,50.243,0.0
2026-08-27 10:00:00,50.26705,50.3437,49.61305,49.9175,0.195102158
2026-08-27 11:00:00,49.9395,50.1345,49.65685,49.86,5.0
2026-08-27 12:00:00,49.89,50.017,49.64,49.64,0.348098
2026-08-27 13:00:00,49.67,50.1937,49.67,50.09,0.0
2026-08-27 14:00:00,50.0581,50.54,49.8395,50.255,2.387966821
2026-08-27 15:00:00,50.2536,50.54,49.92605,50.1882,0.996095749
2026-08-27 16:00:00,50.2042,50.61,50.1318,50.235,3.559992
2026-08-27 17:00:00,50.20845,50.4868,50.02675,50.1835,15.472379288
2026-08-27 18:00:00,50.1615,50.191,49.7223,49.97425,0.0
2026-08-27 19:00:00,49.9899,50.10775,49.92685,50.01455,0.0
2026-08-27 20:00:00,49.975,50.2213,49.75,50.018,0.485979268
2026-08-27 21:00:00,49.99,50.1176,49.7973,49.9866,0.235329
2026-08-27 22:00:00,50.0185,50.205,49.9807,49.9807,0.852582872
2026-08-27 23:00:00,50.015,50.11,49.87,49.9351,0.156916
2026-08-28 00:00:00,49.91525,50.17615,49.708,50.11395,0.850451414
2026-08-28 01:00:00,50.1436,50.50115,49.9862,49.9862,32.34037
2026-08-28 02:00:00,49.9485,49.985,49.0205,49.3555,1.02125292
2026-08-28 03:00:00,49.343,49.45525,49.191,49.3655,0.0
2026-08-28 04:00:00,49.35075,49.527,49.1308,49.2425,3.393759
2026-08-28 05:00:00,49.223,49.3265,49.0414,49.195,0.185884
2026-08-28 06:00:00,49.218,49.42975,49.218,49.3985,0.0
2026-08-28 07:00:00,49.38305,49.38305,49.1695,49.1926,0.316845
2026-08-28 08:00:00,49.1967,49.2994,48.97445,48.9845,0.642245
2026-08-28 09:00:00,48.99885,49.1315,48.9213,48.9613,0.0
2026-08-28 10:00:00,48.9463,49.40665,48.8213,49.0655,0.267186
2026-08-28 11:00:00,49.0935,49.3058,48.97,49.105,0.149514013
2026-08-28 12:00:00,49.1365,49.164,48.6642,49.0665,0.333868402
2026-08-28 13:00:00,49.052,49.153,48.871,49.0881,0.257839566
2026-08-28 14:00:00,49.0585,49.52,48.51,49.3718,3.19952907
2026-08-28 15:00:00,49.4,49.4865,48.53245,48.589,0.26932076
2026-08-28 16:00:00,48.608,48.77145,48.0052,48.75915,9.469944893
2026-08-28 17:00:00,48.76645,49.16,48.72145,49.0611,0.061400867
2026-08-28 18:00:00,49.0744,49.0744,48.5391,48.8705,1.082889052
2026-08-28 19:00:00,48.905,49.3136,48.905,49.19215,0.213791565
2026-08-28 20:00:00,49.225,49.5677,49.16755,49.55405,0.02125981
2026-08-28 21:00:00,49.5395,49.5395,49.1325,49.2625,0.0
2026-08-28 22:00:00,49.28775,49.4075,49.2455,49.31755,0.0
2026-08-28 23:00:00,49.3015,49.32,49.2554,49.32,0.0
2026-08-29 00:00:00,49.291,49.504,49.057,49.1992,2.023041061
