date,open,high,low,close,volume
2026-06-08 00:00:00,0.08707625,0.087628,0.0862705,0.08712625,0.0
2026-06-08 01:00:00,0.08717235,0.08717235,0.0853871,0.086356,0.0
2026-06-08 02:00:00,0.08640275,0.08659305,0.08546325,0.08629,0.0
2026-06-08 03:00:00,0.0863605,0.08755275,0.086105,0.086402,0.0
2026-06-08 04:00:00,0.08646,0.08646,0.08511,0.0852154,0.0
2026-06-08 05:00:00,0.0852613,0.085497,0.084825,0.085194,0.0
2026-06-08 06:00:00,0.0852257,0.086755,0.0851835,0.0862722,0.0
2026-06-08 07:00:00,0.0863445,0.087397,0.08601015,0.087329,0.0
2026-06-08 08:00:00,0.0873255,0.0873255,0.08652295,0.0871085,413.366314863
2026-06-08 09:00:00,0.087051,0.08839345,0.0868885,0.08839345,21.001228458
2026-06-08 10:00:00,0.0883385,0.0892738,0.088065,0.0892685,45.376014793
2026-06-08 11:00:00,0.0892495,0.09020685,0.089085,0.0896,66.491858781
2026-06-08 12:00:00,0.0895316,0.090361,0.0885095,0.090097,0.0
2026-06-08 13:00:00,0.090155,0.0923335,0.0898994,0.09217,0.0
2026-06-08 14:00:00,0.09212395,0.092353,0.0906598,0.0906615,0.0
2026-06-08 15:00:00,0.09073645,0.0917605,0.0900407,0.0901955,0.0
2026-06-08 16:00:00,0.09012465,0.0917677,0.089991,0.09116665,0.0
2026-06-08 17:00:00,0.0912375,0.0933245,0.09074385,0.0929977,0.0
2026-06-08 18:00:00,0.0930588,0.0936346,0.092403,0.09315,0.0
2026-06-08 19:00:00,0.0930385,0.09564075,0.092889,0.0952225,0.0
2026-06-08 20:00:00,0.0953135,0.09588325,0.09336885,0.0955815,0.0
2026-06-08 21:00:00,0.0956675,0.09804255,0.0951975,0.09703,0.0
2026-06-08 22:00:00,0.0969935,0.0969935,0.09455365,0.094945,0.0
2026-06-08 23:00:00,0.09487805,0.0959995,0.094626,0.095557,0.0
2026-06-09 00:00:00,0.095611,0.0964649,0.0938965,0.09573,0.0
2026-06-09 01:00:00,0.0956735,0.0977766,0.0946,0.0954965,0.0
2026-06-09 02:00:00,0.0954597,0.0961797,0.0931889,0.093999,0.0
2026-06-09 03:00:00,0.0940755,0.095567,0.0933709,0.0954215,0.0
2026-06-09 04:00:00,0.0954721,0.096892,0.094495,0.0958896,0.0
2026-06-09 05:00:00,0.0958106,0.09686085,0.0949304,0.0951729,0.0
2026-06-09 06:00:00,0.0950663,0.0963815,0.0944644,0.0962225,0.0
2026-06-09 07:00:00,0.09627495,0.09713135,0.09604595,0.09695325,0.0
2026-06-09 08:00:00,0.096875,0.0968815,0.09463905,0.0947023,0.0
2026-06-09 09:00:00,0.0946525,0.0951857,0.0941852,0.0946842,0.0
2026-06-09 10:00:00,0.09476485,0.0949,0.09345475,0.09356605,0.0
2026-06-09 11:00:00,0.0935119,0.093988,0.093018,0.09381735,0.0
2026-06-09 12:00:00,0.0937,0.09429225,0.09295,0.0937161,0.0
2026-06-09 13:00:00,0.093766,0.09409445,0.0925995,0.09352945,0.0
2026-06-09 14:00:00,0.09349485,0.09384285,0.09200435,0.09343745,0.0
2026-06-09 15:00:00,0.0935526,0.0941484,0.09237505,0.093545,0.0
2026-06-09 16:00:00,0.09350775,0.093965,0.0916345,0.09268015,0.0
2026-06-09 17:00:00,0.0927018,0.0939707,0.092215,0.09226665,0.0
2026-06-09 18:00:00,0.0923495,0.0931742,0.0919176,0.092895,0.0
2026-06-09 19:00:00,0.09283755,0.094058,0.09272445,0.09331835,0.0
2026-06-09 20:00:00,0.093375,0.0944114,0.09319,0.0936855,0.0
2026-06-09 21:00:00,0.0937346,0.0937959,0.09319745,0.0935751,0.0
2026-06-09 22:00:00,0.093605,0.0942375,0.09318,0.09318,0.0
2026-06-09 23:00:00,0.0931213,0.0941587,0.0929176,0.09352935,0.0
2026-06-10 00:00:00,0.09356715,0.094085,0.093167,0.094085,0.0
2026-06-10 01:00:00,0.0940425,0.09481155,0.09393975,0.0946925,0.0
2026-06-10 02:00:00,0.094747,0.09480745,0.093903,0.0943515,0.0
2026-06-10 03:00:00,0.0942242,0.09496755,0.0939227,0.094689,0.0
2026-06-10 04:00:00,0.09479915,0.095366,0.0937953,0.0937953,0.0
2026-06-10 05:00:00,0.093721,0.093721,0.092785,0.0928835,0.0
2026-06-10 06:00:00,0.0929165,0.09446045,0.0929165,0.09399855,0.0
2026-06-10 07:00:00,0.09403555,0.094429,0.0933955,0.093655,0.0
2026-06-10 08:00:00,0.09372585,0.09381335,0.09167,0.09167,0.0
2026-06-10 09:00:00,0.0917295,0.0925598,0.0915927,0.0924207,0.0
2026-06-10 10:00:00,0.09235535,0.09277305,0.09203605,0.09260185,0.0
2026-06-10 11:00:00,0.0925355,0.0927915,0.09167075,0.092381,0.0
2026-06-10 12:00:00,0.092275,0.09375905,0.091735,0.09374405,0.0
2026-06-10 13:00:00,0.0936614,0.0947705,0.09335805,0.094625,12.139959161
2026-06-10 14:00:00,0.094593,0.09472475,0.093806,0.09404915,0.0
2026-06-10 15:00:00,0.09399,0.094185,0.09334,0.0936175,0.0
2026-06-10 16:00:00,0.0936713,0.0943709,0.0929915,0.0932748,0.0
2026-06-10 17:00:00,0.0933374,0.093405,0.0918432,0.0922569,0.0
2026-06-10 18:00:00,0.0923292,0.093071,0.0920035,0.093028,0.0
2026-06-10 19:00:00,0.0929375,0.0931995,0.0914365,0.09162785,0.0
2026-06-10 20:00:00,0.091677,0.0918603,0.09103205,0.0911065,0.0
2026-06-10 21:00:00,0.091078,0.0915636,0.08916135,0.08942835,0.0
2026-06-10 22:00:00,0.0893405,0.09067985,0.0887739,0.090135,0.0
2026-06-10 23:00:00,0.09007395,0.0912062,0.08978885,0.090957,0.0
2026-06-11 00:00:00,0.09088675,0.09167325,0.09088675,0.0914245,0.0
2026-06-11 01:00:00,0.091465,0.0925165,0.091311,0.0921504,0.0
2026-06-11 02:00:00,0.092062,0.09222255,0.0911097,0.09199235,0.0
2026-06-11 03:00:00,0.0919292,0.0926415,0.09152515,0.092515,0.0
2026-06-11 04:00:00,0.092425,0.0936336,0.092338,0.09336315,0.0
2026-06-11 05:00:00,0.093293,0.0933525,0.09262495,0.09262495,0.0
2026-06-11 06:00:00,0.09259475,0.09365695,0.092364,0.093133,0.0
2026-06-11 07:00:00,0.093185,0.09394365,0.092805,0.09300455,0.0
2026-06-11 08:00:00,0.09309765,0.0934512,0.0929565,0.093025,0.0
2026-06-11 09:00:00,0.09295865,0.09295865,0.09246645,0.09264825,0.0
2026-06-11 10:00:00,0.09272425,0.09285435,0.09214,0.09232605,0.0
2026-06-11 11:00:00,0.09228235,0.0928261,0.0919083,0.09237055,0.0
2026-06-11 12:00:00,0.0923365,0.0923885,0.090845,0.09133,0.0
2026-06-11 13:00:00,0.09128255,0.0920581,0.0909365,0.0917178,0.0
2026-06-11 14:00:00,0.0917358,0.0920935,0.09140445,0.091542,0.0
2026-06-11 15:00:00,0.0915011,0.091576,0.0908578,0.09138055,0.0
2026-06-11 16:00:00,0.0914364,0.0915315,0.09082,0.09095485,0.0
2026-06-11 17:00:00,0.090894,0.0928707,0.09052165,0.09280275,0.0
2026-06-11 18:00:00,0.09286425,0.09317,0.09225075,0.0926685,0.0
2026-06-11 19:00:00,0.09261675,0.09332455,0.092285,0.092821,0.0
2026-06-11 20:00:00,0.09287615,0.0934998,0.09246115,0.0928475,0.0
2026-06-11 21:00:00,0.09280355,0.09332,0.0922351,0.09231,0.0
2026-06-11 22:00:00,0.092265,0.0928145,0.09198545,0.092604,0.0
2026-06-11 23:00:00,0.0925605,0.0925605,0.0919597,0.0921383,0.0
2026-06-12 00:00:00,0.0920755,0.0924875,0.09151875,0.09151875,0.0
2026-06-12 01:00:00,0.0914615,0.0915314,0.0907855,0.09138,0.0
2026-06-12 02:00:00,0.091303,0.0917411,0.0912958,0.091463,0.0
2026-06-12 03:00:00,0.0915166,0.0919585,0.091235,0.091346,0.0
2026-06-12 04:00:00,0.0913195,0.0918,0.0910756,0.091462,0.0
2026-06-12 05:00:00,0.09142725,0.09158345,0.0906105,0.09113235,0.0
2026-06-12 06:00:00,0.0910805,0.0913181,0.0900545,0.09022685,0.0
2026-06-12 07:00:00,0.0902969,0.0910475,0.0902338,0.0907354,0.0
2026-06-12 08:00:00,0.0907895,0.0913976,0.090735,0.091355,0.0
2026-06-12 09:00:00,0.091305,0.0920889,0.09089465,0.092055,0.0
2026-06-12 10:00:00,0.09214555,0.0926496,0.0919715,0.0919715,0.0
2026-06-12 11:00:00,0.0919305,0.092105,0.091045,0.09110845,0.0
2026-06-12 12:00:00,0.091058,0.09131075,0.090297,0.090409,0.0
2026-06-12 13:00:00,0.0904705,0.0904705,0.08947595,0.0897711,0.0
2026-06-12 14:00:00,0.089828,0.091548,0.08961955,0.0912889,0.0
2026-06-12 15:00:00,0.09132495,0.0918668,0.09052285,0.09058535,0.0
2026-06-12 16:00:00,0.0906191,0.0909295,0.09008255,0.0901,0.0
2026-06-12 17:00:00,0.090036,0.090103,0.0886268,0.088768,0.0
2026-06-12 18:00:00,0.0888328,0.08927785,0.08836,0.088372,0.0
2026-06-12 19:00:00,0.08833245,0.08885055,0.087704,0.0877774,0.0
2026-06-12 20:00:00,0.08773545,0.0880235,0.08744825,0.087551,0.0
2026-06-12 21:00:00,0.0874915,0.0882006,0.0873887,0.0876564,0.0
2026-06-12 22:00:00,0.0877315,0.0877315,0.086816,0.08712,0.0
2026-06-12 23:00:00,0.0870555,0.087743,0.086872,0.087743,0.0
2026-06-13 00:00:00,0.0877889,0.088944,0.0877889,0.08840055,0.0
2026-06-13 01:00:00,0.088444,0.0887789,0.087652,0.08860185,0.0
2026-06-13 02:00:00,0.08854585,0.0888758,0.088141,0.0883753,0.0
2026-06-13 03:00:00,0.08830475,0.088725,0.087707,0.0884703,0.0
2026-06-13 04:00:00,0.08842135,0.08852,0.0878573,0.0878573,0.0
2026-06-13 05:00:00,0.0878188,0.08847545,0.0878188,0.0880372,0.0
2026-06-13 06:00:00,0.0880727,0.088815,0.0879102,0.088815,0.0
2026-06-13 07:00:00,0.088765,0.0890849,0.0874696,0.0890459,0.0
2026-06-13 08:00:00,0.08899725,0.08941,0.08836,0.0886225,0.0
2026-06-13 09:00:00,0.088685,0.08942,0.0884655,0.088795,0.0
2026-06-13 10:00:00,0.08888215,0.0891855,0.088347,0.0883919,0.0
2026-06-13 11:00:00,0.08844925,0.089022,0.0883985,0.0888623,0.0
2026-06-13 12:00:00,0.0888064,0.08956,0.08865315,0.089204,0.0
2026-06-13 13:00:00,0.089267,0.0894085,0.08885,0.08909,0.0
2026-06-13 14:00:00,0.089117,0.0891845,0.088545,0.0890535,0.0
2026-06-13 15:00:00,0.0891119,0.090055,0.0891119,0.089643,64.146182813
2026-06-13 16:00:00,0.0896725,0.089695,0.08878295,0.08923475,67.173858591
2026-06-13 17:00:00,0.08936785,0.0896115,0.08896,0.08904095,0.0
2026-06-13 18:00:00,0.089016,0.0892874,0.0888505,0.08887,0.0
2026-06-13 19:00:00,0.0888395,0.0896,0.08877,0.08920525,0.0
2026-06-13 20:00:00,0.089255,0.0894272,0.088881,0.08917195,0.0
2026-06-13 21:00:00,0.08924445,0.08996,0.088905,0.08992,27.829494887
2026-06-13 22:00:00,0.08989,0.089937,0.0890895,0.089304,0.0
2026-06-13 23:00:00,0.089325,0.089978,0.089087,0.08993995,0.0
2026-06-14 00:00:00,0.089915,0.08996,0.0893112,0.0896195,0.0
2026-06-14 01:00:00,0.0895623,0.08974855,0.08899,0.08912445,0.0
2026-06-14 02:00:00,0.089173,0.0895865,0.088925,0.0891784,0.0
2026-06-14 03:00:00,0.08915075,0.0894604,0.0889561,0.0893138,0.0
2026-06-14 04:00:00,0.08926655,0.08926655,0.088325,0.0883965,0.0
2026-06-14 05:00:00,0.0883506,0.0886353,0.08797645,0.08857805,0.0
2026-06-14 06:00:00,0.088624,0.08908805,0.0881225,0.0881225,0.0
2026-06-14 07:00:00,0.0880476,0.08831,0.087849,0.0881663,0.0
2026-06-14 08:00:00,0.0880935,0.08947235,0.088067,0.0892204,0.0
2026-06-14 09:00:00,0.08916055,0.08983005,0.088909,0.0893605,0.0
2026-06-14 10:00:00,0.089307,0.089307,0.08858615,0.08858615,0.0
2026-06-14 11:00:00,0.08867105,0.088963,0.0884518,0.0887367,0.0
2026-06-14 12:00:00,0.088728,0.0893665,0.0885,0.0889236,0.0
2026-06-14 13:00:00,0.08885945,0.0890995,0.08854775,0.08886855,0.0
2026-06-14 14:00:00,0.08882055,0.08888505,0.0876809,0.0881665,0.0
2026-06-14 15:00:00,0.0882216,0.08833345,0.0876949,0.0879685,0.0
2026-06-14 16:00:00,0.0879267,0.088565,0.0876965,0.087861,0.0
2026-06-14 17:00:00,0.08782595,0.0881892,0.0873445,0.0874637,0.0
2026-06-14 18:00:00,0.08748265,0.087613,0.087085,0.0874465,0.0
2026-06-14 19:00:00,0.0873852,0.0879064,0.08713215,0.0877163,0.0
2026-06-14 20:00:00,0.0877695,0.08879165,0.0875644,0.0885829,0.0
2026-06-14 21:00:00,0.088615,0.09227645,0.0885775,0.091265,317.774414823
2026-06-14 22:00:00,0.091306,0.09228,0.0906015,0.09074275,0.0
2026-06-14 23:00:00,0.0906925,0.0917215,0.090555,0.0916155,0.0
2026-06-15 00:00:00,0.0916803,0.092175,0.09125765,0.09146,57.726784449
2026-06-15 01:00:00,0.0913956,0.091994,0.091371,0.0915145,0.0
2026-06-15 02:00:00,0.0914681,0.09276,0.091382,0.09260905,90.33903845
2026-06-15 03:00:00,0.0925387,0.09263175,0.092046,0.092192,0.0
2026-06-15 04:00:00,0.0921295,0.092811,0.091905,0.09194685,0.0
2026-06-15 05:00:00,0.0919005,0.09354995,0.091865,0.09313155,0.0
2026-06-15 06:00:00,0.09307245,0.09332745,0.092621,0.09292315,0.0
2026-06-15 07:00:00,0.09287545,0.0932005,0.09235435,0.09246435,0.0
2026-06-15 08:00:00,0.09250665,0.0926645,0.09211585,0.09225315,0.0
2026-06-15 09:00:00,0.092284,0.09284055,0.09188,0.09277275,0.0
2026-06-15 10:00:00,0.09271695,0.0936776,0.09246005,0.093557,0.0
2026-06-15 11:00:00,0.0934985,0.09464725,0.09337565,0.094205,0.0
2026-06-15 12:00:00,0.094265,0.09445085,0.09330845,0.0942665,0.0
2026-06-15 13:00:00,0.09418735,0.09539055,0.09385815,0.094385,0.0
2026-06-15 14:00:00,0.09433965,0.0943911,0.0937263,0.09378315,0.0
2026-06-15 15:00:00,0.0938113,0.09444605,0.09304,0.0942638,0.0
2026-06-15 16:00:00,0.09429525,0.09485125,0.0938359,0.0938359,0.0
2026-06-15 17:00:00,0.09379315,0.09403,0.09326,0.0935183,0.0
2026-06-15 18:00:00,0.0934708,0.093692,0.0930654,0.0930654,0.0
2026-06-15 19:00:00,0.09301505,0.0941572,0.0925305,0.09299825,0.0
2026-06-15 20:00:00,0.0930623,0.09361305,0.09288,0.09343165,0.0
2026-06-15 21:00:00,0.0934905,0.093817,0.0931695,0.0937816,0.0
2026-06-15 22:00:00,0.09384635,0.0939029,0.0919415,0.0922079,0.0
2026-06-15 23:00:00,0.0921739,0.09242,0.0914595,0.0918115,0.0
2026-06-16 00:00:00,0.0917104,0.0922625,0.091327,0.0914346,0.0
2026-06-16 01:00:00,0.09148405,0.09160835,0.0909195,0.09099155,246.0
2026-06-16 02:00:00,0.090975,0.09135405,0.0901485,0.09050945,590.0
2026-06-16 03:00:00,0.09056,0.0916415,0.0904603,0.0916415,0.0
2026-06-16 04:00:00,0.0917413,0.091828,0.0906475,0.091057,0.0
2026-06-16 05:00:00,0.09099465,0.0915535,0.0906206,0.09082835,0.0
2026-06-16 06:00:00,0.09098155,0.0915755,0.090835,0.09148085,0.0
2026-06-16 07:00:00,0.0914305,0.0914305,0.09094865,0.09127,0.0
2026-06-16 08:00:00,0.09126385,0.092545,0.09112625,0.0924,27.055212161
2026-06-16 09:00:00,0.092349,0.09237575,0.09137,0.0913784,0.0
2026-06-16 10:00:00,0.0914245,0.0919952,0.091082,0.091802,0.0
2026-06-16 11:00:00,0.0916481,0.09208,0.0912229,0.09154505,0.0
2026-06-16 12:00:00,0.091605,0.0922474,0.09133365,0.091574,0.0
2026-06-16 13:00:00,0.09166,0.091662,0.0902124,0.090365,0.0
2026-06-16 14:00:00,0.09037985,0.09065495,0.0889875,0.08957,352.384598453
2026-06-16 15:00:00,0.08963785,0.09068725,0.08946565,0.0904838,0.0
2026-06-16 16:00:00,0.090526,0.0906625,0.08973,0.089941,1137.198443402
2026-06-16 17:00:00,0.089983,0.091329,0.0899055,0.0910295,0.0
2026-06-16 18:00:00,0.09111955,0.091745,0.09063,0.090975,0.0
2026-06-16 19:00:00,0.09094,0.0913485,0.09044855,0.0908464,0.0
2026-06-16 20:00:00,0.090795,0.091612,0.0907222,0.09123385,0.0
2026-06-16 21:00:00,0.09127,0.091425,0.09089785,0.0910322,0.0
2026-06-16 22:00:00,0.09107095,0.09112305,0.09066585,0.0909011,0.0
2026-06-16 23:00:00,0.0909195,0.0911435,0.090399,0.090399,0.0
2026-06-17 00:00:00,0.090431,0.09122,0.090431,0.0909555,43.801127102
2026-06-17 01:00:00,0.0909735,0.09193185,0.09073045,0.091885,40.211050241
2026-06-17 02:00:00,0.091825,0.0929125,0.0915755,0.0928655,0.0
2026-06-17 03:00:00,0.092895,0.0931463,0.0922693,0.0924085,0.0
2026-06-17 04:00:00,0.09245195,0.09298,0.092015,0.09239875,0.0
2026-06-17 05:00:00,0.0924425,0.09269195,0.09199975,0.09212,0.0
2026-06-17 06:00:00,0.09217,0.092665,0.0915277,0.09160985,0.0
2026-06-17 07:00:00,0.0917375,0.09251435,0.0912335,0.09158755,0.0
2026-06-17 08:00:00,0.09152315,0.09157715,0.0905079,0.091007,0.0
2026-06-17 09:00:00,0.090968,0.0913839,0.09086845,0.0911,0.0
2026-06-17 10:00:00,0.091165,0.0918076,0.0910265,0.09111,0.0
2026-06-17 11:00:00,0.09104655,0.09138275,0.0906495,0.090925,0.0
2026-06-17 12:00:00,0.0908605,0.0919167,0.09064725,0.0919167,0.0
2026-06-17 13:00:00,0.091879,0.09195855,0.0911048,0.091549,0.0
2026-06-17 14:00:00,0.0914784,0.09209125,0.09086245,0.0912667,0.0
2026-06-17 15:00:00,0.0912101,0.0928458,0.090835,0.0927888,0.0
2026-06-17 16:00:00,0.09282475,0.0931355,0.09231,0.09245,0.0
2026-06-17 17:00:00,0.0924855,0.09267575,0.0917274,0.0925391,0.0
2026-06-17 18:00:00,0.0924838,0.0926633,0.09021055,0.092038,0.0
2026-06-17 19:00:00,0.0920879,0.0923998,0.09002365,0.09016,0.0
2026-06-17 20:00:00,0.09016865,0.09200795,0.0901035,0.09196985,0.0
2026-06-17 21:00:00,0.09189555,0.09234,0.0910175,0.09118415,0.0
2026-06-17 22:00:00,0.0912285,0.091785,0.0902751,0.091114,0.0
2026-06-17 23:00:00,0.09104135,0.0922554,0.09104135,0.0921548,0.0
2026-06-18 00:00:00,0.0920793,0.09274,0.09179185,0.09253185,0.0
2026-06-18 01:00:00,0.0924945,0.093235,0.09227595,0.092635,0.0
2026-06-18 02:00:00,0.09268325,0.0927615,0.09192815,0.092655,0.0
2026-06-18 03:00:00,0.0925944,0.0928594,0.091876,0.091885,0.0
2026-06-18 04:00:00,0.09192115,0.091985,0.09091995,0.09120645,0.0
2026-06-18 05:00:00,0.0912345,0.091471,0.0905595,0.0913175,0.0
2026-06-18 06:00:00,0.0912556,0.09164,0.09101,0.0914955,0.0
2026-06-18 07:00:00,0.0914425,0.0924735,0.09127595,0.09217,0.0
2026-06-18 08:00:00,0.09212,0.0927785,0.0918525,0.09225735,0.0
2026-06-18 09:00:00,0.09219,0.09265015,0.09212465,0.092355,0.0
2026-06-18 10:00:00,0.0922803,0.0922803,0.0915647,0.0919036,0.0
2026-06-18 11:00:00,0.091874,0.091874,0.090737,0.09090115,0.0
2026-06-18 12:00:00,0.09094215,0.0917065,0.090843,0.091415,0.0
2026-06-18 13:00:00,0.0914655,0.0918915,0.090321,0.090794,0.0
2026-06-18 14:00:00,0.090835,0.091625,0.09058295,0.0910476,0.0
2026-06-18 15:00:00,0.091012,0.091012,0.0876461,0.087875,317.0
2026-06-18 16:00:00,0.087845,0.0890975,0.08782,0.0889214,0.0
2026-06-18 17:00:00,0.08897,0.08897,0.088035,0.08861965,0.0
2026-06-18 18:00:00,0.088578,0.0896335,0.08850225,0.0892595,0.0
2026-06-18 19:00:00,0.08922,0.09031205,0.0891931,0.0902075,0.0
2026-06-18 20:00:00,0.0902873,0.090854,0.0902873,0.0907505,0.0
2026-06-18 21:00:00,0.0907,0.0907525,0.08986355,0.09015225,0.0
2026-06-18 22:00:00,0.0902846,0.0903435,0.089755,0.0902955,0.0
2026-06-18 23:00:00,0.0902435,0.090945,0.089909,0.0907385,0.0
2026-06-19 00:00:00,0.090685,0.09099975,0.09041865,0.0908202,0.0
2026-06-19 01:00:00,0.090763,0.09129,0.09054,0.0911065,0.0
2026-06-19 02:00:00,0.0912485,0.0919885,0.09089995,0.0919885,0.0
2026-06-19 03:00:00,0.0920578,0.0920578,0.0902854,0.0905197,0.0
2026-06-19 04:00:00,0.09044265,0.09046195,0.08898805,0.0894455,0.0
2026-06-19 05:00:00,0.0895485,0.0901145,0.0894695,0.089734,0.0
2026-06-19 06:00:00,0.089785,0.089955,0.0893451,0.08966015,0.0
2026-06-19 07:00:00,0.089633,0.089633,0.0884725,0.08876505,0.0
2026-06-19 08:00:00,0.08882785,0.08918435,0.0885985,0.08868815,0.0
2026-06-19 09:00:00,0.088731,0.0887526,0.0878485,0.0878485,0.0
2026-06-19 10:00:00,0.0878035,0.0878988,0.087115,0.087698,34.0
2026-06-19 11:00:00,0.087656,0.0881309,0.0873666,0.0877898,0.0
2026-06-19 12:00:00,0.087848,0.08864185,0.08738015,0.08864185,0.0
2026-06-19 13:00:00,0.0887025,0.0892995,0.0881101,0.088955,0.0
2026-06-19 14:00:00,0.08891,0.08917875,0.088415,0.08842865,0.0
2026-06-19 15:00:00,0.08836,0.08900845,0.0882285,0.0889571,0.0
2026-06-19 16:00:00,0.089011,0.08931135,0.08841255,0.08842255,0.0
2026-06-19 17:00:00,0.08849525,0.0887885,0.0883135,0.0884681,0.0
2026-06-19 18:00:00,0.0884571,0.0884571,0.087745,0.088,0.0
2026-06-19 19:00:00,0.0879355,0.088185,0.08746,0.0877215,0.0
2026-06-19 20:00:00,0.08778935,0.0882306,0.08747645,0.0881545,0.0
2026-06-19 21:00:00,0.088134,0.08814795,0.08754305,0.0875461,47.702973394
2026-06-19 22:00:00,0.0875785,0.0880855,0.08728,0.0877555,49.23389558
2026-06-19 23:00:00,0.087815,0.08825645,0.08772995,0.0881469,0.0
2026-06-20 00:00:00,0.0882076,0.088914,0.08798165,0.0882145,0.0
2026-06-20 01:00:00,0.0881555,0.08842745,0.0876815,0.088328,0.0
2026-06-20 02:00:00,0.0883714,0.088515,0.08792325,0.088132,73.646948818
2026-06-20 03:00:00,0.08820385,0.088975,0.0881249,0.088975,0.0
2026-06-20 04:00:00,0.08892205,0.0894765,0.0885541,0.08888,0.0
2026-06-20 05:00:00,0.08923515,0.0902795,0.088988,0.089133,64.194196819
2026-06-20 06:00:00,0.0891821,0.0896197,0.08901645,0.0896197,0.0
2026-06-20 07:00:00,0.089692,0.089692,0.0886475,0.0886475,0.0
2026-06-20 08:00:00,0.0886925,0.089315,0.08846455,0.08923605,0.0
2026-06-20 09:00:00,0.089277,0.089851,0.08915055,0.08936,0.0
2026-06-20 10:00:00,0.08929025,0.0896915,0.0888707,0.0890582,0.0
2026-06-20 11:00:00,0.0891125,0.089235,0.088716,0.088957,0.0
2026-06-20 12:00:00,0.0889338,0.08907825,0.0880935,0.088197,79.925043311
2026-06-20 13:00:00,0.088254,0.0882911,0.0875775,0.08777095,0.0
2026-06-20 14:00:00,0.0877381,0.0885161,0.08685535,0.0879356,17.0
2026-06-20 15:00:00,0.0879659,0.0887035,0.0877977,0.08843395,0.0
2026-06-20 16:00:00,0.088482,0.08854,0.087495,0.0879735,0.0
2026-06-20 17:00:00,0.0879095,0.0883582,0.08767015,0.0880405,0.0
2026-06-20 18:00:00,0.0881341,0.08852065,0.08788645,0.0879356,0.0
2026-06-20 19:00:00,0.087963,0.08843025,0.087795,0.0882299,0.0
2026-06-20 20:00:00,0.08829,0.08848325,0.088244,0.08838785,0.0
2026-06-20 21:00:00,0.088414,0.0894,0.088414,0.0894,0.0
2026-06-20 22:00:00,0.08948115,0.0900368,0.089367,0.089367,0.0
2026-06-20 23:00:00,0.0894325,0.0898375,0.089257,0.0896148,0.0
2026-06-21 00:00:00,0.08957,0.0895886,0.08894,0.0893535,0.0
2026-06-21 01:00:00,0.0892995,0.0898105,0.0890048,0.08923725,0.0
2026-06-21 02:00:00,0.0892,0.08950965,0.0889285,0.089202,0.0
2026-06-21 03:00:00,0.0892497,0.08952685,0.0891255,0.0892494,0.0
2026-06-21 04:00:00,0.0893768,0.089995,0.0893068,0.089311,0.0
2026-06-21 05:00:00,0.0894615,0.08949265,0.0888978,0.08913745,0.0
2026-06-21 06:00:00,0.0890674,0.0895345,0.08895995,0.08946,0.0
2026-06-21 07:00:00,0.0894266,0.0898568,0.0894266,0.0894475,0.0
2026-06-21 08:00:00,0.08947885,0.0900503,0.089215,0.0900503,0.0
2026-06-21 09:00:00,0.09007725,0.09025,0.08986475,0.09015665,0.0
2026-06-21 10:00:00,0.09010925,0.09055585,0.09010925,0.09030225,21.245865286
2026-06-21 11:00:00,0.090339,0.09036,0.08974,0.08981,0.0
2026-06-21 12:00:00,0.08987,0.09004,0.0895235,0.09004,0.0
2026-06-21 13:00:00,0.0899757,0.0900405,0.08967595,0.08994,0.0
2026-06-21 14:00:00,0.08998855,0.0901377,0.0897753,0.090055,0.0
2026-06-21 15:00:00,0.0901331,0.09027795,0.0895675,0.08960095,0.0
2026-06-21 16:00:00,0.0895587,0.08964425,0.0891785,0.08946,16.0
2026-06-21 17:00:00,0.0894114,0.08973805,0.089235,0.0893355,0.0
2026-06-21 18:00:00,0.0893042,0.089915,0.089125,0.0898675,0.0
2026-06-21 19:00:00,0.08997005,0.0902,0.0897388,0.0898375,0.0
2026-06-21 20:00:00,0.08977825,0.08977825,0.08865765,0.08865765,28.0
2026-06-21 21:00:00,0.0887085,0.08882275,0.0875115,0.088314,0.0
2026-06-21 22:00:00,0.0882565,0.08867005,0.08793215,0.08844515,0.0
2026-06-21 23:00:00,0.0884275,0.0884275,0.087488,0.087685,18.485692867
2026-06-22 00:00:00,0.0876364,0.090075,0.0876364,0.0899374,0.0
2026-06-22 01:00:00,0.0899,0.09052,0.0892853,0.089958,0.0
2026-06-22 02:00:00,0.08989065,0.0900495,0.0895668,0.08968335,0.0
2026-06-22 03:00:00,0.089655,0.08991185,0.08915315,0.08921535,0.0
2026-06-22 04:00:00,0.0891709,0.0899595,0.0891,0.0897654,0.0
2026-06-22 05:00:00,0.089864,0.090411,0.08976755,0.0900455,0.0
2026-06-22 06:00:00,0.0901173,0.0905285,0.0901173,0.0903937,0.0
2026-06-22 07:00:00,0.09036965,0.09308915,0.090332,0.09308915,25.486103288
2026-06-22 08:00:00,0.09312875,0.09312875,0.09182,0.0921012,0.0
2026-06-22 09:00:00,0.092137,0.0928875,0.091744,0.092087,0.0
2026-06-22 10:00:00,0.09194075,0.09278655,0.0916445,0.09205645,0.0
2026-06-22 11:00:00,0.09213205,0.092737,0.091765,0.092687,0.0
2026-06-22 12:00:00,0.09273,0.092935,0.092235,0.092822,0.0
2026-06-22 13:00:00,0.09274965,0.0934165,0.0922345,0.09321465,0.0
2026-06-22 14:00:00,0.09314695,0.0931675,0.09236205,0.09290235,0.0
2026-06-22 15:00:00,0.0929397,0.0932058,0.09234925,0.092605,74.003976163
2026-06-22 16:00:00,0.0926095,0.092795,0.0920465,0.09232575,0.0
2026-06-22 17:00:00,0.09227075,0.0923244,0.0911224,0.091201,0.0
2026-06-22 18:00:00,0.0911367,0.09149265,0.09095245,0.0909798,0.0
2026-06-22 19:00:00,0.0909067,0.0909404,0.0902495,0.0904675,0.0
2026-06-22 20:00:00,0.0904405,0.09086435,0.0902923,0.09041235,0.0
2026-06-22 21:00:00,0.090449,0.090535,0.0898348,0.09009,0.0
2026-06-22 22:00:00,0.0901691,0.0903665,0.08904995,0.08963,0.0
2026-06-22 23:00:00,0.08955,0.08965405,0.0891135,0.0894747,0.0
2026-06-23 00:00:00,0.0895331,0.08955,0.08855,0.08955,0.0
2026-06-23 01:00:00,0.08957695,0.0897395,0.088835,0.0893723,0.0
2026-06-23 02:00:00,0.0894166,0.08968355,0.08893,0.08959,0.0
2026-06-23 03:00:00,0.08954145,0.08987545,0.089065,0.08987545,0.0
2026-06-23 04:00:00,0.08990885,0.090056,0.0892725,0.0893578,0.0
2026-06-23 05:00:00,0.0894,0.0897037,0.0889204,0.0891243,0.0
2026-06-23 06:00:00,0.0890865,0.089092,0.086595,0.0879736,0.0
2026-06-23 07:00:00,0.0878565,0.0885984,0.08778495,0.08778495,0.0
2026-06-23 08:00:00,0.08781995,0.08811225,0.0850685,0.08636215,0.0
2026-06-23 09:00:00,0.0864065,0.0869485,0.086329,0.086329,0.0
2026-06-23 10:00:00,0.086375,0.086685,0.0859439,0.08611125,0.0
2026-06-23 11:00:00,0.0860532,0.08793705,0.0859714,0.0874455,0.0
2026-06-23 12:00:00,0.087407,0.0879452,0.08690695,0.08704,0.0
2026-06-23 13:00:00,0.0870865,0.0886301,0.0868655,0.08843215,0.0
2026-06-23 14:00:00,0.0884931,0.0893485,0.0883715,0.0888637,0.0
2026-06-23 15:00:00,0.0888255,0.09009395,0.088625,0.08978085,0.0
2026-06-23 16:00:00,0.08983,0.090295,0.08882945,0.088944,0.0
2026-06-23 17:00:00,0.0888673,0.090021,0.0887201,0.089093,0.0
2026-06-23 18:00:00,0.089155,0.08974045,0.08896,0.08950125,0.0
2026-06-23 19:00:00,0.089435,0.089853,0.08916315,0.0892002,0.0
2026-06-23 20:00:00,0.0892349,0.0898181,0.0892349,0.0896243,0.0
2026-06-23 21:00:00,0.08969375,0.089747,0.08934615,0.08967,0.0
2026-06-23 22:00:00,0.0897345,0.09002425,0.0893875,0.0894159,0.0
2026-06-23 23:00:00,0.089369,0.0897175,0.0891605,0.089638,0.0
2026-06-24 00:00:00,0.089606,0.09046295,0.08954,0.0901315,0.0
2026-06-24 01:00:00,0.0900964,0.090122,0.0892399,0.08952,0.0
2026-06-24 02:00:00,0.08947025,0.08956245,0.08917025,0.0891912,0.0
2026-06-24 03:00:00,0.08912005,0.08912005,0.08852735,0.08852735,0.0
2026-06-24 04:00:00,0.0884677,0.08870225,0.08785195,0.0886852,0.0
2026-06-24 05:00:00,0.08858,0.08909,0.0885073,0.0889707,0.0
2026-06-24 06:00:00,0.0889335,0.089007,0.08857,0.088835,0.0
2026-06-24 07:00:00,0.08876455,0.08876455,0.0879205,0.08812145,0.0
2026-06-24 08:00:00,0.088147,0.08839895,0.08782105,0.0879863,0.0
2026-06-24 09:00:00,0.0879215,0.0883625,0.0879215,0.0883625,0.0
2026-06-24 10:00:00,0.08832005,0.0883395,0.0874941,0.0875505,0.0
2026-06-24 11:00:00,0.087603,0.0885975,0.0871915,0.088225,0.0
2026-06-24 12:00:00,0.08816,0.08842255,0.08763975,0.087698,0.0
2026-06-24 13:00:00,0.087661,0.087661,0.0857405,0.0859765,0.0
2026-06-24 14:00:00,0.08595025,0.086501,0.0857676,0.086115,0.0
2026-06-24 15:00:00,0.0861371,0.0861555,0.084455,0.0845835,0.0
2026-06-24 16:00:00,0.08465,0.085696,0.08237,0.0830469,0.0
2026-06-24 17:00:00,0.083098,0.0834863,0.08187,0.0824165,0.0
2026-06-24 18:00:00,0.0824785,0.08469865,0.08213805,0.0841875,0.0
2026-06-24 19:00:00,0.08424,0.0852768,0.0837685,0.0852768,0.0
2026-06-24 20:00:00,0.0851805,0.086805,0.08507745,0.08658925,0.0
2026-06-24 21:00:00,0.08661085,0.08661085,0.086125,0.0863815,0.0
2026-06-24 22:00:00,0.0864469,0.0868245,0.0859345,0.085945,0.0
2026-06-24 23:00:00,0.0859685,0.086637,0.08570935,0.086637,0.0
2026-06-25 00:00:00,0.08668715,0.0871205,0.085718,0.08582665,0.0
2026-06-25 01:00:00,0.085915,0.0864165,0.085915,0.08636965,0.0
2026-06-25 02:00:00,0.0864197,0.0864197,0.08539075,0.08541485,0.0
2026-06-25 03:00:00,0.085489,0.0858661,0.08533005,0.0855774,0.0
2026-06-25 04:00:00,0.0855445,0.085948,0.0850865,0.085948,0.0
2026-06-25 05:00:00,0.0858885,0.086955,0.0858755,0.0864152,0.0
2026-06-25 06:00:00,0.08646135,0.0866916,0.08621065,0.0863987,0.0
2026-06-25 07:00:00,0.086325,0.086325,0.0855993,0.0857371,0.0
2026-06-25 08:00:00,0.08567195,0.085833,0.085192,0.085213,0.0
2026-06-25 09:00:00,0.085254,0.0854435,0.08513,0.0853615,0.0
2026-06-25 10:00:00,0.0852805,0.085379,0.0849763,0.085379,0.0
2026-06-25 11:00:00,0.085338,0.085339,0.08498,0.0851815,0.0
2026-06-25 12:00:00,0.08522865,0.08568,0.0845299,0.08526,0.0
2026-06-25 13:00:00,0.0852894,0.085635,0.07926215,0.07967,0.0
2026-06-25 14:00:00,0.079717,0.0831925,0.079717,0.082041,0.0
2026-06-25 15:00:00,0.0820851,0.0825507,0.0811102,0.0823935,0.0
2026-06-25 16:00:00,0.08244145,0.0833205,0.08226835,0.082418,0.0
2026-06-25 17:00:00,0.082493,0.083804,0.0823904,0.0837144,0.0
2026-06-25 18:00:00,0.0836505,0.0839076,0.08278285,0.0829386,0.0
2026-06-25 19:00:00,0.08298445,0.08298445,0.08244295,0.082765,60.309993365
2026-06-25 20:00:00,0.082823,0.0836955,0.082823,0.0831345,0.0
2026-06-25 21:00:00,0.0831647,0.084369,0.0831647,0.084369,0.0
2026-06-25 22:00:00,0.08433,0.0844773,0.0837417,0.08384745,0.0
2026-06-25 23:00:00,0.08386965,0.08402625,0.0836314,0.0838931,0.0
2026-06-26 00:00:00,0.08392385,0.0843974,0.08369395,0.08373645,0.0
2026-06-26 01:00:00,0.0836644,0.08385485,0.0830054,0.08338,0.0
2026-06-26 02:00:00,0.0834145,0.0834725,0.081127,0.0816136,0.0
2026-06-26 03:00:00,0.0816695,0.084221,0.081207,0.0840385,0.0
2026-06-26 04:00:00,0.084023,0.0840635,0.083425,0.0836396,0.0
2026-06-26 05:00:00,0.0836738,0.0854975,0.0835722,0.084902,0.0
2026-06-26 06:00:00,0.0848623,0.08597,0.0846154,0.085915,0.0
2026-06-26 07:00:00,0.08596,0.0863975,0.085875,0.0860255,0.0
2026-06-26 08:00:00,0.08610115,0.08610115,0.085065,0.08563495,0.0
2026-06-26 09:00:00,0.0855915,0.08608495,0.085172,0.0853245,0.0
2026-06-26 10:00:00,0.0852902,0.085358,0.084413,0.08451,0.0
2026-06-26 11:00:00,0.08445685,0.0848078,0.0842305,0.084525,0.0
2026-06-26 12:00:00,0.0846055,0.08589235,0.08405355,0.08405355,0.0
2026-06-26 13:00:00,0.08406625,0.086461,0.08375,0.0864055,0.0
2026-06-26 14:00:00,0.086306,0.086745,0.085714,0.0860395,0.0
2026-06-26 15:00:00,0.08595725,0.087545,0.0859255,0.087545,0.0
2026-06-26 16:00:00,0.08761755,0.0884874,0.087309,0.0876588,0.0
2026-06-26 17:00:00,0.0875944,0.08818625,0.0874097,0.0874331,0.0
2026-06-26 18:00:00,0.08740215,0.0876857,0.08699,0.087065,0.0
2026-06-26 19:00:00,0.08704,0.088095,0.08701895,0.087027,0.0
2026-06-26 20:00:00,0.087011,0.0875707,0.085198,0.0852815,83.442612588
2026-06-26 21:00:00,0.0853409,0.08546355,0.085005,0.08513075,0.0
2026-06-26 22:00:00,0.085065,0.085074,0.08442,0.084826,0.0
2026-06-26 23:00:00,0.0848545,0.08489995,0.0842057,0.084606,0.0
2026-06-27 00:00:00,0.0846585,0.085493,0.084643,0.0849835,0.0
2026-06-27 01:00:00,0.08496685,0.08496685,0.0842837,0.08447025,0.0
2026-06-27 02:00:00,0.0844185,0.08502595,0.08437355,0.0848135,0.0
2026-06-27 03:00:00,0.08475255,0.0856175,0.08433,0.0851825,0.0
2026-06-27 04:00:00,0.0851315,0.08557845,0.08476155,0.0848207,0.0
2026-06-27 05:00:00,0.084875,0.0856576,0.0846749,0.08553735,0.0
2026-06-27 06:00:00,0.0854836,0.0858405,0.08516405,0.0853914,0.0
2026-06-27 07:00:00,0.085325,0.085325,0.08464745,0.0848315,0.0
2026-06-27 08:00:00,0.08477565,0.08549285,0.0846513,0.08528795,0.0
2026-06-27 09:00:00,0.0852165,0.085355,0.084544,0.0850015,0.0
2026-06-27 10:00:00,0.08503945,0.08522715,0.08480875,0.0850855,0.0
2026-06-27 11:00:00,0.0850535,0.0850535,0.0844705,0.084987,0.0
2026-06-27 12:00:00,0.08493365,0.085285,0.08478345,0.0848469,0.0
2026-06-27 13:00:00,0.0848145,0.0852102,0.08476,0.08519195,0.0
2026-06-27 14:00:00,0.085215,0.08558475,0.0850934,0.085183,0.0
2026-06-27 15:00:00,0.0852496,0.0857864,0.08516,0.0857864,0.0
2026-06-27 16:00:00,0.0857185,0.086104,0.085636,0.0857227,0.0
2026-06-27 17:00:00,0.0856368,0.0856368,0.08430145,0.08430145,0.0
2026-06-27 18:00:00,0.084226,0.0846011,0.08418555,0.084352,0.0
2026-06-27 19:00:00,0.08438,0.08477,0.083302,0.0838005,0.0
2026-06-27 20:00:00,0.0838505,0.0844695,0.0838505,0.0840412,0.0
2026-06-27 21:00:00,0.0840865,0.084265,0.083484,0.0836061,0.0
2026-06-27 22:00:00,0.0835467,0.0844075,0.0833,0.08419205,0.0
2026-06-27 23:00:00,0.084255,0.0843625,0.0835845,0.0839325,0.0
2026-06-28 00:00:00,0.08397105,0.084555,0.08385725,0.08425975,0.0
2026-06-28 01:00:00,0.0842005,0.084996,0.08410675,0.084996,0.0
2026-06-28 02:00:00,0.0850465,0.08506405,0.0844055,0.0844089,0.0
2026-06-28 03:00:00,0.08448185,0.0849575,0.0844315,0.0849575,0.0
2026-06-28 04:00:00,0.084895,0.08491585,0.0845905,0.0848136,0.0
2026-06-28 05:00:00,0.084762,0.08480215,0.0840225,0.08459,0.0
2026-06-28 06:00:00,0.0845545,0.08458965,0.0839482,0.0844445,0.0
2026-06-28 07:00:00,0.0845145,0.0847456,0.084235,0.0845845,0.0
2026-06-28 08:00:00,0.08454995,0.0851897,0.084465,0.0850002,0.0
2026-06-28 09:00:00,0.0848996,0.085122,0.08462095,0.08462095,0.0
2026-06-28 10:00:00,0.08458095,0.0847835,0.084114,0.0843116,0.0
2026-06-28 11:00:00,0.0843424,0.084605,0.08415815,0.084522,0.0
2026-06-28 12:00:00,0.08445545,0.08464215,0.0839288,0.0839635,0.0
2026-06-28 13:00:00,0.083878,0.0839732,0.083347,0.0835331,0.0
2026-06-28 14:00:00,0.083575,0.08432735,0.0835616,0.08413695,0.0
2026-06-28 15:00:00,0.0840639,0.0846177,0.0838794,0.08418675,0.0
2026-06-28 16:00:00,0.0842293,0.0842293,0.0834695,0.08383335,13.5903742
2026-06-28 17:00:00,0.08377,0.084085,0.0831805,0.083455,0.0
2026-06-28 18:00:00,0.083415,0.08349545,0.083016,0.08326705,0.0
2026-06-28 19:00:00,0.083215,0.08324825,0.0824755,0.08274375,0.0
2026-06-28 20:00:00,0.0826855,0.083195,0.0825795,0.08289205,0.0
2026-06-28 21:00:00,0.0828375,0.0828375,0.08207,0.08250175,0.0
2026-06-28 22:00:00,0.0825299,0.08344065,0.0816505,0.08194655,0.0
2026-06-28 23:00:00,0.0819206,0.08301205,0.081795,0.08284165,0.0
2026-06-29 00:00:00,0.0827986,0.08302625,0.0820629,0.08297065,0.0
2026-06-29 01:00:00,0.082914,0.0829811,0.08214655,0.0828444,0.0
2026-06-29 02:00:00,0.082794,0.0832935,0.0818843,0.0831178,0.0
2026-06-29 03:00:00,0.0831665,0.08405005,0.0830915,0.0835565,0.0
2026-06-29 04:00:00,0.083498,0.08355885,0.0828644,0.08304125,0.0
2026-06-29 05:00:00,0.0830918,0.08358,0.0824753,0.08358,0.0
2026-06-29 06:00:00,0.08363105,0.083901,0.0834497,0.0837185,0.0
2026-06-29 07:00:00,0.0836915,0.083731,0.083357,0.083363,13.281563156
2026-06-29 08:00:00,0.0833115,0.0835385,0.08281135,0.08281135,0.0
2026-06-29 09:00:00,0.0828745,0.0832462,0.08279665,0.0831614,0.0
2026-06-29 10:00:00,0.08322275,0.0833505,0.08281365,0.0829687,0.0
2026-06-29 11:00:00,0.0829349,0.0829397,0.0824343,0.0826505,0.0
2026-06-29 12:00:00,0.0827145,0.0841565,0.082272,0.083402,0.0
2026-06-29 13:00:00,0.0834747,0.083925,0.08270965,0.08308075,0.0
2026-06-29 14:00:00,0.0831135,0.0831135,0.0816235,0.0820997,0.0
2026-06-29 15:00:00,0.0821355,0.082841,0.081417,0.08255655,0.0
2026-06-29 16:00:00,0.0824971,0.0826495,0.08168,0.08183665,0.0
2026-06-29 17:00:00,0.081803,0.083394,0.08173695,0.0827657,0.0
2026-06-29 18:00:00,0.0826505,0.0829,0.0824065,0.0825455,0.0
2026-06-29 19:00:00,0.082615,0.08334825,0.0825846,0.08309855,0.0
2026-06-29 20:00:00,0.08316985,0.0833783,0.082764,0.08282325,0.0
2026-06-29 21:00:00,0.0828673,0.0829387,0.0825764,0.08277545,0.0
2026-06-29 22:00:00,0.082816,0.0828645,0.08209605,0.082201,0.0
2026-06-29 23:00:00,0.082248,0.0824195,0.0820855,0.0821124,0.0
2026-06-30 00:00:00,0.08206745,0.0821845,0.08134755,0.08145885,0.0
2026-06-30 01:00:00,0.08138995,0.08171915,0.0809835,0.08159305,0.0
2026-06-30 02:00:00,0.0815097,0.08230265,0.08127,0.081915,0.0
2026-06-30 03:00:00,0.0819551,0.0821038,0.081609,0.08175525,0.0
2026-06-30 04:00:00,0.0816905,0.0819595,0.0813279,0.0819595,0.0
2026-06-30 05:00:00,0.08193,0.0819435,0.081195,0.08155315,0.0
2026-06-30 06:00:00,0.081475,0.08188455,0.08140605,0.0817453,0.0
2026-06-30 07:00:00,0.081698,0.081717,0.0813985,0.08140535,0.0
2026-06-30 08:00:00,0.081381,0.08148875,0.081019,0.08108,0.0
2026-06-30 09:00:00,0.08099075,0.08131605,0.08082,0.08131605,0.0
2026-06-30 10:00:00,0.0812469,0.0814935,0.0811045,0.08117,0.0
2026-06-30 11:00:00,0.08115,0.08154415,0.08042545,0.0806095,0.0
2026-06-30 12:00:00,0.08057555,0.08057555,0.07944,0.07944,0.0
2026-06-30 13:00:00,0.0795128,0.081085,0.079404,0.08065455,0.0
2026-06-30 14:00:00,0.080592,0.081405,0.080592,0.080794,0.0
2026-06-30 15:00:00,0.080747,0.08086095,0.07933295,0.07933295,0.0
2026-06-30 16:00:00,0.07938,0.07963165,0.0781244,0.0786483,0.0
2026-06-30 17:00:00,0.0787205,0.0787808,0.07822375,0.0783425,0.0
2026-06-30 18:00:00,0.078285,0.0786655,0.078074,0.0786655,0.0
2026-06-30 19:00:00,0.07863,0.0788915,0.07840705,0.07854535,0.0
2026-06-30 20:00:00,0.0784724,0.0789244,0.0756511,0.0763333,0.0
2026-06-30 21:00:00,0.07627375,0.0770875,0.0761415,0.0770435,0.0
2026-06-30 22:00:00,0.077134,0.0776507,0.0768725,0.0774176,0.0
2026-06-30 23:00:00,0.077368,0.07795255,0.07722545,0.077925,0.0
2026-07-01 00:00:00,0.07798025,0.0783195,0.07764125,0.07812,0.0
2026-07-01 01:00:00,0.0781867,0.078865,0.076889,0.078865,0.0
2026-07-01 02:00:00,0.07895545,0.0796106,0.07863025,0.0792382,0.0
2026-07-01 03:00:00,0.07916345,0.07933065,0.0783975,0.0792425,0.0
2026-07-01 04:00:00,0.07929605,0.079913,0.07913985,0.0797086,0.0
2026-07-01 05:00:00,0.0796415,0.0796415,0.07894595,0.0789537,15.51189245
2026-07-01 06:00:00,0.0788675,0.0788675,0.077921,0.07827,0.0
2026-07-01 07:00:00,0.07819,0.0783635,0.0778705,0.0782788,0.0
2026-07-01 08:00:00,0.0782349,0.07826585,0.077545,0.07784655,0.0
2026-07-01 09:00:00,0.0778005,0.077964,0.0773415,0.0776585,0.0
2026-07-01 10:00:00,0.07760885,0.0778405,0.077183,0.07747375,0.0
2026-07-01 11:00:00,0.077591,0.07771565,0.0769859,0.07702,0.0
2026-07-01 12:00:00,0.077045,0.077351,0.07682455,0.077351,0.0
2026-07-01 13:00:00,0.07737415,0.078475,0.0768871,0.07828785,116.89474847
2026-07-01 14:00:00,0.078244,0.0793025,0.07815,0.07868125,0.0
2026-07-01 15:00:00,0.078739,0.0803445,0.0786825,0.0800025,0.0
2026-07-01 16:00:00,0.07995,0.0800338,0.07897125,0.0794082,0.0
2026-07-01 17:00:00,0.079385,0.07978,0.07900075,0.079688,0.0
2026-07-01 18:00:00,0.07961995,0.0797481,0.078924,0.0789605,0.0
2026-07-01 19:00:00,0.0790334,0.07941475,0.0788932,0.0789715,0.0
2026-07-01 20:00:00,0.07901295,0.079405,0.078865,0.079405,0.0
2026-07-01 21:00:00,0.07943805,0.080886,0.07923115,0.0807001,0.0
2026-07-01 22:00:00,0.0806795,0.08098845,0.08001,0.08019,0.0
2026-07-01 23:00:00,0.0801559,0.080191,0.0789893,0.07909065,0.0
2026-07-02 00:00:00,0.0791253,0.0792498,0.0788636,0.0791558,0.0
2026-07-02 01:00:00,0.0792355,0.0803305,0.079203,0.0801935,0.0
2026-07-02 02:00:00,0.0801526,0.0802,0.07969585,0.0800882,0.0
2026-07-02 03:00:00,0.08016125,0.08065,0.07986685,0.08065,0.0
2026-07-02 04:00:00,0.080592,0.080592,0.0800547,0.0803128,14.846235418
2026-07-02 05:00:00,0.0802475,0.08026,0.07962,0.0796585,0.0
2026-07-02 06:00:00,0.0796105,0.0796105,0.077525,0.078375,0.0
2026-07-02 07:00:00,0.07831735,0.07892,0.0782565,0.07875195,0.0
2026-07-02 08:00:00,0.07879415,0.0794675,0.0787016,0.0790971,0.0
2026-07-02 09:00:00,0.0790333,0.0807077,0.0789391,0.080526,0.0
2026-07-02 10:00:00,0.08047915,0.0806974,0.0800594,0.080167,0.0
2026-07-02 11:00:00,0.080119,0.08064765,0.0798851,0.08064315,0.0
2026-07-02 12:00:00,0.080615,0.0810032,0.0803635,0.08076,0.0
2026-07-02 13:00:00,0.08077665,0.08195665,0.080625,0.0816175,0.0
2026-07-02 14:00:00,0.0815785,0.0817435,0.08052745,0.0807763,0.0
2026-07-02 15:00:00,0.0807205,0.081565,0.0805599,0.0814138,0.0
2026-07-02 16:00:00,0.0814675,0.08186675,0.08091,0.0810557,0.0
2026-07-02 17:00:00,0.081022,0.08119385,0.080228,0.080228,0.0
2026-07-02 18:00:00,0.08033215,0.08055835,0.08011,0.08011,0.0
2026-07-02 19:00:00,0.0801535,0.0802121,0.07937555,0.079514,0.0
2026-07-02 20:00:00,0.07957,0.0798677,0.07943825,0.0795895,0.0
2026-07-02 21:00:00,0.0795778,0.080053,0.0795015,0.080053,0.0
2026-07-02 22:00:00,0.080082,0.0805465,0.07987285,0.0804411,0.0
2026-07-02 23:00:00,0.08041035,0.0808687,0.080205,0.08065,0.0
2026-07-03 00:00:00,0.08071335,0.0811598,0.0804875,0.080859,0.0
2026-07-03 01:00:00,0.0807851,0.0818501,0.0807643,0.08129395,0.0
2026-07-03 02:00:00,0.0813335,0.08137,0.0807423,0.0811145,0.0
2026-07-03 03:00:00,0.0810675,0.0813462,0.080853,0.0809885,0.0
2026-07-03 04:00:00,0.081005,0.081005,0.0805924,0.08078,0.0
2026-07-03 05:00:00,0.08081905,0.0814485,0.0807667,0.08122,0.0
2026-07-03 06:00:00,0.0813294,0.082141,0.0812659,0.08167215,0.0
2026-07-03 07:00:00,0.0816015,0.0819205,0.08156,0.08175545,0.0
2026-07-03 08:00:00,0.0818125,0.08282465,0.0816375,0.0823363,0.0
2026-07-03 09:00:00,0.08238575,0.0826182,0.08203435,0.08248885,0.0
2026-07-03 10:00:00,0.0824331,0.08389,0.0824331,0.0833208,0.0
2026-07-03 11:00:00,0.0832751,0.083753,0.08322,0.083753,0.0
2026-07-03 12:00:00,0.0838247,0.08434,0.08373,0.0838199,0.0
2026-07-03 13:00:00,0.0838667,0.08420575,0.083669,0.084064,0.0
2026-07-03 14:00:00,0.084019,0.084115,0.083155,0.084115,0.0
2026-07-03 15:00:00,0.08418315,0.0843463,0.083709,0.0841599,0.0
2026-07-03 16:00:00,0.084101,0.084101,0.08355815,0.083703,0.0
2026-07-03 17:00:00,0.08365375,0.08426915,0.083555,0.0841651,0.0
2026-07-03 18:00:00,0.0842005,0.0842236,0.0837943,0.083923,0.0
2026-07-03 19:00:00,0.0838835,0.084709,0.08369565,0.0844115,0.0
2026-07-03 20:00:00,0.08437515,0.08524,0.0842095,0.08503555,0.0
2026-07-03 21:00:00,0.08497645,0.085105,0.08436085,0.08470825,0.0
2026-07-03 22:00:00,0.0846705,0.0847585,0.084349,0.0845247,0.0
2026-07-03 23:00:00,0.08446175,0.0846035,0.084248,0.08446235,0.0
2026-07-04 00:00:00,0.084533,0.08512945,0.08418,0.08437735,0.0
2026-07-04 01:00:00,0.08432515,0.08432515,0.0836305,0.0837815,0.0
2026-07-04 02:00:00,0.08372665,0.08408,0.083663,0.0838655,0.0
2026-07-04 03:00:00,0.0838975,0.08435615,0.083695,0.0839715,0.0
2026-07-04 04:00:00,0.08392515,0.084295,0.0838415,0.084003,0.0
2026-07-04 05:00:00,0.083852,0.0844769,0.08381765,0.0839465,0.0
2026-07-04 06:00:00,0.08390885,0.0840637,0.0835065,0.08384345,0.0
2026-07-04 07:00:00,0.0838976,0.0840445,0.0834893,0.0837441,0.0
2026-07-04 08:00:00,0.0838015,0.08405375,0.0835653,0.08389,0.0
2026-07-04 09:00:00,0.083959,0.0842335,0.08367205,0.08375145,0.0
2026-07-04 10:00:00,0.083795,0.083795,0.0834545,0.08376685,0.0
2026-07-04 11:00:00,0.08371835,0.08439655,0.0836124,0.084265,0.0
2026-07-04 12:00:00,0.0843245,0.0849501,0.0843245,0.0846344,0.0
2026-07-04 13:00:00,0.0846955,0.08482,0.08441045,0.08444,0.0
2026-07-04 14:00:00,0.08449525,0.08562205,0.0844572,0.08548235,0.0
2026-07-04 15:00:00,0.08553,0.08616165,0.085507,0.0857875,0.0
2026-07-04 16:00:00,0.08574605,0.08607,0.0855545,0.085807,0.0
2026-07-04 17:00:00,0.085755,0.08679995,0.085635,0.086742,0.0
2026-07-04 18:00:00,0.0867564,0.0867776,0.08629,0.08629,0.0
2026-07-04 19:00:00,0.0863517,0.0864937,0.08607395,0.08607395,0.0
2026-07-04 20:00:00,0.08613825,0.086375,0.0856064,0.08623,0.0
2026-07-04 21:00:00,0.0862617,0.0870929,0.0862617,0.08643215,0.0
2026-07-04 22:00:00,0.0864985,0.0867035,0.086196,0.086465,0.0
2026-07-04 23:00:00,0.086418,0.0870954,0.08604305,0.0864715,0.0
2026-07-05 00:00:00,0.086395,0.0873032,0.0861027,0.0872925,0.0
2026-07-05 01:00:00,0.0873379,0.0877265,0.0860964,0.0861155,0.0
2026-07-05 02:00:00,0.086044,0.0862795,0.08520905,0.0854514,0.0
2026-07-05 03:00:00,0.08550255,0.08597,0.08514315,0.08560875,0.0
2026-07-05 04:00:00,0.0855485,0.085855,0.085257,0.085257,0.0
2026-07-05 05:00:00,0.085213,0.0853945,0.084995,0.085297,0.0
2026-07-05 06:00:00,0.0852679,0.0853895,0.084926,0.0852859,0.0
2026-07-05 07:00:00,0.0853295,0.085857,0.08522,0.0857395,0.0
2026-07-05 08:00:00,0.08578215,0.085971,0.08543175,0.0857634,0.0
2026-07-05 09:00:00,0.08573,0.0858695,0.084663,0.08481,0.0
2026-07-05 10:00:00,0.084735,0.08533375,0.0844345,0.08530065,0.0
2026-07-05 11:00:00,0.08532335,0.0858995,0.08528405,0.0858995,0.0
2026-07-05 12:00:00,0.0859587,0.08625705,0.08566555,0.08617305,0.0
2026-07-05 13:00:00,0.0860998,0.0863414,0.08558695,0.0863414,0.0
2026-07-05 14:00:00,0.0862915,0.08658975,0.0859254,0.0865374,0.0
2026-07-05 15:00:00,0.0865735,0.0871485,0.0865248,0.087078,0.0
2026-07-05 16:00:00,0.0871315,0.0871341,0.0862162,0.0870082,0.0
2026-07-05 17:00:00,0.08704635,0.089982,0.08704635,0.0896851,0.0
2026-07-05 18:00:00,0.0896395,0.0900322,0.08769945,0.0887047,0.0
2026-07-05 19:00:00,0.08864295,0.08965225,0.08848765,0.088647,0.0
2026-07-05 20:00:00,0.088675,0.09267265,0.088675,0.0920525,0.0
2026-07-05 21:00:00,0.09198,0.0921729,0.0899552,0.0899552,0.0
2026-07-05 22:00:00,0.09,0.0915635,0.0898178,0.0915635,0.0
2026-07-05 23:00:00,0.091613,0.091613,0.0897585,0.09041,0.0
2026-07-06 00:00:00,0.090365,0.0904883,0.08930175,0.08998,0.0
2026-07-06 01:00:00,0.089924,0.090089,0.089,0.08923,0.0
2026-07-06 02:00:00,0.0892035,0.0893942,0.0880665,0.0882395,0.0
2026-07-06 03:00:00,0.088185,0.08842975,0.0878162,0.088013,0.0
2026-07-06 04:00:00,0.0880587,0.088245,0.0873138,0.0876453,0.0
2026-07-06 05:00:00,0.087591,0.08781,0.08671335,0.086888,0.0
2026-07-06 06:00:00,0.08684,0.087008,0.0864485,0.08669,0.0
2026-07-06 07:00:00,0.086639,0.08690095,0.0865164,0.0868385,0.0
2026-07-06 08:00:00,0.0868825,0.08731665,0.0867705,0.0869485,0.0
2026-07-06 09:00:00,0.08691075,0.0871,0.08676,0.0870551,0.0
2026-07-06 10:00:00,0.086987,0.0872339,0.08686245,0.086969,0.0
2026-07-06 11:00:00,0.0869155,0.0873905,0.0865965,0.0865965,0.0
2026-07-06 12:00:00,0.086587,0.086587,0.0851545,0.085898,0.0
2026-07-06 13:00:00,0.085936,0.087258,0.0854535,0.08714595,0.0
2026-07-06 14:00:00,0.087179,0.0885365,0.087179,0.087898,0.0
2026-07-06 15:00:00,0.0879552,0.0897729,0.0879552,0.0894672,0.0
2026-07-06 16:00:00,0.0895673,0.0905547,0.089387,0.0894875,0.0
2026-07-06 17:00:00,0.0894969,0.0901019,0.0892608,0.089492,0.0
2026-07-06 18:00:00,0.0895415,0.08998,0.089296,0.08951085,0.0
2026-07-06 19:00:00,0.08953865,0.08983005,0.0891773,0.08952315,0.0
2026-07-06 20:00:00,0.0895638,0.08958,0.0891515,0.08929775,0.0
2026-07-06 21:00:00,0.089335,0.09635,0.0890745,0.08995915,0.0
2026-07-06 22:00:00,0.0898916,0.0898916,0.08909505,0.0891652,0.0
2026-07-06 23:00:00,0.089132,0.0892807,0.08882615,0.08893595,0.0
2026-07-07 00:00:00,0.0889785,0.08959,0.0887004,0.089011,0.0
2026-07-07 01:00:00,0.08894585,0.0889845,0.08820445,0.0883465,0.0
2026-07-07 02:00:00,0.0884124,0.08848925,0.08778,0.0878382,0.0
2026-07-07 03:00:00,0.0879168,0.08799305,0.08722605,0.0873767,0.0
2026-07-07 04:00:00,0.0874349,0.087588,0.087092,0.0873773,0.0
2026-07-07 05:00:00,0.08731,0.08762965,0.08697,0.08729655,0.0
2026-07-07 06:00:00,0.0873388,0.08777435,0.0869528,0.087565,0.0
2026-07-07 07:00:00,0.08762685,0.0878878,0.08686245,0.0869565,0.0
2026-07-07 08:00:00,0.0869949,0.0873945,0.086883,0.087293,0.0
2026-07-07 09:00:00,0.08725585,0.08735975,0.0870481,0.087235,0.0
2026-07-07 10:00:00,0.0871975,0.08756,0.0870656,0.0871151,0.0
2026-07-07 11:00:00,0.08705875,0.087423,0.08684135,0.0873416,0.0
2026-07-07 12:00:00,0.0874435,0.08793635,0.0872909,0.0873133,0.0
2026-07-07 13:00:00,0.0872615,0.0873187,0.0866775,0.0867444,0.0
2026-07-07 14:00:00,0.086663,0.0874529,0.08608485,0.08736265,0.0
2026-07-07 15:00:00,0.087286,0.088068,0.087089,0.087823,0.0
2026-07-07 16:00:00,0.08788975,0.0880631,0.08750205,0.08777,0.0
2026-07-07 17:00:00,0.0878334,0.0878855,0.0874012,0.0877,0.0
2026-07-07 18:00:00,0.0876489,0.087894,0.08680495,0.08683775,0.0
2026-07-07 19:00:00,0.086776,0.0868815,0.0861944,0.0866141,0.0
2026-07-07 20:00:00,0.08667735,0.086736,0.0860955,0.0862362,0.0
2026-07-07 21:00:00,0.086283,0.0865617,0.08577855,0.08598725,0.0
2026-07-07 22:00:00,0.085913,0.0860775,0.085435,0.08601455,0.0
2026-07-07 23:00:00,0.0860766,0.08621535,0.085679,0.0857805,0.0
2026-07-08 00:00:00,0.08573,0.0864505,0.0856905,0.0863115,0.0
2026-07-08 01:00:00,0.0862044,0.086213,0.08473,0.08515025,0.0
2026-07-08 02:00:00,0.08506785,0.0855004,0.08452565,0.0854085,0.0
2026-07-08 03:00:00,0.0854593,0.0856629,0.0851051,0.08515685,0.0
2026-07-08 04:00:00,0.0851115,0.08539725,0.08486,0.0853946,0.0
2026-07-08 05:00:00,0.08529665,0.085597,0.0852635,0.0853625,0.0
2026-07-08 06:00:00,0.08529785,0.0854211,0.0847805,0.0851762,0.0
2026-07-08 07:00:00,0.085103,0.0858125,0.0849718,0.08537,0.0
2026-07-08 08:00:00,0.08529265,0.0854397,0.083879,0.08440665,0.0
2026-07-08 09:00:00,0.0843685,0.0844865,0.083761,0.083892,0.0
2026-07-08 10:00:00,0.083935,0.083984,0.083545,0.083875,0.0
2026-07-08 11:00:00,0.08381285,0.0846321,0.0837349,0.0844916,0.0
2026-07-08 12:00:00,0.08443845,0.08467105,0.08403,0.08407325,0.0
2026-07-08 13:00:00,0.084113,0.0846295,0.083885,0.084392,0.0
2026-07-08 14:00:00,0.0843099,0.084565,0.0836865,0.0838679,0.0
2026-07-08 15:00:00,0.08381,0.08381,0.0830803,0.083216,18.002988496
2026-07-08 16:00:00,0.08327635,0.083755,0.083099,0.083755,0.0
2026-07-08 17:00:00,0.0837825,0.08438,0.083704,0.08375975,17.906520941
2026-07-08 18:00:00,0.0838055,0.084065,0.08360215,0.08394,0.0
2026-07-08 19:00:00,0.084,0.08405345,0.083603,0.0837885,0.0
2026-07-08 20:00:00,0.0837185,0.08408,0.08359495,0.08359495,0.0
2026-07-08 21:00:00,0.0836415,0.0840455,0.0833312,0.0840455,0.0
2026-07-08 22:00:00,0.0840939,0.084322,0.08399895,0.084322,0.0
2026-07-08 23:00:00,0.084246,0.08450945,0.08417,0.0844325,0.0
2026-07-09 00:00:00,0.0844988,0.084675,0.083661,0.0837925,0.0
2026-07-09 01:00:00,0.083823,0.08450385,0.083469,0.0835386,0.0
2026-07-09 02:00:00,0.083466,0.0838895,0.083188,0.0833275,0.0
2026-07-09 03:00:00,0.083287,0.08376535,0.082895,0.08376535,0.0
2026-07-09 04:00:00,0.0838115,0.0842135,0.083497,0.08416,0.0
2026-07-09 05:00:00,0.08410015,0.084688,0.0839985,0.084671,0.0
2026-07-09 06:00:00,0.084735,0.084886,0.08447395,0.08468335,0.0
2026-07-09 07:00:00,0.08470655,0.0848884,0.08447935,0.08450795,0.0
2026-07-09 08:00:00,0.08444585,0.08476205,0.08436275,0.084486,0.0
2026-07-09 09:00:00,0.08444675,0.08447755,0.0841465,0.08447755,0.0
2026-07-09 10:00:00,0.0844102,0.0844772,0.083977,0.0841168,0.0
2026-07-09 11:00:00,0.08417655,0.0843675,0.08394265,0.0843325,0.0
2026-07-09 12:00:00,0.0842755,0.08446115,0.0839924,0.08429255,0.0
2026-07-09 13:00:00,0.084375,0.084655,0.083916,0.0845875,0.0
2026-07-09 14:00:00,0.084538,0.0846395,0.08391845,0.0841131,0.0
2026-07-09 15:00:00,0.08403085,0.0842285,0.08364195,0.0837308,0.0
2026-07-09 16:00:00,0.0837755,0.0841963,0.0837515,0.0838461,0.0
2026-07-09 17:00:00,0.08397635,0.0854877,0.08397635,0.0853135,17.672270292
2026-07-09 18:00:00,0.085355,0.0862346,0.085355,0.08582295,0.0
2026-07-09 19:00:00,0.08574705,0.08574705,0.0848485,0.0848485,0.0
2026-07-09 20:00:00,0.08492125,0.085152,0.08490275,0.0850275,0.0
2026-07-09 21:00:00,0.0851037,0.0851615,0.0849448,0.0849448,0.0
2026-07-09 22:00:00,0.084995,0.08519,0.084896,0.08493955,0.0
2026-07-09 23:00:00,0.08488245,0.0853085,0.0848445,0.08508495,0.0
2026-07-10 00:00:00,0.0850077,0.08542035,0.0849435,0.085295,0.0
2026-07-10 01:00:00,0.0852539,0.086749,0.085197,0.0861591,0.0
2026-07-10 02:00:00,0.086226,0.08632785,0.08602375,0.08625495,0.0
2026-07-10 03:00:00,0.08623015,0.08623015,0.08596,0.0861089,0.0
2026-07-10 04:00:00,0.086084,0.086084,0.08569,0.08581665,0.0
2026-07-10 05:00:00,0.08574,0.0862515,0.08571005,0.0862515,0.0
2026-07-10 06:00:00,0.08632175,0.08637015,0.0859519,0.08606645,0.0
2026-07-10 07:00:00,0.08601365,0.0863268,0.08601365,0.086267,0.0
2026-07-10 08:00:00,0.0863119,0.08667325,0.0863119,0.08665,0.0
2026-07-10 09:00:00,0.08659635,0.087785,0.0862385,0.08737925,0.0
2026-07-10 10:00:00,0.087428,0.087428,0.08682565,0.0869933,0.0
2026-07-10 11:00:00,0.0869188,0.0869188,0.086294,0.086294,0.0
2026-07-10 12:00:00,0.0862666,0.08651785,0.0861726,0.0861726,0.0
2026-07-10 13:00:00,0.086105,0.08656465,0.085928,0.0865445,0.0
2026-07-10 14:00:00,0.0865723,0.0865723,0.085116,0.08588635,0.0
2026-07-10 15:00:00,0.08593825,0.086448,0.0858975,0.086448,0.0
2026-07-10 16:00:00,0.0863665,0.0865109,0.0859695,0.08625875,0.0
2026-07-10 17:00:00,0.08621865,0.08621865,0.08588635,0.08588635,0.0
2026-07-10 18:00:00,0.0857893,0.086007,0.08544,0.08549,0.0
2026-07-10 19:00:00,0.0855615,0.08596255,0.085535,0.08563935,0.0
2026-07-10 20:00:00,0.0856896,0.085802,0.085515,0.085644,0.0
2026-07-10 21:00:00,0.085679,0.0859365,0.085679,0.08586055,0.0
2026-07-10 22:00:00,0.085891,0.08626,0.0858485,0.08626,0.0
2026-07-10 23:00:00,0.0861963,0.086376,0.08609945,0.08631565,0.0
2026-07-11 00:00:00,0.0862766,0.0867969,0.08623855,0.0867969,0.0
2026-07-11 01:00:00,0.0867868,0.0867868,0.086427,0.086427,0.0
2026-07-11 02:00:00,0.0865035,0.0871661,0.0863927,0.0871661,17.256366365
2026-07-11 03:00:00,0.0872205,0.0872205,0.086845,0.086845,0.0
2026-07-11 04:00:00,0.086892,0.0869492,0.0864685,0.0867015,0.0
2026-07-11 05:00:00,0.0865318,0.0867456,0.086439,0.0865939,0.0
2026-07-11 06:00:00,0.0865365,0.08663,0.0863257,0.0863257,0.0
2026-07-11 07:00:00,0.0864,0.086468,0.08623,0.08635395,0.0
2026-07-11 08:00:00,0.0863165,0.0865302,0.0863165,0.0864691,0.0
2026-07-11 09:00:00,0.086535,0.08668,0.086288,0.08634765,0.0
2026-07-11 10:00:00,0.086361,0.0866164,0.086361,0.08644575,0.0
2026-07-11 11:00:00,0.0865217,0.0868365,0.08648,0.0868365,0.0
2026-07-11 12:00:00,0.086755,0.0870944,0.0865874,0.08697295,0.0
2026-07-11 13:00:00,0.08692315,0.086967,0.0866018,0.0866386,0.0
2026-07-11 14:00:00,0.0867,0.0873644,0.0867,0.08704465,0.0
2026-07-11 15:00:00,0.0870976,0.087296,0.086635,0.0869041,0.0
2026-07-11 16:00:00,0.08685805,0.086965,0.08660005,0.086965,0.0
2026-07-11 17:00:00,0.08699065,0.0870916,0.086885,0.086885,0.0
2026-07-11 18:00:00,0.08682785,0.087055,0.08682785,0.08691015,0.0
2026-07-11 19:00:00,0.086875,0.08692,0.0868225,0.0868225,0.0
2026-07-11 20:00:00,0.0868895,0.0869898,0.08685875,0.0869898,0.0
2026-07-11 21:00:00,0.0869599,0.0869599,0.08676,0.08676,0.0
2026-07-11 22:00:00,0.08671805,0.0867295,0.08609265,0.08617355,0.0
2026-07-11 23:00:00,0.0862611,0.0862611,0.0848638,0.0849117,0.0
2026-07-12 00:00:00,0.0847935,0.085009,0.0842145,0.0849092,0.0
2026-07-12 01:00:00,0.08485645,0.0855751,0.0848535,0.0853675,0.0
2026-07-12 02:00:00,0.0853058,0.0853058,0.0850118,0.08523725,0.0
2026-07-12 03:00:00,0.08517545,0.08538155,0.08502265,0.0852658,0.0
2026-07-12 04:00:00,0.08533,0.08533,0.084824,0.084871,0.0
2026-07-12 05:00:00,0.0847927,0.08480805,0.084681,0.08480805,0.0
2026-07-12 06:00:00,0.084733,0.084733,0.08399265,0.084391,0.0
2026-07-12 07:00:00,0.08435065,0.0844651,0.084255,0.084355,0.0
2026-07-12 08:00:00,0.08425795,0.0845085,0.084228,0.084297,0.0
2026-07-12 09:00:00,0.084275,0.084288,0.08403575,0.084288,0.0
2026-07-12 10:00:00,0.08421385,0.0842805,0.08406295,0.08406295,0.0
2026-07-12 11:00:00,0.0840032,0.084371,0.083692,0.084371,0.0
2026-07-12 12:00:00,0.0842815,0.08447385,0.0841805,0.08419115,0.0
2026-07-12 13:00:00,0.084232,0.084232,0.083855,0.083855,0.0
2026-07-12 14:00:00,0.0837795,0.084164,0.083635,0.0840545,0.0
2026-07-12 15:00:00,0.08399625,0.084167,0.083872,0.083879,0.0
2026-07-12 16:00:00,0.08383,0.083905,0.08361965,0.08385305,0.0
2026-07-12 17:00:00,0.0838109,0.0838109,0.08342925,0.0835455,0.0
2026-07-12 18:00:00,0.0836005,0.0838575,0.0835141,0.0838575,0.0
2026-07-12 19:00:00,0.0838085,0.083835,0.08371,0.08379,0.0
2026-07-12 20:00:00,0.08371505,0.08383075,0.08371505,0.083733,0.0
2026-07-12 21:00:00,0.083802,0.0839573,0.08337825,0.08346405,0.0
2026-07-12 22:00:00,0.083355,0.083355,0.082885,0.08327,0.0
2026-07-12 23:00:00,0.083185,0.08328645,0.0830191,0.0830888,0.0
2026-07-13 00:00:00,0.0830693,0.0841845,0.08295,0.08347975,0.0
2026-07-13 01:00:00,0.08340705,0.08352,0.08280615,0.08280615,0.0
2026-07-13 02:00:00,0.082758,0.08296165,0.08265055,0.0827405,0.0
2026-07-13 03:00:00,0.08269025,0.0827,0.081443,0.0818015,0.0
2026-07-13 04:00:00,0.0817675,0.082055,0.081685,0.08201,0.0
2026-07-13 05:00:00,0.081972,0.082425,0.081766,0.0823435,0.0
2026-07-13 06:00:00,0.08237695,0.082845,0.08237695,0.08281015,0.0
2026-07-13 07:00:00,0.0828715,0.0834021,0.0828715,0.0832465,0.0
2026-07-13 08:00:00,0.0833229,0.08347,0.08328275,0.0833755,0.0
2026-07-13 09:00:00,0.083325,0.083325,0.0830695,0.0830695,0.0
2026-07-13 10:00:00,0.082962,0.082962,0.082721,0.08279575,0.0
2026-07-13 11:00:00,0.08287445,0.082921,0.0824554,0.0824554,0.0
2026-07-13 12:00:00,0.08233925,0.0824125,0.0820775,0.082171,0.0
2026-07-13 13:00:00,0.082124,0.0821255,0.08176125,0.08193745,0.0
2026-07-13 14:00:00,0.081974,0.0823975,0.0815731,0.0823845,60.466487849
2026-07-13 15:00:00,0.0824374,0.0824845,0.0820295,0.0820295,0.0
2026-07-13 16:00:00,0.082082,0.0821555,0.08169485,0.08189455,0.0
2026-07-13 17:00:00,0.0818431,0.08199,0.0809177,0.0809177,71.819018874
2026-07-13 18:00:00,0.08094635,0.08126845,0.08082935,0.08092,60.704358331
2026-07-13 19:00:00,0.080864,0.0811837,0.08038,0.0811058,0.0
2026-07-13 20:00:00,0.08105075,0.0811055,0.08027375,0.0806565,0.0
2026-07-13 21:00:00,0.0807025,0.0807025,0.0798182,0.08028,215.457056622
2026-07-13 22:00:00,0.08037665,0.08060235,0.07994935,0.07994935,0.0
2026-07-13 23:00:00,0.08,0.0804005,0.0799532,0.0804005,0.0
2026-07-14 00:00:00,0.08048255,0.080585,0.0802326,0.080537,0.0
2026-07-14 01:00:00,0.0805852,0.08065,0.08022775,0.0804375,0.0
2026-07-14 02:00:00,0.08040235,0.08040235,0.0800646,0.080218,0.0
2026-07-14 03:00:00,0.080265,0.0803655,0.0799475,0.0803655,0.0
2026-07-14 04:00:00,0.080425,0.0805763,0.08038135,0.08038135,0.0
2026-07-14 05:00:00,0.08042845,0.08057785,0.0802075,0.080247,0.0
2026-07-14 06:00:00,0.080194,0.080194,0.0799055,0.0799055,0.0
2026-07-14 07:00:00,0.0798527,0.07989275,0.079445,0.0794515,0.0
2026-07-14 08:00:00,0.0794056,0.0794056,0.0790045,0.0790045,0.0
2026-07-14 09:00:00,0.0791003,0.079758,0.0791003,0.0796025,0.0
2026-07-14 10:00:00,0.079662,0.079662,0.0792142,0.079578,0.0
2026-07-14 11:00:00,0.0795173,0.0797882,0.07949085,0.07949085,0.0
2026-07-14 12:00:00,0.079403,0.08061285,0.0686,0.080555,0.0
2026-07-14 13:00:00,0.080622,0.081489,0.08040365,0.080944,35.909509437
2026-07-14 14:00:00,0.08098065,0.08123625,0.06875,0.08123625,0.0
2026-07-14 15:00:00,0.081182,0.0816355,0.08093,0.08123605,0.0
2026-07-14 16:00:00,0.0812713,0.08154875,0.0807465,0.0807465,0.0
2026-07-14 17:00:00,0.0806948,0.0806948,0.08009,0.08043795,0.0
2026-07-14 18:00:00,0.08048995,0.08057225,0.08034,0.080455,0.0
2026-07-14 19:00:00,0.080536,0.08079705,0.0804415,0.08079705,0.0
2026-07-14 20:00:00,0.0808425,0.0808425,0.08048785,0.08061335,0.0
2026-07-14 21:00:00,0.080579,0.081085,0.08053005,0.08091105,0.0
2026-07-14 22:00:00,0.0808775,0.0815059,0.0807865,0.08119,0.0
2026-07-14 23:00:00,0.0810925,0.08126435,0.080993,0.0812,0.0
2026-07-15 00:00:00,0.0812575,0.081303,0.0810655,0.081199,0.0
2026-07-15 01:00:00,0.081256,0.0814915,0.0812465,0.0812465,0.0
2026-07-15 02:00:00,0.0811665,0.0811887,0.0806115,0.0806225,0.0
2026-07-15 03:00:00,0.08068,0.08113905,0.08068,0.08113905,0.0
2026-07-15 04:00:00,0.0812234,0.0812394,0.08082695,0.0811398,0.0
2026-07-15 05:00:00,0.0810945,0.081464,0.08093,0.081464,0.0
2026-07-15 06:00:00,0.0813954,0.0819784,0.08135605,0.081596,35.909509437
2026-07-15 07:00:00,0.08167895,0.08167895,0.08081,0.0810565,21.976695762
2026-07-15 08:00:00,0.081,0.081,0.080589,0.08073485,45.195012754
2026-07-15 09:00:00,0.08068715,0.08114,0.0806306,0.0806306,22.225020008
2026-07-15 10:00:00,0.0806755,0.0807868,0.080445,0.080624,0.0
2026-07-15 11:00:00,0.0806647,0.0807892,0.0805491,0.0806815,0.0
2026-07-15 12:00:00,0.08072295,0.08242465,0.08072295,0.082233,0.0
2026-07-15 13:00:00,0.08225295,0.082467,0.0816825,0.081785,0.0
2026-07-15 14:00:00,0.0818721,0.08193,0.0814415,0.0815105,0.0
2026-07-15 15:00:00,0.08154565,0.0816239,0.0813359,0.0814802,0.0
2026-07-15 16:00:00,0.0814386,0.0814784,0.08055875,0.0809575,0.0
2026-07-15 17:00:00,0.08100095,0.081086,0.0808098,0.0810788,0.0
2026-07-15 18:00:00,0.0810309,0.0813365,0.0809312,0.0809312,0.0
2026-07-15 19:00:00,0.0810526,0.08128085,0.080905,0.0809835,0.0
2026-07-15 20:00:00,0.081014,0.0813641,0.08099655,0.08131,0.0
2026-07-15 21:00:00,0.0812715,0.08139355,0.081237,0.08131125,0.0
2026-07-15 22:00:00,0.08124625,0.0814425,0.08115285,0.08131705,0.0
2026-07-15 23:00:00,0.081345,0.081371,0.08109555,0.08109555,0.0
2026-07-16 00:00:00,0.0811257,0.0812472,0.08098865,0.081036,0.0
2026-07-16 01:00:00,0.08108445,0.08120545,0.08086475,0.08120545,0.0
2026-07-16 02:00:00,0.08116255,0.08119235,0.0811239,0.08119235,0.0
2026-07-16 03:00:00,0.08124045,0.08134545,0.0812071,0.0812505,0.0
2026-07-16 04:00:00,0.081307,0.081307,0.0811157,0.0811157,0.0
2026-07-16 05:00:00,0.08115745,0.08127,0.08115745,0.0812077,0.0
2026-07-16 06:00:00,0.081243,0.081484,0.081015,0.0810473,0.0
2026-07-16 07:00:00,0.081114,0.081114,0.080425,0.0805575,0.0
2026-07-16 08:00:00,0.080515,0.080515,0.07945315,0.0802379,181.286508045
2026-07-16 09:00:00,0.08027285,0.0806876,0.08027285,0.08058695,0.0
2026-07-16 10:00:00,0.0806125,0.0813592,0.0806125,0.0812485,0.0
2026-07-16 11:00:00,0.0811735,0.0813235,0.0808974,0.0813221,0.0
2026-07-16 12:00:00,0.08127875,0.08127875,0.080485,0.08066,0.0
2026-07-16 13:00:00,0.0806055,0.08133715,0.0806055,0.0811909,0.0
2026-07-16 14:00:00,0.08123,0.081533,0.0808085,0.08084,0.0
2026-07-16 15:00:00,0.0809253,0.08115995,0.0804251,0.080977,0.0
2026-07-16 16:00:00,0.080918,0.080918,0.08037,0.08068,60.034730836
2026-07-16 17:00:00,0.08063,0.08063,0.079532,0.07973345,0.0
2026-07-16 18:00:00,0.0798345,0.0802456,0.0798345,0.0801285,27.660630116
2026-07-16 19:00:00,0.08003675,0.08003675,0.079616,0.07983835,101.58769536
2026-07-16 20:00:00,0.07977855,0.07977855,0.079498,0.0796955,45.522202927
2026-07-16 21:00:00,0.07973385,0.0798374,0.07973385,0.0797425,0.0
2026-07-16 22:00:00,0.0798158,0.0798158,0.07934015,0.0793574,0.0
2026-07-16 23:00:00,0.07943575,0.079538,0.0790117,0.079538,20.962540312
2026-07-17 00:00:00,0.0796017,0.0799105,0.07947,0.0799051,62.084638502
2026-07-17 01:00:00,0.080066,0.080076,0.079504,0.079546,38.587641866
2026-07-17 02:00:00,0.079603,0.079661,0.0792539,0.0794525,18.915510718
2026-07-17 03:00:00,0.0795267,0.08010655,0.0795267,0.0798595,0.0
2026-07-17 04:00:00,0.07978,0.0801086,0.07966915,0.08007,0.0
2026-07-17 05:00:00,0.079943,0.0799745,0.0792085,0.0792645,0.0
2026-07-17 06:00:00,0.079221,0.0796522,0.079221,0.079454,0.0
2026-07-17 07:00:00,0.0795085,0.07955015,0.07932635,0.0794496,0.0
2026-07-17 08:00:00,0.0793817,0.0793817,0.0788989,0.07925485,0.0
2026-07-17 09:00:00,0.07922265,0.079302,0.07922265,0.079302,0.0
2026-07-17 10:00:00,0.079372,0.0794118,0.079291,0.07934265,0.0
2026-07-17 11:00:00,0.07925365,0.079289,0.0791207,0.0791207,0.0
2026-07-17 12:00:00,0.079194,0.079194,0.078861,0.0788929,0.0
2026-07-17 13:00:00,0.078849,0.0791817,0.0782011,0.0791817,0.0
2026-07-17 14:00:00,0.0792282,0.0796325,0.0792282,0.0793801,0.0
2026-07-17 15:00:00,0.07933565,0.079982,0.0792691,0.079982,0.0
2026-07-17 16:00:00,0.0800719,0.0807604,0.0798544,0.0806572,0.0
2026-07-17 17:00:00,0.08069035,0.0810772,0.0802827,0.0802827,0.0
2026-07-17 18:00:00,0.08024285,0.08024285,0.0799262,0.0801855,0.0
2026-07-17 19:00:00,0.08014165,0.08014165,0.0795748,0.079855,0.0
2026-07-17 20:00:00,0.07982,0.079834,0.0796448,0.079662,0.0
2026-07-17 21:00:00,0.0796,0.079763,0.0796,0.079763,0.0
2026-07-17 22:00:00,0.07982975,0.07982975,0.07938,0.07975875,0.0
2026-07-17 23:00:00,0.0796858,0.07979,0.0795405,0.07979,0.0
2026-07-18 00:00:00,0.079795,0.079895,0.07976565,0.07976565,0.0
2026-07-18 01:00:00,0.079731,0.079731,0.0796823,0.0796823,0.0
2026-07-18 02:00:00,0.07960805,0.080185,0.079563,0.0800584,0.0
2026-07-18 03:00:00,0.080007,0.080007,0.0796162,0.0798425,0.0
2026-07-18 04:00:00,0.07979565,0.07979565,0.0792,0.0792853,0.0
2026-07-18 05:00:00,0.0792498,0.0792498,0.07897,0.07897,0.0
2026-07-18 06:00:00,0.0789901,0.079333,0.078963,0.0790284,0.0
2026-07-18 07:00:00,0.07907385,0.079076,0.07901745,0.079034,0.0
2026-07-18 08:00:00,0.0789695,0.07919,0.0788485,0.079135,0.0
2026-07-18 09:00:00,0.07897965,0.079135,0.0785905,0.079135,0.0
2026-07-18 10:00:00,0.079014,0.079204,0.079014,0.07905,0.0
2026-07-18 11:00:00,0.079015,0.07906,0.07882045,0.07882045,0.0
2026-07-18 12:00:00,0.07888395,0.07899165,0.078565,0.07882335,0.0
2026-07-18 13:00:00,0.07880245,0.07887,0.0776475,0.0779836,0.0
2026-07-18 14:00:00,0.0780983,0.0784519,0.07721595,0.0772578,0.0
2026-07-18 15:00:00,0.077349,0.0778505,0.0773016,0.077595,0.0
2026-07-18 16:00:00,0.077663,0.0780594,0.0776316,0.078038,0.0
2026-07-18 17:00:00,0.0779829,0.0780966,0.07771,0.0780966,0.0
2026-07-18 18:00:00,0.0781581,0.0784999,0.078136,0.0783265,0.0
2026-07-18 19:00:00,0.078377,0.078415,0.07814035,0.07814035,0.0
2026-07-18 20:00:00,0.07809335,0.078305,0.07809335,0.0782742,0.0
2026-07-18 21:00:00,0.0782415,0.0785105,0.0782415,0.0783042,0.0
2026-07-18 22:00:00,0.078336,0.0784045,0.07815255,0.0784045,0.0
2026-07-18 23:00:00,0.0783465,0.0785465,0.078251,0.078251,0.0
2026-07-19 00:00:00,0.0782792,0.0786525,0.07823175,0.0786525,0.0
2026-07-19 01:00:00,0.0785385,0.078565,0.07833505,0.07833505,0.0
2026-07-19 02:00:00,0.07839545,0.0787872,0.07839545,0.078579,0.0
2026-07-19 03:00:00,0.07854,0.07854,0.0781021,0.078105,0.0
2026-07-19 04:00:00,0.0780324,0.0781345,0.0780087,0.07808505,0.0
2026-07-19 05:00:00,0.0781035,0.0782845,0.07803015,0.07803015,0.0
2026-07-19 06:00:00,0.07809265,0.07809265,0.07804615,0.07804615,0.0
2026-07-19 07:00:00,0.0781,0.07813295,0.0779905,0.07812935,0.0
2026-07-19 08:00:00,0.07817145,0.0782,0.0779465,0.0779465,0.0
2026-07-19 09:00:00,0.0778935,0.0780056,0.077872,0.077925,0.0
2026-07-19 10:00:00,0.07787,0.0782699,0.07787,0.0782245,0.0
2026-07-19 11:00:00,0.078163,0.0782347,0.078013,0.078013,0.0
2026-07-19 12:00:00,0.077945,0.07812255,0.0777025,0.0779375,0.0
2026-07-19 13:00:00,0.077873,0.0779446,0.0777005,0.0777005,0.0
2026-07-19 14:00:00,0.0777535,0.0782235,0.0777535,0.0782235,0.0
2026-07-19 15:00:00,0.0781334,0.07827215,0.07801,0.07805,0.0
2026-07-19 16:00:00,0.07814825,0.07828685,0.0778209,0.0778209,0.0
2026-07-19 17:00:00,0.0777955,0.0778408,0.07743125,0.0777107,0.0
2026-07-19 18:00:00,0.0776746,0.0776746,0.07731835,0.0774184,0.0
2026-07-19 19:00:00,0.077398,0.07758,0.0773205,0.07743625,0.0
2026-07-19 20:00:00,0.077485,0.077665,0.077485,0.077583,0.0
2026-07-19 21:00:00,0.077524,0.077524,0.07710845,0.07710845,0.0
2026-07-19 22:00:00,0.077189,0.0776445,0.0771415,0.0773245,0.0
2026-07-19 23:00:00,0.07727135,0.077521,0.077095,0.0775135,0.0
2026-07-20 00:00:00,0.07746895,0.078338,0.07740205,0.0776265,0.0
2026-07-20 01:00:00,0.07758185,0.078208,0.077253,0.0772865,0.0
2026-07-20 02:00:00,0.077375,0.0776935,0.0771506,0.0776054,0.0
2026-07-20 03:00:00,0.0776558,0.0777076,0.0772598,0.077394,0.0
2026-07-20 04:00:00,0.0773453,0.0773453,0.07521505,0.075837,0.0
2026-07-20 05:00:00,0.07580225,0.075837,0.0749765,0.0756143,0.0
2026-07-20 06:00:00,0.07553805,0.07567205,0.07490265,0.07490265,0.0
2026-07-20 07:00:00,0.07494315,0.0757086,0.0749376,0.0757086,0.0
2026-07-20 08:00:00,0.0757399,0.07584125,0.07508,0.0754375,0.0
2026-07-20 09:00:00,0.0753826,0.0758699,0.0753826,0.0757365,0.0
2026-07-20 10:00:00,0.0756975,0.0759615,0.0756555,0.0759615,0.0
2026-07-20 11:00:00,0.0759,0.0769956,0.0758423,0.0769956,0.0
2026-07-20 12:00:00,0.076944,0.076944,0.07621695,0.076243,19.430051813
2026-07-20 13:00:00,0.0763061,0.076373,0.0758772,0.07603865,0.0
2026-07-20 14:00:00,0.0761095,0.0764584,0.075658,0.0763195,0.0
2026-07-20 15:00:00,0.07635205,0.0776015,0.07635205,0.07756235,0.0
2026-07-20 16:00:00,0.0776,0.0776363,0.077292,0.07763,0.0
2026-07-20 17:00:00,0.0775805,0.077674,0.07733,0.0774883,0.0
2026-07-20 18:00:00,0.077525,0.07762,0.07719765,0.07719765,0.0
2026-07-20 19:00:00,0.0772556,0.0772556,0.0767462,0.0769834,0.0
2026-07-20 20:00:00,0.07693355,0.07723855,0.0769186,0.077078,0.0
2026-07-20 21:00:00,0.07710955,0.0771486,0.0767035,0.076797,0.0
2026-07-20 22:00:00,0.0767721,0.0767727,0.07650885,0.07658885,0.0
2026-07-20 23:00:00,0.0766444,0.077104,0.0766444,0.076991,0.0
2026-07-21 00:00:00,0.0769185,0.07797525,0.07669815,0.07797525,19.294986905
2026-07-21 01:00:00,0.07794445,0.0780082,0.0773165,0.077385,0.0
2026-07-21 02:00:00,0.07745025,0.07823,0.07733,0.078185,0.0
2026-07-21 03:00:00,0.0781199,0.0783151,0.078068,0.0783151,0.0
2026-07-21 04:00:00,0.07824665,0.07824665,0.0777795,0.07812345,0.0
2026-07-21 05:00:00,0.0781534,0.07855835,0.0779648,0.07844455,0.0
2026-07-21 06:00:00,0.0785059,0.0787789,0.07835465,0.0787055,0.0
2026-07-21 07:00:00,0.0787918,0.07894075,0.0784775,0.078517,0.0
2026-07-21 08:00:00,0.078472,0.0785707,0.078299,0.0783065,0.0
2026-07-21 09:00:00,0.07828135,0.0786011,0.0781995,0.07839,0.0
2026-07-21 10:00:00,0.0783615,0.0783816,0.07818765,0.07818765,0.0
2026-07-21 11:00:00,0.07815,0.07816595,0.077961,0.07816595,0.0
2026-07-21 12:00:00,0.07813295,0.078534,0.07813295,0.078475,0.0
2026-07-21 13:00:00,0.07844,0.07859835,0.078297,0.07856975,0.0
2026-07-21 14:00:00,0.078533,0.0786796,0.0784014,0.078655,0.0
2026-07-21 15:00:00,0.07860115,0.078975,0.0784605,0.0787575,0.0
2026-07-21 16:00:00,0.0786955,0.0786955,0.0782471,0.0783,0.0
2026-07-21 17:00:00,0.07824135,0.07851885,0.0780756,0.07839375,0.0
2026-07-21 18:00:00,0.078476,0.0795175,0.07842705,0.079445,0.0
2026-07-21 19:00:00,0.0794,0.079895,0.079164,0.07976865,0.0
2026-07-21 20:00:00,0.0798225,0.080173,0.079634,0.079635,0.0
2026-07-21 21:00:00,0.07958,0.079707,0.0795297,0.07955125,0.0
2026-07-21 22:00:00,0.079485,0.079485,0.07887675,0.07887675,0.0
2026-07-21 23:00:00,0.0788365,0.079118,0.0788129,0.079045,0.0
2026-07-22 00:00:00,0.0791079,0.0794652,0.0791079,0.07926865,0.0
2026-07-22 01:00:00,0.0793195,0.0802534,0.0791888,0.0802534,39.489817446
2026-07-22 02:00:00,0.08038855,0.08038855,0.07982635,0.08014675,0.0
2026-07-22 03:00:00,0.0800962,0.0800962,0.07924725,0.07924725,0.0
2026-07-22 04:00:00,0.079298,0.0796275,0.05835,0.07935395,0.0
2026-07-22 05:00:00,0.0794001,0.0794602,0.07885385,0.07885385,0.0
2026-07-22 06:00:00,0.0789307,0.0789974,0.0787552,0.07877875,0.0
2026-07-22 07:00:00,0.07883,0.0790619,0.078776,0.078776,0.0
2026-07-22 08:00:00,0.0788108,0.079061,0.0785841,0.0785841,0.0
2026-07-22 09:00:00,0.0785138,0.07861015,0.0784,0.07860265,0.0
2026-07-22 10:00:00,0.07863375,0.0788199,0.07861115,0.0787605,0.0
2026-07-22 11:00:00,0.0787067,0.07884,0.0785791,0.0786815,0.0
2026-07-22 12:00:00,0.0786455,0.078655,0.077776,0.07789715,0.0
2026-07-22 13:00:00,0.0779555,0.07885265,0.0779555,0.078676,0.0
2026-07-22 14:00:00,0.0787448,0.07899925,0.078268,0.078515,0.0
2026-07-22 15:00:00,0.0785419,0.0790976,0.0785419,0.07899735,0.0
2026-07-22 16:00:00,0.0789224,0.079205,0.07856,0.079205,75.631660818
2026-07-22 17:00:00,0.0791785,0.079182,0.0782919,0.0782919,0.0
2026-07-22 18:00:00,0.0782615,0.0791655,0.0780831,0.078203,0.0
2026-07-22 19:00:00,0.07818595,0.078275,0.07793875,0.0781765,0.0
2026-07-22 20:00:00,0.078117,0.0783783,0.078117,0.0783783,0.0
2026-07-22 21:00:00,0.0783401,0.07848395,0.07828385,0.078394,0.0
2026-07-22 22:00:00,0.0784458,0.0784834,0.078089,0.07840605,0.0
2026-07-22 23:00:00,0.0784719,0.0784719,0.0780052,0.078368,0.0
2026-07-23 00:00:00,0.0783075,0.078594,0.078289,0.0783139,0.0
2026-07-23 01:00:00,0.0783381,0.07848625,0.07819685,0.07819685,0.0
2026-07-23 02:00:00,0.0782539,0.0783805,0.0780184,0.07828845,0.0
2026-07-23 03:00:00,0.078374,0.078374,0.0779035,0.078185,0.0
2026-07-23 04:00:00,0.078102,0.078235,0.078094,0.078094,0.0
2026-07-23 05:00:00,0.07800135,0.07847,0.0780005,0.07821765,0.0
2026-07-23 06:00:00,0.0782885,0.0783865,0.0781286,0.07832955,0.0
2026-07-23 07:00:00,0.078303,0.0789932,0.078019,0.0781905,0.0
2026-07-23 08:00:00,0.0782477,0.0785045,0.0782477,0.0785045,0.0
2026-07-23 09:00:00,0.0785721,0.078709,0.07845045,0.07849265,0.0
2026-07-23 10:00:00,0.07841985,0.078789,0.07841985,0.0787421,0.0
2026-07-23 11:00:00,0.078695,0.078695,0.07811505,0.0783224,0.0
2026-07-23 12:00:00,0.07834975,0.0785907,0.07717185,0.0776625,0.0
2026-07-23 13:00:00,0.0776235,0.07774,0.077074,0.077408,0.0
2026-07-23 14:00:00,0.077384,0.07791605,0.0773148,0.0775516,0.0
2026-07-23 15:00:00,0.0775192,0.07777315,0.0771805,0.07777315,0.0
2026-07-23 16:00:00,0.077691,0.0778489,0.077379,0.0775517,69.813515291
2026-07-23 17:00:00,0.07758725,0.0778687,0.0769835,0.077025,0.0
2026-07-23 18:00:00,0.0770555,0.077401,0.07700145,0.0773064,0.0
2026-07-23 19:00:00,0.07734715,0.07734715,0.0766515,0.07698555,0.0
2026-07-23 20:00:00,0.0770389,0.0774852,0.0769772,0.077092,0.0
2026-07-23 21:00:00,0.07713,0.0776711,0.07708635,0.07720985,0.0
2026-07-23 22:00:00,0.077392,0.077392,0.077005,0.0770615,13.916313874
2026-07-23 23:00:00,0.0771341,0.0772338,0.07695,0.07698715,0.0
2026-07-24 00:00:00,0.0769263,0.07726475,0.0765809,0.0769974,0.0
2026-07-24 01:00:00,0.0769495,0.0774655,0.07687745,0.07727305,0.0
2026-07-24 02:00:00,0.07729415,0.0775935,0.0772,0.07724325,0.0
2026-07-24 03:00:00,0.0772015,0.07765935,0.0772015,0.077485,0.0
2026-07-24 04:00:00,0.0775246,0.0775525,0.07721215,0.07729,0.0
2026-07-24 05:00:00,0.077255,0.0774465,0.07719005,0.077385,0.0
2026-07-24 06:00:00,0.077339,0.077664,0.077265,0.077365,0.0
2026-07-24 07:00:00,0.07744315,0.07808765,0.07744315,0.0777111,0.0
2026-07-24 08:00:00,0.0776445,0.0776445,0.0774915,0.0775309,0.0
2026-07-24 09:00:00,0.07747575,0.07793015,0.07721,0.07793015,0.0
2026-07-24 10:00:00,0.07786815,0.07786815,0.07734915,0.077497,0.0
2026-07-24 11:00:00,0.077426,0.0779743,0.0773285,0.0779695,0.0
2026-07-24 12:00:00,0.07792,0.0785845,0.07777725,0.07828845,0.0
2026-07-24 13:00:00,0.0783467,0.0783467,0.07659245,0.07688625,0.0
2026-07-24 14:00:00,0.07695075,0.0772375,0.07668285,0.0772375,0.0
2026-07-24 15:00:00,0.077175,0.077271,0.07675845,0.076982,0.0
2026-07-24 16:00:00,0.0769084,0.0771416,0.076656,0.07692625,0.0
2026-07-24 17:00:00,0.07687175,0.0770646,0.07668165,0.07693,0.0
2026-07-24 18:00:00,0.0768935,0.0770637,0.0766755,0.0769806,0.0
2026-07-24 19:00:00,0.077042,0.07708495,0.07686835,0.0769504,0.0
2026-07-24 20:00:00,0.0769028,0.0770749,0.07684285,0.07688405,0.0
2026-07-24 21:00:00,0.07686,0.07687775,0.076272,0.076272,0.0
2026-07-24 22:00:00,0.076305,0.07642365,0.076272,0.076363,0.0
2026-07-24 23:00:00,0.0763997,0.0764515,0.07622615,0.0763467,0.0
2026-07-25 00:00:00,0.07629575,0.076349,0.0760565,0.0762415,0.0
2026-07-25 01:00:00,0.0762912,0.07636775,0.075989,0.075989,0.0
2026-07-25 02:00:00,0.07596,0.07596,0.07577,0.0757773,0.0
2026-07-25 03:00:00,0.075823,0.075865,0.07556,0.0756545,0.0
2026-07-25 04:00:00,0.0757235,0.075765,0.07563775,0.0756923,0.0
2026-07-25 05:00:00,0.0756586,0.0756586,0.0753583,0.0753583,0.0
2026-07-25 06:00:00,0.0753806,0.075546,0.0751815,0.07533,0.0
2026-07-25 07:00:00,0.0753829,0.07545095,0.0752753,0.07538,0.0
2026-07-25 08:00:00,0.075323,0.0753815,0.07518135,0.0752478,0.0
2026-07-25 09:00:00,0.07519,0.0753275,0.0750786,0.075242,0.0
2026-07-25 10:00:00,0.0751905,0.0752691,0.07509155,0.07525425,0.0
2026-07-25 11:00:00,0.075215,0.07524,0.0744005,0.0745431,0.0
2026-07-25 12:00:00,0.07459315,0.074972,0.0744706,0.074972,0.0
2026-07-25 13:00:00,0.07505165,0.07517,0.074899,0.0749712,0.0
2026-07-25 14:00:00,0.0749335,0.0749335,0.07460075,0.07476,0.0
2026-07-25 15:00:00,0.074744,0.0754657,0.07468995,0.075384,0.0
2026-07-25 16:00:00,0.0752873,0.07540855,0.0751775,0.075316,0.0
2026-07-25 17:00:00,0.07526695,0.0758644,0.07526695,0.0757935,0.0
2026-07-25 18:00:00,0.0758595,0.075945,0.0755595,0.0757635,0.0
2026-07-25 19:00:00,0.07568065,0.075751,0.075573,0.07560395,0.0
2026-07-25 20:00:00,0.0755449,0.0755449,0.0754081,0.075462,0.0
2026-07-25 21:00:00,0.0754375,0.0757682,0.0753805,0.0756755,0.0
2026-07-25 22:00:00,0.07569755,0.07723,0.07555315,0.076899,0.0
2026-07-25 23:00:00,0.076975,0.076975,0.0755717,0.0755717,0.0
2026-07-26 00:00:00,0.0756297,0.076052,0.0756297,0.07586275,0.0
2026-07-26 01:00:00,0.075935,0.0762375,0.0758465,0.0762375,0.0
2026-07-26 02:00:00,0.0762925,0.0770555,0.07628435,0.0770025,0.0
2026-07-26 03:00:00,0.07705,0.07706825,0.0766116,0.07686605,0.0
2026-07-26 04:00:00,0.07691325,0.0770211,0.0766607,0.076677,0.0
2026-07-26 05:00:00,0.076783,0.0767894,0.07657585,0.07669,0.0
2026-07-26 06:00:00,0.07673755,0.0769665,0.07626145,0.076817,0.0
2026-07-26 07:00:00,0.07684855,0.076859,0.07645,0.076559,59.281163856
2026-07-26 08:00:00,0.0765175,0.0765508,0.0759585,0.0759585,0.0
2026-07-26 09:00:00,0.0759425,0.075955,0.0750705,0.07522875,0.0
2026-07-26 10:00:00,0.07519835,0.075575,0.075095,0.0755317,0.0
2026-07-26 11:00:00,0.07548,0.07564785,0.0750625,0.075185,0.0
2026-07-26 12:00:00,0.0751225,0.0756292,0.075085,0.075285,0.0
2026-07-26 13:00:00,0.075251,0.0753615,0.0750453,0.07515,0.0
2026-07-26 14:00:00,0.07511,0.075282,0.0750505,0.0751494,0.0
2026-07-26 15:00:00,0.0750865,0.0754605,0.075054,0.07534885,0.0
2026-07-26 16:00:00,0.07538265,0.075655,0.07525,0.0753739,0.0
2026-07-26 17:00:00,0.0753265,0.075492,0.07528,0.07530165,0.0
2026-07-26 18:00:00,0.07527145,0.07545035,0.07527145,0.07536585,0.0
2026-07-26 19:00:00,0.0754055,0.075572,0.07535265,0.0754305,0.0
2026-07-26 20:00:00,0.07550765,0.0755515,0.0752963,0.0753585,0.0
2026-07-26 21:00:00,0.0754156,0.07558425,0.075375,0.075555,0.0
2026-07-26 22:00:00,0.0755895,0.0763375,0.0755895,0.0761389,0.0
2026-07-26 23:00:00,0.076175,0.076447,0.076175,0.07635575,0.0
2026-07-27 00:00:00,0.0763,0.0763817,0.0757742,0.0757742,0.0
2026-07-27 01:00:00,0.075725,0.075944,0.0755956,0.07573725,0.0
2026-07-27 02:00:00,0.075775,0.0758716,0.07575605,0.07583965,0.0
2026-07-27 03:00:00,0.0758628,0.07594045,0.07568625,0.0757061,0.0
2026-07-27 04:00:00,0.07573,0.075856,0.07560225,0.07560225,0.0
2026-07-27 05:00:00,0.0755502,0.075675,0.07547,0.07566,0.0
2026-07-27 06:00:00,0.075613,0.0759443,0.0752005,0.0752005,0.0
2026-07-27 07:00:00,0.07525465,0.07593615,0.07525465,0.075408,0.0
2026-07-27 08:00:00,0.07549745,0.0755096,0.07497,0.07497,0.0
2026-07-27 09:00:00,0.07489685,0.075278,0.07468435,0.07520175,0.0
2026-07-27 10:00:00,0.0751395,0.07515795,0.07496825,0.0749786,0.0
2026-07-27 11:00:00,0.07490775,0.07490775,0.0745497,0.0745497,0.0
2026-07-27 12:00:00,0.074589,0.074765,0.0742754,0.07449455,0.0
2026-07-27 13:00:00,0.0744198,0.074843,0.07416975,0.07437945,0.0
2026-07-27 14:00:00,0.0743477,0.07447,0.07085725,0.07185925,14.97035553
2026-07-27 15:00:00,0.071884,0.0728075,0.071857,0.072285,0.0
2026-07-27 16:00:00,0.0721735,0.072742,0.072076,0.072695,0.0
2026-07-27 17:00:00,0.072666,0.0727795,0.07255915,0.0726515,0.0
2026-07-27 18:00:00,0.07262,0.07262,0.0716865,0.0718574,0.0
2026-07-27 19:00:00,0.0719065,0.0720627,0.07165595,0.07178085,0.0
2026-07-27 20:00:00,0.07183825,0.0720545,0.0714658,0.072054,0.0
2026-07-27 21:00:00,0.07200485,0.07200485,0.0716625,0.07177,0.0
2026-07-27 22:00:00,0.07172815,0.07172815,0.06355,0.070085,0.0
2026-07-27 23:00:00,0.0700645,0.0706365,0.06949125,0.070552,0.0
2026-07-28 00:00:00,0.07049295,0.070669,0.0701695,0.07022615,0.0
2026-07-28 01:00:00,0.07025325,0.07026725,0.0687735,0.0691885,0.0
2026-07-28 02:00:00,0.0691595,0.06986695,0.0691025,0.069804,0.0
2026-07-28 03:00:00,0.0697481,0.0697605,0.0694585,0.0696535,0.0
2026-07-28 04:00:00,0.0697135,0.0701373,0.0695631,0.06969555,0.0
2026-07-28 05:00:00,0.0697325,0.0698835,0.069555,0.069555,0.0
2026-07-28 06:00:00,0.06960795,0.069641,0.06941195,0.06957,0.0
2026-07-28 07:00:00,0.06963,0.06966865,0.06889865,0.06895465,0.0
2026-07-28 08:00:00,0.06891485,0.069365,0.0688745,0.06915625,0.0
2026-07-28 09:00:00,0.06918815,0.06925735,0.068863,0.0689925,0.0
2026-07-28 10:00:00,0.0690079,0.06947,0.0690079,0.06927,0.0
2026-07-28 11:00:00,0.069292,0.069482,0.068989,0.06929695,0.0
2026-07-28 12:00:00,0.06932685,0.06976315,0.06912165,0.0697015,0.0
2026-07-28 13:00:00,0.06957,0.0697545,0.0686215,0.0691342,0.0
2026-07-28 14:00:00,0.069178,0.0698402,0.0690708,0.06973965,0.0
2026-07-28 15:00:00,0.06976755,0.0704476,0.0694517,0.0701095,0.0
2026-07-28 16:00:00,0.0701594,0.0703115,0.0698395,0.07028175,0.0
2026-07-28 17:00:00,0.0702194,0.0702194,0.0694725,0.0698625,0.0
2026-07-28 18:00:00,0.0698965,0.070075,0.06975,0.06975,0.0
2026-07-28 19:00:00,0.06977975,0.07014005,0.0696755,0.069978,0.0
2026-07-28 20:00:00,0.0700468,0.0700468,0.0694675,0.0695547,0.0
2026-07-28 21:00:00,0.0696352,0.0698653,0.0695705,0.0697905,0.0
2026-07-28 22:00:00,0.0697686,0.0697686,0.0692644,0.069275,0.0
2026-07-28 23:00:00,0.0693285,0.06975905,0.06925815,0.069652,0.0
2026-07-29 00:00:00,0.0697266,0.07031735,0.0697266,0.069775,0.0
2026-07-29 01:00:00,0.069807,0.06984575,0.06885365,0.0690055,0.0
2026-07-29 02:00:00,0.06905615,0.069555,0.06890185,0.06916155,0.0
2026-07-29 03:00:00,0.06914455,0.0693455,0.067942,0.067942,0.0
2026-07-29 04:00:00,0.0679795,0.0685448,0.06777025,0.0682499,0.0
2026-07-29 05:00:00,0.0682975,0.06863495,0.06816355,0.06849,0.0
2026-07-29 06:00:00,0.0684764,0.068732,0.068265,0.0686256,0.0
2026-07-29 07:00:00,0.0685936,0.06887145,0.0685639,0.06887145,0.0
2026-07-29 08:00:00,0.068919,0.068919,0.068385,0.0684685,0.0
2026-07-29 09:00:00,0.0685612,0.0687595,0.0680505,0.06825175,0.0
2026-07-29 10:00:00,0.0681941,0.0681941,0.0674874,0.06755,0.0
2026-07-29 11:00:00,0.0676175,0.067969,0.06717655,0.06747735,0.0
2026-07-29 12:00:00,0.06745515,0.06916855,0.067019,0.06807905,0.0
2026-07-29 13:00:00,0.06800835,0.06814565,0.0674973,0.06814565,0.0
2026-07-29 14:00:00,0.0681935,0.068295,0.06732685,0.067381,0.0
2026-07-29 15:00:00,0.0673416,0.06765,0.067165,0.06745635,0.0
2026-07-29 16:00:00,0.0674084,0.06774965,0.0671715,0.0672875,0.0
2026-07-29 17:00:00,0.06725085,0.06786315,0.0672233,0.06786315,0.0
2026-07-29 18:00:00,0.06789535,0.0685906,0.0676799,0.0683816,0.0
2026-07-29 19:00:00,0.0683512,0.068505,0.0665545,0.0666735,0.0
2026-07-29 20:00:00,0.0666265,0.0668251,0.0659,0.0659969,0.0
2026-07-29 21:00:00,0.06594285,0.06618,0.06567845,0.066155,0.0
2026-07-29 22:00:00,0.066185,0.066867,0.06606425,0.06606425,0.0
2026-07-29 23:00:00,0.06603,0.0661015,0.06590225,0.06590225,0.0
2026-07-30 00:00:00,0.0659,0.0659,0.0649431,0.0649525,445.0
2026-07-30 01:00:00,0.0649085,0.06604885,0.064855,0.065742,0.0
2026-07-30 02:00:00,0.0657827,0.0658742,0.06556355,0.06556355,0.0
2026-07-30 03:00:00,0.06553,0.066565,0.065385,0.0664841,76.899696048
2026-07-30 04:00:00,0.066504,0.066955,0.0662715,0.066862,0.0
2026-07-30 05:00:00,0.066895,0.06725,0.06678185,0.06698475,676.453055141
2026-07-30 06:00:00,0.067035,0.06749275,0.0669894,0.0674659,0.0
2026-07-30 07:00:00,0.067547,0.06785,0.06746695,0.0674748,0.0
2026-07-30 08:00:00,0.06741635,0.067744,0.0673555,0.06764525,0.0
2026-07-30 09:00:00,0.0676225,0.06773935,0.0672615,0.067325,0.0
2026-07-30 10:00:00,0.0673626,0.067566,0.0667507,0.0667507,0.0
2026-07-30 11:00:00,0.0667015,0.0670365,0.06662065,0.066778,0.0
2026-07-30 12:00:00,0.066735,0.066735,0.066144,0.06626,0.0
2026-07-30 13:00:00,0.06622705,0.066711,0.0659835,0.0665964,0.0
2026-07-30 14:00:00,0.0666543,0.0667269,0.06635275,0.0664695,0.0
2026-07-30 15:00:00,0.0663995,0.0663995,0.065697,0.06578045,0.0
2026-07-30 16:00:00,0.06575715,0.065794,0.06499375,0.06499375,158.205142134
2026-07-30 17:00:00,0.0650705,0.06649,0.064974,0.066179,330.696895099
2026-07-30 18:00:00,0.06612295,0.0663755,0.06568275,0.0657778,0.0
2026-07-30 19:00:00,0.065849,0.0667748,0.06569705,0.06665985,0.0
2026-07-30 20:00:00,0.066625,0.066981,0.0665426,0.066589,0.0
2026-07-30 21:00:00,0.0665456,0.0668895,0.066409,0.0664995,0.0
2026-07-30 22:00:00,0.0664095,0.066582,0.06569,0.0657027,0.0
2026-07-30 23:00:00,0.0657579,0.0660705,0.0654205,0.06568235,0.0
2026-07-31 00:00:00,0.06563125,0.06578555,0.065184,0.06570675,0.0
2026-07-31 01:00:00,0.06573325,0.06630275,0.065379,0.06558,0.0
2026-07-31 02:00:00,0.065493,0.0657025,0.06489185,0.0648925,0.0
2026-07-31 03:00:00,0.0648251,0.0655921,0.06478535,0.0653986,0.0
2026-07-31 04:00:00,0.06537025,0.0657336,0.06537025,0.0654815,0.0
2026-07-31 05:00:00,0.0655184,0.06588,0.06548,0.065796,0.0
2026-07-31 06:00:00,0.0658453,0.0659401,0.0654706,0.0656094,0.0
2026-07-31 07:00:00,0.0655848,0.0658645,0.06509,0.06581725,0.0
2026-07-31 08:00:00,0.06586,0.0660635,0.0652785,0.0652815,0.0
2026-07-31 09:00:00,0.06532245,0.06535,0.0647195,0.0647195,0.0
2026-07-31 10:00:00,0.0646703,0.06499675,0.0642605,0.064961,0.0
2026-07-31 11:00:00,0.0649945,0.06526,0.064773,0.064773,0.0
2026-07-31 12:00:00,0.0648124,0.06531725,0.0644955,0.06531725,0.0
2026-07-31 13:00:00,0.0652912,0.06542865,0.06447485,0.0645515,0.0
2026-07-31 14:00:00,0.064605,0.0646905,0.0639416,0.06415835,0.0
2026-07-31 15:00:00,0.06413085,0.0642603,0.063995,0.063995,0.0
2026-07-31 16:00:00,0.0640185,0.064287,0.063983,0.064287,0.0
2026-07-31 17:00:00,0.064245,0.064405,0.0640992,0.06437035,0.0
2026-07-31 18:00:00,0.06439,0.064557,0.0640633,0.064263,0.0
2026-07-31 19:00:00,0.06430675,0.0643775,0.06409575,0.0641105,0.0
2026-07-31 20:00:00,0.064157,0.0643885,0.0640339,0.0641668,0.0
2026-07-31 21:00:00,0.0642075,0.064298,0.06405365,0.064072,0.0
2026-07-31 22:00:00,0.06410865,0.06435895,0.06410865,0.06426,0.0
2026-07-31 23:00:00,0.06431,0.065513,0.06431,0.064677,28.002887732
2026-08-01 00:00:00,0.0646985,0.0650655,0.0644528,0.0648025,0.0
2026-08-01 01:00:00,0.064812,0.0660565,0.064812,0.065988,0.0
2026-08-01 02:00:00,0.0660291,0.0662711,0.06569835,0.0659974,0.0
2026-08-01 03:00:00,0.06605,0.06636535,0.065595,0.06578465,0.0
2026-08-01 04:00:00,0.0658399,0.0660126,0.0655,0.06557,0.0
2026-08-01 05:00:00,0.065525,0.0658158,0.06527505,0.0653545,0.0
2026-08-01 06:00:00,0.0654025,0.065975,0.0653157,0.0658645,0.0
2026-08-01 07:00:00,0.065839,0.0663239,0.06575955,0.065765,0.0
2026-08-01 08:00:00,0.065825,0.0660183,0.0655802,0.0659,0.0
2026-08-01 09:00:00,0.0658692,0.066355,0.0658385,0.06594,50.367017502
2026-08-01 10:00:00,0.0659595,0.0664994,0.0657245,0.0663931,51.850002462
2026-08-01 11:00:00,0.066465,0.06666525,0.06606495,0.06606495,0.0
2026-08-01 12:00:00,0.066125,0.066159,0.06551,0.06568285,17.13481427
2026-08-01 13:00:00,0.065645,0.0658017,0.0655066,0.065701,0.0
2026-08-01 14:00:00,0.065749,0.06616175,0.065664,0.06616175,0.0
2026-08-01 15:00:00,0.06616945,0.0667157,0.06603695,0.06606,0.0
2026-08-01 16:00:00,0.0661201,0.0666648,0.06578465,0.06578465,0.0
2026-08-01 17:00:00,0.06583385,0.065994,0.06498285,0.065266,33.811900118
2026-08-01 18:00:00,0.0652115,0.0652115,0.06423,0.064888,0.0
2026-08-01 19:00:00,0.06484,0.06558155,0.06479375,0.06558155,0.0
2026-08-01 20:00:00,0.065555,0.06588,0.065102,0.0655914,0.0
2026-08-01 21:00:00,0.065643,0.0659095,0.065175,0.06524515,0.0
2026-08-01 22:00:00,0.0652975,0.065612,0.0652554,0.0655802,0.0
2026-08-01 23:00:00,0.06554525,0.0656963,0.0652098,0.06528435,0.0
2026-08-02 00:00:00,0.0652135,0.0653946,0.0650646,0.0650646,0.0
2026-08-02 01:00:00,0.06512975,0.065555,0.0650945,0.06534,0.0
2026-08-02 02:00:00,0.06529,0.065925,0.0651878,0.065496,0.0
2026-08-02 03:00:00,0.0655415,0.0655415,0.06535465,0.06535465,0.0
2026-08-02 04:00:00,0.065388,0.06585145,0.065388,0.06566795,0.0
2026-08-02 05:00:00,0.0656355,0.065986,0.065581,0.06578025,0.0
2026-08-02 06:00:00,0.065745,0.0658778,0.0654,0.0654725,0.0
2026-08-02 07:00:00,0.0655088,0.0655088,0.065471,0.065471,0.0
2026-08-02 08:00:00,0.065435,0.06544295,0.0651,0.065199,0.0
2026-08-02 09:00:00,0.0652345,0.06556965,0.06510595,0.0654985,0.0
2026-08-02 10:00:00,0.0654685,0.06561,0.0652635,0.0652635,0.0
2026-08-02 11:00:00,0.0653095,0.06579275,0.065301,0.06578,0.0
2026-08-02 12:00:00,0.06581695,0.066205,0.065656,0.0660571,0.0
2026-08-02 13:00:00,0.0660105,0.0667495,0.0660105,0.0665601,0.0
2026-08-02 14:00:00,0.06650905,0.067345,0.06627715,0.06688715,0.0
2026-08-02 15:00:00,0.066955,0.06728335,0.06628185,0.06696,0.0
2026-08-02 16:00:00,0.067,0.0676045,0.06679,0.066793,0.0
2026-08-02 17:00:00,0.0668655,0.0669565,0.06629625,0.0667772,0.0
2026-08-02 18:00:00,0.0667286,0.0667595,0.0663659,0.0664503,0.0
2026-08-02 19:00:00,0.0664048,0.0665055,0.0661496,0.066175,0.0
2026-08-02 20:00:00,0.0662605,0.06630195,0.06598905,0.066296,0.0
2026-08-02 21:00:00,0.0662684,0.06667305,0.0662684,0.0666622,0.0
2026-08-02 22:00:00,0.0666205,0.06667955,0.06622145,0.0664508,0.0
2026-08-02 23:00:00,0.06649615,0.06649615,0.066058,0.0662495,0.0
2026-08-03 00:00:00,0.0662165,0.06674415,0.066075,0.066075,0.0
2026-08-03 01:00:00,0.0661519,0.06646,0.06568205,0.06646,0.0
2026-08-03 02:00:00,0.06649775,0.06710985,0.06598785,0.06652,0.0
2026-08-03 03:00:00,0.06648,0.06648,0.0657557,0.06604265,0.0
2026-08-03 04:00:00,0.06606615,0.066435,0.06596225,0.06596225,0.0
2026-08-03 05:00:00,0.0660028,0.0662535,0.0655686,0.06567785,0.0
2026-08-03 06:00:00,0.065615,0.065734,0.06505225,0.06505225,0.0
2026-08-03 07:00:00,0.0651041,0.06537295,0.06495945,0.0651295,0.0
2026-08-03 08:00:00,0.06509025,0.06509025,0.06437235,0.06496,0.0
2026-08-03 09:00:00,0.06489025,0.06524795,0.06481815,0.0651643,0.0
2026-08-03 10:00:00,0.06513435,0.06513435,0.06488295,0.065095,0.0
2026-08-03 11:00:00,0.06506,0.06515395,0.064986,0.06506,0.0
2026-08-03 12:00:00,0.0650203,0.06523365,0.06483025,0.0650953,0.0
2026-08-03 13:00:00,0.06515245,0.0671402,0.065078,0.0669741,0.0
2026-08-03 14:00:00,0.067008,0.0675135,0.0664865,0.0666978,0.0
2026-08-03 15:00:00,0.0666618,0.0667587,0.06645355,0.06663195,0.0
2026-08-03 16:00:00,0.0666195,0.066745,0.066405,0.06667,0.0
2026-08-03 17:00:00,0.0666075,0.066685,0.0663857,0.0665221,0.0
2026-08-03 18:00:00,0.06649,0.06667605,0.066374,0.066374,0.0
2026-08-03 19:00:00,0.0663535,0.0666489,0.0661318,0.0661978,0.0
2026-08-03 20:00:00,0.0662412,0.066761,0.0662412,0.066761,0.0
2026-08-03 21:00:00,0.0667325,0.0669695,0.0666585,0.06688105,0.0
2026-08-03 22:00:00,0.06682,0.06682,0.066204,0.06625955,177.328846886
2026-08-03 23:00:00,0.0662285,0.0662285,0.065964,0.066034,22.492611592
2026-08-04 00:00:00,0.06598565,0.0661705,0.0658801,0.0658801,0.0
2026-08-04 01:00:00,0.06590595,0.0669365,0.065885,0.0666385,0.0
2026-08-04 02:00:00,0.066602,0.067075,0.066359,0.0666871,0.0
2026-08-04 03:00:00,0.0666555,0.0666555,0.066253,0.066275,0.0
2026-08-04 04:00:00,0.0662459,0.066848,0.0661925,0.066754,0.0
2026-08-04 05:00:00,0.06678685,0.06678685,0.0664769,0.0667355,0.0
2026-08-04 06:00:00,0.0666885,0.0666885,0.06621715,0.06628425,0.0
2026-08-04 07:00:00,0.06623,0.06659805,0.06596095,0.066316,0.0
2026-08-04 08:00:00,0.066253,0.06629855,0.066051,0.066051,0.0
2026-08-04 09:00:00,0.06602,0.0660572,0.065563,0.0656749,0.0
2026-08-04 10:00:00,0.06572365,0.0657922,0.065345,0.0656,0.0
2026-08-04 11:00:00,0.0655635,0.0656519,0.0653846,0.06540755,0.0
2026-08-04 12:00:00,0.065346,0.065386,0.0652,0.0652,0.0
2026-08-04 13:00:00,0.06515235,0.0656171,0.0651475,0.065382,0.0
2026-08-04 14:00:00,0.0653308,0.0653799,0.065033,0.06527705,0.0
2026-08-04 15:00:00,0.06532,0.065742,0.06526,0.06547445,0.0
2026-08-04 16:00:00,0.0655195,0.0657404,0.065365,0.0656048,0.0
2026-08-04 17:00:00,0.065662,0.0657706,0.0654495,0.065599,0.0
2026-08-04 18:00:00,0.065633,0.06587,0.06550095,0.065705,0.0
2026-08-04 19:00:00,0.06575135,0.066035,0.06575135,0.0658043,0.0
2026-08-04 20:00:00,0.06578425,0.0660913,0.06549115,0.06600045,0.0
2026-08-04 21:00:00,0.06593,0.0660605,0.0655928,0.0655928,0.0
2026-08-04 22:00:00,0.0656384,0.0658,0.0655865,0.0656925,0.0
2026-08-04 23:00:00,0.065745,0.0659811,0.0655082,0.065555,0.0
2026-08-05 00:00:00,0.06552,0.0658649,0.065439,0.0656831,0.0
2026-08-05 01:00:00,0.0656488,0.06683335,0.0656109,0.066767,0.0
2026-08-05 02:00:00,0.0667803,0.0667803,0.066225,0.0667099,0.0
2026-08-05 03:00:00,0.0667487,0.0668075,0.0663081,0.066709,0.0
2026-08-05 04:00:00,0.06665275,0.0672476,0.066601,0.06711,0.0
2026-08-05 05:00:00,0.067146,0.067975,0.06707,0.067975,26.274852523
2026-08-05 06:00:00,0.0680245,0.0695929,0.0677895,0.068406,0.0
2026-08-05 07:00:00,0.068452,0.0684745,0.06763,0.06763,0.0
2026-08-05 08:00:00,0.06768515,0.06768515,0.066885,0.067013,0.0
2026-08-05 09:00:00,0.06698,0.06749815,0.06698,0.06739535,0.0
2026-08-05 10:00:00,0.0673711,0.0673711,0.066606,0.066885,0.0
2026-08-05 11:00:00,0.06685835,0.06719,0.066471,0.0666011,0.0
2026-08-05 12:00:00,0.0665767,0.066763,0.06639,0.06667545,0.0
2026-08-05 13:00:00,0.066633,0.0668581,0.0663185,0.06669395,0.0
2026-08-05 14:00:00,0.0667315,0.06687,0.0664978,0.06677445,0.0
2026-08-05 15:00:00,0.0668181,0.0673159,0.06670565,0.0670115,0.0
2026-08-05 16:00:00,0.06697145,0.067803,0.06697,0.0675735,0.0
2026-08-05 17:00:00,0.0676345,0.068082,0.06749035,0.0679815,0.0
2026-08-05 18:00:00,0.06794905,0.06794905,0.0674807,0.06765765,0.0
2026-08-05 19:00:00,0.0675995,0.067737,0.067236,0.06730185,0.0
2026-08-05 20:00:00,0.06726305,0.06757815,0.0671775,0.0673745,0.0
2026-08-05 21:00:00,0.06731,0.0676185,0.0672731,0.0673365,33.966358098
2026-08-05 22:00:00,0.067355,0.067363,0.0670829,0.0670829,34.630657367
2026-08-05 23:00:00,0.0670285,0.067095,0.06688,0.066964,0.0
2026-08-06 00:00:00,0.06693865,0.067772,0.0668933,0.067742,17.59322353
2026-08-06 01:00:00,0.0677177,0.06775,0.06631,0.06631,54.861859602
2026-08-06 02:00:00,0.066345,0.06669,0.0662875,0.06644245,0.0
2026-08-06 03:00:00,0.06645405,0.0665628,0.06625115,0.06629195,35.995127038
2026-08-06 04:00:00,0.0662655,0.06666235,0.0662655,0.06658,0.0
2026-08-06 05:00:00,0.0666245,0.066805,0.06649875,0.06665725,0.0
2026-08-06 06:00:00,0.0666785,0.0668635,0.0666525,0.0668409,0.0
2026-08-06 07:00:00,0.06686,0.0669843,0.066788,0.066788,0.0
2026-08-06 08:00:00,0.06675445,0.06686535,0.066677,0.06686535,0.0
2026-08-06 09:00:00,0.0669485,0.0670423,0.06630435,0.0663873,17.417417417
2026-08-06 10:00:00,0.066356,0.06657295,0.0662771,0.066333,0.0
2026-08-06 11:00:00,0.06631265,0.0664789,0.066239,0.0664789,0.0
2026-08-06 12:00:00,0.06644595,0.0666499,0.06631805,0.06631805,0.0
2026-08-06 13:00:00,0.0663475,0.06694835,0.06620195,0.066842,0.0
2026-08-06 14:00:00,0.066777,0.06737805,0.06670935,0.06737805,0.0
2026-08-06 15:00:00,0.067333,0.06735815,0.06670935,0.0667605,0.0
2026-08-06 16:00:00,0.0668007,0.06747505,0.0668007,0.06726575,0.0
2026-08-06 17:00:00,0.06729,0.06737975,0.066939,0.067064,0.0
2026-08-06 18:00:00,0.0670166,0.06706345,0.0666355,0.066778,0.0
2026-08-06 19:00:00,0.06680645,0.0669085,0.06664985,0.0667895,0.0
2026-08-06 20:00:00,0.066865,0.06705215,0.066865,0.0669711,0.0
2026-08-06 21:00:00,0.0670139,0.0675044,0.0669582,0.0674352,0.0
2026-08-06 22:00:00,0.0674767,0.06747875,0.0672925,0.0672925,0.0
2026-08-06 23:00:00,0.06724915,0.067385,0.066795,0.0669615,134.008553848
2026-08-07 00:00:00,0.066925,0.06724025,0.06688795,0.0671688,0.0
2026-08-07 01:00:00,0.0672285,0.06739385,0.0670636,0.067195,0.0
2026-08-07 02:00:00,0.06723045,0.0675675,0.067095,0.067099,0.0
2026-08-07 03:00:00,0.0671495,0.067343,0.06686275,0.0669075,0.0
2026-08-07 04:00:00,0.0668545,0.0671,0.0668037,0.0670618,0.0
2026-08-07 05:00:00,0.0670631,0.068062,0.067028,0.0677805,98.665818313
2026-08-07 06:00:00,0.06781325,0.068065,0.067807,0.06787575,0.0
2026-08-07 07:00:00,0.0678262,0.06803,0.067804,0.0679673,0.0
2026-08-07 08:00:00,0.06796,0.0680075,0.067535,0.0675575,0.0
2026-08-07 09:00:00,0.067523,0.067574,0.0672041,0.0672041,0.0
2026-08-07 10:00:00,0.06717075,0.06769415,0.0671411,0.0673665,0.0
2026-08-07 11:00:00,0.0673354,0.067521,0.06718,0.06740315,16.74074074
2026-08-07 12:00:00,0.067384,0.06760775,0.067159,0.0672138,22.215310792
2026-08-07 13:00:00,0.06717,0.067359,0.06716595,0.067295,0.0
2026-08-07 14:00:00,0.06726505,0.0675005,0.0670155,0.0671065,0.0
2026-08-07 15:00:00,0.06714,0.0674637,0.06714,0.06725825,0.0
2026-08-07 16:00:00,0.067223,0.06741015,0.06707,0.06708045,0.0
2026-08-07 17:00:00,0.0670365,0.06761665,0.067003,0.06731,0.0
2026-08-07 18:00:00,0.06736885,0.06738,0.06715855,0.0672305,0.0
2026-08-07 19:00:00,0.06727375,0.0675075,0.0671155,0.0671845,122.299225438
2026-08-07 20:00:00,0.0671485,0.0671714,0.067065,0.0671086,0.0
2026-08-07 21:00:00,0.067132,0.067224,0.0671,0.06718495,0.0
2026-08-07 22:00:00,0.067145,0.067145,0.066978,0.06711745,0.0
2026-08-07 23:00:00,0.0671825,0.067289,0.067178,0.0672377,0.0
2026-08-08 00:00:00,0.06718915,0.0672173,0.06691475,0.06691475,0.0
2026-08-08 01:00:00,0.06696145,0.0670786,0.0669065,0.0670015,0.0
2026-08-08 02:00:00,0.06701905,0.0675155,0.06701905,0.06737815,0.0
2026-08-08 03:00:00,0.06733505,0.06738,0.0671881,0.067317,0.0
2026-08-08 04:00:00,0.06737465,0.0673986,0.0672685,0.0672685,0.0
2026-08-08 05:00:00,0.0673165,0.0674315,0.06729,0.0674315,0.0
2026-08-08 06:00:00,0.06746,0.067476,0.067335,0.06734025,35.608308605
2026-08-08 07:00:00,0.0673655,0.06748,0.06734045,0.06734045,0.0
2026-08-08 08:00:00,0.0673266,0.0674723,0.0673266,0.06739355,0.0
2026-08-08 09:00:00,0.0673965,0.067695,0.0673965,0.06759,16.568812541
2026-08-08 10:00:00,0.067606,0.067685,0.0675701,0.06761,0.0
2026-08-08 11:00:00,0.067605,0.067605,0.0674388,0.0674388,0.0
2026-08-08 12:00:00,0.0674515,0.067615,0.0674382,0.0675,0.0
2026-08-08 13:00:00,0.06752395,0.0676,0.06736,0.06736,0.0
2026-08-08 14:00:00,0.0673811,0.06767,0.0673811,0.0674839,0.0
2026-08-08 15:00:00,0.06755,0.0676196,0.0673605,0.06739485,104.346704426
2026-08-08 16:00:00,0.067412,0.06756065,0.06738465,0.0674433,0.0
2026-08-08 17:00:00,0.067417,0.06755,0.0673355,0.067415,42.581602373
2026-08-08 18:00:00,0.0673925,0.0673925,0.0672115,0.06722855,49.479940564
2026-08-08 19:00:00,0.067225,0.06746125,0.0672069,0.0673425,0.0
2026-08-08 20:00:00,0.0673858,0.0675,0.067335,0.0675,0.0
2026-08-08 21:00:00,0.06747,0.06752715,0.06739545,0.0674675,0.0
2026-08-08 22:00:00,0.06744255,0.06748845,0.067335,0.067335,0.0
2026-08-08 23:00:00,0.06732,0.06733145,0.067215,0.067295,0.0
2026-08-09 00:00:00,0.067315,0.06765735,0.0672755,0.0675092,0.0
2026-08-09 01:00:00,0.067523,0.06761415,0.0674915,0.06756,0.0
2026-08-09 02:00:00,0.06755485,0.0675618,0.0674345,0.067485,0.0
2026-08-09 03:00:00,0.06746585,0.0675145,0.0674183,0.067507,0.0
2026-08-09 04:00:00,0.06755945,0.068383,0.06755945,0.068383,117.785637942
2026-08-09 05:00:00,0.068365,0.0683785,0.0677986,0.06790415,0.0
2026-08-09 06:00:00,0.0679462,0.0690515,0.0679462,0.06888435,37.000489475
2026-08-09 07:00:00,0.06884025,0.06884025,0.0680035,0.068078,0.0
2026-08-09 08:00:00,0.06803555,0.06825035,0.0678638,0.0678813,0.0
2026-08-09 09:00:00,0.06796665,0.0680843,0.06772875,0.067866,0.0
2026-08-09 10:00:00,0.06781135,0.06781135,0.067451,0.06756615,0.0
2026-08-09 11:00:00,0.06758355,0.06788115,0.06758355,0.067765,0.0
2026-08-09 12:00:00,0.06774,0.06774,0.067472,0.0677069,130.375681977
2026-08-09 13:00:00,0.0676895,0.06781595,0.06767375,0.06769,0.0
2026-08-09 14:00:00,0.067675,0.067882,0.067675,0.0678665,0.0
2026-08-09 15:00:00,0.06781035,0.06788,0.0677375,0.06788,0.0
2026-08-09 16:00:00,0.06784275,0.0683378,0.06769325,0.0681812,0.0
2026-08-09 17:00:00,0.0681205,0.068281,0.06806855,0.068103,0.0
2026-08-09 18:00:00,0.0680165,0.0680619,0.067827,0.06787575,0.0
2026-08-09 19:00:00,0.0678375,0.06815375,0.0678372,0.06796685,0.0
2026-08-09 20:00:00,0.06793685,0.068148,0.06781455,0.0681315,0.0
2026-08-09 21:00:00,0.0680975,0.06834595,0.0680765,0.0681,0.0
2026-08-09 22:00:00,0.0681485,0.068393,0.067725,0.0677714,0.0
2026-08-09 23:00:00,0.06774,0.0677583,0.0670074,0.06719205,298.38555703
2026-08-10 00:00:00,0.0671608,0.06780155,0.066979,0.06733735,0.0
2026-08-10 01:00:00,0.06732625,0.067657,0.067067,0.067429,0.0
2026-08-10 02:00:00,0.0674075,0.067423,0.066895,0.06715985,0.0
2026-08-10 03:00:00,0.0671325,0.06725875,0.0668639,0.0668639,0.0
2026-08-10 04:00:00,0.06692,0.0671369,0.066688,0.066688,0.0
2026-08-10 05:00:00,0.0667515,0.06704255,0.0667515,0.06687725,0.0
2026-08-10 06:00:00,0.06692395,0.0669672,0.066775,0.0668873,0.0
2026-08-10 07:00:00,0.066848,0.066904,0.066555,0.066555,0.0
2026-08-10 08:00:00,0.066602,0.06726155,0.066602,0.0669155,0.0
2026-08-10 09:00:00,0.0668555,0.06705635,0.066577,0.06698945,0.0
2026-08-10 10:00:00,0.0669412,0.06706105,0.066661,0.06671795,0.0
2026-08-10 11:00:00,0.06668415,0.0671282,0.06658465,0.0671282,0.0
2026-08-10 12:00:00,0.06716415,0.06720645,0.06687505,0.0669986,0.0
2026-08-10 13:00:00,0.067045,0.06716895,0.0665,0.0666974,0.0
2026-08-10 14:00:00,0.066743,0.066866,0.0664235,0.0664235,0.0
2026-08-10 15:00:00,0.0663863,0.0664545,0.06588,0.0662583,0.0
2026-08-10 16:00:00,0.06622185,0.066485,0.065905,0.066225,0.0
2026-08-10 17:00:00,0.0662795,0.0665039,0.066119,0.066411,0.0
2026-08-10 18:00:00,0.0664336,0.06659,0.06621265,0.06639545,66.563797845
2026-08-10 19:00:00,0.06635,0.06656185,0.066301,0.0665075,0.0
2026-08-10 20:00:00,0.0664441,0.0666585,0.06630815,0.06630815,38.438438438
2026-08-10 21:00:00,0.066279,0.066311,0.065897,0.065987,0.0
2026-08-10 22:00:00,0.0659351,0.0660745,0.06578065,0.0659775,0.0
2026-08-10 23:00:00,0.06593255,0.06624075,0.06586595,0.0660452,0.0
2026-08-11 00:00:00,0.066023,0.0661605,0.06591525,0.0660868,0.0
2026-08-11 01:00:00,0.066047,0.066112,0.065883,0.0660605,0.0
2026-08-11 02:00:00,0.066105,0.06618045,0.065877,0.06605295,0.0
2026-08-11 03:00:00,0.066065,0.0661713,0.0660465,0.0661713,0.0
2026-08-11 04:00:00,0.06614,0.06614,0.0655575,0.065603,40.151515151
2026-08-11 05:00:00,0.06556305,0.06567005,0.065265,0.06536905,0.0
2026-08-11 06:00:00,0.06533855,0.0653877,0.0650615,0.06516175,0.0
2026-08-11 07:00:00,0.0651263,0.06518,0.06491585,0.06495335,0.0
2026-08-11 08:00:00,0.0649242,0.0650001,0.06484845,0.064935,0.0
2026-08-11 09:00:00,0.0649105,0.0649825,0.0647285,0.06488975,911.0
2026-08-11 10:00:00,0.0648665,0.0649761,0.06448,0.064525,1574.0
2026-08-11 11:00:00,0.0645015,0.0647142,0.064493,0.0647142,0.0
2026-08-11 12:00:00,0.06467065,0.06469055,0.06446215,0.0645915,0.0
2026-08-11 13:00:00,0.06454085,0.064696,0.0644665,0.06458105,0.0
2026-08-11 14:00:00,0.0646075,0.064874,0.0644125,0.064435,0.0
2026-08-11 15:00:00,0.064453,0.064453,0.06269835,0.06328805,1058.0
2026-08-11 16:00:00,0.06322215,0.0643275,0.06301535,0.06370325,0.0
2026-08-11 17:00:00,0.06376,0.06408575,0.0634621,0.0634621,0.0
2026-08-11 18:00:00,0.063442,0.063442,0.0629823,0.06319595,0.0
2026-08-11 19:00:00,0.063165,0.063165,0.06268755,0.06301795,0.0
2026-08-11 20:00:00,0.0629825,0.0630885,0.06254775,0.0627827,0.0
2026-08-11 21:00:00,0.062745,0.06288645,0.062535,0.0628064,0.0
2026-08-11 22:00:00,0.0628595,0.0629131,0.06241225,0.0625985,0.0
2026-08-11 23:00:00,0.0625455,0.06261,0.062411,0.06258,121.810418975
2026-08-12 00:00:00,0.0625416,0.06259015,0.06169565,0.0617465,0.0
2026-08-12 01:00:00,0.0617005,0.0622803,0.061399,0.0621736,0.0
2026-08-12 02:00:00,0.06222255,0.06228415,0.0615107,0.06217355,134.075880022
2026-08-12 03:00:00,0.0621968,0.0623565,0.0616515,0.06220065,0.0
2026-08-12 04:00:00,0.0622465,0.063032,0.0621495,0.06293,37.777777777
2026-08-12 05:00:00,0.062949,0.06317595,0.06275335,0.0631025,41.626567994
2026-08-12 06:00:00,0.0630555,0.0632845,0.062565,0.06284955,0.0
2026-08-12 07:00:00,0.06277345,0.0632415,0.062645,0.062715,0.0
2026-08-12 08:00:00,0.06269665,0.0627026,0.062282,0.06255,85.654833254
2026-08-12 09:00:00,0.06261245,0.06299645,0.06241655,0.0624728,0.0
2026-08-12 10:00:00,0.062425,0.0625701,0.06176845,0.0622582,0.0
2026-08-12 11:00:00,0.062216,0.06247,0.0619723,0.06247,0.0
2026-08-12 12:00:00,0.06240765,0.0631294,0.06191905,0.0628,0.0
2026-08-12 13:00:00,0.06275985,0.0629927,0.06251,0.062779,0.0
2026-08-12 14:00:00,0.0627514,0.06288105,0.061716,0.061799,92.492974749
2026-08-12 15:00:00,0.061755,0.06202275,0.0616657,0.0616657,0.0
2026-08-12 16:00:00,0.06164195,0.06198,0.0614894,0.06171945,0.0
2026-08-12 17:00:00,0.061675,0.06171185,0.058383,0.05979795,121.0
2026-08-12 18:00:00,0.059752,0.06002,0.0591018,0.0592114,0.0
2026-08-12 19:00:00,0.059171,0.0592015,0.0586544,0.058806,0.0
2026-08-12 20:00:00,0.05873345,0.0589765,0.05826035,0.0582911,0.0
2026-08-12 21:00:00,0.05831785,0.05836,0.05734,0.0576187,0.0
2026-08-12 22:00:00,0.057575,0.05870475,0.05752245,0.058073,0.0
2026-08-12 23:00:00,0.0580197,0.05846895,0.057718,0.05846895,0.0
2026-08-13 00:00:00,0.058433,0.0585185,0.057894,0.057894,0.0
2026-08-13 01:00:00,0.0579265,0.058285,0.05789,0.05789,0.0
2026-08-13 02:00:00,0.05790955,0.058085,0.0577714,0.0580568,0.0
2026-08-13 03:00:00,0.0580805,0.0581904,0.0578931,0.05808565,0.0
2026-08-13 04:00:00,0.05812865,0.05828395,0.0580606,0.058065,0.0
2026-08-13 05:00:00,0.0581169,0.058915,0.0581169,0.058583,0.0
2026-08-13 06:00:00,0.05862215,0.05862215,0.0583075,0.0584752,0.0
2026-08-13 07:00:00,0.05843855,0.05847195,0.057887,0.0579,0.0
2026-08-13 08:00:00,0.05791,0.0584935,0.05791,0.05847,0.0
2026-08-13 09:00:00,0.05842005,0.058482,0.058156,0.0582877,0.0
2026-08-13 10:00:00,0.058248,0.05866975,0.058199,0.0584057,0.0
2026-08-13 11:00:00,0.05847605,0.058962,0.058274,0.0589202,0.0
2026-08-13 12:00:00,0.0588945,0.0592333,0.058759,0.05880925,0.0
2026-08-13 13:00:00,0.05878845,0.05888195,0.05851645,0.05851645,0.0
2026-08-13 14:00:00,0.0584872,0.05858685,0.058382,0.0583835,0.0
2026-08-13 15:00:00,0.058343,0.058455,0.057913,0.057913,0.0
2026-08-13 16:00:00,0.0579353,0.0579353,0.05709,0.05721,0.0
2026-08-13 17:00:00,0.05714585,0.05804745,0.0570965,0.05779455,0.0
2026-08-13 18:00:00,0.0577583,0.05807,0.057601,0.05768105,0.0
2026-08-13 19:00:00,0.05772265,0.05787745,0.05757435,0.05757435,0.0
2026-08-13 20:00:00,0.057611,0.057611,0.05737,0.0573997,0.0
2026-08-13 21:00:00,0.0574482,0.0576907,0.0574482,0.05762,0.0
2026-08-13 22:00:00,0.0576024,0.05760925,0.05726675,0.05728455,0.0
2026-08-13 23:00:00,0.057346,0.05748075,0.05689105,0.05740435,0.0
2026-08-14 00:00:00,0.057377,0.05751355,0.057005,0.05702655,0.0
2026-08-14 01:00:00,0.05698415,0.05698415,0.0563315,0.056665,0.0
2026-08-14 02:00:00,0.0567085,0.056925,0.0566785,0.0567825,0.0
2026-08-14 03:00:00,0.056745,0.056745,0.05646175,0.05648095,0.0
2026-08-14 04:00:00,0.056409,0.057172,0.056409,0.05679835,0.0
2026-08-14 05:00:00,0.0567794,0.05684215,0.056642,0.0567765,0.0
2026-08-14 06:00:00,0.0567432,0.0567432,0.056205,0.0562895,0.0
2026-08-14 07:00:00,0.0562612,0.05641955,0.05601,0.05628315,0.0
2026-08-14 08:00:00,0.05624985,0.056403,0.0560307,0.056395,0.0
2026-08-14 09:00:00,0.0564372,0.0564372,0.05574795,0.0558365,0.0
2026-08-14 10:00:00,0.05582175,0.0562135,0.05581755,0.0559024,0.0
2026-08-14 11:00:00,0.05592,0.05605565,0.0558,0.05581675,0.0
2026-08-14 12:00:00,0.0558105,0.05597495,0.055715,0.0557695,0.0
2026-08-14 13:00:00,0.055781,0.05605645,0.055757,0.0558035,0.474618954
2026-08-14 14:00:00,0.055816,0.0558871,0.0553175,0.0554015,42.0
2026-08-14 15:00:00,0.05535065,0.055992,0.0552176,0.055992,0.949237908
2026-08-14 16:00:00,0.05602295,0.0571969,0.05602295,0.05667665,0.0
2026-08-14 17:00:00,0.0566879,0.05719935,0.0566879,0.05691095,0.0
2026-08-14 18:00:00,0.0569435,0.057171,0.0567713,0.057097,0.0
2026-08-14 19:00:00,0.057054,0.05707775,0.0561271,0.05627575,0.0
2026-08-14 20:00:00,0.056307,0.0565668,0.05629065,0.05648165,0.0
2026-08-14 21:00:00,0.056523,0.056523,0.0560609,0.05609,0.0
2026-08-14 22:00:00,0.05613325,0.0564362,0.05613325,0.056351,0.0
2026-08-14 23:00:00,0.05639135,0.056731,0.0563536,0.0567066,0.0
2026-08-15 00:00:00,0.0566635,0.05680975,0.05657,0.0567015,0.0
2026-08-15 01:00:00,0.0567461,0.0567507,0.0564075,0.0564815,0.0
2026-08-15 02:00:00,0.05645805,0.0566241,0.0555796,0.05630965,0.0
2026-08-15 03:00:00,0.0562845,0.05642125,0.0561959,0.0561959,0.0
2026-08-15 04:00:00,0.05616,0.05662935,0.05616,0.05662935,0.0
2026-08-15 05:00:00,0.056676,0.0569259,0.0565815,0.0566097,0.0
2026-08-15 06:00:00,0.0566535,0.0573785,0.0566141,0.057005,0.0
2026-08-15 07:00:00,0.0570615,0.0573835,0.0569837,0.056995,0.0
2026-08-15 08:00:00,0.0570475,0.05737,0.0569945,0.0573595,0.0
2026-08-15 09:00:00,0.057393,0.05779085,0.0573823,0.05757325,0.0
2026-08-15 10:00:00,0.05759105,0.05790285,0.0575,0.05786645,0.0
2026-08-15 11:00:00,0.05784555,0.058341,0.0574928,0.0582135,0.0
2026-08-15 12:00:00,0.05826305,0.0591845,0.05826305,0.05869,0.474618954
2026-08-15 13:00:00,0.058745,0.05904525,0.05833275,0.05888495,0.0
2026-08-15 14:00:00,0.05893995,0.059008,0.058397,0.0584325,0.0
2026-08-15 15:00:00,0.0584654,0.0584985,0.0580651,0.058444,0.0
2026-08-15 16:00:00,0.058426,0.058873,0.058426,0.0587015,0.0
2026-08-15 17:00:00,0.0586655,0.059284,0.0585555,0.059284,0.0
2026-08-15 18:00:00,0.059332,0.0593694,0.0586658,0.0586784,0.0
2026-08-15 19:00:00,0.0587249,0.05885455,0.058491,0.0586121,0.0
2026-08-15 20:00:00,0.058656,0.058875,0.058394,0.05869335,0.0
2026-08-15 21:00:00,0.0587089,0.0587657,0.05858,0.0587657,0.0
2026-08-15 22:00:00,0.0587314,0.05894,0.058506,0.0586934,0.0
2026-08-15 23:00:00,0.058655,0.058655,0.05828005,0.0584543,0.0
2026-08-16 00:00:00,0.0584235,0.0586075,0.05811,0.05827995,0.0
2026-08-16 01:00:00,0.05823975,0.0585538,0.05800595,0.0584713,0.0
2026-08-16 02:00:00,0.0585008,0.0585008,0.058242,0.05845745,0.0
2026-08-16 03:00:00,0.0585,0.0592916,0.0585,0.05907,0.0
2026-08-16 04:00:00,0.05904,0.06049,0.05904,0.06049,74.706663519
2026-08-16 05:00:00,0.0604722,0.060524,0.05950195,0.05958,0.0
2026-08-16 06:00:00,0.059626,0.0599665,0.059251,0.059902,0.0
2026-08-16 07:00:00,0.059968,0.0600535,0.0591938,0.0591938,0.0
2026-08-16 08:00:00,0.059155,0.059309,0.0587729,0.0588895,47.0
2026-08-16 09:00:00,0.058929,0.0596852,0.05884365,0.0595995,0.0
2026-08-16 10:00:00,0.059575,0.060525,0.0594925,0.06051665,0.0
2026-08-16 11:00:00,0.0605,0.061083,0.060196,0.060286,38.498174888
2026-08-16 12:00:00,0.0602464,0.061109,0.06010185,0.060541,0.0
2026-08-16 13:00:00,0.0605685,0.0605685,0.0598512,0.06020265,0.0
2026-08-16 14:00:00,0.06023135,0.0607173,0.06020695,0.06020695,0.0
2026-08-16 15:00:00,0.06022145,0.06043835,0.06011275,0.06011715,0.0
2026-08-16 16:00:00,0.06009,0.0601285,0.0598,0.059905,0.0
2026-08-16 17:00:00,0.05986945,0.0601388,0.05982145,0.059881,0.0
2026-08-16 18:00:00,0.05993015,0.0599975,0.05978,0.05978935,0.0
2026-08-16 19:00:00,0.0597289,0.05979725,0.0594,0.0597269,0.0
2026-08-16 20:00:00,0.05976965,0.05976965,0.059371,0.0594005,0.0
2026-08-16 21:00:00,0.05935365,0.05939445,0.05886865,0.05891855,0.0
2026-08-16 22:00:00,0.0588855,0.05927475,0.05877,0.058994,0.0
2026-08-16 23:00:00,0.05896805,0.059404,0.05896805,0.0594039,0.0
2026-08-17 00:00:00,0.059386,0.060076,0.0592665,0.059988,0.0
2026-08-17 01:00:00,0.059945,0.05996,0.05969775,0.0597021,0.0
2026-08-17 02:00:00,0.0597565,0.0602,0.0596846,0.0600545,0.0
2026-08-17 03:00:00,0.0600212,0.06009,0.0598297,0.0599049,0.0
2026-08-17 04:00:00,0.0599291,0.05999915,0.05976175,0.0598831,0.0
2026-08-17 05:00:00,0.05984745,0.05999955,0.0598419,0.05986605,0.0
2026-08-17 06:00:00,0.059819,0.060006,0.0597135,0.0597665,0.0
2026-08-17 07:00:00,0.059735,0.05978835,0.0595288,0.05978835,0.0
2026-08-17 08:00:00,0.0598192,0.0598192,0.0590976,0.0590976,0.0
2026-08-17 09:00:00,0.059047,0.05931005,0.05884,0.05897605,0.0
2026-08-17 10:00:00,0.0590175,0.05907565,0.058805,0.05886015,0.0
2026-08-17 11:00:00,0.05891305,0.058979,0.05879,0.0588505,0.0
2026-08-17 12:00:00,0.05889275,0.058972,0.0587595,0.058805,0.0
2026-08-17 13:00:00,0.0588175,0.0588905,0.05873905,0.05873905,0.0
2026-08-17 14:00:00,0.05876,0.05897,0.0585613,0.05890625,96.101524185
2026-08-17 15:00:00,0.0588855,0.0589855,0.0587245,0.05898,0.0
2026-08-17 16:00:00,0.05891215,0.05891215,0.05871125,0.05871125,0.0
2026-08-17 17:00:00,0.058675,0.058716,0.058507,0.05855675,1.898475814
2026-08-17 18:00:00,0.058505,0.0587815,0.0584666,0.05849925,0.0
2026-08-17 19:00:00,0.05847925,0.05857375,0.05831,0.05831,0.0
2026-08-17 20:00:00,0.05835585,0.058582,0.058355,0.058461,0.0
2026-08-17 21:00:00,0.05850415,0.058659,0.05845405,0.0585531,0.0
2026-08-17 22:00:00,0.05851,0.0585698,0.05820375,0.05822645,0.0
2026-08-17 23:00:00,0.0582075,0.05848,0.0582,0.058479,0.0
2026-08-18 00:00:00,0.0584961,0.0584961,0.0581609,0.0581698,0.0
2026-08-18 01:00:00,0.05819415,0.05819415,0.0579185,0.057973,0.0
2026-08-18 02:00:00,0.0579964,0.0580785,0.057255,0.0573097,106.0
2026-08-18 03:00:00,0.05735,0.0575805,0.0572329,0.0575805,0.0
2026-08-18 04:00:00,0.05753205,0.057657,0.05735385,0.0576135,0.0
2026-08-18 05:00:00,0.05752935,0.05771785,0.05733535,0.05746305,0.0
2026-08-18 06:00:00,0.0574175,0.0578445,0.0574175,0.05767965,0.0
2026-08-18 07:00:00,0.057732,0.0581295,0.05763025,0.058129,0.0
2026-08-18 08:00:00,0.0580831,0.05836765,0.05781365,0.05818025,0.0
2026-08-18 09:00:00,0.0582168,0.058601,0.05817015,0.0583645,0.0
2026-08-18 10:00:00,0.0583955,0.05898835,0.058395,0.0587075,126.555842058
2026-08-18 11:00:00,0.0586797,0.058798,0.05856185,0.0586641,0.0
2026-08-18 12:00:00,0.0586375,0.0591927,0.05862355,0.05897185,0.0
2026-08-18 13:00:00,0.0589435,0.059795,0.05886805,0.05928,0.0
2026-08-18 14:00:00,0.05931215,0.05942725,0.0589898,0.0590346,0.0
2026-08-18 15:00:00,0.0590595,0.0594004,0.05903495,0.05910835,0.0
2026-08-18 16:00:00,0.05907,0.0593785,0.058705,0.05888235,0.0
2026-08-18 17:00:00,0.0588225,0.0588225,0.05856135,0.0585668,0.0
2026-08-18 18:00:00,0.0585225,0.05862165,0.05835055,0.05861405,0.0
2026-08-18 19:00:00,0.058634,0.0590307,0.0586009,0.05882075,0.0
2026-08-18 20:00:00,0.0588605,0.05921995,0.05852775,0.05858685,0.0
2026-08-18 21:00:00,0.0586255,0.05918785,0.0586255,0.059026,0.0
2026-08-18 22:00:00,0.0590623,0.0593166,0.0590623,0.05919,41.385135135
2026-08-18 23:00:00,0.059168,0.059301,0.059168,0.0592154,0.0
2026-08-19 00:00:00,0.059297,0.059532,0.05921855,0.0593105,0.0
2026-08-19 01:00:00,0.0593705,0.0593909,0.0591325,0.05917,0.0
2026-08-19 02:00:00,0.0591264,0.05919,0.05888,0.05892025,0.0
2026-08-19 03:00:00,0.05887415,0.05939735,0.05884,0.0592,0.0
2026-08-19 04:00:00,0.059115,0.059115,0.0588915,0.058995,0.0
2026-08-19 05:00:00,0.05902995,0.05910635,0.058945,0.0589925,0.0
2026-08-19 06:00:00,0.05895215,0.0589797,0.058714,0.0589555,0.0
2026-08-19 07:00:00,0.05893515,0.0591325,0.05880705,0.05893415,0.0
2026-08-19 08:00:00,0.0588826,0.0591784,0.058768,0.05879,0.0
2026-08-19 09:00:00,0.05876155,0.058885,0.058693,0.058738,0.0
2026-08-19 10:00:00,0.0587091,0.0588775,0.058594,0.0588775,0.0
2026-08-19 11:00:00,0.0588409,0.05940055,0.058781,0.058913,0.0
2026-08-19 12:00:00,0.058935,0.05910825,0.05883505,0.05888745,0.0
2026-08-19 13:00:00,0.0588558,0.058875,0.0587196,0.0587196,89.646893609
2026-08-19 14:00:00,0.0587395,0.0598305,0.058735,0.05978835,0.0
2026-08-19 15:00:00,0.0597475,0.0622088,0.059721,0.06093865,0.0
2026-08-19 16:00:00,0.0609715,0.062236,0.0609284,0.0617174,0.0
2026-08-19 17:00:00,0.06177035,0.06198555,0.061433,0.061595,0.0
2026-08-19 18:00:00,0.061617,0.0619525,0.0611335,0.0619505,0.0
2026-08-19 19:00:00,0.06190695,0.0620245,0.06144295,0.06195,54.910535778
2026-08-19 20:00:00,0.0619353,0.062811,0.0618,0.0626985,73.254458459
2026-08-19 21:00:00,0.062752,0.063745,0.062555,0.06314,36.635741408
2026-08-19 22:00:00,0.0631693,0.0632825,0.0626502,0.0627543,0.0
2026-08-19 23:00:00,0.06272545,0.062885,0.06259925,0.06280315,0.0
2026-08-20 00:00:00,0.0627445,0.06301125,0.06267765,0.06293835,0.0
2026-08-20 01:00:00,0.06292,0.0629695,0.0624195,0.06269205,38.155802861
2026-08-20 02:00:00,0.06265605,0.0627955,0.062297,0.062305,0.0
2026-08-20 03:00:00,0.062257,0.062274,0.061918,0.0622135,0.0
2026-08-20 04:00:00,0.0621513,0.06267,0.062134,0.0625994,0.0
2026-08-20 05:00:00,0.062631,0.062631,0.0621185,0.0621695,0.0
2026-08-20 06:00:00,0.062129,0.06259885,0.0620365,0.0623515,0.0
2026-08-20 07:00:00,0.06232875,0.0627088,0.062315,0.0627088,0.0
2026-08-20 08:00:00,0.0626758,0.0637955,0.06262075,0.06374,89.387467538
2026-08-20 09:00:00,0.06371,0.063764,0.06339795,0.0634249,0.0
2026-08-20 10:00:00,0.063474,0.06365,0.06332,0.06348685,0.0
2026-08-20 11:00:00,0.0634665,0.06369,0.063125,0.06338075,0.0
2026-08-20 12:00:00,0.06332,0.06365635,0.06311295,0.06363455,0.0
2026-08-20 13:00:00,0.06359,0.0639705,0.0633295,0.0639705,22.87719958
2026-08-20 14:00:00,0.0639492,0.064076,0.06361845,0.063892,0.0
2026-08-20 15:00:00,0.06392585,0.0645855,0.063905,0.0643085,44.691955504
2026-08-20 16:00:00,0.0643375,0.0649491,0.06408,0.0649491,60.305031328
2026-08-20 17:00:00,0.06499355,0.06499355,0.06465275,0.06475115,0.0
2026-08-20 18:00:00,0.06480865,0.06480865,0.06385325,0.0639096,0.0
2026-08-20 19:00:00,0.0638656,0.064105,0.06384105,0.06402315,0.0
2026-08-20 20:00:00,0.0639845,0.0658085,0.0639526,0.0656051,0.0
2026-08-20 21:00:00,0.065636,0.065815,0.0652435,0.0655085,0.0
2026-08-20 22:00:00,0.06558555,0.065807,0.06529,0.065661,0.0
2026-08-20 23:00:00,0.0656959,0.066348,0.0656959,0.066348,0.0
2026-08-21 00:00:00,0.06631205,0.067125,0.066233,0.066233,0.0
2026-08-21 01:00:00,0.0662065,0.0672352,0.0661293,0.067091,0.0
2026-08-21 02:00:00,0.067025,0.06727935,0.066742,0.06727935,0.0
2026-08-21 03:00:00,0.06726,0.06789715,0.0670645,0.0670645,59.882506193
2026-08-21 04:00:00,0.06707365,0.0673,0.0662353,0.0663215,0.0
2026-08-21 05:00:00,0.0663045,0.0663045,0.0656864,0.065986,0.0
2026-08-21 06:00:00,0.06595805,0.06615,0.0656074,0.06578,0.0
2026-08-21 07:00:00,0.06575,0.0665964,0.0657255,0.0663608,0.0
2026-08-21 08:00:00,0.0664017,0.06800035,0.06631,0.06793875,0.0
2026-08-21 09:00:00,0.0679815,0.0679815,0.0663753,0.0671011,0.0
2026-08-21 10:00:00,0.0671428,0.0681048,0.067099,0.0679436,0.0
2026-08-21 11:00:00,0.0679868,0.068666,0.0677177,0.068121,0.0
2026-08-21 12:00:00,0.0681582,0.0693875,0.06797425,0.06927,263.222411578
2026-08-21 13:00:00,0.0692085,0.0694788,0.0683169,0.0693883,0.0
2026-08-21 14:00:00,0.0694445,0.06958785,0.068697,0.069465,131.611205789
2026-08-21 15:00:00,0.06949625,0.0696795,0.0693,0.0694721,0.0
2026-08-21 16:00:00,0.0695195,0.0698899,0.06930065,0.069486,0.0
2026-08-21 17:00:00,0.0694555,0.069905,0.0693134,0.0698445,0.0
2026-08-21 18:00:00,0.069857,0.0699019,0.0687779,0.0691825,0.0
2026-08-21 19:00:00,0.069165,0.0694155,0.06852645,0.0690945,0.0
2026-08-21 20:00:00,0.0690335,0.0700835,0.0688261,0.0700486,0.0
2026-08-21 21:00:00,0.0700715,0.070994,0.07001065,0.070994,0.0
2026-08-21 22:00:00,0.07096215,0.0719045,0.070811,0.0717893,0.0
2026-08-21 23:00:00,0.07172235,0.0718,0.0711571,0.0716355,0.0
2026-08-22 00:00:00,0.07169135,0.07338795,0.07113435,0.0732253,0.0
2026-08-22 01:00:00,0.073281,0.07350555,0.07260775,0.072991,0.0
2026-08-22 02:00:00,0.0729509,0.0765115,0.0729509,0.076315,0.0
2026-08-22 03:00:00,0.07637,0.0775321,0.07603,0.0767776,0.0
2026-08-22 04:00:00,0.07683,0.07971,0.0764455,0.0794655,0.0
2026-08-22 05:00:00,0.0795115,0.0796895,0.07133755,0.075513,0.0
2026-08-22 06:00:00,0.0754745,0.0767855,0.07485625,0.076123,0.0
2026-08-22 07:00:00,0.0760641,0.07638885,0.075016,0.07599845,0.0
2026-08-22 08:00:00,0.076044,0.0766055,0.074207,0.0747944,0.0
2026-08-22 09:00:00,0.074835,0.074835,0.0715838,0.072817,0.0
2026-08-22 10:00:00,0.0727642,0.0727642,0.0707455,0.072403,0.0
2026-08-22 11:00:00,0.0723765,0.072514,0.07161,0.072203,0.0
2026-08-22 12:00:00,0.07214085,0.0723937,0.0714079,0.0718451,0.0
2026-08-22 13:00:00,0.0718815,0.072795,0.0717586,0.072385,0.0
2026-08-22 14:00:00,0.07240985,0.07240985,0.071226,0.0715232,0.0
2026-08-22 15:00:00,0.07146555,0.07164,0.07084655,0.07084655,0.0
2026-08-22 16:00:00,0.07082305,0.072286,0.070668,0.0722235,0.0
2026-08-22 17:00:00,0.0721965,0.072665,0.07187885,0.072556,0.0
2026-08-22 18:00:00,0.0725185,0.07263435,0.07197545,0.0723831,0.0
2026-08-22 19:00:00,0.0723585,0.07264,0.07204,0.0723605,0.0
2026-08-22 20:00:00,0.072291,0.07251265,0.071854,0.0721445,0.0
2026-08-22 21:00:00,0.07210385,0.07210385,0.070445,0.0707245,0.0
2026-08-22 22:00:00,0.07078935,0.071305,0.070465,0.0712005,0.0
2026-08-22 23:00:00,0.07118,0.071522,0.07091,0.07133005,68.515271471
2026-08-23 00:00:00,0.0712775,0.07232655,0.0711455,0.07196905,0.0
2026-08-23 01:00:00,0.071919,0.0719275,0.0707105,0.0707178,189.679247986
2026-08-23 02:00:00,0.0707,0.070819,0.070145,0.07030515,290.872305554
2026-08-23 03:00:00,0.07026,0.07026,0.06843265,0.06843265,259.508016994
2026-08-23 04:00:00,0.068454,0.0687175,0.0675552,0.067998,0.0
2026-08-23 05:00:00,0.0680565,0.06834145,0.0673646,0.0678715,0.0
2026-08-23 06:00:00,0.0679209,0.06842135,0.06778645,0.0681075,0.0
2026-08-23 07:00:00,0.0680629,0.06889035,0.06803,0.0688073,0.0
2026-08-23 08:00:00,0.0687744,0.0687909,0.0668497,0.0687341,0.0
2026-08-23 09:00:00,0.068764,0.0696277,0.068764,0.0696277,0.0
2026-08-23 10:00:00,0.06957135,0.0699555,0.0692926,0.06965285,0.0
2026-08-23 11:00:00,0.06962455,0.0704905,0.06953405,0.0702961,0.0
2026-08-23 12:00:00,0.0702493,0.070424,0.0698176,0.070071,0.0
2026-08-23 13:00:00,0.0700521,0.0713931,0.07001475,0.0712955,28.412249543
2026-08-23 14:00:00,0.07133,0.07214705,0.0700275,0.07124475,84.101885191
2026-08-23 15:00:00,0.0713145,0.072289,0.07079065,0.07168,0.0
2026-08-23 16:00:00,0.07173,0.0720117,0.071463,0.07183215,0.0
2026-08-23 17:00:00,0.07181,0.0721337,0.07141215,0.07166045,0.0
2026-08-23 18:00:00,0.071605,0.072058,0.0715566,0.071867,0.0
2026-08-23 19:00:00,0.0718115,0.07251665,0.07167285,0.07203025,0.0
2026-08-23 20:00:00,0.0719704,0.072244,0.0716665,0.0720367,0.0
2026-08-23 21:00:00,0.07210045,0.0729345,0.07210045,0.07241125,217.442596143
2026-08-23 22:00:00,0.072364,0.072434,0.07170705,0.07183445,0.0
2026-08-23 23:00:00,0.0718585,0.0719531,0.07127395,0.07156,0.0
2026-08-24 00:00:00,0.0716005,0.071608,0.0701075,0.0708365,0.0
2026-08-24 01:00:00,0.07085265,0.07093685,0.0692434,0.0692434,0.0
2026-08-24 02:00:00,0.0692865,0.07013095,0.069143,0.0698385,0.0
2026-08-24 03:00:00,0.06986,0.06995875,0.06912995,0.0691666,0.0
2026-08-24 04:00:00,0.06925195,0.0699515,0.06925195,0.069619,0.0
2026-08-24 05:00:00,0.0695485,0.070085,0.06937,0.0696395,0.0
2026-08-24 06:00:00,0.06959735,0.0696413,0.06885015,0.069265,0.0
2026-08-24 07:00:00,0.06921255,0.0696207,0.0688541,0.068919,0.0
2026-08-24 08:00:00,0.0689505,0.0691135,0.06845515,0.0688453,0.0
2026-08-24 09:00:00,0.06881385,0.069525,0.06881385,0.069326,0.0
2026-08-24 10:00:00,0.06940335,0.06981,0.069208,0.0692305,0.0
2026-08-24 11:00:00,0.06922515,0.07023645,0.068918,0.069932,0.0
2026-08-24 12:00:00,0.06990425,0.07033025,0.06924655,0.0701585,0.0
2026-08-24 13:00:00,0.0701,0.0701889,0.06839775,0.0687,0.0
2026-08-24 14:00:00,0.06875,0.06990625,0.06873085,0.06967985,0.0
2026-08-24 15:00:00,0.069725,0.07075575,0.06924765,0.069337,0.0
2026-08-24 16:00:00,0.0693745,0.070019,0.06932785,0.06958705,0.0
2026-08-24 17:00:00,0.06962545,0.0696685,0.06854,0.06888675,0.0
2026-08-24 18:00:00,0.068921,0.0692865,0.068921,0.068947,0.0
2026-08-24 19:00:00,0.068976,0.069213,0.068628,0.06900705,0.0
2026-08-24 20:00:00,0.06907,0.06922435,0.0686222,0.06922435,0.0
2026-08-24 21:00:00,0.0692896,0.06966,0.06913495,0.06952735,0.0
2026-08-24 22:00:00,0.06947065,0.06947065,0.06854375,0.06854375,0.0
2026-08-24 23:00:00,0.0685017,0.06887,0.06825345,0.06887,0.0
2026-08-25 00:00:00,0.06881525,0.06982245,0.0687665,0.0696225,0.0
2026-08-25 01:00:00,0.0696845,0.06981905,0.0690245,0.0691286,0.0
2026-08-25 02:00:00,0.0691395,0.07064865,0.0691395,0.0700075,0.0
2026-08-25 03:00:00,0.07004415,0.07143415,0.06995975,0.07143415,0.0
2026-08-25 04:00:00,0.07140805,0.0716908,0.07074535,0.071122,0.0
2026-08-25 05:00:00,0.0710307,0.07139365,0.0709222,0.0709578,0.0
2026-08-25 06:00:00,0.0709953,0.071125,0.0703494,0.0704406,0.0
2026-08-25 07:00:00,0.07049695,0.0710325,0.0692505,0.0695737,0.0
2026-08-25 08:00:00,0.069545,0.0701085,0.0695438,0.0695445,0.0
2026-08-25 09:00:00,0.0695932,0.06983965,0.06893975,0.0691222,0.0
2026-08-25 10:00:00,0.0691525,0.0693355,0.0689575,0.0692155,0.0
2026-08-25 11:00:00,0.0691864,0.0692395,0.06882,0.06882,0.0
2026-08-25 12:00:00,0.0688095,0.0688525,0.0681547,0.06859195,0.0
2026-08-25 13:00:00,0.06854205,0.06854205,0.066841,0.0674033,0.0
2026-08-25 14:00:00,0.0674405,0.068355,0.0673155,0.0680005,0.0
2026-08-25 15:00:00,0.0680815,0.0681305,0.067538,0.06803,0.0
2026-08-25 16:00:00,0.06806885,0.06812655,0.067523,0.067523,0.0
2026-08-25 17:00:00,0.0675792,0.06764625,0.0671341,0.0675677,0.0
2026-08-25 18:00:00,0.0675849,0.067753,0.06745345,0.0675617,0.0
2026-08-25 19:00:00,0.0675999,0.0676635,0.067055,0.0672325,0.0
2026-08-25 20:00:00,0.067175,0.067175,0.066191,0.06627065,0.0
2026-08-25 21:00:00,0.0663132,0.06734505,0.065513,0.0667525,0.0
2026-08-25 22:00:00,0.0668084,0.0670015,0.06663705,0.06684705,0.0
2026-08-25 23:00:00,0.0669255,0.066975,0.06645,0.06664,0.0
2026-08-26 00:00:00,0.06662,0.06725725,0.066527,0.06711145,0.0
2026-08-26 01:00:00,0.067143,0.067453,0.06708865,0.0672899,0.0
2026-08-26 02:00:00,0.06731535,0.067725,0.0672222,0.06771565,0.0
2026-08-26 03:00:00,0.067689,0.0678393,0.067518,0.0675566,0.0
2026-08-26 04:00:00,0.06752015,0.0677324,0.067338,0.0673476,0.0
2026-08-26 05:00:00,0.0673015,0.0674426,0.0669666,0.0673409,0.0
2026-08-26 06:00:00,0.0674042,0.0683225,0.06738,0.0681585,0.0
2026-08-26 07:00:00,0.068225,0.068805,0.0680305,0.068122,0.0
2026-08-26 08:00:00,0.068059,0.06864635,0.0679806,0.0682505,0.0
2026-08-26 09:00:00,0.06833225,0.0686186,0.0668698,0.0671075,0.0
2026-08-26 10:00:00,0.067054,0.0677762,0.066905,0.0676534,0.0
2026-08-26 11:00:00,0.0676945,0.0678351,0.067167,0.0675525,0.0
2026-08-26 12:00:00,0.0675014,0.0680561,0.066937,0.06756315,0.0
2026-08-26 13:00:00,0.0675448,0.0677845,0.06693365,0.0675385,0.0
2026-08-26 14:00:00,0.06748655,0.0686,0.066323,0.066323,0.0
2026-08-26 15:00:00,0.0664035,0.0670307,0.0660415,0.06644065,0.0
2026-08-26 16:00:00,0.066476,0.06666205,0.0659211,0.066167,0.0
2026-08-26 17:00:00,0.0662098,0.06702375,0.0661625,0.0665823,0.0
2026-08-26 18:00:00,0.06655795,0.06694,0.066465,0.06687725,0.0
2026-08-26 19:00:00,0.066849,0.066849,0.066447,0.0665826,0.0
2026-08-26 20:00:00,0.066533,0.06666165,0.06613,0.066509,0.0
2026-08-26 21:00:00,0.06649755,0.06704,0.0664257,0.066993,0.0
2026-08-26 22:00:00,0.06703,0.068153,0.06703,0.06750375,0.0
2026-08-26 23:00:00,0.067455,0.0684081,0.067455,0.068339,0.0
2026-08-27 00:00:00,0.0682907,0.06834,0.0672606,0.0672606,0.0
