date,open,high,low,close,volume
2026-06-09 00:00:00,0.266262,0.266262,0.260275,0.2607835,0.0
2026-06-09 01:00:00,0.2609645,0.263195,0.26043,0.2625545,0.0
2026-06-09 02:00:00,0.26265,0.2628105,0.259845,0.2622525,0.0
2026-06-09 03:00:00,0.262365,0.262722,0.2607765,0.2626095,0.0
2026-06-09 04:00:00,0.262469,0.266522,0.26142,0.265347,0.0
2026-06-09 05:00:00,0.265515,0.26725,0.2647095,0.2666665,8.04476032
2026-06-09 06:00:00,0.2665155,0.2670645,0.26536,0.2653755,0.0
2026-06-09 07:00:00,0.2655625,0.2664,0.263929,0.264895,0.0
2026-06-09 08:00:00,0.26511,0.26511,0.262727,0.262917,0.0
2026-06-09 09:00:00,0.263053,0.2638355,0.2613535,0.261507,0.0
2026-06-09 10:00:00,0.2616,0.262085,0.260664,0.261705,0.0
2026-06-09 11:00:00,0.261873,0.2621755,0.2599415,0.261745,0.0
2026-06-09 12:00:00,0.2616455,0.2637225,0.2616455,0.263627,0.0
2026-06-09 13:00:00,0.26374,0.26487,0.26177,0.26345,37.086620623
2026-06-09 14:00:00,0.2632505,0.2638955,0.25745,0.260597,0.0
2026-06-09 15:00:00,0.2605,0.2610315,0.256201,0.256823,0.0
2026-06-09 16:00:00,0.256654,0.257908,0.25423,0.2577685,0.0
2026-06-09 17:00:00,0.25765,0.261685,0.257494,0.2601,0.0
2026-06-09 18:00:00,0.2602785,0.26299,0.259487,0.26146,9.655179612
2026-06-09 19:00:00,0.261284,0.2628385,0.26045,0.2618765,9.631041662
2026-06-09 20:00:00,0.262049,0.263515,0.26203,0.263195,0.0
2026-06-09 21:00:00,0.2634035,0.2634035,0.26046,0.26046,0.0
2026-06-09 22:00:00,0.26064,0.261895,0.259021,0.259021,0.0
2026-06-09 23:00:00,0.25915,0.2607,0.258695,0.2603195,0.0
2026-06-10 00:00:00,0.2604245,0.26166,0.259023,0.2614655,0.0
2026-06-10 01:00:00,0.26156,0.26225,0.25957,0.26065,0.0
2026-06-10 02:00:00,0.2604475,0.2607125,0.25727,0.2581945,0.0
2026-06-10 03:00:00,0.2580295,0.260115,0.257731,0.258875,0.0
2026-06-10 04:00:00,0.259,0.26027,0.257411,0.2578015,0.0
2026-06-10 05:00:00,0.25783,0.2582495,0.256512,0.25752,0.0
2026-06-10 06:00:00,0.257454,0.295631947,0.256765,0.258767,27.231305201
2026-06-10 07:00:00,0.2586,0.2607875,0.2584925,0.26009,0.0
2026-06-10 08:00:00,0.26019,0.26055,0.258075,0.25835,9.112890438
2026-06-10 09:00:00,0.258245,0.25843,0.255605,0.257857,0.0
2026-06-10 10:00:00,0.257808,0.2587825,0.25675,0.258171,0.0
2026-06-10 11:00:00,0.25797,0.258305,0.2546235,0.255635,0.0
2026-06-10 12:00:00,0.2555595,0.2615455,0.255175,0.2604115,0.0
2026-06-10 13:00:00,0.260245,0.2656,0.259925,0.26301,0.0
2026-06-10 14:00:00,0.2629625,0.264245,0.2608215,0.262445,0.0
2026-06-10 15:00:00,0.262609,0.2646475,0.2606725,0.2636085,0.0
2026-06-10 16:00:00,0.26352,0.26427,0.258565,0.2602315,0.0
2026-06-10 17:00:00,0.2601445,0.2614605,0.257035,0.259025,0.0
2026-06-10 18:00:00,0.25928,0.2593495,0.256055,0.25764,0.0
2026-06-10 19:00:00,0.257812,0.25825,0.2545795,0.25565,0.0
2026-06-10 20:00:00,0.255479,0.2561585,0.25375,0.2543435,0.01135243
2026-06-10 21:00:00,0.254225,0.2543615,0.250534,0.251445,0.0
2026-06-10 22:00:00,0.2516,0.254615,0.2504165,0.2531285,0.0
2026-06-10 23:00:00,0.2530195,0.25623,0.2522605,0.25531,0.0
2026-06-11 00:00:00,0.255485,0.2579155,0.255485,0.256743,0.0
2026-06-11 01:00:00,0.2569175,0.295631947,0.256765,0.25925,0.0
2026-06-11 02:00:00,0.259385,0.2597945,0.257525,0.258575,0.0
2026-06-11 03:00:00,0.25867,0.3008176835,0.25773,0.2622225,0.0
2026-06-11 04:00:00,0.2623,0.263732,0.26159,0.2628,0.0
2026-06-11 05:00:00,0.2626075,0.2626075,0.2607745,0.2607745,0.0
2026-06-11 06:00:00,0.26085,0.263319,0.2605135,0.261605,13.014948914
2026-06-11 07:00:00,0.2615,0.26251,0.2609135,0.261455,0.0
2026-06-11 08:00:00,0.26163,0.2651,0.26163,0.2644195,4.474818973
2026-06-11 09:00:00,0.2642345,0.2642345,0.261372,0.2632055,4.463631925
2026-06-11 10:00:00,0.263418,0.263845,0.26265,0.26339,0.0
2026-06-11 11:00:00,0.263206,0.2651535,0.262736,0.2639265,0.0
2026-06-11 12:00:00,0.26371,0.2638285,0.259923,0.2626865,0.0
2026-06-11 13:00:00,0.26249,0.2645,0.261707,0.2629,0.0
2026-06-11 14:00:00,0.26305,0.2648,0.2616705,0.263265,7.441798471
2026-06-11 15:00:00,0.2631,0.26437,0.261675,0.26437,7.423193974
2026-06-11 16:00:00,0.264468,0.26513,0.2624,0.26262,14.107859037
2026-06-11 17:00:00,0.2625645,0.271245,0.2609415,0.2703035,188.074490971
2026-06-11 18:00:00,0.27045,0.27118,0.267679,0.267998,187.604304743
2026-06-11 19:00:00,0.2678,0.269343,0.2667,0.267785,49.698364781
2026-06-11 20:00:00,0.2679155,0.2684,0.266351,0.2674325,0.0
2026-06-11 21:00:00,0.26723,0.271785,0.26723,0.26855,6.1365828
2026-06-11 22:00:00,0.26831,0.26867,0.26718,0.26762,0.0
2026-06-11 23:00:00,0.2674555,0.268335,0.2665015,0.266576,0.0
2026-06-12 00:00:00,0.2667155,0.2677,0.265895,0.265895,0.0
2026-06-12 01:00:00,0.26575,0.266189,0.264488,0.26552,0.0
2026-06-12 02:00:00,0.265625,0.266695,0.265486,0.265875,0.0
2026-06-12 03:00:00,0.266079,0.266079,0.264515,0.2652615,0.0
2026-06-12 04:00:00,0.2650915,0.26604,0.264358,0.2653605,0.0
2026-06-12 05:00:00,0.265245,0.265245,0.26315,0.263905,0.0
2026-06-12 06:00:00,0.263724,0.264361,0.261485,0.262374,0.0
2026-06-12 07:00:00,0.26243,0.26435,0.26224,0.26385,0.0
2026-06-12 08:00:00,0.2641125,0.265999,0.2641125,0.2650435,0.0
2026-06-12 09:00:00,0.264889,0.2674715,0.26465,0.266859,0.0
2026-06-12 10:00:00,0.266765,0.26751,0.264662,0.264662,6.121241343
2026-06-12 11:00:00,0.264584,0.26535,0.263751,0.2644915,0.0
2026-06-12 12:00:00,0.264385,0.265345,0.263677,0.2646945,0.0
2026-06-12 13:00:00,0.2646,0.2646,0.26028,0.261818,0.0
2026-06-12 14:00:00,0.26168,0.26565,0.26155,0.26478,0.0
2026-06-12 15:00:00,0.264962,0.266899,0.26135,0.261455,0.0
2026-06-12 16:00:00,0.2616525,0.2646495,0.260635,0.2643,0.0
2026-06-12 17:00:00,0.26418,0.265354,0.26306,0.2635105,0.0
2026-06-12 18:00:00,0.2633425,0.26446,0.26233,0.263185,0.0
2026-06-12 19:00:00,0.26335,0.26508,0.2633215,0.263684,0.0
2026-06-12 20:00:00,0.263845,0.264435,0.263075,0.2632825,0.0
2026-06-12 21:00:00,0.26348,0.2638235,0.261686,0.262155,0.0
2026-06-12 22:00:00,0.262344,0.26235,0.2605365,0.2610245,0.0
2026-06-12 23:00:00,0.260931,0.2613675,0.260051,0.2613675,0.0
2026-06-13 00:00:00,0.261259,0.26164,0.26052,0.26145,0.0
2026-06-13 01:00:00,0.261265,0.263359,0.261265,0.262546,0.0
2026-06-13 02:00:00,0.2623625,0.2626655,0.260843,0.2611635,0.0
2026-06-13 03:00:00,0.261299,0.26147,0.2572,0.258375,0.0
2026-06-13 04:00:00,0.258224,0.259067,0.25752,0.25784,0.0
2026-06-13 05:00:00,0.257966,0.2596915,0.257966,0.259275,0.0
2026-06-13 06:00:00,0.2591055,0.26092,0.258155,0.26092,0.0
2026-06-13 07:00:00,0.260768,0.2634,0.2599965,0.262879,0.0
2026-06-13 08:00:00,0.2631,0.264575,0.26238,0.2634295,13.945707068
2026-06-13 09:00:00,0.26371,0.2640245,0.262549,0.26268,0.0
2026-06-13 10:00:00,0.262735,0.263295,0.26234,0.262605,0.0
2026-06-13 11:00:00,0.262751,0.264427,0.262432,0.26392,6.488317284
2026-06-13 12:00:00,0.263705,0.2658625,0.263103,0.26458,43.430092692
2026-06-13 13:00:00,0.26479,0.26577,0.263259,0.264861,16.746084398
2026-06-13 14:00:00,0.26511,0.266575,0.2644995,0.265205,5.151513138
2026-06-13 15:00:00,0.265075,0.266765,0.26294,0.266765,0.0
2026-06-13 16:00:00,0.2666375,0.2667895,0.263213,0.2640515,0.0
2026-06-13 17:00:00,0.264178,0.2653,0.2629955,0.263692,0.0
2026-06-13 18:00:00,0.2638405,0.264436,0.263033,0.263515,0.0
2026-06-13 19:00:00,0.26333,0.264163,0.262321,0.263307,0.0
2026-06-13 20:00:00,0.263195,0.263235,0.26225,0.263235,0.0
2026-06-13 21:00:00,0.263185,0.265605,0.262386,0.26447,0.0
2026-06-13 22:00:00,0.2643895,0.2653945,0.26355,0.26355,0.0
2026-06-13 23:00:00,0.263726,0.2645425,0.26301,0.263215,0.0
2026-06-14 00:00:00,0.263098,0.26385,0.2625085,0.263265,0.0
2026-06-14 01:00:00,0.26315,0.264715,0.26097,0.2640265,0.0
2026-06-14 02:00:00,0.2638955,0.264651,0.263065,0.263159,0.0
2026-06-14 03:00:00,0.262985,0.264491,0.262982,0.264491,0.0
2026-06-14 04:00:00,0.26458,0.26548,0.2626735,0.26277,0.0
2026-06-14 05:00:00,0.2626445,0.263915,0.2609365,0.2635295,0.0
2026-06-14 06:00:00,0.26366,0.263885,0.2615705,0.2615705,0.0
2026-06-14 07:00:00,0.26152,0.262015,0.26072,0.261325,0.0
2026-06-14 08:00:00,0.261245,0.26318,0.26085,0.26184,0.0
2026-06-14 09:00:00,0.2616415,0.2627375,0.2603825,0.2627125,0.0
2026-06-14 10:00:00,0.26255,0.263788,0.2619925,0.26221131,6.578366406
2026-06-14 11:00:00,0.26234931,0.26240931,0.26155737,0.26160737,25.42902387
2026-06-14 12:00:00,0.26161237,0.26167087,0.26006185,0.260211425,32.093480549
2026-06-14 13:00:00,0.260319925,0.260510925,0.259330485,0.259865,19.073007001
2026-06-14 14:00:00,0.259745,0.259745,0.2559275,0.2574745,76.480618151
2026-06-14 15:00:00,0.25761,0.258563,0.257472,0.258551,0.0
2026-06-14 16:00:00,0.258355,0.259375,0.258,0.258184,0.0
2026-06-14 17:00:00,0.2580655,0.259315,0.257395,0.257555,0.0
2026-06-14 18:00:00,0.25774,0.258565,0.25728,0.2578975,0.0
2026-06-14 19:00:00,0.257776,0.258652,0.257355,0.2575865,0.0
2026-06-14 20:00:00,0.25773,0.2589,0.257165,0.258305,0.0
2026-06-14 21:00:00,0.2585005,0.2697775,0.2585005,0.26826,182.81419714
2026-06-14 22:00:00,0.2684,0.269899,0.26635,0.2671795,3224.764646501
2026-06-14 23:00:00,0.26728,0.268979,0.265827,0.26879,0.0
2026-06-15 00:00:00,0.268815,0.2698345,0.267465,0.2679015,0.0
2026-06-15 01:00:00,0.268125,0.268649,0.266155,0.2676435,0.0
2026-06-15 02:00:00,0.267575,0.27096,0.2674,0.2700895,0.0
2026-06-15 03:00:00,0.26985,0.272005,0.269749,0.2709545,36.865601211
2026-06-15 04:00:00,0.2707,0.27145,0.269715,0.27029,0.0
2026-06-15 05:00:00,0.2701535,0.2722,0.26953,0.271885,0.0
2026-06-15 06:00:00,0.2716705,0.272518,0.27126,0.27126,0.0
2026-06-15 07:00:00,0.2711015,0.27302,0.2705695,0.270699,0.0
2026-06-15 08:00:00,0.27085,0.2726975,0.270595,0.2719,0.0
2026-06-15 09:00:00,0.271925,0.2733595,0.271,0.27217,0.0
2026-06-15 10:00:00,0.27236,0.2922882185,0.2721735,0.274472,0.0
2026-06-15 11:00:00,0.27455,0.27945,0.274035,0.277882,0.0
2026-06-15 12:00:00,0.27797,0.2786435,0.274281,0.2773265,5.352715798
2026-06-15 13:00:00,0.277545,0.28255,0.276935,0.279735,5.339334008
2026-06-15 14:00:00,0.2798265,0.2805415,0.277925,0.2787505,0.0
2026-06-15 15:00:00,0.2785975,0.2820415,0.276295,0.281788,0.0
2026-06-15 16:00:00,0.2816065,0.286237,0.2816065,0.2821185,0.0
2026-06-15 17:00:00,0.281995,0.281995,0.2796805,0.2811955,0.0
2026-06-15 18:00:00,0.280955,0.281318,0.27859,0.27859,0.0
2026-06-15 19:00:00,0.2784235,0.2802135,0.273979,0.27625,0.0
2026-06-15 20:00:00,0.2765,0.2774655,0.2754,0.2757075,0.0
2026-06-15 21:00:00,0.27585,0.27611,0.274545,0.274999,0.0
2026-06-15 22:00:00,0.275185,0.2757665,0.270674,0.271853,0.0
2026-06-15 23:00:00,0.271984,0.274317,0.27133,0.273752,0.0
2026-06-16 00:00:00,0.273898,0.275326,0.27303,0.273575,0.0
2026-06-16 01:00:00,0.2737,0.27517,0.272535,0.27266,88.626496133
2026-06-16 02:00:00,0.272478,0.27365,0.2678175,0.26957,0.0
2026-06-16 03:00:00,0.2696825,0.273186,0.2688905,0.273186,0.0
2026-06-16 04:00:00,0.27335,0.274099,0.26998,0.270435,0.0
2026-06-16 05:00:00,0.2705625,0.2723235,0.270365,0.2715365,0.0
2026-06-16 06:00:00,0.2717075,0.274204,0.2716815,0.2739845,0.0
2026-06-16 07:00:00,0.273904,0.275533,0.27332,0.275485,0.0
2026-06-16 08:00:00,0.275327,0.281705,0.275327,0.2809,0.0
2026-06-16 09:00:00,0.280798,0.280855,0.277267,0.27766,0.0
2026-06-16 10:00:00,0.2775005,0.27873,0.27677,0.2770995,0.0
2026-06-16 11:00:00,0.27721,0.2782035,0.2760415,0.2776465,0.0
2026-06-16 12:00:00,0.277462,0.284361,0.27664,0.2806345,511.757062426
2026-06-16 13:00:00,0.2805855,0.281218,0.275015,0.276762,50.0
2026-06-16 14:00:00,0.2769045,0.2781445,0.2692235,0.27214,0.0
2026-06-16 15:00:00,0.27205,0.2741225,0.26978,0.273215,0.0
2026-06-16 16:00:00,0.273286,0.27467,0.27164,0.272355,80.0
2026-06-16 17:00:00,0.2725,0.2757675,0.27232,0.2755775,0.0
2026-06-16 18:00:00,0.2757,0.2787525,0.274795,0.27656,0.0
2026-06-16 19:00:00,0.2764605,0.2788,0.275068,0.2765925,4.993389034
2026-06-16 20:00:00,0.27645,0.2802515,0.2758515,0.2791455,0.0
2026-06-16 21:00:00,0.2792085,0.2795665,0.2771685,0.2786,0.0
2026-06-16 22:00:00,0.278445,0.279745,0.2773205,0.278385,79.8
2026-06-16 23:00:00,0.278465,0.278623,0.2765805,0.277249,0.0
2026-06-17 00:00:00,0.27735,0.280778,0.27725,0.280277,0.0
2026-06-17 01:00:00,0.280175,0.289529,0.279228,0.2893,412.419727754
2026-06-17 02:00:00,0.289465,0.29308,0.286001,0.2914075,171.973
2026-06-17 03:00:00,0.29154,0.29154,0.286165,0.2894985,0.0
2026-06-17 04:00:00,0.2897245,0.294538,0.287935,0.29325,0.0
2026-06-17 05:00:00,0.2934195,0.296,0.287205,0.291941,105.713583298
2026-06-17 06:00:00,0.2920705,0.298365,0.2895595,0.2922355,180.6823979
2026-06-17 07:00:00,0.292407,0.2997625,0.2908305,0.29662,378.208318542
2026-06-17 08:00:00,0.296475,0.298035,0.2911195,0.291655,396.077673137
2026-06-17 09:00:00,0.291815,0.2935325,0.2883,0.290985,536.480742633
2026-06-17 10:00:00,0.291201,0.296775,0.2891225,0.2893175,514.735910248
2026-06-17 11:00:00,0.2894365,0.2905385,0.282355,0.2836005,650.491113782
2026-06-17 12:00:00,0.283752,0.288165,0.2829665,0.287985,3228.164613096
2026-06-17 13:00:00,0.287855,0.291501,0.28642,0.2884585,360.55
2026-06-17 14:00:00,0.28824,0.2907505,0.28493,0.28824,0.0
2026-06-17 15:00:00,0.28845,0.294646,0.2876885,0.2946,11032.522993177
2026-06-17 16:00:00,0.29449,0.29568,0.2906,0.290795,5780.998410934
2026-06-17 17:00:00,0.290609,0.2920745,0.288415,0.2911235,0.0
2026-06-17 18:00:00,0.29139,0.2914925,0.280665,0.285963,0.0
2026-06-17 19:00:00,0.28615,0.2872265,0.276445,0.277843,17.170221177
2026-06-17 20:00:00,0.277739,0.2784065,0.274479,0.278235,180.5475
2026-06-17 21:00:00,0.2780905,0.27863,0.2739155,0.275215,47.6
2026-06-17 22:00:00,0.27593,0.276789,0.2714,0.275498,158.087341619
2026-06-17 23:00:00,0.27571,0.2784,0.27571,0.277195,59.0
2026-06-18 00:00:00,0.2773965,0.28132,0.2773965,0.279783,0.0
2026-06-18 01:00:00,0.27995,0.282595,0.279745,0.280473,0.0
2026-06-18 02:00:00,0.2806065,0.2834815,0.2806065,0.282325,0.0
2026-06-18 03:00:00,0.28216,0.282195,0.277065,0.2776785,0.0
2026-06-18 04:00:00,0.2774665,0.278115,0.2727,0.2758975,75.979795624
2026-06-18 05:00:00,0.2757415,0.2759,0.2721905,0.2736465,0.0
2026-06-18 06:00:00,0.27352,0.276276,0.27285,0.275868,0.0
2026-06-18 07:00:00,0.275688,0.281335,0.27535,0.279755,4.515660168
2026-06-18 08:00:00,0.27956,0.2851515,0.27905,0.283715,13.056044959
2026-06-18 09:00:00,0.2838525,0.288565,0.282695,0.2869,3040.740374662
2026-06-18 10:00:00,0.286706,0.2867375,0.2823,0.2832275,0.0
2026-06-18 11:00:00,0.28345,0.2845975,0.27936,0.2802525,0.0
2026-06-18 12:00:00,0.2804905,0.28495,0.27963,0.28414,2977.663882712
2026-06-18 13:00:00,0.28435,0.2852595,0.275408,0.2777515,0.0
2026-06-18 14:00:00,0.277836,0.2818215,0.2769725,0.280848,0.0
2026-06-18 15:00:00,0.281048,0.281048,0.2661145,0.26726,0.0
2026-06-18 16:00:00,0.267136,0.269335,0.2647545,0.2676865,0.0
2026-06-18 17:00:00,0.267545,0.26945,0.264505,0.2684145,0.0
2026-06-18 18:00:00,0.26854,0.271285,0.267722,0.2701935,0.0
2026-06-18 19:00:00,0.269972,0.2737,0.26946,0.273075,0.0
2026-06-18 20:00:00,0.2732615,0.277353,0.2732615,0.27645,0.0
2026-06-18 21:00:00,0.2766865,0.2770565,0.273886,0.27587,0.0
2026-06-18 22:00:00,0.2757365,0.2759,0.27373,0.27545,57.385647714
2026-06-18 23:00:00,0.275315,0.2775725,0.27441,0.2775725,4.31579141
2026-06-19 00:00:00,0.277705,0.281252,0.276855,0.2792435,0.0
2026-06-19 01:00:00,0.27941,0.281183,0.277295,0.27936,0.0
2026-06-19 02:00:00,0.2791655,0.290345,0.2789055,0.28403,0.0
2026-06-19 03:00:00,0.284106,0.297359042,0.277795,0.28425,4.305001931
2026-06-19 04:00:00,0.28414,0.284485,0.273755,0.2741,0.0
2026-06-19 05:00:00,0.2742,0.277251,0.273875,0.276165,0.0
2026-06-19 06:00:00,0.275975,0.2774,0.274937,0.276795,3.558090508
2026-06-19 07:00:00,0.276641,0.27715,0.271619,0.272607,0.0
2026-06-19 08:00:00,0.272745,0.275411,0.27215,0.2746645,0.0
2026-06-19 09:00:00,0.274815,0.2752185,0.272365,0.2738,32.961950865
2026-06-19 10:00:00,0.27361,0.2755465,0.272275,0.272275,0.0
2026-06-19 11:00:00,0.2721315,0.2723,0.26925,0.2703035,0.0
2026-06-19 12:00:00,0.27042,0.2741235,0.26882,0.273933,0.0
2026-06-19 13:00:00,0.2741205,0.2783425,0.27281,0.277847,0.0
2026-06-19 14:00:00,0.277705,0.2815555,0.2768895,0.28082,7.838848521
2026-06-19 15:00:00,0.280525,0.283217,0.2782125,0.2812615,0.0
2026-06-19 16:00:00,0.281106,0.283422,0.2778645,0.278765,0.0
2026-06-19 17:00:00,0.27886,0.282587,0.2776605,0.281623,0.0
2026-06-19 18:00:00,0.28143,0.281835,0.2766795,0.2781425,0.0
2026-06-19 19:00:00,0.277975,0.2782575,0.274992,0.27613,0.0
2026-06-19 20:00:00,0.276355,0.278544,0.27597,0.27832,0.0
2026-06-19 21:00:00,0.2782035,0.278502,0.274639,0.27485,0.0
2026-06-19 22:00:00,0.274992,0.27735,0.274785,0.2769975,0.0
2026-06-19 23:00:00,0.27724,0.2796945,0.27643,0.2793675,0.0
2026-06-20 00:00:00,0.27924,0.2810575,0.276873,0.27701,0.0
2026-06-20 01:00:00,0.277135,0.277875,0.27599,0.2764905,0.0
2026-06-20 02:00:00,0.2766,0.276972,0.2748255,0.2748255,0.0
2026-06-20 03:00:00,0.2746855,0.2783685,0.2746855,0.277095,0.0
2026-06-20 04:00:00,0.277225,0.278478,0.2764545,0.27775,0.0
2026-06-20 05:00:00,0.277915,0.282449,0.2774215,0.279736,0.0
2026-06-20 06:00:00,0.279907,0.280151,0.27793,0.2787905,0.0
2026-06-20 07:00:00,0.278867,0.2792735,0.276715,0.2768725,0.0
2026-06-20 08:00:00,0.27705,0.279005,0.276335,0.2785405,0.0
2026-06-20 09:00:00,0.278391,0.2807625,0.278391,0.280051,3.643538604
2026-06-20 10:00:00,0.2801705,0.28046,0.277915,0.278975,0.0
2026-06-20 11:00:00,0.279149,0.2792775,0.2774,0.278135,3.634429757
2026-06-20 12:00:00,0.2779865,0.278796,0.276908,0.277425,0.0
2026-06-20 13:00:00,0.2772,0.2772,0.273015,0.274005,0.0
2026-06-20 14:00:00,0.2738,0.278932,0.27093,0.2758,0.0
2026-06-20 15:00:00,0.275943,0.2791585,0.27523,0.2776205,0.0
2026-06-20 16:00:00,0.2778725,0.2778725,0.2747565,0.2765,0.0
2026-06-20 17:00:00,0.2763,0.2764875,0.2733325,0.27501,0.0
2026-06-20 18:00:00,0.27485,0.2756605,0.2733945,0.2736855,0.0
2026-06-20 19:00:00,0.273935,0.274525,0.273115,0.27415,0.0
2026-06-20 20:00:00,0.2740075,0.27461,0.272966,0.2735,0.0
2026-06-20 21:00:00,0.27365,0.275715,0.27365,0.274967,0.0
2026-06-20 22:00:00,0.274825,0.278417,0.274655,0.2775715,0.0
2026-06-20 23:00:00,0.277754,0.278495,0.276145,0.276345,0.0
2026-06-21 00:00:00,0.276141,0.2769,0.275382,0.27654,63.907831099
2026-06-21 01:00:00,0.276684,0.27748,0.2757905,0.2766475,0.0
2026-06-21 02:00:00,0.2765055,0.2774,0.2753645,0.2757125,0.0
2026-06-21 03:00:00,0.27553,0.2774805,0.2755205,0.2764005,0.0
2026-06-21 04:00:00,0.27659,0.27719,0.275066,0.275242,0.0
2026-06-21 05:00:00,0.27495,0.27582,0.274468,0.2745835,0.0
2026-06-21 06:00:00,0.2747545,0.2760595,0.274649,0.2758,0.0
2026-06-21 07:00:00,0.2759175,0.2768825,0.274936,0.275992,0.0
2026-06-21 08:00:00,0.2761475,0.2769515,0.2746,0.2769515,0.0
2026-06-21 09:00:00,0.277045,0.281546,0.276635,0.281245,0.0
2026-06-21 10:00:00,0.281425,0.2856595,0.281005,0.28258,0.0
2026-06-21 11:00:00,0.28237,0.283627,0.27933,0.28205,34.569540086
2026-06-21 12:00:00,0.28234,0.28234,0.2796215,0.2814605,0.0
2026-06-21 13:00:00,0.2812175,0.282765,0.2804055,0.2821295,101.730603167
2026-06-21 14:00:00,0.282252,0.282849,0.28023,0.28159,0.0
2026-06-21 15:00:00,0.281664,0.2833,0.281357,0.281709,17.303073718
2026-06-21 16:00:00,0.28156,0.28156,0.277602,0.278925,0.0
2026-06-21 17:00:00,0.278785,0.280257,0.277825,0.278685,0.0
2026-06-21 18:00:00,0.2785805,0.279235,0.2766925,0.278985,0.0
2026-06-21 19:00:00,0.2787975,0.2794,0.277633,0.2778,0.0
2026-06-21 20:00:00,0.277593,0.277593,0.2732,0.274005,0.0
2026-06-21 21:00:00,0.27415,0.274258,0.268319,0.2719,118.779350377
2026-06-21 22:00:00,0.2717575,0.27235,0.269849,0.27098,63.748061521
2026-06-21 23:00:00,0.2707895,0.2707895,0.266885,0.2673645,0.0
2026-06-22 00:00:00,0.2674195,0.272858,0.2674195,0.272549,0.0
2026-06-22 01:00:00,0.272709,0.2759145,0.27095,0.27359,0.0
2026-06-22 02:00:00,0.273745,0.27455,0.2723015,0.2723015,0.0
2026-06-22 03:00:00,0.2722,0.27235,0.2686845,0.268871,0.0
2026-06-22 04:00:00,0.2686815,0.2703465,0.268205,0.2699205,0.0
2026-06-22 05:00:00,0.270058,0.2708,0.269584,0.270715,0.0
2026-06-22 06:00:00,0.2707925,0.2710215,0.2693,0.269955,0.0
2026-06-22 07:00:00,0.2698705,0.2727765,0.2698705,0.27184,0.0
2026-06-22 08:00:00,0.2719665,0.27368,0.2708565,0.2722715,35.822572232
2026-06-22 09:00:00,0.2721325,0.27291,0.270908,0.27177,0.0
2026-06-22 10:00:00,0.271605,0.272865,0.271605,0.27275,0.0
2026-06-22 11:00:00,0.2726045,0.278245,0.27248,0.2779955,0.0
2026-06-22 12:00:00,0.2782045,0.28046,0.277873,0.27948,35.733015801
2026-06-22 13:00:00,0.27932,0.2821685,0.278365,0.2819965,0.0
2026-06-22 14:00:00,0.282186,0.282317,0.2759575,0.2771075,0.0
2026-06-22 15:00:00,0.2773235,0.279025,0.274298,0.27466,3.513635541
2026-06-22 16:00:00,0.274741,0.276315,0.273555,0.2756335,0.0
2026-06-22 17:00:00,0.27544,0.275944,0.273605,0.275794,0.0
2026-06-22 18:00:00,0.27591,0.2768845,0.273524,0.27375,0.0
2026-06-22 19:00:00,0.27365,0.27405,0.2703,0.2718175,0.0
2026-06-22 20:00:00,0.271536,0.272835,0.2707,0.271347,0.0
2026-06-22 21:00:00,0.27145,0.27161,0.2689,0.27045,0.0
2026-06-22 22:00:00,0.27059,0.27101,0.26545,0.2671595,0.0
2026-06-22 23:00:00,0.266978,0.2683,0.2660325,0.267093,0.0
2026-06-23 00:00:00,0.266935,0.2682665,0.265354,0.26789,0.0
2026-06-23 01:00:00,0.268095,0.269102,0.26591,0.268965,0.0
2026-06-23 02:00:00,0.2691005,0.2691005,0.2668375,0.26762,0.0
2026-06-23 03:00:00,0.267462,0.2686,0.2661935,0.2686,0.0
2026-06-23 04:00:00,0.2687,0.268865,0.2668335,0.2672045,0.0
2026-06-23 05:00:00,0.267085,0.2676655,0.26561,0.266365,0.0
2026-06-23 06:00:00,0.2662235,0.2662235,0.2570885,0.261365,3.513635541
2026-06-23 07:00:00,0.26203,0.2633265,0.2604145,0.26209,32.962847391
2026-06-23 08:00:00,0.261955,0.262945,0.2511,0.254946,4.205450202
2026-06-23 09:00:00,0.2550795,0.256385,0.254347,0.2547445,0.0
2026-06-23 10:00:00,0.254939,0.256385,0.25388,0.254809,0.0
2026-06-23 11:00:00,0.2549975,0.2558735,0.2513005,0.25585,0.0
2026-06-23 12:00:00,0.255996,0.2561305,0.254321,0.25447,0.0
2026-06-23 13:00:00,0.2543,0.2589315,0.25359,0.258785,0.0
2026-06-23 14:00:00,0.258725,0.259835,0.256836,0.2574455,11.311089905
2026-06-23 15:00:00,0.257258,0.257258,0.2543525,0.2556975,0.0
2026-06-23 16:00:00,0.25556,0.25785,0.25535,0.25736,0.0
2026-06-23 17:00:00,0.25725,0.257545,0.253682,0.254385,0.0
2026-06-23 18:00:00,0.2542,0.2559,0.253776,0.255741,0.0
2026-06-23 19:00:00,0.2558235,0.25761,0.2558235,0.2572925,0.0
2026-06-23 20:00:00,0.2574235,0.259503,0.2574235,0.258865,0.0
2026-06-23 21:00:00,0.259095,0.2607,0.259035,0.259512,4.136675767
2026-06-23 22:00:00,0.25979,0.26055,0.25846,0.25893,0.0
2026-06-23 23:00:00,0.258815,0.26016,0.25812,0.259757,0.0
2026-06-24 00:00:00,0.2598555,0.261281,0.2596,0.260661,0.0
2026-06-24 01:00:00,0.26081,0.2617,0.25915,0.2598145,0.0
2026-06-24 02:00:00,0.26002,0.2600865,0.257954,0.2581935,0.0
2026-06-24 03:00:00,0.257995,0.25881,0.2568495,0.25732,0.0
2026-06-24 04:00:00,0.25755,0.2971990985,0.25522,0.257265,0.0
2026-06-24 05:00:00,0.2574185,0.259072,0.257225,0.258205,0.0
2026-06-24 06:00:00,0.257944,0.258407,0.25736,0.257681,0.0
2026-06-24 07:00:00,0.2575305,0.2577115,0.256125,0.25625,0.0
2026-06-24 08:00:00,0.255969,0.2570295,0.2556,0.2566375,0.0
2026-06-24 09:00:00,0.2565875,0.25665,0.2553105,0.25637,0.0
2026-06-24 10:00:00,0.256145,0.256145,0.2542115,0.255245,0.0
2026-06-24 11:00:00,0.2554,0.2595,0.253152,0.2579365,0.0
2026-06-24 12:00:00,0.257793,0.2587025,0.256443,0.256443,0.0
2026-06-24 13:00:00,0.256614,0.256614,0.25062,0.253233,0.0
2026-06-24 14:00:00,0.2530555,0.2573245,0.252132,0.25705,0.0
2026-06-24 15:00:00,0.256838,0.257075,0.2517,0.253085,0.0
2026-06-24 16:00:00,0.252895,0.256365,0.2444135,0.246905,300.0
2026-06-24 17:00:00,0.246729,0.2484,0.24239,0.2436195,0.0
2026-06-24 18:00:00,0.2438265,0.2482,0.241085,0.2456775,0.0
2026-06-24 19:00:00,0.2458335,0.247806,0.2442045,0.24771,0.0
2026-06-24 20:00:00,0.247555,0.2532375,0.247485,0.252105,0.0
2026-06-24 21:00:00,0.25224,0.2532345,0.25025,0.2530425,0.0
2026-06-24 22:00:00,0.252918,0.25461,0.2519365,0.2522535,0.0
2026-06-24 23:00:00,0.25211,0.2549,0.25211,0.253862,83.8860409
2026-06-25 00:00:00,0.253755,0.255785,0.2534,0.253861,90.766412637
2026-06-25 01:00:00,0.2540135,0.258521,0.2540135,0.25556,0.0
2026-06-25 02:00:00,0.255505,0.257265,0.255385,0.2568235,0.0
2026-06-25 03:00:00,0.256955,0.257115,0.254453,0.2545605,20.164962402
2026-06-25 04:00:00,0.2548,0.259803,0.25441,0.2589395,0.0
2026-06-25 05:00:00,0.2587805,0.260526,0.2584555,0.258905,0.0
2026-06-25 06:00:00,0.2588045,0.26064,0.2588045,0.259655,4.221003064
2026-06-25 07:00:00,0.259785,0.26043,0.25855,0.25908,3.764513139
2026-06-25 08:00:00,0.2592205,0.2594175,0.2576355,0.2576355,0.0
2026-06-25 09:00:00,0.2576995,0.257765,0.25659,0.257615,0.0
2026-06-25 10:00:00,0.257485,0.257485,0.25457,0.255435,0.0
2026-06-25 11:00:00,0.255617,0.255619,0.25387,0.2543365,0.0
2026-06-25 12:00:00,0.2545,0.2563855,0.252005,0.254135,0.0
2026-06-25 13:00:00,0.254265,0.2561685,0.2337355,0.23541,3.764513139
2026-06-25 14:00:00,0.2355,0.24935,0.2355,0.243775,0.0
2026-06-25 15:00:00,0.2437045,0.2449545,0.239849,0.24467,0.0
2026-06-25 16:00:00,0.2447615,0.2476965,0.24254,0.242966,0.0
2026-06-25 17:00:00,0.2430945,0.247439,0.24285,0.247439,0.0
2026-06-25 18:00:00,0.2472795,0.24765,0.2437095,0.2439055,0.0
2026-06-25 19:00:00,0.244077,0.244225,0.2411,0.242584,0.0
2026-06-25 20:00:00,0.242747,0.245174,0.24204,0.242642,0.0
2026-06-25 21:00:00,0.242535,0.24765,0.242505,0.24728,0.0
2026-06-25 22:00:00,0.247183,0.247415,0.2451715,0.245288,20.114549995
2026-06-25 23:00:00,0.24548,0.24715,0.244825,0.245505,0.0
2026-06-26 00:00:00,0.245585,0.246474,0.245516,0.2456685,0.0
2026-06-26 01:00:00,0.245883,0.284910824,0.2429325,0.24363,0.0
2026-06-26 02:00:00,0.2437785,0.2437785,0.236878,0.23808,0.0
2026-06-26 03:00:00,0.238222,0.2447255,0.236119,0.2444065,0.0
2026-06-26 04:00:00,0.2442675,0.244545,0.241902,0.241902,0.0
2026-06-26 05:00:00,0.242045,0.242826,0.24128,0.242495,0.0
2026-06-26 06:00:00,0.242378,0.2461845,0.2409695,0.2459145,0.0
2026-06-26 07:00:00,0.24573,0.24775,0.24543,0.247116,0.0
2026-06-26 08:00:00,0.247255,0.247611,0.245575,0.2458565,0.0
2026-06-26 09:00:00,0.245665,0.24615,0.243012,0.243136,0.0
2026-06-26 10:00:00,0.242975,0.243655,0.241335,0.241475,0.0
2026-06-26 11:00:00,0.241295,0.242559,0.240035,0.240785,0.0
2026-06-26 12:00:00,0.24099,0.2436565,0.238239,0.2393055,0.0
2026-06-26 13:00:00,0.239401,0.2462915,0.23758,0.2458,0.0
2026-06-26 14:00:00,0.24573,0.2464,0.243164,0.243775,0.0
2026-06-26 15:00:00,0.24365,0.25205,0.24335,0.24945,0.0
2026-06-26 16:00:00,0.2495205,0.252667,0.24785,0.251388,0.0
2026-06-26 17:00:00,0.251235,0.254825,0.25095,0.2540835,0.0
2026-06-26 18:00:00,0.2542555,0.255325,0.250597,0.2513065,0.0
2026-06-26 19:00:00,0.251079,0.25317,0.248625,0.248625,0.0
2026-06-26 20:00:00,0.248519,0.251098,0.2476995,0.248005,0.0
2026-06-26 21:00:00,0.2479185,0.2494375,0.24704,0.247904,0.0
2026-06-26 22:00:00,0.247725,0.2490865,0.24676,0.2490865,0.0
2026-06-26 23:00:00,0.249185,0.249778,0.24875,0.2496095,0.0
2026-06-27 00:00:00,0.2496875,0.25083,0.24718,0.2485,128.730537435
2026-06-27 01:00:00,0.2485955,0.2485955,0.247457,0.2476725,25.0
2026-06-27 02:00:00,0.247495,0.2502975,0.247495,0.24951,0.0
2026-06-27 03:00:00,0.24939,0.24965,0.2474075,0.2474825,49.9375
2026-06-27 04:00:00,0.24759,0.2904832865,0.246524,0.246655,0.0
2026-06-27 05:00:00,0.246755,0.2472225,0.245988,0.246893,34.421663178
2026-06-27 06:00:00,0.2467375,0.2481525,0.245893,0.246785,24.9375
2026-06-27 07:00:00,0.246633,0.247594,0.246633,0.24726,0.0
2026-06-27 08:00:00,0.247432,0.247432,0.2462955,0.2462955,0.0
2026-06-27 09:00:00,0.24647,0.24647,0.245525,0.246,0.0
2026-06-27 10:00:00,0.245795,0.2464085,0.24563,0.24615,0.0
2026-06-27 11:00:00,0.2460625,0.246115,0.24458,0.246,980.929925552
2026-06-27 12:00:00,0.2461575,0.2468,0.24544,0.2462475,59.925
2026-06-27 13:00:00,0.246483,0.2474605,0.2462555,0.247287,0.0
2026-06-27 14:00:00,0.24723,0.2487375,0.2469855,0.24785,0.0
2026-06-27 15:00:00,0.247945,0.2501065,0.2475035,0.249565,0.0
2026-06-27 16:00:00,0.24944,0.2498205,0.24859,0.2494585,0.0
2026-06-27 17:00:00,0.24928,0.24928,0.2457295,0.2458855,0.0
2026-06-27 18:00:00,0.245724,0.2468625,0.2454655,0.2468625,0.0
2026-06-27 19:00:00,0.2469185,0.2472725,0.24365,0.2447885,0.0
2026-06-27 20:00:00,0.244905,0.246661,0.244905,0.2461295,0.0
2026-06-27 21:00:00,0.24629,0.2472665,0.2446145,0.24525,0.0
2026-06-27 22:00:00,0.24505,0.24581,0.24295,0.24581,0.0
2026-06-27 23:00:00,0.24603,0.24647,0.24502,0.245525,0.0
2026-06-28 00:00:00,0.2456895,0.2468965,0.2456895,0.246148,0.0
2026-06-28 01:00:00,0.24595,0.24668,0.2455495,0.2461975,0.0
2026-06-28 02:00:00,0.2464,0.24725,0.245214,0.24589,0.0
2026-06-28 03:00:00,0.24605,0.246945,0.245316,0.246218,0.0
2026-06-28 04:00:00,0.246056,0.24649,0.245674,0.2461185,0.0
2026-06-28 05:00:00,0.2459835,0.24675,0.2447,0.24675,0.0
2026-06-28 06:00:00,0.2469405,0.247333,0.2442775,0.245574,0.0
2026-06-28 07:00:00,0.245725,0.246846,0.245725,0.24665,0.0
2026-06-28 08:00:00,0.2467685,0.24936,0.246465,0.24858,0.0
2026-06-28 09:00:00,0.24883,0.249352,0.2465265,0.2467685,0.0
2026-06-28 10:00:00,0.2467055,0.247665,0.245626,0.245626,0.0
2026-06-28 11:00:00,0.245835,0.24699,0.2456,0.24685,0.0
2026-06-28 12:00:00,0.246725,0.24719,0.245361,0.2459545,0.0
2026-06-28 13:00:00,0.2457245,0.2457245,0.24441,0.244773,0.0
2026-06-28 14:00:00,0.2446115,0.2461975,0.2443165,0.2443165,0.0
2026-06-28 15:00:00,0.2445205,0.245255,0.2436,0.2444825,0.0
2026-06-28 16:00:00,0.2446975,0.24473,0.243271,0.244005,0.0
2026-06-28 17:00:00,0.24402,0.245116,0.242515,0.24485,0.0
2026-06-28 18:00:00,0.2446355,0.2446785,0.24304,0.24385,0.0
2026-06-28 19:00:00,0.2437255,0.244945,0.24261,0.243655,0.0
2026-06-28 20:00:00,0.243505,0.24556,0.243505,0.2445915,0.0
2026-06-28 21:00:00,0.2444755,0.244778,0.241712,0.2427,0.0
2026-06-28 22:00:00,0.2428,0.24553,0.2407025,0.242,0.0
2026-06-28 23:00:00,0.2418445,0.245219,0.241505,0.244429,0.0
2026-06-29 00:00:00,0.244515,0.2460415,0.242152,0.24567,0.0
2026-06-29 01:00:00,0.245765,0.246045,0.24401,0.24551,0.0
2026-06-29 02:00:00,0.2453865,0.247172,0.24275,0.247172,0.0
2026-06-29 03:00:00,0.24735,0.2497585,0.2469995,0.2485,0.0
2026-06-29 04:00:00,0.2484085,0.248502,0.246685,0.2467,0.0
2026-06-29 05:00:00,0.24685,0.24827,0.2448125,0.24827,0.0
2026-06-29 06:00:00,0.248487,0.252953,0.248405,0.250354,0.0
2026-06-29 07:00:00,0.250255,0.251553,0.24971,0.2514675,0.0
2026-06-29 08:00:00,0.2515855,0.252836,0.249395,0.2495625,0.0
2026-06-29 09:00:00,0.249706,0.251185,0.24938,0.250945,0.0
2026-06-29 10:00:00,0.251135,0.252982,0.251135,0.252495,0.0
2026-06-29 11:00:00,0.2526035,0.2904832865,0.251353,0.251758,0.0
2026-06-29 12:00:00,0.2515775,0.256015,0.24975,0.2520825,0.0
2026-06-29 13:00:00,0.2522385,0.25455,0.249245,0.250545,0.0
2026-06-29 14:00:00,0.250635,0.251116,0.247608,0.25075,0.0
2026-06-29 15:00:00,0.25065,0.251433,0.247358,0.2508995,0.0
2026-06-29 16:00:00,0.251,0.25195,0.2494485,0.251215,0.0
2026-06-29 17:00:00,0.25135,0.258375,0.25135,0.25665,0.0
2026-06-29 18:00:00,0.256509,0.25715,0.25471,0.2551,0.0
2026-06-29 19:00:00,0.254945,0.2556325,0.25438,0.254519,0.0
2026-06-29 20:00:00,0.254585,0.25487,0.25265,0.25265,0.0
2026-06-29 21:00:00,0.2528855,0.2538,0.252334,0.2530945,0.0
2026-06-29 22:00:00,0.2532,0.2543405,0.252525,0.252525,0.0
2026-06-29 23:00:00,0.2523595,0.25309,0.251844,0.2524,0.0
2026-06-30 00:00:00,0.25225,0.25305,0.24985,0.2512,0.0
2026-06-30 01:00:00,0.251035,0.25135,0.2498555,0.2506945,0.0
2026-06-30 02:00:00,0.2506,0.251495,0.2497525,0.2511765,0.0
2026-06-30 03:00:00,0.2513615,0.2516985,0.25076,0.25078,0.0
2026-06-30 04:00:00,0.25065,0.252842,0.249775,0.25255,0.0
2026-06-30 05:00:00,0.252641,0.253265,0.251638,0.253265,0.0
2026-06-30 06:00:00,0.253096,0.2540695,0.252125,0.253734,0.0
2026-06-30 07:00:00,0.2535315,0.253765,0.2516435,0.2516435,0.0
2026-06-30 08:00:00,0.2515215,0.25185,0.248732,0.249722,0.0
2026-06-30 09:00:00,0.249505,0.249825,0.248378,0.2493635,0.0
2026-06-30 10:00:00,0.2494925,0.2496365,0.2487535,0.2492765,0.0
2026-06-30 11:00:00,0.249174,0.2498755,0.24654,0.2471675,0.0
2026-06-30 12:00:00,0.246915,0.246915,0.2434685,0.2434685,0.0
2026-06-30 13:00:00,0.24366,0.2480685,0.2434365,0.247378,0.0
2026-06-30 14:00:00,0.24725,0.250172,0.2427755,0.244495,0.0
2026-06-30 15:00:00,0.2443925,0.24632,0.243965,0.244724,0.0
2026-06-30 16:00:00,0.24483,0.245635,0.24255,0.2439515,0.0
2026-06-30 17:00:00,0.244163,0.245145,0.24289,0.2430635,0.0
2026-06-30 18:00:00,0.242985,0.24312,0.236165,0.239925,0.0
2026-06-30 19:00:00,0.239835,0.239835,0.235435,0.237705,0.0
2026-06-30 20:00:00,0.237534,0.2387855,0.237284,0.2379355,0.0
2026-06-30 21:00:00,0.238054,0.239494,0.2374,0.239494,0.0
2026-06-30 22:00:00,0.2396,0.24081,0.2396,0.2397815,0.0
2026-06-30 23:00:00,0.239889,0.240425,0.239475,0.239645,0.0
2026-07-01 00:00:00,0.23973,0.240175,0.238751,0.239685,0.0
2026-07-01 01:00:00,0.239897,0.2830105705,0.2351995,0.24033,0.0
2026-07-01 02:00:00,0.24015,0.2432595,0.23957,0.243145,0.0
2026-07-01 03:00:00,0.243245,0.245587,0.2419665,0.24487,0.0
2026-07-01 04:00:00,0.2446675,0.24727,0.244617,0.2464975,0.0
2026-07-01 05:00:00,0.246335,0.246629,0.2444225,0.244815,0.0
2026-07-01 06:00:00,0.24471,0.24471,0.242161,0.243124,0.0
2026-07-01 07:00:00,0.24325,0.24325,0.23874,0.241907,0.0
2026-07-01 08:00:00,0.241736,0.2430215,0.241195,0.2430215,0.0
2026-07-01 09:00:00,0.2429335,0.2438175,0.242645,0.243532,0.0
2026-07-01 10:00:00,0.243415,0.243905,0.2424725,0.2436,0.0
2026-07-01 11:00:00,0.243475,0.2448,0.243475,0.24395,4.004869921
2026-07-01 12:00:00,0.244119,0.24428,0.2427645,0.243465,0.0
2026-07-01 13:00:00,0.243605,0.2494,0.2417,0.2492355,0.0
2026-07-01 14:00:00,0.249405,0.2551365,0.249235,0.251166,30.898593851
2026-07-01 15:00:00,0.251425,0.25555,0.251425,0.2534125,0.0
2026-07-01 16:00:00,0.25327,0.254774,0.25165,0.251875,0.0
2026-07-01 17:00:00,0.2517195,0.25175,0.24985,0.251247,0.0
2026-07-01 18:00:00,0.251408,0.251629,0.24805,0.2486425,48.54274941
2026-07-01 19:00:00,0.248855,0.2497445,0.248193,0.2486,0.0
2026-07-01 20:00:00,0.24876,0.2493,0.2476,0.24908,0.0
2026-07-01 21:00:00,0.2492265,0.2525805,0.24904,0.2522,0.0
2026-07-01 22:00:00,0.252105,0.253938,0.249438,0.24973,0.0
2026-07-01 23:00:00,0.2495605,0.24971,0.24625,0.24626,4.367265808
2026-07-02 00:00:00,0.24634,0.246875,0.244705,0.2459205,0.0
2026-07-02 01:00:00,0.246115,0.2492545,0.24574,0.2484845,0.0
2026-07-02 02:00:00,0.24836,0.24877,0.2475365,0.248573,0.0
2026-07-02 03:00:00,0.248454,0.290909809,0.2471945,0.2515015,0.0
2026-07-02 04:00:00,0.2517,0.2517,0.249727,0.25012,0.0
2026-07-02 05:00:00,0.250065,0.2504605,0.248045,0.24855,0.0
2026-07-02 06:00:00,0.248425,0.2487475,0.247151,0.2474895,0.0
2026-07-02 07:00:00,0.2473455,0.2484605,0.2466485,0.247905,0.0
2026-07-02 08:00:00,0.24807,0.2511,0.247955,0.250342,0.0
2026-07-02 09:00:00,0.2502105,0.2533,0.24914,0.25279,15.450609577
2026-07-02 10:00:00,0.252675,0.25339,0.252265,0.252641,3811.067029124
2026-07-02 11:00:00,0.252535,0.254483,0.25235,0.2538425,0.0
2026-07-02 12:00:00,0.253752,0.263315,0.253575,0.260595,0.0
2026-07-02 13:00:00,0.2607695,0.2631445,0.25847,0.26161,0.0
2026-07-02 14:00:00,0.2617,0.2625115,0.2552995,0.25636,26.337582488
2026-07-02 15:00:00,0.25624,0.256967,0.254326,0.2568,0.0
2026-07-02 16:00:00,0.256955,0.25955,0.2556655,0.258595,8.0
2026-07-02 17:00:00,0.2584015,0.259325,0.25697,0.2574705,7.98
2026-07-02 18:00:00,0.2576485,0.2623585,0.2576485,0.259705,968.867497503
2026-07-02 19:00:00,0.25986,0.260256,0.2584525,0.258895,0.0
2026-07-02 20:00:00,0.25901,0.2595985,0.25815,0.25886,0.0
2026-07-02 21:00:00,0.2589645,0.259292,0.25831,0.259167,0.0
2026-07-02 22:00:00,0.2589395,0.2589395,0.256523,0.258025,3.804437602
2026-07-02 23:00:00,0.257905,0.2593295,0.2573185,0.258358,0.0
2026-07-03 00:00:00,0.25845,0.258872,0.257697,0.258415,0.0
2026-07-03 01:00:00,0.2585,0.261497,0.2585,0.26115,0.0
2026-07-03 02:00:00,0.261235,0.26135,0.25916,0.26135,0.0
2026-07-03 03:00:00,0.261108,0.2613585,0.259736,0.260685,0.0
2026-07-03 04:00:00,0.2605,0.2605,0.25859,0.25859,0.0
2026-07-03 05:00:00,0.258781,0.261263,0.2583345,0.2604145,12.146131896
2026-07-03 06:00:00,0.260328,0.2950691505,0.260328,0.26137,0.0
2026-07-03 07:00:00,0.261525,0.26205,0.26065,0.26135,0.0
2026-07-03 08:00:00,0.261525,0.26177,0.2593,0.261152,0.0
2026-07-03 09:00:00,0.261074,0.262895,0.2607935,0.2617,0.0
2026-07-03 10:00:00,0.2619065,0.2654015,0.261825,0.2642575,0.0
2026-07-03 11:00:00,0.2641855,0.265835,0.263716,0.265835,0.0
2026-07-03 12:00:00,0.266009,0.268493,0.265709,0.266751,528.845881628
2026-07-03 13:00:00,0.26695,0.2683915,0.265888,0.2683915,0.0
2026-07-03 14:00:00,0.268325,0.26865,0.264755,0.26865,0.0
2026-07-03 15:00:00,0.268715,0.2736245,0.2661745,0.26643,36083.829659999
2026-07-03 16:00:00,0.266585,0.26826,0.266215,0.2680995,0.0
2026-07-03 17:00:00,0.2679255,0.26864,0.267607,0.268425,0.0
2026-07-03 18:00:00,0.2683045,0.268328,0.266717,0.267165,31.96
2026-07-03 19:00:00,0.266985,0.269987,0.266985,0.26777,0.0
2026-07-03 20:00:00,0.2676,0.27116,0.26735,0.2698365,2656.449511721
2026-07-03 21:00:00,0.26997,0.270561,0.2675815,0.269679,14.314125
2026-07-03 22:00:00,0.26955,0.26955,0.267365,0.26769,0.0
2026-07-03 23:00:00,0.2678575,0.268406,0.2663215,0.268325,15.0
2026-07-04 00:00:00,0.26812,0.269425,0.267945,0.267945,0.0
2026-07-04 01:00:00,0.267775,0.267775,0.2649315,0.2657215,0.0
2026-07-04 02:00:00,0.265685,0.26695,0.265685,0.2665,0.0
2026-07-04 03:00:00,0.266585,0.267848,0.265807,0.2667265,0.0
2026-07-04 04:00:00,0.26655,0.2672395,0.2653945,0.26631,0.0
2026-07-04 05:00:00,0.2662,0.2662,0.2638,0.2645325,2181.153075257
2026-07-04 06:00:00,0.26475,0.2654205,0.2630755,0.2635365,0.0
2026-07-04 07:00:00,0.26335,0.26425,0.262789,0.2634935,0.0
2026-07-04 08:00:00,0.26336,0.26395,0.26256,0.263895,0.0
2026-07-04 09:00:00,0.2637,0.265193,0.262205,0.262205,0.0
2026-07-04 10:00:00,0.2620685,0.2633,0.261792,0.2633,0.0
2026-07-04 11:00:00,0.263225,0.264311,0.262837,0.26403,0.0
2026-07-04 12:00:00,0.26385,0.264938,0.26385,0.264938,0.0
2026-07-04 13:00:00,0.264855,0.2662,0.2638435,0.2641845,0.0
2026-07-04 14:00:00,0.264275,0.26975,0.264275,0.267135,0.0
2026-07-04 15:00:00,0.267002,0.2950691505,0.26655,0.273308,0.0
2026-07-04 16:00:00,0.272935,0.27424,0.27182,0.271959,0.0
2026-07-04 17:00:00,0.2718565,0.27662,0.270925,0.27639,2154.70803706
2026-07-04 18:00:00,0.2765815,0.276708,0.2721885,0.2740795,0.0
2026-07-04 19:00:00,0.2742685,0.2742685,0.2717105,0.2723335,0.0
2026-07-04 20:00:00,0.2720775,0.2729,0.27051,0.27138,0.0
2026-07-04 21:00:00,0.2715,0.272625,0.27118,0.271405,0.0
2026-07-04 22:00:00,0.271491,0.27288,0.2709525,0.272568,11.428571429
2026-07-04 23:00:00,0.272675,0.273258,0.269355,0.27252,5.496921724
2026-07-05 00:00:00,0.2723555,0.274033,0.27165,0.27301,0.0
2026-07-05 01:00:00,0.273255,0.274715,0.27036,0.27334,51.975275695
2026-07-05 02:00:00,0.27325,0.27325,0.26846,0.2698955,0.0
2026-07-05 03:00:00,0.26998,0.2710845,0.269057,0.2704555,0.0
2026-07-05 04:00:00,0.27035,0.27294,0.270071,0.2714665,0.0
2026-07-05 05:00:00,0.2712825,0.2712825,0.2671,0.2687735,46.370985098
2026-07-05 06:00:00,0.2688935,0.26988,0.2679925,0.269426,0.0
2026-07-05 07:00:00,0.26935,0.27099,0.26785,0.270893,0.0
2026-07-05 08:00:00,0.27107,0.27119,0.2694215,0.270325,0.0
2026-07-05 09:00:00,0.2702695,0.2702695,0.265115,0.266792,0.0
2026-07-05 10:00:00,0.266585,0.26769,0.2652,0.267329,0.0
2026-07-05 11:00:00,0.26745,0.267638,0.266495,0.26659,0.0
2026-07-05 12:00:00,0.26645,0.268474,0.265465,0.2682755,0.0
2026-07-05 13:00:00,0.268131,0.2686995,0.26675,0.268695,0.0
2026-07-05 14:00:00,0.268857,0.2691835,0.266665,0.2682475,0.0
2026-07-05 15:00:00,0.268399,0.2695805,0.267295,0.26753,0.0
2026-07-05 16:00:00,0.267635,0.269228,0.267344,0.269075,0.0
2026-07-05 17:00:00,0.269277,0.272135,0.269195,0.269399,0.0
2026-07-05 18:00:00,0.26957,0.271806,0.269111,0.27132,0.0
2026-07-05 19:00:00,0.27123,0.27593,0.2710145,0.273251,0.0
2026-07-05 20:00:00,0.2731475,0.274457,0.272795,0.273405,0.0
2026-07-05 21:00:00,0.2735355,0.276516,0.2716485,0.27506,0.0
2026-07-05 22:00:00,0.2752655,0.277608,0.274515,0.2755045,0.0
2026-07-05 23:00:00,0.275385,0.276613,0.2738,0.274283,0.0
2026-07-06 00:00:00,0.27415,0.2751405,0.2707175,0.273835,0.0
2026-07-06 01:00:00,0.273994,0.2745605,0.2719395,0.2722245,0.0
2026-07-06 02:00:00,0.2724055,0.27348,0.270955,0.271596,0.0
2026-07-06 03:00:00,0.2715,0.2718565,0.269885,0.27035,0.0
2026-07-06 04:00:00,0.27027,0.27029,0.268773,0.268773,0.0
2026-07-06 05:00:00,0.268558,0.26875,0.2661975,0.267266,0.0
2026-07-06 06:00:00,0.2673465,0.267875,0.2667325,0.26775,0.0
2026-07-06 07:00:00,0.2675075,0.269748,0.2670105,0.26889,0.0
2026-07-06 08:00:00,0.2691075,0.270205,0.268435,0.26884,0.0
2026-07-06 09:00:00,0.26873,0.269532,0.267681,0.26792,0.0
2026-07-06 10:00:00,0.26779,0.269275,0.2676365,0.26876,0.0
2026-07-06 11:00:00,0.26889,0.2742,0.26807,0.26807,0.0
2026-07-06 12:00:00,0.2679,0.26791,0.26097,0.2632215,2149.321266967
2026-07-06 13:00:00,0.263194,0.267207,0.26078,0.2658455,17.567341475
2026-07-06 14:00:00,0.2656815,0.2684705,0.2649795,0.265475,36.698190412
2026-07-06 15:00:00,0.265635,0.274699,0.265635,0.2744355,36.606444935
2026-07-06 16:00:00,0.2745215,0.28342,0.273545,0.279975,0.0
2026-07-06 17:00:00,0.279845,0.279845,0.27588,0.27837,0.0
2026-07-06 18:00:00,0.278598,0.28235,0.2773335,0.280395,0.0
2026-07-06 19:00:00,0.280484,0.284728,0.279655,0.280306,0.0
2026-07-06 20:00:00,0.28055,0.2826,0.279595,0.282282,0.0
2026-07-06 21:00:00,0.282497,0.2950691505,0.282088,0.285987,0.0
2026-07-06 22:00:00,0.2857325,0.2857325,0.28237,0.2834275,0.0
2026-07-06 23:00:00,0.283555,0.283555,0.280885,0.28109,0.0
2026-07-07 00:00:00,0.2812955,0.283397,0.28064,0.28208,0.0
2026-07-07 01:00:00,0.2818115,0.282605,0.2797275,0.28197,0.0
2026-07-07 02:00:00,0.2818055,0.28502,0.280533,0.280985,0.0
2026-07-07 03:00:00,0.28085,0.2814385,0.27822,0.278709,0.0
2026-07-07 04:00:00,0.278835,0.2791505,0.2778155,0.27884,0.0
2026-07-07 05:00:00,0.27907,0.28014,0.274325,0.2795325,0.0
2026-07-07 06:00:00,0.279619,0.283843,0.2795275,0.282945,0.0
2026-07-07 07:00:00,0.283075,0.2875735,0.2826135,0.28635,0.0
2026-07-07 08:00:00,0.2865135,0.288615,0.2813955,0.284047,0.0
2026-07-07 09:00:00,0.2838855,0.28789,0.2838855,0.28725,0.0
2026-07-07 10:00:00,0.287045,0.29157,0.286738,0.29,0.0
2026-07-07 11:00:00,0.28978,0.28978,0.286445,0.288603,0.0
2026-07-07 12:00:00,0.28875,0.295505,0.28762,0.2877,117.862309074
2026-07-07 13:00:00,0.287555,0.287555,0.283133,0.28357,3971.153962897
2026-07-07 14:00:00,0.28345,0.2936345,0.278554,0.293169,13.279109588
2026-07-07 15:00:00,0.293,0.303205,0.2909815,0.30273,6.516915232
2026-07-07 16:00:00,0.3028655,0.3133765,0.299135,0.307215,0.0
2026-07-07 17:00:00,0.3074,0.30825,0.3016,0.306337,0.0
2026-07-07 18:00:00,0.3066,0.3105425,0.30311,0.303976,130.231661075
2026-07-07 19:00:00,0.304225,0.314571,0.301685,0.31435,100.0
2026-07-07 20:00:00,0.314565,0.3155,0.306655,0.3102535,0.0
2026-07-07 21:00:00,0.3104125,0.3145,0.30855,0.31142,0.0
2026-07-07 22:00:00,0.311255,0.31735,0.306989,0.31635,0.0
2026-07-07 23:00:00,0.31629,0.3182085,0.309985,0.3115045,0.0
2026-07-08 00:00:00,0.3117175,0.3196325,0.3099585,0.316668,0.0
2026-07-08 01:00:00,0.316898,0.3181,0.3109715,0.313316,115.71
2026-07-08 02:00:00,0.3135035,0.320795,0.30906,0.32038,0.0
2026-07-08 03:00:00,0.3205,0.326235,0.319505,0.32332,0.0
2026-07-08 04:00:00,0.323545,0.329708,0.321803,0.324835,0.0
2026-07-08 05:00:00,0.32462,0.328192,0.321859,0.3265225,0.0
2026-07-08 06:00:00,0.32666,0.327505,0.3155635,0.319785,30.668594371
2026-07-08 07:00:00,0.3194995,0.3230825,0.309902,0.315285,0.0
2026-07-08 08:00:00,0.3151735,0.315509,0.3040295,0.304578,0.0
2026-07-08 09:00:00,0.30443,0.309477,0.302659,0.307494,0.0
2026-07-08 10:00:00,0.30767,0.316539,0.3067915,0.31205,0.0
2026-07-08 11:00:00,0.3118345,0.31418,0.3092745,0.3128,100.0
2026-07-08 12:00:00,0.312995,0.3184085,0.3118875,0.3162165,0.0
2026-07-08 13:00:00,0.316525,0.330629,0.314135,0.3302195,266.690073445
2026-07-08 14:00:00,0.330391,0.3426165,0.328003,0.3286285,0.0
2026-07-08 15:00:00,0.328772,0.3321125,0.3215435,0.3249,2.950062093
2026-07-08 16:00:00,0.325209,0.34086,0.325209,0.3396545,2133.235433175
2026-07-08 17:00:00,0.3394335,0.3394335,0.323565,0.3271785,0.0
2026-07-08 18:00:00,0.327012,0.327136,0.315814,0.316638,0.0
2026-07-08 19:00:00,0.316335,0.3165955,0.30908,0.311552,140.643404525
2026-07-08 20:00:00,0.311397,0.3155065,0.310845,0.315005,0.0
2026-07-08 21:00:00,0.3152115,0.320945,0.31476,0.320685,0.0
2026-07-08 22:00:00,0.320548,0.3218,0.3181015,0.321174,0.0
2026-07-08 23:00:00,0.3213,0.3240595,0.318785,0.323656,0.0
2026-07-09 00:00:00,0.3234375,0.3236125,0.3189145,0.3236125,0.0
2026-07-09 01:00:00,0.32347,0.32984,0.3193765,0.320561,0.0
2026-07-09 02:00:00,0.32044,0.3260605,0.3195,0.3213055,0.0
2026-07-09 03:00:00,0.32104,0.32567,0.315415,0.32567,0.0
2026-07-09 04:00:00,0.325807,0.328132,0.32026,0.3208965,0.0
2026-07-09 05:00:00,0.32076,0.3223075,0.317889,0.3219365,0.0
2026-07-09 06:00:00,0.322155,0.325775,0.319285,0.32006,0.0
2026-07-09 07:00:00,0.319795,0.3236585,0.31932,0.320485,0.0
2026-07-09 08:00:00,0.32065,0.3267265,0.319835,0.3267265,0.0
2026-07-09 09:00:00,0.3268655,0.3300365,0.32315,0.3240815,0.0
2026-07-09 10:00:00,0.3242,0.3255945,0.318685,0.31997,0.0
2026-07-09 11:00:00,0.320195,0.320595,0.3122705,0.3126185,0.0
2026-07-09 12:00:00,0.3137,0.317511,0.31188,0.31408,0.0
2026-07-09 13:00:00,0.31386,0.31913,0.312607,0.318265,80.1900697
2026-07-09 14:00:00,0.318143,0.318535,0.312525,0.313103,0.0
2026-07-09 15:00:00,0.313178,0.31419,0.3090385,0.30955,0.0
2026-07-09 16:00:00,0.3097,0.310918,0.30585,0.307119,0.0
2026-07-09 17:00:00,0.3073,0.308612,0.3027595,0.306835,0.0
2026-07-09 18:00:00,0.306605,0.30727,0.301755,0.3020945,0.0
2026-07-09 19:00:00,0.301967,0.301967,0.297255,0.2977,0.0
2026-07-09 20:00:00,0.297845,0.300242,0.29745,0.29745,0.0
2026-07-09 21:00:00,0.29725,0.29912,0.296211,0.29808,0.0
2026-07-09 22:00:00,0.297933,0.29979,0.2975565,0.29814,0.0
2026-07-09 23:00:00,0.2980845,0.3015,0.2980845,0.299335,0.0
2026-07-10 00:00:00,0.29954,0.30114,0.2948235,0.29848,0.0
2026-07-10 01:00:00,0.298365,0.3140778595,0.296993,0.307351,0.0
2026-07-10 02:00:00,0.307135,0.310548,0.30394,0.307887,0.0
2026-07-10 03:00:00,0.307776,0.310492,0.307493,0.30897,111.304845144
2026-07-10 04:00:00,0.309088,0.3124115,0.30826,0.311657,0.0
2026-07-10 05:00:00,0.3118225,0.315464,0.3095315,0.312305,0.0
2026-07-10 06:00:00,0.312092,0.3122565,0.3044955,0.305525,0.0
2026-07-10 07:00:00,0.305355,0.3070665,0.30535,0.305868,0.0
2026-07-10 08:00:00,0.306021,0.308205,0.303798,0.30403,0.0
2026-07-10 09:00:00,0.3042455,0.308,0.303406,0.30681,0.0
2026-07-10 10:00:00,0.3066335,0.311462,0.30659,0.3092045,0.0
2026-07-10 11:00:00,0.309006,0.3092585,0.306659,0.3072,0.0
2026-07-10 12:00:00,0.3071035,0.3080035,0.3053495,0.30552,0.0
2026-07-10 13:00:00,0.305365,0.307527,0.30475,0.305765,0.0
2026-07-10 14:00:00,0.30561,0.3062085,0.299505,0.301617,0.0
2026-07-10 15:00:00,0.3014445,0.302675,0.300325,0.302425,0.0
2026-07-10 16:00:00,0.302215,0.3034495,0.3013,0.303045,0.0
2026-07-10 17:00:00,0.302885,0.309865,0.300385,0.303176,0.0
2026-07-10 18:00:00,0.30334,0.30342,0.3,0.3003575,0.0
2026-07-10 19:00:00,0.3001475,0.3016945,0.2982115,0.3001,0.0
2026-07-10 20:00:00,0.300216,0.3012755,0.29895,0.299075,0.0
2026-07-10 21:00:00,0.299253,0.304145,0.299253,0.3018,0.0
2026-07-10 22:00:00,0.30192,0.30274,0.30155,0.30183,12.111602915
2026-07-10 23:00:00,0.30169,0.30169,0.3002,0.3002,0.0
2026-07-11 00:00:00,0.300131,0.302398,0.299946,0.30131,0.0
2026-07-11 01:00:00,0.301076,0.303805,0.300774,0.303805,0.0
2026-07-11 02:00:00,0.303985,0.3059785,0.3029865,0.305458,0.0
2026-07-11 03:00:00,0.3056,0.307411,0.304775,0.30505,0.0
2026-07-11 04:00:00,0.3049505,0.30584,0.3030675,0.3033,0.0
2026-07-11 05:00:00,0.303125,0.30612,0.302642,0.304015,0.0
2026-07-11 06:00:00,0.3038435,0.31139,0.303433,0.31125,0.0
2026-07-11 07:00:00,0.31139,0.312606,0.306875,0.310131,0.0
2026-07-11 08:00:00,0.30995,0.31212,0.30701,0.30819,0.0
2026-07-11 09:00:00,0.30796,0.30815,0.30573,0.306035,0.0
2026-07-11 10:00:00,0.3062335,0.3093695,0.30544,0.306732,0.0
2026-07-11 11:00:00,0.3068025,0.307129,0.304445,0.3055525,0.0
2026-07-11 12:00:00,0.3057375,0.3118197175,0.30472,0.3051875,0.0
2026-07-11 13:00:00,0.305,0.311905,0.30443,0.310391,394.152491368
2026-07-11 14:00:00,0.3104775,0.313576,0.30861,0.311587,0.0
2026-07-11 15:00:00,0.3113825,0.319895,0.310646,0.310646,1568.646821734
2026-07-11 16:00:00,0.31081,0.31778,0.308792,0.31616,0.0
2026-07-11 17:00:00,0.316024,0.3177,0.313625,0.31685,0.0
2026-07-11 18:00:00,0.3166825,0.324566,0.31643,0.32037,0.0
2026-07-11 19:00:00,0.3205325,0.328402,0.320191,0.32775,0.0
2026-07-11 20:00:00,0.3274895,0.329647,0.3215995,0.322196,0.0
2026-07-11 21:00:00,0.322305,0.3248,0.320897,0.321749,0.0
2026-07-11 22:00:00,0.3214805,0.32295,0.3154,0.3160935,0.0
2026-07-11 23:00:00,0.3162715,0.3173,0.308715,0.3095495,457.262683059
2026-07-12 00:00:00,0.3093,0.310246,0.304005,0.30545,0.0
2026-07-12 01:00:00,0.3052895,0.311425,0.30495,0.30828,0.0
2026-07-12 02:00:00,0.307995,0.3084705,0.306356,0.3084175,0.0
2026-07-12 03:00:00,0.308255,0.3110515,0.30754,0.3103,0.0
2026-07-12 04:00:00,0.3101665,0.310705,0.3068685,0.307385,0.0
2026-07-12 05:00:00,0.3079615,0.308793,0.3067,0.30772,0.0
2026-07-12 06:00:00,0.3075125,0.307655,0.303296,0.30571,0.0
2026-07-12 07:00:00,0.30549,0.3082475,0.30549,0.30786,0.0
2026-07-12 08:00:00,0.307715,0.3119275,0.304825,0.309583,0.0
2026-07-12 09:00:00,0.309395,0.30945,0.30561,0.3081625,0.0
2026-07-12 10:00:00,0.308325,0.311047,0.30709,0.30736,0.0
2026-07-12 11:00:00,0.30715,0.309676,0.30637,0.309465,0.0
2026-07-12 12:00:00,0.3092345,0.309975,0.3068335,0.3070395,0.0
2026-07-12 13:00:00,0.3067575,0.3087,0.3065405,0.3071,0.0
2026-07-12 14:00:00,0.3068905,0.3100155,0.305835,0.30896,0.0
2026-07-12 15:00:00,0.30883,0.3116805,0.307658,0.30885,0.0
2026-07-12 16:00:00,0.30875,0.3114995,0.30762,0.3100505,32.39390994
2026-07-12 17:00:00,0.3098225,0.3118197175,0.30738,0.307686,0.0
2026-07-12 18:00:00,0.3079205,0.30987,0.3079205,0.30915,0.0
2026-07-12 19:00:00,0.309285,0.3095,0.307545,0.309405,0.0
2026-07-12 20:00:00,0.309495,0.312658,0.3085955,0.3093945,0.0
2026-07-12 21:00:00,0.30952,0.314535,0.30952,0.3116415,0.0
2026-07-12 22:00:00,0.311515,0.311515,0.30675,0.3089,0.0
2026-07-12 23:00:00,0.30873,0.3090285,0.307035,0.30718,0.0
2026-07-13 00:00:00,0.307043,0.31708,0.306805,0.313115,0.0
2026-07-13 01:00:00,0.31295,0.313613,0.30572,0.30593,0.0
2026-07-13 02:00:00,0.3061485,0.3075055,0.304721,0.3053025,12.0813239
2026-07-13 03:00:00,0.30507,0.30507,0.2947655,0.29813,234.43981325
2026-07-13 04:00:00,0.2979435,0.30065,0.295768,0.2997845,75.0
2026-07-13 05:00:00,0.300025,0.308255,0.2982095,0.307815,1465.117732277
2026-07-13 06:00:00,0.30788,0.3119445,0.3057,0.3103025,0.0
2026-07-13 07:00:00,0.310485,0.3122935,0.308377,0.31035,0.0
2026-07-13 08:00:00,0.31065,0.31259,0.30925,0.3104705,0.0
2026-07-13 09:00:00,0.310682,0.311794,0.3102,0.31135,0.0
2026-07-13 10:00:00,0.311519,0.314468,0.310665,0.3123685,0.0
2026-07-13 11:00:00,0.31258,0.3134785,0.310135,0.310315,0.0
2026-07-13 12:00:00,0.310493,0.3113,0.307317,0.309395,100.0
2026-07-13 13:00:00,0.30922,0.31108,0.30658,0.308459,0.0
2026-07-13 14:00:00,0.308333,0.3118197175,0.30643,0.31058,0.0
2026-07-13 15:00:00,0.310764,0.3122685,0.30796,0.3082415,0.0
2026-07-13 16:00:00,0.30845,0.312,0.3080415,0.30982,0.0
2026-07-13 17:00:00,0.30964,0.31213,0.30862,0.3088905,0.0
2026-07-13 18:00:00,0.309049,0.317,0.309049,0.3159805,0.0
2026-07-13 19:00:00,0.31615,0.322985,0.3121315,0.316126,32.34532023
2026-07-13 20:00:00,0.315995,0.320805,0.31575,0.3184845,0.0
2026-07-13 21:00:00,0.31835,0.3197485,0.311733,0.314,0.0
2026-07-13 22:00:00,0.3141685,0.3163545,0.3126595,0.312833,0.0
2026-07-13 23:00:00,0.312661,0.314125,0.3109925,0.313774,0.0
2026-07-14 00:00:00,0.3139605,0.3153465,0.3129185,0.3152,0.0
2026-07-14 01:00:00,0.31499,0.317001,0.312353,0.312353,0.0
2026-07-14 02:00:00,0.3121995,0.313034,0.3094345,0.3115685,0.0
2026-07-14 03:00:00,0.311741,0.3147645,0.310776,0.3147645,0.0
2026-07-14 04:00:00,0.314906,0.3221975,0.31454,0.321009,0.0
2026-07-14 05:00:00,0.320788,0.32915,0.3197,0.329016,0.0
2026-07-14 06:00:00,0.329193,0.3297775,0.325611,0.32695,0.0
2026-07-14 07:00:00,0.326754,0.3294735,0.324015,0.325635,0.0
2026-07-14 08:00:00,0.32545,0.326465,0.319975,0.322358,0.0
2026-07-14 09:00:00,0.3220115,0.3252965,0.320913,0.323765,0.0
2026-07-14 10:00:00,0.3241105,0.3258,0.31721,0.317625,0.0
2026-07-14 11:00:00,0.3174915,0.32175,0.316805,0.32155,0.0
2026-07-14 12:00:00,0.3213825,0.3313055,0.31975,0.3307235,0.0
2026-07-14 13:00:00,0.330528,0.3387145,0.3277585,0.33205,79.9895945
2026-07-14 14:00:00,0.33224,0.33224,0.32585,0.330826,0.0
2026-07-14 15:00:00,0.330621,0.3394685,0.329157,0.32936,0.0
2026-07-14 16:00:00,0.32949,0.33595,0.328525,0.33232,0.0
2026-07-14 17:00:00,0.3321825,0.3354,0.331635,0.3332,5.420033717
2026-07-14 18:00:00,0.333395,0.3345835,0.328775,0.329519,0.0
2026-07-14 19:00:00,0.32929,0.3307,0.3264915,0.327597,8.0
2026-07-14 20:00:00,0.327815,0.3289275,0.32671,0.327489,3.223909496
2026-07-14 21:00:00,0.3273,0.32945,0.326606,0.3294105,104.519419708
2026-07-14 22:00:00,0.32925,0.332662,0.327685,0.3322325,0.0
2026-07-14 23:00:00,0.332428,0.3344205,0.3315125,0.333247,0.0
2026-07-15 00:00:00,0.333038,0.3346715,0.331805,0.33245,0.0
2026-07-15 01:00:00,0.3322445,0.332433,0.3259825,0.32657,0.0
2026-07-15 02:00:00,0.326365,0.327768,0.32529,0.3273995,0.0
2026-07-15 03:00:00,0.327242,0.33687,0.327242,0.336301,0.0
2026-07-15 04:00:00,0.336511,0.3382,0.33255,0.332731,0.0
2026-07-15 05:00:00,0.332578,0.3365075,0.329835,0.3353895,0.0
2026-07-15 06:00:00,0.33555,0.337775,0.332575,0.332575,29.219123027
2026-07-15 07:00:00,0.332423,0.332423,0.326944,0.32736,0.0
2026-07-15 08:00:00,0.3275485,0.3286105,0.3268515,0.3284,0.0
2026-07-15 09:00:00,0.3286265,0.33224,0.3286265,0.32952,0.0
2026-07-15 10:00:00,0.32926,0.333716,0.32926,0.33038,0.0
2026-07-15 11:00:00,0.330106,0.33015,0.326018,0.327335,0.0
2026-07-15 12:00:00,0.327452,0.3325725,0.3264855,0.3317,0.0
2026-07-15 13:00:00,0.33156,0.3334715,0.325795,0.32829,80.1930414
2026-07-15 14:00:00,0.328456,0.3289745,0.32589,0.3286,0.0
2026-07-15 15:00:00,0.32845,0.3333675,0.327845,0.332475,0.0
2026-07-15 16:00:00,0.3323285,0.334417,0.3299775,0.334417,0.0
2026-07-15 17:00:00,0.334255,0.350555,0.334255,0.349893,29.146075219
2026-07-15 18:00:00,0.349655,0.3546,0.347008,0.347563,0.0
2026-07-15 19:00:00,0.3476905,0.3536085,0.345295,0.351043,11.083917067
2026-07-15 20:00:00,0.3512425,0.354155,0.348015,0.35071,0.0
2026-07-15 21:00:00,0.350475,0.35874,0.350475,0.35786,0.0
2026-07-15 22:00:00,0.357745,0.3601512395,0.355405,0.35955,0.0
2026-07-15 23:00:00,0.3596892395,0.362114,0.3560555,0.358435,119.669801026
2026-07-16 00:00:00,0.358655,0.36411,0.35705,0.363705,8.897971895
2026-07-16 01:00:00,0.363822,0.365227,0.355762,0.36074,111.72670825
2026-07-16 02:00:00,0.3603,0.3645675,0.357675,0.36426,27.284268303
2026-07-16 03:00:00,0.364554,0.368675,0.362937,0.36652,12.464464196
2026-07-16 04:00:00,0.3667605,0.37145,0.362595,0.36438,4.466447319
2026-07-16 05:00:00,0.364553,0.372459,0.3640445,0.36864,0.0
2026-07-16 06:00:00,0.36867,0.373145,0.3670995,0.3715095,0.0
2026-07-16 07:00:00,0.3711705,0.37311,0.36828,0.36959,0.0
2026-07-16 08:00:00,0.36945,0.37037,0.362435,0.36385,31.893747167
2026-07-16 09:00:00,0.36403,0.36804,0.36388,0.36654,0.0
2026-07-16 10:00:00,0.366783,0.37002,0.36358,0.3641585,0.0
2026-07-16 11:00:00,0.36398,0.36398,0.35938,0.362695,0.0
2026-07-16 12:00:00,0.362507,0.368733,0.36007,0.365912,0.0
2026-07-16 13:00:00,0.36562,0.3721795,0.3652,0.3706405,0.0
2026-07-16 14:00:00,0.370466,0.3779,0.369185,0.377145,2119.049175196
2026-07-16 15:00:00,0.37701,0.381555,0.373308,0.376844,0.0
2026-07-16 16:00:00,0.376665,0.3787905,0.36944,0.370518,45.711041461
2026-07-16 17:00:00,0.370365,0.37632,0.3675965,0.3740685,0.0
2026-07-16 18:00:00,0.3742495,0.37885,0.371237,0.37142,0.0
2026-07-16 19:00:00,0.3712945,0.371707,0.3664905,0.3704605,102.075212294
2026-07-16 20:00:00,0.3701755,0.370326,0.3649545,0.3653635,10.220100381
2026-07-16 21:00:00,0.365525,0.371381,0.365525,0.368347,0.0
2026-07-16 22:00:00,0.36817,0.3700235,0.3635225,0.365255,0.0
2026-07-16 23:00:00,0.365057,0.36675,0.36384,0.36432,12.190973933
2026-07-17 00:00:00,0.3646,0.3729,0.3643,0.36945,26.521431786
2026-07-17 01:00:00,0.369655,0.37073,0.36522,0.36732,56.818181818
2026-07-17 02:00:00,0.3674,0.367986,0.3643125,0.36585,0.0
2026-07-17 03:00:00,0.3657235,0.374655,0.3650175,0.369765,5.832203802
2026-07-17 04:00:00,0.369594,0.370545,0.3673495,0.368575,13.136268927
2026-07-17 05:00:00,0.3684,0.3686,0.363551,0.364585,5.882959469
2026-07-17 06:00:00,0.3643415,0.371473,0.3635475,0.371,0.0
2026-07-17 07:00:00,0.3708105,0.3726,0.367324,0.370152,0.0
2026-07-17 08:00:00,0.3699815,0.373612,0.36815,0.3722405,0.0
2026-07-17 09:00:00,0.372397,0.3777845,0.371355,0.3717345,5.264175553
2026-07-17 10:00:00,0.37197,0.376519,0.37175,0.3743345,0.0
2026-07-17 11:00:00,0.374123,0.37974,0.37172,0.3752,4.019368434
2026-07-17 12:00:00,0.375025,0.378498,0.3734,0.37585,0.0
2026-07-17 13:00:00,0.3761445,0.3789105,0.3716,0.37797,16.772275645
2026-07-17 14:00:00,0.3777495,0.38448,0.3761515,0.379755,180.0
2026-07-17 15:00:00,0.37945,0.385948,0.375635,0.38357,0.0
2026-07-17 16:00:00,0.383225,0.389485,0.3816,0.3822225,7.954122472
2026-07-17 17:00:00,0.3823535,0.384867,0.378927,0.382969,57.327218757
2026-07-17 18:00:00,0.3831245,0.3848865,0.3784925,0.37853,12.27149096
2026-07-17 19:00:00,0.378585,0.378781,0.3689715,0.370865,132.068447454
2026-07-17 20:00:00,0.3710035,0.3737545,0.3696055,0.372855,3.02452177
2026-07-17 21:00:00,0.3731,0.3746165,0.371154,0.3724115,0.0
2026-07-17 22:00:00,0.37264,0.373266,0.3711835,0.3730145,0.0
2026-07-17 23:00:00,0.3727125,0.375393,0.370065,0.37425,0.0
2026-07-18 00:00:00,0.37402,0.37491,0.367366,0.3704285,0.0
2026-07-18 01:00:00,0.37025,0.374585,0.368681,0.37444,0.0
2026-07-18 02:00:00,0.37428,0.375303,0.37005,0.37005,0.0
2026-07-18 03:00:00,0.3702,0.3735765,0.3702,0.373424,0.0
2026-07-18 04:00:00,0.37325,0.37325,0.3701475,0.37097,0.0
2026-07-18 05:00:00,0.370875,0.370875,0.3644515,0.3664175,0.0
2026-07-18 06:00:00,0.3663,0.371417,0.366006,0.3707625,0.0
2026-07-18 07:00:00,0.371015,0.3727215,0.3676185,0.368365,0.0
2026-07-18 08:00:00,0.368171,0.3692535,0.36677,0.3675585,0.0
2026-07-18 09:00:00,0.367372,0.367372,0.3586305,0.3601975,0.0
2026-07-18 10:00:00,0.359968,0.36186,0.3585875,0.361416,0.0
2026-07-18 11:00:00,0.361252,0.36255,0.359006,0.36068,0.0
2026-07-18 12:00:00,0.36081,0.36365,0.3588425,0.3588425,0.0
2026-07-18 13:00:00,0.358533,0.361565,0.356672,0.3599045,0.0
2026-07-18 14:00:00,0.3601155,0.36447,0.3598465,0.3625255,0.0
2026-07-18 15:00:00,0.3627515,0.3658685,0.362625,0.36474,0.0
2026-07-18 16:00:00,0.3646,0.3654005,0.357576,0.3587625,10.732828835
2026-07-18 17:00:00,0.35843,0.36007,0.3567,0.35864,116.145751289
2026-07-18 18:00:00,0.35855,0.3597,0.3546975,0.354883,0.0
2026-07-18 19:00:00,0.3551165,0.357637,0.353745,0.356831,0.0
2026-07-18 20:00:00,0.356593,0.35755,0.35475,0.35709,0.0
2026-07-18 21:00:00,0.35735,0.359836,0.35659,0.35845,0.0
2026-07-18 22:00:00,0.358257,0.3593,0.3571,0.358935,0.0
2026-07-18 23:00:00,0.3587615,0.3587615,0.357305,0.3577,0.0
2026-07-19 00:00:00,0.35793,0.35931,0.3557675,0.35931,0.0
2026-07-19 01:00:00,0.359378,0.3646,0.359378,0.361289,0.0
2026-07-19 02:00:00,0.3611,0.364955,0.3611,0.364341,0.0
2026-07-19 03:00:00,0.3645115,0.365752,0.361386,0.3619,0.0
2026-07-19 04:00:00,0.3617,0.364334,0.3607,0.3607,0.0
2026-07-19 05:00:00,0.359915,0.360575,0.358295,0.358835,0.0
2026-07-19 06:00:00,0.359135,0.3599455,0.357,0.357,0.0
2026-07-19 07:00:00,0.35672,0.3579685,0.355763,0.3577205,0.0
2026-07-19 08:00:00,0.358018,0.359215,0.35617,0.35677,0.0
2026-07-19 09:00:00,0.357118,0.362485,0.35579,0.3617575,0.0
2026-07-19 10:00:00,0.361992,0.362575,0.359291,0.359506,0.0
2026-07-19 11:00:00,0.359676,0.362462,0.3555,0.356185,0.0
2026-07-19 12:00:00,0.355935,0.3615515,0.3548665,0.36043,0.0
2026-07-19 13:00:00,0.360165,0.3622,0.35885,0.359029,0.0
2026-07-19 14:00:00,0.3588875,0.3603855,0.35825,0.3584365,0.0
2026-07-19 15:00:00,0.35865,0.3591535,0.3566,0.356815,0.0
2026-07-19 16:00:00,0.356575,0.35683,0.354415,0.354895,0.0
2026-07-19 17:00:00,0.3550715,0.355657,0.350955,0.351978,0.0
2026-07-19 18:00:00,0.351785,0.35294,0.3492,0.35105,470.0542665
2026-07-19 19:00:00,0.351245,0.3535505,0.351245,0.352425,0.0
2026-07-19 20:00:00,0.352586,0.353552,0.351922,0.3525585,0.0
2026-07-19 21:00:00,0.35289,0.35334,0.3508,0.35155,0.0
2026-07-19 22:00:00,0.351255,0.35678,0.351255,0.355115,0.0
2026-07-19 23:00:00,0.355285,0.3563955,0.3536075,0.35445,0.0
2026-07-20 00:00:00,0.354239,0.358765,0.35289,0.3541355,0.0
2026-07-20 01:00:00,0.354411,0.35847,0.351798,0.35217,27.349350206
2026-07-20 02:00:00,0.3520765,0.355543,0.3519,0.3531185,0.0
2026-07-20 03:00:00,0.353015,0.3553765,0.351856,0.354369,0.0
2026-07-20 04:00:00,0.3542215,0.354556,0.352,0.352,0.0
2026-07-20 05:00:00,0.35204,0.3539125,0.350245,0.352652,0.0
2026-07-20 06:00:00,0.352845,0.354235,0.350662,0.353115,0.0
2026-07-20 07:00:00,0.3533355,0.3585515,0.3525105,0.356878,0.0
2026-07-20 08:00:00,0.3571095,0.3586175,0.352096,0.353125,0.0
2026-07-20 09:00:00,0.353445,0.3565345,0.353405,0.35483,0.0
2026-07-20 10:00:00,0.35499,0.355745,0.351602,0.35225,0.0
2026-07-20 11:00:00,0.352421,0.3554995,0.35055,0.355335,0.0
2026-07-20 12:00:00,0.355165,0.35535,0.3521,0.35324,56.31163707
2026-07-20 13:00:00,0.353051,0.35438,0.3511535,0.352413,0.0
2026-07-20 14:00:00,0.3522595,0.358881,0.351875,0.35705,0.0
2026-07-20 15:00:00,0.356878,0.3610885,0.35442,0.360594,283.501491945
2026-07-20 16:00:00,0.360725,0.3715055,0.360725,0.370611,68.701932598
2026-07-20 17:00:00,0.3704615,0.37795,0.3697055,0.377777,27.28097683
2026-07-20 18:00:00,0.37798,0.380015,0.37421,0.3784605,0.0
2026-07-20 19:00:00,0.378315,0.3828575,0.377266,0.38007,0.0
2026-07-20 20:00:00,0.3803,0.3837695,0.375885,0.380691,0.0
2026-07-20 21:00:00,0.38045,0.385675,0.3788625,0.3853275,89.10341597
2026-07-20 22:00:00,0.385097,0.38854,0.383817,0.385065,87.806974521
2026-07-20 23:00:00,0.38515,0.38622,0.38236,0.382795,3.192100615
2026-07-21 00:00:00,0.382723,0.394583,0.3824,0.394155,5.901239056
2026-07-21 01:00:00,0.393884,0.39658,0.3919615,0.39365,6.18670457
2026-07-21 02:00:00,0.393917,0.39638,0.3913,0.395115,0.0
2026-07-21 03:00:00,0.395307,0.40208,0.395307,0.4014855,0.0
2026-07-21 04:00:00,0.40183,0.404445,0.3997545,0.4019,0.0
2026-07-21 05:00:00,0.40173,0.4031,0.398455,0.39945,34.618288796
2026-07-21 06:00:00,0.399721,0.40285,0.397841,0.3982695,0.0
2026-07-21 07:00:00,0.398474,0.401805,0.3946,0.398135,2.772876228
2026-07-21 08:00:00,0.397919,0.39886,0.3946925,0.397185,0.0
2026-07-21 09:00:00,0.3974245,0.402745,0.395935,0.400015,0.0
2026-07-21 10:00:00,0.4001195,0.402735,0.3984675,0.3999,0.0
2026-07-21 11:00:00,0.399993,0.40239,0.39835,0.4023625,0.0
2026-07-21 12:00:00,0.40252,0.407125,0.4021,0.404406,2.772876228
2026-07-21 13:00:00,0.404178,0.4044855,0.3967,0.39898,0.0
2026-07-21 14:00:00,0.398771,0.402537,0.397405,0.39945,12.414228559
2026-07-21 15:00:00,0.399634,0.4002045,0.3973225,0.3979025,0.0
2026-07-21 16:00:00,0.397779,0.3979735,0.39005,0.3906,17.682759942
2026-07-21 17:00:00,0.390491,0.39243,0.388205,0.39016,12.414228559
2026-07-21 18:00:00,0.390245,0.39272,0.389803,0.39118,192.923440808
2026-07-21 19:00:00,0.391325,0.391325,0.38975,0.3899,0.0
2026-07-21 20:00:00,0.390065,0.39085,0.387247,0.3904,2.772876228
2026-07-21 21:00:00,0.3901525,0.3920155,0.38924,0.3893505,0.0
2026-07-21 22:00:00,0.389041,0.389041,0.3868275,0.3880975,0.0
2026-07-21 23:00:00,0.387885,0.38865,0.3862025,0.3865545,0.0
2026-07-22 00:00:00,0.3862885,0.3880145,0.385775,0.3880145,0.0
2026-07-22 01:00:00,0.387788,0.3888095,0.384929,0.38795,0.0
2026-07-22 02:00:00,0.388042,0.388516,0.3855275,0.38742,0.0
2026-07-22 03:00:00,0.38766,0.392566,0.3876,0.3915555,5.582072808
2026-07-22 04:00:00,0.39133,0.39226,0.370881055,0.392,0.0
2026-07-22 05:00:00,0.39185,0.393143,0.38939,0.39034,22.106419398
2026-07-22 06:00:00,0.39056,0.394406,0.39056,0.3923935,0.0
2026-07-22 07:00:00,0.39217,0.39217,0.38915,0.3908785,7.842422477
2026-07-22 08:00:00,0.391038,0.394196,0.391038,0.3928385,45.934354184
2026-07-22 09:00:00,0.392976,0.394415,0.3905365,0.3931255,23.855991559
2026-07-22 10:00:00,0.3933,0.39515,0.39275,0.3948275,0.0
2026-07-22 11:00:00,0.39473,0.39542,0.3944135,0.395279,0.0
2026-07-22 12:00:00,0.3951865,0.3995875,0.392468,0.3950695,60.849465546
2026-07-22 13:00:00,0.3950325,0.398265,0.392945,0.398045,51.423519049
2026-07-22 14:00:00,0.397727,0.4009,0.3946,0.397425,32.101572668
2026-07-22 15:00:00,0.397544,0.3989755,0.396905,0.39825,25.29769192
2026-07-22 16:00:00,0.3983295,0.4069485,0.398093,0.4053,6.780114306
2026-07-22 17:00:00,0.4055,0.408186,0.40042,0.401225,3.757725587
2026-07-22 18:00:00,0.401108,0.4014565,0.395153,0.3986965,58.662411321
2026-07-22 19:00:00,0.398394,0.4022405,0.398,0.399755,0.0
2026-07-22 20:00:00,0.39941,0.40172,0.3987965,0.3994545,0.0
2026-07-22 21:00:00,0.3997,0.401882,0.39957,0.400818,0.0
2026-07-22 22:00:00,0.401,0.40105,0.396985,0.39795,0.0
2026-07-22 23:00:00,0.398064,0.399,0.3959805,0.3985285,0.0
2026-07-23 00:00:00,0.398811,0.40598,0.398579,0.4017595,0.0
2026-07-23 01:00:00,0.402165,0.40376,0.4006225,0.402068,0.0
2026-07-23 02:00:00,0.401765,0.401983,0.397907,0.400278,0.0
2026-07-23 03:00:00,0.400145,0.40315,0.398428,0.402144,0.0
2026-07-23 04:00:00,0.4023685,0.40528,0.4012095,0.40371,0.0
2026-07-23 05:00:00,0.4038995,0.40751,0.402613,0.404507,0.0
2026-07-23 06:00:00,0.4042475,0.41234,0.4042475,0.41196,0.0
2026-07-23 07:00:00,0.411775,0.4119405,0.40694,0.4098905,0.0
2026-07-23 08:00:00,0.409745,0.409745,0.39595,0.3962,0.0
2026-07-23 09:00:00,0.396079,0.396079,0.389765,0.390085,42.443067539
2026-07-23 10:00:00,0.39029,0.392345,0.388847,0.3913875,0.0
2026-07-23 11:00:00,0.3911805,0.3922045,0.3886025,0.390681,0.0
2026-07-23 12:00:00,0.39084,0.395715,0.39064,0.3955175,0.0
2026-07-23 13:00:00,0.395802,0.40056,0.393875,0.397365,44.827206128
2026-07-23 14:00:00,0.397214,0.3997,0.391,0.391555,0.0
2026-07-23 15:00:00,0.391266,0.3945,0.3889225,0.39333,0.0
2026-07-23 16:00:00,0.3931205,0.3951195,0.39035,0.394702,0.0
2026-07-23 17:00:00,0.394361,0.394995,0.3863,0.3871655,15.0
2026-07-23 18:00:00,0.3872945,0.38867,0.385776,0.38726,44.715138112
2026-07-23 19:00:00,0.387439,0.388288,0.3844535,0.386551,0.0
2026-07-23 20:00:00,0.3865045,0.3909615,0.386385,0.3909615,0.0
2026-07-23 21:00:00,0.3906915,0.3908,0.387585,0.3877845,0.0
2026-07-23 22:00:00,0.387585,0.389241,0.38676,0.388085,0.0
2026-07-23 23:00:00,0.38835,0.390554,0.387965,0.388981,0.0
2026-07-24 00:00:00,0.3887125,0.3902985,0.3869165,0.3894795,0.0
2026-07-24 01:00:00,0.3892745,0.395414,0.388413,0.393285,0.0
2026-07-24 02:00:00,0.3935215,0.395725,0.3905,0.3917725,0.0
2026-07-24 03:00:00,0.3914,0.3930505,0.389534,0.392605,0.0
2026-07-24 04:00:00,0.392501,0.3964385,0.392501,0.3929835,0.0
2026-07-24 05:00:00,0.393225,0.400501,0.393225,0.397611,0.0
2026-07-24 06:00:00,0.3974455,0.400517,0.39636,0.3973,0.0
2026-07-24 07:00:00,0.397643,0.403721,0.397375,0.39813,0.0
2026-07-24 08:00:00,0.398432,0.3993465,0.3953555,0.3953555,0.0
2026-07-24 09:00:00,0.395586,0.396618,0.39454,0.396618,0.0
2026-07-24 10:00:00,0.3967395,0.3971865,0.393347,0.39429,0.0
2026-07-24 11:00:00,0.39405,0.3948485,0.3929715,0.394143,0.0
2026-07-24 12:00:00,0.393803,0.395297,0.3907215,0.3914075,0.0
2026-07-24 13:00:00,0.39168,0.39168,0.3837045,0.388175,25.300442757
2026-07-24 14:00:00,0.3884445,0.392905,0.38718,0.392625,0.0
2026-07-24 15:00:00,0.392423,0.392614,0.38888,0.3889805,0.0
2026-07-24 16:00:00,0.38881,0.38881,0.38015,0.381724,0.0
2026-07-24 17:00:00,0.3815,0.3821,0.379262,0.38058,0.0
2026-07-24 18:00:00,0.3807555,0.3807745,0.378717,0.3804665,0.0
2026-07-24 19:00:00,0.380173,0.3825905,0.38017,0.381625,0.0
2026-07-24 20:00:00,0.381691,0.3825,0.376585,0.3772075,0.0
2026-07-24 21:00:00,0.377386,0.3791965,0.37357,0.374344,0.0
2026-07-24 22:00:00,0.3741195,0.376965,0.37289,0.3753385,0.0
2026-07-24 23:00:00,0.3756145,0.3762695,0.374168,0.374399,0.0
2026-07-25 00:00:00,0.37417,0.377465,0.37417,0.376435,0.0
2026-07-25 01:00:00,0.3762,0.376845,0.372738,0.3737225,0.0
2026-07-25 02:00:00,0.3739385,0.376454,0.3724865,0.376454,0.0
2026-07-25 03:00:00,0.376104,0.37702,0.37299,0.373223,0.0
2026-07-25 04:00:00,0.37345,0.37705,0.3721495,0.3754085,0.0
2026-07-25 05:00:00,0.3756,0.3772545,0.373785,0.375385,0.0
2026-07-25 06:00:00,0.37552,0.37963,0.374097,0.37565,0.0
2026-07-25 07:00:00,0.37558,0.37665,0.3744485,0.37631,0.0
2026-07-25 08:00:00,0.376497,0.377607,0.376005,0.377607,0.0
2026-07-25 09:00:00,0.377455,0.37765,0.375455,0.377625,0.0
2026-07-25 10:00:00,0.377845,0.37955,0.377393,0.377856,0.0
2026-07-25 11:00:00,0.37744,0.377575,0.3755385,0.3760985,0.0
2026-07-25 12:00:00,0.3759,0.38141,0.3759,0.38045,0.0
2026-07-25 13:00:00,0.38067,0.381935,0.3780805,0.378515,0.0
2026-07-25 14:00:00,0.378585,0.3788685,0.377,0.3788685,0.0
2026-07-25 15:00:00,0.378965,0.38275,0.378965,0.379525,0.0
2026-07-25 16:00:00,0.37984,0.38047,0.37723,0.37723,0.0
2026-07-25 17:00:00,0.3774595,0.3798955,0.375875,0.3777185,0.0
2026-07-25 18:00:00,0.37792,0.378621,0.37675,0.3779,0.0
2026-07-25 19:00:00,0.3782,0.378636,0.3755285,0.376274,0.0
2026-07-25 20:00:00,0.376445,0.376445,0.3729025,0.3742955,0.0
2026-07-25 21:00:00,0.374583,0.37549,0.37348,0.37485,0.0
2026-07-25 22:00:00,0.37469,0.37469,0.372915,0.372915,0.0
2026-07-25 23:00:00,0.372614,0.3730955,0.3695565,0.369746,0.0
2026-07-26 00:00:00,0.369572,0.3715,0.3690515,0.370641,0.0
2026-07-26 01:00:00,0.37085,0.372922,0.37085,0.3722,0.0
2026-07-26 02:00:00,0.372072,0.373717,0.3699605,0.3736185,0.0
2026-07-26 03:00:00,0.3737,0.374165,0.37079,0.3712225,0.0
2026-07-26 04:00:00,0.3709705,0.37272,0.3701895,0.3715685,0.0
2026-07-26 05:00:00,0.371405,0.3718585,0.3702285,0.37168,0.0
2026-07-26 06:00:00,0.371935,0.371935,0.368615,0.371015,0.0
2026-07-26 07:00:00,0.3709,0.37148,0.368465,0.369345,0.0
2026-07-26 08:00:00,0.3691,0.3697775,0.36836,0.3697775,0.0
2026-07-26 09:00:00,0.36994,0.3716,0.369355,0.369355,0.0
2026-07-26 10:00:00,0.3690935,0.3746065,0.3690935,0.3737165,0.0
2026-07-26 11:00:00,0.37356,0.37683,0.37239,0.376167,0.0
2026-07-26 12:00:00,0.376433,0.3783605,0.37444,0.37799,0.0
2026-07-26 13:00:00,0.378108,0.38044,0.3758695,0.38005,0.0
2026-07-26 14:00:00,0.37989,0.3911955,0.377795,0.3860095,78.555275511
2026-07-26 15:00:00,0.38625,0.387309,0.381545,0.38203,0.0
2026-07-26 16:00:00,0.3821095,0.383115,0.3795015,0.3795015,31.68981391
2026-07-26 17:00:00,0.379287,0.379287,0.37635,0.3771,0.0
2026-07-26 18:00:00,0.37733,0.3776595,0.374832,0.374832,0.0
2026-07-26 19:00:00,0.37469,0.3749145,0.372805,0.373315,0.0
2026-07-26 20:00:00,0.373579,0.3753985,0.372595,0.374565,0.0
2026-07-26 21:00:00,0.374695,0.377821,0.374695,0.3774545,0.0
2026-07-26 22:00:00,0.377695,0.38175,0.377695,0.37956,0.0
2026-07-26 23:00:00,0.37979,0.3821905,0.37862,0.38035,0.0
2026-07-27 00:00:00,0.3802,0.383848,0.379662,0.383595,0.0
2026-07-27 01:00:00,0.383425,0.3901235,0.382681,0.3901235,0.0
2026-07-27 02:00:00,0.3898835,0.3903125,0.3866,0.389206,0.0
2026-07-27 03:00:00,0.38933,0.39082,0.386416,0.387192,0.0
2026-07-27 04:00:00,0.3870685,0.3894,0.385705,0.38571,0.0
2026-07-27 05:00:00,0.385499,0.39255,0.385135,0.390989,0.0
2026-07-27 06:00:00,0.39075,0.40334,0.39075,0.40334,46.775426973
2026-07-27 07:00:00,0.40311,0.407644,0.3998,0.404875,192.857697689
2026-07-27 08:00:00,0.40515,0.40569,0.402519,0.40475,0.0
2026-07-27 09:00:00,0.40446,0.40446,0.39977,0.401492,0.0
2026-07-27 10:00:00,0.40128,0.4037,0.3988595,0.4010925,0.0
2026-07-27 11:00:00,0.400922,0.4023705,0.39945,0.4009665,0.0
2026-07-27 12:00:00,0.400746,0.4039465,0.3967705,0.40274,7.814541456
2026-07-27 13:00:00,0.402972,0.4045,0.3949875,0.39525,0.0
2026-07-27 14:00:00,0.395555,0.39557,0.379029,0.38191,7.795005102
2026-07-27 15:00:00,0.38175,0.38205,0.3759,0.378643,0.0
2026-07-27 16:00:00,0.37857,0.38373,0.3767455,0.383285,0.0
2026-07-27 17:00:00,0.383585,0.3851715,0.382075,0.38412,0.0
2026-07-27 18:00:00,0.3840745,0.3840745,0.375862,0.38015,0.0
2026-07-27 19:00:00,0.3807915,0.383555,0.380125,0.383335,0.0
2026-07-27 20:00:00,0.38352,0.38437,0.38185,0.3819935,0.0
2026-07-27 21:00:00,0.3817745,0.3915615,0.3804495,0.38975,88.88065743
2026-07-27 22:00:00,0.389502,0.392995,0.3861875,0.38742,87.77348022
2026-07-27 23:00:00,0.387175,0.38837,0.38334,0.38837,0.0
2026-07-28 00:00:00,0.388165,0.388649,0.38175,0.3841575,0.0
2026-07-28 01:00:00,0.384361,0.38793,0.378317,0.3784965,0.0
2026-07-28 02:00:00,0.378845,0.3837055,0.378475,0.3837055,0.0
2026-07-28 03:00:00,0.383635,0.389549,0.38298,0.388095,10.029657541
2026-07-28 04:00:00,0.387885,0.3912035,0.3841665,0.38629,0.0
2026-07-28 05:00:00,0.38661,0.3894795,0.385655,0.385655,0.0
2026-07-28 06:00:00,0.385955,0.388235,0.38385,0.387005,2.564412222
2026-07-28 07:00:00,0.3867535,0.38847,0.3847,0.3868915,0.0
2026-07-28 08:00:00,0.38661,0.39009,0.38661,0.3892,0.0
2026-07-28 09:00:00,0.388999,0.3891845,0.383669,0.38759,0.0
2026-07-28 10:00:00,0.38747,0.3897025,0.3853975,0.3853975,0.0
2026-07-28 11:00:00,0.3852285,0.38729,0.3837455,0.38425,0.0
2026-07-28 12:00:00,0.383973,0.3912635,0.38311,0.39114,0.0
2026-07-28 13:00:00,0.3908815,0.3908815,0.37339,0.374775,0.0
2026-07-28 14:00:00,0.3745415,0.3778525,0.372905,0.3761265,0.0
2026-07-28 15:00:00,0.3759085,0.37888,0.36995,0.3780405,14.7093
2026-07-28 16:00:00,0.377761,0.37788,0.372575,0.3763245,0.0
2026-07-28 17:00:00,0.376045,0.37658,0.372114,0.372114,0.0
2026-07-28 18:00:00,0.372325,0.3756555,0.372266,0.374635,0.0
2026-07-28 19:00:00,0.3748,0.37695,0.373805,0.3745795,0.0
2026-07-28 20:00:00,0.374835,0.375865,0.372815,0.3744855,0.0
2026-07-28 21:00:00,0.3746745,0.37555,0.373231,0.373655,0.0
2026-07-28 22:00:00,0.3734645,0.374995,0.3705,0.3706,97.583704061
2026-07-28 23:00:00,0.37088,0.371345,0.365987,0.367634,0.0
2026-07-29 00:00:00,0.3678825,0.36913,0.3641,0.3643,0.0
2026-07-29 01:00:00,0.363992,0.365235,0.3623375,0.36261,0.0
2026-07-29 02:00:00,0.3624,0.36609,0.361755,0.36208,0.0
2026-07-29 03:00:00,0.36182,0.3634715,0.3582315,0.3582645,0.0
2026-07-29 04:00:00,0.358125,0.3617225,0.357576,0.3616315,0.0
2026-07-29 05:00:00,0.36175,0.3646605,0.361743,0.3634675,0.0
2026-07-29 06:00:00,0.363315,0.367025,0.363073,0.3645635,0.0
2026-07-29 07:00:00,0.36445,0.36709,0.362725,0.3669635,0.0
2026-07-29 08:00:00,0.36673,0.3685,0.36445,0.367479,0.0
2026-07-29 09:00:00,0.36725,0.3738505,0.3671,0.370859,0.0
2026-07-29 10:00:00,0.3711915,0.37135,0.36629,0.366627,0.0
2026-07-29 11:00:00,0.3669585,0.36715,0.3652265,0.3662,263.022272779
2026-07-29 12:00:00,0.366097,0.36639,0.363344,0.3635515,0.0
2026-07-29 13:00:00,0.363272,0.3635,0.360405,0.36295,9.346175956
2026-07-29 14:00:00,0.363078,0.363374,0.35833,0.3586525,0.0
2026-07-29 15:00:00,0.3585,0.35965,0.3574,0.35829,0.0
2026-07-29 16:00:00,0.35809,0.358773,0.3553195,0.356091,0.0
2026-07-29 17:00:00,0.356279,0.36106,0.356279,0.360765,0.0
2026-07-29 18:00:00,0.361,0.36462,0.356118,0.362355,0.0
2026-07-29 19:00:00,0.36255,0.3631975,0.3517,0.352055,0.0
2026-07-29 20:00:00,0.3518315,0.35441,0.3507295,0.352747,0.0
2026-07-29 21:00:00,0.3529905,0.356599,0.35198,0.356599,0.0
2026-07-29 22:00:00,0.356698,0.3596,0.356698,0.358221,9.825432196
2026-07-29 23:00:00,0.35805,0.359851,0.356607,0.359851,13.915767976
2026-07-30 00:00:00,0.360085,0.363398,0.35909,0.359985,0.0
2026-07-30 01:00:00,0.3602855,0.3687095,0.359753,0.36777,101.641903948
2026-07-30 02:00:00,0.367927,0.368234,0.364821,0.364821,18.202255092
2026-07-30 03:00:00,0.365,0.36645,0.3639,0.365595,0.0
2026-07-30 04:00:00,0.365324,0.365324,0.3606965,0.3606965,0.0
2026-07-30 05:00:00,0.3604845,0.36122,0.3589575,0.3595235,0.0
2026-07-30 06:00:00,0.359317,0.359983,0.3575475,0.35825,0.0
2026-07-30 07:00:00,0.358135,0.3592325,0.35548,0.355484,0.0
2026-07-30 08:00:00,0.355371,0.357171,0.355106,0.3556205,0.0
2026-07-30 09:00:00,0.355856,0.35992,0.355856,0.3583105,0.0
2026-07-30 10:00:00,0.35855,0.3599295,0.3555915,0.3555915,0.0
2026-07-30 11:00:00,0.355845,0.3616645,0.3556775,0.361121,0.0
2026-07-30 12:00:00,0.36089,0.3679325,0.36089,0.3667,0.0
2026-07-30 13:00:00,0.3663255,0.37245,0.3655845,0.370935,0.0
2026-07-30 14:00:00,0.370765,0.37467,0.370375,0.372445,51.461906957
2026-07-30 15:00:00,0.3721665,0.3754415,0.371643,0.374485,16.872887275
2026-07-30 16:00:00,0.374238,0.37905,0.37395,0.375458,0.0
2026-07-30 17:00:00,0.3752915,0.3784605,0.373705,0.375429,0.0
2026-07-30 18:00:00,0.3755785,0.37667,0.370325,0.3704635,0.0
2026-07-30 19:00:00,0.370355,0.375329,0.370355,0.3742135,38.0
2026-07-30 20:00:00,0.374018,0.37561,0.37175,0.37176,0.0
2026-07-30 21:00:00,0.3715445,0.372967,0.3671765,0.36785,3.179267966
2026-07-30 22:00:00,0.36768,0.37069,0.3671545,0.368918,0.0
2026-07-30 23:00:00,0.368638,0.371645,0.368235,0.368975,9.11021851
2026-07-31 00:00:00,0.3691075,0.3701985,0.3660555,0.369081,0.0
2026-07-31 01:00:00,0.3691185,0.3718045,0.36608,0.3664825,9.208849517
2026-07-31 02:00:00,0.36627,0.36627,0.3627015,0.3629455,0.0
2026-07-31 03:00:00,0.3627175,0.3667285,0.361898,0.3655755,0.0
2026-07-31 04:00:00,0.3653425,0.366725,0.363345,0.365259,0.0
2026-07-31 05:00:00,0.3649555,0.366768,0.36327,0.36615,107.905
2026-07-31 06:00:00,0.3659495,0.366172,0.362703,0.36461,0.0
2026-07-31 07:00:00,0.3645215,0.3645215,0.3614195,0.3624485,0.0
2026-07-31 08:00:00,0.3622325,0.3640625,0.3613,0.3633,24.041549656
2026-07-31 09:00:00,0.36338,0.36338,0.3609425,0.361104,0.0
2026-07-31 10:00:00,0.360881,0.363465,0.3605805,0.3623195,3.072239136
2026-07-31 11:00:00,0.362193,0.36253,0.359345,0.359345,10.276258621
2026-07-31 12:00:00,0.359175,0.359272,0.3558685,0.3571,6.53428612
2026-07-31 13:00:00,0.35695,0.35745,0.3531125,0.353899,0.0
2026-07-31 14:00:00,0.354138,0.355734,0.34745,0.350345,103.38373715
2026-07-31 15:00:00,0.35053,0.3507755,0.3453545,0.345599,0.0
2026-07-31 16:00:00,0.3454185,0.34554,0.342848,0.344576,0.0
2026-07-31 17:00:00,0.344673,0.349016,0.344673,0.3481,0.0
2026-07-31 18:00:00,0.348315,0.348463,0.345689,0.348028,20.0
2026-07-31 19:00:00,0.348232,0.34865,0.345943,0.3460415,0.0
2026-07-31 20:00:00,0.346381,0.34775,0.34551,0.345712,0.0
2026-07-31 21:00:00,0.345957,0.34725,0.3443425,0.344975,0.0
2026-07-31 22:00:00,0.344825,0.3457455,0.34355,0.3439675,0.0
2026-07-31 23:00:00,0.343743,0.345747,0.343743,0.3444685,0.0
2026-08-01 00:00:00,0.34469,0.3457785,0.3413795,0.3413795,0.0
2026-08-01 01:00:00,0.34117,0.342035,0.3373,0.338065,0.0
2026-08-01 02:00:00,0.33791,0.3398985,0.3368875,0.337125,0.0
2026-08-01 03:00:00,0.33685,0.3372775,0.33586,0.33616,0.0
2026-08-01 04:00:00,0.33615,0.3371535,0.335806,0.3364435,0.0
2026-08-01 05:00:00,0.33629,0.3375265,0.3349,0.335068,20.0
2026-08-01 06:00:00,0.33505,0.335095,0.3308955,0.3310455,33.0
2026-08-01 07:00:00,0.33121,0.33252,0.3304975,0.332475,0.0
2026-08-01 08:00:00,0.332241,0.3333635,0.331755,0.332475,0.0
2026-08-01 09:00:00,0.332634,0.3327905,0.32976,0.331482,0.0
2026-08-01 10:00:00,0.3316445,0.3316445,0.329625,0.3315665,60.264647896
2026-08-01 11:00:00,0.3314,0.33529,0.3307615,0.33405,0.0
2026-08-01 12:00:00,0.3343565,0.3355225,0.3322715,0.3336685,0.0
2026-08-01 13:00:00,0.3335,0.336921,0.333075,0.336921,0.0
2026-08-01 14:00:00,0.33714,0.33714,0.33192,0.33325,63.694267515
2026-08-01 15:00:00,0.3331585,0.333355,0.327005,0.32724,0.0
2026-08-01 16:00:00,0.32708,0.327657,0.3246,0.3251225,0.0
2026-08-01 17:00:00,0.324951,0.3258545,0.3235455,0.3249905,0.0
2026-08-01 18:00:00,0.3247505,0.325203,0.319964686,0.3218005,0.0
2026-08-01 19:00:00,0.32197,0.323675,0.3213635,0.323216,0.0
2026-08-01 20:00:00,0.323015,0.323745,0.320695686,0.321302,0.0
2026-08-01 21:00:00,0.3211,0.3238125,0.3207245,0.3231,0.0
2026-08-01 22:00:00,0.3232755,0.3260675,0.3232755,0.32469,0.0
2026-08-01 23:00:00,0.32494,0.326275,0.32491,0.3256,0.0
2026-08-02 00:00:00,0.3260155,0.330156,0.3260155,0.32964,0.0
2026-08-02 01:00:00,0.329865,0.33065,0.32787,0.32787,0.0
2026-08-02 02:00:00,0.32805,0.3329715,0.3280475,0.33245,0.0
2026-08-02 03:00:00,0.332204,0.3330815,0.3305795,0.33266,0.0
2026-08-02 04:00:00,0.332909,0.3333,0.330516,0.330516,0.0
2026-08-02 05:00:00,0.330675,0.332067,0.329425,0.33087,0.0
2026-08-02 06:00:00,0.331075,0.331075,0.324518,0.3251085,0.0
2026-08-02 07:00:00,0.324973,0.3293,0.3246645,0.3264865,0.0
2026-08-02 08:00:00,0.3265575,0.32695,0.324617,0.32533,2.998902341
2026-08-02 09:00:00,0.325278,0.3272895,0.324469,0.3268455,0.0
2026-08-02 10:00:00,0.3265815,0.3265815,0.32395,0.323965,0.0
2026-08-02 11:00:00,0.32428,0.32472,0.322837,0.323615,0.0
2026-08-02 12:00:00,0.323325,0.325295,0.32305,0.3245935,0.0
2026-08-02 13:00:00,0.32445,0.3248045,0.32185,0.322158,0.0
2026-08-02 14:00:00,0.322,0.323155,0.32184,0.3220435,0.0
2026-08-02 15:00:00,0.322907,0.323666,0.320456186,0.320456186,28.134800781
2026-08-02 16:00:00,0.320569186,0.3227095,0.320151,0.32245,4.583462372
2026-08-02 17:00:00,0.32239,0.32245,0.32087,0.321505,4.005582477
2026-08-02 18:00:00,0.322215,0.3262,0.321505,0.325425,0.0
2026-08-02 19:00:00,0.3255775,0.32795,0.3255775,0.327726,5.448411026
2026-08-02 20:00:00,0.327848,0.3302985,0.326977,0.32976,0.0
2026-08-02 21:00:00,0.3297805,0.3297805,0.3270225,0.3277815,0.0
2026-08-02 22:00:00,0.327985,0.33052,0.32545,0.32545,0.0
2026-08-02 23:00:00,0.325313,0.3258985,0.3238595,0.32548,0.0
2026-08-03 00:00:00,0.32525,0.3253,0.3226895,0.3227315,0.0
2026-08-03 01:00:00,0.322599,0.3236425,0.32225,0.323293,0.0
2026-08-03 02:00:00,0.323392,0.3255,0.322613,0.32376,0.0
2026-08-03 03:00:00,0.3239,0.32446,0.32225,0.3237385,0.0
2026-08-03 04:00:00,0.323585,0.3238525,0.3213,0.3214895,8.517354565
2026-08-03 05:00:00,0.3216,0.3245,0.320751,0.3245,4.825706231
2026-08-03 06:00:00,0.32475,0.32475,0.321432,0.321432,0.0
2026-08-03 07:00:00,0.32135,0.321565,0.3208295,0.321366,0.0
2026-08-03 08:00:00,0.32133,0.324975,0.32133,0.323626,0.0
2026-08-03 09:00:00,0.3238025,0.324618,0.3230185,0.3244015,0.0
2026-08-03 10:00:00,0.324235,0.3246525,0.320692686,0.3214715,0.0
2026-08-03 11:00:00,0.3213325,0.32275,0.3208,0.321815,0.0
2026-08-03 12:00:00,0.3219725,0.322423,0.3209755,0.322065,0.0
2026-08-03 13:00:00,0.3219095,0.3241115,0.320393686,0.3241115,10.569409582
2026-08-03 14:00:00,0.323985,0.326195,0.321907,0.32464,0.0
2026-08-03 15:00:00,0.32481,0.3258025,0.3212105,0.321726,0.0
2026-08-03 16:00:00,0.32198,0.323763,0.321475,0.3226215,0.0
2026-08-03 17:00:00,0.3225375,0.3257365,0.322078,0.3224715,0.0
2026-08-03 18:00:00,0.322285,0.323827,0.321905,0.323228,0.0
2026-08-03 19:00:00,0.3235405,0.328526,0.3235405,0.328341,0.0
2026-08-03 20:00:00,0.328585,0.3324,0.328585,0.3318635,3.91566265
2026-08-03 21:00:00,0.331641,0.332065,0.329175,0.329175,10.316649142
2026-08-03 22:00:00,0.32925,0.330005,0.3276575,0.32803,34.775096322
2026-08-03 23:00:00,0.3280935,0.329546,0.3263995,0.3293965,15.641547348
2026-08-04 00:00:00,0.3292175,0.3321765,0.3278,0.3278,11.040581357
2026-08-04 01:00:00,0.3279705,0.33105,0.32735,0.33092,0.0
2026-08-04 02:00:00,0.331,0.331625,0.32875,0.329496,0.0
2026-08-04 03:00:00,0.3297265,0.33056,0.32765,0.327985,0.0
2026-08-04 04:00:00,0.3279,0.32938,0.3270465,0.3274,0.0
2026-08-04 05:00:00,0.32761,0.33254,0.3269005,0.3318055,0.0
2026-08-04 06:00:00,0.331715,0.332125,0.32475,0.32539,8.805131073
2026-08-04 07:00:00,0.325283,0.3253605,0.322696,0.32355,39.953183854
2026-08-04 08:00:00,0.323251,0.32455,0.316645,0.3185215,10.411810411
2026-08-04 09:00:00,0.31835,0.31859,0.3169,0.31795,10.294700217
2026-08-04 10:00:00,0.31785,0.318035,0.300676,0.30117,565.925494305
2026-08-04 11:00:00,0.300975,0.302896,0.2991585,0.3022,640.75792881
2026-08-04 12:00:00,0.3019505,0.3019505,0.2955885,0.2967,0.0
2026-08-04 13:00:00,0.2968205,0.3000425,0.2946,0.29859,79.9925588
2026-08-04 14:00:00,0.298417,0.30018,0.2728075,0.2855,3.940807797
2026-08-04 15:00:00,0.285364,0.286411,0.27976,0.2838375,0.0
2026-08-04 16:00:00,0.284027,0.284635,0.27864,0.2795955,0.0
2026-08-04 17:00:00,0.2798015,0.283355,0.27804,0.280331,0.0
2026-08-04 18:00:00,0.280145,0.28295,0.279475,0.279969,0.0
2026-08-04 19:00:00,0.279805,0.28257,0.27965,0.2798,0.0
2026-08-04 20:00:00,0.280033,0.281,0.2780355,0.27944,0.0
2026-08-04 21:00:00,0.27933,0.2797595,0.276815,0.2776965,0.0
2026-08-04 22:00:00,0.27785,0.2827,0.277542,0.2819895,0.0
2026-08-04 23:00:00,0.2821865,0.282545,0.279615,0.279615,0.0
2026-08-05 00:00:00,0.2794,0.279776,0.275475,0.276295,0.0
2026-08-05 01:00:00,0.27621,0.277719,0.2756545,0.2759895,0.0
2026-08-05 02:00:00,0.275918,0.281422,0.275113,0.281234,0.0
2026-08-05 03:00:00,0.281075,0.283833,0.279235,0.280965,0.0
2026-08-05 04:00:00,0.280835,0.281569,0.27884,0.27971,0.0
2026-08-05 05:00:00,0.279485,0.2880075,0.279485,0.287722,0.0
2026-08-05 06:00:00,0.287815,0.29083,0.2845415,0.2888545,3.426746441
2026-08-05 07:00:00,0.289062,0.29743,0.2872165,0.2949695,0.0
2026-08-05 08:00:00,0.294825,0.296731,0.2922775,0.294155,0.0
2026-08-05 09:00:00,0.294285,0.297595,0.290235,0.29515,0.0
2026-08-05 10:00:00,0.29535,0.298255,0.293759,0.2943,0.0
2026-08-05 11:00:00,0.2944245,0.2966355,0.291935,0.29633,0.0
2026-08-05 12:00:00,0.29655,0.3011025,0.295067,0.295713,0.0
2026-08-05 13:00:00,0.295925,0.299851,0.29474,0.2993705,0.0
2026-08-05 14:00:00,0.2995065,0.299845,0.29648,0.297957,0.0
2026-08-05 15:00:00,0.29784,0.30067,0.296455,0.2969205,0.0
2026-08-05 16:00:00,0.296705,0.304435,0.2966035,0.30415,0.0
2026-08-05 17:00:00,0.3039185,0.3050645,0.29985,0.29985,0.0
2026-08-05 18:00:00,0.30005,0.300745,0.29635,0.29675,0.0
2026-08-05 19:00:00,0.296563,0.3002025,0.296563,0.296915,0.0
2026-08-05 20:00:00,0.29712,0.29768,0.29431,0.2946065,0.0
2026-08-05 21:00:00,0.294465,0.294465,0.291271,0.2924175,0.0
2026-08-05 22:00:00,0.292674,0.29323,0.290434,0.2912845,0.0
2026-08-05 23:00:00,0.2911315,0.294535,0.29079,0.2942145,0.0
2026-08-06 00:00:00,0.2940445,0.298277,0.293285,0.2978785,0.0
2026-08-06 01:00:00,0.298065,0.3034555,0.2974545,0.301124,0.0
2026-08-06 02:00:00,0.301033,0.303517,0.296736,0.2976,0.0
2026-08-06 03:00:00,0.297415,0.2991,0.2952075,0.298864,0.0
2026-08-06 04:00:00,0.2987035,0.2992325,0.29687,0.297824,0.0
2026-08-06 05:00:00,0.297713,0.300295,0.29572,0.295975,0.0
2026-08-06 06:00:00,0.2958,0.2963,0.2931995,0.2954,0.0
2026-08-06 07:00:00,0.295226,0.2954,0.2927,0.293461,27.0
2026-08-06 08:00:00,0.293224,0.29424,0.2923065,0.29365,0.0
2026-08-06 09:00:00,0.293562,0.29542,0.291039,0.29478,0.0
2026-08-06 10:00:00,0.2950035,0.2952655,0.2922595,0.292859,0.0
2026-08-06 11:00:00,0.292715,0.299372,0.29219,0.297406,184.353825648
2026-08-06 12:00:00,0.297605,0.2982075,0.2956465,0.2956465,0.0
2026-08-06 13:00:00,0.29543,0.29741,0.294765,0.295531,0.0
2026-08-06 14:00:00,0.295332,0.2965605,0.29393,0.29642,0.0
2026-08-06 15:00:00,0.2962245,0.2966395,0.294665,0.295978,0.0
2026-08-06 16:00:00,0.296151,0.296901,0.291435,0.291895,0.0
2026-08-06 17:00:00,0.2919595,0.292365,0.287075,0.2873,84.0
2026-08-06 18:00:00,0.28722,0.28963,0.28633,0.2895505,35.0
2026-08-06 19:00:00,0.289775,0.2921695,0.289353,0.291455,0.0
2026-08-06 20:00:00,0.2917,0.29215,0.2897895,0.291205,0.0
2026-08-06 21:00:00,0.291335,0.293205,0.29099,0.29307,0.0
2026-08-06 22:00:00,0.293196,0.2933925,0.290836,0.29085,0.0
2026-08-06 23:00:00,0.2907095,0.292098,0.28916,0.291764,0.0
2026-08-07 00:00:00,0.2918835,0.2933,0.291526,0.2922385,0.0
2026-08-07 01:00:00,0.2924055,0.293002,0.2911465,0.29215,0.0
2026-08-07 02:00:00,0.292293,0.29295,0.28965,0.28965,0.0
2026-08-07 03:00:00,0.289545,0.292095,0.289215,0.2902,0.0
2026-08-07 04:00:00,0.290025,0.29174,0.288719,0.2894,0.0
2026-08-07 05:00:00,0.28949,0.28985,0.28824,0.2885715,0.0
2026-08-07 06:00:00,0.288465,0.28957,0.287917,0.288365,0.0
2026-08-07 07:00:00,0.2883,0.2900685,0.28676,0.2867815,0.0
2026-08-07 08:00:00,0.2867,0.28809,0.286445,0.287183,0.0
2026-08-07 09:00:00,0.28706,0.2881955,0.2850575,0.2866475,34.0
2026-08-07 10:00:00,0.28648,0.2885385,0.2861185,0.2864,0.0
2026-08-07 11:00:00,0.28656,0.2888465,0.2865,0.28839,73.170731707
2026-08-07 12:00:00,0.2885155,0.2900125,0.2871795,0.288192,0.0
2026-08-07 13:00:00,0.288,0.28847,0.286689,0.287847,0.0
2026-08-07 14:00:00,0.28793,0.288475,0.2847885,0.28544,0.0
2026-08-07 15:00:00,0.2855235,0.288164,0.284829,0.287387,0.0
2026-08-07 16:00:00,0.287595,0.289788,0.286071,0.286071,0.0
2026-08-07 17:00:00,0.2859515,0.2872395,0.285455,0.286165,0.0
2026-08-07 18:00:00,0.2859045,0.2862715,0.2848965,0.28525,1029.08104065
2026-08-07 19:00:00,0.28541,0.2860915,0.2852205,0.285805,0.0
2026-08-07 20:00:00,0.2861,0.2873315,0.2858595,0.28689,0.0
2026-08-07 21:00:00,0.286645,0.28765,0.285555,0.285555,0.0
2026-08-07 22:00:00,0.285414,0.285999,0.283,0.28317,0.0
2026-08-07 23:00:00,0.28341,0.2859285,0.28341,0.2859285,0.0
2026-08-08 00:00:00,0.285713,0.2906,0.285713,0.290355,0.0
2026-08-08 01:00:00,0.2904295,0.291205,0.286935,0.286935,0.0
2026-08-08 02:00:00,0.286745,0.2882915,0.2861315,0.286416,0.0
2026-08-08 03:00:00,0.286274,0.28831,0.286274,0.287615,0.0
2026-08-08 04:00:00,0.287735,0.2924835,0.287735,0.29041,0.0
2026-08-08 05:00:00,0.2905895,0.29232,0.289695,0.289695,0.0
2026-08-08 06:00:00,0.289845,0.29091,0.288945,0.288945,0.0
2026-08-08 07:00:00,0.2891115,0.2918995,0.288985,0.290299,0.0
2026-08-08 08:00:00,0.2905,0.2906155,0.28898,0.28975,0.0
2026-08-08 09:00:00,0.290015,0.291115,0.2887915,0.2893,0.0
2026-08-08 10:00:00,0.2894775,0.2895795,0.28881,0.288975,0.0
2026-08-08 11:00:00,0.2888,0.2899225,0.2884595,0.288656,0.0
2026-08-08 12:00:00,0.2885555,0.294705,0.2885555,0.292675,0.0
2026-08-08 13:00:00,0.292885,0.294295,0.29175,0.2922065,0.0
2026-08-08 14:00:00,0.292069,0.293273,0.2913,0.2929765,0.0
2026-08-08 15:00:00,0.2931515,0.293987,0.29175,0.292582,0.0
2026-08-08 16:00:00,0.2924445,0.293458,0.291955,0.2927385,0.0
2026-08-08 17:00:00,0.292587,0.293152,0.2919065,0.2920755,0.0
2026-08-08 18:00:00,0.2922,0.2924355,0.2908,0.291105,0.0
2026-08-08 19:00:00,0.29088,0.2918835,0.2907415,0.2915475,0.0
2026-08-08 20:00:00,0.29175,0.292408,0.2908635,0.291135,0.0
2026-08-08 21:00:00,0.29131,0.2918475,0.290595,0.290595,0.0
2026-08-08 22:00:00,0.2907315,0.290935,0.289193,0.2901,0.0
2026-08-08 23:00:00,0.2899975,0.2903625,0.289109,0.28944,0.0
2026-08-09 00:00:00,0.28924,0.29144,0.2891435,0.290655,0.0
2026-08-09 01:00:00,0.290435,0.290775,0.28773,0.28778,0.0
2026-08-09 02:00:00,0.287595,0.289855,0.28662,0.2890305,0.0
2026-08-09 03:00:00,0.288825,0.290535,0.2885,0.289245,33.847476501
2026-08-09 04:00:00,0.289373,0.292705,0.28913,0.2894235,0.0
2026-08-09 05:00:00,0.289609,0.290315,0.2886155,0.28955,0.0
2026-08-09 06:00:00,0.2897815,0.2903,0.288342,0.28983,33.762857809
2026-08-09 07:00:00,0.2896495,0.28965,0.288391,0.2892525,0.0
2026-08-09 08:00:00,0.2891,0.28978,0.286707,0.286707,0.0
2026-08-09 09:00:00,0.28685,0.288195,0.2857325,0.287575,0.0
2026-08-09 10:00:00,0.287435,0.28763,0.2867315,0.2867315,0.0
2026-08-09 11:00:00,0.28661,0.287784,0.286478,0.287371,0.0
2026-08-09 12:00:00,0.287495,0.288015,0.287373,0.287696,0.0
2026-08-09 13:00:00,0.2878785,0.288373,0.2877195,0.2877195,0.0
2026-08-09 14:00:00,0.28789,0.29007,0.287278,0.29007,0.0
2026-08-09 15:00:00,0.2902075,0.2924195,0.28936,0.291907,0.0
2026-08-09 16:00:00,0.2920235,0.292429,0.289355,0.2900905,0.0
2026-08-09 17:00:00,0.289944,0.29044,0.289207,0.2894945,0.0
2026-08-09 18:00:00,0.2896515,0.2904395,0.288576,0.2888785,0.0
2026-08-09 19:00:00,0.2889835,0.2889835,0.286865,0.2874395,0.0
2026-08-09 20:00:00,0.28759,0.2885,0.28708,0.2874585,0.0
2026-08-09 21:00:00,0.287342,0.289325,0.286979,0.28925,0.0
2026-08-09 22:00:00,0.289325,0.2905535,0.2835475,0.28417,0.0
2026-08-09 23:00:00,0.283979,0.284504,0.27991,0.2824855,0.0
2026-08-10 00:00:00,0.28231,0.294438,0.2818595,0.29315,0.0
2026-08-10 01:00:00,0.292964,0.297862,0.2920365,0.2973825,0.0
2026-08-10 02:00:00,0.297581,0.298745,0.294513,0.298465,0.0
2026-08-10 03:00:00,0.2982,0.29856,0.2947555,0.29496,0.0
2026-08-10 04:00:00,0.2948675,0.295576,0.293445,0.294455,0.0
2026-08-10 05:00:00,0.2946675,0.295623,0.2932315,0.293855,0.0
2026-08-10 06:00:00,0.2940785,0.29748,0.293582,0.295496,0.0
2026-08-10 07:00:00,0.295387,0.2961325,0.292975,0.292975,0.0
2026-08-10 08:00:00,0.2931175,0.2951635,0.2931175,0.2947,0.0
2026-08-10 09:00:00,0.2946465,0.2947205,0.2919015,0.292239,0.0
2026-08-10 10:00:00,0.292039,0.2937,0.291808,0.292605,0.0
2026-08-10 11:00:00,0.29245,0.29475,0.29245,0.29475,0.0
2026-08-10 12:00:00,0.294935,0.2963485,0.29279,0.29279,0.0
2026-08-10 13:00:00,0.292654,0.2951845,0.292654,0.2939905,0.0
2026-08-10 14:00:00,0.2937805,0.29528,0.292359,0.292359,0.0
2026-08-10 15:00:00,0.2922015,0.29273,0.29065,0.29273,0.0
2026-08-10 16:00:00,0.292511,0.293295,0.290999,0.292585,0.0
2026-08-10 17:00:00,0.292719,0.29499,0.291739,0.29183,0.0
2026-08-10 18:00:00,0.2920585,0.2944915,0.291423,0.2944915,0.0
2026-08-10 19:00:00,0.2946285,0.2968545,0.293922,0.2961025,0.0
2026-08-10 20:00:00,0.29635,0.29743,0.295485,0.297251,0.0
2026-08-10 21:00:00,0.29755,0.2977955,0.29343,0.29554,0.0
2026-08-10 22:00:00,0.295755,0.29673,0.2936315,0.2936315,0.0
2026-08-10 23:00:00,0.2937685,0.2949785,0.293715,0.293871,0.0
2026-08-11 00:00:00,0.294055,0.2956315,0.2932745,0.2954695,0.0
2026-08-11 01:00:00,0.2954005,0.29724,0.294889,0.29603,0.0
2026-08-11 02:00:00,0.29615,0.3001,0.29615,0.29885,0.0
2026-08-11 03:00:00,0.2991,0.299455,0.2977065,0.2984975,0.0
2026-08-11 04:00:00,0.29836,0.2999305,0.2968,0.29703,0.0
2026-08-11 05:00:00,0.296906,0.2987385,0.296526,0.29681,0.0
2026-08-11 06:00:00,0.297,0.298257,0.2954515,0.2960935,0.0
2026-08-11 07:00:00,0.295835,0.29825,0.295709,0.2976095,0.0
2026-08-11 08:00:00,0.29785,0.2983255,0.295475,0.295475,0.0
2026-08-11 09:00:00,0.295374,0.2960015,0.294214,0.2947415,0.0
2026-08-11 10:00:00,0.2945335,0.2945335,0.291208,0.291873,0.0
2026-08-11 11:00:00,0.29168,0.29327,0.291355,0.292726,0.0
2026-08-11 12:00:00,0.292537,0.2932085,0.2890335,0.2907825,839.098484211
2026-08-11 13:00:00,0.290583,0.2923455,0.290406,0.291513,0.0
2026-08-11 14:00:00,0.291657,0.2923585,0.28738,0.288369,0.0
2026-08-11 15:00:00,0.288237,0.288755,0.28309,0.285422,0.0
2026-08-11 16:00:00,0.28559,0.287336,0.2836155,0.286725,0.0
2026-08-11 17:00:00,0.28687,0.288165,0.28687,0.28737,0.0
2026-08-11 18:00:00,0.2871455,0.288495,0.286865,0.2875085,0.0
2026-08-11 19:00:00,0.2876585,0.29105,0.2865535,0.290715,0.0
2026-08-11 20:00:00,0.290955,0.293005,0.290955,0.2926615,0.0
2026-08-11 21:00:00,0.2927995,0.294835,0.29256,0.292645,0.0
2026-08-11 22:00:00,0.292891,0.2934745,0.2919725,0.2933615,0.0
2026-08-11 23:00:00,0.293085,0.294248,0.29271,0.293728,0.0
2026-08-12 00:00:00,0.293598,0.295545,0.293138,0.2944825,0.0
2026-08-12 01:00:00,0.2947435,0.2955385,0.293361,0.294445,0.0
2026-08-12 02:00:00,0.294335,0.294335,0.2927,0.2927,0.0
2026-08-12 03:00:00,0.292471,0.29301,0.2913,0.2916905,0.0
2026-08-12 04:00:00,0.291481,0.293315,0.29002,0.29002,0.0
2026-08-12 05:00:00,0.290259,0.2906,0.289012,0.2895905,0.0
2026-08-12 06:00:00,0.2894935,0.2907,0.287532,0.2885695,0.0
2026-08-12 07:00:00,0.28847,0.289903,0.2876845,0.289537,0.0
2026-08-12 08:00:00,0.289355,0.2895455,0.286466,0.28683,72.123310253
2026-08-12 09:00:00,0.2870185,0.2895975,0.2870185,0.2887155,0.0
2026-08-12 10:00:00,0.288905,0.2913865,0.28777,0.2906,0.0
2026-08-12 11:00:00,0.2906385,0.293175,0.290105,0.2928945,0.0
2026-08-12 12:00:00,0.2929375,0.29732,0.2929375,0.29685,0.0
2026-08-12 13:00:00,0.297027,0.2976415,0.29436,0.29436,0.0
2026-08-12 14:00:00,0.29415,0.29416,0.2887565,0.2902,0.0
2026-08-12 15:00:00,0.290085,0.2923,0.28998,0.292065,0.0
2026-08-12 16:00:00,0.2918875,0.2926815,0.28965,0.29025,0.0
2026-08-12 17:00:00,0.29052,0.29052,0.2877635,0.2884935,0.0
2026-08-12 18:00:00,0.288296,0.28917,0.2866765,0.286945,0.0
2026-08-12 19:00:00,0.286855,0.287608,0.2849415,0.286395,0.0
2026-08-12 20:00:00,0.2864485,0.28954,0.2862335,0.28954,0.0
2026-08-12 21:00:00,0.289695,0.29085,0.2848255,0.2853135,0.0
2026-08-12 22:00:00,0.2851,0.2889,0.284825,0.2883835,0.0
2026-08-12 23:00:00,0.28855,0.2898,0.28771,0.2895345,0.0
2026-08-13 00:00:00,0.2893685,0.293687,0.2889495,0.292782,0.0
2026-08-13 01:00:00,0.292603,0.293769,0.291599,0.293375,13.285817394
2026-08-13 02:00:00,0.293151,0.2933855,0.29075,0.2925275,0.0
2026-08-13 03:00:00,0.292445,0.292585,0.2916015,0.292121,0.0
2026-08-13 04:00:00,0.291873,0.2934525,0.2918,0.291965,0.0
2026-08-13 05:00:00,0.2921875,0.2935435,0.2920635,0.293201,0.0
2026-08-13 06:00:00,0.293351,0.2946535,0.292356,0.2946535,0.0
2026-08-13 07:00:00,0.2948095,0.296437,0.293575,0.29375,0.0
2026-08-13 08:00:00,0.2938885,0.2942495,0.2927245,0.2933475,0.0
2026-08-13 09:00:00,0.29346,0.294765,0.292499,0.294014,0.0
2026-08-13 10:00:00,0.293871,0.2941,0.2926225,0.293388,0.0
2026-08-13 11:00:00,0.2935055,0.2935055,0.292091,0.293162,0.0
2026-08-13 12:00:00,0.29489,0.297455,0.2926065,0.29473,0.0
2026-08-13 13:00:00,0.2949,0.297594,0.2945835,0.2966225,0.0
2026-08-13 14:00:00,0.2967315,0.29831,0.294555,0.29831,0.0
2026-08-13 15:00:00,0.298466,0.299385,0.295255,0.295505,0.0
2026-08-13 16:00:00,0.295638,0.296638,0.2932225,0.29352,0.0
2026-08-13 17:00:00,0.293434,0.29416,0.291576,0.2931,0.0
2026-08-13 18:00:00,0.29331,0.2959135,0.29331,0.2959135,0.0
2026-08-13 19:00:00,0.296,0.2984205,0.2953885,0.29794,0.0
2026-08-13 20:00:00,0.29812,0.298315,0.296796,0.297333,0.0
2026-08-13 21:00:00,0.297043,0.297807,0.2967345,0.297807,0.0
2026-08-13 22:00:00,0.297955,0.2990725,0.297331,0.297331,0.0
2026-08-13 23:00:00,0.2972095,0.2972095,0.2954,0.29625,0.0
2026-08-14 00:00:00,0.2959745,0.299296,0.29575,0.299296,0.0
2026-08-14 01:00:00,0.299181,0.30326,0.2985895,0.2997805,0.0
2026-08-14 02:00:00,0.29965,0.301925,0.2992825,0.30019,0.0
2026-08-14 03:00:00,0.30039,0.3012725,0.2984145,0.299525,0.0
2026-08-14 04:00:00,0.2993,0.3022795,0.29881,0.3001095,0.0
2026-08-14 05:00:00,0.300212,0.300695,0.299244,0.3001,0.0
2026-08-14 06:00:00,0.3002755,0.30048,0.29709,0.2977885,0.0
2026-08-14 07:00:00,0.297563,0.3005275,0.29681,0.29925,0.0
2026-08-14 08:00:00,0.29935,0.302475,0.29935,0.302475,0.0
2026-08-14 09:00:00,0.302338,0.302338,0.2999375,0.3001,0.0
2026-08-14 10:00:00,0.29994,0.3042795,0.29994,0.303845,0.0
2026-08-14 11:00:00,0.303916,0.30468,0.30042,0.301015,0.0
2026-08-14 12:00:00,0.30128,0.3028095,0.293309,0.293935,0.0
2026-08-14 13:00:00,0.29375,0.29401,0.291485,0.2925355,0.0
2026-08-14 14:00:00,0.29273,0.293928,0.29048,0.29269,0.0
2026-08-14 15:00:00,0.29243,0.2939,0.2917895,0.292624,0.0
2026-08-14 16:00:00,0.292486,0.294155,0.2918,0.2936155,0.0
2026-08-14 17:00:00,0.2935,0.29402,0.2927665,0.293721,0.0
2026-08-14 18:00:00,0.2939705,0.2945885,0.292885,0.293241,0.0
2026-08-14 19:00:00,0.293359,0.2937335,0.2928455,0.29317,0.0
2026-08-14 20:00:00,0.29345,0.293765,0.2925,0.292765,0.0
2026-08-14 21:00:00,0.29286,0.2966705,0.29286,0.2953,0.0
2026-08-14 22:00:00,0.295115,0.2958,0.29403,0.2945945,0.0
2026-08-14 23:00:00,0.294532,0.29633,0.293217,0.2955395,0.0
2026-08-15 00:00:00,0.29545,0.296345,0.2947315,0.29528,0.0
2026-08-15 01:00:00,0.2950585,0.29677,0.2946335,0.2960265,0.0
2026-08-15 02:00:00,0.295832,0.297455,0.2956265,0.2965115,0.0
2026-08-15 03:00:00,0.29656,0.29667,0.2954665,0.2955,0.0
2026-08-15 04:00:00,0.29533,0.2968355,0.29533,0.29533,0.0
2026-08-15 05:00:00,0.29542,0.29801,0.294995,0.29695,0.0
2026-08-15 06:00:00,0.2968015,0.3003,0.2968015,0.299824,0.0
2026-08-15 07:00:00,0.3000195,0.3032595,0.299458,0.302755,0.0
2026-08-15 08:00:00,0.30285,0.307908,0.30225,0.302455,0.0
2026-08-15 09:00:00,0.30256,0.3029215,0.301344,0.30195,0.0
2026-08-15 10:00:00,0.301736,0.30395,0.300588,0.301127,0.0
2026-08-15 11:00:00,0.301392,0.3015035,0.29872,0.2992235,0.0
2026-08-15 12:00:00,0.299465,0.3005745,0.299231,0.30015,0.0
2026-08-15 13:00:00,0.29989,0.300265,0.2987,0.2994,0.0
2026-08-15 14:00:00,0.299615,0.3001805,0.298075,0.298255,0.0
2026-08-15 15:00:00,0.298225,0.3006485,0.297795,0.3006485,0.0
2026-08-15 16:00:00,0.3005,0.301586,0.2998,0.30073,0.0
2026-08-15 17:00:00,0.30105,0.30156,0.299146,0.2995775,0.0
2026-08-15 18:00:00,0.299745,0.3003615,0.2992915,0.2992915,0.0
2026-08-15 19:00:00,0.2994075,0.2997785,0.29883,0.299535,0.0
2026-08-15 20:00:00,0.2996085,0.2998085,0.29882,0.2993475,0.0
2026-08-15 21:00:00,0.29915,0.300345,0.298853,0.299572,0.0
2026-08-15 22:00:00,0.2994475,0.301022,0.2994475,0.30019,0.0
2026-08-15 23:00:00,0.3001,0.3005315,0.29745,0.2979025,0.0
2026-08-16 00:00:00,0.297684,0.29857,0.297142,0.297476,0.0
2026-08-16 01:00:00,0.29738,0.2977,0.2958435,0.2967045,0.0
2026-08-16 02:00:00,0.29704,0.29845,0.296,0.298083,0.0
2026-08-16 03:00:00,0.298186,0.29853,0.2968755,0.2968755,0.0
2026-08-16 04:00:00,0.2968345,0.299853,0.29642,0.2996845,0.0
2026-08-16 05:00:00,0.2994725,0.3004305,0.2960735,0.296178,0.0
2026-08-16 06:00:00,0.296049,0.29659,0.294405,0.29501,0.0
2026-08-16 07:00:00,0.2948985,0.29591,0.294675,0.2958,0.0
2026-08-16 08:00:00,0.295577,0.296705,0.295305,0.296705,0.0
2026-08-16 09:00:00,0.296565,0.29698,0.29585,0.29679,0.0
2026-08-16 10:00:00,0.296607,0.2968485,0.295855,0.2964155,0.0
2026-08-16 11:00:00,0.2965815,0.298791,0.2965815,0.298791,0.0
2026-08-16 12:00:00,0.299105,0.30233,0.297918,0.30195,0.0
2026-08-16 13:00:00,0.3017905,0.3036685,0.30032,0.3035715,0.0
2026-08-16 14:00:00,0.303695,0.306735,0.303574,0.30564,0.0
2026-08-16 15:00:00,0.305828,0.309039,0.3051395,0.3073715,0.0
2026-08-16 16:00:00,0.30745,0.3101,0.3062525,0.308997,0.0
2026-08-16 17:00:00,0.309077,0.309789,0.307805,0.307805,0.0
2026-08-16 18:00:00,0.30805,0.30835,0.304814,0.305271,0.0
2026-08-16 19:00:00,0.305121,0.3056,0.3043085,0.3043085,0.0
2026-08-16 20:00:00,0.304525,0.305575,0.3040015,0.3043355,0.0
2026-08-16 21:00:00,0.304255,0.304355,0.2987195,0.2989195,0.0
2026-08-16 22:00:00,0.2987065,0.300283,0.2979255,0.29967,0.0
2026-08-16 23:00:00,0.2994,0.3008,0.299385,0.300635,0.0
2026-08-17 00:00:00,0.3004715,0.30175,0.2999,0.30175,0.0
2026-08-17 01:00:00,0.301579,0.3045835,0.301579,0.3034145,9.671868326
2026-08-17 02:00:00,0.303515,0.3047295,0.302515,0.3035995,0.0
2026-08-17 03:00:00,0.303799,0.3043,0.302245,0.3023,0.0
2026-08-17 04:00:00,0.3022005,0.3048695,0.302005,0.3045,0.0
2026-08-17 05:00:00,0.304711,0.3052795,0.303265,0.303265,0.0
2026-08-17 06:00:00,0.3030315,0.306769,0.302706,0.306769,0.0
2026-08-17 07:00:00,0.306595,0.306595,0.303762,0.304641,0.0
2026-08-17 08:00:00,0.304439,0.307055,0.304,0.3048595,0.0
2026-08-17 09:00:00,0.305105,0.30755,0.3044,0.3047225,0.0
2026-08-17 10:00:00,0.304489,0.3046795,0.303303,0.30429,0.0
2026-08-17 11:00:00,0.304057,0.3044,0.3022,0.3022,0.0
2026-08-17 12:00:00,0.302015,0.302832,0.301262,0.302585,0.0
2026-08-17 13:00:00,0.3024505,0.3040605,0.301825,0.30315,0.0
2026-08-17 14:00:00,0.3030425,0.30501,0.3009515,0.30483,0.0
2026-08-17 15:00:00,0.3046715,0.30635,0.303386,0.3061645,0.0
2026-08-17 16:00:00,0.305895,0.306395,0.3031885,0.3033,0.0
2026-08-17 17:00:00,0.303145,0.30495,0.30273,0.3035585,0.0
2026-08-17 18:00:00,0.303695,0.304766,0.3035695,0.303968,0.0
2026-08-17 19:00:00,0.3037805,0.3052195,0.303196,0.303442,0.0
2026-08-17 20:00:00,0.3036025,0.30455,0.303145,0.3044455,0.0
2026-08-17 21:00:00,0.3046,0.30545,0.30387,0.3043545,0.0
2026-08-17 22:00:00,0.304175,0.304175,0.3025,0.302565,0.0
2026-08-17 23:00:00,0.302709,0.305325,0.302709,0.304958,0.0
2026-08-18 00:00:00,0.30515,0.30534,0.30455,0.3049345,0.0
2026-08-18 01:00:00,0.304755,0.304755,0.3015275,0.3022085,0.0
2026-08-18 02:00:00,0.30207,0.3029575,0.298673,0.30094,0.0
2026-08-18 03:00:00,0.30105,0.301462,0.2994495,0.301153,0.0
2026-08-18 04:00:00,0.3010335,0.3018625,0.3005,0.3015495,0.0
2026-08-18 05:00:00,0.30143,0.3021,0.299585,0.30118,0.0
2026-08-18 06:00:00,0.3010685,0.3036505,0.300638,0.3025,0.0
2026-08-18 07:00:00,0.302336,0.3027,0.3013725,0.3021,0.0
2026-08-18 08:00:00,0.3019435,0.302375,0.300565,0.3021405,0.0
2026-08-18 09:00:00,0.3022,0.3023845,0.300876,0.3011085,0.0
2026-08-18 10:00:00,0.300915,0.3022595,0.300845,0.3014,0.0
2026-08-18 11:00:00,0.3011555,0.303,0.3011555,0.301755,0.0
2026-08-18 12:00:00,0.3019775,0.3025955,0.30155,0.301735,0.0
2026-08-18 13:00:00,0.30189,0.3021625,0.3001895,0.301115,0.0
2026-08-18 14:00:00,0.3012,0.3055765,0.300875,0.3035385,0.0
2026-08-18 15:00:00,0.303715,0.305208,0.3035155,0.304506,0.0
2026-08-18 16:00:00,0.304654,0.305581,0.3037165,0.304793,0.0
2026-08-18 17:00:00,0.304715,0.30483,0.303575,0.303575,0.0
2026-08-18 18:00:00,0.303736,0.3051175,0.303736,0.3044985,0.0
2026-08-18 19:00:00,0.30475,0.30475,0.30386,0.3042655,0.0
2026-08-18 20:00:00,0.30447,0.30485,0.3037325,0.30375,0.0
2026-08-18 21:00:00,0.30405,0.304557,0.303715,0.30448,0.0
2026-08-18 22:00:00,0.3042335,0.3046295,0.303686,0.3042575,0.0
2026-08-18 23:00:00,0.304485,0.30517,0.304482,0.3046975,0.0
2026-08-19 00:00:00,0.30489,0.3053985,0.3038165,0.303936,0.0
2026-08-19 01:00:00,0.303681,0.305177,0.303155,0.303525,0.0
2026-08-19 02:00:00,0.303631,0.304325,0.302975,0.303257,63.414382523
2026-08-19 03:00:00,0.3030125,0.30439,0.3029055,0.304257,0.0
2026-08-19 04:00:00,0.3041,0.304115,0.303439,0.303439,0.0
2026-08-19 05:00:00,0.30355,0.3045915,0.30318,0.30318,0.0
2026-08-19 06:00:00,0.3034,0.309512,0.3021365,0.3087955,0.0
2026-08-19 07:00:00,0.30891,0.30934,0.304305,0.3046855,0.0
2026-08-19 08:00:00,0.304885,0.3063535,0.3040685,0.3055,0.0
2026-08-19 09:00:00,0.305641,0.3059,0.304627,0.3047295,0.0
2026-08-19 10:00:00,0.304662,0.3052695,0.3042,0.304865,0.0
2026-08-19 11:00:00,0.304713,0.306325,0.304713,0.305942,0.0
2026-08-19 12:00:00,0.30588,0.308123,0.30525,0.307847,0.0
2026-08-19 13:00:00,0.30766,0.3081885,0.306124,0.3067535,0.0
2026-08-19 14:00:00,0.307,0.313635,0.306885,0.3127095,0.0
2026-08-19 15:00:00,0.312945,0.3305865,0.3111975,0.328529,75.79770147
2026-08-19 16:00:00,0.328857,0.3300375,0.32205,0.322234,0.0
2026-08-19 17:00:00,0.3223945,0.3225605,0.3196995,0.319875,39.735074035
2026-08-19 18:00:00,0.31956,0.3199695,0.3161795,0.317075,0.0
2026-08-19 19:00:00,0.3169115,0.32365,0.3169115,0.3229675,70.24011419
2026-08-19 20:00:00,0.323155,0.3344,0.323155,0.3335,86.834316687
2026-08-19 21:00:00,0.3337,0.342325,0.333609,0.335457,6.128605039
2026-08-19 22:00:00,0.3355575,0.336287,0.32838,0.3296675,38.780357748
2026-08-19 23:00:00,0.329845,0.33015,0.3261325,0.3277975,38.872691933
2026-08-20 00:00:00,0.3279445,0.338405,0.3279445,0.337767,21.715806496
2026-08-20 01:00:00,0.33758,0.3394,0.3350745,0.33635,57.772077599
2026-08-20 02:00:00,0.336165,0.33646,0.3321095,0.333515,0.0
2026-08-20 03:00:00,0.33322,0.33322,0.32871,0.3300295,0.0
2026-08-20 04:00:00,0.330189,0.3343635,0.330189,0.3342255,0.0
2026-08-20 05:00:00,0.334505,0.3358,0.333705,0.33433,0.0
2026-08-20 06:00:00,0.33447,0.3384,0.33381,0.3360255,0.0
2026-08-20 07:00:00,0.3362715,0.3375825,0.33353,0.335574,0.0
2026-08-20 08:00:00,0.335815,0.347435,0.335415,0.343555,16.987278666
2026-08-20 09:00:00,0.3437115,0.3437115,0.339515,0.340105,0.0
2026-08-20 10:00:00,0.339945,0.342305,0.33971,0.341224,37.464899171
2026-08-20 11:00:00,0.3410855,0.3446975,0.3398415,0.341649,0.0
2026-08-20 12:00:00,0.34189,0.34189,0.33605,0.3392125,37.87889135
2026-08-20 13:00:00,0.33938,0.3401185,0.3336695,0.3352755,63.255846566
2026-08-20 14:00:00,0.3355435,0.339466,0.3355435,0.3373185,0.0
2026-08-20 15:00:00,0.337193,0.34075,0.337,0.3399935,0.0
2026-08-20 16:00:00,0.3402085,0.341059,0.33685,0.3407,0.0
2026-08-20 17:00:00,0.340595,0.3431685,0.3374925,0.338615,6.725545729
2026-08-20 18:00:00,0.3388,0.3393305,0.3323975,0.333685,3.67527027
2026-08-20 19:00:00,0.33335,0.335275,0.33235,0.33255,3.682233102
2026-08-20 20:00:00,0.332775,0.334398,0.3316645,0.332,0.0
2026-08-20 21:00:00,0.3322,0.33483,0.330848,0.3348,38.491071058
2026-08-20 22:00:00,0.33492,0.33539,0.333478,0.33539,3.639618138
2026-08-20 23:00:00,0.335566,0.3394335,0.335441,0.337705,0.0
2026-08-21 00:00:00,0.337921,0.342641,0.337921,0.339765,0.0
2026-08-21 01:00:00,0.339525,0.3429005,0.338265,0.3398,0.0
2026-08-21 02:00:00,0.3396,0.343275,0.338005,0.34026,0.0
2026-08-21 03:00:00,0.34012,0.3415495,0.3381,0.340932,0.0
2026-08-21 04:00:00,0.34081,0.3421745,0.3398,0.3421745,0.0
2026-08-21 05:00:00,0.34196,0.344779,0.34086,0.343082,0.0
2026-08-21 06:00:00,0.3428355,0.3448075,0.3415845,0.342895,0.0
2026-08-21 07:00:00,0.3426695,0.350115,0.342335,0.34912,0.0
2026-08-21 08:00:00,0.34903,0.36275,0.3479,0.361135,14.467923936
2026-08-21 09:00:00,0.36135,0.36234,0.3503995,0.3587265,0.0
2026-08-21 10:00:00,0.358435,0.365435,0.355619,0.361825,0.0
2026-08-21 11:00:00,0.362115,0.3698,0.360127,0.3612,0.0
2026-08-21 12:00:00,0.3613515,0.3687985,0.358671,0.36268,0.0
2026-08-21 13:00:00,0.362945,0.3645775,0.35635,0.3645775,0.0
2026-08-21 14:00:00,0.364765,0.3664415,0.3612115,0.366055,0.0
2026-08-21 15:00:00,0.365855,0.3687855,0.3626565,0.363687,0.0
2026-08-21 16:00:00,0.3638225,0.3646305,0.360575,0.363358,0.0
2026-08-21 17:00:00,0.363099,0.3647935,0.357078,0.363335,0.0
2026-08-21 18:00:00,0.3630865,0.36965,0.357935,0.3615965,0.0
2026-08-21 19:00:00,0.36147,0.36147,0.356965,0.35765,0.0
2026-08-21 20:00:00,0.357735,0.3679,0.3563935,0.36698,0.0
2026-08-21 21:00:00,0.367205,0.3761075,0.36574,0.3753,0.0
2026-08-21 22:00:00,0.375645,0.37957,0.36376,0.37115,0.0
2026-08-21 23:00:00,0.371388,0.373566,0.3681945,0.37034,0.0
2026-08-22 00:00:00,0.3701465,0.3781805,0.366975,0.3781805,0.0
2026-08-22 01:00:00,0.378057,0.386036,0.376965,0.380305,0.0
2026-08-22 02:00:00,0.380525,0.38938,0.3802645,0.3888335,0.0
2026-08-22 03:00:00,0.3887,0.39763,0.38833,0.39363,961.407848994
2026-08-22 04:00:00,0.39385,0.399066,0.3900765,0.396087,0.0
2026-08-22 05:00:00,0.39625,0.39685,0.34199,0.370744,0.0
2026-08-22 06:00:00,0.370535,0.37764,0.366005,0.37764,0.0
2026-08-22 07:00:00,0.3781075,0.3804175,0.372435,0.372711,44.458310973
2026-08-22 08:00:00,0.37286,0.3740165,0.35818,0.361293,0.0
2026-08-22 09:00:00,0.3614,0.3641345,0.35715,0.3608405,0.0
2026-08-22 10:00:00,0.361035,0.361035,0.350185,0.3579505,0.0
2026-08-22 11:00:00,0.357608,0.3603695,0.3551105,0.35797,0.0
2026-08-22 12:00:00,0.3578695,0.362885,0.3572465,0.3607025,0.0
2026-08-22 13:00:00,0.3608,0.361715,0.35824,0.360475,0.0
2026-08-22 14:00:00,0.36071,0.36071,0.354732,0.3576895,0.0
2026-08-22 15:00:00,0.3574875,0.357735,0.35263,0.355112,0.0
2026-08-22 16:00:00,0.3554835,0.3622035,0.35465,0.3603815,0.0
2026-08-22 17:00:00,0.360515,0.3633125,0.3584,0.36301,0.0
2026-08-22 18:00:00,0.363235,0.3653565,0.360045,0.361745,0.0
2026-08-22 19:00:00,0.361943,0.365882,0.36155,0.36375,0.0
2026-08-22 20:00:00,0.3639705,0.3674,0.36325,0.3654905,0.0
2026-08-22 21:00:00,0.365305,0.365305,0.35665,0.358355,0.0
2026-08-22 22:00:00,0.35813,0.367233,0.35813,0.364601,0.0
2026-08-22 23:00:00,0.364855,0.37155,0.3632405,0.369725,0.0
2026-08-23 00:00:00,0.369955,0.3730925,0.36528,0.37025,0.0
2026-08-23 01:00:00,0.370035,0.3701155,0.363055,0.363335,0.0
2026-08-23 02:00:00,0.3634825,0.3640965,0.3579845,0.359445,0.0
2026-08-23 03:00:00,0.359218,0.35931,0.3524875,0.355595,0.0
2026-08-23 04:00:00,0.355427,0.357206,0.348745,0.35105,0.0
2026-08-23 05:00:00,0.351225,0.353664,0.34665,0.349093,0.0
2026-08-23 06:00:00,0.3493445,0.354798,0.348648,0.3532775,0.0
2026-08-23 07:00:00,0.353065,0.357485,0.35278,0.3559085,0.0
2026-08-23 08:00:00,0.35573,0.3610765,0.35547,0.358241,0.0
2026-08-23 09:00:00,0.358389,0.3675,0.358388,0.3671035,0.0
2026-08-23 10:00:00,0.366745,0.374315,0.36593,0.3699145,0.0
2026-08-23 11:00:00,0.370225,0.380336,0.370225,0.377963,0.0
2026-08-23 12:00:00,0.37772,0.384195,0.376145,0.381005,0.0
2026-08-23 13:00:00,0.38081,0.398764,0.38081,0.396092,0.0
2026-08-23 14:00:00,0.396364,0.399695,0.374813,0.38466,0.0
2026-08-23 15:00:00,0.38495,0.3971085,0.382094,0.3911105,0.0
2026-08-23 16:00:00,0.3913945,0.395385,0.39027,0.3937375,0.0
2026-08-23 17:00:00,0.3935,0.39656,0.389378,0.395,0.0
2026-08-23 18:00:00,0.3948,0.402735,0.3948,0.4017875,15.764264833
2026-08-23 19:00:00,0.401472,0.4098505,0.40058,0.408709,18.554282227
2026-08-23 20:00:00,0.408895,0.41344,0.4061,0.4080885,600.0
2026-08-23 21:00:00,0.408325,0.412475,0.403265,0.40695,0.0
2026-08-23 22:00:00,0.407075,0.407865,0.39836,0.4025055,0.0
2026-08-23 23:00:00,0.402695,0.403404,0.3976425,0.4005395,0.0
2026-08-24 00:00:00,0.400255,0.400615,0.388843,0.39347,0.0
2026-08-24 01:00:00,0.393226,0.393894,0.3868395,0.3868395,27.0
2026-08-24 02:00:00,0.386997,0.3931605,0.38549,0.390343,0.0
2026-08-24 03:00:00,0.3901,0.3901,0.38605,0.387155,0.0
2026-08-24 04:00:00,0.3873955,0.3989335,0.3873955,0.39577,0.0
2026-08-24 05:00:00,0.39555,0.3987505,0.39135,0.3955285,0.0
2026-08-24 06:00:00,0.395235,0.39993,0.384123,0.3899,0.0
2026-08-24 07:00:00,0.390083,0.392532,0.3840975,0.386383,0.0
2026-08-24 08:00:00,0.386116,0.3867585,0.38145,0.3821185,0.0
2026-08-24 09:00:00,0.381773,0.3894055,0.381435,0.3880325,0.0
2026-08-24 10:00:00,0.3877625,0.391295,0.38056,0.381479,0.0
2026-08-24 11:00:00,0.3816415,0.389353,0.3771145,0.38884,0.0
2026-08-24 12:00:00,0.38868,0.39365,0.383975,0.39165,0.0
2026-08-24 13:00:00,0.3917795,0.3935345,0.3804475,0.383135,0.0
2026-08-24 14:00:00,0.3832525,0.393174,0.3830155,0.3897,0.0
2026-08-24 15:00:00,0.389926,0.3937,0.383717,0.385688,0.0
2026-08-24 16:00:00,0.385825,0.3909245,0.379251,0.3813,18.4022182
2026-08-24 17:00:00,0.381545,0.383295,0.3714,0.3736485,110.908083696
2026-08-24 18:00:00,0.373985,0.3762,0.3668095,0.368555,72.257017662
2026-08-24 19:00:00,0.3687,0.371988,0.366672,0.3701695,0.0
2026-08-24 20:00:00,0.3703965,0.3708315,0.36749,0.370299,0.0
2026-08-24 21:00:00,0.37045,0.3745285,0.37045,0.3734535,0.0
2026-08-24 22:00:00,0.373215,0.37413,0.3692645,0.36964,20.611200261
2026-08-24 23:00:00,0.369845,0.37226,0.368597,0.3716055,20.622673938
2026-08-25 00:00:00,0.371435,0.3774,0.3694,0.3767765,20.564641123
2026-08-25 01:00:00,0.3766195,0.379835,0.374909,0.37822,30.515795299
2026-08-25 02:00:00,0.377992,0.3873965,0.376455,0.38105,9.457697433
2026-08-25 03:00:00,0.3812,0.3832625,0.37179,0.37385,0.0
2026-08-25 04:00:00,0.373915,0.382655,0.37205,0.378605,0.0
2026-08-25 05:00:00,0.37875,0.3838105,0.378445,0.38245,0.0
2026-08-25 06:00:00,0.3823135,0.38295,0.3725655,0.373522,0.0
2026-08-25 07:00:00,0.373307,0.3764,0.367091,0.3695365,0.0
2026-08-25 08:00:00,0.369732,0.3745765,0.36929,0.37083,0.0
2026-08-25 09:00:00,0.370529,0.37316,0.3674305,0.36995,0.0
2026-08-25 10:00:00,0.369815,0.37495,0.368185,0.3744,0.0
2026-08-25 11:00:00,0.374115,0.3782375,0.3724505,0.375094,0.0
2026-08-25 12:00:00,0.375231,0.378137,0.372055,0.376,0.0
2026-08-25 13:00:00,0.3758145,0.376116,0.36726,0.373171,0.0
2026-08-25 14:00:00,0.372973,0.3812005,0.3706225,0.377642,0.0
2026-08-25 15:00:00,0.377315,0.37835,0.37162,0.376145,0.0
2026-08-25 16:00:00,0.37595,0.3773,0.37221,0.375374,0.0
2026-08-25 17:00:00,0.37565,0.376195,0.3704765,0.3756,299.415009262
2026-08-25 18:00:00,0.375755,0.3775,0.3733,0.374855,51.537008897
2026-08-25 19:00:00,0.3751825,0.37665,0.371789,0.37333,21.261994461
2026-08-25 20:00:00,0.3731895,0.373736,0.364485,0.364825,33.167496354
2026-08-25 21:00:00,0.3647535,0.36674,0.35514,0.36612,23.820792283
2026-08-25 22:00:00,0.366342,0.3680575,0.365609,0.3673,35.590184647
2026-08-25 23:00:00,0.3671185,0.367813,0.357445,0.36304,147.88970531
2026-08-26 00:00:00,0.36275,0.365647,0.360925,0.36435,0.0
2026-08-26 01:00:00,0.3645235,0.367145,0.3645235,0.36585,0.0
2026-08-26 02:00:00,0.36615,0.36823,0.36501,0.367265,0.0
2026-08-26 03:00:00,0.367125,0.367341,0.362095,0.36355,0.0
2026-08-26 04:00:00,0.36345,0.36415,0.361005,0.36138,0.0
2026-08-26 05:00:00,0.3612075,0.36359,0.3595,0.36041,0.0
2026-08-26 06:00:00,0.36045,0.361735,0.35693,0.3584185,0.0
2026-08-26 07:00:00,0.35821,0.361428,0.35753,0.35796,0.0
2026-08-26 08:00:00,0.358165,0.359895,0.3564835,0.357175,0.0
2026-08-26 09:00:00,0.3574245,0.3576235,0.3492855,0.351228,0.0
2026-08-26 10:00:00,0.351066,0.355685,0.3499,0.354882,0.0
2026-08-26 11:00:00,0.35465,0.355559,0.3498615,0.35165,0.0
2026-08-26 12:00:00,0.351877,0.3547,0.34905,0.35223,0.0
2026-08-26 13:00:00,0.3524975,0.352751,0.348135,0.3495385,0.0
2026-08-26 14:00:00,0.349445,0.3510765,0.34448,0.34448,0.0
2026-08-26 15:00:00,0.3445855,0.3464505,0.342288,0.34482,51.53297977
2026-08-26 16:00:00,0.345065,0.346524,0.343247,0.34416,0.0
2026-08-26 17:00:00,0.34434,0.3495525,0.34434,0.34622,0.0
2026-08-26 18:00:00,0.346445,0.350495,0.346036,0.35025,0.0
2026-08-26 19:00:00,0.3500265,0.35605,0.3492,0.35489,0.0
2026-08-26 20:00:00,0.3547,0.3547,0.3478185,0.3509,0.0
2026-08-26 21:00:00,0.3511,0.3558395,0.3511,0.3558395,0.0
2026-08-26 22:00:00,0.3559695,0.36091,0.355455,0.3591435,0.0
2026-08-26 23:00:00,0.3589905,0.36476,0.358126,0.363296,0.0
2026-08-27 00:00:00,0.3630215,0.3633565,0.358094,0.358103,0.0
2026-08-27 01:00:00,0.358037,0.3613075,0.356,0.359575,0.0
2026-08-27 02:00:00,0.3597595,0.360869,0.357147,0.357147,0.0
2026-08-27 03:00:00,0.3573,0.3597,0.35634,0.3580925,0.0
2026-08-27 04:00:00,0.3579705,0.358952,0.35217,0.35367,0.0
2026-08-27 05:00:00,0.3537915,0.356756,0.35196,0.3561705,0.0
2026-08-27 06:00:00,0.356,0.36055,0.35425,0.360125,0.0
2026-08-27 07:00:00,0.3598605,0.36334,0.359015,0.36303,0.0
2026-08-27 08:00:00,0.36287,0.375802,0.3626,0.3706985,0.0
2026-08-27 09:00:00,0.371055,0.37327,0.3673045,0.367688,0.0
2026-08-27 10:00:00,0.367497,0.36842,0.3595705,0.360755,0.0
2026-08-27 11:00:00,0.3605145,0.367962,0.36026,0.3663635,0.0
2026-08-27 12:00:00,0.36645,0.368635,0.3646245,0.364756,0.0
2026-08-27 13:00:00,0.364889,0.36645,0.36023,0.36503,0.0
2026-08-27 14:00:00,0.3649,0.36981,0.36357,0.366585,406.1996
2026-08-27 15:00:00,0.366364,0.369965,0.366149,0.3677205,0.0
2026-08-27 16:00:00,0.367812,0.3740035,0.366943,0.370505,0.0
2026-08-27 17:00:00,0.370255,0.37225,0.368991,0.3699455,0.0
2026-08-27 18:00:00,0.3698625,0.370221,0.365095,0.3694035,600.0
2026-08-27 19:00:00,0.3691545,0.372155,0.36907,0.3698735,0.0
2026-08-27 20:00:00,0.370048,0.37045,0.3675565,0.3694875,0.0
2026-08-27 21:00:00,0.369725,0.3698715,0.36558,0.367565,0.0
2026-08-27 22:00:00,0.367764,0.3711775,0.367764,0.370978,0.0
2026-08-27 23:00:00,0.3707945,0.37099,0.3666,0.367025,0.0
2026-08-28 00:00:00,0.366845,0.3698035,0.3653375,0.368415,0.0
