date,open,high,low,close,volume
2026-06-09 00:00:00,66.76705,66.84335,65.261,65.4042,0.19726528
2026-06-09 01:00:00,65.40285,66.0416,65.39155,65.9645,0.0
2026-06-09 02:00:00,65.93965,66.04185,65.5185,65.8665,0.0
2026-06-09 03:00:00,65.89115,66.05935,65.64195,65.995,0.0
2026-06-09 04:00:00,65.96515,67.3485,65.8026,66.97055,0.0
2026-06-09 05:00:00,67.0085,67.3402,66.68515,67.1538,0.0
2026-06-09 06:00:00,67.17,67.4345,66.9479,67.02365,0.0
2026-06-09 07:00:00,67.05745,67.2612,66.6218,66.8646,0.0
2026-06-09 08:00:00,66.8249,66.835,66.4005,66.5519,0.0
2026-06-09 09:00:00,66.6,66.7845,66.073,66.1186,0.0
2026-06-09 10:00:00,66.149,66.4385,65.968,66.3836,0.0
2026-06-09 11:00:00,66.3995,66.3995,65.8728,66.08,0.075684356
2026-06-09 12:00:00,66.05055,66.4695,65.9777,66.168,0.102508682
2026-06-09 13:00:00,66.20215,66.32,65.58215,65.8006,0.160755349
2026-06-09 14:00:00,65.83725,65.93995,64.372,65.01065,0.245795388
2026-06-09 15:00:00,64.9765,65.269,64.205,64.27,0.041978045
2026-06-09 16:00:00,64.24,64.59,63.5055,64.0685,0.248129534
2026-06-09 17:00:00,64.1045,65.1031,64.0565,64.7365,0.0
2026-06-09 18:00:00,64.759,65.47,64.611,65.26195,0.229824194
2026-06-09 19:00:00,65.21305,65.5805,65.003,65.36985,0.0
2026-06-09 20:00:00,65.39515,65.651,65.231,65.5775,0.0
2026-06-09 21:00:00,65.61,65.61,64.856,64.96825,0.0
2026-06-09 22:00:00,64.9275,65.27,64.794,64.8659,0.0
2026-06-09 23:00:00,64.827,65.0865,64.6829,64.9147,0.0
2026-06-10 00:00:00,64.9545,65.1708,64.475,65.123,0.116715805
2026-06-10 01:00:00,65.0975,65.2163,64.76,65.048,0.0
2026-06-10 02:00:00,65.09,65.1895,64.19885,64.2605,0.066388226
2026-06-10 03:00:00,64.223,64.795,64.223,64.46295,0.0
2026-06-10 04:00:00,64.502,64.6005,64.11,64.2162,0.12464216
2026-06-10 05:00:00,64.25465,64.329,63.8805,64.06395,0.072790341
2026-06-10 06:00:00,64.02975,64.59,63.80405,64.16175,0.0
2026-06-10 07:00:00,64.1225,64.7189,64.0976,64.44625,0.0
2026-06-10 08:00:00,64.48045,64.48045,63.385,63.5765,0.043523375
2026-06-10 09:00:00,63.5495,63.6851,63.0555,63.58545,0.047792155
2026-06-10 10:00:00,63.555,63.70725,63.2585,63.6245,0.0
2026-06-10 11:00:00,63.595,63.713,62.9475,63.475,0.0
2026-06-10 12:00:00,63.4435,64.595,63.28315,64.0992,0.0
2026-06-10 13:00:00,64.1212,65.494,63.9895,65.0229,0.232470189
2026-06-10 14:00:00,65.00575,65.2094,64.57,65.02,0.384782367
2026-06-10 15:00:00,64.99395,65.717,64.5245,65.3955,0.266201531
2026-06-10 16:00:00,65.4429,65.4429,64.19245,64.574,0.209650919
2026-06-10 17:00:00,64.5406,64.92395,63.5882,63.9755,0.180953065
2026-06-10 18:00:00,64.02755,64.1655,63.345,63.7729,0.038610711
2026-06-10 19:00:00,63.80515,63.886,63.34535,63.4863,0.0
2026-06-10 20:00:00,63.518,63.606,63.1258,63.2875,0.0
2026-06-10 21:00:00,63.2693,63.2693,62.3025,62.52,0.092312164
2026-06-10 22:00:00,62.5325,62.9745,62.309,62.70625,0.0
2026-06-10 23:00:00,62.6785,63.2185,62.405,63.1625,0.0
2026-06-11 00:00:00,63.1973,63.7245,63.1668,63.6113,0.0
2026-06-11 01:00:00,63.6379,65.0791,63.405,64.871,0.018893705
2026-06-11 02:00:00,64.91,64.93395,64.296,64.485,0.0
2026-06-11 03:00:00,64.507,65.39795,64.26365,65.2105,0.173135508
2026-06-11 04:00:00,65.18,65.2553,64.93635,65.1328,0.2497013
2026-06-11 05:00:00,65.0965,65.1615,64.8833,64.8833,0.0
2026-06-11 06:00:00,64.855,65.3545,64.7568,65.035,0.0
2026-06-11 07:00:00,65.02385,65.08725,64.7095,64.9496,0.037100517
2026-06-11 08:00:00,64.97725,65.44845,64.97725,65.238,0.0
2026-06-11 09:00:00,65.1934,65.481,64.93985,65.312,0.0
2026-06-11 10:00:00,65.3445,65.5735,65.22425,65.47,0.025367942
2026-06-11 11:00:00,65.4203,66.0375,65.282,65.8029,0.339114146
2026-06-11 12:00:00,65.8377,65.8377,64.875,65.2293,0.0
2026-06-11 13:00:00,65.19235,65.6405,65.0185,65.43585,0.0
2026-06-11 14:00:00,65.479,65.7035,64.9105,65.2725,0.229264605
2026-06-11 15:00:00,65.24515,65.79065,64.964,65.45,0.0
2026-06-11 16:00:00,65.487,65.73775,65.263,65.3275,0.0
2026-06-11 17:00:00,65.2985,67.0919,64.981,67.0794,0.827862604
2026-06-11 18:00:00,67.0966,67.1735,66.588,66.7378,0.0
2026-06-11 19:00:00,66.7011,67.28455,66.5461,66.8465,0.074421765
2026-06-11 20:00:00,66.8875,66.9643,66.3125,66.52235,0.0
2026-06-11 21:00:00,66.5615,67.0178,66.5615,66.8455,0.0
2026-06-11 22:00:00,66.8787,67.0865,66.824,66.83065,0.0
2026-06-11 23:00:00,66.7913,67.0335,66.64465,66.8355,0.0
2026-06-12 00:00:00,66.80885,67.0085,66.677,66.80165,0.0
2026-06-12 01:00:00,66.7485,66.7485,66.34305,66.6025,0.0
2026-06-12 02:00:00,66.6357,67.21,66.59245,67.061,0.0
2026-06-12 03:00:00,67.0206,67.07825,66.593,66.9353,0.0
2026-06-12 04:00:00,66.896,67.154,66.7695,66.97505,0.019403418
2026-06-12 05:00:00,66.94005,66.9475,66.6013,66.668,0.048440301
2026-06-12 06:00:00,66.6235,66.71,65.888,66.06135,0.168899036
2026-06-12 07:00:00,66.08895,66.3955,66.04405,66.254,0.0
2026-06-12 08:00:00,66.28355,66.96265,66.28355,66.83,0.0
2026-06-12 09:00:00,66.7885,67.398,66.7585,67.1154,0.074226584
2026-06-12 10:00:00,67.0995,67.26115,66.556,66.7285,0.16930531
2026-06-12 11:00:00,66.752,67.0255,66.725,66.8641,0.0
2026-06-12 12:00:00,66.83605,66.90045,66.5772,66.67025,0.0
2026-06-12 13:00:00,66.7071,66.922,66.321,66.6437,0.035466753
2026-06-12 14:00:00,66.59865,67.897,66.59865,67.87,0.151727384
2026-06-12 15:00:00,67.89,68.7595,67.139,67.2159,0.084508287
2026-06-12 16:00:00,67.177,67.98085,67.04965,67.98085,0.154307049
2026-06-12 17:00:00,67.9525,68.145,67.2515,67.371,0.096091956
2026-06-12 18:00:00,67.39205,67.434,67.0275,67.029,0.056248403
2026-06-12 19:00:00,67.06845,67.3635,66.6685,66.73,0.097051058
2026-06-12 20:00:00,66.785,66.805,66.50725,66.6451,0.0422199
2026-06-12 21:00:00,66.6782,66.885,66.447,66.5475,0.02071904
2026-06-12 22:00:00,66.5041,66.718,66.42,66.5855,0.0
2026-06-12 23:00:00,66.561,66.7671,66.45255,66.7671,0.0
2026-06-13 00:00:00,66.7485,67.0325,66.7435,66.95865,0.0
2026-06-13 01:00:00,66.984,67.465,66.984,67.3881,0.0
2026-06-13 02:00:00,67.34685,67.43655,66.834,66.9495,0.0
2026-06-13 03:00:00,66.985,67.01,66.68395,66.855,0.134826287
2026-06-13 04:00:00,66.83,66.91185,66.6185,66.6185,0.0
2026-06-13 05:00:00,66.649,66.8045,66.578,66.7402,0.0
2026-06-13 06:00:00,66.76,67.1635,66.63985,67.129,0.0
2026-06-13 07:00:00,67.11,67.41025,66.94,67.3328,0.036612715
2026-06-13 08:00:00,67.2961,67.47935,67.2205,67.31175,0.0
2026-06-13 09:00:00,67.345,67.4864,67.271,67.3415,0.0
2026-06-13 10:00:00,67.39125,67.54975,67.3,67.3736,0.0
2026-06-13 11:00:00,67.4171,67.9325,67.3528,67.8455,0.06440853
2026-06-13 12:00:00,67.7948,67.99,67.77,67.9282,0.017106268
2026-06-13 13:00:00,67.8843,68.2755,67.81495,67.9689,0.058977378
2026-06-13 14:00:00,68.005,68.3679,68.005,68.22275,0.0
2026-06-13 15:00:00,68.1919,68.6659,68.1451,68.5675,0.040102194
2026-06-13 16:00:00,68.5476,68.5476,67.80205,68.08,0.0
2026-06-13 17:00:00,68.03595,68.21915,67.8085,67.95,0.0
2026-06-13 18:00:00,67.99,68.3413,67.99,68.0905,0.0
2026-06-13 19:00:00,68.125,68.3499,68.00095,68.209,0.0
2026-06-13 20:00:00,68.1482,68.2296,68.0125,68.2296,0.0
2026-06-13 21:00:00,68.249,69.51,68.22095,69.21305,0.0
2026-06-13 22:00:00,69.171,69.173,68.87305,68.8735,0.0
2026-06-13 23:00:00,68.832,69.13395,68.776,68.88295,0.0
2026-06-14 00:00:00,68.846,68.846,68.625,68.7217,0.0
2026-06-14 01:00:00,68.7603,69.05505,68.6164,68.79325,0.036612715
2026-06-14 02:00:00,68.74505,69.0205,68.71785,68.781,0.0
2026-06-14 03:00:00,68.8159,68.9785,68.7345,68.921,0.0
2026-06-14 04:00:00,68.9569,68.9569,68.41,68.48715,0.0
2026-06-14 05:00:00,68.5082,68.5478,67.9995,68.21585,0.0
2026-06-14 06:00:00,68.251,68.43645,68.073,68.14635,0.0
2026-06-14 07:00:00,68.196,68.212,68.0022,68.1709,0.0
2026-06-14 08:00:00,68.1375,68.3014,68.1047,68.21415,0.0
2026-06-14 09:00:00,68.185,68.449,67.8882,68.449,0.0
2026-06-14 10:00:00,68.3995,68.455,68.1295,68.1295,0.0
2026-06-14 11:00:00,68.08945,68.2775,68.012,68.0551,0.0
2026-06-14 12:00:00,68.0885,68.0885,67.68,67.75025,0.0
2026-06-14 13:00:00,67.7834,67.825,67.48705,67.688,0.0
2026-06-14 14:00:00,67.665,67.7918,66.9255,67.21495,0.0
2026-06-14 15:00:00,67.255,67.50665,67.255,67.3964,0.040209674
2026-06-14 16:00:00,67.4195,67.68465,67.4195,67.4683,0.0
2026-06-14 17:00:00,67.4349,67.664,67.33,67.3325,0.0
2026-06-14 18:00:00,67.365,67.4355,67.17435,67.37425,0.048004553
2026-06-14 19:00:00,67.39165,67.6905,67.32,67.5495,0.055839292
2026-06-14 20:00:00,67.5869,68.0255,67.4032,67.7915,0.06782256
2026-06-14 21:00:00,67.8285,70.5125,67.79525,70.11545,0.042082241
2026-06-14 22:00:00,70.1487,70.66,69.66625,70.395,0.0
2026-06-14 23:00:00,70.4337,71.265,70.132,71.235,0.037024719
2026-06-15 00:00:00,71.289,71.675,70.8998,71.07415,0.0
2026-06-15 01:00:00,71.04515,71.312,70.6695,70.9505,0.024980318
2026-06-15 02:00:00,70.98525,71.525,70.88685,70.9295,0.092185275
2026-06-15 03:00:00,70.9056,71.3152,70.9056,71.2004,0.0
2026-06-15 04:00:00,71.1775,71.2519,70.86415,70.90975,0.0
2026-06-15 05:00:00,70.89,71.24935,70.80435,71.21,0.0
2026-06-15 06:00:00,71.1849,71.44,71.07385,71.33165,0.0
2026-06-15 07:00:00,71.3652,71.46525,71.1035,71.2311,0.076329411
2026-06-15 08:00:00,71.25235,71.5585,71.161,71.242,0.0
2026-06-15 09:00:00,71.282,71.41815,70.7923,71.1784,0.050000702
2026-06-15 10:00:00,71.2134,72.01785,71.2134,71.79915,0.0
2026-06-15 11:00:00,71.775,72.75125,71.63865,72.5711,0.0
2026-06-15 12:00:00,72.5801,72.9436,72.28085,72.80085,0.0
2026-06-15 13:00:00,72.8205,74.174,72.6815,73.5849,0.0
2026-06-15 14:00:00,73.55745,73.90985,73.175,73.77285,0.0
2026-06-15 15:00:00,73.755,75.219,73.755,75.219,0.0
2026-06-15 16:00:00,75.1835,76.0425,74.9359,75.4361,0.0
2026-06-15 17:00:00,75.38585,75.38585,74.6306,75.2186,0.0
2026-06-15 18:00:00,75.255,75.635,75.0735,75.24115,0.0
2026-06-15 19:00:00,75.235,75.75145,74.568,75.186,0.0
2026-06-15 20:00:00,75.20985,75.40575,74.7425,74.9114,0.0
2026-06-15 21:00:00,74.88315,74.9672,74.36345,74.3877,0.052367868
2026-06-15 22:00:00,74.4255,74.545,73.589,73.74165,0.042941503
2026-06-15 23:00:00,73.7578,74.0244,73.5939,73.9245,0.0
2026-06-16 00:00:00,73.89895,74.32815,73.81645,74.0034,0.0
2026-06-16 01:00:00,74.0062,74.3102,73.83935,73.83935,0.0
2026-06-16 02:00:00,73.79185,73.79185,72.76625,72.98725,0.016773832
2026-06-16 03:00:00,72.93865,73.7309,72.848,73.713,0.016103593
2026-06-16 04:00:00,73.75035,73.86765,73.16,73.325,0.0
2026-06-16 05:00:00,73.3505,73.79,73.3505,73.643,0.0
2026-06-16 06:00:00,73.6,74.22735,73.6,74.14,0.033265566
2026-06-16 07:00:00,74.1082,74.4835,74.08025,74.42585,0.0
2026-06-16 08:00:00,74.3978,75.54055,74.3135,75.344,0.047792853
2026-06-16 09:00:00,75.287,75.37515,74.76935,74.7966,0.0
2026-06-16 10:00:00,74.834,75.04145,74.6478,74.6478,0.0
2026-06-16 11:00:00,74.694,74.81,74.34775,74.57575,0.0
2026-06-16 12:00:00,74.63,75.4597,74.44925,74.88705,0.0
2026-06-16 13:00:00,74.841,74.8915,73.81135,73.9091,0.0
2026-06-16 14:00:00,73.9459,74.2175,72.295,72.9061,0.0
2026-06-16 15:00:00,72.8685,73.57,72.8492,73.22,0.0
2026-06-16 16:00:00,73.265,73.40775,72.9365,73.0276,0.0
2026-06-16 17:00:00,73.0694,73.755,73.0223,73.5985,0.0
2026-06-16 18:00:00,73.64005,74.25,73.5257,73.9195,0.048642291
2026-06-16 19:00:00,73.8975,74.14,73.46715,73.776,0.090212529
2026-06-16 20:00:00,73.743,74.15575,73.6359,74.046,0.0
2026-06-16 21:00:00,74.0847,74.133,73.69055,73.88185,0.0
2026-06-16 22:00:00,73.842,74.03405,73.5649,73.7997,0.0
2026-06-16 23:00:00,73.8379,73.8865,73.3695,73.45865,0.0
2026-06-17 00:00:00,73.49,73.6967,73.2614,73.3066,0.106186383
2026-06-17 01:00:00,73.26,73.925,73.132,73.87865,0.0
2026-06-17 02:00:00,73.85725,74.375,73.6428,73.984,0.0
2026-06-17 03:00:00,73.93085,73.93085,73.4567,73.628,0.0
2026-06-17 04:00:00,73.5895,74.0194,73.5375,73.7535,0.031738536
2026-06-17 05:00:00,73.76325,73.907,73.4063,73.577,0.0
2026-06-17 06:00:00,73.614,73.76075,73.1404,73.342,0.0
2026-06-17 07:00:00,73.297,73.515,72.9535,73.1702,0.0
2026-06-17 08:00:00,73.2135,73.2135,72.0985,72.2818,0.0
2026-06-17 09:00:00,72.248,72.585,72.248,72.471,0.0
2026-06-17 10:00:00,72.521,72.6299,72.067,72.067,0.0
2026-06-17 11:00:00,72.0995,72.16,71.631,71.9624,0.0
2026-06-17 12:00:00,72.0075,72.255,71.54895,72.25075,0.0
2026-06-17 13:00:00,72.2319,72.6965,72.116,72.362,0.0
2026-06-17 14:00:00,72.329,72.5845,71.7771,72.34,0.0
2026-06-17 15:00:00,72.329,73.8095,72.3004,73.7322,0.0
2026-06-17 16:00:00,73.792,74.59745,73.66785,73.7139,0.0
2026-06-17 17:00:00,73.7612,74.27,73.4095,74.0855,0.0
2026-06-17 18:00:00,74.1215,74.31865,72.1555,73.45535,0.0
2026-06-17 19:00:00,73.494,73.63,71.41555,71.6009,0.0
2026-06-17 20:00:00,71.6325,72.185,71.492,72.13,0.0
2026-06-17 21:00:00,72.08,72.1315,71.31,71.5645,0.0
2026-06-17 22:00:00,71.52,71.8695,70.7635,71.64395,0.0
2026-06-17 23:00:00,71.6692,72.07,71.6692,71.967,0.0
2026-06-18 00:00:00,72.00895,72.41415,71.9635,72.1621,0.0
2026-06-18 01:00:00,72.14405,72.54,72.0525,72.1355,0.0
2026-06-18 02:00:00,72.164,72.5984,72.08345,72.4595,0.0
2026-06-18 03:00:00,72.415,72.415,71.499,71.5773,0.0
2026-06-18 04:00:00,71.5445,71.62,70.853,70.99,0.0
2026-06-18 05:00:00,70.9465,71.05,70.5895,71.046,0.0
2026-06-18 06:00:00,71.00425,71.3031,70.92245,71.2885,0.0
2026-06-18 07:00:00,71.2381,71.7787,71.084,71.693,0.0
2026-06-18 08:00:00,71.6555,72.00405,71.555,71.7725,0.129710788
2026-06-18 09:00:00,71.74955,72.0686,71.71105,71.78225,0.0
2026-06-18 10:00:00,71.76545,71.7685,71.005,71.3452,0.0
2026-06-18 11:00:00,71.37495,71.48965,70.66615,70.8935,0.0
2026-06-18 12:00:00,70.85,71.5235,70.824,71.5025,0.0
2026-06-18 13:00:00,71.5288,71.71,70.6475,70.9464,0.0
2026-06-18 14:00:00,70.99,71.60625,70.6386,70.97885,0.0
2026-06-18 15:00:00,71.01705,71.01705,68.28165,68.3442,0.070691361
2026-06-18 16:00:00,68.3272,69.041,68.31595,68.97215,0.0
2026-06-18 17:00:00,69.003,69.0305,68.43705,68.55,0.0
2026-06-18 18:00:00,68.5765,68.889,68.1405,68.56,0.0
2026-06-18 19:00:00,68.52695,69.4221,68.475,69.299,0.0
2026-06-18 20:00:00,69.3435,69.85485,69.3435,69.7245,0.0
2026-06-18 21:00:00,69.7711,69.8088,69.3335,69.4742,0.0
2026-06-18 22:00:00,69.441,69.578,69.21,69.46205,0.0
2026-06-18 23:00:00,69.424,69.68115,69.22075,69.6485,0.0
2026-06-19 00:00:00,69.6152,69.7981,69.5058,69.693,0.0
2026-06-19 01:00:00,69.66135,69.917,69.4479,69.84395,0.0
2026-06-19 02:00:00,69.884,69.988,69.3704,69.58055,0.0
2026-06-19 03:00:00,69.6115,69.6603,68.5635,68.9714,0.0
2026-06-19 04:00:00,68.93205,69.17975,68.145,68.277,0.0
2026-06-19 05:00:00,68.2345,68.66,68.2345,68.6237,0.0
2026-06-19 06:00:00,68.595,68.75565,68.4272,68.70275,0.0
2026-06-19 07:00:00,68.665,68.701,67.92505,68.3052,0.0
2026-06-19 08:00:00,68.2787,68.665,68.1695,68.6005,0.0
2026-06-19 09:00:00,68.635,68.66725,68.1483,68.25905,0.0
2026-06-19 10:00:00,68.29185,68.40545,68.0124,68.2677,0.0
2026-06-19 11:00:00,68.23205,68.4075,68.0465,68.195,0.0
2026-06-19 12:00:00,68.23525,68.65,67.8635,68.562,0.0
2026-06-19 13:00:00,68.535,69.4959,68.3625,69.2064,0.0
2026-06-19 14:00:00,69.181,69.395,68.78475,69.08,0.0
2026-06-19 15:00:00,69.05405,69.45,68.876,69.2521,0.0
2026-06-19 16:00:00,69.2079,69.48,68.647,68.65,0.0
2026-06-19 17:00:00,68.68665,69.427,68.576,69.2503,0.0
2026-06-19 18:00:00,69.28,69.28,68.7703,68.97675,0.0
2026-06-19 19:00:00,68.95,69.079,68.74115,68.90855,0.0
2026-06-19 20:00:00,68.94365,69.2324,68.68,69.18615,0.0
2026-06-19 21:00:00,69.1515,69.2315,68.8647,68.9375,0.0
2026-06-19 22:00:00,68.96375,69.3683,68.9445,69.3505,0.0
2026-06-19 23:00:00,69.395,69.77855,69.209,69.6778,0.0
2026-06-20 00:00:00,69.6275,70.0437,69.56185,69.5626,0.0
2026-06-20 01:00:00,69.6095,69.85745,69.4905,69.7163,0.0
2026-06-20 02:00:00,69.745,69.7926,69.42,69.608,0.0
2026-06-20 03:00:00,69.5548,70.02255,69.5548,69.92715,0.0
2026-06-20 04:00:00,69.90265,70.99515,69.8531,70.7624,0.0
2026-06-20 05:00:00,70.817,72.3831,70.66,71.725,0.0
2026-06-20 06:00:00,71.7629,72.324,71.6502,72.0275,0.0
2026-06-20 07:00:00,72.0745,72.0745,71.4255,71.5206,0.0
2026-06-20 08:00:00,71.4974,71.5645,71.2225,71.265,0.0
2026-06-20 09:00:00,71.306,71.5396,71.1567,71.495,0.0
2026-06-20 10:00:00,71.47,71.6112,71.3752,71.6055,0.057662165
2026-06-20 11:00:00,71.655,72.00255,71.4,71.7152,0.0
2026-06-20 12:00:00,71.6919,71.87065,71.3848,71.4835,0.0
2026-06-20 13:00:00,71.445,71.51095,70.7204,71.14,0.032927122
2026-06-20 14:00:00,71.121,72.06225,70.42145,71.8765,0.0
2026-06-20 15:00:00,71.8498,72.535,71.58085,71.93845,0.0
2026-06-20 16:00:00,71.9875,71.9875,71.2785,71.5806,0.0
2026-06-20 17:00:00,71.5481,71.59,71.015,71.465,0.0
2026-06-20 18:00:00,71.5,71.8763,71.5,71.66795,0.0
2026-06-20 19:00:00,71.70225,71.82865,71.5445,71.7675,0.0
2026-06-20 20:00:00,71.81745,71.9585,71.65285,71.95235,0.0
2026-06-20 21:00:00,71.9,72.362,71.9,72.3065,0.0
2026-06-20 22:00:00,72.3505,74.1911,72.325,73.46985,0.0
2026-06-20 23:00:00,73.4285,73.5645,73.155,73.164,0.0
2026-06-21 00:00:00,73.127,73.2167,72.9615,73.0894,0.0
2026-06-21 01:00:00,73.1434,73.1857,72.8345,73.12545,0.0
2026-06-21 02:00:00,73.0975,73.3005,73.0119,73.24,0.0
2026-06-21 03:00:00,73.2625,73.781,73.0792,73.5615,0.0
2026-06-21 04:00:00,73.52,73.7305,73.3198,73.3575,0.0
2026-06-21 05:00:00,73.3965,73.434,72.9693,72.9938,0.0
2026-06-21 06:00:00,73.03285,73.2475,72.9882,73.1394,0.0
2026-06-21 07:00:00,73.1653,73.3535,73.0463,73.11155,0.0
2026-06-21 08:00:00,73.1585,73.1615,72.6795,73.0528,0.0
2026-06-21 09:00:00,73.04,73.99805,72.985,73.955,0.0
2026-06-21 10:00:00,73.9116,74.2705,73.805,73.805,0.0
2026-06-21 11:00:00,73.7845,73.931,73.0435,73.0935,0.0
2026-06-21 12:00:00,73.14365,73.58,72.84725,73.5424,0.0
2026-06-21 13:00:00,73.591,73.84125,73.4215,73.83,0.0
2026-06-21 14:00:00,73.88045,74.0505,73.5736,74.01,0.0
2026-06-21 15:00:00,73.9705,74.20525,73.83955,74.081,0.0
2026-06-21 16:00:00,74.052,74.557,73.72545,74.25235,0.0
2026-06-21 17:00:00,74.209,74.5535,73.986,74.185,0.0
2026-06-21 18:00:00,74.1348,74.35,73.79065,74.1143,0.0
2026-06-21 19:00:00,74.16985,74.3835,74.055,74.3481,0.0
2026-06-21 20:00:00,74.3819,74.44405,73.302,73.3338,0.0
2026-06-21 21:00:00,73.2985,73.3885,72.37,73.057,0.0
2026-06-21 22:00:00,73.02645,73.1928,72.581,72.985,0.0
2026-06-21 23:00:00,72.9682,72.9965,72.2262,72.359,0.0
2026-06-22 00:00:00,72.392,73.487,72.392,73.2705,0.014308608
2026-06-22 01:00:00,73.298,74.88,73.205,74.2908,0.054944277
2026-06-22 02:00:00,74.356,74.356,73.69,73.727,0.0
2026-06-22 03:00:00,73.70525,73.935,73.2015,73.4369,0.0
2026-06-22 04:00:00,73.4687,73.8178,73.28405,73.76015,0.0
2026-06-22 05:00:00,73.8,74.0449,73.72925,73.84415,0.0
2026-06-22 06:00:00,73.873,74.113,73.52245,73.6332,0.0
2026-06-22 07:00:00,73.595,74.361,73.595,73.9956,0.0
2026-06-22 08:00:00,74.05945,74.226,73.66755,73.80575,0.0
2026-06-22 09:00:00,73.788,73.9375,73.509,73.695,0.0
2026-06-22 10:00:00,73.6585,73.9385,73.5401,73.7005,0.0
2026-06-22 11:00:00,73.67265,74.34215,73.581,74.1109,0.0
2026-06-22 12:00:00,74.0794,74.48,73.963,74.349,0.0
2026-06-22 13:00:00,74.3823,74.887,74.17625,74.887,0.0
2026-06-22 14:00:00,74.85845,74.85845,73.1311,73.366,0.0
2026-06-22 15:00:00,73.395,73.6875,72.90865,73.0825,0.086110296
2026-06-22 16:00:00,73.1203,73.1203,72.4735,72.866,0.0
2026-06-22 17:00:00,72.83475,73.2317,72.57015,73.219,0.0
2026-06-22 18:00:00,73.2372,73.45155,72.5285,72.5645,0.0
2026-06-22 19:00:00,72.53435,72.7235,72.4125,72.6365,0.21705593
2026-06-22 20:00:00,72.673,72.855,72.45,72.7333,0.020624013
2026-06-22 21:00:00,72.772,72.8,72.2229,72.61465,0.020614929
2026-06-22 22:00:00,72.66,72.852,71.456,72.0186,0.0
2026-06-22 23:00:00,71.9867,72.0675,71.7581,71.90045,0.0
2026-06-23 00:00:00,71.87015,71.904,71.405,71.78,0.020970691
2026-06-23 01:00:00,71.8225,71.95295,71.2604,71.6335,0.041776126
2026-06-23 02:00:00,71.679,71.968,71.49455,71.921,0.02094972
2026-06-23 03:00:00,71.8795,71.9145,71.65575,71.8905,0.0
2026-06-23 04:00:00,71.9345,71.9345,71.31195,71.3661,0.020882116
2026-06-23 05:00:00,71.405,71.5285,70.86325,70.93385,0.0
2026-06-23 06:00:00,70.9705,70.9705,69.59475,70.249,0.0
2026-06-23 07:00:00,70.2106,70.4802,69.90775,69.90775,0.0
2026-06-23 08:00:00,69.93755,70.00695,68.123,68.5945,0.0
2026-06-23 09:00:00,68.625,68.944,68.615,68.8422,0.0
2026-06-23 10:00:00,68.8775,69.1155,68.5687,68.7236,0.0
2026-06-23 11:00:00,68.7507,69.24785,68.7507,69.2,0.0
2026-06-23 12:00:00,69.236,69.2785,68.80355,68.88265,0.0
2026-06-23 13:00:00,68.845,69.26535,68.5596,69.103,0.0
2026-06-23 14:00:00,69.14735,69.5945,68.985,69.115,0.0
2026-06-23 15:00:00,69.07405,69.12305,68.3103,68.821,0.0
2026-06-23 16:00:00,68.85655,69.299,68.746,68.7995,0.0
2026-06-23 17:00:00,68.7645,69.06595,68.57,68.675,0.0
2026-06-23 18:00:00,68.7126,68.93245,68.606,68.81495,0.0
2026-06-23 19:00:00,68.78315,69.0055,68.6644,68.7715,0.0
2026-06-23 20:00:00,68.79435,68.95865,68.793,68.8942,0.0
2026-06-23 21:00:00,68.95005,69.2414,68.8869,69.1787,0.0
2026-06-23 22:00:00,69.1895,69.7345,69.165,69.4581,0.0
2026-06-23 23:00:00,69.4288,69.71175,69.235,69.59065,0.0
2026-06-24 00:00:00,69.64,70.0476,69.52985,69.9096,0.0
2026-06-24 01:00:00,69.93575,70.32,69.5921,69.9835,0.0
2026-06-24 02:00:00,70.0153,70.064,69.362,69.362,0.0
2026-06-24 03:00:00,69.405,69.67535,69.03025,69.49885,0.0
2026-06-24 04:00:00,69.464,69.585,68.922,69.49975,0.0
2026-06-24 05:00:00,69.52555,70.1145,69.4551,69.85785,0.0
2026-06-24 06:00:00,69.82535,69.9332,69.5965,69.645,0.0
2026-06-24 07:00:00,69.66745,69.66745,69.216,69.2415,0.0
2026-06-24 08:00:00,69.295,69.5328,69.147,69.35935,0.0
2026-06-24 09:00:00,69.4045,69.455,69.1235,69.2134,0.0
2026-06-24 10:00:00,69.1975,69.2165,68.8785,68.945,0.0
2026-06-24 11:00:00,68.986,70.31705,68.68915,69.7153,0.0
2026-06-24 12:00:00,69.6895,69.80715,69.3464,69.355,0.0
2026-06-24 13:00:00,69.3927,69.3927,68.29765,68.7737,0.0
2026-06-24 14:00:00,68.735,69.2966,68.5285,68.7655,0.0
2026-06-24 15:00:00,68.7414,68.772,67.1818,67.2368,0.0
2026-06-24 16:00:00,67.20655,67.925,66.228,66.4388,0.0
2026-06-24 17:00:00,66.485,66.78,64.61915,64.89,0.0
2026-06-24 18:00:00,64.9087,66.3717,64.739,65.9384,0.0
2026-06-24 19:00:00,65.96955,66.2746,65.44375,66.019,0.0
2026-06-24 20:00:00,65.9958,67.89,65.89265,67.57095,0.0
2026-06-24 21:00:00,67.6125,67.9936,67.142,67.9936,0.0
2026-06-24 22:00:00,67.9601,68.413,67.6035,67.705,0.0
2026-06-24 23:00:00,67.68545,68.06,67.68545,67.99635,0.0
2026-06-25 00:00:00,68.0155,68.19295,67.5,67.5997,0.0
2026-06-25 01:00:00,67.63845,67.90195,67.3335,67.7535,0.0
2026-06-25 02:00:00,67.7278,67.80875,67.528,67.6191,0.0
2026-06-25 03:00:00,67.652,67.72565,67.3884,67.58,0.0
2026-06-25 04:00:00,67.61,68.4143,67.37245,68.33405,0.038792134
2026-06-25 05:00:00,68.313,69.1915,68.2617,68.9265,0.0
2026-06-25 06:00:00,68.97115,69.535,68.89805,69.3535,0.0
2026-06-25 07:00:00,69.385,69.48555,69.15,69.3442,0.0
2026-06-25 08:00:00,69.30245,69.30245,68.8975,68.9388,0.0
2026-06-25 09:00:00,68.97,69.092,68.7215,68.755,0.0
2026-06-25 10:00:00,68.71625,68.78725,68.10195,68.205,0.0
2026-06-25 11:00:00,68.23835,68.33555,67.91445,68.06805,0.0
2026-06-25 12:00:00,68.0934,68.7491,67.69775,68.175,0.0
2026-06-25 13:00:00,68.2117,68.325,63.9655,64.11445,0.0
2026-06-25 14:00:00,64.1704,67.02295,64.1704,66.25435,0.0
2026-06-25 15:00:00,66.219,66.2725,65.1735,66.21105,0.0
2026-06-25 16:00:00,66.25,66.9275,65.56195,65.8866,0.0
2026-06-25 17:00:00,65.9173,67.226,65.7215,67.0108,0.0
2026-06-25 18:00:00,66.98675,67.0425,65.8178,66.055,0.0
2026-06-25 19:00:00,66.1116,66.115,65.59595,66.0793,0.0
2026-06-25 20:00:00,66.1276,66.685,65.995,66.19815,0.0
2026-06-25 21:00:00,66.2354,67.186,66.2029,67.186,0.0
2026-06-25 22:00:00,67.1435,67.20435,66.855,67.07475,0.0
2026-06-25 23:00:00,67.036,68.692,66.901,67.581,0.0
2026-06-26 00:00:00,67.6212,68.00235,67.5348,67.6265,0.0
2026-06-26 01:00:00,67.60935,67.7781,67.05445,67.207,0.0
2026-06-26 02:00:00,67.248,67.248,65.8185,66.097,0.0
2026-06-26 03:00:00,66.1181,68.39,65.85565,68.1215,0.0
2026-06-26 04:00:00,68.0685,68.2455,67.8711,67.96175,0.053843885
2026-06-26 05:00:00,68.012,68.3685,67.889,68.305,0.0
2026-06-26 06:00:00,68.27005,69.886,67.93075,69.886,0.0
2026-06-26 07:00:00,69.8485,70.865,69.80115,70.6846,0.0
2026-06-26 08:00:00,70.725,70.7598,69.6264,69.8136,0.0
2026-06-26 09:00:00,69.8562,69.8562,68.755,68.90165,0.0
2026-06-26 10:00:00,68.9475,69.12165,68.56015,68.668,0.0
2026-06-26 11:00:00,68.70325,68.9905,68.316,68.49245,0.0
2026-06-26 12:00:00,68.5239,69.60385,68.27965,68.74,0.0
2026-06-26 13:00:00,68.77825,70.82265,68.183,70.575,0.0
2026-06-26 14:00:00,70.605,71.84,70.165,70.355,0.0
2026-06-26 15:00:00,70.37,72.123,70.237,71.97425,0.0
2026-06-26 16:00:00,72.01,73.383,71.93815,72.419,0.0
2026-06-26 17:00:00,72.3625,72.76075,72.108,72.4825,0.0
2026-06-26 18:00:00,72.53,72.9725,72.28515,72.4614,0.0
2026-06-26 19:00:00,72.5065,73.80455,72.38245,72.98,0.0
2026-06-26 20:00:00,72.947,73.55545,71.9906,72.057,0.0
2026-06-26 21:00:00,72.0988,72.2555,71.7045,71.887,0.0
2026-06-26 22:00:00,71.84,71.9456,71.36995,71.69845,0.0
2026-06-26 23:00:00,71.728,71.8869,71.58065,71.8075,0.0
2026-06-27 00:00:00,71.8535,72.33005,71.47145,71.7274,0.0
2026-06-27 01:00:00,71.679,71.679,71.2789,71.3365,0.0
2026-06-27 02:00:00,71.298,72.14,71.298,72.01955,0.0
2026-06-27 03:00:00,71.986,72.2945,71.75095,72.1515,0.0
2026-06-27 04:00:00,72.1875,72.4645,71.8181,71.81835,0.0
2026-06-27 05:00:00,71.84495,71.885,71.425,71.6825,0.0
2026-06-27 06:00:00,71.659,72.2005,71.532,71.9905,0.0
2026-06-27 07:00:00,72.025,72.2016,71.9157,72.17455,0.0
2026-06-27 08:00:00,72.1396,72.1892,71.769,71.9345,0.0
2026-06-27 09:00:00,71.895,71.99275,71.6095,71.744,0.0
2026-06-27 10:00:00,71.7818,71.947,71.755,71.90185,0.0
2026-06-27 11:00:00,71.93765,71.975,71.435,71.68965,0.0
2026-06-27 12:00:00,71.73555,72.041,71.53515,72.041,0.0
2026-06-27 13:00:00,72.07335,72.46665,72.0728,72.25175,0.0
2026-06-27 14:00:00,72.21955,72.757,72.10435,72.5755,0.0
2026-06-27 15:00:00,72.5466,73.0535,72.49585,72.7,0.0
2026-06-27 16:00:00,72.72825,72.87935,72.5296,72.5296,0.0
2026-06-27 17:00:00,72.49725,72.49725,71.812,71.954,0.0
2026-06-27 18:00:00,71.915,72.06,71.6511,71.787,0.0
2026-06-27 19:00:00,71.8185,71.859,70.862,70.965,0.0
2026-06-27 20:00:00,71.01015,71.23,71.01015,71.1882,0.0
2026-06-27 21:00:00,71.22985,71.49145,70.7035,70.8642,0.0
2026-06-27 22:00:00,70.8275,70.983,70.15795,70.983,0.0
2026-06-27 23:00:00,70.94085,71.02,70.345,70.381,0.0
2026-06-28 00:00:00,70.434,70.70425,70.35165,70.6,0.0
2026-06-28 01:00:00,70.566,70.8,70.348,70.7189,0.035645825
2026-06-28 02:00:00,70.755,70.91195,70.399,70.65145,0.0
2026-06-28 03:00:00,70.6681,70.84805,70.6681,70.7517,0.0
2026-06-28 04:00:00,70.7248,70.8645,70.4626,70.67115,0.0
2026-06-28 05:00:00,70.645,70.645,70.067,70.3905,0.0
2026-06-28 06:00:00,70.4275,70.4275,70.07565,70.365,0.0
2026-06-28 07:00:00,70.40725,70.95675,70.40725,70.95345,0.0
2026-06-28 08:00:00,70.98425,72.07905,70.95575,71.82845,0.0
2026-06-28 09:00:00,71.8025,71.9131,71.41815,71.4432,0.0
2026-06-28 10:00:00,71.48,71.5055,71.03695,71.36095,0.0
2026-06-28 11:00:00,71.397,71.90685,71.3425,71.79775,0.0
2026-06-28 12:00:00,71.7576,72.273,71.5793,71.79465,0.0
2026-06-28 13:00:00,71.76285,71.98,71.2429,71.643,0.0
2026-06-28 14:00:00,71.66385,72.0875,71.551,71.551,0.0
2026-06-28 15:00:00,71.5765,71.975,71.3396,71.945,0.0
2026-06-28 16:00:00,71.99875,71.99875,71.08625,71.4821,0.0
2026-06-28 17:00:00,71.5403,71.8625,70.8584,71.48145,0.0
2026-06-28 18:00:00,71.447,71.6212,70.91,71.07515,0.0
2026-06-28 19:00:00,71.03345,71.1964,70.19825,70.6455,0.0
2026-06-28 20:00:00,70.601,71.165,70.5722,70.7875,0.0
2026-06-28 21:00:00,70.7567,70.9455,70.156,70.3353,0.0
2026-06-28 22:00:00,70.3705,71.36,69.66685,70.1654,0.0
2026-06-28 23:00:00,70.127,71.6307,70.0483,71.2975,0.0
2026-06-29 00:00:00,71.26615,71.54885,70.24915,71.54885,0.0
2026-06-29 01:00:00,71.50755,71.555,70.85035,71.3673,0.0
2026-06-29 02:00:00,71.3423,72.09,70.42545,72.09,0.0
2026-06-29 03:00:00,72.13365,73.165,72.07715,72.5635,0.0
2026-06-29 04:00:00,72.515,72.5555,71.51575,71.5653,0.0
2026-06-29 05:00:00,71.6065,72.21,70.91755,72.184,0.0
2026-06-29 06:00:00,72.211,72.9905,72.1085,72.25545,0.0
2026-06-29 07:00:00,72.2222,72.8243,71.961,72.6168,0.0
2026-06-29 08:00:00,72.5785,72.8957,72.286,72.6345,0.0
2026-06-29 09:00:00,72.608,73.0583,72.535,72.8335,0.0
2026-06-29 10:00:00,72.8645,73.58405,72.8645,73.12905,0.0
2026-06-29 11:00:00,73.15055,73.15055,72.164,72.446,0.0
2026-06-29 12:00:00,72.49355,74.4238,72.04455,73.3965,0.025862459
2026-06-29 13:00:00,73.428,74.23785,72.67545,73.62865,0.0
2026-06-29 14:00:00,73.6535,73.7755,72.206,73.5814,0.0
2026-06-29 15:00:00,73.5515,74.24635,72.665,73.77125,0.0
2026-06-29 16:00:00,73.7119,74.0164,72.795,73.92525,0.0
2026-06-29 17:00:00,73.875,76.311,73.875,75.1903,0.0
2026-06-29 18:00:00,75.16785,75.7055,75.02945,75.44545,0.0
2026-06-29 19:00:00,75.4941,76.089,75.322,75.847,0.0
2026-06-29 20:00:00,75.814,75.814,75.154,75.27535,0.070023402
2026-06-29 21:00:00,75.3098,75.65775,75.1578,75.41195,0.0
2026-06-29 22:00:00,75.36655,75.518,74.992,75.174,0.0
2026-06-29 23:00:00,75.1865,75.3185,74.83,75.05905,0.0
2026-06-30 00:00:00,75.0239,75.115,74.1095,74.2901,0.0
2026-06-30 01:00:00,74.3385,74.5467,73.9595,74.31105,0.0
2026-06-30 02:00:00,74.26455,74.686,73.9315,74.5047,0.0
2026-06-30 03:00:00,74.4605,74.764,74.05365,74.0885,0.0
2026-06-30 04:00:00,74.04495,74.13465,73.58545,73.91135,0.0
2026-06-30 05:00:00,73.95,74.1261,73.72275,74.1261,0.0
2026-06-30 06:00:00,74.091,74.1275,73.8028,74.06005,0.0
2026-06-30 07:00:00,74.0135,74.1215,73.77215,74.084,0.0
2026-06-30 08:00:00,74.03335,74.10885,73.189,73.515,0.0
2026-06-30 09:00:00,73.5384,73.75,73.46,73.6861,0.0
2026-06-30 10:00:00,73.736,73.775,73.37455,73.6045,0.0
2026-06-30 11:00:00,73.5726,73.6385,73.241,73.27665,0.0
2026-06-30 12:00:00,73.2466,73.2776,71.9838,71.9838,0.0
2026-06-30 13:00:00,72.03285,72.7965,71.8095,72.7425,0.0
2026-06-30 14:00:00,72.7305,73.779,72.635,72.82455,0.052935038
2026-06-30 15:00:00,72.88,73.9241,72.4731,72.9936,0.0
2026-06-30 16:00:00,73.01915,73.5925,72.6215,73.35955,0.0
2026-06-30 17:00:00,73.398,73.77605,73.0471,73.09425,0.0
2026-06-30 18:00:00,73.1287,73.652,72.8165,73.4856,0.0
2026-06-30 19:00:00,73.445,73.8347,73.258,73.5955,0.0
2026-06-30 20:00:00,73.56955,73.80975,73.43285,73.5754,0.0
2026-06-30 21:00:00,73.6285,73.6495,73.1159,73.35315,0.0
2026-06-30 22:00:00,73.415,73.6105,73.1548,73.3341,0.0
2026-06-30 23:00:00,73.3074,73.55735,73.2225,73.551,0.0
2026-07-01 00:00:00,73.5895,73.7585,73.2504,73.52945,0.0
2026-07-01 01:00:00,73.489,74.23,72.17265,73.831,0.0
2026-07-01 02:00:00,73.8746,74.9019,73.6916,74.6595,0.054472301
2026-07-01 03:00:00,74.7095,75.5645,74.2475,75.381,0.100283177
2026-07-01 04:00:00,75.39035,75.75715,75.14125,75.4324,0.0
2026-07-01 05:00:00,75.49,75.6565,75.05,75.1305,0.0
2026-07-01 06:00:00,75.15675,75.15675,73.86,74.1985,0.0
2026-07-01 07:00:00,74.246,74.845,74.0115,74.807,0.0
2026-07-01 08:00:00,74.7729,75.41215,74.355,75.3175,0.0
2026-07-01 09:00:00,75.26095,75.464,74.99285,75.3725,0.0
2026-07-01 10:00:00,75.335,75.44,74.9061,74.9061,0.0
2026-07-01 11:00:00,74.955,75.1935,74.5605,74.7665,0.0
2026-07-01 12:00:00,74.805,74.8885,74.2075,74.5036,0.0
2026-07-01 13:00:00,74.53785,76.04,74.53785,75.98495,0.0
2026-07-01 14:00:00,75.90225,77.14225,75.59945,76.923,0.0
2026-07-01 15:00:00,76.889,77.68935,76.7605,77.369,0.0
2026-07-01 16:00:00,77.32475,78.1285,76.84,77.11,0.0
2026-07-01 17:00:00,77.14805,77.8498,76.785,77.7194,0.0
2026-07-01 18:00:00,77.66055,77.8221,77.21385,77.324,0.0
2026-07-01 19:00:00,77.39,77.594,76.74135,76.9119,0.0
2026-07-01 20:00:00,76.935,77.41,76.5209,77.358,0.0
2026-07-01 21:00:00,77.405,78.5702,77.405,78.3572,0.0
2026-07-01 22:00:00,78.315,78.853,77.7238,77.81365,0.066454005
2026-07-01 23:00:00,77.761,77.761,77.205,77.3785,0.0
2026-07-02 00:00:00,77.3398,77.387,76.835,77.18135,0.0
2026-07-02 01:00:00,77.19955,78.63735,77.163,78.105,0.0
2026-07-02 02:00:00,78.06,78.49025,77.74485,78.3374,0.030855697
2026-07-02 03:00:00,78.3989,78.85825,77.876,78.6408,0.014925868
2026-07-02 04:00:00,78.6073,78.6073,77.999,78.235,0.0
2026-07-02 05:00:00,78.17835,78.23385,77.7241,78.0521,0.0
2026-07-02 06:00:00,78.0775,78.52975,77.6551,77.8295,0.0
2026-07-02 07:00:00,77.7836,78.075,77.4933,77.86485,0.0
2026-07-02 08:00:00,77.90425,78.3775,77.86655,78.3682,0.0
2026-07-02 09:00:00,78.345,79.65615,78.2109,79.377,0.0
2026-07-02 10:00:00,79.345,82.0705,79.345,81.935,0.0
2026-07-02 11:00:00,81.9905,82.64865,81.43035,82.32175,0.0
2026-07-02 12:00:00,82.26635,82.3254,81.0595,81.2989,0.0
2026-07-02 13:00:00,81.3424,81.8938,80.68295,81.41525,0.0
2026-07-02 14:00:00,81.38215,81.43,80.0819,80.4434,0.0
2026-07-02 15:00:00,80.48,80.825,80.01515,80.77435,0.0
2026-07-02 16:00:00,80.81105,81.0281,80.06715,80.4835,0.0
2026-07-02 17:00:00,80.5055,81.172,80.461,80.5836,0.0
2026-07-02 18:00:00,80.623,81.15755,80.623,80.97645,0.0
2026-07-02 19:00:00,80.9233,81.225,80.7425,80.7707,0.0
2026-07-02 20:00:00,80.7362,80.995,80.514,80.9471,0.0
2026-07-02 21:00:00,80.92045,81.09855,80.44585,80.69975,0.0
2026-07-02 22:00:00,80.64945,80.7985,80.3545,80.565,0.0
2026-07-02 23:00:00,80.53,80.67085,80.4285,80.625,0.0
2026-07-03 00:00:00,80.6628,80.8275,80.44055,80.6665,0.0
2026-07-03 01:00:00,80.612,81.5879,80.612,81.3784,0.0
2026-07-03 02:00:00,81.4093,81.5735,80.5933,80.72895,0.0
2026-07-03 03:00:00,80.68115,80.8746,80.2511,80.6791,0.0
2026-07-03 04:00:00,80.611,80.69015,80.3829,80.4625,0.0
2026-07-03 05:00:00,80.40155,81.156,80.40155,81.0545,0.0
2026-07-03 06:00:00,81.035,81.29775,80.6508,80.895,0.0
2026-07-03 07:00:00,80.919,81.41305,80.7785,81.115,0.0
2026-07-03 08:00:00,81.1745,81.41,80.7535,80.84355,0.0
2026-07-03 09:00:00,80.82645,81.1425,80.5964,80.96815,0.0
2026-07-03 10:00:00,80.99675,81.7601,80.7928,81.445,0.0
2026-07-03 11:00:00,81.46,81.61,81.179,81.46345,0.0
2026-07-03 12:00:00,81.5023,81.68095,81.154,81.4373,0.0
2026-07-03 13:00:00,81.4717,81.75,81.35855,81.525,0.0
2026-07-03 14:00:00,81.483,81.73,80.87775,81.595,0.0
2026-07-03 15:00:00,81.6317,81.9735,81.101,81.14395,0.014038601
2026-07-03 16:00:00,81.1835,81.4616,81.01055,81.458,0.0
2026-07-03 17:00:00,81.443,81.9012,81.42345,81.705,0.0
2026-07-03 18:00:00,81.742,82.2495,81.58605,82.024,0.0
2026-07-03 19:00:00,82.075,83.122,82.025,82.44385,0.0
2026-07-03 20:00:00,82.38735,82.9194,82.15395,82.648,0.0
2026-07-03 21:00:00,82.685,82.9595,82.0835,82.57275,0.0
2026-07-03 22:00:00,82.53,82.5771,82.22615,82.295,0.0
2026-07-03 23:00:00,82.243,82.3885,82.1245,82.27725,0.0
2026-07-04 00:00:00,82.222,82.635,82.198,82.3407,0.0
2026-07-04 01:00:00,82.2995,82.2995,81.7415,81.8955,0.038943539
2026-07-04 02:00:00,81.856,82.309,81.856,82.08855,0.021591988
2026-07-04 03:00:00,82.1445,82.74865,81.981,82.62515,0.070472895
2026-07-04 04:00:00,82.67305,83.875,82.625,83.41115,0.040605012
2026-07-04 05:00:00,83.363,83.39015,82.8658,83.3003,0.0
2026-07-04 06:00:00,83.3366,83.5175,82.3985,82.4965,0.0
2026-07-04 07:00:00,82.435,82.7431,82.2217,82.64065,0.103162405
2026-07-04 08:00:00,82.70835,82.70835,82.20575,82.2294,0.0
2026-07-04 09:00:00,82.194,82.194,81.5329,81.7095,0.0
2026-07-04 10:00:00,81.66115,81.828,81.375,81.6,0.0
2026-07-04 11:00:00,81.54315,81.836,81.51,81.7205,0.0
2026-07-04 12:00:00,81.785,81.91,81.297,81.523,0.0
2026-07-04 13:00:00,81.56015,81.8275,81.358,81.6035,0.0
2026-07-04 14:00:00,81.625,81.81155,81.48705,81.7451,0.0
2026-07-04 15:00:00,81.7105,82.34465,81.677,82.1819,0.0
2026-07-04 16:00:00,82.13085,82.3065,81.9105,82.1212,0.0
2026-07-04 17:00:00,82.084,82.72865,81.83955,82.4805,0.0
2026-07-04 18:00:00,82.45,82.535,82.06,82.18945,0.0
2026-07-04 19:00:00,82.2343,82.2644,81.63825,81.83705,0.0
2026-07-04 20:00:00,81.8,82.07,81.5125,81.9425,0.0
2026-07-04 21:00:00,81.887,82.1525,81.81565,81.91,0.0
2026-07-04 22:00:00,81.93825,81.93825,81.7325,81.8145,0.0
2026-07-04 23:00:00,81.7895,81.837,81.3989,81.725,0.0
2026-07-05 00:00:00,81.68305,81.68305,81.084,81.2199,0.0
2026-07-05 01:00:00,81.2757,81.38905,80.52645,80.7596,0.0
2026-07-05 02:00:00,80.8171,80.8171,80.155,80.325,0.0
2026-07-05 03:00:00,80.3505,80.5263,80.274,80.45575,0.0
2026-07-05 04:00:00,80.4971,80.77085,80.365,80.54595,0.0
2026-07-05 05:00:00,80.517,80.517,80.223,80.4191,0.0
2026-07-05 06:00:00,80.3765,80.5585,80.3005,80.538,0.0
2026-07-05 07:00:00,80.5155,80.6765,80.2975,80.6765,0.0
2026-07-05 08:00:00,80.63305,80.7585,80.3786,80.43415,0.0
2026-07-05 09:00:00,80.38865,80.4595,79.637,79.8407,0.0
2026-07-05 10:00:00,79.78385,80.3808,79.6961,80.3658,0.0
2026-07-05 11:00:00,80.40675,80.569,80.3185,80.49415,0.0
2026-07-05 12:00:00,80.45785,81.20205,80.31975,80.69485,0.0
2026-07-05 13:00:00,80.661,81.17305,80.611,81.1716,0.0
2026-07-05 14:00:00,81.203,81.5116,80.97485,81.3925,0.0
2026-07-05 15:00:00,81.355,81.6385,81.05,81.3149,0.0
2026-07-05 16:00:00,81.3462,81.45395,80.8469,81.045,0.0
2026-07-05 17:00:00,81.07785,81.2925,80.9403,81.0834,0.0
2026-07-05 18:00:00,81.1205,81.18795,80.93975,80.93975,0.0
2026-07-05 19:00:00,80.8945,81.05,80.75685,80.9739,0.0
2026-07-05 20:00:00,80.9328,81.088,80.91465,81.025,0.0
2026-07-05 21:00:00,80.9725,82.136,80.6966,81.721,0.0
2026-07-05 22:00:00,81.6866,82.35815,81.5944,81.7525,0.0
2026-07-05 23:00:00,81.802,81.9765,81.3809,81.50125,0.0
2026-07-06 00:00:00,81.4579,82.152,81.05,82.152,0.0
2026-07-06 01:00:00,82.1145,82.24705,81.4397,81.4397,0.0
2026-07-06 02:00:00,81.47105,81.5886,80.8035,80.95585,0.0
2026-07-06 03:00:00,80.91315,80.9362,80.4015,80.695,0.0
2026-07-06 04:00:00,80.6401,80.917,80.6401,80.7406,0.0
2026-07-06 05:00:00,80.715,80.7525,80.08685,80.382,0.0
2026-07-06 06:00:00,80.421,80.422,80.1972,80.2725,0.0
2026-07-06 07:00:00,80.2365,80.8989,80.1955,80.7695,0.0
2026-07-06 08:00:00,80.8012,80.9705,80.23745,80.4035,0.0
2026-07-06 09:00:00,80.3685,80.4025,79.985,79.985,0.0
2026-07-06 10:00:00,80.0162,80.62955,80.0162,80.59165,0.0
2026-07-06 11:00:00,80.619,80.9165,80.33865,80.33865,0.0
2026-07-06 12:00:00,80.3044,80.53765,79.2415,79.4164,0.0
2026-07-06 13:00:00,79.3505,80.819,79.1602,80.09605,0.0
2026-07-06 14:00:00,80.04515,80.699,79.7851,80.22645,0.0
2026-07-06 15:00:00,80.24035,81.4693,80.24035,81.41315,0.0
2026-07-06 16:00:00,81.47,82.33875,81.2651,82.02335,0.0
2026-07-06 17:00:00,82.0228,82.123,81.407,81.60075,0.0
2026-07-06 18:00:00,81.576,82.2295,81.263,81.9338,0.0
2026-07-06 19:00:00,81.91365,82.10015,81.775,82.02525,0.0
2026-07-06 20:00:00,81.97,82.15485,81.6465,82.0486,0.0
2026-07-06 21:00:00,82.07,83.64,82.03595,82.765,0.135451145
2026-07-06 22:00:00,82.813,82.813,82.224,82.25095,0.0
2026-07-06 23:00:00,82.3121,82.33145,81.875,81.8755,0.019685302
2026-07-07 00:00:00,81.9139,82.43165,81.80745,82.329,0.061202257
2026-07-07 01:00:00,82.27465,82.28,81.7645,81.846,0.089496323
2026-07-07 02:00:00,81.86045,81.9154,81.2465,81.302,0.0
2026-07-07 03:00:00,81.322,81.41625,80.91875,81.01455,0.043187907
2026-07-07 04:00:00,80.9735,80.9735,80.6,80.85125,0.078643193
2026-07-07 05:00:00,80.812,81.1312,80.435,81.02135,0.0
2026-07-07 06:00:00,81.07,81.55165,80.773,81.47365,0.028583971
2026-07-07 07:00:00,81.4406,81.6875,81.3015,81.44025,0.0
2026-07-07 08:00:00,81.392,81.5115,81.1356,81.185,0.0
2026-07-07 09:00:00,81.15945,81.41115,81.0824,81.2569,0.0
2026-07-07 10:00:00,81.29935,81.4855,80.88265,80.90405,0.0
2026-07-07 11:00:00,80.869,81.3143,80.69835,81.255,0.0
2026-07-07 12:00:00,81.28035,81.87115,81.2354,81.383,0.0
2026-07-07 13:00:00,81.349,81.5115,80.5985,80.7848,0.0
2026-07-07 14:00:00,80.7275,81.8325,80.45,81.749,0.0
2026-07-07 15:00:00,81.7135,82.27115,81.4375,82.05975,0.0
2026-07-07 16:00:00,82.091,82.4802,81.7935,82.162,0.0
2026-07-07 17:00:00,82.19205,82.71425,82.0465,82.6117,0.0
2026-07-07 18:00:00,82.579,82.579,81.215,81.215,0.0
2026-07-07 19:00:00,81.16975,81.4965,80.745,81.2955,0.0
2026-07-07 20:00:00,81.34575,81.428,80.99595,81.07105,0.044454235
2026-07-07 21:00:00,81.1248,81.331,80.51385,80.79395,0.025868369
2026-07-07 22:00:00,80.7438,81.0162,80.2855,80.805,0.0
2026-07-07 23:00:00,80.8345,81.05225,80.478,80.50285,0.0
2026-07-08 00:00:00,80.5465,80.72,80.316,80.316,0.0
2026-07-08 01:00:00,80.27185,80.345,78.7876,79.04695,0.0
2026-07-08 02:00:00,79.003,79.1182,78.185,78.975,0.0
2026-07-08 03:00:00,79.01,79.2717,78.57575,78.6417,0.0
2026-07-08 04:00:00,78.68635,78.85755,78.33465,78.5635,0.0
2026-07-08 05:00:00,78.59585,78.73265,78.28045,78.3695,0.0
2026-07-08 06:00:00,78.324,78.37885,77.8996,78.136,0.0
2026-07-08 07:00:00,78.1674,78.2375,77.745,78.2375,0.0
2026-07-08 08:00:00,78.21495,78.372,76.84185,77.19,0.0
2026-07-08 09:00:00,77.1393,77.3865,76.951,77.1355,0.0
2026-07-08 10:00:00,77.1855,77.385,76.90505,77.246,0.0
2026-07-08 11:00:00,77.27295,77.5825,77.007,77.4616,0.077739056
2026-07-08 12:00:00,77.425,77.55425,76.974,76.974,0.038757331
2026-07-08 13:00:00,77.00985,77.40185,76.5532,77.2191,0.0
2026-07-08 14:00:00,77.2695,77.35,76.64,77.005,0.0
2026-07-08 15:00:00,77.032,77.0335,76.1939,76.7059,0.141466677
2026-07-08 16:00:00,76.7325,77.28945,76.6995,77.22115,0.0
2026-07-08 17:00:00,77.193,77.585,76.9792,77.0686,0.0
2026-07-08 18:00:00,77.1035,77.25945,76.77085,77.10685,0.0
2026-07-08 19:00:00,77.1305,77.4445,76.8845,77.355,0.0
2026-07-08 20:00:00,77.32515,77.4755,77.0129,77.1481,0.0
2026-07-08 21:00:00,77.1,77.28,76.885,77.1955,0.0
2026-07-08 22:00:00,77.1455,77.5095,77.1255,77.5095,0.0
2026-07-08 23:00:00,77.4785,77.84635,77.41,77.765,0.032175294
2026-07-09 00:00:00,77.8215,77.8215,77.46985,77.67525,0.0
2026-07-09 01:00:00,77.616,78.7255,77.25535,77.2979,0.095909214
2026-07-09 02:00:00,77.32745,77.7757,76.945,76.99,0.0
2026-07-09 03:00:00,76.951,77.2959,76.68245,77.2959,0.0
2026-07-09 04:00:00,77.35295,77.9645,77.18,77.9095,0.0
2026-07-09 05:00:00,77.86685,78.30135,77.7105,78.3005,0.0
2026-07-09 06:00:00,78.3501,78.52695,78.05335,78.46,0.0
2026-07-09 07:00:00,78.4904,78.73555,78.072,78.13315,0.0
2026-07-09 08:00:00,78.0865,78.32005,77.934,78.05315,0.0
2026-07-09 09:00:00,78.025,78.11,77.7985,78.08,0.015712889
2026-07-09 10:00:00,78.046,78.1179,77.47975,77.613,0.0
2026-07-09 11:00:00,77.6508,77.6962,77.24705,77.56175,0.0
2026-07-09 12:00:00,77.51,78.1396,77.39525,77.57,0.0
2026-07-09 13:00:00,77.6041,78.398,77.32,78.1585,0.0
2026-07-09 14:00:00,78.1874,78.27255,77.5218,77.80105,0.0
2026-07-09 15:00:00,77.8473,78.09,77.477,77.5576,0.0
2026-07-09 16:00:00,77.6095,77.7372,77.2205,77.60305,0.0
2026-07-09 17:00:00,77.62815,78.08,77.576,77.96165,0.0
2026-07-09 18:00:00,78.0115,78.3801,77.95655,78.149,0.0
2026-07-09 19:00:00,78.12,78.2206,77.876,78.1111,0.0
2026-07-09 20:00:00,78.14045,78.2362,77.94195,78.085,0.0
2026-07-09 21:00:00,78.1155,78.22685,77.881,77.96885,0.0
2026-07-09 22:00:00,77.99835,78.2055,77.9645,78.0619,0.0
2026-07-09 23:00:00,78.02795,78.163,77.749,77.983,0.0
2026-07-10 00:00:00,77.9655,78.0505,77.75945,78.0498,0.0
2026-07-10 01:00:00,78.0892,79.885,77.73,78.9781,0.046391104
2026-07-10 02:00:00,79.03435,79.07535,78.77715,78.9885,0.0
2026-07-10 03:00:00,78.94955,79.035,78.67235,79.003,0.015517863
2026-07-10 04:00:00,79.03,79.044,78.785,78.93,0.0
2026-07-10 05:00:00,78.8805,79.27375,78.8465,79.1355,0.0
2026-07-10 06:00:00,79.1563,79.1563,78.848,78.8605,0.0
2026-07-10 07:00:00,78.829,79.0198,78.719,78.8185,0.0
2026-07-10 08:00:00,78.765,79.36745,78.765,79.1685,0.016145271
2026-07-10 09:00:00,79.1145,79.3295,78.9265,79.15465,0.142100164
2026-07-10 10:00:00,79.225,79.5731,79.121,79.3602,0.0
2026-07-10 11:00:00,79.32765,79.4355,79.15695,79.2935,0.0
2026-07-10 12:00:00,79.3344,79.4736,78.85945,78.85945,0.048633618
2026-07-10 13:00:00,78.8998,79.2644,78.7481,78.95835,0.0
2026-07-10 14:00:00,78.8944,78.91095,77.0555,77.845,0.063368528
2026-07-10 15:00:00,77.7985,78.2895,77.72875,78.0572,0.0
2026-07-10 16:00:00,78.09525,78.18575,77.58525,78.08,0.0
2026-07-10 17:00:00,78.02165,78.07445,77.5465,77.5465,0.0
2026-07-10 18:00:00,77.5075,77.817,77.2883,77.4634,0.0
2026-07-10 19:00:00,77.41905,77.9676,77.41905,77.82355,0.0
2026-07-10 20:00:00,77.80145,77.9133,77.68525,77.731,0.149102898
2026-07-10 21:00:00,77.685,78.0552,77.685,77.9195,0.0
2026-07-10 22:00:00,77.968,78.175,77.918,78.08375,0.0
2026-07-10 23:00:00,78.1335,78.1335,77.895,78.1016,0.0
2026-07-11 00:00:00,78.0585,78.0585,77.76065,77.805,0.0
2026-07-11 01:00:00,77.7535,78.00425,77.42835,77.48,0.0
2026-07-11 02:00:00,77.437,77.7555,77.437,77.71,0.128427271
2026-07-11 03:00:00,77.673,77.81385,77.5455,77.7644,0.0
2026-07-11 04:00:00,77.725,77.7605,77.6081,77.65,0.0
2026-07-11 05:00:00,77.60185,77.895,77.5615,77.8645,0.0
2026-07-11 06:00:00,77.824,78.0507,77.7265,77.9955,0.0
2026-07-11 07:00:00,77.95735,78.04525,77.8793,77.9175,0.0
2026-07-11 08:00:00,77.9635,78.105,77.9075,78.105,0.0
2026-07-11 09:00:00,78.13795,78.268,77.80205,77.80205,0.153947461
2026-07-11 10:00:00,77.79,78.016,77.71895,77.9845,0.09283854
2026-07-11 11:00:00,77.90845,78.04755,77.90845,78.029,0.019749945
2026-07-11 12:00:00,78.045,78.12675,77.872,78.0245,0.0
2026-07-11 13:00:00,77.98785,78.3485,77.98785,78.1205,0.0
2026-07-11 14:00:00,78.1693,78.6274,78.1693,78.453,0.0
2026-07-11 15:00:00,78.5165,78.745,77.9231,78.322,0.0
2026-07-11 16:00:00,78.293,78.31345,77.65895,77.8907,0.0
2026-07-11 17:00:00,77.8575,78.0995,77.7735,78.02625,0.020616616
2026-07-11 18:00:00,77.9895,78.24095,77.97205,78.00685,0.0688062
2026-07-11 19:00:00,78.04935,78.05485,77.8275,78.05485,0.0
2026-07-11 20:00:00,78.0855,78.192,78.0855,78.11265,0.0
2026-07-11 21:00:00,78.1705,78.26355,78.0915,78.175,0.0
2026-07-11 22:00:00,78.12835,78.22205,77.70645,77.8253,0.0
2026-07-11 23:00:00,77.79465,77.8675,76.7445,76.7445,0.0
2026-07-12 00:00:00,76.71,76.81945,75.62155,76.04005,0.116496387
2026-07-12 01:00:00,75.9975,76.8201,75.9975,76.7634,0.0
2026-07-12 02:00:00,76.73795,76.85525,76.62125,76.82715,0.0
2026-07-12 03:00:00,76.85575,77.038,76.70775,76.96555,0.0
2026-07-12 04:00:00,77.0281,77.0281,76.57495,76.6468,0.0
2026-07-12 05:00:00,76.62,76.75155,76.37,76.40285,0.0
2026-07-12 06:00:00,76.36075,76.36075,75.8255,76.311,0.0
2026-07-12 07:00:00,76.2991,76.6315,76.2991,76.457,0.0
2026-07-12 08:00:00,76.425,76.76,76.425,76.67,0.330077574
2026-07-12 09:00:00,76.6845,76.83,76.35565,76.7197,0.247906992
2026-07-12 10:00:00,76.6638,76.77715,76.62525,76.6615,0.0
2026-07-12 11:00:00,76.7065,77.193,76.505,76.9295,0.129088998
2026-07-12 12:00:00,76.8656,77.1761,76.7645,77.1321,0.0
2026-07-12 13:00:00,77.075,77.4421,77.075,77.1095,0.0
2026-07-12 14:00:00,77.055,77.6275,76.9216,77.491,0.0
2026-07-12 15:00:00,77.4325,77.5673,77.2756,77.4289,0.0
2026-07-12 16:00:00,77.459,77.62865,77.3703,77.4979,0.0
2026-07-12 17:00:00,77.47,77.5455,77.20335,77.351,0.129060987
2026-07-12 18:00:00,77.372,77.5938,77.1925,77.5375,0.0
2026-07-12 19:00:00,77.5705,77.7055,77.429,77.64,0.0
2026-07-12 20:00:00,77.5945,77.5945,77.4313,77.448,0.0
2026-07-12 21:00:00,77.48,77.669,76.9595,77.08,0.0
2026-07-12 22:00:00,77.037,77.037,76.4294,76.7505,0.194546377
2026-07-12 23:00:00,76.7072,76.90685,76.62255,76.86,0.0
2026-07-13 00:00:00,76.91065,78.1458,76.7845,77.49865,0.0
2026-07-13 01:00:00,77.4536,77.6077,76.26,76.267,0.065459002
2026-07-13 02:00:00,76.22565,76.62435,76.107,76.43985,0.0
2026-07-13 03:00:00,76.4044,76.429,75.4112,75.81545,0.0
2026-07-13 04:00:00,75.7888,76.0749,75.685,75.884,0.0
2026-07-13 05:00:00,75.845,76.4001,75.7476,76.3272,0.0
2026-07-13 06:00:00,76.35555,76.51945,76.23045,76.27,0.0
2026-07-13 07:00:00,76.305,76.62315,76.1857,76.39,0.0
2026-07-13 08:00:00,76.43615,76.82785,76.3098,76.659,0.0
2026-07-13 09:00:00,76.61975,76.6335,76.5409,76.5414,0.0
2026-07-13 10:00:00,76.50705,76.50705,76.06415,76.202,0.13692717
2026-07-13 11:00:00,76.239,76.47765,76.2221,76.2825,0.464898387
2026-07-13 12:00:00,76.2385,76.32355,75.706,75.78615,0.61745971
2026-07-13 13:00:00,75.76125,75.86905,75.05,75.3177,0.105540113
2026-07-13 14:00:00,75.3455,76.085,75.28015,76.085,0.019940881
2026-07-13 15:00:00,76.105,76.245,75.6975,75.765,0.0
2026-07-13 16:00:00,75.7235,75.9544,75.12375,75.2087,0.0
2026-07-13 17:00:00,75.2424,75.368,74.46665,74.5135,0.0
2026-07-13 18:00:00,74.5349,74.9635,74.5251,74.7898,0.066208592
2026-07-13 19:00:00,74.74625,75.12805,74.68125,75.12805,0.0
2026-07-13 20:00:00,75.08055,75.2405,74.5472,74.703,0.0
2026-07-13 21:00:00,74.66,74.66,74.0374,74.33505,0.0
2026-07-13 22:00:00,74.3865,74.65045,74.3716,74.4115,0.0
2026-07-13 23:00:00,74.385,74.90045,74.3497,74.90045,0.0
2026-07-14 00:00:00,74.9317,75.37675,74.73,75.337,0.0
2026-07-14 01:00:00,75.3038,75.45575,75.144,75.22445,0.0
2026-07-14 02:00:00,75.1816,75.2295,74.78,74.98835,0.0
2026-07-14 03:00:00,74.9595,75.0476,74.4961,75.0476,0.0
2026-07-14 04:00:00,75.07765,75.25,74.97215,75.0788,0.0
2026-07-14 05:00:00,75.03855,75.40115,75.03855,75.3,0.0
2026-07-14 06:00:00,75.27025,75.27025,75.0373,75.08,0.0
2026-07-14 07:00:00,75.016,75.1505,74.83,74.8685,0.0
2026-07-14 08:00:00,74.9176,75.255,74.755,75.07215,0.0
2026-07-14 09:00:00,75.1221,75.1795,74.79145,74.9924,0.0
2026-07-14 10:00:00,75.03,75.5072,74.902,75.38585,0.0
2026-07-14 11:00:00,75.3413,75.5005,75.253,75.283,0.0
2026-07-14 12:00:00,75.34235,76.865,75.1059,76.7435,0.0
2026-07-14 13:00:00,76.7985,77.622,76.465,76.86415,0.049263776
2026-07-14 14:00:00,76.83835,77.3743,76.609,77.2885,0.0
2026-07-14 15:00:00,77.325,77.75405,77.1374,77.3135,0.0
2026-07-14 16:00:00,77.3506,77.59305,77.0535,77.2757,0.0
2026-07-14 17:00:00,77.24,77.24,76.8074,77.14,0.0
2026-07-14 18:00:00,77.178,77.2975,76.9649,77.23085,0.0
2026-07-14 19:00:00,77.28015,77.4735,77.0602,77.116,0.0
2026-07-14 20:00:00,77.1645,77.1645,76.90575,77.11615,0.0
2026-07-14 21:00:00,77.1881,77.3429,77.11055,77.13,0.0
2026-07-14 22:00:00,77.177,77.8812,77.0965,77.5767,0.0
2026-07-14 23:00:00,77.6085,77.8716,77.53095,77.805,0.0
2026-07-15 00:00:00,77.8515,77.8515,77.445,77.618,0.0
2026-07-15 01:00:00,77.5656,77.7829,77.2691,77.3792,0.0
2026-07-15 02:00:00,77.33905,77.494,76.97355,77.235,0.0
2026-07-15 03:00:00,77.26735,77.8201,77.18505,77.7249,0.0
2026-07-15 04:00:00,77.7615,78.1114,77.5075,77.935,0.0
2026-07-15 05:00:00,78.00615,78.24135,77.6161,78.191,0.0
2026-07-15 06:00:00,78.229,78.6505,77.92235,77.92235,0.0
2026-07-15 07:00:00,77.8705,77.95795,77.378,77.378,0.0
2026-07-15 08:00:00,77.425,77.5714,77.20295,77.5147,0.0
2026-07-15 09:00:00,77.56965,77.8351,77.405,77.405,0.0
2026-07-15 10:00:00,77.43755,77.6537,77.217,77.323,0.0
2026-07-15 11:00:00,77.28,77.4499,77.28,77.4499,0.0
2026-07-15 12:00:00,77.405,78.22,77.20995,78.22,0.0
2026-07-15 13:00:00,78.261,78.9685,77.6575,78.0406,0.0
2026-07-15 14:00:00,78.069,78.3086,77.71525,78.1325,0.0
2026-07-15 15:00:00,78.08425,78.1755,77.7,77.9763,0.0
2026-07-15 16:00:00,78.015,78.015,77.03245,77.595,0.0
2026-07-15 17:00:00,77.5565,77.97,77.4382,77.76,0.0
2026-07-15 18:00:00,77.7938,78.005,77.478,77.518,0.0
2026-07-15 19:00:00,77.561,77.6472,76.91675,77.121,0.0
2026-07-15 20:00:00,77.0623,77.4825,77.0623,77.36125,0.0
2026-07-15 21:00:00,77.38625,77.4629,77.186,77.3492,0.0
2026-07-15 22:00:00,77.31455,77.68025,77.26645,77.45355,0.0
2026-07-15 23:00:00,77.50495,77.537,77.18015,77.2729,0.0
2026-07-16 00:00:00,77.22365,77.42535,76.655,76.8834,0.044535429
2026-07-16 01:00:00,76.93365,77.0875,76.67,77.015,0.039042778
2026-07-16 02:00:00,76.9762,77.06,76.81735,77.057,0.0
2026-07-16 03:00:00,77.03325,77.169,76.77945,76.8979,0.0
2026-07-16 04:00:00,76.9506,76.9506,76.5968,76.7575,0.0
2026-07-16 05:00:00,76.80185,77.427,76.66375,77.427,0.017101425
2026-07-16 06:00:00,77.46255,77.5295,77.0615,77.29395,0.0
2026-07-16 07:00:00,77.24605,77.2578,76.14445,76.365,0.0
2026-07-16 08:00:00,76.32905,76.41185,75.5785,76.0718,0.0
2026-07-16 09:00:00,76.115,76.1785,75.9515,75.9515,0.0
2026-07-16 10:00:00,75.9965,76.25575,75.9625,76.13235,0.0
2026-07-16 11:00:00,76.08,76.2095,75.99265,76.2095,0.0
2026-07-16 12:00:00,76.1415,76.19305,75.65295,75.883,0.0
2026-07-16 13:00:00,75.8479,76.56,75.8479,76.307,0.0
2026-07-16 14:00:00,76.27,76.7207,76.13005,76.4365,0.0
2026-07-16 15:00:00,76.3965,76.827,75.9595,76.5695,0.0
2026-07-16 16:00:00,76.51905,76.52,76.055,76.2435,0.0
2026-07-16 17:00:00,76.1973,76.1973,75.34805,75.529,0.0
2026-07-16 18:00:00,75.506,75.837,75.35265,75.67715,0.0
2026-07-16 19:00:00,75.6481,75.8715,75.579,75.74505,0.0
2026-07-16 20:00:00,75.7821,75.822,75.67,75.75215,0.0
2026-07-16 21:00:00,75.77965,75.957,75.77965,75.855,0.0
2026-07-16 22:00:00,75.8897,75.982,75.1909,75.272,0.0
2026-07-16 23:00:00,75.2285,75.34575,74.95355,75.25645,0.0
2026-07-17 00:00:00,75.2745,75.485,74.8905,75.48,0.0
2026-07-17 01:00:00,75.41915,75.6755,74.93195,75.022,0.0
2026-07-17 02:00:00,75.058,75.176,74.68,74.91285,0.0
2026-07-17 03:00:00,74.94885,75.383,74.9475,75.135,0.0
2026-07-17 04:00:00,75.0967,75.23645,74.68605,75.175,0.0
2026-07-17 05:00:00,75.1215,75.123,74.24,74.3149,0.0
2026-07-17 06:00:00,74.36325,74.6568,74.2261,74.533,0.0
2026-07-17 07:00:00,74.49935,74.6955,74.35025,74.5244,0.0
2026-07-17 08:00:00,74.585,74.615,74.1457,74.4425,0.0
2026-07-17 09:00:00,74.4929,74.72615,74.4083,74.573,0.0
2026-07-17 10:00:00,74.61,74.785,74.60155,74.732,0.0
2026-07-17 11:00:00,74.692,74.9082,74.5755,74.798,0.0
2026-07-17 12:00:00,74.75615,74.79305,74.32705,74.33105,0.0
2026-07-17 13:00:00,74.2869,74.29465,73.3215,74.2521,0.0
2026-07-17 14:00:00,74.27015,74.72545,74.0275,74.2785,0.0
2026-07-17 15:00:00,74.2208,74.714,73.79445,74.711,0.0
2026-07-17 16:00:00,74.66885,75.0465,74.58845,74.8925,0.0
2026-07-17 17:00:00,74.93655,75.53475,74.92095,75.169,0.0
2026-07-17 18:00:00,75.22015,75.331,74.9389,75.29055,0.0
2026-07-17 19:00:00,75.2457,75.2866,74.8399,75.14755,0.0
2026-07-17 20:00:00,75.10535,75.10535,74.844,75.059,0.0
2026-07-17 21:00:00,75.11865,75.145,74.91,74.95045,0.0
2026-07-17 22:00:00,75.0043,75.07,74.799,74.95315,0.0
2026-07-17 23:00:00,74.922,75.0492,74.7995,74.971,0.0
2026-07-18 00:00:00,74.94165,75.205,74.94165,75.027,0.0
2026-07-18 01:00:00,75.0583,75.17065,75.017,75.17065,0.0
2026-07-18 02:00:00,75.2172,75.37,75.095,75.1755,0.0
2026-07-18 03:00:00,75.21055,75.33105,75.1415,75.33105,0.0
2026-07-18 04:00:00,75.2895,75.2895,75.0149,75.06375,0.0
2026-07-18 05:00:00,74.9995,75.0136,74.8145,74.865,0.0
2026-07-18 06:00:00,74.89375,75.00885,74.89375,74.9325,0.0
2026-07-18 07:00:00,74.9794,74.9794,74.84355,74.89555,0.0
2026-07-18 08:00:00,74.8355,74.9805,74.743,74.895,0.0
2026-07-18 09:00:00,74.9285,74.9285,74.62505,74.77445,0.0
2026-07-18 10:00:00,74.8033,74.905,74.7855,74.81685,0.0
2026-07-18 11:00:00,74.8685,74.9457,74.859,74.9457,0.0
2026-07-18 12:00:00,74.974,75.118,74.6895,74.96775,0.0
2026-07-18 13:00:00,74.90735,74.90735,74.4609,74.64465,0.0
2026-07-18 14:00:00,74.6907,74.9212,74.60875,74.909,0.0
2026-07-18 15:00:00,74.899,74.9783,74.787,74.92925,0.0
2026-07-18 16:00:00,74.90175,75.2272,74.82,75.0803,0.0
2026-07-18 17:00:00,75.127,75.34,74.9995,75.2975,0.0
2026-07-18 18:00:00,75.321,75.5475,75.1635,75.2215,0.0
2026-07-18 19:00:00,75.2618,75.395,75.187,75.395,0.0
2026-07-18 20:00:00,75.35435,75.5256,75.31465,75.41425,0.0
2026-07-18 21:00:00,75.3754,75.55895,75.31165,75.42805,0.0
2026-07-18 22:00:00,75.4752,75.552,75.345,75.50875,0.0
2026-07-18 23:00:00,75.4859,75.5375,75.3555,75.48405,0.017098492
2026-07-19 00:00:00,75.4471,75.598,75.3941,75.5881,0.0
2026-07-19 01:00:00,75.535,75.645,75.48475,75.60825,0.0
2026-07-19 02:00:00,75.6455,76.49365,75.6455,76.1689,0.0
2026-07-19 03:00:00,76.2161,76.34035,75.75045,75.87435,0.0
2026-07-19 04:00:00,75.844,76.02255,75.725,75.9445,0.0
2026-07-19 05:00:00,75.9867,76.0211,75.8607,75.9555,0.0
2026-07-19 06:00:00,75.9145,76.0725,75.9145,76.045,0.0
2026-07-19 07:00:00,76.10095,76.28765,75.9652,76.0981,0.0
2026-07-19 08:00:00,76.056,76.32685,76.056,76.2224,0.0
2026-07-19 09:00:00,76.179,76.179,75.9,75.93925,0.0
2026-07-19 10:00:00,75.915,76.447,75.8674,76.20275,0.0
2026-07-19 11:00:00,76.177,76.3335,76.02,76.02,0.0
2026-07-19 12:00:00,75.9973,76.1075,75.70705,75.98625,0.0
2026-07-19 13:00:00,75.95655,76.0626,75.835,76.06055,0.0
2026-07-19 14:00:00,76.0915,76.617,76.004,76.3493,0.0
2026-07-19 15:00:00,76.39525,76.39525,76.05585,76.149,0.0
2026-07-19 16:00:00,76.115,76.22745,75.8331,75.87855,0.0
2026-07-19 17:00:00,75.8105,76.1485,75.5347,75.90185,0.0
2026-07-19 18:00:00,75.8595,75.8595,75.3438,75.6896,0.0
2026-07-19 19:00:00,75.731,75.8332,75.5895,75.8332,0.0
2026-07-19 20:00:00,75.8647,76.0505,75.84725,76.0505,0.0
2026-07-19 21:00:00,76.1217,76.1572,75.655,75.69435,0.0
2026-07-19 22:00:00,75.6565,76.335,75.58415,76.03,0.0
2026-07-19 23:00:00,76.05405,76.4756,75.86875,76.339,0.0
2026-07-20 00:00:00,76.30605,77.0494,76.1145,76.5203,0.0
2026-07-20 01:00:00,76.56525,77.3505,76.23365,76.34825,0.0
2026-07-20 02:00:00,76.37815,77.1026,76.37815,76.9118,0.0
2026-07-20 03:00:00,76.965,77.0158,76.5115,76.666,0.0
2026-07-20 04:00:00,76.7075,76.88085,76.25,76.4383,0.0
2026-07-20 05:00:00,76.39755,76.4225,75.75225,75.83,0.016328275
2026-07-20 06:00:00,75.85925,75.985,75.47945,75.54,0.0
2026-07-20 07:00:00,75.5915,76.155,75.5154,76.155,0.0
2026-07-20 08:00:00,76.1894,76.333,75.855,76.08,0.0
2026-07-20 09:00:00,76.1298,76.66095,76.0507,76.4313,0.0
2026-07-20 10:00:00,76.406,76.5895,76.2826,76.2826,0.0
2026-07-20 11:00:00,76.3105,77.15455,76.266,77.0582,0.0
2026-07-20 12:00:00,77.03525,77.03525,76.61665,76.6574,0.019428793
2026-07-20 13:00:00,76.7249,77.0495,76.103,76.21065,0.210704182
2026-07-20 14:00:00,76.162,76.3805,75.73675,76.10005,0.039311093
2026-07-20 15:00:00,76.12255,77.8715,76.03765,77.6835,0.078266837
2026-07-20 16:00:00,77.73835,77.8135,77.43285,77.6102,0.03862495
2026-07-20 17:00:00,77.64615,77.8133,77.3025,77.65515,0.0
2026-07-20 18:00:00,77.6819,78.291,77.5535,77.60945,0.0
2026-07-20 19:00:00,77.5589,77.64705,77.26075,77.594,0.0
2026-07-20 20:00:00,77.6315,77.98335,77.49885,77.828,0.0
2026-07-20 21:00:00,77.7915,77.9597,77.68,77.71325,0.0
2026-07-20 22:00:00,77.6965,77.76,77.395,77.40145,0.0
2026-07-20 23:00:00,77.445,77.825,77.445,77.825,0.0
2026-07-21 00:00:00,77.77065,78.22755,77.7255,78.0739,0.0
2026-07-21 01:00:00,78.027,78.1859,77.8225,77.8225,0.036104185
2026-07-21 02:00:00,77.76575,78.1615,77.645,77.972,0.019329647
2026-07-21 03:00:00,78.0,78.492,78.0,78.1291,0.0
2026-07-21 04:00:00,78.17125,78.322,77.97025,78.1033,0.0
2026-07-21 05:00:00,78.06005,78.6009,78.06005,78.39925,0.0
2026-07-21 06:00:00,78.4264,78.7985,78.25985,78.5881,0.0
2026-07-21 07:00:00,78.6331,78.684,78.425,78.513,0.0
2026-07-21 08:00:00,78.4715,78.678,78.26765,78.26765,0.0
2026-07-21 09:00:00,78.24555,78.4295,78.10865,78.3463,0.0
2026-07-21 10:00:00,78.3955,78.4345,78.0509,78.14165,0.019198427
2026-07-21 11:00:00,78.16805,78.3655,78.054,78.292,0.0
2026-07-21 12:00:00,78.33345,78.4695,78.225,78.4492,0.0
2026-07-21 13:00:00,78.4165,78.5655,78.187,78.5047,0.012519784
2026-07-21 14:00:00,78.46655,78.55335,77.89085,77.97095,0.0
2026-07-21 15:00:00,77.9425,78.0903,77.77505,78.0903,0.0
2026-07-21 16:00:00,78.03415,78.219,77.936,78.17505,0.0
2026-07-21 17:00:00,78.13795,78.13795,77.474,77.67455,0.0
2026-07-21 18:00:00,77.6597,77.9371,77.56,77.8125,0.0
2026-07-21 19:00:00,77.7665,77.94195,77.6865,77.81425,0.0
2026-07-21 20:00:00,77.8603,78.0633,77.777,77.88265,0.0
2026-07-21 21:00:00,77.8595,78.1075,77.7518,78.031,0.0
2026-07-21 22:00:00,77.976,78.0306,77.8195,77.945,0.0
2026-07-21 23:00:00,77.9027,78.15735,77.765,78.095,0.0
2026-07-22 00:00:00,78.0733,78.49025,78.0733,78.4083,0.0
2026-07-22 01:00:00,78.4514,78.4514,78.11675,78.276,0.0
2026-07-22 02:00:00,78.247,78.44295,78.0415,78.07925,0.0
2026-07-22 03:00:00,78.04865,78.165,77.8019,77.8019,0.0
2026-07-22 04:00:00,77.84425,78.16795,77.8079,78.038,0.0
2026-07-22 05:00:00,78.005,78.005,77.3465,77.3465,0.0
2026-07-22 06:00:00,77.40455,77.4248,76.9845,77.2465,0.0
2026-07-22 07:00:00,77.2895,77.2895,76.9626,77.0648,0.0
2026-07-22 08:00:00,77.025,77.4709,77.025,77.3875,0.0
2026-07-22 09:00:00,77.34445,77.5175,77.2287,77.5175,0.0
2026-07-22 10:00:00,77.54,77.677,77.4185,77.59,0.0
2026-07-22 11:00:00,77.63815,77.763,77.455,77.5365,0.0
2026-07-22 12:00:00,77.49845,77.51025,76.983,77.1837,0.0
2026-07-22 13:00:00,77.13715,77.9025,77.09545,77.83875,0.0
2026-07-22 14:00:00,77.7954,78.354,77.3662,77.842,0.0
2026-07-22 15:00:00,77.866,78.8135,77.866,78.3887,0.05138416
2026-07-22 16:00:00,78.44975,78.772,78.058,78.5485,0.0
2026-07-22 17:00:00,78.49965,78.6155,78.1349,78.17645,0.0
2026-07-22 18:00:00,78.2189,78.2645,77.4635,77.7005,0.0
2026-07-22 19:00:00,77.7294,77.7294,77.315,77.661,0.0
2026-07-22 20:00:00,77.60955,77.88875,77.5706,77.77125,0.0
2026-07-22 21:00:00,77.8195,78.05935,77.6672,77.9525,0.0
2026-07-22 22:00:00,78.011,78.086,77.696,77.98365,0.0
2026-07-22 23:00:00,77.94415,77.9729,77.4825,77.93715,0.0
2026-07-23 00:00:00,77.971,78.49005,77.971,78.19625,0.0
2026-07-23 01:00:00,78.25425,78.36,77.8305,77.8663,0.0
2026-07-23 02:00:00,77.8412,77.8412,77.4155,77.737,0.0
2026-07-23 03:00:00,77.7005,77.71215,77.434,77.57455,0.0
2026-07-23 04:00:00,77.5349,77.78275,77.4043,77.47715,0.0
2026-07-23 05:00:00,77.432,77.693,77.3615,77.5285,0.0
2026-07-23 06:00:00,77.49395,77.5285,77.34945,77.5285,0.0
2026-07-23 07:00:00,77.4959,77.4959,77.00305,77.133,0.0
2026-07-23 08:00:00,77.0909,77.436,77.0909,77.436,0.0
2026-07-23 09:00:00,77.3958,77.602,77.362,77.4625,0.0
2026-07-23 10:00:00,77.4066,77.76575,77.4066,77.69605,0.0
2026-07-23 11:00:00,77.7345,77.80905,77.5635,77.60135,0.0
2026-07-23 12:00:00,77.56675,77.675,76.4545,76.8605,0.0
2026-07-23 13:00:00,76.905,76.97605,76.541,76.6695,0.0
2026-07-23 14:00:00,76.7139,76.819,76.31085,76.353,0.0
2026-07-23 15:00:00,76.38485,76.38485,75.81785,76.31455,0.0
2026-07-23 16:00:00,76.2825,76.2925,75.78,75.93505,0.0
2026-07-23 17:00:00,75.90635,76.09095,75.4425,75.55,0.0
2026-07-23 18:00:00,75.603,75.758,75.51305,75.71155,0.0
2026-07-23 19:00:00,75.7375,75.747,75.3451,75.6945,0.0
2026-07-23 20:00:00,75.66,76.088,75.66,76.08,0.015128561
2026-07-23 21:00:00,76.11,76.2075,75.88535,75.9975,0.0
2026-07-23 22:00:00,75.94,76.17435,75.815,76.135,0.0
2026-07-23 23:00:00,76.1855,76.1855,75.82155,75.82155,0.0
2026-07-24 00:00:00,75.77415,75.8334,75.493,75.76705,0.0
2026-07-24 01:00:00,75.735,76.0195,75.61345,75.61345,0.0
2026-07-24 02:00:00,75.6622,75.8488,75.2561,75.44405,0.0
2026-07-24 03:00:00,75.48455,75.87435,75.42805,75.745,0.0
2026-07-24 04:00:00,75.7275,75.77205,75.55935,75.6063,0.0
2026-07-24 05:00:00,75.5663,75.8015,75.513,75.73815,0.0
2026-07-24 06:00:00,75.70545,75.9505,75.70545,75.775,0.0
2026-07-24 07:00:00,75.8081,76.3855,75.72535,76.01445,0.0
2026-07-24 08:00:00,75.973,76.00595,75.662,75.72,0.0
2026-07-24 09:00:00,75.756,75.756,75.32085,75.53,0.0
2026-07-24 10:00:00,75.5513,75.5513,75.325,75.4118,0.0
2026-07-24 11:00:00,75.3708,75.45,74.94045,75.1345,0.0
2026-07-24 12:00:00,75.075,75.225,74.7831,74.8,0.0
2026-07-24 13:00:00,74.81715,74.86,73.956,74.1344,0.0
2026-07-24 14:00:00,74.1835,74.1895,73.53835,73.974,0.0
2026-07-24 15:00:00,73.91585,74.2,73.6185,73.94655,0.0
2026-07-24 16:00:00,73.9009,74.11885,73.659,73.8755,0.0
2026-07-24 17:00:00,73.8174,74.0566,73.78435,74.0095,0.0
2026-07-24 18:00:00,73.9719,74.00635,73.849,73.925,0.0
2026-07-24 19:00:00,73.88515,73.96,73.7374,73.8645,0.0
2026-07-24 20:00:00,73.9108,73.94025,73.67185,73.6935,0.0
2026-07-24 21:00:00,73.72355,73.72355,73.3975,73.5697,0.0
2026-07-24 22:00:00,73.613,73.921,73.613,73.8725,0.0
2026-07-24 23:00:00,73.895,73.93255,73.794,73.873,0.0
2026-07-25 00:00:00,73.9205,74.07,73.87,74.0238,0.0
2026-07-25 01:00:00,74.07935,74.172,73.956,74.0355,0.0
2026-07-25 02:00:00,74.0825,74.1405,74.0067,74.05,0.0
2026-07-25 03:00:00,74.025,74.24645,74.025,74.046,0.0
2026-07-25 04:00:00,74.10245,74.288,74.10245,74.261,0.0
2026-07-25 05:00:00,74.307,74.307,73.8406,73.87475,0.0
2026-07-25 06:00:00,73.9177,73.949,73.7325,73.9461,0.0
2026-07-25 07:00:00,73.9148,73.9148,73.7393,73.7393,0.0
2026-07-25 08:00:00,73.687,73.79685,73.50695,73.7325,0.0
2026-07-25 09:00:00,73.7704,73.964,73.72755,73.9145,0.0
2026-07-25 10:00:00,73.95695,73.9575,73.83625,73.9195,0.0
2026-07-25 11:00:00,73.96085,73.96085,73.8005,73.84865,0.0
2026-07-25 12:00:00,73.7925,73.913,73.7925,73.87205,0.0
2026-07-25 13:00:00,73.913,74.1086,73.8815,73.912,0.0
2026-07-25 14:00:00,73.865,73.99095,73.7115,73.99095,0.0
2026-07-25 15:00:00,73.95645,74.258,73.95645,74.1435,0.0
2026-07-25 16:00:00,74.09455,74.32,74.0665,74.2481,0.0
2026-07-25 17:00:00,74.30295,74.60385,74.258,74.4104,0.0
2026-07-25 18:00:00,74.449,74.62355,74.4363,74.60125,0.0
2026-07-25 19:00:00,74.639,74.639,74.475,74.515,0.0
2026-07-25 20:00:00,74.4945,74.4945,74.34725,74.34725,0.0
2026-07-25 21:00:00,74.3255,74.50795,74.25065,74.40395,0.0
2026-07-25 22:00:00,74.3591,74.4394,74.2516,74.4394,0.0
2026-07-25 23:00:00,74.3985,74.491,74.37,74.4388,0.0
2026-07-26 00:00:00,74.48455,74.8579,74.48455,74.7071,0.0
2026-07-26 01:00:00,74.7401,74.8205,74.6221,74.734,0.0
2026-07-26 02:00:00,74.78255,74.8834,74.6635,74.8289,0.0
2026-07-26 03:00:00,74.893,74.9645,74.7647,74.9645,0.0
2026-07-26 04:00:00,75.0,75.16,74.8725,74.99225,0.0
2026-07-26 05:00:00,74.95865,75.0945,74.9115,74.9665,0.0
2026-07-26 06:00:00,74.9962,75.04,74.6895,75.04,0.0
2026-07-26 07:00:00,75.0835,75.0835,74.8205,74.8205,0.0
2026-07-26 08:00:00,74.85,74.9625,74.814,74.9338,0.0
2026-07-26 09:00:00,74.98855,75.19,74.9675,75.0037,0.0
2026-07-26 10:00:00,74.9665,75.154,74.9665,75.0395,0.0
2026-07-26 11:00:00,75.0985,75.0985,74.8381,74.865,0.0
2026-07-26 12:00:00,74.8909,75.06515,74.7675,74.835,0.0
2026-07-26 13:00:00,74.8,74.90755,74.7164,74.89355,0.0
2026-07-26 14:00:00,74.915,75.16,74.8475,74.95395,0.0
2026-07-26 15:00:00,75.0038,75.431,74.9415,75.431,0.015257867
2026-07-26 16:00:00,75.3907,75.9026,75.27085,75.47945,0.038261262
2026-07-26 17:00:00,75.437,75.5238,75.26,75.32,0.0
2026-07-26 18:00:00,75.271,75.35375,75.2336,75.3482,0.0
2026-07-26 19:00:00,75.3065,75.365,75.19,75.295,0.0
2026-07-26 20:00:00,75.32875,75.32875,75.27135,75.2905,0.0
2026-07-26 21:00:00,75.3205,75.69,75.28,75.616,0.0
2026-07-26 22:00:00,75.6414,76.7375,75.6414,76.60565,0.0
2026-07-26 23:00:00,76.65255,77.04,76.4765,76.675,0.0
2026-07-27 00:00:00,76.70605,76.70605,76.138,76.2565,0.0
2026-07-27 01:00:00,76.279,76.43765,75.951,76.43765,0.0
2026-07-27 02:00:00,76.476,76.59265,76.32495,76.3895,0.0
2026-07-27 03:00:00,76.4385,76.47125,76.265,76.3486,0.0
2026-07-27 04:00:00,76.32235,76.55,76.2335,76.24,0.0
2026-07-27 05:00:00,76.198,76.54885,76.198,76.5244,0.0
2026-07-27 06:00:00,76.4747,76.8925,76.46385,76.67795,0.0
2026-07-27 07:00:00,76.6345,76.6795,76.3675,76.4355,0.0
2026-07-27 08:00:00,76.395,76.395,76.168,76.2444,0.0
2026-07-27 09:00:00,76.19875,76.47,76.0755,76.4255,0.0
2026-07-27 10:00:00,76.38195,76.6004,76.362,76.562,0.0
2026-07-27 11:00:00,76.518,76.6,76.42,76.478,0.0
2026-07-27 12:00:00,76.4342,76.9975,76.183,76.80485,0.0
2026-07-27 13:00:00,76.771,77.434,76.41745,76.8295,0.0
2026-07-27 14:00:00,76.855,76.9095,74.969,75.3769,0.0
2026-07-27 15:00:00,75.3585,75.54565,75.0415,75.19605,0.0
2026-07-27 16:00:00,75.237,75.87345,75.0866,75.8666,0.0
2026-07-27 17:00:00,75.85,76.16,75.755,75.81845,0.0
2026-07-27 18:00:00,75.8654,75.9059,75.21865,75.5112,0.0
2026-07-27 19:00:00,75.54395,75.943,75.42725,75.9109,0.0
2026-07-27 20:00:00,75.942,76.0415,75.7505,75.91,0.0
2026-07-27 21:00:00,75.865,75.9115,75.4542,75.5742,0.0
2026-07-27 22:00:00,75.515,75.515,73.985,73.99615,0.0
2026-07-27 23:00:00,73.96955,74.33405,73.6983,74.1705,0.0
2026-07-28 00:00:00,74.13,74.2105,73.63865,73.6505,0.0
2026-07-28 01:00:00,73.67415,73.67415,72.81555,73.1519,0.0
2026-07-28 02:00:00,73.1164,73.39655,73.0,73.29845,0.0
2026-07-28 03:00:00,73.275,73.302,73.105,73.188,0.0
2026-07-28 04:00:00,73.149,73.1928,72.96,73.11535,0.0
2026-07-28 05:00:00,73.1543,73.457,73.1543,73.18195,0.0
2026-07-28 06:00:00,73.15455,73.4045,73.05785,73.3718,0.0
2026-07-28 07:00:00,73.40525,73.40525,73.0615,73.2132,0.0
2026-07-28 08:00:00,73.174,73.325,73.1,73.251,0.0
2026-07-28 09:00:00,73.29815,73.4068,73.136,73.1781,0.0
2026-07-28 10:00:00,73.231,73.23305,73.0695,73.0695,0.0
2026-07-28 11:00:00,73.1135,73.2535,72.805,73.1235,0.0
2026-07-28 12:00:00,73.1047,73.36375,73.07,73.3066,0.0
2026-07-28 13:00:00,73.3539,73.3539,72.3076,72.6125,0.05469346
2026-07-28 14:00:00,72.6345,73.4046,72.45,73.3321,0.0
2026-07-28 15:00:00,73.366,74.483,73.219,74.238,0.020351206
2026-07-28 16:00:00,74.20065,74.471,74.0049,74.3618,0.096562375
2026-07-28 17:00:00,74.32395,74.36485,73.4655,73.7315,0.11587485
2026-07-28 18:00:00,73.7577,73.95235,73.71355,73.814,0.0
2026-07-28 19:00:00,73.83425,74.2615,73.75325,74.226,0.0
2026-07-28 20:00:00,74.2605,74.2605,73.92855,73.93,0.0
2026-07-28 21:00:00,73.9596,74.267,73.9402,74.05465,0.0
2026-07-28 22:00:00,74.094,74.1209,73.36655,73.3695,0.0
2026-07-28 23:00:00,73.3438,73.74525,73.092,73.7295,0.0
2026-07-29 00:00:00,73.77,74.06,73.6665,73.66945,0.0
2026-07-29 01:00:00,73.6345,73.6965,73.123,73.1718,0.0
2026-07-29 02:00:00,73.13,73.8641,73.0065,73.576,0.0
2026-07-29 03:00:00,73.5322,73.638,72.9277,72.9556,0.072270885
2026-07-29 04:00:00,72.99035,73.37875,72.65505,73.335,0.0
2026-07-29 05:00:00,73.32055,73.69695,73.2406,73.57,0.086161421
2026-07-29 06:00:00,73.535,73.9892,73.4641,73.95745,0.043782244
2026-07-29 07:00:00,74.0081,74.166,73.91425,74.166,0.0
2026-07-29 08:00:00,74.194,74.194,73.6305,73.83,0.0
2026-07-29 09:00:00,73.8725,74.20445,73.83,74.0682,0.0
2026-07-29 10:00:00,74.01495,74.0305,73.735,73.7871,0.025262098
2026-07-29 11:00:00,73.8228,74.017,73.7526,73.8518,0.0
2026-07-29 12:00:00,73.82,73.82,73.3666,73.41135,0.569
2026-07-29 13:00:00,73.38025,73.6575,73.28045,73.61665,0.0
2026-07-29 14:00:00,73.63335,73.813,73.0294,73.2005,0.0
2026-07-29 15:00:00,73.173,73.3525,72.875,73.0417,0.0
2026-07-29 16:00:00,73.00315,73.265,72.81635,73.1347,0.0
2026-07-29 17:00:00,73.1752,73.835,73.07345,73.835,0.0
2026-07-29 18:00:00,73.8895,74.433,73.34365,74.1563,0.0
2026-07-29 19:00:00,74.1755,74.282,72.656,72.656,0.067593189
2026-07-29 20:00:00,72.7,73.1208,72.3825,72.56,0.0
2026-07-29 21:00:00,72.515,73.09,72.2392,73.074,0.0
2026-07-29 22:00:00,73.1,73.71315,73.1,73.54485,0.0
2026-07-29 23:00:00,73.51195,73.616,73.3511,73.588,0.0
2026-07-30 00:00:00,73.6,73.757,73.07125,73.18,0.0
2026-07-30 01:00:00,73.23125,74.0953,73.17295,73.9424,0.0
2026-07-30 02:00:00,73.9845,74.035,73.73075,73.73075,0.0
2026-07-30 03:00:00,73.75375,73.87615,73.57875,73.607,0.0
2026-07-30 04:00:00,73.5648,73.6105,73.422,73.42855,0.0
2026-07-30 05:00:00,73.4021,73.744,73.3158,73.5923,0.0
2026-07-30 06:00:00,73.6125,73.66455,73.4005,73.435,0.0
2026-07-30 07:00:00,73.466,73.7125,73.284,73.317,0.0
2026-07-30 08:00:00,73.28865,73.70415,73.213,73.70415,0.122941694
2026-07-30 09:00:00,73.75825,74.09645,73.75825,73.92725,0.0
2026-07-30 10:00:00,73.9941,74.0875,73.7705,73.786,0.0
2026-07-30 11:00:00,73.84,74.224,73.8005,74.1573,0.020275613
2026-07-30 12:00:00,74.18385,74.363,73.99,74.303,0.060729788
2026-07-30 13:00:00,74.2634,74.81725,74.0268,74.585,0.02017398
2026-07-30 14:00:00,74.625,74.69125,74.2258,74.56,0.0
2026-07-30 15:00:00,74.528,74.7775,74.40115,74.5508,0.020272078
2026-07-30 16:00:00,74.60335,74.7525,74.3815,74.5225,0.020272078
2026-07-30 17:00:00,74.491,74.80345,74.38,74.695,0.0
2026-07-30 18:00:00,74.7255,74.882,74.44,74.44,0.0
2026-07-30 19:00:00,74.4795,74.7163,74.4785,74.7163,0.013348585
2026-07-30 20:00:00,74.6881,74.805,74.3975,74.3975,0.067033114
2026-07-30 21:00:00,74.448,74.5211,74.3605,74.445,0.0
2026-07-30 22:00:00,74.40035,74.82,74.33865,74.6497,0.0
2026-07-30 23:00:00,74.631,74.8983,74.417,74.46825,0.0
2026-07-31 00:00:00,74.49735,74.5802,74.37,74.422,0.0
2026-07-31 01:00:00,74.45585,75.22415,74.2345,74.3079,0.0
2026-07-31 02:00:00,74.3435,74.47585,74.0085,74.09,0.0
2026-07-31 03:00:00,74.0342,74.256,73.81,74.0825,0.026169585
2026-07-31 04:00:00,74.05,74.07,73.6773,73.733,0.0
2026-07-31 05:00:00,73.7665,74.2243,73.7665,74.16345,0.0
2026-07-31 06:00:00,74.127,74.42035,73.96485,74.0225,0.0
2026-07-31 07:00:00,73.9983,74.00235,73.4555,73.59455,0.0
2026-07-31 08:00:00,73.561,73.7095,73.4745,73.548,0.0
2026-07-31 09:00:00,73.59385,73.61375,73.341,73.4135,0.027874584
2026-07-31 10:00:00,73.375,73.56765,73.27,73.48045,0.027874604
2026-07-31 11:00:00,73.531,73.6348,73.39055,73.4966,0.027881392
2026-07-31 12:00:00,73.4565,73.5425,73.33,73.526,0.027894635
2026-07-31 13:00:00,73.585,73.719,73.09,73.16245,0.0
2026-07-31 14:00:00,73.207,73.588,72.729,72.947,0.0
2026-07-31 15:00:00,72.89965,73.10205,72.7905,72.999,0.0
2026-07-31 16:00:00,73.034,73.255,72.909,73.207,0.0
2026-07-31 17:00:00,73.18225,73.3379,73.11,73.2917,0.0
2026-07-31 18:00:00,73.33165,73.3713,72.8454,73.04085,0.163485157
2026-07-31 19:00:00,73.084,73.18475,72.8575,73.02665,0.020546537
2026-07-31 20:00:00,73.05025,73.12425,72.87135,72.8775,0.0
2026-07-31 21:00:00,72.8411,72.99485,72.5115,72.65055,0.0
2026-07-31 22:00:00,72.63755,72.875,72.6262,72.78085,0.020542936
2026-07-31 23:00:00,72.825,72.87,72.7624,72.8055,0.0
2026-08-01 00:00:00,72.83535,73.05635,72.8232,72.95055,0.0
2026-08-01 01:00:00,72.9785,73.0585,72.9393,72.95,0.0
2026-08-01 02:00:00,72.9925,73.0575,72.9388,73.0145,0.0
2026-08-01 03:00:00,72.97295,73.02,72.81975,72.9405,0.0
2026-08-01 04:00:00,72.9825,73.1412,72.9825,73.091,0.0
2026-08-01 05:00:00,73.03675,73.03675,72.83095,72.85455,0.0
2026-08-01 06:00:00,72.8235,72.93255,72.8235,72.93255,0.0
2026-08-01 07:00:00,72.95285,73.0115,72.87,72.89685,0.0
2026-08-01 08:00:00,72.9335,72.9823,72.89945,72.9823,0.0
2026-08-01 09:00:00,72.9479,72.9479,72.761,72.761,0.020542936
2026-08-01 10:00:00,72.799,72.8048,72.602,72.7646,0.0
2026-08-01 11:00:00,72.7285,72.8254,72.7285,72.8254,0.020542936
2026-08-01 12:00:00,72.865,72.865,72.8381,72.8381,0.0
2026-08-01 13:00:00,72.872,72.91,72.833,72.89205,0.0
2026-08-01 14:00:00,72.9495,72.96,72.84255,72.955,0.354046876
2026-08-01 15:00:00,72.9285,72.9285,72.6845,72.73,0.073543515
2026-08-01 16:00:00,72.68545,72.8455,72.425,72.60595,0.0
2026-08-01 17:00:00,72.6473,72.6825,71.56355,71.86505,0.0
2026-08-01 18:00:00,71.81095,71.881,70.5395,71.0125,0.051108092
2026-08-01 19:00:00,71.0405,71.2765,71.0135,71.222,0.090914176
2026-08-01 20:00:00,71.1795,71.4857,71.15545,71.4857,0.012519784
2026-08-01 21:00:00,71.5142,71.7835,71.5142,71.7835,0.0
2026-08-01 22:00:00,71.8105,71.934,71.8105,71.845,0.0
2026-08-01 23:00:00,71.8855,71.982,71.77595,71.8831,0.0
2026-08-02 00:00:00,71.9029,72.069,71.87655,72.0285,0.020834354
2026-08-02 01:00:00,72.083,72.65785,72.083,72.56915,0.048830338
2026-08-02 02:00:00,72.59545,73.2875,72.52335,73.0346,0.041101306
2026-08-02 03:00:00,73.07985,73.14,73.0172,73.094,0.0
2026-08-02 04:00:00,73.1319,73.43575,73.1319,73.43575,0.0
2026-08-02 05:00:00,73.485,73.5843,73.4024,73.5435,0.0
2026-08-02 06:00:00,73.5025,73.56,73.3873,73.3873,0.0
2026-08-02 07:00:00,73.3632,73.4262,73.3632,73.39615,0.0
2026-08-02 08:00:00,73.4205,73.4415,73.1162,73.1162,0.0
2026-08-02 09:00:00,73.087,73.3645,72.9385,73.3235,0.0
2026-08-02 10:00:00,73.2685,73.26975,73.0866,73.1985,0.136714598
2026-08-02 11:00:00,73.246,73.2488,72.895,72.91465,0.136649731
2026-08-02 12:00:00,72.96665,73.1739,72.843,72.843,0.136979796
2026-08-02 13:00:00,72.8236,72.94305,72.631,72.895,0.205877584
2026-08-02 14:00:00,72.8555,73.17,72.8555,72.99385,0.0
2026-08-02 15:00:00,73.0475,73.14,72.99,72.99,0.082240163
2026-08-02 16:00:00,72.9813,73.24045,72.8413,73.07265,0.053033436
2026-08-02 17:00:00,73.0415,73.31,73.0415,73.2286,0.020087455
2026-08-02 18:00:00,73.2679,73.7631,73.17935,73.4975,0.102639748
2026-08-02 19:00:00,73.535,73.684,73.47,73.64535,0.0
2026-08-02 20:00:00,73.5963,73.655,73.47465,73.597,0.0
2026-08-02 21:00:00,73.6465,74.225,73.6055,73.8988,0.021228285
2026-08-02 22:00:00,73.9425,74.13815,73.577,73.577,0.0
2026-08-02 23:00:00,73.5175,73.5284,73.37455,73.52805,0.0
2026-08-03 00:00:00,73.5799,73.5799,73.09335,73.15085,0.0
2026-08-03 01:00:00,73.1175,73.16195,72.86855,72.9465,0.0
2026-08-03 02:00:00,72.90845,73.05775,72.833,72.931,0.0
2026-08-03 03:00:00,72.96615,73.01175,72.636,72.81865,0.68772412
2026-08-03 04:00:00,72.7955,72.9857,72.7548,72.757,0.0
2026-08-03 05:00:00,72.8139,72.94655,72.754,72.832,0.0
2026-08-03 06:00:00,72.8545,72.8545,72.4165,72.54675,0.0
2026-08-03 07:00:00,72.4955,72.6051,72.3377,72.4221,0.0
2026-08-03 08:00:00,72.44945,72.44945,71.9129,72.298,0.0
2026-08-03 09:00:00,72.262,72.7018,72.262,72.6523,0.0
2026-08-03 10:00:00,72.69265,72.69265,72.442,72.53,0.068901557
2026-08-03 11:00:00,72.4925,72.5311,72.2932,72.3534,0.0
2026-08-03 12:00:00,72.39995,72.45075,72.276,72.3466,0.0
2026-08-03 13:00:00,72.31655,73.1783,72.25,73.1783,0.0
2026-08-03 14:00:00,73.2128,73.6921,72.93775,73.6921,0.078631931
2026-08-03 15:00:00,73.71735,73.71735,73.407,73.5366,0.0
2026-08-03 16:00:00,73.55655,73.70825,73.1555,73.29875,0.0
2026-08-03 17:00:00,73.2895,73.772,73.22,73.6009,0.0
2026-08-03 18:00:00,73.6498,74.2195,73.6498,73.9288,0.057152272
2026-08-03 19:00:00,73.96125,74.14,73.89295,73.95625,0.0
2026-08-03 20:00:00,73.9262,74.09295,73.72275,73.7935,0.0
2026-08-03 21:00:00,73.7615,73.7615,73.6109,73.65485,0.0
2026-08-03 22:00:00,73.6001,73.6388,73.3035,73.497,0.0
2026-08-03 23:00:00,73.46275,73.4734,73.34395,73.4734,0.0
2026-08-04 00:00:00,73.4275,73.5435,73.003,73.0205,0.0
2026-08-04 01:00:00,73.04385,73.7093,73.0043,73.7093,0.0
2026-08-04 02:00:00,73.748,74.033,73.6035,73.814,0.0
2026-08-04 03:00:00,73.77,73.77,73.42165,73.641,0.0
2026-08-04 04:00:00,73.61,74.014,73.53,73.7655,0.0
2026-08-04 05:00:00,73.8175,73.8175,73.62805,73.66665,0.0
2026-08-04 06:00:00,73.63,73.815,73.3549,73.3549,0.0
2026-08-04 07:00:00,73.3279,73.6408,73.13,73.6408,0.0
2026-08-04 08:00:00,73.68,73.68,73.21495,73.3025,0.0
2026-08-04 09:00:00,73.254,73.254,73.1,73.21235,0.0
2026-08-04 10:00:00,73.17795,73.61695,73.03185,73.55,0.0
2026-08-04 11:00:00,73.59165,73.8789,73.46905,73.87845,0.0
2026-08-04 12:00:00,73.85235,73.97145,73.679,73.7784,0.0
2026-08-04 13:00:00,73.74,73.975,73.5075,73.5506,0.0
2026-08-04 14:00:00,73.513,73.83765,73.27365,73.762,0.0
2026-08-04 15:00:00,73.7155,74.12145,73.3522,73.923,0.0
2026-08-04 16:00:00,73.88855,73.93235,73.54595,73.6145,0.0
2026-08-04 17:00:00,73.6515,74.1555,73.6515,73.71,0.0
2026-08-04 18:00:00,73.7445,74.315,73.7445,74.0703,0.0
2026-08-04 19:00:00,74.1142,74.33,74.06,74.115,0.0
2026-08-04 20:00:00,74.16,74.3927,73.84,74.2276,0.0
2026-08-04 21:00:00,74.1809,74.1809,73.972,74.044,0.0
2026-08-04 22:00:00,74.099,74.149,73.9285,74.05945,0.0
2026-08-04 23:00:00,74.0095,74.215,73.70035,73.707,0.0
2026-08-05 00:00:00,73.67465,73.7155,73.43,73.4405,0.0
2026-08-05 01:00:00,73.40035,74.0345,73.3272,74.0345,0.0
2026-08-05 02:00:00,74.0742,74.399,74.018,74.1609,0.0
2026-08-05 03:00:00,74.194,74.22,73.689,73.7046,0.0
2026-08-05 04:00:00,73.75095,73.79,73.575,73.755,0.0
2026-08-05 05:00:00,73.7115,74.206,73.7115,74.094,0.0
2026-08-05 06:00:00,74.04245,74.16975,73.9314,73.9314,0.0
2026-08-05 07:00:00,73.9657,73.9657,73.62855,73.89185,0.0
2026-08-05 08:00:00,73.94,74.08,73.8846,74.015,0.0
2026-08-05 09:00:00,73.97755,74.13075,73.9736,73.9736,0.0
2026-08-05 10:00:00,73.93845,74.05695,73.745,73.78,0.0
2026-08-05 11:00:00,73.81635,73.937,73.6729,73.6729,0.0
2026-08-05 12:00:00,73.7055,74.3095,73.7055,74.0152,0.0
2026-08-05 13:00:00,73.95575,74.0025,73.23,73.9015,0.0
2026-08-05 14:00:00,73.84125,74.06,73.5639,73.9,0.0
2026-08-05 15:00:00,73.85,74.24085,73.8035,73.8945,0.0
2026-08-05 16:00:00,73.94,74.3589,73.90615,74.20045,0.0
2026-08-05 17:00:00,74.245,74.5751,74.051,74.4835,0.0
2026-08-05 18:00:00,74.5235,74.741,74.39,74.4345,0.0
2026-08-05 19:00:00,74.405,74.5675,74.3676,74.42465,0.0
2026-08-05 20:00:00,74.3886,74.50525,74.2602,74.3565,0.017199677
2026-08-05 21:00:00,74.33,74.33,74.034,74.0775,0.036761433
2026-08-05 22:00:00,74.11105,74.11105,73.9,73.9745,0.10433018
2026-08-05 23:00:00,73.939,74.03,73.77,73.97585,0.154236963
2026-08-06 00:00:00,74.005,74.1806,73.97,74.0045,0.132146934
2026-08-06 01:00:00,73.959,74.0209,73.654,73.69695,0.399593183
2026-08-06 02:00:00,73.65355,73.7046,73.3275,73.456,0.084218726
2026-08-06 03:00:00,73.4496,73.4945,73.3645,73.4225,0.039087309
2026-08-06 04:00:00,73.39,73.788,73.34,73.7739,0.037123336
2026-08-06 05:00:00,73.79665,74.2479,73.79665,74.142,0.0
2026-08-06 06:00:00,74.1045,74.1719,73.9,74.0045,0.060536796
2026-08-06 07:00:00,74.0,74.0514,73.8175,73.8175,0.054622761
2026-08-06 08:00:00,73.81,73.9885,73.616,73.8976,0.239994449
2026-08-06 09:00:00,73.8741,73.89,73.123,73.237,0.263249274
2026-08-06 10:00:00,73.231,73.3308,73.097,73.2398,0.086412069
2026-08-06 11:00:00,73.2038,73.4775,73.12215,73.3796,0.136250713
2026-08-06 12:00:00,73.335,73.335,73.0405,73.085,0.088721209
2026-08-06 13:00:00,73.04655,73.25575,72.8095,73.171,0.02251201
2026-08-06 14:00:00,73.1385,73.47905,73.0405,73.4196,0.0
2026-08-06 15:00:00,73.3974,73.5545,73.2387,73.28865,0.0
2026-08-06 16:00:00,73.24065,73.41,73.0545,73.334,0.0
2026-08-06 17:00:00,73.3835,73.4655,73.0066,73.1155,0.0
2026-08-06 18:00:00,73.09,73.1191,72.6683,72.7299,0.0
2026-08-06 19:00:00,72.7998,72.8565,72.5128,72.7365,0.081183572
2026-08-06 20:00:00,72.77925,72.921,72.777,72.795,0.020600674
2026-08-06 21:00:00,72.8425,72.9154,72.749,72.79385,0.02060581
2026-08-06 22:00:00,72.7676,72.79995,72.605,72.605,0.0
2026-08-06 23:00:00,72.62,72.65,72.3005,72.60945,0.074517906
2026-08-07 00:00:00,72.6525,72.72595,72.5315,72.5675,0.0
2026-08-07 01:00:00,72.6115,72.7908,72.5393,72.6375,0.0
2026-08-07 02:00:00,72.68995,72.8382,72.44905,72.65945,0.0
2026-08-07 03:00:00,72.60875,72.687,72.4925,72.52445,0.0
2026-08-07 04:00:00,72.4906,72.7391,72.46625,72.6191,0.0
2026-08-07 05:00:00,72.65565,72.88,72.39275,72.8241,0.022170201
2026-08-07 06:00:00,72.761,72.996,72.761,72.804,0.0
2026-08-07 07:00:00,72.757,72.957,72.68,72.874,0.0
2026-08-07 08:00:00,72.9017,73.26015,72.9017,73.14,0.0
2026-08-07 09:00:00,73.1753,73.6555,73.1753,73.553,0.0
2026-08-07 10:00:00,73.60135,73.68,73.45225,73.4872,0.0
2026-08-07 11:00:00,73.52755,73.7205,73.49725,73.57215,0.0
2026-08-07 12:00:00,73.5993,74.213,73.59,73.86345,0.023221075
2026-08-07 13:00:00,73.8146,74.2867,73.7563,74.0538,0.0
2026-08-07 14:00:00,74.09915,74.1705,73.5295,73.6755,0.0
2026-08-07 15:00:00,73.725,73.90665,73.6763,73.8315,0.0
2026-08-07 16:00:00,73.86735,74.064,73.553,73.553,0.0
2026-08-07 17:00:00,73.4955,73.5,73.16135,73.357,0.0
2026-08-07 18:00:00,73.3872,73.5167,73.2245,73.3605,0.0
2026-08-07 19:00:00,73.3808,73.96435,73.38,73.96435,0.0
2026-08-07 20:00:00,74.014,74.0495,73.7765,73.7765,0.0
2026-08-07 21:00:00,73.80415,73.835,73.595,73.6315,0.176382173
2026-08-07 22:00:00,73.60075,73.661,73.5615,73.6112,0.0
2026-08-07 23:00:00,73.6345,73.69745,73.5952,73.6474,0.020353485
2026-08-08 00:00:00,73.596,73.67875,73.55845,73.67875,0.0
2026-08-08 01:00:00,73.70715,73.9205,73.6693,73.8579,0.04072837
2026-08-08 02:00:00,73.89945,73.9023,73.8155,73.8155,0.020309269
2026-08-08 03:00:00,73.8626,74.9377,73.8626,74.8117,0.020200115
2026-08-08 04:00:00,74.86,75.0809,74.5213,74.59,0.020099963
2026-08-08 05:00:00,74.57805,74.67895,74.478,74.6065,0.085679806
2026-08-08 06:00:00,74.586,74.76265,74.552,74.6751,0.020110365
2026-08-08 07:00:00,74.72,74.77625,74.63555,74.77625,0.0
2026-08-08 08:00:00,74.7935,74.86,74.69,74.74,0.0924299
2026-08-08 09:00:00,74.7675,74.985,74.742,74.83915,0.086968155
2026-08-08 10:00:00,74.8715,75.115,74.85885,75.046,0.0
2026-08-08 11:00:00,75.07,75.645,75.04315,75.5155,0.02406436
2026-08-08 12:00:00,75.54255,75.604,75.33295,75.365,0.0
2026-08-08 13:00:00,75.405,75.4855,75.394,75.4705,0.051292238
2026-08-08 14:00:00,75.51855,76.55,75.51855,76.43165,0.109057403
2026-08-08 15:00:00,76.4732,76.7244,76.203,76.31955,0.031675392
2026-08-08 16:00:00,76.3565,76.4385,76.121,76.32385,0.031729382
2026-08-08 17:00:00,76.2745,76.3971,76.2559,76.3502,0.0
2026-08-08 18:00:00,76.305,76.305,76.04,76.062,0.0
2026-08-08 19:00:00,76.02785,76.17985,75.925,76.0915,0.077874264
2026-08-08 20:00:00,76.1335,76.22665,76.08995,76.157,0.0
2026-08-08 21:00:00,76.2295,76.29945,76.14005,76.14005,0.104642984
2026-08-08 22:00:00,76.1565,76.2117,75.8385,75.8385,0.0
2026-08-08 23:00:00,75.80025,76.008,75.7595,75.9593,0.0
2026-08-09 00:00:00,75.91945,75.97125,75.80945,75.9316,0.0
2026-08-09 01:00:00,75.975,76.01265,75.7055,75.8606,0.0
2026-08-09 02:00:00,75.802,75.9343,75.764,75.7929,0.065951271
2026-08-09 03:00:00,75.758,75.96775,75.7109,75.9657,0.07
2026-08-09 04:00:00,75.9845,76.04215,75.8976,75.8976,0.079643944
2026-08-09 05:00:00,75.94,75.9655,75.83245,75.9562,0.0
2026-08-09 06:00:00,75.93125,76.4068,75.9222,76.366,0.085613957
2026-08-09 07:00:00,76.312,76.39165,76.1605,76.286,0.019707099
2026-08-09 08:00:00,76.3124,76.4715,76.1185,76.2525,0.0
2026-08-09 09:00:00,76.2955,76.4246,76.21395,76.3925,0.0
2026-08-09 10:00:00,76.4296,76.5674,76.318,76.318,0.070970276
2026-08-09 11:00:00,76.291,76.485,76.291,76.485,0.0
2026-08-09 12:00:00,76.47,76.5324,76.32895,76.339,0.203101441
2026-08-09 13:00:00,76.3575,76.79045,76.3575,76.505,0.0
2026-08-09 14:00:00,76.5589,76.9711,76.5589,76.94025,0.019996333
2026-08-09 15:00:00,76.98,77.375,76.8238,77.35535,0.152897341
2026-08-09 16:00:00,77.383,77.49845,77.059,77.2651,0.03189978
2026-08-09 17:00:00,77.2137,77.25885,77.11195,77.11195,0.11138756
2026-08-09 18:00:00,77.15195,77.1757,77.0707,77.131,0.057031264
2026-08-09 19:00:00,77.16835,77.30285,77.09415,77.191,0.0
2026-08-09 20:00:00,77.1525,77.204,77.0219,77.1815,0.0
2026-08-09 21:00:00,77.152,77.42015,77.1245,77.3024,0.0
2026-08-09 22:00:00,77.36045,77.7289,76.6375,76.7596,0.0
2026-08-09 23:00:00,76.72665,76.8383,76.18615,76.18615,0.0
2026-08-10 00:00:00,76.2286,76.95235,76.2227,76.4607,0.019299132
2026-08-10 01:00:00,76.4885,77.08995,76.38065,76.8505,0.0
2026-08-10 02:00:00,76.81305,76.833,76.3874,76.7615,0.0
2026-08-10 03:00:00,76.70965,76.87345,76.365,76.56155,0.0
2026-08-10 04:00:00,76.6055,76.665,76.4036,76.48,0.0
2026-08-10 05:00:00,76.54405,76.8945,76.5298,76.81095,0.0
2026-08-10 06:00:00,76.841,76.99215,76.7714,76.909,0.0
2026-08-10 07:00:00,76.8786,77.053,76.76,76.926,0.0
2026-08-10 08:00:00,76.951,77.0717,76.67355,76.91,0.0
2026-08-10 09:00:00,76.868,76.9493,76.5135,76.5135,0.0
2026-08-10 10:00:00,76.553,76.78375,76.48475,76.78,0.065285273
2026-08-10 11:00:00,76.7285,77.0005,76.6304,77.0005,0.0
2026-08-10 12:00:00,77.0363,77.0363,76.579,76.579,0.0
2026-08-10 13:00:00,76.55545,76.71775,76.0731,76.2934,0.0
2026-08-10 14:00:00,76.24095,76.625,76.1856,76.2155,0.0
2026-08-10 15:00:00,76.1835,76.3375,75.7813,75.9046,0.112936058
2026-08-10 16:00:00,75.85005,76.017,75.535,75.6135,0.0
2026-08-10 17:00:00,75.6725,76.03,75.545,75.9243,0.0
2026-08-10 18:00:00,75.958,75.97,75.635,75.7532,0.0
2026-08-10 19:00:00,75.799,76.19275,75.7578,76.109,0.0
2026-08-10 20:00:00,76.1525,76.3836,76.12155,76.3492,0.0
2026-08-10 21:00:00,76.3291,76.39235,76.24665,76.255,0.067999511
2026-08-10 22:00:00,76.2746,76.3014,75.97735,76.122,0.081233881
2026-08-10 23:00:00,76.104,76.104,75.937,75.937,0.0
2026-08-11 00:00:00,75.9014,75.96855,75.7265,75.8053,0.0
2026-08-11 01:00:00,75.78605,76.0057,75.67,76.0045,0.0
2026-08-11 02:00:00,76.0518,76.05715,75.92785,75.965,0.0
2026-08-11 03:00:00,76.003,76.168,76.0014,76.0014,0.0
2026-08-11 04:00:00,76.06905,76.14,76.0095,76.0095,0.0
2026-08-11 05:00:00,75.975,75.985,75.7226,75.7532,0.0
2026-08-11 06:00:00,75.70795,75.935,75.62825,75.74715,0.0
2026-08-11 07:00:00,75.7775,75.7775,75.371,75.6134,0.0
2026-08-11 08:00:00,75.645,75.875,75.5578,75.83595,0.0
2026-08-11 09:00:00,75.82015,75.845,75.655,75.796,0.0
2026-08-11 10:00:00,75.83835,75.966,75.72075,75.89975,0.0
2026-08-11 11:00:00,75.93,76.2672,75.93,76.1615,0.0
2026-08-11 12:00:00,76.10995,76.1598,75.7474,75.818,0.0
2026-08-11 13:00:00,75.7785,76.01,75.70395,75.9726,0.0
2026-08-11 14:00:00,75.9245,76.0876,75.0305,75.14205,0.03688037
2026-08-11 15:00:00,75.0945,75.3232,74.565,74.88565,0.026688183
2026-08-11 16:00:00,74.827,74.975,74.7424,74.89085,0.0
2026-08-11 17:00:00,74.93135,75.137,74.8865,75.0865,0.0
2026-08-11 18:00:00,75.132,75.28,75.04,75.1796,0.0
2026-08-11 19:00:00,75.12925,75.6182,74.993,75.6135,0.0
2026-08-11 20:00:00,75.6465,76.16095,75.6465,75.99525,0.0
2026-08-11 21:00:00,76.0379,76.3475,75.9485,76.3475,0.0
2026-08-11 22:00:00,76.3955,76.5725,76.2037,76.325,0.079794436
2026-08-11 23:00:00,76.2984,76.2984,76.1565,76.2157,0.019771403
2026-08-12 00:00:00,76.17035,76.2945,76.166,76.2945,0.0
2026-08-12 01:00:00,76.3335,76.51,76.2535,76.3505,0.063206507
2026-08-12 02:00:00,76.3956,76.51025,76.3881,76.3905,0.0
2026-08-12 03:00:00,76.44,76.44,76.2244,76.335,0.0
2026-08-12 04:00:00,76.3895,76.4553,76.2265,76.23,0.0
2026-08-12 05:00:00,76.18815,76.2968,76.14295,76.259,0.0
2026-08-12 06:00:00,76.29,76.29,75.94,75.9739,0.0
2026-08-12 07:00:00,76.0211,76.16525,75.8826,76.16525,0.0
2026-08-12 08:00:00,76.2188,76.37985,76.094,76.094,0.0
2026-08-12 09:00:00,76.06425,76.805,76.06425,76.6753,0.126077778
2026-08-12 10:00:00,76.741,76.8045,76.6172,76.71,0.078328981
2026-08-12 11:00:00,76.7429,76.771,76.6507,76.75435,0.035728256
2026-08-12 12:00:00,76.7646,77.16,76.3309,76.57,0.097524187
2026-08-12 13:00:00,76.545,76.56995,76.007,76.175,0.217887656
2026-08-12 14:00:00,76.11985,76.1675,75.3655,75.379,0.0
2026-08-12 15:00:00,75.39875,75.77025,75.31275,75.6455,0.0
2026-08-12 16:00:00,75.6808,75.76535,75.4865,75.6109,0.0
2026-08-12 17:00:00,75.645,75.9545,75.611,75.83235,0.0
2026-08-12 18:00:00,75.88,75.984,75.7925,75.8345,0.0
2026-08-12 19:00:00,75.87645,75.9265,75.5,75.66835,0.0
2026-08-12 20:00:00,75.705,75.899,75.6649,75.83,0.0
2026-08-12 21:00:00,75.847,75.88855,75.38,75.38,0.0
2026-08-12 22:00:00,75.4222,75.5625,75.31,75.45815,0.0
2026-08-12 23:00:00,75.4725,75.555,75.345,75.555,0.0
2026-08-13 00:00:00,75.51785,75.7667,75.5015,75.5475,0.0
2026-08-13 01:00:00,75.48355,75.7045,75.41295,75.562,0.0
2026-08-13 02:00:00,75.53515,75.894,75.45,75.894,0.0
2026-08-13 03:00:00,75.9465,76.2315,75.9465,76.1435,0.0
2026-08-13 04:00:00,76.18605,76.18605,75.9535,76.0745,0.0
2026-08-13 05:00:00,76.04325,76.4992,76.04325,76.46755,0.0
2026-08-13 06:00:00,76.43,76.43785,76.2594,76.41735,0.0
2026-08-13 07:00:00,76.4391,76.4391,76.335,76.351,0.0
2026-08-13 08:00:00,76.38155,76.38155,76.1077,76.1585,0.0
2026-08-13 09:00:00,76.1015,76.1015,75.85105,76.0755,0.0
2026-08-13 10:00:00,76.03005,76.04,75.63535,75.69305,0.034956794
2026-08-13 11:00:00,75.6525,75.6525,75.4986,75.57175,0.0
2026-08-13 12:00:00,75.6075,76.0265,75.6075,76.0265,0.0
2026-08-13 13:00:00,76.07475,76.2725,75.9855,76.10205,0.0
2026-08-13 14:00:00,76.0538,76.485,76.0538,76.3975,0.0
2026-08-13 15:00:00,76.442,76.442,75.6029,75.6029,0.0
2026-08-13 16:00:00,75.588,75.7775,75.04465,75.53195,0.026831484
2026-08-13 17:00:00,75.4955,75.83755,75.492,75.7254,0.0
2026-08-13 18:00:00,75.67265,76.029,75.60635,75.95,0.0
2026-08-13 19:00:00,75.9795,76.167,75.9437,76.1025,0.0
2026-08-13 20:00:00,76.124,76.2407,76.09635,76.13125,0.0
2026-08-13 21:00:00,76.18675,76.2245,76.049,76.1453,0.0
2026-08-13 22:00:00,76.165,76.3535,76.165,76.185,0.0
2026-08-13 23:00:00,76.1391,76.18295,76.081,76.18295,0.0
2026-08-14 00:00:00,76.2282,76.2282,75.927,75.9987,0.0
2026-08-14 01:00:00,75.9605,76.08,75.84945,76.02435,0.0
2026-08-14 02:00:00,75.99835,76.1227,75.9393,75.97045,0.0
2026-08-14 03:00:00,75.91715,75.981,75.6645,75.7028,0.066002679
2026-08-14 04:00:00,75.665,75.95095,75.665,75.7482,0.0
2026-08-14 05:00:00,75.79,75.8875,75.738,75.83955,0.0
2026-08-14 06:00:00,75.7788,75.7788,75.4378,75.45805,0.099407622
2026-08-14 07:00:00,75.436,75.6525,75.436,75.5399,0.0
2026-08-14 08:00:00,75.58805,75.76,75.492,75.7565,0.0
2026-08-14 09:00:00,75.7043,75.725,75.38365,75.418,0.066874553
2026-08-14 10:00:00,75.366,75.565,75.27105,75.325,0.0
2026-08-14 11:00:00,75.3595,75.521,75.3595,75.4383,0.0
2026-08-14 12:00:00,75.475,75.50705,75.27,75.351,0.0
2026-08-14 13:00:00,75.39005,75.39175,75.178,75.262,0.0
2026-08-14 14:00:00,75.31,75.3105,74.99525,75.2047,0.0
2026-08-14 15:00:00,75.23315,75.679,75.14885,75.6,0.0
2026-08-14 16:00:00,75.54065,75.599,75.40475,75.40475,0.0
2026-08-14 17:00:00,75.44245,75.585,75.1165,75.1767,0.066189528
2026-08-14 18:00:00,75.22115,75.22115,74.8645,74.914,0.026728234
2026-08-14 19:00:00,74.873,74.99015,74.6178,74.9243,0.066941798
2026-08-14 20:00:00,74.8915,75.1551,74.8915,75.06,0.0
2026-08-14 21:00:00,75.11,75.14285,75.0422,75.0907,0.0
2026-08-14 22:00:00,75.059,75.17955,74.9,75.0702,0.0
2026-08-14 23:00:00,75.1323,75.33295,75.08975,75.3225,0.0
2026-08-15 00:00:00,75.28445,75.3303,75.27895,75.29825,0.0
2026-08-15 01:00:00,75.24,75.369,75.24,75.3175,0.0
2026-08-15 02:00:00,75.374,75.6,75.374,75.5735,0.0
2026-08-15 03:00:00,75.6215,75.6215,75.3486,75.34905,0.0
2026-08-15 04:00:00,75.38695,75.512,75.2892,75.4915,0.0
2026-08-15 05:00:00,75.45,75.481,75.2543,75.2543,0.066320103
2026-08-15 06:00:00,75.30485,75.4025,75.21705,75.3716,0.0
2026-08-15 07:00:00,75.335,75.365,75.1182,75.1182,0.130169483
2026-08-15 08:00:00,75.184,75.20055,75.03215,75.03215,0.081325728
2026-08-15 09:00:00,75.0101,75.1455,75.0101,75.1455,0.0
2026-08-15 10:00:00,75.195,75.24925,75.1598,75.185,0.0
2026-08-15 11:00:00,75.15,75.1965,75.15,75.1965,0.0
2026-08-15 12:00:00,75.1575,75.3125,75.1575,75.3125,0.0
2026-08-15 13:00:00,75.3509,75.49,75.3509,75.49,0.086124255
2026-08-15 14:00:00,75.505,75.505,75.3788,75.39,0.065085226
2026-08-15 15:00:00,75.39,75.45635,75.32,75.40045,0.0
2026-08-15 16:00:00,75.3875,75.41905,75.3389,75.41905,0.0
2026-08-15 17:00:00,75.45835,75.562,75.45835,75.55655,0.0
2026-08-15 18:00:00,75.523,75.523,75.44925,75.4985,0.0
2026-08-15 19:00:00,75.4442,75.4442,75.4442,75.4442,0.0
2026-08-15 20:00:00,75.396,75.495,75.34155,75.4425,0.0
2026-08-15 21:00:00,75.47,75.64625,75.47,75.5765,0.0
2026-08-15 22:00:00,75.61,75.61,75.5005,75.52525,0.0
2026-08-15 23:00:00,75.475,75.475,75.255,75.2819,0.0
2026-08-16 00:00:00,75.2387,75.405,75.2133,75.3917,0.0
2026-08-16 01:00:00,75.352,75.405,75.24,75.3418,0.0
2026-08-16 02:00:00,75.37,75.571,75.192,75.4655,0.066164697
2026-08-16 03:00:00,75.5165,75.54585,75.515,75.515,0.0
2026-08-16 04:00:00,75.483,75.495,75.43,75.43485,0.0
2026-08-16 05:00:00,75.43,75.4392,75.27,75.2731,0.0980332
2026-08-16 06:00:00,75.3135,75.424,75.2144,75.3041,0.0
2026-08-16 07:00:00,75.339,75.3881,75.339,75.38545,0.0
2026-08-16 08:00:00,75.33805,75.37795,75.33805,75.37795,0.0
2026-08-16 09:00:00,75.3356,75.3571,75.1899,75.2433,0.038226705
2026-08-16 10:00:00,75.2005,75.2005,75.115,75.19815,0.031790369
2026-08-16 11:00:00,75.24475,75.24475,75.14965,75.1947,0.0
2026-08-16 12:00:00,75.165,75.19735,75.148,75.148,0.0
2026-08-16 13:00:00,75.194,75.3175,75.194,75.237,0.033328907
2026-08-16 14:00:00,75.202,75.3,75.202,75.3,0.0
2026-08-16 15:00:00,75.35,75.5432,75.35,75.49875,0.0
2026-08-16 16:00:00,75.4665,75.6165,75.415,75.4766,0.0
2026-08-16 17:00:00,75.505,75.50585,75.23405,75.23405,0.0
2026-08-16 18:00:00,75.1926,75.1926,74.95445,75.133,0.0
2026-08-16 19:00:00,75.165,75.281,75.11035,75.1445,0.0
2026-08-16 20:00:00,75.188,75.23455,74.91315,74.9642,0.0
2026-08-16 21:00:00,74.9046,75.0034,74.10935,74.25955,0.0
2026-08-16 22:00:00,74.225,74.425,74.1217,74.41055,0.0
2026-08-16 23:00:00,74.43835,74.5507,74.413,74.5507,0.0
2026-08-17 00:00:00,74.51775,74.6344,74.38805,74.55855,0.034788448
2026-08-17 01:00:00,74.5208,75.239,74.5208,75.0315,0.0
2026-08-17 02:00:00,75.071,75.485,74.992,75.411,0.0
2026-08-17 03:00:00,75.4559,75.488,75.4015,75.4412,0.0
2026-08-17 04:00:00,75.47035,75.5363,75.435,75.485,0.0
2026-08-17 05:00:00,75.44975,75.52095,75.333,75.333,0.0
2026-08-17 06:00:00,75.29,75.9,75.29,75.768,0.098949892
2026-08-17 07:00:00,75.8025,75.847,75.67,75.716,0.0
2026-08-17 08:00:00,75.683,75.683,75.13365,75.161,0.0
2026-08-17 09:00:00,75.2035,75.318,75.1975,75.28795,0.0
2026-08-17 10:00:00,75.3275,75.73095,75.23995,75.6745,0.0
2026-08-17 11:00:00,75.715,75.83805,75.6116,75.6116,0.0
2026-08-17 12:00:00,75.5735,75.62,75.26,75.365,0.032684927
2026-08-17 13:00:00,75.343,75.69,75.22,75.5397,0.0
2026-08-17 14:00:00,75.4891,75.905,75.4432,75.894,0.0
2026-08-17 15:00:00,75.8595,76.13605,75.73515,76.0222,0.019757639
2026-08-17 16:00:00,75.9848,76.078,75.869,75.93375,0.0
2026-08-17 17:00:00,75.9081,76.01855,75.654,75.88,0.034264628
2026-08-17 18:00:00,75.821,76.1,75.77825,75.8366,0.0
2026-08-17 19:00:00,75.81,75.8795,75.695,75.7295,0.0
2026-08-17 20:00:00,75.695,76.00265,75.6095,75.93295,0.0
2026-08-17 21:00:00,75.9653,75.97,75.82935,75.8775,0.0
2026-08-17 22:00:00,75.921,75.94825,75.6533,75.6533,0.065895687
2026-08-17 23:00:00,75.68215,76.035,75.68215,75.9787,0.0
2026-08-18 00:00:00,75.93,76.00695,75.808,75.9647,0.0
2026-08-18 01:00:00,75.92955,75.92955,75.55175,75.55175,0.0
2026-08-18 02:00:00,75.575,75.575,75.162,75.19175,0.0
2026-08-18 03:00:00,75.23865,75.42575,75.23865,75.419,0.0
2026-08-18 04:00:00,75.39465,75.72245,75.34155,75.72245,0.0
2026-08-18 05:00:00,75.6985,75.876,75.51525,75.6725,0.0
2026-08-18 06:00:00,75.6395,75.93985,75.6,75.9014,0.0
2026-08-18 07:00:00,75.9455,76.177,75.901,76.01685,0.0
2026-08-18 08:00:00,75.987,76.0927,75.788,76.0927,0.0
2026-08-18 09:00:00,76.0555,76.0555,75.81205,75.8496,0.0
2026-08-18 10:00:00,75.8955,75.8955,75.725,75.76695,0.0
2026-08-18 11:00:00,75.81015,76.37,75.81015,76.2285,0.019656663
2026-08-18 12:00:00,76.263,76.395,76.1925,76.1925,0.0
2026-08-18 13:00:00,76.15975,76.2078,75.99795,76.15295,0.0
2026-08-18 14:00:00,76.13695,77.241,76.073,76.718,0.158325078
2026-08-18 15:00:00,76.748,77.17485,76.748,77.14925,0.0
2026-08-18 16:00:00,77.17985,77.254,76.80825,77.01805,0.078437849
2026-08-18 17:00:00,76.9595,76.9642,76.843,76.843,0.0
2026-08-18 18:00:00,76.882,77.23655,76.882,77.2143,0.0
2026-08-18 19:00:00,77.1705,77.3245,77.04835,77.13665,0.0
2026-08-18 20:00:00,77.0904,77.148,76.72245,76.8405,0.0
2026-08-18 21:00:00,76.8745,77.044,76.8745,76.9545,0.0
2026-08-18 22:00:00,76.9096,77.14095,76.881,76.9165,0.0
2026-08-18 23:00:00,76.954,77.17415,76.954,76.9985,0.0
2026-08-19 00:00:00,77.0555,77.0555,76.77685,76.9015,0.115878485
2026-08-19 01:00:00,76.8865,77.002,76.658,76.74855,0.034603496
2026-08-19 02:00:00,76.685,76.85635,76.6535,76.73975,0.0
2026-08-19 03:00:00,76.7033,77.015,76.643,76.938,0.0
2026-08-19 04:00:00,76.9683,77.0525,76.7749,76.8095,0.0
2026-08-19 05:00:00,76.85985,76.9631,76.73915,76.73915,0.0
2026-08-19 06:00:00,76.769,77.0635,76.617,77.0215,0.0
2026-08-19 07:00:00,76.97325,77.01695,76.8889,76.8889,0.0
2026-08-19 08:00:00,76.8575,77.56,76.8575,77.35235,0.080642981
2026-08-19 09:00:00,77.3352,77.40275,77.17115,77.255,0.0
2026-08-19 10:00:00,77.24,77.294,77.18155,77.29165,0.216829984
2026-08-19 11:00:00,77.32875,77.533,77.32875,77.4615,0.0
2026-08-19 12:00:00,77.41055,78.70025,77.38125,78.3375,0.154073343
2026-08-19 13:00:00,78.29015,78.63615,78.1425,78.35115,0.035395976
2026-08-19 14:00:00,78.3885,80.9225,78.3159,80.8184,0.105676408
2026-08-19 15:00:00,80.871,82.86345,80.64395,81.8108,0.092951592
2026-08-19 16:00:00,81.87165,82.327,81.5505,81.5506,0.22772998
2026-08-19 17:00:00,81.6123,81.6585,81.01035,81.61,0.040192331
2026-08-19 18:00:00,81.65095,82.26905,81.2514,82.26905,0.060332682
2026-08-19 19:00:00,82.225,82.4865,82.0256,82.34445,0.0
2026-08-19 20:00:00,82.377,84.215,82.2819,83.687,0.054856031
2026-08-19 21:00:00,83.73225,87.17855,83.7204,86.5925,0.151059337
2026-08-19 22:00:00,86.636,86.76765,84.90845,85.44335,0.060311511
2026-08-19 23:00:00,85.4761,85.665,85.03865,85.348,0.107850866
2026-08-20 00:00:00,85.305,85.7395,84.8525,84.954,0.139318548
2026-08-20 01:00:00,84.9005,85.3564,84.60325,85.295,0.076720658
2026-08-20 02:00:00,85.3205,85.3775,84.6585,84.74415,0.171498964
2026-08-20 03:00:00,84.7086,84.7086,83.982,84.5015,0.057924661
2026-08-20 04:00:00,84.5,84.8619,84.37,84.7785,0.029585798
2026-08-20 05:00:00,84.81845,84.98475,84.7675,84.87745,0.031327287
2026-08-20 06:00:00,84.8445,85.865,84.66,85.8318,0.0
2026-08-20 07:00:00,85.79615,86.10715,85.73065,86.10715,0.105791642
2026-08-20 08:00:00,86.1509,87.922,85.999,87.4385,0.134559666
2026-08-20 09:00:00,87.487,87.736,87.0469,87.29945,0.0
2026-08-20 10:00:00,87.2592,87.73845,86.9424,87.40865,0.0
2026-08-20 11:00:00,87.34495,88.01915,87.045,87.1655,0.0
2026-08-20 12:00:00,87.20495,87.329,86.4646,86.97055,0.0
2026-08-20 13:00:00,87.0323,87.395,86.1825,86.48,0.0
2026-08-20 14:00:00,86.4365,86.7545,86.08615,86.54,0.0
2026-08-20 15:00:00,86.577,87.39565,86.577,87.27325,0.0
2026-08-20 16:00:00,87.2415,87.8025,86.8435,87.7343,0.0
2026-08-20 17:00:00,87.6665,87.8625,87.2868,87.5195,0.0
2026-08-20 18:00:00,87.5415,87.654,86.686,86.8705,0.0
2026-08-20 19:00:00,86.9216,87.52,86.856,87.3205,0.135251913
2026-08-20 20:00:00,87.26535,87.6132,87.24835,87.5601,0.056544382
2026-08-20 21:00:00,87.59815,87.818,87.41465,87.4836,0.098000691
2026-08-20 22:00:00,87.4546,87.5354,87.203,87.203,0.19888505
2026-08-20 23:00:00,87.2382,87.9562,87.2382,87.63035,0.061238362
2026-08-21 00:00:00,87.68415,88.76765,87.57,88.2,0.038355714
2026-08-21 01:00:00,88.145,89.4491,88.1104,88.9761,0.0
2026-08-21 02:00:00,88.9322,90.1271,88.467,89.19,0.309104528
2026-08-21 03:00:00,89.2387,89.494,88.7261,89.0937,0.026896783
2026-08-21 04:00:00,89.1296,89.445,88.845,89.4245,0.0
2026-08-21 05:00:00,89.3794,90.6565,89.14735,90.40355,0.144519696
2026-08-21 06:00:00,90.346,91.23265,89.75,90.203,0.262330888
2026-08-21 07:00:00,90.15,91.11,89.905,90.335,0.134538023
2026-08-21 08:00:00,90.37355,93.3299,90.3395,93.256,0.0
2026-08-21 09:00:00,93.1904,93.30795,90.2915,91.6465,0.0
2026-08-21 10:00:00,91.6819,91.685,90.849,91.4609,0.0
2026-08-21 11:00:00,91.4368,91.57,89.9695,90.25885,0.0
2026-08-21 12:00:00,90.30135,91.085,89.9882,90.8557,0.0
2026-08-21 13:00:00,90.7815,91.3295,89.8,91.06635,0.0
2026-08-21 14:00:00,90.99445,91.905,90.562,91.85465,0.0
2026-08-21 15:00:00,91.83,92.0965,91.20445,91.33445,0.0
2026-08-21 16:00:00,91.3697,91.8547,90.7297,91.58415,0.0
2026-08-21 17:00:00,91.54305,91.94395,91.16065,91.785,0.0
2026-08-21 18:00:00,91.7305,92.038,91.075,91.5605,0.384640261
2026-08-21 19:00:00,91.5113,91.5113,90.7549,90.93,0.0
2026-08-21 20:00:00,90.862,91.95,90.5985,91.8165,0.0
2026-08-21 21:00:00,91.76485,93.81695,91.644,93.741,0.0
2026-08-21 22:00:00,93.79335,94.636,93.33895,94.26895,0.0
2026-08-21 23:00:00,94.31,94.9419,93.365,93.70645,0.0
2026-08-22 00:00:00,93.67,94.3771,92.845,93.8875,0.0
2026-08-22 01:00:00,93.8352,94.40875,93.4905,93.679,0.0
2026-08-22 02:00:00,93.7237,95.775,93.7129,95.6385,0.0
2026-08-22 03:00:00,95.6,97.555,95.4896,96.7924,0.0
2026-08-22 04:00:00,96.8279,102.665,96.152,99.14455,0.049726504
2026-08-22 05:00:00,99.07875,99.9565,88.16945,94.1465,0.0
2026-08-22 06:00:00,94.10135,95.08325,93.0455,94.29265,0.0
2026-08-22 07:00:00,94.2476,95.5035,94.0473,94.4585,0.0
2026-08-22 08:00:00,94.425,94.985,93.0743,94.0725,0.0
2026-08-22 09:00:00,94.115,94.525,92.9875,93.905,0.0
2026-08-22 10:00:00,93.96,93.96,91.3385,92.87905,0.0
2026-08-22 11:00:00,92.9125,93.4787,92.5664,93.26725,0.0
2026-08-22 12:00:00,93.2472,94.31635,93.1483,93.848,0.0
2026-08-22 13:00:00,93.8859,94.2082,93.5785,94.1579,0.0
2026-08-22 14:00:00,94.196,94.2461,92.9035,93.2475,0.0
2026-08-22 15:00:00,93.2065,93.5473,92.846,93.05,0.0
2026-08-22 16:00:00,93.1164,94.63,93.09175,94.2923,0.0
2026-08-22 17:00:00,94.318,94.5375,93.76315,94.2419,0.0
2026-08-22 18:00:00,94.2944,94.519,94.025,94.49055,0.0
2026-08-22 19:00:00,94.4276,94.805,94.27725,94.5065,0.0
2026-08-22 20:00:00,94.5315,94.73805,94.3332,94.41285,0.0
2026-08-22 21:00:00,94.3864,94.3864,92.73435,92.848,0.0
2026-08-22 22:00:00,92.805,93.9809,92.635,93.6059,0.0
2026-08-22 23:00:00,93.538,93.9676,93.36695,93.82625,0.0
2026-08-23 00:00:00,93.874,97.15855,93.6114,96.349,0.0
2026-08-23 01:00:00,96.26,96.5245,95.628,95.9952,0.0
2026-08-23 02:00:00,96.035,96.24505,94.13435,94.84265,0.0
2026-08-23 03:00:00,94.8955,94.9865,93.4295,93.686,0.0
2026-08-23 04:00:00,93.7583,94.03,92.2205,92.548,0.0
2026-08-23 05:00:00,92.51355,93.27275,91.59575,92.296,0.0
2026-08-23 06:00:00,92.34,92.75485,91.7665,92.219,0.0
2026-08-23 07:00:00,92.1862,92.945,92.1308,92.433,0.0
2026-08-23 08:00:00,92.37645,93.45245,92.3386,93.195,0.0
2026-08-23 09:00:00,93.17945,93.5345,92.945,93.325,0.0
2026-08-23 10:00:00,93.2615,94.0862,93.2615,93.6068,0.0
2026-08-23 11:00:00,93.649,94.76245,93.55015,94.64015,0.0
2026-08-23 12:00:00,94.5704,94.7558,94.082,94.5738,0.0
2026-08-23 13:00:00,94.6225,95.784,94.6225,95.3735,0.0
2026-08-23 14:00:00,95.425,95.669,93.52615,95.002,0.0
2026-08-23 15:00:00,95.05695,95.8567,94.663,95.33765,0.0
2026-08-23 16:00:00,95.4126,95.68335,95.13625,95.4305,0.0
2026-08-23 17:00:00,95.45715,95.4975,94.8004,95.11455,0.0
2026-08-23 18:00:00,95.05,95.42565,94.9642,95.26205,0.0
2026-08-23 19:00:00,95.305,95.46265,94.865,95.052,0.0
2026-08-23 20:00:00,94.985,95.37175,94.795,95.0335,0.0
2026-08-23 21:00:00,95.0595,96.1896,95.0595,95.3655,0.0
2026-08-23 22:00:00,95.42135,95.7333,94.7925,95.5716,0.0
2026-08-23 23:00:00,95.61695,95.866,95.0237,95.422,0.0
2026-08-24 00:00:00,95.3735,95.516,93.9955,95.516,0.0
2026-08-24 01:00:00,95.46415,95.49955,93.79,93.83735,0.0
2026-08-24 02:00:00,93.89,95.0285,93.721,94.58045,0.0
2026-08-24 03:00:00,94.54005,94.6197,93.5162,93.655,0.0
2026-08-24 04:00:00,93.696,94.3483,93.675,94.1984,0.0
2026-08-24 05:00:00,94.1585,94.6178,93.4825,94.2745,0.0
2026-08-24 06:00:00,94.3169,94.636,93.8454,94.54565,0.0
2026-08-24 07:00:00,94.47555,95.395,94.005,94.07715,0.0
2026-08-24 08:00:00,94.127,94.3381,93.245,93.9143,0.0
2026-08-24 09:00:00,93.86505,94.84735,93.86505,94.6806,0.0
2026-08-24 10:00:00,94.59905,95.0295,94.5602,94.713,0.0
2026-08-24 11:00:00,94.6555,96.315,94.265,95.8085,0.0
2026-08-24 12:00:00,95.74025,96.5755,94.39115,96.2212,0.0
2026-08-24 13:00:00,96.282,96.48905,94.2522,95.0465,0.0
2026-08-24 14:00:00,94.9906,96.6768,94.7992,96.037,0.0
2026-08-24 15:00:00,96.12135,97.57805,95.98495,96.4026,0.0
2026-08-24 16:00:00,96.46165,97.5925,95.8275,96.03865,0.0
2026-08-24 17:00:00,96.014,96.194,94.83075,95.4235,0.0
2026-08-24 18:00:00,95.44955,96.4235,95.4134,95.90255,0.0
2026-08-24 19:00:00,95.9325,96.615,95.42025,96.53545,0.0
2026-08-24 20:00:00,96.57,96.756,95.744,96.4973,0.0
2026-08-24 21:00:00,96.5451,97.56025,96.5451,97.4995,0.0
2026-08-24 22:00:00,97.447,98.65335,97.20195,97.425,0.0
2026-08-24 23:00:00,97.47,98.97235,97.3075,98.97235,0.0
2026-08-25 00:00:00,98.91955,102.687,98.567,101.7345,0.0
2026-08-25 01:00:00,101.812,102.55,100.119,100.45,0.0
2026-08-25 02:00:00,100.4235,102.28,100.2115,100.9045,0.0
2026-08-25 03:00:00,100.949,101.9805,100.871,101.56,0.0
2026-08-25 04:00:00,101.624,101.7,100.84,101.299,0.0
2026-08-25 05:00:00,101.343,102.915,101.2415,101.8555,0.0
2026-08-25 06:00:00,101.94,101.97,100.449,100.7385,0.0
2026-08-25 07:00:00,100.68,101.9255,99.521,100.218,0.0
2026-08-25 08:00:00,100.25,101.065,99.692,100.3365,0.0
2026-08-25 09:00:00,100.36,100.645,99.3266,99.775,0.0
2026-08-25 10:00:00,99.83315,99.835,99.0885,99.635,0.0
2026-08-25 11:00:00,99.5791,99.68045,98.51095,98.5675,0.0
2026-08-25 12:00:00,98.5835,98.78635,97.492,98.59,0.0
2026-08-25 13:00:00,98.615,98.7975,96.23285,97.10795,0.0
2026-08-25 14:00:00,97.1634,98.367,96.886,98.20375,0.0
2026-08-25 15:00:00,98.1469,98.5047,97.6314,98.3675,0.0
2026-08-25 16:00:00,98.3175,98.6793,97.8093,98.195,0.0
2026-08-25 17:00:00,98.1402,98.2035,97.4434,98.18,0.0
2026-08-25 18:00:00,98.1535,98.8202,98.0857,98.54025,0.0
2026-08-25 19:00:00,98.49195,98.6405,97.515,97.9375,0.0
2026-08-25 20:00:00,97.995,98.04785,96.65785,96.71205,0.0
2026-08-25 21:00:00,96.7444,97.2375,95.487,97.184,0.0
2026-08-25 22:00:00,97.226,97.745,97.1535,97.26195,0.0
2026-08-25 23:00:00,97.20305,97.4089,96.404,96.595,0.0
2026-08-26 00:00:00,96.651,96.93,96.2067,96.655,0.348446
2026-08-26 01:00:00,96.69,97.2505,96.69,96.99325,0.0
2026-08-26 02:00:00,97.0458,97.5385,96.78085,97.2815,0.0
2026-08-26 03:00:00,97.2157,97.32785,96.82875,97.0726,0.0
2026-08-26 04:00:00,97.0175,97.2756,96.5452,96.61005,0.157565933
2026-08-26 05:00:00,96.6565,97.1907,96.2405,97.07395,0.0
2026-08-26 06:00:00,97.135,97.28525,96.53355,96.751,0.0
2026-08-26 07:00:00,96.71,97.1164,96.6819,96.9447,0.0
2026-08-26 08:00:00,96.9965,97.3515,96.7068,96.781,0.0
2026-08-26 09:00:00,96.815,96.9905,95.8244,96.1745,0.0
2026-08-26 10:00:00,96.123,97.8405,96.01305,97.48015,0.0
2026-08-26 11:00:00,97.4375,97.63275,96.70755,97.0117,0.0
2026-08-26 12:00:00,97.0502,97.534,96.12905,97.0537,0.0
2026-08-26 13:00:00,96.9817,97.2025,95.8548,96.557,0.0
2026-08-26 14:00:00,96.5005,96.9485,95.4434,95.45745,0.0
2026-08-26 15:00:00,95.51345,96.3039,95.0267,95.9185,0.0
2026-08-26 16:00:00,95.98285,96.1318,95.5,95.952,0.0
2026-08-26 17:00:00,95.9875,97.2335,95.87575,96.93905,0.0
2026-08-26 18:00:00,97.0121,97.1269,96.685,96.84615,0.0
2026-08-26 19:00:00,96.81,96.88425,96.35,96.8069,0.0
2026-08-26 20:00:00,96.7705,97.04355,96.3286,96.9045,0.0
2026-08-26 21:00:00,96.9566,98.309,96.912,98.257,0.0
2026-08-26 22:00:00,98.1862,100.8865,98.09895,99.7026,0.0
2026-08-26 23:00:00,99.653,102.4305,99.56,102.095,0.0
2026-08-27 00:00:00,102.135,102.135,100.61,100.61,0.0
2026-08-27 01:00:00,100.65,101.8665,100.545,101.453,0.0
2026-08-27 02:00:00,101.532,101.891,100.89,101.135,0.0
2026-08-27 03:00:00,101.165,101.765,100.889,101.0365,0.0
2026-08-27 04:00:00,101.071,101.503,100.6655,101.0365,0.10769316
2026-08-27 05:00:00,101.104,102.182,100.7645,102.0465,0.0
2026-08-27 06:00:00,101.962,101.962,100.8755,101.25,0.0
2026-08-27 07:00:00,101.2185,102.089,101.045,101.747,0.0
2026-08-27 08:00:00,101.799,105.05,101.7475,104.684,0.0
2026-08-27 09:00:00,104.615,105.7,104.115,104.404,0.0
2026-08-27 10:00:00,104.35,105.01,103.1175,104.11,0.0
2026-08-27 11:00:00,104.055,104.8905,103.44,103.955,0.0
2026-08-27 12:00:00,104.0165,104.763,103.99,104.426,0.0
2026-08-27 13:00:00,104.386,106.279,104.1675,106.075,0.0
2026-08-27 14:00:00,106.05,107.945,105.25,106.8165,0.0
2026-08-27 15:00:00,106.8495,107.946,106.55,107.24,0.0
2026-08-27 16:00:00,107.305,109.46,106.9345,108.9265,0.0
2026-08-27 17:00:00,109.0095,109.56,107.815,108.205,0.0
2026-08-27 18:00:00,108.2795,108.3845,106.7035,108.3845,0.0
2026-08-27 19:00:00,108.325,109.902,108.325,109.43,0.0
2026-08-27 20:00:00,109.345,109.795,108.4605,109.045,0.0
2026-08-27 21:00:00,109.075,109.1525,108.25,108.7885,0.0
2026-08-27 22:00:00,108.84,110.5525,108.84,109.224,0.0
2026-08-27 23:00:00,109.15,110.0465,108.95,109.1395,0.0
2026-08-28 00:00:00,109.195,110.0455,108.75,109.15,0.0
